Contact	Latencies
500	NaN
1000	NaN
1500	NaN
2000	2553.0000
2500	2553.0000
3000	4074.3333
3500	4486.5000
4000	4908.8000
4500	4908.8000
5000	6271.8333
5500	7339.8000
6000	8669.3529
6500	9121.2174
7000	9648.4400
7500	9877.4138
8000	9987.2121
8500	10455.7500
9000	10600.5946
9500	10850.1190
10000	10710.7333
10500	10580.5435
11000	10337.6458
11500	10426.6400
12000	10457.5926
12500	10314.8182
13000	10459.2931
13500	10580.6230
14000	10553.3906
14500	10483.3030
15000	10530.3099
15500	10463.3611
16000	10323.0260
16500	10273.1446
17000	10345.4023
17500	10332.6957
18000	10341.1616
18500	10304.2647
19000	10460.3738
19500	10412.1852
20000	10468.5575
20500	10522.9130
21000	10502.9153
21500	10517.0672
22000	10237.3769
22500	10231.5338
23000	10269.6131
23500	10357.7143
24000	10424.0769
24500	10380.0625
25000	10368.5342
25500	10428.0000
26000	10519.6497
26500	10466.0994
27000	10500.8037
27500	10606.5090
28000	10564.6529
28500	10540.3488
29000	10610.7288
29500	10665.5714
30000	10635.6033
30500	10602.9462
31000	10611.8396
31500	10660.6474
32000	10624.9375
32500	10584.7692
33000	10651.2741
33500	10650.5900
34000	10649.3431
34500	10599.4927
35000	10658.0813
35500	10609.0952
36000	10631.3505
36500	10647.5753
37000	10666.4099
37500	10728.0965
38000	10664.5758
38500	10652.1350
39000	10702.8843
39500	10700.1020
40000	10694.1781
40500	10710.3400
41000	10716.1797
41500	10783.7348
42000	10799.0632
42500	10814.5387
43000	10837.7076
43500	10852.4542
44000	10905.8955
44500	10878.8660
45000	10875.5529
45500	10856.1515
46000	10909.5648
46500	10977.8824
47000	11012.0874
47500	11029.1710
48000	11011.8658
48500	11017.7357
49000	11010.7736
49500	10987.2875
50000	11055.3098
50500	11073.5000
51000	11041.7259
51500	11036.8179
52000	11031.9586
52500	11021.2353
53000	11005.7965
53500	11054.0946
54000	11013.8873
54500	10985.7395
55000	11004.1927
55500	11007.6852
56000	10980.2403
56500	10915.3488
57000	10909.0705
57500	10911.3774
58000	10920.4827
58500	10901.5160
59000	10934.5789
59500	10946.7953
60000	10956.6864
60500	10968.3503
61000	10960.3769
61500	10940.7643
62000	10952.5946
62500	10908.2349
63000	10914.4506
63500	10936.8568
64000	10922.2299
64500	10946.4312
65000	10955.1705
65500	10984.4279
66000	10957.3485
66500	10945.5463
67000	10953.9821
67500	10964.4509
68000	10936.6070
68500	10914.4784
69000	10935.8362
69500	10942.5451
70000	10991.1423
70500	11003.5263
71000	11005.3718
71500	11026.8347
72000	11047.6466
72500	11026.2020
73000	11034.5000
73500	11007.7117
74000	11015.2986
74500	11003.9563
75000	11005.0356
75500	11025.1863
76000	11018.8113
76500	11011.1667
77000	11011.1667
77500	11015.1977
78000	11035.2229
78500	11046.8843
79000	11067.6874
79500	11086.0826
80000	11059.8022
80500	11084.2348
81000	11075.3766
81500	11084.0510
82000	11075.4105
82500	11083.4357
83000	11083.4357
83500	11071.6057
84000	11075.8973
84500	11100.9508
85000	11115.4539
85500	11140.4948
86000	11141.1027
86500	11142.3949
87000	11152.1554
87500	11140.5825
88000	11154.1824
88500	11154.1824
89000	11169.8155
89500	11175.4477
90000	11170.5032
90500	11195.3019
91000	11200.3010
91500	11205.2552
92000	11198.4088
92500	11189.9375
93000	11170.3022
93500	11170.6398
94000	11185.8963
94500	11204.9816
95000	11215.5471
95500	11218.8543
96000	11211.8567
96500	11206.1038
97000	11230.6398
97500	11231.5348
98000	11209.6417
98500	11197.5650
99000	11178.5859
99500	11168.8619
100000	11161.5036
100500	11164.4842
101000	11182.7457
101500	11187.9189
102000	11212.7768
102500	11207.2708
103000	11199.2384
103500	11230.7573
104000	11229.5677
104500	11229.5677
105000	11238.5545
105500	11247.3333
106000	11236.8422
106500	11215.9741
107000	11204.1206
107500	11201.5710
108000	11200.6466
108500	11199.8573
109000	11229.2427
109500	11222.6354
110000	11232.1577
110500	11240.2703
111000	11246.2163
111500	11246.2163
112000	11250.4654
112500	11261.2425
113000	11273.5494
113500	11273.5796
114000	11270.7542
114500	11242.2008
115000	11256.8856
115500	11270.2231
116000	11272.9532
116500	11280.3799
117000	11292.1278
117500	11273.8140
118000	11257.7531
118500	11281.9545
119000	11275.8542
119500	11267.5885
120000	11278.8603
120500	11282.6518
121000	11273.6413
121500	11267.0277
122000	11266.2818
122500	11273.3521
123000	11268.9463
123500	11253.1772
124000	11258.3765
124500	11276.6745
125000	11293.8920
125500	11297.9452
126000	11274.8552
126500	11261.3122
127000	11274.3846
127500	11281.6458
128000	11284.7803
128500	11294.5935
129000	11295.5291
129500	11287.3490
130000	11278.9006
130500	11289.0078
131000	11293.2619
131500	11294.7522
132000	11275.0747
132500	11273.8729
133000	11267.7672
133500	11273.3867
134000	11262.5637
134500	11265.1638
135000	11274.5087
135500	11269.4532
136000	11249.1799
136500	11249.8143
137000	11235.4289
137500	11245.6776
138000	11245.1926
138500	11238.8762
139000	11238.8762
139500	11241.3473
140000	11239.4901
140500	11238.2062
141000	11250.8128
141500	11251.5798
142000	11266.5015
142500	11249.2337
143000	11232.8016
143500	11234.3575
144000	11225.9869
144500	11245.6190
145000	11245.2050
145500	11240.5104
146000	11224.6067
146500	11219.9064
147000	11202.2083
147500	11205.1282
148000	11210.6943
148500	11219.2014
149000	11229.7751
149500	11229.7751
150000	11214.9317
150500	11212.0786
151000	11204.9029
151500	11205.3437
152000	11205.3437
152500	11214.0490
153000	11216.1579
153500	11224.5248
154000	11223.6378
154500	11212.1783
155000	11218.4237
155500	11219.8820
156000	11219.8820
156500	11219.8820
157000	11212.4392
157500	11201.5775
158000	11209.2290
158500	11205.2129
159000	11198.4396
159500	11198.4396
160000	11198.6168
160500	11198.6168
161000	11203.3960
161500	11206.0090
162000	11204.9901
162500	11210.8746
163000	11210.6804
163500	11212.1547
164000	11186.7150
164500	11184.6110
165000	11193.1661
165500	11196.0901
166000	11210.0392
166500	11212.9939
167000	11220.3400
167500	11227.6736
168000	11239.5398
168500	11242.7371
169000	11257.9768
169500	11266.8015
170000	11264.6416
170500	11249.7793
171000	11254.1867
171500	11248.5298
172000	11253.9356
172500	11251.2813
173000	11249.7113
173500	11249.2322
174000	11251.7949
174500	11241.5862
175000	11220.3842
175500	11224.6604
176000	11225.8545
176500	11210.2712
177000	11196.9106
177500	11182.3274
178000	11178.0227
178500	11173.9669
179000	11171.2413
179500	11159.2329
180000	11155.8242
180500	11156.9647
181000	11163.9249
181500	11165.7795
182000	11172.3076
182500	11169.3577
183000	11170.8098
183500	11177.3260
184000	11183.0275
184500	11182.3122
185000	11183.2518
185500	11180.0335
186000	11180.5307
186500	11185.1400
187000	11187.6744
187500	11191.9320
188000	11189.4807
188500	11203.6976
189000	11203.0803
189500	11221.6355
190000	11223.9507
190500	11232.9728
191000	11229.5068
191500	11223.6438
192000	11221.3168
192500	11229.4497
193000	11228.6896
193500	11219.1582
194000	11217.5183
194500	11226.5100
195000	11233.6748
195500	11229.5976
196000	11228.8935
196500	11221.3955
197000	11228.9854
197500	11216.5940
198000	11214.3617
198500	11207.0421
199000	11200.1773
199500	11198.9227
200000	11198.9227
200500	11198.5310
201000	11203.2678
201500	11205.7559
202000	11207.8338
202500	11223.0500
203000	11215.9829
203500	11202.2715
204000	11200.0957
204500	11217.5473
205000	11220.4045
205500	11222.3256
206000	11221.8069
206500	11211.6246
207000	11217.1946
207500	11212.5365
208000	11210.1424
208500	11213.4358
209000	11220.1303
209500	11220.5961
210000	11225.0607
210500	11218.4694
211000	11210.7565
211500	11221.9747
212000	11222.8265
212500	11218.5430
213000	11221.2761
213500	11221.2761
214000	11221.1089
214500	11212.7106
215000	11200.6946
215500	11212.2311
216000	11216.2273
216500	11216.4044
217000	11212.5244
217500	11212.1309
218000	11221.2101
218500	11210.6218
219000	11211.4483
219500	11217.4096
220000	11219.0039
220500	11222.7502
221000	11219.1290
221500	11226.8870
222000	11225.4455
222500	11231.3681
223000	11233.4146
223500	11225.2369
224000	11227.4420
224500	11220.9492
225000	11216.5476
225500	11220.1297
226000	11215.3338
226500	11212.0601
227000	11209.5983
227500	11213.1813
228000	11213.9797
228500	11213.6244
229000	11205.1858
229500	11205.9306
230000	11195.7990
230500	11193.1863
231000	11193.1863
231500	11198.0791
232000	11204.4561
232500	11215.2189
233000	11215.3015
233500	11227.0654
234000	11235.4724
234500	11220.0545
235000	11207.2783
235500	11208.2204
236000	11209.1294
236500	11211.7786
237000	11218.2228
237500	11217.3670
238000	11219.9663
238500	11219.9663
239000	11225.9364
239500	11235.8544
240000	11233.9245
240500	11226.4948
241000	11235.5861
241500	11243.4616
242000	11248.5091
242500	11245.5361
243000	11243.5987
243500	11247.4633
244000	11236.3722
244500	11236.3722
245000	11243.1313
245500	11244.1877
246000	11246.0642
246500	11237.9627
247000	11231.2748
247500	11232.6285
248000	11229.8879
248500	11235.9064
249000	11242.9277
249500	11242.8664
250000	11241.5459
250500	11233.5821
251000	11235.6906
251500	11237.6499
252000	11242.5108
252500	11247.2284
253000	11242.5699
253500	11237.7893
254000	11231.1788
254500	11236.0976
255000	11235.5244
255500	11239.0975
256000	11243.5916
256500	11245.6192
257000	11245.6192
257500	11247.1182
258000	11246.2814
258500	11250.1846
259000	11247.7802
259500	11250.8515
260000	11249.6947
260500	11254.2550
261000	11250.6110
261500	11251.5441
262000	11259.9167
262500	11263.0427
263000	11263.2640
263500	11265.8608
264000	11266.3365
264500	11269.6188
265000	11260.6873
265500	11258.1953
266000	11256.8475
266500	11255.4472
267000	11258.7282
267500	11266.3691
268000	11264.2573
268500	11263.1757
269000	11266.2884
269500	11269.2707
270000	11267.1705
270500	11266.2665
271000	11260.5158
271500	11253.1320
272000	11256.5966
272500	11258.7730
273000	11267.6219
273500	11267.6219
274000	11264.5005
274500	11266.7954
275000	11263.6011
275500	11262.0980
276000	11253.3467
276500	11254.5163
277000	11254.3300
277500	11252.8647
278000	11246.3348
278500	11253.4610
279000	11260.7214
279500	11249.2751
280000	11243.1970
280500	11244.4979
281000	11246.8711
281500	11242.3077
282000	11247.8415
282500	11243.7712
283000	11240.8218
283500	11232.8603
284000	11233.3046
284500	11234.9608
285000	11230.7570
285500	11215.6968
286000	11212.0180
286500	11213.4377
287000	11210.8802
287500	11209.7582
288000	11207.6629
288500	11204.7588
289000	11209.8481
289500	11208.6137
290000	11210.8978
290500	11211.0051
291000	11208.9288
291500	11199.8664
292000	11201.5673
292500	11202.6128
293000	11197.3664
293500	11192.9565
294000	11189.4094
294500	11183.3496
295000	11183.9965
295500	11183.9965
296000	11177.6194
296500	11174.6573
297000	11173.6385
297500	11174.6065
298000	11168.6387
298500	11164.1412
299000	11161.4086
299500	11171.0411
300000	11161.9604
300500	11162.3234
301000	11159.6586
301500	11168.0917
302000	11168.0917
302500	11167.0563
303000	11169.1982
303500	11163.7623
304000	11162.8871
304500	11162.8871
305000	11166.0907
305500	11159.3173
306000	11164.8205
306500	11157.2718
307000	11154.8889
307500	11146.9561
308000	11155.7782
308500	11146.6556
309000	11148.1427
309500	11144.8688
310000	11151.3712
310500	11161.6489
311000	11162.4972
311500	11165.5679
312000	11167.2990
312500	11168.3638
313000	11171.8766
313500	11174.1136
314000	11173.3884
314500	11173.4532
315000	11173.1538
315500	11176.6365
316000	11180.2778
316500	11172.4023
317000	11168.4515
317500	11176.8734
318000	11171.6775
318500	11174.1841
319000	11175.1777
319500	11171.8931
320000	11172.7629
320500	11175.5225
321000	11175.7856
321500	11172.6948
322000	11170.2579
322500	11164.2348
323000	11155.8358
323500	11155.8358
324000	11157.7676
324500	11157.3255
325000	11157.3255
325500	11149.8495
326000	11145.9114
326500	11140.3919
327000	11142.9755
327500	11138.9193
328000	11142.0681
328500	11143.3141
329000	11149.2432
329500	11146.4514
330000	11147.7039
330500	11142.6067
331000	11143.9207
331500	11142.1166
332000	11134.3313
332500	11130.5478
333000	11132.6681
333500	11130.6690
334000	11132.0261
334500	11132.8986
335000	11130.2068
335500	11128.9140
336000	11123.5977
336500	11127.9118
337000	11127.0542
337500	11129.7093
338000	11133.6049
338500	11132.6418
339000	11128.4034
339500	11129.0633
340000	11127.8653
340500	11130.3769
341000	11131.8922
341500	11134.5134
342000	11136.3839
342500	11140.6930
343000	11140.9344
343500	11144.7840
344000	11144.6281
344500	11149.5105
345000	11152.4179
345500	11152.3622
346000	11153.3852
346500	11149.9525
347000	11153.6130
347500	11154.8734
348000	11152.8776
348500	11151.0000
349000	11150.8649
349500	11151.9683
350000	11152.4101
350500	11154.9368
351000	11160.6812
351500	11160.6812
352000	11160.6812
352500	11159.0025
353000	11162.3354
353500	11168.3631
354000	11167.4267
354500	11174.8233
355000	11168.6960
355500	11174.1186
356000	11174.8126
356500	11171.4076
357000	11169.8350
357500	11178.8533
358000	11183.3478
358500	11189.3490
359000	11189.0798
359500	11187.5963
360000	11191.7968
360500	11195.2711
361000	11193.8875
361500	11185.0190
362000	11184.8866
362500	11185.8270
363000	11189.4043
363500	11192.1894
364000	11193.3078
364500	11193.6632
365000	11191.6612
365500	11191.1379
366000	11190.3547
366500	11190.3547
367000	11191.3195
367500	11192.5060
368000	11191.7975
368500	11193.2609
369000	11186.2812
369500	11183.6479
370000	11175.5030
370500	11176.2326
371000	11176.7188
371500	11174.4821
372000	11177.1254
372500	11169.4800
373000	11176.0741
373500	11172.2560
374000	11171.6255
374500	11172.8795
375000	11171.6763
375500	11172.0674
376000	11168.5768
376500	11175.7398
377000	11176.1116
377500	11177.7586
378000	11175.6938
378500	11176.8643
379000	11180.4801
379500	11172.8822
380000	11174.7691
380500	11173.4539
381000	11171.8533
381500	11171.3869
382000	11171.0510
382500	11171.3870
383000	11170.0352
383500	11166.1797
384000	11170.3908
384500	11166.7801
385000	11167.5547
385500	11169.0004
386000	11172.9272
386500	11175.2655
387000	11170.8781
387500	11166.6468
388000	11166.0668
388500	11168.7440
389000	11167.9492
389500	11169.6695
390000	11172.1507
390500	11175.0807
391000	11166.7019
391500	11166.8759
392000	11167.0213
392500	11163.5409
393000	11167.8769
393500	11170.4244
394000	11170.3907
394500	11172.1763
395000	11170.0498
395500	11170.0498
396000	11170.6740
396500	11171.0854
397000	11171.7168
397500	11174.4432
398000	11174.9258
398500	11173.0062
399000	11171.8711
399500	11175.2263
400000	11179.3600
400500	11180.9024
401000	11180.7822
401500	11182.5338
402000	11182.4512
402500	11181.2218
403000	11178.3338
403500	11181.3471
404000	11182.8518
404500	11183.8907
405000	11185.6089
405500	11187.8399
406000	11188.3794
406500	11189.6663
407000	11186.6986
407500	11186.6023
408000	11190.0894
408500	11190.8693
409000	11190.7649
409500	11186.8918
410000	11188.5558
410500	11191.0855
411000	11192.4601
411500	11187.4867
412000	11189.8036
412500	11189.5824
413000	11191.7659
413500	11194.0444
414000	11196.2011
414500	11195.7601
415000	11200.0853
415500	11202.0347
416000	11207.9191
416500	11203.9797
417000	11202.0444
417500	11199.3499
418000	11196.1872
418500	11198.1973
419000	11200.6467
419500	11199.6317
420000	11196.7139
420500	11196.9463
421000	11198.4534
421500	11203.9637
422000	11204.4489
422500	11202.0538
423000	11201.7303
423500	11201.8116
424000	11208.4900
424500	11207.5428
425000	11209.1384
425500	11207.9819
426000	11205.1053
426500	11208.3843
427000	11211.7036
427500	11214.5922
428000	11207.0954
428500	11207.0954
429000	11199.7076
429500	11199.9231
430000	11192.3434
430500	11192.3330
431000	11197.3579
431500	11197.8288
432000	11199.3329
432500	11199.5823
433000	11195.2917
433500	11197.5002
434000	11195.5040
434500	11195.6489
435000	11191.9515
435500	11190.0752
436000	11191.9553
436500	11187.0726
437000	11191.8959
437500	11191.5789
438000	11192.0425
438500	11192.5545
439000	11185.3886
439500	11183.5524
440000	11186.2438
440500	11189.9353
441000	11189.2092
441500	11185.2563
442000	11190.1149
442500	11185.1125
443000	11188.7563
443500	11186.4395
444000	11185.4819
444500	11184.1901
445000	11185.2466
445500	11188.9984
446000	11191.1347
446500	11196.7831
447000	11195.7214
447500	11201.9682
448000	11204.6363
448500	11206.8473
449000	11206.3818
449500	11209.8038
450000	11210.2819
450500	11211.2015
451000	11211.3299
451500	11211.6488
452000	11207.9478
452500	11206.2917
453000	11209.1224
453500	11204.9288
454000	11206.2807
454500	11204.8327
455000	11205.9078
455500	11204.6770
456000	11204.6770
456500	11203.7743
457000	11207.2913
457500	11205.8740
458000	11206.1949
458500	11200.4839
459000	11200.4726
459500	11198.2248
460000	11200.7940
460500	11202.2226
461000	11202.2226
461500	11199.7881
462000	11199.6795
462500	11201.6581
463000	11204.9619
463500	11201.1672
464000	11201.1672
464500	11202.4520
465000	11202.9296
465500	11202.7464
466000	11204.5958
466500	11207.2557
467000	11208.8559
467500	11205.7487
468000	11209.1739
468500	11212.2914
469000	11211.5093
469500	11213.4573
470000	11215.8935
470500	11215.8552
471000	11216.1244
471500	11217.3152
472000	11216.7470
472500	11218.5112
473000	11214.6032
473500	11214.2787
474000	11217.6858
474500	11217.6858
475000	11215.0308
475500	11217.7484
476000	11218.2392
476500	11212.9363
477000	11211.7811
477500	11212.1322
478000	11219.1546
478500	11220.2901
479000	11213.9150
479500	11212.9356
480000	11212.8717
480500	11212.2105
481000	11215.3104
481500	11215.3188
482000	11216.4229
482500	11218.8413
483000	11221.3196
483500	11225.0686
484000	11224.1223
484500	11220.9565
485000	11218.9970
485500	11221.5278
486000	11221.5904
486500	11220.3861
487000	11220.3861
487500	11223.7058
488000	11223.7041
488500	11223.0264
489000	11217.5210
489500	11218.8959
490000	11216.6441
490500	11218.0640
491000	11217.1821
491500	11215.0115
492000	11212.5794
492500	11211.9620
493000	11216.4909
493500	11215.8493
494000	11220.5990
494500	11220.8183
495000	11223.8320
495500	11220.3336
496000	11219.5416
496500	11219.7744
497000	11223.3137
497500	11226.6008
498000	11226.7630
498500	11227.3974
499000	11226.7428
499500	11226.7015
500000	11225.2598
500500	11225.2673
501000	11227.9296
501500	11222.9337
502000	11220.1044
502500	11221.4081
503000	11218.6499
503500	11214.9490
504000	11215.7823
504500	11217.4866
505000	11217.4866
505500	11219.1096
506000	11223.6171
506500	11226.7536
507000	11229.7523
507500	11229.7523
508000	11228.9173
508500	11227.7598
509000	11226.2809
509500	11226.2288
510000	11229.2820
510500	11231.9389
511000	11229.0607
511500	11227.4639
512000	11225.9859
512500	11225.9859
513000	11225.0727
513500	11228.1359
514000	11223.4511
514500	11223.8149
515000	11223.2035
515500	11220.8165
516000	11221.3753
516500	11218.5038
517000	11218.3153
517500	11216.8532
518000	11223.7662
518500	11224.9958
519000	11225.8894
519500	11220.8135
520000	11222.2363
520500	11225.8883
521000	11225.6385
521500	11226.2101
522000	11226.8932
522500	11225.0728
523000	11226.7654
523500	11222.6284
524000	11220.5571
524500	11221.3720
525000	11215.6633
525500	11212.3910
526000	11212.5622
526500	11213.7758
527000	11215.1066
527500	11215.6807
528000	11214.8223
528500	11213.1074
529000	11214.9418
529500	11212.0964
530000	11212.8488
530500	11217.1434
531000	11220.3368
531500	11215.5744
532000	11216.4927
532500	11217.1093
533000	11215.8292
533500	11215.9916
534000	11215.8088
534500	11214.9096
535000	11214.1672
535500	11211.6978
536000	11209.5716
536500	11211.0450
537000	11208.4162
537500	11212.3118
538000	11212.3173
538500	11212.9000
539000	11212.9000
539500	11212.9000
540000	11210.4678
540500	11209.0548
541000	11207.0603
541500	11208.7712
542000	11206.3277
542500	11206.5443
543000	11208.8481
543500	11207.1282
544000	11206.3067
544500	11205.3932
545000	11208.5108
545500	11207.2650
546000	11205.2919
546500	11208.1923
547000	11207.0137
547500	11207.2427
548000	11212.2289
548500	11212.7450
549000	11211.8740
549500	11210.5974
550000	11211.0726
550500	11213.2750
551000	11213.7408
551500	11214.6012
552000	11213.9516
552500	11220.2836
553000	11223.8832
553500	11224.9868
554000	11222.5608
554500	11213.7844
555000	11213.3777
555500	11211.5483
556000	11209.9876
556500	11210.3920
557000	11212.4143
557500	11207.3136
558000	11207.3136
558500	11205.2912
559000	11205.1464
559500	11206.7321
560000	11205.4292
560500	11210.6111
561000	11213.0812
561500	11211.9921
562000	11210.3897
562500	11208.3605
563000	11205.4484
563500	11208.4858
564000	11201.8094
564500	11201.0165
565000	11202.8845
565500	11202.8845
566000	11199.4641
566500	11199.6854
567000	11196.8756
567500	11199.6133
568000	11201.5460
568500	11200.5594
569000	11202.1517
569500	11203.6835
570000	11208.3875
570500	11208.3896
571000	11206.3085
571500	11205.4435
572000	11207.3922
572500	11209.0676
573000	11206.4138
573500	11207.9156
574000	11209.1986
574500	11209.8819
575000	11213.7440
575500	11219.5299
576000	11220.6270
576500	11219.7946
577000	11220.0134
577500	11217.2345
578000	11216.5609
578500	11217.2617
579000	11216.5168
579500	11212.1186
580000	11211.4650
580500	11209.1123
581000	11206.8760
581500	11206.9188
582000	11211.3749
582500	11209.4114
583000	11210.1512
583500	11207.6490
584000	11201.0139
584500	11204.6639
585000	11202.9854
585500	11204.3940
586000	11204.8079
586500	11206.2328
587000	11204.4831
587500	11199.5004
588000	11197.9597
588500	11199.8763
589000	11198.8753
589500	11202.1989
590000	11200.8358
590500	11198.9147
591000	11199.6552
591500	11196.1270
592000	11197.0041
592500	11193.8963
593000	11193.7670
593500	11192.7790
594000	11192.7790
594500	11190.9812
595000	11192.7101
595500	11190.7205
596000	11190.7943
596500	11190.8751
597000	11189.4462
597500	11189.1496
598000	11190.5230
598500	11193.6795
599000	11191.9787
599500	11191.7183
600000	11190.7111
600500	11189.4903
601000	11188.1858
601500	11185.7169
602000	11186.4402
602500	11189.9394
603000	11190.5434
603500	11191.5109
604000	11191.0182
604500	11192.6244
605000	11193.6042
605500	11195.2897
606000	11193.7625
606500	11194.8732
607000	11196.0137
607500	11195.2333
608000	11193.2155
608500	11195.5437
609000	11193.4631
609500	11195.1055
610000	11191.7614
610500	11194.2372
611000	11192.6919
611500	11196.1270
612000	11196.7507
612500	11196.5112
613000	11197.8566
613500	11198.7819
614000	11199.5239
614500	11200.3703
615000	11199.3169
615500	11198.1658
616000	11200.2603
616500	11198.4052
617000	11201.5292
617500	11206.3637
618000	11205.5277
618500	11204.5708
619000	11205.7938
619500	11203.4404
620000	11203.6381
620500	11200.4446
621000	11200.0998
621500	11195.4810
622000	11194.9750
622500	11193.1596
623000	11193.0117
623500	11188.4995
624000	11185.4389
624500	11188.1715
625000	11185.5710
625500	11186.7977
626000	11188.6245
626500	11191.5033
627000	11190.4181
627500	11195.1639
628000	11196.4887
628500	11188.0671
629000	11187.1641
629500	11189.5689
630000	11190.8323
630500	11190.8494
631000	11187.0442
631500	11188.2227
632000	11185.8210
632500	11187.1873
633000	11184.9359
633500	11186.5815
634000	11186.7630
634500	11186.3977
635000	11185.4432
635500	11183.5075
636000	11186.5946
636500	11188.5556
637000	11189.3617
637500	11186.5156
638000	11188.2447
638500	11191.9453
639000	11191.1512
639500	11192.7831
640000	11193.6600
640500	11193.1269
641000	11192.7205
641500	11192.4912
642000	11192.8875
642500	11192.5321
643000	11191.5359
643500	11192.9318
644000	11189.0397
644500	11187.7818
645000	11188.4614
645500	11190.2322
646000	11188.7162
646500	11187.4687
647000	11190.2888
647500	11191.2926
648000	11191.2926
648500	11193.6729
649000	11190.8577
649500	11193.5806
650000	11194.1469
650500	11193.9773
651000	11193.6036
651500	11194.9012
652000	11189.4510
652500	11193.2224
653000	11192.9707
653500	11189.5944
654000	11188.1024
654500	11189.1579
655000	11190.5483
655500	11193.7002
656000	11191.9415
656500	11191.4606
657000	11191.0748
657500	11192.2450
658000	11191.4567
658500	11192.6536
659000	11192.8193
659500	11195.7681
660000	11196.4623
660500	11195.1741
661000	11194.6800
661500	11195.4927
662000	11196.5538
662500	11198.2003
663000	11198.2003
663500	11193.9648
664000	11197.7141
664500	11197.8056
665000	11200.1962
665500	11197.6586
666000	11196.0443
666500	11196.4695
667000	11196.7146
667500	11193.6834
668000	11194.2432
668500	11197.3386
669000	11196.6783
669500	11195.2739
670000	11195.3322
670500	11193.5475
671000	11193.8440
671500	11195.7117
672000	11197.9129
672500	11196.8911
673000	11199.6775
673500	11203.6793
674000	11203.2233
674500	11202.5335
675000	11202.8814
675500	11202.9121
676000	11203.4837
676500	11202.7325
677000	11201.0803
677500	11200.4124
678000	11198.1102
678500	11198.0670
679000	11198.9014
679500	11196.9743
680000	11195.5061
680500	11194.6419
681000	11196.6346
681500	11197.3870
682000	11199.0228
682500	11200.3219
683000	11198.4602
683500	11199.7592
684000	11202.4905
684500	11202.2665
685000	11200.1911
685500	11201.0692
686000	11201.9903
686500	11199.5789
687000	11197.4145
687500	11201.9174
688000	11199.5445
688500	11199.0720
689000	11197.6752
689500	11198.4944
690000	11197.7107
690500	11196.0361
691000	11198.2798
691500	11197.2722
692000	11194.7652
692500	11196.3822
693000	11195.9375
693500	11196.4487
694000	11198.7781
694500	11202.0368
695000	11201.1843
695500	11199.9674
696000	11200.3058
696500	11201.7942
697000	11198.6972
697500	11200.6043
698000	11202.9457
698500	11202.6799
699000	11199.4413
699500	11199.5034
700000	11201.4357
700500	11200.1577
701000	11199.2395
701500	11197.3484
702000	11200.0053
702500	11198.1864
703000	11199.6182
703500	11200.0432
704000	11201.8934
704500	11202.0673
705000	11199.5991
705500	11200.3487
706000	11199.8693
706500	11199.8693
707000	11198.7834
707500	11198.7334
708000	11195.2996
708500	11195.0928
709000	11196.1939
709500	11198.8813
710000	11201.7203
710500	11203.0167
711000	11205.0349
711500	11205.3141
712000	11204.0513
712500	11201.3832
713000	11202.0767
713500	11202.0767
714000	11200.3241
714500	11200.3342
715000	11197.1901
715500	11195.8114
716000	11195.7935
716500	11198.9349
717000	11196.7089
717500	11196.5208
718000	11198.7000
718500	11201.0911
719000	11202.3607
719500	11203.0155
720000	11200.1940
720500	11200.1042
721000	11200.1042
721500	11203.2510
722000	11204.1939
722500	11206.2097
723000	11207.5106
723500	11207.3712
724000	11204.7257
724500	11203.6122
725000	11205.5953
725500	11201.6970
726000	11198.5126
726500	11198.1382
727000	11196.4334
727500	11197.6812
728000	11192.1749
728500	11192.1749
729000	11188.1539
729500	11188.1862
730000	11187.3073
730500	11188.3259
731000	11188.8924
731500	11193.4595
732000	11195.3782
732500	11191.2855
733000	11192.7084
733500	11194.6175
734000	11192.1117
734500	11190.6983
735000	11190.3560
735500	11190.7023
736000	11193.5877
736500	11194.0390
737000	11192.9889
737500	11193.7072
738000	11191.5748
738500	11191.9916
739000	11194.2423
739500	11192.8945
740000	11188.8546
740500	11189.7196
741000	11188.8688
741500	11191.9179
742000	11193.4537
742500	11193.1584
743000	11193.9610
743500	11193.9688
744000	11194.8088
744500	11195.3884
745000	11196.2893
745500	11198.8458
746000	11197.4801
746500	11198.1618
747000	11202.7743
747500	11199.7820
748000	11199.1270
748500	11201.3990
749000	11200.3827
749500	11198.9469
750000	11198.9469
750500	11197.0981
751000	11196.0896
751500	11195.9908
752000	11192.6545
752500	11190.8371
753000	11192.8993
753500	11192.3692
754000	11195.1578
754500	11198.5832
755000	11197.2747
755500	11198.9458
756000	11199.0674
756500	11199.7781
757000	11201.9825
757500	11200.9859
758000	11201.6471
758500	11201.0498
759000	11201.0498
759500	11202.8393
760000	11202.5638
760500	11202.2084
761000	11201.3589
761500	11201.3215
762000	11200.5099
762500	11199.2444
763000	11201.2788
763500	11201.8356
764000	11202.3167
764500	11199.3696
765000	11198.5721
765500	11198.5721
766000	11200.9977
766500	11202.0524
767000	11202.4043
767500	11200.3053
768000	11199.5498
768500	11199.0942
769000	11199.6599
769500	11199.3857
770000	11199.1890
770500	11200.4638
771000	11200.0699
771500	11200.2868
772000	11199.7482
772500	11199.5752
773000	11196.2475
773500	11197.2082
774000	11199.3121
774500	11200.6610
775000	11202.5550
775500	11203.2657
776000	11200.7421
776500	11200.3484
777000	11198.1026
777500	11198.4391
778000	11198.8276
778500	11199.4014
779000	11198.2557
779500	11194.2400
780000	11195.0611
780500	11196.4423
781000	11195.6280
781500	11196.0919
782000	11195.1077
782500	11195.6648
783000	11193.7059
783500	11193.6074
784000	11192.2283
784500	11193.6806
785000	11195.4120
785500	11197.2743
786000	11195.1312
786500	11195.6979
787000	11196.4992
787500	11196.3181
788000	11197.8838
788500	11199.1253
789000	11197.5762
789500	11199.9662
790000	11198.6682
790500	11198.8115
791000	11199.1834
791500	11200.5990
792000	11202.0717
792500	11204.3474
793000	11202.6980
793500	11202.4025
794000	11204.3074
794500	11206.2527
795000	11203.4567
795500	11200.8964
796000	11200.7171
796500	11199.9956
797000	11198.3890
797500	11198.5894
798000	11198.2701
798500	11195.9763
799000	11197.2040
799500	11199.2703
800000	11199.2703
800500	11202.0441
801000	11203.0592
801500	11199.1295
802000	11199.5933
802500	11201.2333
803000	11199.7478
803500	11196.9896
804000	11194.7143
804500	11196.3189
805000	11195.8626
805500	11195.6512
806000	11195.2431
806500	11194.8449
807000	11192.4911
807500	11188.9755
808000	11188.0300
808500	11188.8025
809000	11190.0553
809500	11190.8967
810000	11191.2280
810500	11191.5499
811000	11189.9394
811500	11190.5648
812000	11192.4220
812500	11191.8454
813000	11194.5850
813500	11196.5399
814000	11196.7179
814500	11193.2220
815000	11191.7862
815500	11190.1596
816000	11188.1300
816500	11187.0258
817000	11187.1607
817500	11186.4749
818000	11186.9267
818500	11187.1237
819000	11189.5923
819500	11188.8301
820000	11190.0894
820500	11192.0011
821000	11192.9000
821500	11192.1671
822000	11193.5637
822500	11192.7118
823000	11193.2437
823500	11190.6687
824000	11192.3785
824500	11195.1157
825000	11196.2517
825500	11197.8277
826000	11200.7937
826500	11200.2227
827000	11198.1035
827500	11197.2946
828000	11196.5847
828500	11195.7003
829000	11198.0633
829500	11199.2046
830000	11199.5533
830500	11200.1536
831000	11199.8398
831500	11199.8398
832000	11200.6989
832500	11199.8446
833000	11200.0390
833500	11200.5965
834000	11197.7615
834500	11196.5814
835000	11197.1900
835500	11196.4944
836000	11197.4114
836500	11198.9998
837000	11201.3687
837500	11200.7081
838000	11202.5808
838500	11202.5808
839000	11203.6973
839500	11203.0858
840000	11204.8172
840500	11202.9207
841000	11206.0273
841500	11207.1895
842000	11206.1178
842500	11205.8120
843000	11205.4147
843500	11205.5177
844000	11206.8989
844500	11205.8036
845000	11205.7426
845500	11202.8429
846000	11204.0440
846500	11205.7599
847000	11204.8917
847500	11206.2854
848000	11205.9534
848500	11206.8210
849000	11210.2430
849500	11210.0868
850000	11210.0897
850500	11210.7583
851000	11211.2450
851500	11210.7134
852000	11211.7585
852500	11212.1051
853000	11215.1367
853500	11215.0225
854000	11213.7374
854500	11213.8760
855000	11213.6229
855500	11211.4748
856000	11210.4866
856500	11211.1850
857000	11211.2873
857500	11212.6993
858000	11212.0044
858500	11208.3426
859000	11207.4176
859500	11208.5816
860000	11211.1268
860500	11208.3880
861000	11206.1555
861500	11209.4664
862000	11207.7800
862500	11208.8761
863000	11209.1068
863500	11208.3149
864000	11207.1694
864500	11207.1694
865000	11207.3080
865500	11207.6922
866000	11204.9142
866500	11206.1135
867000	11207.1715
867500	11210.2043
868000	11210.3885
868500	11210.8040
869000	11212.2023
869500	11212.7177
870000	11213.2549
870500	11212.8498
871000	11214.9040
871500	11216.1207
872000	11216.7762
872500	11216.1467
873000	11215.8111
873500	11216.4293
874000	11215.1104
874500	11215.1762
875000	11215.1978
875500	11213.7645
876000	11212.8518
876500	11212.3720
877000	11212.3720
877500	11210.7814
878000	11209.8411
878500	11211.2876
879000	11211.3097
879500	11212.8200
880000	11212.0544
880500	11213.0399
881000	11215.5124
881500	11214.7745
882000	11216.9053
882500	11217.0818
883000	11215.1067
883500	11214.5630
884000	11214.9080
884500	11217.6263
885000	11216.6349
885500	11216.1097
886000	11217.0834
886500	11213.5658
887000	11213.9343
887500	11213.9343
888000	11213.9343
888500	11214.8896
889000	11214.2185
889500	11212.2551
890000	11212.5700
890500	11212.6646
891000	11214.6914
891500	11216.0975
892000	11214.6161
892500	11213.4532
893000	11214.7863
893500	11213.0126
894000	11211.6228
894500	11211.3777
895000	11213.7132
895500	11214.6235
896000	11214.0297
896500	11214.6141
897000	11212.8069
897500	11213.5462
898000	11215.5194
898500	11214.3245
899000	11212.3948
899500	11214.4782
900000	11214.8487
900500	11216.4354
901000	11219.5089
901500	11220.2745
902000	11217.5387
902500	11219.7645
903000	11220.1330
903500	11220.0242
904000	11219.3606
904500	11220.9014
905000	11220.9014
905500	11220.9014
906000	11220.9278
906500	11220.2636
907000	11221.8315
907500	11222.8700
908000	11221.3470
908500	11223.0048
909000	11222.6670
909500	11220.5815
910000	11220.6013
910500	11220.4520
911000	11222.3351
911500	11222.4686
912000	11224.7605
912500	11226.8840
913000	11227.4023
913500	11227.6694
914000	11228.3501
914500	11228.2799
915000	11228.5617
915500	11228.4872
916000	11228.3741
916500	11230.1548
917000	11230.3440
917500	11232.0513
918000	11232.8604
918500	11234.7396
919000	11233.6580
919500	11234.6258
920000	11234.6258
920500	11232.9575
921000	11231.9000
921500	11233.1239
922000	11235.2060
922500	11236.7801
923000	11239.1082
923500	11239.7475
924000	11240.8393
924500	11241.2347
925000	11241.4378
925500	11239.7690
926000	11239.6893
926500	11239.1009
927000	11239.1009
927500	11240.3604
928000	11238.8217
928500	11239.2913
929000	11240.5262
929500	11240.5916
930000	11241.7998
930500	11241.2745
931000	11239.2792
931500	11239.7018
932000	11239.6171
932500	11240.8184
933000	11241.8227
933500	11242.7651
934000	11242.7651
934500	11244.2385
935000	11244.0438
935500	11242.3175
936000	11239.5475
936500	11239.4972
937000	11240.2983
937500	11240.6080
938000	11241.1500
938500	11240.3794
939000	11239.8222
939500	11239.7039
940000	11239.6787
940500	11240.9455
941000	11239.5406
941500	11240.0664
942000	11239.5239
942500	11241.6502
943000	11239.7312
943500	11239.1042
944000	11239.1042
944500	11239.2498
945000	11238.5009
945500	11241.0145
946000	11238.5225
946500	11239.7466
947000	11237.5020
947500	11236.6964
948000	11236.6334
948500	11236.6334
949000	11235.7607
949500	11236.2099
950000	11236.4268
950500	11235.4376
951000	11233.8076
951500	11235.1866
952000	11232.9387
952500	11233.3377
953000	11230.5125
953500	11232.7512
954000	11232.7868
954500	11231.5947
955000	11232.3024
955500	11233.7979
956000	11232.8200
956500	11233.5982
957000	11233.9455
957500	11233.3304
958000	11233.4104
958500	11233.6990
959000	11235.0857
959500	11234.3366
960000	11232.9957
960500	11234.0908
961000	11238.0989
961500	11239.6138
962000	11240.7955
962500	11241.5171
963000	11243.3463
963500	11241.3474
964000	11240.4765
964500	11241.4276
965000	11240.8368
965500	11241.3529
966000	11239.8387
966500	11242.0067
967000	11243.7888
967500	11241.7280
968000	11241.9643
968500	11241.5870
969000	11241.3791
969500	11241.2822
970000	11242.7082
970500	11244.0451
971000	11244.6472
971500	11242.2777
972000	11241.3653
972500	11242.9343
973000	11243.3580
973500	11242.8051
974000	11240.8190
974500	11241.0536
975000	11240.0985
975500	11241.5328
976000	11241.7688
976500	11242.2045
977000	11242.7226
977500	11242.0781
978000	11240.5653
978500	11240.6898
979000	11241.4843
979500	11241.4843
980000	11242.3744
980500	11242.3656
981000	11241.5812
981500	11242.2273
982000	11242.6529
982500	11242.8933
983000	11244.6631
983500	11245.3211
984000	11245.1550
984500	11244.9493
985000	11244.3960
985500	11243.4673
986000	11244.2912
986500	11243.0272
987000	11242.6879
987500	11239.9026
988000	11239.9026
988500	11239.6876
989000	11241.0698
989500	11241.8477
990000	11242.1648
990500	11240.1663
991000	11239.0891
991500	11239.9499
992000	11239.7669
992500	11241.1220
993000	11241.5017
993500	11241.2216
994000	11241.9877
994500	11241.1005
995000	11236.8309
995500	11233.9732
996000	11233.6621
996500	11233.1441
997000	11233.9881
997500	11235.1905
998000	11236.0607
998500	11236.4496
999000	11236.6801
999500	11236.9935
1000000	11232.5388
1000500	11233.4782
1001000	11235.2752
1001500	11235.6503
1002000	11235.4677
1002500	11237.1140
1003000	11237.0620
1003500	11234.5500
1004000	11236.1422
1004500	11238.5151
1005000	11236.7517
1005500	11238.0852
1006000	11239.0926
1006500	11237.5855
1007000	11240.7513
1007500	11240.2496
1008000	11239.5477
1008500	11238.1403
1009000	11237.2242
1009500	11237.9919
1010000	11235.9330
1010500	11236.5465
1011000	11239.8043
1011500	11237.5715
1012000	11237.1578
1012500	11237.4641
1013000	11237.8566
1013500	11238.3814
1014000	11237.8806
1014500	11238.5785
1015000	11238.3866
1015500	11238.2170
1016000	11236.7912
1016500	11236.9188
1017000	11236.5612
1017500	11237.4406
1018000	11237.4406
1018500	11237.8614
1019000	11238.6775
1019500	11238.1360
1020000	11240.3247
1020500	11241.2630
1021000	11242.2803
1021500	11244.3555
1022000	11242.6937
1022500	11242.6948
1023000	11242.8268
1023500	11245.4112
1024000	11243.3198
1024500	11245.6371
1025000	11247.2496
1025500	11245.6110
1026000	11245.3471
1026500	11243.1979
1027000	11244.0020
1027500	11243.1852
1028000	11242.9877
1028500	11242.7020
1029000	11242.0857
1029500	11241.5032
1030000	11242.1112
1030500	11242.1112
1031000	11242.3797
1031500	11241.5343
1032000	11244.3197
1032500	11244.9517
1033000	11245.5288
1033500	11244.1680
1034000	11243.3693
1034500	11243.9655
1035000	11244.1911
1035500	11245.7804
1036000	11248.4608
1036500	11245.8807
1037000	11244.4127
1037500	11244.0247
1038000	11245.8082
1038500	11245.8650
1039000	11246.0386
1039500	11247.7352
1040000	11248.5150
1040500	11248.4273
1041000	11248.8943
1041500	11245.7754
1042000	11243.8853
1042500	11241.5427
1043000	11241.4423
1043500	11241.6231
1044000	11242.2786
1044500	11240.5422
1045000	11240.5422
1045500	11241.8641
1046000	11240.3439
1046500	11241.1792
1047000	11241.1792
1047500	11240.3681
1048000	11240.2793
1048500	11242.1492
1049000	11241.0131
1049500	11241.3395
1050000	11241.3978
1050500	11239.9981
1051000	11239.9474
1051500	11241.7783
1052000	11242.3718
1052500	11240.8932
1053000	11239.4579
1053500	11239.1588
1054000	11239.3269
1054500	11239.1919
1055000	11238.6627
1055500	11237.6426
1056000	11239.1904
1056500	11238.7079
1057000	11238.0631
1057500	11238.1691
1058000	11239.2749
1058500	11240.1356
1059000	11238.3883
1059500	11235.6801
1060000	11234.7219
1060500	11234.9027
1061000	11235.0094
1061500	11235.4818
1062000	11235.5443
1062500	11236.5597
1063000	11236.1974
1063500	11234.3075
1064000	11234.3075
1064500	11233.8105
1065000	11233.4617
1065500	11234.9565
1066000	11235.1811
1066500	11234.4310
1067000	11234.0914
1067500	11235.6739
1068000	11235.7147
1068500	11236.5710
1069000	11236.8982
1069500	11238.5090
1070000	11238.2745
1070500	11237.5881
1071000	11238.5486
1071500	11238.4391
1072000	11238.3683
1072500	11238.4708
1073000	11237.4515
1073500	11237.8778
1074000	11239.5138
1074500	11240.7576
1075000	11242.2128
1075500	11243.1420
1076000	11243.2957
1076500	11241.9447
1077000	11242.9664
1077500	11243.8239
1078000	11243.9997
1078500	11241.8987
1079000	11243.7488
1079500	11247.3809
1080000	11247.0229
1080500	11244.4697
1081000	11247.0602
1081500	11246.3645
1082000	11244.7281
1082500	11244.4493
1083000	11244.5989
1083500	11246.6418
1084000	11246.8326
1084500	11247.6266
1085000	11247.6672
1085500	11248.2870
1086000	11247.5155
1086500	11247.0110
1087000	11246.6074
1087500	11246.1117
1088000	11245.2592
1088500	11246.2108
1089000	11246.9597
1089500	11246.3808
1090000	11245.2306
1090500	11245.0343
1091000	11245.9617
1091500	11246.8734
1092000	11245.1850
1092500	11246.3505
1093000	11245.6474
1093500	11247.2273
1094000	11247.1775
1094500	11247.6503
1095000	11247.8275
1095500	11248.5655
1096000	11248.4812
1096500	11249.3639
1097000	11250.5725
1097500	11249.8287
1098000	11248.4739
1098500	11248.2469
1099000	11248.5375
1099500	11249.2852
1100000	11250.2021
1100500	11250.5440
1101000	11249.4705
1101500	11249.5634
1102000	11250.5133
1102500	11250.2667
1103000	11248.3838
1103500	11247.0624
1104000	11245.1190
1104500	11243.8599
1105000	11244.5013
1105500	11245.2621
1106000	11245.9409
1106500	11246.6233
1107000	11246.8954
1107500	11244.9326
1108000	11244.1830
1108500	11244.7372
1109000	11245.2345
1109500	11245.1325
1110000	11245.8584
1110500	11246.1914
1111000	11246.2604
1111500	11247.2146
1112000	11248.8991
1112500	11249.8845
1113000	11249.1277
1113500	11248.8554
1114000	11248.8136
1114500	11250.2628
1115000	11250.7209
1115500	11246.8766
1116000	11244.6420
1116500	11245.0713
1117000	11245.0713
1117500	11244.2682
1118000	11246.1464
1118500	11247.9781
1119000	11246.1479
1119500	11245.6187
1120000	11245.3014
1120500	11246.3977
1121000	11247.0985
1121500	11247.4728
1122000	11247.5247
1122500	11245.2014
1123000	11244.9727
1123500	11244.9359
1124000	11246.1416
1124500	11245.7054
1125000	11246.8270
1125500	11248.1291
1126000	11249.0824
1126500	11249.9840
1127000	11248.9363
1127500	11252.0872
1128000	11252.1057
1128500	11251.5334
1129000	11251.7306
1129500	11251.3810
1130000	11252.0404
1130500	11251.3681
1131000	11251.0065
1131500	11250.4426
1132000	11251.9623
1132500	11250.5122
1133000	11249.7177
1133500	11250.4331
1134000	11252.0941
1134500	11249.8759
1135000	11250.1048
1135500	11250.7028
1136000	11250.7921
1136500	11250.9913
1137000	11252.6065
1137500	11251.5051
1138000	11252.4732
1138500	11252.5770
1139000	11252.5087
1139500	11253.7649
1140000	11253.3269
1140500	11253.3381
1141000	11254.3352
1141500	11253.5376
1142000	11252.8671
1142500	11251.0318
1143000	11250.9352
1143500	11250.4162
1144000	11245.2697
1144500	11245.1613
1145000	11243.8536
1145500	11246.2402
1146000	11246.9422
1146500	11248.4945
1147000	11248.3047
1147500	11250.6262
1148000	11250.9184
1148500	11250.6134
1149000	11248.1106
1149500	11249.4378
1150000	11247.7972
1150500	11248.1696
1151000	11246.6681
1151500	11247.4733
1152000	11246.9686
1152500	11247.4697
1153000	11247.0908
1153500	11247.4125
1154000	11247.1616
1154500	11245.9231
1155000	11245.7614
1155500	11245.4919
1156000	11242.8157
1156500	11242.0537
1157000	11242.3890
1157500	11240.1172
1158000	11239.3622
1158500	11240.1509
1159000	11238.6213
1159500	11237.8566
1160000	11238.7768
1160500	11238.7489
1161000	11238.0167
1161500	11238.5382
1162000	11237.9136
1162500	11238.5010
1163000	11236.7617
1163500	11235.9816
1164000	11236.0361
1164500	11236.5666
1165000	11234.2147
1165500	11234.3972
1166000	11234.4712
1166500	11232.8839
1167000	11231.9008
1167500	11233.0274
1168000	11232.3613
1168500	11231.7140
1169000	11232.8362
1169500	11231.3057
1170000	11228.7000
1170500	11228.9757
1171000	11228.0990
1171500	11226.5006
1172000	11227.2831
1172500	11228.6704
1173000	11228.5548
1173500	11227.7988
1174000	11229.2743
1174500	11229.5130
1175000	11228.9018
1175500	11228.9018
1176000	11229.1369
1176500	11230.6870
1177000	11229.8503
1177500	11228.1956
1178000	11227.7839
1178500	11227.7614
1179000	11226.5676
1179500	11227.3743
1180000	11227.1157
1180500	11226.0912
1181000	11225.4694
1181500	11226.3656
1182000	11225.5979
1182500	11226.2627
1183000	11225.6873
1183500	11224.6794
1184000	11224.4722
1184500	11225.8117
1185000	11227.2449
1185500	11227.6385
1186000	11228.4795
1186500	11230.0869
1187000	11230.3825
1187500	11230.0036
1188000	11231.1528
1188500	11231.8552
1189000	11232.7381
1189500	11232.8867
1190000	11235.3644
1190500	11236.5088
1191000	11236.7602
1191500	11236.7797
1192000	11237.3581
1192500	11238.5692
1193000	11238.5101
1193500	11238.1991
1194000	11238.3813
1194500	11238.5111
1195000	11238.3242
1195500	11239.7076
1196000	11239.5501
1196500	11238.9409
1197000	11238.9911
1197500	11238.9318
1198000	11238.5020
1198500	11237.5905
1199000	11234.7501
1199500	11234.8186
1200000	11233.5022
1200500	11233.4600
1201000	11233.9691
1201500	11234.1202
1202000	11234.3187
1202500	11235.5628
1203000	11234.7271
1203500	11235.5023
1204000	11235.0975
1204500	11235.3268
1205000	11235.6955
1205500	11233.8582
1206000	11233.8582
1206500	11233.1502
1207000	11233.6014
1207500	11233.6480
1208000	11233.3413
1208500	11231.2084
1209000	11231.4442
1209500	11232.7814
1210000	11231.4690
1210500	11230.5216
1211000	11226.8575
1211500	11226.3200
1212000	11226.7432
1212500	11225.6586
1213000	11226.4103
1213500	11226.7527
1214000	11227.7300
1214500	11228.5350
1215000	11229.7511
1215500	11228.0182
1216000	11229.2523
1216500	11229.0072
1217000	11229.5885
1217500	11228.4270
1218000	11227.9120
1218500	11227.7888
1219000	11226.6300
1219500	11226.6549
1220000	11227.7526
1220500	11228.9068
1221000	11229.7968
1221500	11228.8904
1222000	11228.0006
1222500	11228.5658
1223000	11229.6867
1223500	11227.9133
1224000	11227.9843
1224500	11228.4062
1225000	11227.7560
1225500	11225.3816
1226000	11225.2530
1226500	11223.6160
1227000	11224.9731
1227500	11225.7420
1228000	11226.1756
1228500	11226.1756
1229000	11226.1756
1229500	11225.8307
1230000	11223.5067
1230500	11223.9733
1231000	11224.8831
1231500	11224.6353
1232000	11225.0137
1232500	11224.1086
1233000	11223.7155
1233500	11224.8742
1234000	11224.7377
1234500	11225.2742
1235000	11225.3551
1235500	11224.9860
1236000	11223.1882
1236500	11221.9757
1237000	11223.2175
1237500	11224.1345
1238000	11220.8676
1238500	11223.8627
1239000	11225.1091
1239500	11224.1272
1240000	11224.1636
1240500	11224.7754
1241000	11224.1365
1241500	11224.9381
1242000	11224.1779
1242500	11224.5499
1243000	11225.1281
1243500	11222.7113
1244000	11223.4940
1244500	11223.4940
1245000	11223.4940
1245500	11222.2479
1246000	11222.4274
1246500	11222.5217
1247000	11220.8947
1247500	11221.2520
1248000	11220.5288
1248500	11221.3363
1249000	11219.2842
1249500	11219.8499
1250000	11220.0306
1250500	11218.6017
1251000	11218.6153
1251500	11218.7367
1252000	11218.7367
1252500	11219.2677
1253000	11219.6910
1253500	11220.4549
1254000	11221.1798
1254500	11219.2631
1255000	11220.4626
1255500	11220.6132
1256000	11221.0510
1256500	11222.0431
1257000	11221.7600
1257500	11219.7769
1258000	11220.4726
1258500	11221.3130
1259000	11221.3130
1259500	11222.3346
1260000	11221.7164
1260500	11225.7038
1261000	11226.0270
1261500	11226.2316
1262000	11226.3530
1262500	11226.3530
1263000	11226.4533
1263500	11226.3701
1264000	11227.0111
1264500	11225.9040
1265000	11227.1506
1265500	11227.1797
1266000	11227.8300
1266500	11229.5839
1267000	11230.2824
1267500	11230.1782
1268000	11230.2752
1268500	11228.2606
1269000	11228.5894
1269500	11225.8724
1270000	11224.2389
1270500	11220.6231
1271000	11219.7267
1271500	11219.9646
1272000	11220.3790
1272500	11218.9773
1273000	11218.9881
1273500	11219.7220
1274000	11220.2320
1274500	11219.4060
1275000	11218.1824
1275500	11217.1997
1276000	11216.7107
1276500	11217.9453
1277000	11218.3232
1277500	11218.4328
1278000	11218.2520
1278500	11218.6197
1279000	11219.6927
1279500	11221.2890
1280000	11221.8394
1280500	11223.3240
1281000	11222.6363
1281500	11222.9314
1282000	11223.3343
1282500	11221.6594
1283000	11222.0840
1283500	11222.3921
1284000	11223.0218
1284500	11223.3370
1285000	11222.8525
1285500	11224.0387
1286000	11224.0387
1286500	11223.7107
1287000	11224.4076
1287500	11224.2780
1288000	11223.8543
1288500	11223.0199
1289000	11222.6413
1289500	11222.2863
1290000	11221.4540
1290500	11219.9115
1291000	11218.8664
1291500	11218.9597
1292000	11219.2871
1292500	11221.2876
1293000	11221.4228
1293500	11221.6228
1294000	11222.4455
1294500	11223.3325
1295000	11223.7561
1295500	11222.5854
1296000	11221.5305
1296500	11221.8347
1297000	11219.9558
1297500	11219.4541
1298000	11218.5868
1298500	11219.1392
1299000	11218.8593
1299500	11219.4683
1300000	11219.9914
1300500	11219.7831
1301000	11218.7208
1301500	11218.1930
1302000	11219.8367
1302500	11217.9760
1303000	11215.9626
1303500	11216.4173
1304000	11216.4231
1304500	11215.2282
1305000	11213.2121
1305500	11214.3193
1306000	11213.5302
1306500	11212.2561
1307000	11213.5254
1307500	11213.0611
1308000	11212.9062
1308500	11214.5098
1309000	11213.9270
1309500	11213.9270
1310000	11213.9790
1310500	11212.1300
1311000	11211.7000
1311500	11211.4547
1312000	11211.5759
1312500	11211.8677
1313000	11211.8515
1313500	11211.6516
1314000	11212.1066
1314500	11212.5326
1315000	11210.9816
1315500	11210.3373
1316000	11210.9793
1316500	11210.9357
1317000	11212.1635
1317500	11211.8691
1318000	11208.9794
1318500	11209.6365
1319000	11209.4378
1319500	11208.7655
1320000	11206.6789
1320500	11205.4553
1321000	11204.8199
1321500	11204.3380
1322000	11204.5932
1322500	11205.2654
1323000	11206.2734
1323500	11205.9765
1324000	11205.1279
1324500	11205.4301
1325000	11205.8644
1325500	11206.5846
1326000	11206.5105
1326500	11207.5408
1327000	11209.1076
1327500	11209.1076
1328000	11209.6325
1328500	11209.0320
1329000	11207.8969
1329500	11207.2428
1330000	11208.4802
1330500	11208.4802
1331000	11206.5848
1331500	11207.2796
1332000	11208.5190
1332500	11207.1394
1333000	11206.6868
1333500	11205.7081
1334000	11205.6410
1334500	11207.7576
1335000	11208.3300
1335500	11208.7460
1336000	11208.3078
1336500	11207.7093
1337000	11207.9776
1337500	11209.2679
1338000	11208.7646
1338500	11209.8832
1339000	11210.3063
1339500	11209.3664
1340000	11209.0545
1340500	11209.8653
1341000	11209.8653
1341500	11210.3337
1342000	11211.3959
1342500	11211.4883
1343000	11211.4364
1343500	11211.8248
1344000	11210.4738
1344500	11211.1321
1345000	11210.2309
1345500	11208.5524
1346000	11209.6448
1346500	11210.1012
1347000	11210.0948
1347500	11209.3250
1348000	11209.2000
1348500	11208.0391
1349000	11209.2943
1349500	11208.9368
1350000	11209.4581
1350500	11208.2576
1351000	11209.0187
1351500	11208.4936
1352000	11209.7549
1352500	11210.3095
1353000	11209.7970
1353500	11210.5497
1354000	11209.3795
1354500	11210.3974
1355000	11211.5422
1355500	11210.3313
1356000	11210.5091
1356500	11210.9009
1357000	11210.9009
1357500	11210.9246
1358000	11212.2540
1358500	11212.2168
1359000	11212.3221
1359500	11212.3404
1360000	11212.9419
1360500	11213.4524
1361000	11214.0410
1361500	11214.0410
1362000	11213.1310
1362500	11211.0405
1363000	11210.9264
1363500	11210.9264
1364000	11212.3073
1364500	11212.0766
1365000	11213.0505
1365500	11214.3699
1366000	11214.4868
1366500	11214.3422
1367000	11214.6314
1367500	11213.7707
1368000	11215.2529
1368500	11214.5768
1369000	11215.6772
1369500	11214.6082
1370000	11214.9660
1370500	11214.0594
1371000	11215.5357
1371500	11215.2811
1372000	11215.9062
1372500	11216.0216
1373000	11215.1452
1373500	11215.1513
1374000	11214.8806
1374500	11215.0525
1375000	11215.8741
1375500	11215.4313
1376000	11214.1827
1376500	11212.9495
1377000	11212.8993
1377500	11213.4180
1378000	11214.7509
1378500	11215.2193
1379000	11215.2581
1379500	11215.9688
1380000	11214.8445
1380500	11214.8445
1381000	11215.7138
1381500	11215.4335
1382000	11216.5433
1382500	11216.5216
1383000	11215.4355
1383500	11216.0476
1384000	11216.0962
1384500	11215.5423
1385000	11215.0828
1385500	11216.1119
1386000	11214.8408
1386500	11216.1567
1387000	11216.8827
1387500	11218.3001
1388000	11218.4510
1388500	11218.7091
1389000	11218.6581
1389500	11218.1273
1390000	11220.6585
1390500	11220.8010
1391000	11220.9749
1391500	11221.6021
1392000	11221.3292
1392500	11220.3375
1393000	11220.0337
1393500	11221.1137
1394000	11219.6532
1394500	11219.4349
1395000	11220.7894
1395500	11220.9288
1396000	11222.1869
1396500	11222.1569
1397000	11221.3880
1397500	11221.7534
1398000	11220.8113
1398500	11221.7350
1399000	11221.7350
1399500	11221.0329
1400000	11221.6359
1400500	11222.3780
1401000	11221.5785
1401500	11222.2421
1402000	11222.2520
1402500	11221.4835
1403000	11220.4796
1403500	11221.1697
1404000	11222.4030
1404500	11222.7034
1405000	11223.5765
1405500	11223.5865
1406000	11224.0285
1406500	11224.3736
1407000	11224.1584
1407500	11224.4044
1408000	11222.7030
1408500	11223.3599
1409000	11222.5684
1409500	11223.7794
1410000	11223.8947
1410500	11224.3973
1411000	11223.7036
1411500	11224.8721
1412000	11226.3451
1412500	11226.8235
1413000	11226.5845
1413500	11225.9950
1414000	11226.8499
1414500	11227.7322
1415000	11227.5452
1415500	11227.1783
1416000	11226.9058
1416500	11226.3739
1417000	11227.3513
1417500	11226.6049
1418000	11227.5593
1418500	11228.4228
1419000	11229.2744
1419500	11228.5890
1420000	11228.6137
1420500	11228.6137
1421000	11229.5792
1421500	11230.0774
1422000	11230.0974
1422500	11231.2988
1423000	11229.8727
1423500	11231.4966
1424000	11229.8387
1424500	11229.6779
1425000	11229.4485
1425500	11228.4870
1426000	11228.4830
1426500	11230.4311
1427000	11232.2990
1427500	11233.5647
1428000	11233.7790
1428500	11233.4244
1429000	11232.8182
1429500	11232.0432
1430000	11232.4523
1430500	11232.2452
1431000	11231.7972
1431500	11233.2342
1432000	11231.4241
1432500	11231.1775
1433000	11231.3062
1433500	11229.6440
1434000	11228.4883
1434500	11229.4759
1435000	11229.5726
1435500	11228.7887
1436000	11228.8570
1436500	11228.7063
1437000	11229.2996
1437500	11229.9243
1438000	11229.3906
1438500	11229.2934
1439000	11228.7957
1439500	11229.9028
1440000	11229.8952
1440500	11229.4361
1441000	11230.7072
1441500	11230.1548
1442000	11228.0999
1442500	11227.9964
1443000	11228.5819
1443500	11228.1482
1444000	11227.6870
1444500	11229.0624
1445000	11229.5845
1445500	11227.4825
1446000	11227.7933
1446500	11227.4870
1447000	11226.2652
1447500	11225.8714
1448000	11225.5394
1448500	11225.1537
1449000	11225.1537
1449500	11225.3703
1450000	11224.7964
1450500	11223.3472
1451000	11222.5492
1451500	11221.0752
1452000	11219.1896
1452500	11217.9599
1453000	11218.8839
1453500	11220.2212
1454000	11219.4729
1454500	11219.5972
1455000	11219.5770
1455500	11219.8607
1456000	11219.7820
1456500	11219.6713
1457000	11220.5296
1457500	11219.4343
1458000	11219.5415
1458500	11218.3894
1459000	11216.6545
1459500	11217.2819
1460000	11216.0130
1460500	11216.5698
1461000	11217.7856
1461500	11217.5494
1462000	11217.5116
1462500	11219.0348
1463000	11219.5791
1463500	11219.3768
1464000	11218.2583
1464500	11218.6219
1465000	11218.8669
1465500	11220.0917
1466000	11218.4358
1466500	11217.9500
1467000	11217.7413
1467500	11217.5058
1468000	11215.8737
1468500	11215.3701
1469000	11216.5935
1469500	11217.3972
1470000	11217.5697
1470500	11217.5697
1471000	11218.0197
1471500	11217.9626
1472000	11216.5439
1472500	11215.5285
1473000	11213.8197
1473500	11214.2530
1474000	11215.5994
1474500	11215.9292
1475000	11216.6486
1475500	11216.6486
1476000	11218.2367
1476500	11219.1234
1477000	11219.7438
1477500	11219.6873
1478000	11219.9174
1478500	11219.8594
1479000	11220.9436
1479500	11220.5374
1480000	11222.7372
1480500	11222.3556
1481000	11223.5052
1481500	11221.2888
1482000	11222.1146
1482500	11222.5191
1483000	11222.8070
1483500	11223.2553
1484000	11224.3689
1484500	11225.0262
1485000	11224.6162
1485500	11224.2870
1486000	11224.5628
1486500	11225.3827
1487000	11226.2526
1487500	11227.6449
1488000	11227.9982
1488500	11227.9982
1489000	11228.5522
1489500	11228.1941
1490000	11229.1187
1490500	11228.7774
1491000	11229.3514
1491500	11232.7041
1492000	11232.7171
1492500	11232.6182
1493000	11231.6792
1493500	11231.3309
1494000	11231.5599
1494500	11232.7031
1495000	11233.0212
1495500	11232.8097
1496000	11233.0202
1496500	11231.9630
1497000	11233.6532
1497500	11232.9748
1498000	11233.1378
1498500	11232.8242
1499000	11233.4886
1499500	11232.2176
1500000	11231.9079
1500500	11232.8455
1501000	11232.9332
1501500	11232.2752
1502000	11232.2752
1502500	11232.2764
1503000	11231.6876
1503500	11229.6463
1504000	11230.1922
1504500	11229.4297
1505000	11229.9524
1505500	11230.1957
1506000	11229.1195
1506500	11229.4235
1507000	11229.9128
1507500	11230.0964
1508000	11229.5024
1508500	11230.2659
1509000	11231.3046
1509500	11230.7150
1510000	11231.1858
1510500	11228.9356
1511000	11228.7820
1511500	11230.7711
1512000	11231.2207
1512500	11231.2002
1513000	11231.4223
1513500	11231.9049
1514000	11231.3615
1514500	11230.3898
1515000	11228.7637
1515500	11228.0938
1516000	11228.3670
1516500	11229.4754
1517000	11229.1894
1517500	11229.3372
1518000	11230.0660
1518500	11230.0660
1519000	11229.7374
1519500	11230.2909
1520000	11229.7174
1520500	11229.7912
1521000	11230.2972
1521500	11230.0233
1522000	11229.4577
1522500	11228.1450
1523000	11228.4193
1523500	11228.3887
1524000	11228.9550
1524500	11228.7631
1525000	11228.7631
1525500	11230.1292
1526000	11229.6823
1526500	11229.0220
1527000	11229.4691
1527500	11227.2341
1528000	11226.4536
1528500	11226.2380
1529000	11225.2386
1529500	11225.1366
1530000	11225.5766
1530500	11226.1037
1531000	11227.4735
1531500	11228.8910
1532000	11229.3700
1532500	11230.0130
1533000	11227.8085
1533500	11228.4815
1534000	11229.2737
1534500	11229.7355
1535000	11230.1558
1535500	11228.6900
1536000	11228.4921
1536500	11228.2404
1537000	11228.3925
1537500	11228.3620
1538000	11227.4277
1538500	11227.5649
1539000	11228.0533
1539500	11229.7284
1540000	11231.3200
1540500	11231.7320
1541000	11231.2356
1541500	11232.6061
1542000	11232.5071
1542500	11232.9240
1543000	11232.1880
1543500	11233.0743
1544000	11232.9623
1544500	11231.5765
1545000	11230.9155
1545500	11231.2899
1546000	11232.3101
1546500	11233.2363
1547000	11234.6782
1547500	11232.2409
1548000	11232.3905
1548500	11231.9516
1549000	11233.5569
1549500	11231.5384
1550000	11232.8535
1550500	11232.6873
1551000	11232.9975
1551500	11230.7016
1552000	11230.0741
1552500	11229.7637
1553000	11230.1661
1553500	11230.1237
1554000	11230.6307
1554500	11230.6307
1555000	11230.8079
1555500	11231.8259
1556000	11232.5681
1556500	11232.6033
1557000	11230.6793
1557500	11229.4230
1558000	11228.4190
1558500	11227.8498
1559000	11227.9813
1559500	11227.8715
1560000	11227.4413
1560500	11227.3935
1561000	11227.2686
1561500	11226.9424
1562000	11225.4942
1562500	11225.7265
1563000	11225.7265
1563500	11225.7787
1564000	11227.0340
1564500	11227.5074
1565000	11227.5076
1565500	11228.6030
1566000	11228.3158
1566500	11227.0690
1567000	11227.5504
1567500	11225.6981
1568000	11225.9906
1568500	11226.1155
1569000	11225.3675
1569500	11227.9704
1570000	11228.2229
1570500	11229.6538
1571000	11228.6943
1571500	11228.8366
1572000	11228.3785
1572500	11227.0421
1573000	11226.8809
1573500	11227.4850
1574000	11227.5938
1574500	11226.2111
1575000	11225.8795
1575500	11226.4417
1576000	11226.7823
1576500	11227.5265
1577000	11227.0330
1577500	11227.8537
1578000	11228.2406
1578500	11227.8797
1579000	11228.2542
1579500	11229.5465
1580000	11230.6793
1580500	11230.6283
1581000	11229.8649
1581500	11230.4355
1582000	11228.5946
1582500	11228.9142
1583000	11228.9301
1583500	11229.6665
1584000	11229.2882
1584500	11229.1351
1585000	11229.1381
1585500	11229.6431
1586000	11229.2664
1586500	11228.9525
1587000	11231.1032
1587500	11231.5637
1588000	11231.0009
1588500	11231.5285
1589000	11231.4456
1589500	11230.7308
1590000	11230.7308
1590500	11230.7308
1591000	11229.7616
1591500	11229.6643
1592000	11229.2065
1592500	11228.1992
1593000	11228.9601
1593500	11228.2277
1594000	11227.0695
1594500	11227.0171
1595000	11226.8492
1595500	11225.3449
1596000	11227.0878
1596500	11226.3806
1597000	11226.1500
1597500	11225.8633
1598000	11224.9050
1598500	11225.1068
1599000	11226.8168
1599500	11227.0921
1600000	11228.6017
1600500	11228.6630
1601000	11228.9799
1601500	11228.3794
1602000	11227.3068
1602500	11227.4127
1603000	11228.4732
1603500	11228.4486
1604000	11228.6085
1604500	11228.7394
1605000	11229.0886
1605500	11229.3954
1606000	11228.7836
1606500	11228.7836
1607000	11229.0614
1607500	11229.6493
1608000	11229.9049
1608500	11230.3307
1609000	11230.3307
1609500	11230.7263
1610000	11230.9113
1610500	11231.5269
1611000	11230.6831
1611500	11229.8452
1612000	11231.1010
1612500	11232.0001
1613000	11231.0097
1613500	11231.6592
1614000	11231.8539
1614500	11230.8212
1615000	11231.1237
1615500	11230.2013
1616000	11231.6420
1616500	11230.8152
1617000	11232.1938
1617500	11231.7833
1618000	11231.0620
1618500	11229.8737
1619000	11228.8770
1619500	11227.7130
1620000	11227.3514
1620500	11227.5880
1621000	11228.1292
1621500	11228.6112
1622000	11226.6854
1622500	11226.8467
1623000	11226.3577
1623500	11226.4992
1624000	11227.0956
1624500	11228.3198
1625000	11226.9473
1625500	11226.9473
1626000	11228.0540
1626500	11228.0541
1627000	11226.5587
1627500	11226.8394
1628000	11226.8394
1628500	11226.2537
1629000	11226.8446
1629500	11227.3737
1630000	11228.5219
1630500	11229.2240
1631000	11228.1634
1631500	11228.7240
1632000	11227.7256
1632500	11228.0400
1633000	11228.1966
1633500	11228.7441
1634000	11229.4353
1634500	11229.6959
1635000	11229.0885
1635500	11229.5207
1636000	11229.5180
1636500	11228.5318
1637000	11229.2678
1637500	11229.7392
1638000	11230.1459
1638500	11230.5803
1639000	11230.5589
1639500	11230.9876
1640000	11231.0559
1640500	11231.7719
1641000	11231.9801
1641500	11231.2278
1642000	11231.8353
1642500	11231.8572
1643000	11231.7841
1643500	11230.8999
1644000	11230.5052
1644500	11230.5052
1645000	11231.0163
1645500	11232.3235
1646000	11233.0743
1646500	11233.8412
1647000	11232.6250
1647500	11232.8618
1648000	11233.5234
1648500	11231.8602
1649000	11231.3297
1649500	11232.1679
1650000	11233.6294
1650500	11232.7797
1651000	11233.6493
1651500	11231.8206
1652000	11232.2099
1652500	11231.9961
1653000	11232.4888
1653500	11231.6389
1654000	11232.2872
1654500	11233.0433
1655000	11233.3252
1655500	11233.8004
1656000	11233.4562
1656500	11234.0104
1657000	11234.9014
1657500	11234.8714
1658000	11234.0114
1658500	11233.1027
1659000	11233.8966
1659500	11234.8593
1660000	11235.0533
1660500	11235.8244
1661000	11235.8244
1661500	11235.7009
1662000	11236.0474
1662500	11236.6519
1663000	11237.1126
1663500	11236.8429
1664000	11236.0721
1664500	11237.6499
1665000	11238.6330
1665500	11239.2044
1666000	11240.4315
1666500	11239.8648
1667000	11240.6266
1667500	11240.7856
1668000	11241.7465
1668500	11241.4774
1669000	11239.9759
1669500	11240.7545
1670000	11240.2067
1670500	11239.9863
1671000	11239.3548
1671500	11239.7194
1672000	11239.8297
1672500	11239.5604
1673000	11239.4213
1673500	11238.3477
1674000	11239.2527
1674500	11239.7145
1675000	11240.2729
1675500	11240.9751
1676000	11240.3233
1676500	11238.1832
1677000	11237.3973
1677500	11238.5853
1678000	11238.5853
1678500	11239.9779
1679000	11238.9096
1679500	11238.8257
1680000	11239.5773
1680500	11238.9575
1681000	11238.0325
1681500	11239.1629
1682000	11238.6854
1682500	11239.3193
1683000	11240.0777
1683500	11240.5200
1684000	11241.2606
1684500	11240.1379
1685000	11241.3037
1685500	11240.2807
1686000	11239.9206
1686500	11239.9177
1687000	11240.2326
1687500	11238.3074
1688000	11237.9050
1688500	11239.6867
1689000	11239.6686
1689500	11240.5891
1690000	11240.5596
1690500	11241.5247
1691000	11241.5247
1691500	11241.6579
1692000	11242.2180
1692500	11242.4216
1693000	11242.2320
1693500	11242.1959
1694000	11242.7919
1694500	11242.7919
1695000	11242.7695
1695500	11242.5473
1696000	11242.5092
1696500	11242.4475
1697000	11241.6156
1697500	11240.2338
1698000	11240.2381
1698500	11240.9919
1699000	11240.2568
1699500	11238.1579
1700000	11238.4971
1700500	11238.5645
1701000	11238.6496
1701500	11240.7628
1702000	11241.2607
1702500	11241.0394
1703000	11240.1073
1703500	11240.0778
1704000	11239.6640
1704500	11239.6577
1705000	11241.2372
1705500	11240.3170
1706000	11239.9955
1706500	11240.2817
1707000	11241.3368
1707500	11241.0855
1708000	11241.2253
1708500	11240.9316
1709000	11240.8318
1709500	11240.0608
1710000	11239.8880
1710500	11240.2102
1711000	11238.6956
1711500	11239.6124
1712000	11240.0547
1712500	11241.1102
1713000	11240.6426
1713500	11240.9537
1714000	11240.1532
1714500	11241.1988
1715000	11241.7018
1715500	11241.1854
1716000	11242.1060
1716500	11242.0858
1717000	11242.1855
1717500	11243.1223
1718000	11242.3174
1718500	11242.6289
1719000	11240.7592
1719500	11240.8373
1720000	11239.8273
1720500	11241.5439
1721000	11242.9880
1721500	11242.9742
1722000	11243.2447
1722500	11242.6291
1723000	11243.6810
1723500	11244.2435
1724000	11244.9579
1724500	11245.2877
1725000	11245.1207
1725500	11244.3266
1726000	11244.7825
1726500	11245.1006
1727000	11246.2296
1727500	11245.7474
1728000	11242.4788
1728500	11242.5198
1729000	11242.9991
1729500	11243.0623
1730000	11241.9127
1730500	11240.3508
1731000	11239.5092
1731500	11240.0982
1732000	11239.6523
1732500	11239.7020
1733000	11239.9075
1733500	11239.9075
1734000	11239.8967
1734500	11240.9719
1735000	11241.2116
1735500	11241.6905
1736000	11240.4931
1736500	11240.6091
1737000	11241.0653
1737500	11241.2103
1738000	11241.3806
1738500	11241.5397
1739000	11241.1367
1739500	11240.0005
1740000	11240.4437
1740500	11241.0189
1741000	11240.1361
1741500	11240.1403
1742000	11238.5762
1742500	11239.3599
1743000	11239.8715
1743500	11239.8715
1744000	11239.8715
1744500	11240.1297
1745000	11241.3899
1745500	11241.6607
1746000	11242.2072
1746500	11242.0459
1747000	11241.5431
1747500	11241.3776
1748000	11239.9840
1748500	11240.1936
1749000	11238.7366
1749500	11238.3167
1750000	11237.6871
1750500	11237.7959
1751000	11236.5191
1751500	11237.2088
1752000	11237.5538
1752500	11237.7440
1753000	11237.0872
1753500	11237.5612
1754000	11238.3892
1754500	11238.7338
1755000	11238.1567
1755500	11238.5848
1756000	11237.9419
1756500	11237.3709
1757000	11236.9350
1757500	11237.7630
1758000	11237.7630
1758500	11238.2062
1759000	11237.8673
1759500	11238.6461
1760000	11237.2210
1760500	11237.6295
1761000	11237.4428
1761500	11238.2795
1762000	11237.4454
1762500	11236.7189
1763000	11237.0639
1763500	11237.3398
1764000	11236.6637
1764500	11236.8355
1765000	11238.0507
1765500	11237.4847
1766000	11238.9515
1766500	11238.3511
1767000	11236.7459
1767500	11235.7241
1768000	11235.7241
1768500	11236.7793
1769000	11237.7410
1769500	11236.8413
1770000	11236.2430
1770500	11236.1761
1771000	11235.4595
1771500	11235.8917
1772000	11236.1177
1772500	11236.5899
1773000	11237.0875
1773500	11236.6959
1774000	11236.6959
1774500	11236.9549
1775000	11238.1523
1775500	11239.3912
1776000	11239.9177
1776500	11240.3269
1777000	11239.7957
1777500	11240.2869
1778000	11240.6669
1778500	11241.5904
1779000	11241.9895
1779500	11241.6401
1780000	11241.5741
1780500	11242.6494
1781000	11241.9748
1781500	11242.1069
1782000	11242.2958
1782500	11241.7209
1783000	11241.3074
1783500	11240.4609
1784000	11241.9943
1784500	11242.3101
1785000	11240.5954
1785500	11240.3018
1786000	11240.4245
1786500	11240.0157
1787000	11240.5443
1787500	11238.6778
1788000	11238.5617
1788500	11239.3129
1789000	11240.1466
1789500	11238.3200
1790000	11238.9055
1790500	11237.5868
1791000	11237.8515
1791500	11237.6266
1792000	11238.4966
1792500	11238.7704
1793000	11237.5637
1793500	11237.5946
1794000	11238.1399
1794500	11239.0019
1795000	11238.3325
1795500	11238.6030
1796000	11238.1721
1796500	11238.6640
1797000	11239.4871
1797500	11239.4847
1798000	11239.4847
1798500	11240.6102
1799000	11240.8869
1799500	11241.5583
1800000	11241.3575
1800500	11241.0098
1801000	11240.6438
1801500	11238.8878
1802000	11238.4033
1802500	11238.7498
1803000	11238.4548
1803500	11238.3265
1804000	11239.3792
1804500	11240.2178
1805000	11240.5883
1805500	11241.0239
1806000	11239.6084
1806500	11238.8606
1807000	11239.0680
1807500	11239.1244
1808000	11238.7744
1808500	11239.6961
1809000	11241.0737
1809500	11242.0564
1810000	11241.9469
1810500	11241.0373
1811000	11240.9702
1811500	11241.1376
1812000	11240.8154
1812500	11240.8573
1813000	11240.9492
1813500	11241.3901
1814000	11241.3951
1814500	11240.8934
1815000	11241.4154
1815500	11241.9209
1816000	11242.2588
1816500	11242.1927
1817000	11241.8014
1817500	11242.2036
1818000	11242.2479
1818500	11241.6225
1819000	11241.6180
1819500	11240.6782
1820000	11241.0496
1820500	11240.8610
1821000	11240.7322
1821500	11240.4195
1822000	11240.7904
1822500	11240.9176
1823000	11240.5551
1823500	11239.9073
1824000	11239.8489
1824500	11238.5987
1825000	11237.6847
1825500	11237.3924
1826000	11237.6901
1826500	11237.4434
1827000	11237.7102
1827500	11237.3264
1828000	11237.6550
1828500	11237.7654
1829000	11238.4962
1829500	11238.2334
1830000	11240.2228
1830500	11238.8734
1831000	11240.0492
1831500	11240.1505
1832000	11241.5249
1832500	11242.0387
1833000	11242.1623
1833500	11241.3230
1834000	11240.8817
1834500	11241.2562
1835000	11239.4732
1835500	11238.7217
1836000	11238.1219
1836500	11238.3121
1837000	11238.2038
1837500	11237.8157
1838000	11237.7981
1838500	11237.7669
1839000	11238.2929
1839500	11238.1717
1840000	11238.0988
1840500	11237.1970
1841000	11236.7106
1841500	11237.7857
1842000	11237.5414
1842500	11237.8791
1843000	11238.1523
1843500	11238.8083
1844000	11238.8301
1844500	11239.5624
1845000	11240.1805
1845500	11240.2952
1846000	11240.5528
1846500	11241.3234
1847000	11241.3134
1847500	11242.4767
1848000	11242.9312
1848500	11243.6787
1849000	11243.4909
1849500	11243.4909
1850000	11243.2375
1850500	11242.7830
1851000	11241.2961
1851500	11241.4217
1852000	11239.1955
1852500	11239.0332
1853000	11238.8272
1853500	11238.8912
1854000	11238.6473
1854500	11238.2231
1855000	11238.1042
1855500	11238.4649
1856000	11238.3776
1856500	11238.3005
1857000	11239.1268
1857500	11239.7402
1858000	11241.3224
1858500	11241.0447
1859000	11240.6625
1859500	11241.1111
1860000	11240.7215
1860500	11240.9405
1861000	11241.2796
1861500	11241.6540
1862000	11242.8004
1862500	11243.5946
1863000	11242.8285
1863500	11241.8345
1864000	11242.0262
1864500	11241.2902
1865000	11241.6988
1865500	11242.1029
1866000	11241.5417
1866500	11240.3238
1867000	11239.6057
1867500	11239.4393
1868000	11239.4924
1868500	11239.6910
1869000	11239.2277
1869500	11238.0511
1870000	11237.4040
1870500	11238.2558
1871000	11238.4243
1871500	11237.8561
1872000	11237.9498
1872500	11237.5742
1873000	11237.1728
1873500	11237.4222
1874000	11237.8766
1874500	11238.2905
1875000	11238.1354
1875500	11238.7849
1876000	11239.3815
1876500	11240.7633
1877000	11240.7069
1877500	11240.9558
1878000	11240.9134
1878500	11241.1825
1879000	11241.5263
1879500	11240.7822
1880000	11240.8457
1880500	11240.8728
1881000	11240.4361
1881500	11240.0274
1882000	11239.1179
1882500	11238.5567
1883000	11238.3727
1883500	11238.2959
1884000	11238.0005
1884500	11237.8978
1885000	11237.7000
1885500	11237.3580
1886000	11236.1929
1886500	11235.6954
1887000	11236.0487
1887500	11235.9880
1888000	11236.4641
1888500	11237.6670
1889000	11237.6151
1889500	11235.0534
1890000	11234.9985
1890500	11235.2463
1891000	11234.7557
1891500	11235.4104
1892000	11235.3611
1892500	11235.2721
1893000	11235.0002
1893500	11235.8139
1894000	11236.3567
1894500	11237.0193
1895000	11238.1661
1895500	11237.9683
1896000	11237.6865
1896500	11237.7403
1897000	11237.6999
1897500	11237.9128
1898000	11237.0998
1898500	11236.5612
1899000	11236.3823
1899500	11236.3823
1900000	11236.2827
1900500	11235.1878
1901000	11234.3909
1901500	11232.9385
1902000	11232.4948
1902500	11232.4948
1903000	11232.2909
1903500	11232.6015
1904000	11232.4121
1904500	11231.7774
1905000	11232.2523
1905500	11231.7306
1906000	11231.9917
1906500	11232.3282
1907000	11231.9581
1907500	11231.5877
1908000	11231.9104
1908500	11231.8717
1909000	11231.7641
1909500	11231.5171
1910000	11231.8155
1910500	11231.3897
1911000	11231.4638
1911500	11230.9282
1912000	11231.0674
1912500	11229.8820
1913000	11230.5745
1913500	11231.8321
1914000	11232.4302
1914500	11232.3404
1915000	11231.5454
1915500	11233.1342
1916000	11233.4524
1916500	11233.1457
1917000	11232.5567
1917500	11232.6436
1918000	11231.7750
1918500	11231.5912
1919000	11230.7693
1919500	11230.8759
1920000	11230.8461
1920500	11230.9072
1921000	11229.8593
1921500	11229.3200
1922000	11230.4743
1922500	11229.5110
1923000	11230.1194
1923500	11229.5987
1924000	11230.6895
1924500	11231.4896
1925000	11231.6435
1925500	11231.1458
1926000	11231.7673
1926500	11231.2842
1927000	11232.0942
1927500	11232.3081
1928000	11231.4880
1928500	11231.5055
1929000	11231.8727
1929500	11231.6512
1930000	11231.4593
1930500	11232.0088
1931000	11232.8764
1931500	11233.3793
1932000	11233.8316
1932500	11233.5162
1933000	11233.7140
1933500	11234.0484
1934000	11234.1655
1934500	11233.0303
1935000	11233.8849
1935500	11233.9652
1936000	11233.1372
1936500	11233.9557
1937000	11233.5111
1937500	11234.6441
1938000	11235.5083
1938500	11235.0076
1939000	11234.9426
1939500	11234.3967
1940000	11235.4630
1940500	11235.4776
1941000	11235.3328
1941500	11235.7370
1942000	11236.4230
1942500	11237.3885
1943000	11238.9781
1943500	11238.8324
1944000	11237.1026
1944500	11236.0075
1945000	11236.5425
1945500	11236.9321
1946000	11236.6322
1946500	11236.6431
1947000	11235.3620
1947500	11234.3984
1948000	11233.9220
1948500	11234.6423
1949000	11235.4588
1949500	11235.9434
1950000	11235.9028
1950500	11236.9880
1951000	11237.2740
1951500	11238.1608
1952000	11238.3803
1952500	11238.2122
1953000	11238.3193
1953500	11238.6875
1954000	11238.1448
1954500	11238.6477
1955000	11239.2827
1955500	11240.0666
1956000	11239.6472
1956500	11239.6348
1957000	11238.8527
1957500	11238.1621
1958000	11236.8223
1958500	11236.3989
1959000	11237.3225
1959500	11237.5064
1960000	11236.0550
1960500	11235.9003
1961000	11235.7346
1961500	11236.8885
1962000	11237.5874
1962500	11237.7702
1963000	11237.6117
1963500	11238.2336
1964000	11238.3553
1964500	11238.4720
1965000	11238.6448
1965500	11238.5624
1966000	11237.5674
1966500	11238.1716
1967000	11238.1716
1967500	11238.6763
1968000	11237.6948
1968500	11237.4691
1969000	11238.0014
1969500	11237.5992
1970000	11237.4920
1970500	11238.1737
1971000	11237.7255
1971500	11238.6462
1972000	11238.3487
1972500	11238.1914
1973000	11238.9894
1973500	11239.8828
1974000	11239.7210
1974500	11239.9940
1975000	11240.2111
1975500	11240.7624
1976000	11240.6985
1976500	11241.3186
1977000	11241.4669
1977500	11241.2573
1978000	11241.4819
1978500	11242.3131
1979000	11242.1212
1979500	11241.9465
1980000	11241.8326
1980500	11241.9117
1981000	11241.7750
1981500	11241.9345
1982000	11240.6377
1982500	11240.2072
1983000	11240.5703
1983500	11241.1614
1984000	11241.6182
1984500	11241.6875
1985000	11242.2721
1985500	11242.2802
1986000	11242.1919
1986500	11242.9147
1987000	11243.0795
1987500	11243.0530
1988000	11243.0530
1988500	11242.8436
1989000	11242.8436
1989500	11242.7287
1990000	11242.5360
1990500	11242.8709
1991000	11242.4337
1991500	11242.7331
1992000	11244.0276
1992500	11243.7677
1993000	11242.8812
1993500	11243.2795
1994000	11244.2728
1994500	11243.4839
1995000	11243.8647
1995500	11244.0379
1996000	11243.0497
1996500	11242.8835
1997000	11243.1366
1997500	11242.8342
1998000	11243.1861
1998500	11243.1561
1999000	11244.2408
1999500	11244.1869
2000000	11244.7712
2000500	11244.9717
2001000	11244.0099
2001500	11244.1873
2002000	11244.5730
2002500	11245.9378
2003000	11246.1941
2003500	11245.4403
2004000	11245.2641
2004500	11245.2968
2005000	11245.3650
2005500	11245.6623
2006000	11246.2163
2006500	11246.8231
2007000	11247.4701
2007500	11247.7155
2008000	11248.3609
2008500	11248.8512
2009000	11248.2097
2009500	11247.7909
2010000	11247.8951
2010500	11248.5233
2011000	11247.5587
2011500	11247.9405
2012000	11248.1558
2012500	11249.1301
2013000	11248.8660
2013500	11250.0968
2014000	11249.4510
2014500	11250.3775
2015000	11251.1960
2015500	11251.1953
2016000	11251.3452
2016500	11251.3345
2017000	11251.3281
2017500	11251.6028
2018000	11251.2392
2018500	11251.6904
2019000	11252.9859
2019500	11252.5974
2020000	11252.8381
2020500	11252.7811
2021000	11253.7744
2021500	11253.5592
2022000	11253.8762
2022500	11252.5428
2023000	11253.5200
2023500	11253.7000
2024000	11254.4798
2024500	11254.4286
2025000	11253.6872
2025500	11253.4541
2026000	11253.4882
2026500	11252.6974
2027000	11253.0228
2027500	11252.9670
2028000	11251.7550
2028500	11253.1921
2029000	11252.9757
2029500	11251.5496
2030000	11252.8804
2030500	11252.3099
2031000	11253.1026
2031500	11253.9952
2032000	11254.4727
2032500	11253.9089
2033000	11253.8130
2033500	11253.9080
2034000	11253.9415
2034500	11254.0131
2035000	11253.9065
2035500	11253.3947
2036000	11253.3947
2036500	11253.6793
2037000	11253.7509
2037500	11254.0740
2038000	11253.9226
2038500	11254.0575
2039000	11254.9940
2039500	11254.9182
2040000	11254.4074
2040500	11254.7845
2041000	11255.3256
2041500	11255.5456
2042000	11255.1815
2042500	11254.8775
2043000	11255.0743
2043500	11254.9297
2044000	11254.4954
2044500	11254.8906
2045000	11254.8906
2045500	11255.3823
2046000	11255.6081
2046500	11255.1926
2047000	11254.4325
2047500	11254.4325
2048000	11253.8547
2048500	11253.4846
2049000	11253.6635
2049500	11253.2718
2050000	11252.5947
2050500	11252.8915
2051000	11253.1170
2051500	11253.0203
2052000	11253.1679
2052500	11253.3603
2053000	11253.6657
2053500	11253.8016
2054000	11253.7644
2054500	11253.1349
2055000	11253.0227
2055500	11252.9025
2056000	11253.3228
2056500	11252.5715
2057000	11251.0732
2057500	11251.3442
2058000	11251.6980
2058500	11252.0310
2059000	11251.1077
2059500	11252.0074
2060000	11252.9026
2060500	11252.8874
2061000	11252.8281
2061500	11253.2612
2062000	11253.5155
2062500	11253.1607
2063000	11253.5907
2063500	11253.9527
2064000	11253.9428
2064500	11253.2419
2065000	11253.9816
2065500	11253.7346
2066000	11252.5675
2066500	11252.3878
2067000	11251.9291
2067500	11251.2682
2068000	11251.2682
2068500	11251.3484
2069000	11250.3662
2069500	11250.8225
2070000	11250.9978
2070500	11251.1907
2071000	11251.4123
2071500	11252.0047
2072000	11252.6838
2072500	11253.0612
2073000	11253.7465
2073500	11254.7616
2074000	11254.8818
2074500	11254.6034
2075000	11255.0977
2075500	11254.3796
2076000	11253.3038
2076500	11254.1301
2077000	11253.6247
2077500	11254.4461
2078000	11253.7879
2078500	11253.8384
2079000	11253.4066
2079500	11253.1965
2080000	11253.3630
2080500	11253.4838
2081000	11253.8576
2081500	11253.8576
2082000	11254.6511
2082500	11254.9711
2083000	11254.2437
2083500	11254.3065
2084000	11254.7128
2084500	11254.5870
2085000	11254.1587
2085500	11254.8270
2086000	11255.3271
2086500	11255.8805
2087000	11255.5073
2087500	11255.8197
2088000	11255.1879
2088500	11255.0091
2089000	11253.7671
2089500	11254.3855
2090000	11253.3744
2090500	11254.1119
2091000	11253.9879
2091500	11253.8558
2092000	11252.1063
2092500	11251.7065
2093000	11251.2622
2093500	11250.8714
2094000	11251.5365
2094500	11250.8603
2095000	11251.1961
2095500	11251.8872
2096000	11252.9136
2096500	11253.0457
2097000	11253.0457
2097500	11254.0606
2098000	11254.9527
2098500	11253.7612
2099000	11253.9195
2099500	11254.1026
2100000	11255.1181
2100500	11255.8066
2101000	11255.6693
2101500	11256.5752
2102000	11256.1621
2102500	11255.9945
2103000	11254.8829
2103500	11255.5483
2104000	11255.9869
2104500	11256.7598
2105000	11256.7598
2105500	11255.8090
2106000	11255.6813
2106500	11255.2451
2107000	11254.7823
2107500	11254.1734
2108000	11254.5402
2108500	11253.5640
2109000	11253.9851
2109500	11254.4716
2110000	11253.8259
2110500	11253.3047
2111000	11253.6724
2111500	11254.0488
2112000	11253.9059
2112500	11254.1305
2113000	11253.6672
2113500	11254.2773
2114000	11254.1115
2114500	11253.3319
2115000	11253.8435
2115500	11254.5422
2116000	11255.8345
2116500	11255.9846
2117000	11256.3556
2117500	11256.7411
2118000	11256.9619
2118500	11256.6530
2119000	11256.7674
2119500	11255.7036
2120000	11256.0277
2120500	11256.3717
2121000	11257.0218
2121500	11257.5337
2122000	11256.9554
2122500	11256.4643
2123000	11256.3010
2123500	11256.8216
2124000	11257.7479
2124500	11256.9257
2125000	11258.1351
2125500	11258.7047
2126000	11259.6337
2126500	11259.4386
2127000	11259.7273
2127500	11259.3988
2128000	11259.7576
2128500	11259.8974
2129000	11258.7552
2129500	11257.7189
2130000	11257.7594
2130500	11257.8188
2131000	11258.8215
2131500	11258.7379
2132000	11258.7379
2132500	11258.9818
2133000	11258.6816
2133500	11258.3658
2134000	11258.5834
2134500	11258.8346
2135000	11258.9903
2135500	11259.9880
2136000	11260.9625
2136500	11260.7888
2137000	11260.9131
2137500	11260.2482
2138000	11259.5006
2138500	11260.2384
2139000	11259.8517
2139500	11260.2341
2140000	11260.3679
2140500	11260.0235
2141000	11260.1448
2141500	11260.1709
2142000	11260.4254
2142500	11261.5664
2143000	11262.3571
2143500	11263.1694
2144000	11263.3663
2144500	11264.4323
2145000	11264.2173
2145500	11263.7357
2146000	11264.5414
2146500	11265.2933
2147000	11264.7915
2147500	11265.0170
2148000	11265.4062
2148500	11264.8545
2149000	11265.6933
2149500	11266.9080
2150000	11266.5091
2150500	11266.2744
2151000	11267.1777
2151500	11267.2407
2152000	11266.8556
2152500	11266.5860
2153000	11266.0398
2153500	11266.5599
2154000	11266.5123
2154500	11266.4600
2155000	11266.8266
2155500	11267.2591
2156000	11267.7967
2156500	11268.8015
2157000	11268.6325
2157500	11268.2546
2158000	11268.9339
2158500	11269.5101
2159000	11270.4209
2159500	11270.5885
2160000	11270.8036
2160500	11271.1378
2161000	11272.1353
2161500	11273.0479
2162000	11273.3716
2162500	11273.4251
2163000	11273.3686
2163500	11273.7799
2164000	11272.7479
2164500	11273.1903
2165000	11273.1903
2165500	11273.5682
2166000	11273.9303
2166500	11274.8842
2167000	11274.9567
2167500	11274.0904
2168000	11273.8013
2168500	11273.3820
2169000	11272.1756
2169500	11271.7991
2170000	11273.0282
2170500	11273.4081
2171000	11274.3268
2171500	11275.0442
2172000	11275.2127
2172500	11274.6156
2173000	11275.1233
2173500	11275.3725
2174000	11276.1865
2174500	11275.8484
2175000	11275.8484
2175500	11276.6184
2176000	11276.7116
2176500	11276.1218
2177000	11276.8912
2177500	11275.3949
2178000	11275.0819
2178500	11275.4635
2179000	11276.1459
2179500	11276.0577
2180000	11275.3710
2180500	11275.7736
2181000	11275.0822
2181500	11275.0822
2182000	11275.5205
2182500	11275.7412
2183000	11274.8560
2183500	11274.4642
2184000	11274.2671
2184500	11273.6754
2185000	11274.7206
2185500	11274.3913
2186000	11274.5035
2186500	11274.7662
2187000	11274.3514
2187500	11273.7653
2188000	11273.4624
2188500	11273.3111
2189000	11272.3786
2189500	11272.4084
2190000	11273.3715
2190500	11273.0093
2191000	11273.0994
2191500	11273.4720
2192000	11273.2266
2192500	11273.2295
2193000	11273.7124
2193500	11273.6622
2194000	11273.1339
2194500	11273.8694
2195000	11273.9088
2195500	11273.3143
2196000	11273.4463
2196500	11273.8398
2197000	11274.0225
2197500	11274.2536
2198000	11274.4719
2198500	11274.3904
2199000	11272.6573
2199500	11272.4986
2200000	11272.9225
2200500	11272.9225
2201000	11272.0160
2201500	11272.0013
2202000	11270.1510
2202500	11269.5813
2203000	11269.1368
2203500	11269.0957
2204000	11269.1652
2204500	11269.7272
2205000	11269.4065
2205500	11268.7485
2206000	11269.3687
2206500	11268.6892
2207000	11268.9810
2207500	11268.9810
2208000	11270.0416
2208500	11270.8569
2209000	11270.8569
2209500	11270.9913
2210000	11271.3162
2210500	11270.9957
2211000	11270.9852
2211500	11272.2379
2212000	11271.6496
2212500	11270.5462
2213000	11269.8010
2213500	11269.6880
2214000	11271.1087
2214500	11271.3780
2215000	11271.7850
2215500	11271.5156
2216000	11271.7528
2216500	11272.0286
2217000	11272.0764
2217500	11271.2249
2218000	11270.0505
2218500	11270.0304
2219000	11270.0334
2219500	11268.9460
2220000	11269.1336
2220500	11269.9322
2221000	11269.3865
2221500	11267.5767
2222000	11267.9322
2222500	11267.8822
2223000	11267.2244
2223500	11267.0505
2224000	11266.4654
2224500	11266.7016
2225000	11267.0816
2225500	11266.9553
2226000	11266.5283
2226500	11266.0717
2227000	11266.2422
2227500	11265.6523
2228000	11266.1483
2228500	11266.4033
2229000	11266.1317
2229500	11266.4761
2230000	11265.9669
2230500	11265.9070
2231000	11265.6969
2231500	11265.6969
2232000	11266.0269
2232500	11266.3522
2233000	11265.6485
2233500	11265.3628
2234000	11265.2872
2234500	11265.8864
2235000	11265.6713
2235500	11266.0899
2236000	11265.3563
2236500	11265.0254
2237000	11265.0917
2237500	11263.7482
2238000	11264.3657
2238500	11265.5823
2239000	11265.8810
2239500	11265.5541
2240000	11266.1438
2240500	11266.1901
2241000	11265.3008
2241500	11265.3136
2242000	11265.2626
2242500	11264.7525
2243000	11264.7353
2243500	11264.1412
2244000	11264.5092
2244500	11264.9389
2245000	11265.2641
2245500	11264.4757
2246000	11264.0038
2246500	11263.1939
2247000	11262.8528
2247500	11262.4539
2248000	11261.9444
2248500	11261.2936
2249000	11261.6441
2249500	11261.2658
2250000	11261.8899
2250500	11262.5208
2251000	11262.2565
2251500	11262.2590
2252000	11263.0748
2252500	11263.5320
2253000	11263.8088
2253500	11264.0474
2254000	11263.7755
2254500	11263.9500
2255000	11264.4841
2255500	11264.1993
2256000	11263.8755
2256500	11263.5215
2257000	11263.7448
2257500	11264.0727
2258000	11264.1443
2258500	11265.0603
2259000	11265.0603
2259500	11265.2032
2260000	11265.9166
2260500	11266.1901
2261000	11266.3266
2261500	11267.1087
2262000	11266.7917
2262500	11267.3830
2263000	11266.8260
2263500	11267.2527
2264000	11267.1209
2264500	11268.0092
2265000	11267.7908
2265500	11268.1480
2266000	11268.1480
2266500	11268.1555
2267000	11268.0898
2267500	11267.9028
2268000	11267.7064
2268500	11267.5164
2269000	11267.5164
2269500	11266.1762
2270000	11266.7944
2270500	11267.0254
2271000	11267.3342
2271500	11267.1992
2272000	11266.1691
2272500	11266.4234
2273000	11266.4234
2273500	11265.4166
2274000	11266.0482
2274500	11264.3007
2275000	11265.4373
2275500	11264.3184
2276000	11264.6105
2276500	11263.5275
2277000	11263.0748
2277500	11262.7580
2278000	11262.7126
2278500	11262.1077
2279000	11262.1077
2279500	11261.9348
2280000	11261.4363
2280500	11261.1750
2281000	11260.3424
2281500	11261.0694
2282000	11261.0694
2282500	11260.9781
2283000	11259.9841
2283500	11260.1649
2284000	11260.3715
2284500	11259.7164
2285000	11259.4790
2285500	11260.3890
2286000	11260.0523
2286500	11258.1911
2287000	11258.5431
2287500	11258.5740
2288000	11259.4926
2288500	11258.5764
2289000	11258.7009
2289500	11258.7250
2290000	11258.9368
2290500	11259.0028
2291000	11258.7085
2291500	11258.4201
2292000	11258.6075
2292500	11259.2059
2293000	11259.3237
2293500	11259.3237
2294000	11259.7391
2294500	11259.5728
2295000	11260.5341
2295500	11260.5341
2296000	11261.3135
2296500	11261.1195
2297000	11261.4295
2297500	11260.6475
2298000	11260.2590
2298500	11260.1047
2299000	11260.1190
2299500	11260.4819
2300000	11260.0428
2300500	11260.5875
2301000	11259.9182
2301500	11260.8689
2302000	11261.6141
2302500	11261.5925
2303000	11261.5331
2303500	11261.4691
2304000	11261.6283
2304500	11262.1051
2305000	11262.1478
2305500	11262.4083
2306000	11262.2751
2306500	11262.0209
2307000	11262.2089
2307500	11261.6205
2308000	11262.1802
2308500	11262.4845
2309000	11262.5174
2309500	11262.2497
2310000	11261.4454
2310500	11260.9723
2311000	11260.9716
2311500	11261.4022
2312000	11261.5812
2312500	11261.5812
2313000	11260.4686
2313500	11260.7673
2314000	11261.5326
2314500	11261.0091
2315000	11260.6830
2315500	11260.6908
2316000	11261.0318
2316500	11260.0506
2317000	11259.6084
2317500	11259.2888
2318000	11259.0513
2318500	11258.4314
2319000	11258.8474
2319500	11258.3419
2320000	11258.1203
2320500	11257.9231
2321000	11257.9660
2321500	11257.5133
2322000	11257.7894
2322500	11256.6565
2323000	11255.6532
2323500	11256.4555
2324000	11256.8012
2324500	11256.3521
2325000	11256.7481
2325500	11257.0181
2326000	11256.4303
2326500	11256.0922
2327000	11256.0922
2327500	11256.4982
2328000	11256.4705
2328500	11256.6272
2329000	11256.6272
2329500	11256.9096
2330000	11257.6792
2330500	11257.9636
2331000	11257.8240
2331500	11257.7293
2332000	11257.5825
2332500	11257.9324
2333000	11258.0792
2333500	11258.3329
2334000	11259.4166
2334500	11258.6695
2335000	11258.6560
2335500	11258.2847
2336000	11259.0055
2336500	11259.6161
2337000	11259.3506
2337500	11258.8784
2338000	11258.4849
2338500	11258.2482
2339000	11258.9295
2339500	11259.2875
2340000	11259.6433
2340500	11259.9940
2341000	11260.2785
2341500	11259.5731
2342000	11259.0797
2342500	11259.3911
2343000	11259.0917
2343500	11259.0917
2344000	11258.2061
2344500	11258.5729
2345000	11258.8202
2345500	11259.2921
2346000	11259.4558
2346500	11259.4558
2347000	11258.3262
2347500	11258.5172
2348000	11259.0461
2348500	11258.3427
2349000	11258.6025
2349500	11258.3518
2350000	11257.8257
2350500	11257.7128
2351000	11257.9539
2351500	11258.4858
2352000	11259.0159
2352500	11258.7365
2353000	11258.7795
2353500	11258.7795
2354000	11258.9435
2354500	11258.9435
2355000	11259.1669
2355500	11259.3220
2356000	11259.2436
2356500	11259.3661
2357000	11259.6205
2357500	11259.9550
2358000	11260.2112
2358500	11258.9157
2359000	11259.8248
2359500	11260.1562
2360000	11260.2635
2360500	11259.8294
2361000	11260.0295
2361500	11260.4031
2362000	11260.8564
2362500	11260.5070
2363000	11261.2504
2363500	11260.7355
2364000	11260.7355
2364500	11260.7572
2365000	11260.6285
2365500	11260.3511
2366000	11260.5812
2366500	11260.1660
2367000	11260.6864
2367500	11259.9028
2368000	11259.4122
2368500	11258.9508
2369000	11259.3221
2369500	11258.8229
2370000	11258.8229
2370500	11258.8229
2371000	11258.6957
2371500	11258.9415
2372000	11258.6949
2372500	11260.0289
2373000	11259.7373
2373500	11259.6600
2374000	11259.5685
2374500	11259.0823
2375000	11260.3374
2375500	11260.3702
2376000	11259.8825
2376500	11260.5630
2377000	11260.2484
2377500	11261.2382
2378000	11260.9467
2378500	11260.8445
2379000	11260.7148
2379500	11261.1941
2380000	11260.7416
2380500	11260.6821
2381000	11261.1393
2381500	11261.2800
2382000	11262.2482
2382500	11261.4656
2383000	11261.6083
2383500	11261.6342
2384000	11261.2238
2384500	11261.3771
2385000	11261.9423
2385500	11261.9968
2386000	11262.1597
2386500	11261.1240
2387000	11261.2120
2387500	11261.5304
2388000	11262.2120
2388500	11261.7516
2389000	11262.3822
2389500	11262.4119
2390000	11261.8938
2390500	11262.4211
2391000	11263.1512
2391500	11263.9572
2392000	11263.5772
2392500	11262.9275
2393000	11263.4876
2393500	11263.6735
2394000	11263.3694
2394500	11264.2928
2395000	11263.7431
2395500	11264.0428
2396000	11263.6831
2396500	11263.7790
2397000	11263.3679
2397500	11263.3679
2398000	11264.1343
2398500	11264.2896
2399000	11264.5068
2399500	11264.5493
2400000	11265.0068
2400500	11265.5464
2401000	11265.5464
2401500	11265.3263
2402000	11264.9920
2402500	11266.1820
2403000	11266.2831
2403500	11265.1317
2404000	11265.8669
2404500	11266.3594
2405000	11266.8386
2405500	11267.3227
2406000	11267.9640
2406500	11267.4734
2407000	11266.9134
2407500	11267.1129
2408000	11267.7606
2408500	11268.5855
2409000	11268.9250
2409500	11269.5721
2410000	11269.1172
2410500	11268.3313
2411000	11268.4898
2411500	11269.0521
2412000	11268.3557
2412500	11268.1624
2413000	11269.4246
2413500	11269.1663
2414000	11268.5839
2414500	11268.2936
2415000	11267.4138
2415500	11267.1645
2416000	11266.5722
2416500	11266.0827
2417000	11264.9865
2417500	11263.1698
2418000	11262.8992
2418500	11263.5239
2419000	11263.7227
2419500	11263.8318
2420000	11263.2897
2420500	11264.1590
2421000	11264.9363
2421500	11265.0643
2422000	11265.0643
2422500	11264.4121
2423000	11264.9657
2423500	11264.5395
2424000	11264.2655
2424500	11264.1753
2425000	11263.8957
2425500	11264.1350
2426000	11264.3744
2426500	11263.9106
2427000	11264.3248
2427500	11262.9078
2428000	11262.5320
2428500	11261.4925
2429000	11261.6719
2429500	11261.6719
2430000	11261.2382
2430500	11261.3090
2431000	11261.4771
2431500	11260.9077
2432000	11261.3224
2432500	11261.3224
2433000	11261.3390
2433500	11261.4169
2434000	11261.3286
2434500	11261.9273
2435000	11261.1006
2435500	11261.3986
2436000	11260.9106
2436500	11260.9412
2437000	11261.4134
2437500	11261.5025
2438000	11261.1504
2438500	11260.5969
2439000	11260.7212
2439500	11260.9822
2440000	11259.7098
2440500	11259.2585
2441000	11259.0378
2441500	11258.7079
2442000	11258.5113
2442500	11259.3960
2443000	11259.4265
2443500	11259.0027
2444000	11260.0720
2444500	11260.1242
2445000	11260.5955
2445500	11260.1613
2446000	11259.8635
2446500	11259.6776
2447000	11259.9967
2447500	11259.5295
2448000	11259.0433
2448500	11257.9646
2449000	11257.6432
2449500	11257.1768
2450000	11257.1790
2450500	11256.9028
2451000	11256.6228
2451500	11256.4337
2452000	11257.7165
2452500	11257.8139
2453000	11258.0527
2453500	11258.8529
2454000	11258.6542
2454500	11258.0467
2455000	11258.0034
2455500	11258.0582
2456000	11257.8901
2456500	11258.0493
2457000	11258.7127
2457500	11258.1625
2458000	11257.9253
2458500	11256.7477
2459000	11256.7294
2459500	11256.8011
2460000	11257.2669
2460500	11257.1283
2461000	11257.6168
2461500	11258.6189
2462000	11257.9356
2462500	11258.7795
2463000	11258.8264
2463500	11258.8264
2464000	11259.1274
2464500	11259.7451
2465000	11259.9255
2465500	11259.7667
2466000	11258.6041
2466500	11258.8003
2467000	11258.8233
2467500	11258.3055
2468000	11258.6427
2468500	11258.7715
2469000	11258.7947
2469500	11257.9612
2470000	11257.8072
2470500	11256.6740
2471000	11256.4372
2471500	11256.7559
2472000	11256.3148
2472500	11256.1543
2473000	11256.2416
2473500	11255.4223
2474000	11255.3254
2474500	11255.4419
2475000	11255.2213
2475500	11255.7814
2476000	11255.3036
2476500	11253.9175
2477000	11254.2181
2477500	11255.0815
2478000	11255.8831
2478500	11256.4383
2479000	11255.8753
2479500	11255.7705
2480000	11255.6541
2480500	11254.5787
2481000	11254.2464
2481500	11254.7039
2482000	11254.1494
2482500	11254.2634
2483000	11255.5166
2483500	11256.0987
2484000	11256.4642
2484500	11256.6439
2485000	11256.3129
2485500	11255.4005
2486000	11255.5074
2486500	11254.5765
2487000	11254.1324
2487500	11254.8402
2488000	11255.0105
2488500	11254.0076
2489000	11253.9398
2489500	11253.6573
2490000	11253.5117
2490500	11253.5657
2491000	11253.7285
2491500	11253.6466
2492000	11253.7391
2492500	11253.7391
2493000	11253.4766
2493500	11252.6258
2494000	11252.7527
2494500	11253.1266
2495000	11252.9007
2495500	11253.4485
2496000	11254.0746
2496500	11253.5668
2497000	11253.5161
2497500	11252.9313
2498000	11253.6479
2498500	11253.5028
2499000	11253.8020
2499500	11254.1398
2500000	11253.9427
2500500	11253.1081
2501000	11252.9799
2501500	11252.6687
2502000	11252.4033
2502500	11252.5923
2503000	11252.9514
2503500	11251.8891
2504000	11251.9036
2504500	11252.1773
2505000	11251.8151
2505500	11251.6954
2506000	11251.6378
2506500	11251.6637
2507000	11251.8166
2507500	11250.9798
2508000	11251.6519
2508500	11251.5084
2509000	11251.5084
2509500	11251.1451
2510000	11251.0819
2510500	11250.7094
2511000	11250.5906
2511500	11250.8071
2512000	11251.7331
2512500	11251.3111
2513000	11251.5770
2513500	11251.5770
2514000	11251.5212
2514500	11251.3335
2515000	11251.4950
2515500	11251.5009
2516000	11251.9676
2516500	11252.4790
2517000	11252.8714
2517500	11253.5379
2518000	11253.7058
2518500	11252.4709
2519000	11252.4709
2519500	11252.7285
2520000	11252.7627
2520500	11252.8170
2521000	11252.6542
2521500	11251.1868
2522000	11251.1473
2522500	11251.2719
2523000	11252.0317
2523500	11251.7185
2524000	11250.9952
2524500	11251.3870
2525000	11251.3946
2525500	11251.6385
2526000	11250.2166
2526500	11250.4906
2527000	11250.8244
2527500	11249.8705
2528000	11250.1249
2528500	11248.9428
2529000	11249.1485
2529500	11249.2798
2530000	11249.2469
2530500	11249.2007
2531000	11248.8189
2531500	11248.0314
2532000	11247.9939
2532500	11248.3607
2533000	11248.5231
2533500	11248.0329
2534000	11247.2425
2534500	11246.8978
2535000	11247.1766
2535500	11247.6578
2536000	11248.2553
2536500	11247.5443
2537000	11247.1633
2537500	11246.6782
2538000	11246.7748
2538500	11246.7748
2539000	11247.4576
2539500	11247.8332
2540000	11247.6978
2540500	11248.2353
2541000	11249.0485
2541500	11248.9733
2542000	11249.3452
2542500	11249.6220
2543000	11247.5067
2543500	11247.4757
2544000	11247.9200
2544500	11247.4007
2545000	11247.4193
2545500	11248.7685
2546000	11248.6542
2546500	11248.2362
2547000	11247.7867
2547500	11247.9678
2548000	11248.2653
2548500	11246.9756
2549000	11246.9251
2549500	11246.4033
2550000	11246.2613
2550500	11246.7716
2551000	11246.8570
2551500	11246.4692
2552000	11246.1219
2552500	11245.9666
2553000	11246.0128
2553500	11245.4104
2554000	11245.0435
2554500	11245.5274
2555000	11244.9306
2555500	11245.2077
2556000	11245.7550
2556500	11246.0525
2557000	11245.8617
2557500	11246.2064
2558000	11245.6587
2558500	11245.7837
2559000	11245.7331
2559500	11246.0320
2560000	11245.8934
2560500	11245.7437
2561000	11246.2850
2561500	11246.7427
2562000	11247.0094
2562500	11246.3699
2563000	11246.8855
2563500	11245.8165
2564000	11245.3998
2564500	11244.5242
2565000	11244.7155
2565500	11245.0507
2566000	11243.8575
2566500	11243.5828
2567000	11243.1285
2567500	11244.2129
2568000	11243.8440
2568500	11243.2961
2569000	11243.4836
2569500	11244.0408
2570000	11244.7144
2570500	11244.3767
2571000	11244.3767
2571500	11244.1812
2572000	11243.8475
2572500	11243.5035
2573000	11244.0295
2573500	11244.2568
2574000	11244.1487
2574500	11243.0606
2575000	11243.1032
2575500	11242.8278
2576000	11243.0682
2576500	11243.3204
2577000	11242.0759
2577500	11241.3004
2578000	11241.4109
2578500	11241.9913
2579000	11242.0554
2579500	11242.0554
2580000	11242.6526
2580500	11242.7042
2581000	11242.0309
2581500	11242.4363
2582000	11242.8953
2582500	11243.0644
2583000	11243.2875
2583500	11243.3581
2584000	11242.3488
2584500	11241.9682
2585000	11241.7041
2585500	11242.1124
2586000	11241.6209
2586500	11241.4056
2587000	11241.6944
2587500	11241.9091
2588000	11240.9678
2588500	11240.3681
2589000	11240.2298
2589500	11240.2112
2590000	11240.6323
2590500	11241.4337
2591000	11241.1811
2591500	11241.0444
2592000	11241.4368
2592500	11241.4828
2593000	11242.0391
2593500	11242.3576
2594000	11242.7230
2594500	11242.0952
2595000	11241.9898
2595500	11241.8342
2596000	11242.9576
2596500	11243.8933
2597000	11243.9346
2597500	11244.0522
2598000	11244.1347
2598500	11244.2262
2599000	11244.3407
2599500	11244.1811
2600000	11244.8502
2600500	11244.2338
2601000	11243.4406
2601500	11243.2893
2602000	11243.4266
2602500	11243.7364
2603000	11243.9607
2603500	11243.3441
2604000	11242.3448
2604500	11242.6478
2605000	11242.6194
2605500	11242.7963
2606000	11242.0598
2606500	11243.0215
2607000	11243.3464
2607500	11243.6093
2608000	11244.0986
2608500	11243.3529
2609000	11242.6977
2609500	11242.6051
2610000	11242.8062
2610500	11242.6111
2611000	11242.9890
2611500	11242.9584
2612000	11242.7733
2612500	11242.7341
2613000	11242.4957
2613500	11241.6658
2614000	11242.8794
2614500	11242.4295
2615000	11242.1187
2615500	11242.1187
2616000	11242.2611
2616500	11241.9963
2617000	11242.3244
2617500	11241.9261
2618000	11241.2212
2618500	11239.9188
2619000	11240.2053
2619500	11240.2245
2620000	11239.9764
2620500	11239.8920
2621000	11240.1440
2621500	11240.1440
2622000	11239.9560
2622500	11240.0296
2623000	11240.8373
2623500	11241.0310
2624000	11240.6141
2624500	11241.1098
2625000	11241.1658
2625500	11240.9394
2626000	11241.4962
2626500	11241.7315
2627000	11241.4010
2627500	11242.2168
2628000	11241.2925
2628500	11241.4588
2629000	11241.5834
2629500	11240.7850
2630000	11240.5202
2630500	11240.9768
2631000	11239.7935
2631500	11240.0256
2632000	11239.4683
2632500	11239.4683
2633000	11239.6244
2633500	11239.4373
2634000	11239.3872
2634500	11239.3872
2635000	11238.8940
2635500	11239.2575
2636000	11238.9012
2636500	11239.0347
2637000	11239.0138
2637500	11239.3487
2638000	11239.5546
2638500	11239.7260
2639000	11239.1682
2639500	11238.6985
2640000	11238.9427
2640500	11238.9951
2641000	11238.7758
2641500	11238.8108
2642000	11238.1079
2642500	11237.5204
2643000	11237.8587
2643500	11237.8765
2644000	11237.5659
2644500	11237.2021
2645000	11236.8989
2645500	11236.9554
2646000	11236.8860
2646500	11237.3798
2647000	11237.3215
2647500	11237.8411
2648000	11237.3906
2648500	11237.3995
2649000	11238.0755
2649500	11238.8172
2650000	11239.3057
2650500	11240.0452
2651000	11240.4108
2651500	11240.0024
2652000	11239.0607
2652500	11238.3442
2653000	11238.3442
2653500	11238.5514
2654000	11237.9469
2654500	11237.6595
2655000	11237.2628
2655500	11238.0871
2656000	11238.1238
2656500	11237.1552
2657000	11237.2483
2657500	11237.2057
2658000	11237.7074
2658500	11238.2441
2659000	11238.0346
2659500	11238.9867
2660000	11239.0901
2660500	11238.8628
2661000	11238.9604
2661500	11239.0776
2662000	11239.3874
2662500	11239.8391
2663000	11239.1562
2663500	11238.0531
2664000	11238.1689
2664500	11238.0108
2665000	11238.3707
2665500	11238.7407
2666000	11239.2733
2666500	11239.2199
2667000	11239.1307
2667500	11238.9267
2668000	11238.1613
2668500	11237.4923
2669000	11238.1280
2669500	11238.5409
2670000	11238.7830
2670500	11239.1501
2671000	11239.0780
2671500	11238.7662
2672000	11239.1002
2672500	11238.1886
2673000	11239.3307
2673500	11239.2546
2674000	11239.4402
2674500	11239.2776
2675000	11239.3327
2675500	11238.9731
2676000	11239.6506
2676500	11240.1130
2677000	11239.6193
2677500	11238.7902
2678000	11238.8550
2678500	11238.6001
2679000	11239.6153
2679500	11239.3857
2680000	11239.0613
2680500	11239.1394
2681000	11239.6844
2681500	11240.1371
2682000	11240.6183
2682500	11240.4006
2683000	11240.4006
2683500	11239.0232
2684000	11238.3775
2684500	11238.2526
2685000	11238.4569
2685500	11238.1261
2686000	11238.4386
2686500	11238.0065
2687000	11237.7367
2687500	11238.2429
2688000	11238.4671
2688500	11238.1660
2689000	11237.8261
2689500	11237.8331
2690000	11236.9522
2690500	11235.9272
2691000	11236.7774
2691500	11237.1781
2692000	11237.7200
2692500	11238.2107
2693000	11237.9556
2693500	11237.8720
2694000	11238.5108
2694500	11238.6460
2695000	11238.7479
2695500	11238.6352
2696000	11239.0091
2696500	11239.3020
2697000	11239.8116
2697500	11239.6282
2698000	11239.2119
2698500	11240.1489
2699000	11240.0905
2699500	11240.2183
2700000	11240.7290
2700500	11240.6923
2701000	11240.1417
2701500	11239.8683
2702000	11239.4115
2702500	11239.1049
2703000	11238.7789
2703500	11238.3921
2704000	11238.0857
2704500	11238.2004
2705000	11238.2870
2705500	11237.8244
2706000	11238.0464
2706500	11238.0079
2707000	11237.2233
2707500	11236.7833
2708000	11235.1081
2708500	11235.9217
2709000	11235.1746
2709500	11235.3453
2710000	11235.5196
2710500	11236.0414
2711000	11235.9469
2711500	11234.4425
2712000	11234.6138
2712500	11234.2904
2713000	11235.2228
2713500	11235.8450
2714000	11235.9752
2714500	11236.4436
2715000	11236.7581
2715500	11236.0314
2716000	11236.9637
2716500	11236.6436
2717000	11236.8826
2717500	11236.7588
2718000	11236.2552
2718500	11236.9482
2719000	11236.3880
2719500	11236.3540
2720000	11235.6092
2720500	11235.3498
2721000	11234.9345
2721500	11234.6415
2722000	11234.0322
2722500	11234.1015
2723000	11234.0720
2723500	11234.0778
2724000	11233.4483
2724500	11233.3261
2725000	11233.6855
2725500	11233.1627
2726000	11233.0631
2726500	11233.0631
2727000	11232.9824
2727500	11232.9789
2728000	11233.8986
2728500	11234.0657
2729000	11233.8126
2729500	11233.5166
2730000	11234.0165
2730500	11233.3509
2731000	11233.5386
2731500	11233.4720
2732000	11233.9891
2732500	11233.9891
2733000	11233.9319
2733500	11233.9319
2734000	11233.9402
2734500	11234.5712
2735000	11235.0847
2735500	11235.1777
2736000	11234.4431
2736500	11234.3848
2737000	11233.2346
2737500	11233.1397
2738000	11233.2979
2738500	11233.4937
2739000	11233.3297
2739500	11233.4654
2740000	11233.0752
2740500	11232.3021
2741000	11232.6275
2741500	11233.0614
2742000	11233.2866
2742500	11232.9017
2743000	11233.6055
2743500	11233.8263
2744000	11233.8126
2744500	11233.8736
2745000	11233.1986
2745500	11233.0498
2746000	11231.9410
2746500	11231.7749
2747000	11231.7452
2747500	11231.2593
2748000	11230.5878
2748500	11230.6531
2749000	11231.3721
2749500	11231.4205
2750000	11231.9807
2750500	11232.0776
2751000	11232.1008
2751500	11231.8899
2752000	11232.1037
2752500	11232.0538
2753000	11232.4829
2753500	11232.9405
2754000	11232.9405
2754500	11231.5632
2755000	11232.3585
2755500	11232.7508
2756000	11232.6230
2756500	11233.1582
2757000	11232.8960
2757500	11233.7461
2758000	11233.3644
2758500	11233.9846
2759000	11233.7112
2759500	11233.8663
2760000	11233.3660
2760500	11232.9883
2761000	11232.9415
2761500	11233.4228
2762000	11233.0897
2762500	11233.2754
2763000	11233.4692
2763500	11233.4159
2764000	11232.8895
2764500	11232.9624
2765000	11232.9624
2765500	11232.4961
2766000	11232.8394
2766500	11232.9465
2767000	11232.5903
2767500	11232.7262
2768000	11232.5299
2768500	11233.2420
2769000	11233.3610
2769500	11233.2787
2770000	11233.4616
2770500	11232.3069
2771000	11232.2883
2771500	11232.5339
2772000	11232.5626
2772500	11232.6865
2773000	11232.6861
2773500	11232.4394
2774000	11233.1407
2774500	11232.5879
2775000	11232.2921
2775500	11231.5088
2776000	11231.5088
2776500	11231.5014
2777000	11231.4174
2777500	11231.9155
2778000	11232.5155
2778500	11232.5297
2779000	11232.0743
2779500	11232.1106
2780000	11232.2366
2780500	11231.9147
2781000	11231.8148
2781500	11231.9795
2782000	11232.2319
2782500	11232.2306
2783000	11232.7704
2783500	11232.5300
2784000	11232.7984
2784500	11233.1236
2785000	11232.7403
2785500	11232.9658
2786000	11232.5822
2786500	11232.4542
2787000	11233.4579
2787500	11232.9517
2788000	11232.8843
2788500	11232.6283
2789000	11232.3828
2789500	11232.3474
2790000	11231.9691
2790500	11231.7470
2791000	11232.5233
2791500	11232.4215
2792000	11232.4907
2792500	11232.2984
2793000	11231.7261
2793500	11231.7773
2794000	11231.0239
2794500	11231.5083
2795000	11232.2633
2795500	11232.5115
2796000	11232.1056
2796500	11232.5830
2797000	11232.9745
2797500	11232.7689
2798000	11232.0714
2798500	11231.4905
2799000	11231.7507
2799500	11231.5647
2800000	11230.9567
2800500	11230.8500
2801000	11231.0954
2801500	11230.6841
2802000	11230.8491
2802500	11230.4154
2803000	11230.2701
2803500	11230.2825
2804000	11230.3669
2804500	11230.1665
2805000	11230.1456
2805500	11230.1456
2806000	11229.3766
2806500	11229.3766
2807000	11229.0249
2807500	11228.5802
2808000	11227.9862
2808500	11227.9629
2809000	11228.4601
2809500	11228.7722
2810000	11227.5832
2810500	11227.2610
2811000	11227.3544
2811500	11227.6819
2812000	11227.7650
2812500	11227.9723
2813000	11227.6093
2813500	11227.1736
2814000	11226.9175
2814500	11227.3203
2815000	11226.9470
2815500	11227.2243
2816000	11227.3333
2816500	11227.4114
2817000	11227.4866
2817500	11227.9832
2818000	11228.1670
2818500	11228.1560
2819000	11227.6260
2819500	11227.3365
2820000	11228.6696
2820500	11229.1270
2821000	11229.0915
2821500	11229.0915
2822000	11228.5421
2822500	11228.0138
2823000	11228.2545
2823500	11228.4296
2824000	11228.8386
2824500	11228.4998
2825000	11228.4998
2825500	11228.9777
2826000	11229.0161
2826500	11228.8554
2827000	11228.9572
2827500	11229.8141
2828000	11229.2883
2828500	11228.8202
2829000	11228.2020
2829500	11228.8727
2830000	11229.4862
2830500	11229.8165
2831000	11229.5725
2831500	11230.2524
2832000	11229.7817
2832500	11230.1386
2833000	11230.6754
2833500	11230.3896
2834000	11229.7949
2834500	11229.5036
2835000	11230.3990
2835500	11230.5158
2836000	11230.7243
2836500	11230.4855
2837000	11229.2719
2837500	11229.5935
2838000	11229.9594
2838500	11230.4138
2839000	11229.9248
2839500	11230.3139
2840000	11231.2193
2840500	11230.7282
2841000	11230.7318
2841500	11230.8898
2842000	11230.7205
2842500	11230.5760
2843000	11230.3850
2843500	11230.0803
2844000	11230.0420
2844500	11229.5540
2845000	11228.6662
2845500	11228.7725
2846000	11229.0948
2846500	11228.9153
2847000	11229.0648
2847500	11229.8788
2848000	11230.3992
2848500	11230.3944
2849000	11230.2703
2849500	11229.6663
2850000	11229.5009
2850500	11229.0964
2851000	11229.0964
2851500	11228.9891
2852000	11229.3186
2852500	11229.8103
2853000	11230.0564
2853500	11229.8626
2854000	11229.9724
2854500	11230.3422
2855000	11230.4828
2855500	11230.2079
2856000	11229.8858
2856500	11230.4962
2857000	11230.6366
2857500	11230.6435
2858000	11229.8897
2858500	11230.2152
2859000	11229.7239
2859500	11229.6860
2860000	11229.3972
2860500	11229.1549
2861000	11229.1560
2861500	11228.7283
2862000	11228.1717
2862500	11228.5998
2863000	11229.0287
2863500	11229.7642
2864000	11229.8435
2864500	11229.4146
2865000	11229.6237
2865500	11229.9597
2866000	11230.1301
2866500	11229.6531
2867000	11229.5354
2867500	11230.4353
2868000	11230.4786
2868500	11230.5389
2869000	11230.1683
2869500	11230.3848
2870000	11230.1358
2870500	11230.0419
2871000	11230.3716
2871500	11229.8025
2872000	11229.6279
2872500	11229.4925
2873000	11230.9890
2873500	11230.6750
2874000	11230.6204
2874500	11230.3759
2875000	11230.1169
2875500	11230.1552
2876000	11229.8251
2876500	11229.1701
2877000	11229.1701
2877500	11228.8465
2878000	11228.8150
2878500	11229.2131
2879000	11229.4792
2879500	11229.4679
2880000	11228.7535
2880500	11228.2970
2881000	11228.2020
2881500	11228.6951
2882000	11228.1332
2882500	11228.2445
2883000	11229.2346
2883500	11229.0188
2884000	11229.4650
2884500	11229.0897
2885000	11229.1064
2885500	11229.4246
2886000	11229.3435
2886500	11229.4900
2887000	11229.2361
2887500	11229.0616
2888000	11229.5757
2888500	11229.0083
2889000	11229.0083
2889500	11229.1893
2890000	11228.5468
2890500	11228.2999
2891000	11228.3640
2891500	11228.0235
2892000	11227.5786
2892500	11227.8407
2893000	11228.1452
2893500	11228.0751
2894000	11228.3047
2894500	11228.6124
2895000	11228.3119
2895500	11228.0805
2896000	11228.1778
2896500	11228.2049
2897000	11229.3279
2897500	11229.0198
2898000	11229.4043
2898500	11229.3928
2899000	11229.5876
2899500	11229.1455
2900000	11229.6670
2900500	11229.9343
2901000	11229.7778
2901500	11229.9411
2902000	11230.7205
2902500	11231.1920
2903000	11231.7003
2903500	11230.9062
2904000	11230.6341
2904500	11229.3336
2905000	11228.7914
2905500	11228.6855
2906000	11228.3998
2906500	11228.4666
2907000	11228.5811
2907500	11228.7647
2908000	11228.2885
2908500	11228.9448
2909000	11229.1665
2909500	11229.7964
2910000	11229.7964
2910500	11229.9732
2911000	11229.6208
2911500	11230.0382
2912000	11230.2665
2912500	11230.7524
2913000	11230.7559
2913500	11231.0354
2914000	11231.4926
2914500	11231.4926
2915000	11231.7713
2915500	11231.7642
2916000	11231.0303
2916500	11230.9143
2917000	11230.9924
2917500	11230.9924
2918000	11231.1814
2918500	11230.7645
2919000	11230.4382
2919500	11229.0596
2920000	11229.3138
2920500	11229.0378
2921000	11228.8018
2921500	11228.9981
2922000	11229.0523
2922500	11229.4312
2923000	11229.3783
2923500	11229.5809
2924000	11229.2764
2924500	11229.2242
2925000	11229.1641
2925500	11228.7658
2926000	11229.0695
2926500	11228.6208
2927000	11228.5154
2927500	11228.2145
2928000	11228.4059
2928500	11228.1439
2929000	11228.5707
2929500	11228.3538
2930000	11227.8094
2930500	11226.9832
2931000	11227.2790
2931500	11227.4304
2932000	11227.7065
2932500	11227.7024
2933000	11227.7084
2933500	11227.3824
2934000	11227.3824
2934500	11227.1204
2935000	11226.1131
2935500	11226.2417
2936000	11226.2417
2936500	11226.2924
2937000	11226.0788
2937500	11226.6393
2938000	11227.3516
2938500	11227.9314
2939000	11228.4903
2939500	11229.0248
2940000	11229.7368
2940500	11229.2285
2941000	11229.7200
2941500	11229.5548
2942000	11230.1293
2942500	11229.9813
2943000	11229.9791
2943500	11229.2272
2944000	11229.4904
2944500	11229.3277
2945000	11229.4480
2945500	11229.5325
2946000	11229.9967
2946500	11229.5740
2947000	11229.1926
2947500	11229.1598
2948000	11228.5976
2948500	11228.8790
2949000	11229.0488
2949500	11229.1703
2950000	11229.4988
2950500	11230.0054
2951000	11230.3647
2951500	11230.9126
2952000	11230.5750
2952500	11231.0829
2953000	11230.8910
2953500	11231.1082
2954000	11230.6412
2954500	11231.2986
2955000	11230.9775
2955500	11231.2331
2956000	11230.8310
2956500	11230.6934
2957000	11231.5329
2957500	11231.0780
2958000	11231.4724
2958500	11230.6707
2959000	11230.6946
2959500	11230.3764
2960000	11230.2881
2960500	11230.8340
2961000	11230.6260
2961500	11230.0928
2962000	11230.3332
2962500	11230.0066
2963000	11229.4516
2963500	11230.2858
2964000	11229.9031
2964500	11230.2100
2965000	11229.9204
2965500	11230.8058
2966000	11230.8058
2966500	11230.5076
2967000	11230.1441
2967500	11230.1441
2968000	11230.9055
2968500	11230.9159
2969000	11231.3813
2969500	11231.8532
2970000	11232.0759
2970500	11232.6474
2971000	11232.3059
2971500	11231.9242
2972000	11232.1177
2972500	11232.3622
2973000	11232.4207
2973500	11232.9308
2974000	11232.5114
2974500	11232.4920
2975000	11231.9677
2975500	11231.8868
2976000	11231.5085
2976500	11231.6439
2977000	11231.6646
2977500	11231.5673
2978000	11231.4332
2978500	11231.8826
2979000	11231.7648
2979500	11231.0306
2980000	11231.6071
2980500	11231.8307
2981000	11231.0943
2981500	11230.7700
2982000	11229.7390
2982500	11229.9239
2983000	11229.9701
2983500	11229.9528
2984000	11230.7014
2984500	11230.3298
2985000	11230.5941
2985500	11231.1001
2986000	11231.5819
2986500	11231.5122
2987000	11231.1297
2987500	11230.9590
2988000	11231.1067
2988500	11231.2450
2989000	11231.4264
2989500	11231.9072
2990000	11232.4526
2990500	11232.6869
2991000	11230.9823
2991500	11231.1406
2992000	11231.7698
2992500	11230.8570
2993000	11230.8570
2993500	11230.4489
2994000	11230.3899
2994500	11230.9842
2995000	11231.1338
2995500	11230.7076
2996000	11230.7569
2996500	11230.0136
2997000	11229.8096
2997500	11229.5290
2998000	11228.5067
2998500	11228.9594
2999000	11229.0539
2999500	11229.2747
3000000	11229.1007
3000500	11228.3675
3001000	11228.2635
3001500	11228.2595
3002000	11227.6349
3002500	11228.1684
3003000	11228.3720
3003500	11228.4154
3004000	11228.7657
3004500	11228.3590
3005000	11228.7504
3005500	11228.3908
3006000	11228.3490
3006500	11228.2504
3007000	11227.5451
3007500	11227.5979
3008000	11227.1996
3008500	11227.4059
3009000	11227.9862
3009500	11227.6412
3010000	11228.1872
3010500	11229.0839
3011000	11229.6669
3011500	11230.1882
3012000	11230.9407
3012500	11231.1099
3013000	11230.8433
3013500	11231.3427
3014000	11232.0838
3014500	11232.4461
3015000	11232.9714
3015500	11232.8958
3016000	11231.9324
3016500	11231.9798
3017000	11232.1608
3017500	11232.5995
3018000	11232.3882
3018500	11233.4199
3019000	11233.4871
3019500	11231.8952
3020000	11230.8484
3020500	11230.7155
3021000	11230.6778
3021500	11229.9092
3022000	11230.3838
3022500	11230.3807
3023000	11229.8567
3023500	11229.9308
3024000	11229.5038
3024500	11229.2185
3025000	11229.2185
3025500	11229.1200
3026000	11228.8286
3026500	11228.8542
3027000	11229.0996
3027500	11228.5149
3028000	11228.5778
3028500	11228.1015
3029000	11228.3721
3029500	11228.5744
3030000	11228.7083
3030500	11229.0353
3031000	11229.2923
3031500	11228.7779
3032000	11229.0128
3032500	11229.1818
3033000	11230.0006
3033500	11228.9688
3034000	11229.3018
3034500	11229.1932
3035000	11229.3480
3035500	11228.8656
3036000	11229.1722
3036500	11229.2107
3037000	11228.8150
3037500	11229.1671
3038000	11229.4113
3038500	11229.6019
3039000	11229.4018
3039500	11229.4773
3040000	11230.0027
3040500	11230.2660
3041000	11229.9633
3041500	11230.3789
3042000	11230.1116
3042500	11229.9341
3043000	11230.2056
3043500	11230.4953
3044000	11231.1143
3044500	11232.0111
3045000	11231.4074
3045500	11231.6846
3046000	11231.9153
3046500	11231.5832
3047000	11230.8299
3047500	11231.2465
3048000	11231.8865
3048500	11231.4512
3049000	11231.7518
3049500	11231.8257
3050000	11232.0477
3050500	11232.0307
3051000	11232.3203
3051500	11232.5606
3052000	11232.6782
3052500	11232.4680
3053000	11232.5838
3053500	11233.3359
3054000	11232.7981
3054500	11232.7981
3055000	11232.8638
3055500	11232.7127
3056000	11232.7647
3056500	11232.7062
3057000	11232.6946
3057500	11232.8686
3058000	11232.9232
3058500	11233.1078
3059000	11232.9405
3059500	11232.5941
3060000	11232.8665
3060500	11232.3697
3061000	11231.9659
3061500	11232.1644
3062000	11232.4791
3062500	11232.6961
3063000	11232.6209
3063500	11231.6452
3064000	11231.0740
3064500	11231.3135
3065000	11231.1764
3065500	11231.6312
3066000	11232.0759
3066500	11231.7494
3067000	11232.1732
3067500	11232.2391
3068000	11232.2953
3068500	11232.7955
3069000	11233.0655
3069500	11233.4664
3070000	11233.5947
3070500	11234.1129
3071000	11234.1469
3071500	11233.7751
3072000	11233.2415
3072500	11233.0566
3073000	11233.4321
3073500	11233.4321
3074000	11232.9289
3074500	11231.7003
3075000	11231.7991
3075500	11231.2425
3076000	11231.4896
3076500	11231.4917
3077000	11232.4396
3077500	11233.2796
3078000	11232.4563
3078500	11231.8137
3079000	11232.6193
3079500	11231.8405
3080000	11231.3766
3080500	11230.8910
3081000	11230.3298
3081500	11229.4163
3082000	11229.6179
3082500	11229.4292
3083000	11229.8209
3083500	11230.1965
3084000	11230.1144
3084500	11229.9173
3085000	11230.0920
3085500	11230.5262
3086000	11230.4279
3086500	11230.0928
3087000	11230.1051
3087500	11230.4782
3088000	11229.7409
3088500	11229.9956
3089000	11229.5041
3089500	11229.7343
3090000	11230.0639
3090500	11229.9461
3091000	11229.1211
3091500	11229.0298
3092000	11229.0320
3092500	11228.9168
3093000	11228.9294
3093500	11228.3520
3094000	11228.3586
3094500	11228.5300
3095000	11228.3936
3095500	11228.2578
3096000	11228.2134
3096500	11227.7462
3097000	11228.2494
3097500	11228.4958
3098000	11228.8777
3098500	11228.6883
3099000	11229.1030
3099500	11229.3440
3100000	11229.5464
3100500	11230.0260
3101000	11230.5087
3101500	11230.5248
3102000	11229.7015
3102500	11229.8271
3103000	11230.1100
3103500	11228.8679
3104000	11229.1195
3104500	11229.3645
3105000	11229.4641
3105500	11229.5540
3106000	11229.8507
3106500	11230.2808
3107000	11230.3052
3107500	11230.1010
3108000	11230.3680
3108500	11230.2853
3109000	11230.4816
3109500	11230.3487
3110000	11230.0275
3110500	11229.7917
3111000	11230.0996
3111500	11229.7916
3112000	11229.5777
3112500	11229.4831
3113000	11229.9017
3113500	11230.1447
3114000	11230.0580
3114500	11230.0460
3115000	11230.0514
3115500	11229.9821
3116000	11229.8717
3116500	11230.1755
3117000	11229.8895
3117500	11230.4286
3118000	11230.4414
3118500	11230.5805
3119000	11230.7372
3119500	11230.8345
3120000	11230.5728
3120500	11230.7961
3121000	11230.6012
3121500	11231.2247
3122000	11231.0200
3122500	11231.0401
3123000	11231.2122
3123500	11231.3937
3124000	11230.7465
3124500	11231.0111
3125000	11231.1787
3125500	11231.1410
3126000	11231.6534
3126500	11231.2590
3127000	11231.2945
3127500	11230.6214
3128000	11231.1416
3128500	11231.7976
3129000	11231.0435
3129500	11231.5808
3130000	11231.9661
3130500	11231.8883
3131000	11232.0413
3131500	11231.9075
3132000	11232.3320
3132500	11232.0842
3133000	11231.8540
3133500	11230.7459
3134000	11230.9158
3134500	11230.4645
3135000	11231.0303
3135500	11230.1869
3136000	11230.4237
3136500	11229.9225
3137000	11230.2203
3137500	11230.3148
3138000	11230.0832
3138500	11230.4025
3139000	11230.5390
3139500	11230.2794
3140000	11230.2794
3140500	11230.4908
3141000	11230.6214
3141500	11230.2492
3142000	11230.0872
3142500	11230.0872
3143000	11230.6883
3143500	11229.7517
3144000	11230.1828
3144500	11229.6718
3145000	11229.7400
3145500	11229.9480
3146000	11229.6946
3146500	11229.2974
3147000	11229.4222
3147500	11229.4854
3148000	11229.8742
3148500	11230.4468
3149000	11230.9702
3149500	11230.3006
3150000	11230.8445
3150500	11230.3867
3151000	11230.2280
3151500	11229.9391
3152000	11230.3639
3152500	11230.3627
3153000	11230.2971
3153500	11228.9025
3154000	11228.3614
3154500	11228.7470
3155000	11228.8900
3155500	11229.2417
3156000	11229.6912
3156500	11229.7973
3157000	11229.7954
3157500	11229.6145
3158000	11229.0019
3158500	11229.1141
3159000	11229.8550
3159500	11229.9521
3160000	11230.4936
3160500	11230.7548
3161000	11231.0920
3161500	11231.0920
3162000	11232.2269
3162500	11231.8292
3163000	11232.5768
3163500	11232.0672
3164000	11231.7398
3164500	11230.6318
3165000	11231.0814
3165500	11230.9685
3166000	11231.2502
3166500	11231.6307
3167000	11231.8375
3167500	11231.5265
3168000	11231.1194
3168500	11230.0992
3169000	11230.0236
3169500	11230.0982
3170000	11230.1890
3170500	11229.8660
3171000	11229.6908
3171500	11229.6908
3172000	11229.2230
3172500	11229.3394
3173000	11229.1653
3173500	11229.6102
3174000	11229.6217
3174500	11229.7180
3175000	11229.7180
3175500	11229.6319
3176000	11229.3615
3176500	11228.6296
3177000	11228.1101
3177500	11228.1284
3178000	11227.7686
3178500	11227.8112
3179000	11227.9656
3179500	11227.7698
3180000	11227.4663
3180500	11227.4743
3181000	11227.8826
3181500	11228.0128
3182000	11228.0964
3182500	11228.3601
3183000	11228.7263
3183500	11228.5065
3184000	11228.5126
3184500	11228.8598
3185000	11229.4061
3185500	11229.4473
3186000	11229.4677
3186500	11229.8590
3187000	11229.7495
3187500	11229.7495
3188000	11229.3793
3188500	11229.1579
3189000	11228.9316
3189500	11228.8173
3190000	11229.0624
3190500	11228.9642
3191000	11228.4791
3191500	11228.2109
3192000	11227.9223
3192500	11228.1715
3193000	11227.7858
3193500	11226.9784
3194000	11227.4220
3194500	11227.6273
3195000	11228.2834
3195500	11228.3717
3196000	11228.6578
3196500	11228.0422
3197000	11227.3981
3197500	11226.9715
3198000	11226.8408
3198500	11226.4615
3199000	11226.1205
3199500	11226.3255
3200000	11226.7438
3200500	11226.0748
3201000	11226.0375
3201500	11225.5320
3202000	11225.3987
3202500	11225.7102
3203000	11225.0075
3203500	11225.4110
3204000	11224.7144
3204500	11224.3221
3205000	11223.8057
3205500	11224.2255
3206000	11224.2546
3206500	11224.2746
3207000	11224.0432
3207500	11224.1524
3208000	11224.3328
3208500	11224.0413
3209000	11224.3036
3209500	11224.3032
3210000	11224.5389
3210500	11225.0492
3211000	11225.0751
3211500	11225.3342
3212000	11225.3342
3212500	11225.3342
3213000	11225.7842
3213500	11225.2868
3214000	11225.8124
3214500	11224.8735
3215000	11225.0793
3215500	11225.2702
3216000	11225.5595
3216500	11225.2208
3217000	11225.1433
3217500	11224.9992
3218000	11225.1249
3218500	11225.5512
3219000	11225.4261
3219500	11225.6306
3220000	11225.7745
3220500	11225.7745
3221000	11225.7720
3221500	11225.7239
3222000	11225.8243
3222500	11225.9200
3223000	11225.9161
3223500	11226.2637
3224000	11225.8020
3224500	11225.0415
3225000	11225.5960
3225500	11225.5195
3226000	11225.6251
3226500	11225.6137
3227000	11225.6137
3227500	11225.7214
3228000	11225.8434
3228500	11225.9673
3229000	11226.5924
3229500	11226.8586
3230000	11226.9431
3230500	11226.9819
3231000	11226.7594
3231500	11225.7751
3232000	11225.5693
3232500	11225.7241
3233000	11226.0158
3233500	11226.3040
3234000	11226.5142
3234500	11226.0955
3235000	11226.1515
3235500	11226.6384
3236000	11226.3269
3236500	11226.2905
3237000	11226.0890
3237500	11225.1637
3238000	11225.3551
3238500	11225.4053
3239000	11226.0582
3239500	11225.7681
3240000	11224.7226
3240500	11224.8728
3241000	11224.8728
3241500	11225.0324
3242000	11225.1817
3242500	11225.4104
3243000	11225.3319
3243500	11225.3446
3244000	11225.0580
3244500	11225.4621
3245000	11225.4234
3245500	11225.2161
3246000	11224.8147
3246500	11225.3970
3247000	11225.0961
3247500	11225.4991
3248000	11225.3445
3248500	11225.3741
3249000	11225.2069
3249500	11224.7609
3250000	11224.1683
3250500	11224.6514
3251000	11224.5161
3251500	11224.9474
3252000	11225.7313
3252500	11226.0283
3253000	11226.6047
3253500	11226.5897
3254000	11226.5992
3254500	11226.8929
3255000	11227.0245
3255500	11227.0308
3256000	11226.6210
3256500	11226.4504
3257000	11226.6435
3257500	11226.6506
3258000	11226.1900
3258500	11226.5854
3259000	11226.3959
3259500	11226.4453
3260000	11226.2781
3260500	11226.3660
3261000	11226.7402
3261500	11226.7077
3262000	11225.8789
3262500	11225.7597
3263000	11225.7597
3263500	11225.6250
3264000	11225.3449
3264500	11224.9302
3265000	11225.1727
3265500	11224.5718
3266000	11224.2350
3266500	11223.9994
3267000	11223.4133
3267500	11222.7913
3268000	11222.4011
3268500	11222.1782
3269000	11222.1477
3269500	11221.4074
3270000	11221.8143
3270500	11222.3498
3271000	11222.5790
3271500	11222.9019
3272000	11222.8890
3272500	11222.7697
3273000	11222.8490
3273500	11223.2721
3274000	11223.2181
3274500	11223.8614
3275000	11224.2113
3275500	11224.2606
3276000	11224.8738
3276500	11224.1191
3277000	11224.2386
3277500	11223.8010
3278000	11223.7201
3278500	11223.1447
3279000	11224.3111
3279500	11224.3111
3280000	11224.3111
3280500	11224.9220
3281000	11225.0691
3281500	11225.4205
3282000	11224.7826
3282500	11225.5771
3283000	11225.0556
3283500	11225.0963
3284000	11224.5112
3284500	11224.4451
3285000	11224.2951
3285500	11224.2105
3286000	11223.4130
3286500	11223.5366
3287000	11223.3915
3287500	11222.9172
3288000	11223.0193
3288500	11223.2995
3289000	11222.6408
3289500	11222.3065
3290000	11222.1889
3290500	11222.4320
3291000	11222.9466
3291500	11223.1444
3292000	11223.7161
3292500	11223.9027
3293000	11223.7685
3293500	11223.7685
3294000	11223.3675
3294500	11223.2682
3295000	11223.0571
3295500	11222.7944
3296000	11222.6179
3296500	11222.6306
3297000	11223.5948
3297500	11223.2051
3298000	11222.3113
3298500	11222.3018
3299000	11222.4826
3299500	11222.3579
3300000	11222.2390
3300500	11222.2390
3301000	11222.1119
3301500	11222.1329
3302000	11222.1735
3302500	11222.0356
3303000	11222.2478
3303500	11222.1979
3304000	11222.2852
3304500	11222.5774
3305000	11222.6223
3305500	11223.0742
3306000	11222.7271
3306500	11223.3586
3307000	11222.8051
3307500	11222.2289
3308000	11222.4722
3308500	11222.6504
3309000	11223.2151
3309500	11223.2151
3310000	11223.1029
3310500	11223.2243
3311000	11223.1844
3311500	11223.1844
3312000	11223.6946
3312500	11223.6330
3313000	11223.5170
3313500	11223.4922
3314000	11223.3648
3314500	11223.3648
3315000	11223.8493
3315500	11224.0687
3316000	11224.1645
3316500	11224.0367
3317000	11224.2605
3317500	11224.0451
3318000	11223.7633
3318500	11224.4867
3319000	11224.6544
3319500	11225.2445
3320000	11225.2596
3320500	11224.6582
3321000	11224.9785
3321500	11224.9441
3322000	11224.3376
3322500	11224.8506
3323000	11224.4817
3323500	11223.7174
3324000	11223.4301
3324500	11223.0835
3325000	11223.1445
3325500	11223.2321
3326000	11223.2821
3326500	11222.9204
3327000	11222.8393
3327500	11223.4645
3328000	11223.6715
3328500	11223.9415
3329000	11223.3136
3329500	11223.6815
3330000	11223.2713
3330500	11223.6645
3331000	11223.5769
3331500	11223.8162
3332000	11224.0713
3332500	11224.4292
3333000	11223.6029
3333500	11224.4671
3334000	11223.5616
3334500	11223.7628
3335000	11223.9811
3335500	11223.6035
3336000	11223.4543
3336500	11224.2407
3337000	11224.6963
3337500	11224.3134
3338000	11224.2423
3338500	11223.8581
3339000	11224.0095
3339500	11223.6420
3340000	11224.1851
3340500	11224.1144
3341000	11223.9262
3341500	11223.9262
3342000	11224.0243
3342500	11224.4494
3343000	11224.7475
3343500	11224.8435
3344000	11224.5737
3344500	11224.5895
3345000	11224.2200
3345500	11224.3788
3346000	11224.1277
3346500	11224.0104
3347000	11224.4069
3347500	11224.5386
3348000	11223.7770
3348500	11223.7770
3349000	11223.5796
3349500	11223.2966
3350000	11222.9888
3350500	11223.3872
3351000	11223.6229
3351500	11223.6229
3352000	11223.6957
3352500	11223.2830
3353000	11223.1698
3353500	11224.0595
3354000	11224.2732
3354500	11224.6611
3355000	11224.7823
3355500	11225.1222
3356000	11225.2483
3356500	11224.5200
3357000	11224.5392
3357500	11223.9921
3358000	11223.5789
3358500	11223.9679
3359000	11223.1636
3359500	11223.2602
3360000	11223.0928
3360500	11222.2701
3361000	11222.4185
3361500	11222.3446
3362000	11223.0426
3362500	11222.8550
3363000	11222.7831
3363500	11222.8577
3364000	11222.3612
3364500	11222.0665
3365000	11222.2617
3365500	11221.8577
3366000	11222.1417
3366500	11222.3488
3367000	11221.8417
3367500	11221.6596
3368000	11221.8839
3368500	11222.2954
3369000	11222.1666
3369500	11222.3905
3370000	11222.5264
3370500	11222.8223
3371000	11222.1816
3371500	11222.2623
3372000	11222.6091
3372500	11222.4209
3373000	11222.0369
3373500	11222.0013
3374000	11221.7605
3374500	11221.9905
3375000	11222.1658
3375500	11221.8757
3376000	11222.2863
3376500	11222.0526
3377000	11221.7256
3377500	11221.8575
3378000	11222.2768
3378500	11221.8696
3379000	11222.1279
3379500	11221.8403
3380000	11221.2445
3380500	11220.9424
3381000	11220.9755
3381500	11221.6251
3382000	11222.3334
3382500	11222.3341
3383000	11222.2538
3383500	11222.2670
3384000	11222.4947
3384500	11221.8568
3385000	11220.9536
3385500	11221.4039
3386000	11221.9331
3386500	11222.2080
3387000	11222.4009
3387500	11221.1532
3388000	11220.8617
3388500	11221.0638
3389000	11221.2994
3389500	11220.7144
3390000	11220.8309
3390500	11221.0316
3391000	11220.9044
3391500	11220.4134
3392000	11219.8136
3392500	11220.2033
3393000	11220.7009
3393500	11219.6689
3394000	11219.6893
3394500	11219.9579
3395000	11220.0957
3395500	11219.7692
3396000	11218.9729
3396500	11218.9934
3397000	11218.5913
3397500	11218.0575
3398000	11217.1300
3398500	11216.4229
3399000	11216.0192
3399500	11216.0192
3400000	11216.2845
3400500	11216.0632
3401000	11216.0340
3401500	11215.8968
3402000	11215.9604
3402500	11216.4858
3403000	11216.2321
3403500	11216.1599
3404000	11215.6270
3404500	11216.0140
3405000	11216.1038
3405500	11216.6205
3406000	11216.6093
3406500	11217.1218
3407000	11216.6875
3407500	11217.1720
3408000	11216.9393
3408500	11216.7787
3409000	11216.8708
3409500	11216.8025
3410000	11216.5907
3410500	11216.9716
3411000	11217.6534
3411500	11217.7528
3412000	11217.4319
3412500	11217.4230
3413000	11217.6032
3413500	11217.1498
3414000	11217.2908
3414500	11216.5049
3415000	11216.9204
3415500	11216.3446
3416000	11215.9378
3416500	11216.1517
3417000	11216.6802
3417500	11215.8796
3418000	11216.3885
3418500	11216.3388
3419000	11216.6803
3419500	11216.6751
3420000	11216.8383
3420500	11216.4321
3421000	11216.5619
3421500	11217.1114
3422000	11217.1851
3422500	11217.4953
3423000	11217.3486
3423500	11217.4293
3424000	11216.9122
3424500	11216.1829
3425000	11215.9883
3425500	11216.1877
3426000	11216.4561
3426500	11216.8123
3427000	11216.8558
3427500	11216.7514
3428000	11216.2796
3428500	11216.0873
3429000	11216.3450
3429500	11217.2863
3430000	11217.5214
3430500	11217.9651
3431000	11218.0269
3431500	11217.4721
3432000	11216.6697
3432500	11215.8149
3433000	11215.4402
3433500	11216.0303
3434000	11215.7507
3434500	11215.4019
3435000	11215.6263
3435500	11215.3477
3436000	11215.5969
3436500	11215.1902
3437000	11215.1343
3437500	11215.0050
3438000	11215.2771
3438500	11215.5311
3439000	11215.5398
3439500	11214.8827
3440000	11215.4560
3440500	11215.8664
3441000	11216.2343
3441500	11216.7737
3442000	11216.8532
3442500	11216.8038
3443000	11217.0193
3443500	11217.4765
3444000	11217.3156
3444500	11217.4230
3445000	11217.5157
3445500	11217.6035
3446000	11216.9895
3446500	11216.6966
3447000	11217.0891
3447500	11217.2202
3448000	11217.4170
3448500	11217.6982
3449000	11217.5580
3449500	11217.3230
3450000	11216.6414
3450500	11216.6870
3451000	11217.0804
3451500	11216.5547
3452000	11216.6289
3452500	11216.4269
3453000	11215.4046
3453500	11215.4557
3454000	11215.4557
3454500	11216.1411
3455000	11216.3332
3455500	11215.7328
3456000	11215.7112
3456500	11215.8159
3457000	11215.7815
3457500	11215.7562
3458000	11216.0431
3458500	11215.7361
3459000	11215.4941
3459500	11215.5694
3460000	11215.7858
3460500	11216.3658
3461000	11216.3998
3461500	11216.2334
3462000	11215.7810
3462500	11215.7617
3463000	11215.7813
3463500	11216.3187
3464000	11216.5334
3464500	11216.4945
3465000	11216.4384
3465500	11215.8514
3466000	11215.9173
3466500	11214.6782
3467000	11214.8214
3467500	11214.9291
3468000	11215.0008
3468500	11215.7380
3469000	11215.7843
3469500	11216.2386
3470000	11216.3178
3470500	11216.3178
3471000	11216.1518
3471500	11215.3567
3472000	11215.0780
3472500	11215.1483
3473000	11215.5909
3473500	11216.2282
3474000	11215.3508
3474500	11215.9746
3475000	11215.7065
3475500	11216.2023
3476000	11216.4679
3476500	11216.5836
3477000	11216.7260
3477500	11216.7156
3478000	11216.3607
3478500	11217.3921
3479000	11217.3125
3479500	11217.3522
3480000	11216.9035
3480500	11216.0886
3481000	11216.8718
3481500	11217.2505
3482000	11217.5615
3482500	11216.8229
3483000	11216.5119
3483500	11216.1496
3484000	11216.3020
3484500	11216.3502
3485000	11215.9546
3485500	11216.7330
3486000	11216.9282
3486500	11216.6499
3487000	11216.2139
3487500	11215.6398
3488000	11215.5673
3488500	11215.4565
3489000	11215.3655
3489500	11215.0213
3490000	11215.2147
3490500	11215.1598
3491000	11215.4659
3491500	11215.1577
3492000	11215.3887
3492500	11215.1435
3493000	11215.4241
3493500	11215.2288
3494000	11215.4059
3494500	11214.7857
3495000	11215.0074
3495500	11214.6271
3496000	11214.2612
3496500	11214.0287
3497000	11214.4464
3497500	11214.1623
3498000	11214.1623
3498500	11214.6123
3499000	11214.6965
3499500	11214.8145
3500000	11215.2162
3500500	11214.2895
3501000	11214.7192
3501500	11214.5285
3502000	11214.4909
3502500	11214.1255
3503000	11213.8414
3503500	11214.0090
3504000	11214.0360
3504500	11214.7557
3505000	11214.4962
3505500	11214.2136
3506000	11213.3646
3506500	11213.0612
3507000	11213.0102
3507500	11213.1288
3508000	11213.7215
3508500	11214.3594
3509000	11214.7127
3509500	11213.6618
3510000	11213.4761
3510500	11213.2971
3511000	11213.3599
3511500	11213.4020
3512000	11213.2996
3512500	11213.7196
3513000	11213.9723
3513500	11213.1933
3514000	11213.2858
3514500	11213.0064
3515000	11212.7102
3515500	11212.5774
3516000	11211.9102
3516500	11211.7653
3517000	11211.3273
3517500	11211.8072
3518000	11211.7511
3518500	11211.7102
3519000	11212.3855
3519500	11212.4850
3520000	11212.7544
3520500	11212.1769
3521000	11211.9333
3521500	11211.7782
3522000	11212.1844
3522500	11212.2911
3523000	11212.0316
3523500	11212.0316
3524000	11212.0055
3524500	11211.6002
3525000	11211.6055
3525500	11211.5712
3526000	11211.9071
3526500	11211.8509
3527000	11211.8025
3527500	11210.9090
3528000	11210.9644
3528500	11210.0126
3529000	11209.7911
3529500	11209.7911
3530000	11209.8913
3530500	11209.7346
3531000	11209.3254
3531500	11208.7006
3532000	11208.4779
3532500	11208.9466
3533000	11209.3680
3533500	11209.2520
3534000	11208.6370
3534500	11208.0682
3535000	11208.7127
3535500	11208.4917
3536000	11208.5259
3536500	11208.7473
3537000	11208.6173
3537500	11208.6627
3538000	11208.7415
3538500	11208.9682
3539000	11209.1560
3539500	11209.2484
3540000	11209.6117
3540500	11209.7405
3541000	11210.3977
3541500	11210.9140
3542000	11210.4705
3542500	11210.3633
3543000	11210.7720
3543500	11210.8259
3544000	11211.3666
3544500	11211.1153
3545000	11211.2733
3545500	11211.5939
3546000	11211.8264
3546500	11211.8439
3547000	11211.4627
3547500	11210.9710
3548000	11211.6628
3548500	11211.8303
3549000	11211.4952
3549500	11211.1280
3550000	11210.1445
3550500	11209.8390
3551000	11209.4745
3551500	11210.2100
3552000	11210.4112
3552500	11210.4927
3553000	11210.7039
3553500	11210.6867
3554000	11210.9303
3554500	11210.9303
3555000	11211.4340
3555500	11211.6649
3556000	11210.8472
3556500	11211.0268
3557000	11210.7469
3557500	11210.2540
3558000	11210.7580
3558500	11211.0328
3559000	11210.9070
3559500	11211.7162
3560000	11211.8794
3560500	11212.4017
3561000	11212.4463
3561500	11212.8726
3562000	11213.2726
3562500	11213.7508
3563000	11213.9349
3563500	11213.5649
3564000	11213.4523
3564500	11214.5678
3565000	11214.2603
3565500	11214.6937
3566000	11214.2529
3566500	11214.4034
3567000	11214.4668
3567500	11214.4268
3568000	11214.2688
3568500	11214.2013
3569000	11214.2013
3569500	11214.4012
3570000	11214.4758
3570500	11214.3753
3571000	11213.8990
3571500	11213.6431
3572000	11213.7776
3572500	11213.6162
3573000	11213.6162
3573500	11213.8037
3574000	11213.9327
3574500	11214.2234
3575000	11214.7946
3575500	11214.8261
3576000	11215.1382
3576500	11214.7402
3577000	11214.4700
3577500	11214.2661
3578000	11214.7085
3578500	11214.9294
3579000	11214.7530
3579500	11214.5898
3580000	11214.5425
3580500	11214.2925
3581000	11215.0315
3581500	11214.3676
3582000	11214.8543
3582500	11215.0399
3583000	11215.0638
3583500	11215.2988
3584000	11215.5400
3584500	11215.6322
3585000	11215.4473
3585500	11216.1292
3586000	11216.0900
3586500	11215.6652
3587000	11215.0771
3587500	11214.9774
3588000	11214.1138
3588500	11213.4750
3589000	11213.7973
3589500	11213.0099
3590000	11212.6832
3590500	11212.7948
3591000	11213.3726
3591500	11213.1345
3592000	11213.2923
3592500	11213.3107
3593000	11213.5531
3593500	11212.5041
3594000	11212.0831
3594500	11211.7723
3595000	11211.8917
3595500	11211.9322
3596000	11212.1063
3596500	11212.7475
3597000	11212.5923
3597500	11212.6648
3598000	11212.6648
3598500	11212.9608
3599000	11213.0261
3599500	11213.6063
3600000	11213.6795
3600500	11213.2816
3601000	11213.3881
3601500	11213.6388
3602000	11213.7192
3602500	11213.2782
3603000	11213.2468
3603500	11213.1075
3604000	11213.2294
3604500	11211.9815
3605000	11211.9276
3605500	11212.1954
3606000	11212.0919
3606500	11212.4629
3607000	11211.9287
3607500	11211.9931
3608000	11212.1314
3608500	11212.1379
3609000	11212.3945
3609500	11212.7483
3610000	11212.5936
3610500	11212.1536
3611000	11212.3924
3611500	11212.3590
3612000	11212.8851
3612500	11212.6510
3613000	11212.4832
3613500	11212.2067
3614000	11212.0440
3614500	11212.3003
3615000	11212.6356
3615500	11212.4442
3616000	11213.1653
3616500	11213.1653
3617000	11212.6316
3617500	11212.6960
3618000	11212.7581
3618500	11212.6279
3619000	11212.0149
3619500	11212.0089
3620000	11211.7039
3620500	11211.9039
3621000	11212.0938
3621500	11212.0938
3622000	11212.6792
3622500	11212.5598
3623000	11212.7008
3623500	11212.5806
3624000	11212.8360
3624500	11213.6630
3625000	11212.4827
3625500	11212.7389
3626000	11213.3140
3626500	11212.9156
3627000	11213.0950
3627500	11213.0549
3628000	11212.7636
3628500	11212.6116
3629000	11212.3679
3629500	11212.4456
3630000	11212.7825
3630500	11212.5282
3631000	11212.5097
3631500	11212.1322
3632000	11212.0464
3632500	11211.4443
3633000	11211.6531
3633500	11211.4926
3634000	11211.1573
3634500	11211.2901
3635000	11211.2377
3635500	11211.3467
3636000	11211.3467
3636500	11211.1326
3637000	11210.3944
3637500	11209.4302
3638000	11209.8394
3638500	11210.4982
3639000	11210.5567
3639500	11210.6432
3640000	11210.7514
3640500	11210.4800
3641000	11210.1072
3641500	11210.8528
3642000	11210.8321
3642500	11210.6654
3643000	11210.6654
3643500	11210.8377
3644000	11210.7375
3644500	11210.8910
3645000	11210.9070
3645500	11210.9045
3646000	11211.1286
3646500	11211.4770
3647000	11211.2176
3647500	11210.5952
3648000	11210.0536
3648500	11210.5198
3649000	11210.6222
3649500	11210.5642
3650000	11210.5033
3650500	11210.6762
3651000	11210.8837
3651500	11211.2719
3652000	11211.0601
3652500	11211.0592
3653000	11211.1676
3653500	11210.1877
3654000	11210.5937
3654500	11211.3851
3655000	11210.4976
3655500	11210.2601
3656000	11210.3969
3656500	11210.6523
3657000	11210.4443
3657500	11209.8465
3658000	11210.2665
3658500	11209.8195
3659000	11210.4436
3659500	11210.7300
3660000	11211.1563
3660500	11211.0849
3661000	11211.0849
3661500	11211.0910
3662000	11211.0910
3662500	11209.9812
3663000	11210.0857
3663500	11210.3806
3664000	11211.0728
3664500	11211.1985
3665000	11211.2933
3665500	11211.3360
3666000	11211.2936
3666500	11210.7216
3667000	11210.5942
3667500	11210.7740
3668000	11210.4445
3668500	11210.9921
3669000	11210.8260
3669500	11211.3118
3670000	11211.5472
3670500	11211.5472
3671000	11211.9421
3671500	11211.6568
3672000	11210.8951
3672500	11211.0898
3673000	11211.5434
3673500	11211.6211
3674000	11211.1860
3674500	11211.4303
3675000	11211.0465
3675500	11210.8341
3676000	11210.8341
3676500	11210.5065
3677000	11210.5697
3677500	11210.0737
3678000	11210.2160
3678500	11209.6442
3679000	11209.8213
3679500	11210.1882
3680000	11209.4584
3680500	11208.9644
3681000	11208.8205
3681500	11208.8669
3682000	11208.4135
3682500	11208.2845
3683000	11208.2602
3683500	11208.4213
3684000	11208.8282
3684500	11208.8282
3685000	11208.6701
3685500	11208.9602
3686000	11208.9478
3686500	11209.1380
3687000	11209.3539
3687500	11208.3559
3688000	11208.5818
3688500	11208.1122
3689000	11208.3691
3689500	11208.0068
3690000	11208.1859
3690500	11208.3728
3691000	11208.6484
3691500	11208.7999
3692000	11208.8913
3692500	11208.7862
3693000	11208.5236
3693500	11208.6382
3694000	11208.6194
3694500	11208.3899
3695000	11208.2503
3695500	11207.6808
3696000	11207.6595
3696500	11207.5489
3697000	11207.6516
3697500	11207.7018
3698000	11208.0249
3698500	11208.0810
3699000	11208.2548
3699500	11208.2852
3700000	11208.2852
3700500	11208.5144
3701000	11208.4117
3701500	11207.9460
3702000	11207.0350
3702500	11207.4396
3703000	11208.5817
3703500	11208.6320
3704000	11208.5469
3704500	11208.6622
3705000	11208.9203
3705500	11208.7773
3706000	11208.9250
3706500	11209.2794
3707000	11209.0513
3707500	11209.1034
3708000	11209.0666
3708500	11209.1915
3709000	11208.6067
3709500	11209.0296
3710000	11209.0296
3710500	11208.5530
3711000	11208.9421
3711500	11208.7537
3712000	11208.4189
3712500	11208.1730
3713000	11208.9721
3713500	11209.4527
3714000	11208.8378
3714500	11208.8108
3715000	11208.5584
3715500	11208.7535
3716000	11208.7535
3716500	11208.7535
3717000	11208.8043
3717500	11209.0290
3718000	11209.5347
3718500	11209.9718
3719000	11209.6956
3719500	11210.4128
3720000	11210.9867
3720500	11211.0885
3721000	11211.2793
3721500	11211.2289
3722000	11210.8404
3722500	11211.2272
3723000	11211.5419
3723500	11211.6619
3724000	11211.4830
3724500	11211.8630
3725000	11211.9398
3725500	11211.8558
3726000	11212.0731
3726500	11212.1683
3727000	11211.2347
3727500	11211.3489
3728000	11210.5874
3728500	11210.1875
3729000	11209.6733
3729500	11209.6484
3730000	11209.8123
3730500	11209.4043
3731000	11209.3870
3731500	11209.9667
3732000	11209.2363
3732500	11209.1821
3733000	11209.3827
3733500	11209.6126
3734000	11209.7872
3734500	11210.0525
3735000	11209.8174
3735500	11209.9887
3736000	11209.8323
3736500	11209.8273
3737000	11209.2140
3737500	11208.9750
3738000	11208.4476
3738500	11208.4522
3739000	11208.4533
3739500	11209.1615
3740000	11208.8880
3740500	11208.7962
3741000	11209.1190
3741500	11209.5112
3742000	11208.9400
3742500	11209.2014
3743000	11208.8134
3743500	11208.1534
3744000	11208.1394
3744500	11207.7948
3745000	11207.4082
3745500	11207.4958
3746000	11207.6832
3746500	11208.0064
3747000	11208.2903
3747500	11207.8099
3748000	11207.3545
3748500	11207.8028
3749000	11207.1730
3749500	11207.6198
3750000	11207.2657
3750500	11207.3111
3751000	11207.7446
3751500	11208.1356
3752000	11208.1356
3752500	11208.0796
3753000	11207.6749
3753500	11207.9749
3754000	11207.5790
3754500	11207.6837
3755000	11207.8884
3755500	11207.6184
3756000	11208.0115
3756500	11207.8831
3757000	11207.9525
3757500	11208.1880
3758000	11208.6968
3758500	11208.6137
3759000	11208.5268
3759500	11208.3087
3760000	11208.9469
3760500	11208.1011
3761000	11208.5495
3761500	11208.9467
3762000	11208.9467
3762500	11208.9276
3763000	11208.7740
3763500	11208.9059
3764000	11208.9266
3764500	11208.8471
3765000	11209.6691
3765500	11209.6032
3766000	11209.9090
3766500	11210.0144
3767000	11210.0939
3767500	11210.3440
3768000	11210.1066
3768500	11209.7916
3769000	11209.8057
3769500	11209.8859
3770000	11209.3162
3770500	11209.7631
3771000	11209.5954
3771500	11209.5954
3772000	11209.2956
3772500	11208.9621
3773000	11208.9621
3773500	11208.8719
3774000	11208.5573
3774500	11208.4598
3775000	11208.7443
3775500	11208.8902
3776000	11209.0137
3776500	11208.2348
3777000	11208.7188
3777500	11209.2512
3778000	11208.9353
3778500	11208.8931
3779000	11209.1615
3779500	11209.3219
3780000	11209.7611
3780500	11209.9208
3781000	11209.4362
3781500	11209.6552
3782000	11209.3502
3782500	11209.3944
3783000	11208.9537
3783500	11209.0847
3784000	11208.8067
3784500	11208.1746
3785000	11208.5227
3785500	11208.8965
3786000	11208.6809
3786500	11209.1240
3787000	11209.2787
3787500	11209.4775
3788000	11209.1782
3788500	11209.3778
3789000	11209.1927
3789500	11209.1927
3790000	11209.1132
3790500	11209.1132
3791000	11209.4491
3791500	11209.6128
3792000	11209.7161
3792500	11209.6351
3793000	11209.4666
3793500	11208.5942
3794000	11208.3188
3794500	11208.4852
3795000	11207.8361
3795500	11207.4873
3796000	11207.1933
3796500	11206.3134
3797000	11206.3461
3797500	11206.9049
3798000	11206.8319
3798500	11206.2627
3799000	11206.4989
3799500	11206.5165
3800000	11206.6772
3800500	11206.8520
3801000	11206.6438
3801500	11206.7039
3802000	11206.7071
3802500	11206.1124
3803000	11205.9653
3803500	11206.0174
3804000	11206.3463
3804500	11206.3037
3805000	11206.6137
3805500	11206.6585
3806000	11206.8605
3806500	11207.2825
3807000	11207.4367
3807500	11207.6114
3808000	11207.5325
3808500	11207.9390
3809000	11207.2422
3809500	11207.5042
3810000	11207.5185
3810500	11207.3383
3811000	11207.5561
3811500	11207.5532
3812000	11207.2379
3812500	11206.8154
3813000	11206.7421
3813500	11206.9113
3814000	11207.3559
3814500	11207.4139
3815000	11207.6134
3815500	11207.2514
3816000	11207.3347
3816500	11207.3541
3817000	11207.4324
3817500	11207.4231
3818000	11207.4523
3818500	11208.3348
3819000	11208.3154
3819500	11208.4289
3820000	11208.1480
3820500	11208.0526
3821000	11208.3115
3821500	11207.8726
3822000	11207.6112
3822500	11207.6908
3823000	11207.7007
3823500	11207.2313
3824000	11207.1040
3824500	11206.7363
3825000	11207.2094
3825500	11207.3709
3826000	11207.3806
3826500	11207.8514
3827000	11207.8149
3827500	11207.9684
3828000	11207.9871
3828500	11208.0803
3829000	11207.8871
3829500	11207.6967
3830000	11207.8618
3830500	11207.8618
3831000	11207.5019
3831500	11207.6218
3832000	11207.8609
3832500	11207.5743
3833000	11207.5614
3833500	11207.4352
3834000	11207.8042
3834500	11207.6689
3835000	11207.5887
3835500	11207.8830
3836000	11208.1871
3836500	11208.5987
3837000	11208.8241
3837500	11209.1599
3838000	11209.4049
3838500	11209.4104
3839000	11209.4262
3839500	11209.5143
3840000	11210.0993
3840500	11210.2641
3841000	11210.1813
3841500	11210.1114
3842000	11210.4708
3842500	11210.7383
3843000	11210.6736
3843500	11210.2912
3844000	11210.4624
3844500	11210.0943
3845000	11210.0893
3845500	11210.4159
3846000	11210.7982
3846500	11210.9687
3847000	11211.3259
3847500	11211.2502
3848000	11211.2445
3848500	11211.3363
3849000	11211.7140
3849500	11212.2013
3850000	11212.4770
3850500	11211.4226
3851000	11211.5719
3851500	11211.3022
3852000	11211.4455
3852500	11211.9419
3853000	11212.3593
3853500	11211.3078
3854000	11211.2883
3854500	11211.5467
3855000	11212.0286
3855500	11211.9574
3856000	11211.9203
3856500	11211.7365
3857000	11212.0659
3857500	11212.5023
3858000	11212.2279
3858500	11212.3049
3859000	11212.4494
3859500	11212.5235
3860000	11212.7656
3860500	11212.5330
3861000	11212.1414
3861500	11212.2259
3862000	11212.9517
3862500	11213.1201
3863000	11212.0410
3863500	11212.4473
3864000	11212.3255
3864500	11212.7992
3865000	11212.9559
3865500	11212.7667
3866000	11212.4466
3866500	11212.8750
3867000	11213.1438
3867500	11213.5180
3868000	11212.8934
3868500	11212.6292
3869000	11212.5925
3869500	11212.2935
3870000	11212.0113
3870500	11212.1579
3871000	11212.3650
3871500	11212.8564
3872000	11212.7184
3872500	11211.9208
3873000	11212.0463
3873500	11211.8026
3874000	11211.6755
3874500	11211.3249
3875000	11211.4294
3875500	11212.0010
3876000	11211.9851
3876500	11212.2212
3877000	11211.4751
3877500	11211.4219
3878000	11211.7111
3878500	11211.5723
3879000	11211.6400
3879500	11211.6999
3880000	11212.3731
3880500	11212.7139
3881000	11212.6678
3881500	11212.7406
3882000	11213.1960
3882500	11213.2580
3883000	11213.8322
3883500	11213.4687
3884000	11213.4844
3884500	11212.9562
3885000	11212.3135
3885500	11212.1282
3886000	11211.6591
3886500	11211.6953
3887000	11211.5211
3887500	11211.3460
3888000	11211.2005
3888500	11211.6265
3889000	11211.6346
3889500	11211.6432
3890000	11211.5194
3890500	11210.9617
3891000	11211.7383
3891500	11212.0653
3892000	11211.9976
3892500	11212.1501
3893000	11212.5009
3893500	11212.4910
3894000	11212.7279
3894500	11212.4209
3895000	11212.6780
3895500	11212.6619
3896000	11212.5778
3896500	11212.8521
3897000	11212.7666
3897500	11212.9393
3898000	11213.3959
3898500	11213.6142
3899000	11213.2405
3899500	11212.5929
3900000	11212.6508
3900500	11212.2620
3901000	11212.0474
3901500	11211.8445
3902000	11211.3795
3902500	11211.4855
3903000	11210.9363
3903500	11210.7385
3904000	11210.5598
3904500	11210.5731
3905000	11210.6094
3905500	11210.6462
3906000	11210.5399
3906500	11210.4509
3907000	11210.8159
3907500	11210.5672
3908000	11210.5672
3908500	11210.3226
3909000	11209.3775
3909500	11209.7083
3910000	11209.4919
3910500	11209.7463
3911000	11209.8439
3911500	11209.7234
3912000	11209.7201
3912500	11209.9150
3913000	11209.9274
3913500	11209.4998
3914000	11209.2925
3914500	11209.5395
3915000	11209.6763
3915500	11209.6362
3916000	11209.6362
3916500	11209.5169
3917000	11209.0333
3917500	11208.8027
3918000	11208.7647
3918500	11208.4792
3919000	11208.3179
3919500	11208.3333
3920000	11208.4589
3920500	11207.5126
3921000	11207.5755
3921500	11207.7207
3922000	11207.9801
3922500	11208.1217
3923000	11208.1666
3923500	11208.1666
3924000	11208.0407
3924500	11208.0059
3925000	11207.2380
3925500	11206.8959
3926000	11207.3200
3926500	11207.3700
3927000	11207.6289
3927500	11207.5584
3928000	11208.1491
3928500	11208.1074
3929000	11208.3844
3929500	11207.9205
3930000	11208.1015
3930500	11208.2595
3931000	11208.6601
3931500	11208.5807
3932000	11208.6628
3932500	11209.1814
3933000	11209.3731
3933500	11209.1333
3934000	11209.5314
3934500	11210.0558
3935000	11209.8317
3935500	11209.4997
3936000	11208.9210
3936500	11208.6334
3937000	11209.2915
3937500	11208.8309
3938000	11208.8536
3938500	11209.1837
3939000	11208.5969
3939500	11208.9673
3940000	11209.0232
3940500	11209.1958
3941000	11209.4479
3941500	11209.1137
3942000	11209.1563
3942500	11209.1563
3943000	11209.5835
3943500	11209.5629
3944000	11209.7625
3944500	11210.0114
3945000	11210.2697
3945500	11210.4458
3946000	11210.5297
3946500	11210.0540
3947000	11210.2011
3947500	11210.4176
3948000	11210.4372
3948500	11210.3701
3949000	11210.2886
3949500	11209.5164
3950000	11208.8488
3950500	11208.6164
3951000	11208.2497
3951500	11208.4358
3952000	11208.4324
3952500	11208.9352
3953000	11208.5478
3953500	11208.8646
3954000	11209.2152
3954500	11209.5168
3955000	11209.4152
3955500	11209.0890
3956000	11208.8016
3956500	11209.1511
3957000	11209.8163
3957500	11209.9330
3958000	11209.9330
3958500	11210.1027
3959000	11210.2801
3959500	11210.2474
3960000	11210.5045
3960500	11209.9154
3961000	11209.6715
3961500	11209.4693
3962000	11209.7917
3962500	11209.5173
3963000	11209.6654
3963500	11210.2194
3964000	11210.1253
3964500	11210.3319
3965000	11209.7662
3965500	11209.4435
3966000	11208.9969
3966500	11208.5538
3967000	11208.2195
3967500	11208.1979
3968000	11208.7466
3968500	11208.6744
3969000	11208.6744
3969500	11208.7545
3970000	11209.0649
3970500	11209.0752
3971000	11208.5844
3971500	11208.4901
3972000	11208.1742
3972500	11207.8812
3973000	11207.8812
3973500	11207.8021
3974000	11207.6195
3974500	11207.9816
3975000	11207.9816
3975500	11207.6683
3976000	11207.6385
3976500	11207.3880
3977000	11207.5947
3977500	11207.4331
3978000	11207.2280
3978500	11206.8071
3979000	11206.1137
3979500	11206.3474
3980000	11206.2208
3980500	11206.4901
3981000	11206.2386
3981500	11206.1004
3982000	11206.2110
3982500	11206.6848
3983000	11207.1813
3983500	11206.8185
3984000	11206.8185
3984500	11206.5908
3985000	11206.8315
3985500	11206.9553
3986000	11207.1969
3986500	11207.3927
3987000	11207.5105
3987500	11207.2938
3988000	11206.2002
3988500	11206.0653
3989000	11205.8233
3989500	11205.5753
3990000	11205.6060
3990500	11206.0387
3991000	11205.7158
3991500	11206.1291
3992000	11206.5356
3992500	11206.2614
3993000	11206.5225
3993500	11206.4697
3994000	11206.6085
3994500	11206.9273
3995000	11206.9600
3995500	11207.0536
3996000	11207.3395
3996500	11207.5076
3997000	11207.2365
3997500	11207.0519
3998000	11206.5628
3998500	11206.4002
3999000	11206.5899
3999500	11207.0808
4000000	11207.1359
4000500	11207.2894
4001000	11207.2894
4001500	11207.2732
4002000	11207.3439
4002500	11207.3376
4003000	11207.3376
4003500	11207.3031
4004000	11206.9220
4004500	11207.1499
4005000	11207.1234
4005500	11207.4552
4006000	11207.6654
4006500	11207.7945
4007000	11207.8623
4007500	11207.9747
4008000	11208.3802
4008500	11208.6707
4009000	11208.4151
4009500	11208.8309
4010000	11208.8309
4010500	11208.0840
4011000	11207.8028
4011500	11207.6847
4012000	11207.6847
4012500	11207.6874
4013000	11207.5865
4013500	11207.5190
4014000	11206.9731
4014500	11206.7877
4015000	11207.5588
4015500	11207.4314
4016000	11206.9833
4016500	11206.9929
4017000	11207.4397
4017500	11207.6495
4018000	11207.6708
4018500	11208.1529
4019000	11207.9702
4019500	11207.7244
4020000	11207.8462
4020500	11208.4644
4021000	11208.4348
4021500	11208.0023
4022000	11208.4176
4022500	11208.7661
4023000	11208.0357
4023500	11208.3735
4024000	11208.5357
4024500	11208.5594
4025000	11208.4378
4025500	11208.4057
4026000	11208.7104
4026500	11208.7996
4027000	11208.4472
4027500	11208.6288
4028000	11208.8311
4028500	11208.9314
4029000	11208.7689
4029500	11208.6021
4030000	11208.9516
4030500	11208.6814
4031000	11207.9929
4031500	11207.9996
4032000	11208.0001
4032500	11207.7815
4033000	11207.0968
4033500	11207.4667
4034000	11207.5606
4034500	11207.5003
4035000	11207.5003
4035500	11207.4541
4036000	11207.6934
4036500	11207.6934
4037000	11207.6563
4037500	11208.2695
4038000	11208.2258
4038500	11208.2896
4039000	11208.2408
4039500	11208.6963
4040000	11208.8420
4040500	11208.8420
4041000	11208.5927
4041500	11209.0894
4042000	11208.4940
4042500	11208.3462
4043000	11207.7089
4043500	11207.3171
4044000	11207.1869
4044500	11207.1450
4045000	11206.8206
4045500	11206.8557
4046000	11206.7429
4046500	11206.6585
4047000	11206.3219
4047500	11206.7178
4048000	11206.4944
4048500	11205.9349
4049000	11205.5014
4049500	11205.6194
4050000	11205.6846
4050500	11205.6846
4051000	11205.8479
4051500	11206.0649
4052000	11206.2846
4052500	11206.8872
4053000	11206.1539
4053500	11206.0510
4054000	11206.4885
4054500	11206.3009
4055000	11206.3045
4055500	11206.3369
4056000	11205.9874
4056500	11205.9874
4057000	11205.9367
4057500	11206.4139
4058000	11206.6788
4058500	11206.4098
4059000	11206.2202
4059500	11206.2735
4060000	11206.4886
4060500	11206.5176
4061000	11206.7034
4061500	11206.4690
4062000	11206.4404
4062500	11206.4260
4063000	11206.3712
4063500	11207.0286
4064000	11207.2557
4064500	11207.4692
4065000	11207.4251
4065500	11207.1521
4066000	11207.1521
4066500	11206.6804
4067000	11206.7288
4067500	11206.6286
4068000	11206.7445
4068500	11207.3056
4069000	11207.3545
4069500	11207.5584
4070000	11207.7850
4070500	11207.4597
4071000	11207.3803
4071500	11207.0289
4072000	11206.9095
4072500	11206.6320
4073000	11206.5809
4073500	11206.4019
4074000	11206.8980
4074500	11206.9775
4075000	11206.6415
4075500	11206.0503
4076000	11206.2622
4076500	11205.8915
4077000	11205.5593
4077500	11205.6761
4078000	11205.3404
4078500	11205.3446
4079000	11205.1318
4079500	11204.8906
4080000	11204.3746
4080500	11203.9456
4081000	11202.9142
4081500	11202.7330
4082000	11203.3671
4082500	11203.2873
4083000	11203.1896
4083500	11203.8317
4084000	11203.8479
4084500	11203.2368
4085000	11202.6984
4085500	11202.4528
4086000	11201.8027
4086500	11202.1152
4087000	11202.1596
4087500	11202.1563
4088000	11201.5909
4088500	11201.8038
4089000	11201.9591
4089500	11201.9881
4090000	11201.2967
4090500	11201.5138
4091000	11201.7813
4091500	11201.1312
4092000	11200.9734
4092500	11201.3267
4093000	11200.8370
4093500	11199.9835
4094000	11199.8232
4094500	11199.9753
4095000	11199.7752
4095500	11199.6865
4096000	11199.0555
4096500	11198.9619
4097000	11199.1045
4097500	11199.4227
4098000	11199.0867
4098500	11199.0867
4099000	11198.8913
4099500	11198.8920
4100000	11199.5482
4100500	11199.7076
4101000	11199.7041
4101500	11199.7831
4102000	11198.7847
4102500	11199.2488
4103000	11199.2785
4103500	11199.3505
4104000	11199.5563
4104500	11199.5838
4105000	11200.0103
4105500	11200.0103
4106000	11199.9591
4106500	11200.2246
4107000	11200.2317
4107500	11200.1997
4108000	11199.7331
4108500	11199.7104
4109000	11199.8060
4109500	11200.3599
4110000	11200.5453
4110500	11200.8434
4111000	11200.8276
4111500	11201.1051
4112000	11200.5815
4112500	11199.8990
4113000	11200.3891
4113500	11200.4777
4114000	11200.3286
4114500	11200.6309
4115000	11200.3204
4115500	11200.7589
4116000	11200.1062
4116500	11199.6713
4117000	11199.6286
4117500	11199.9817
4118000	11200.3100
4118500	11200.2099
4119000	11200.0629
4119500	11200.2937
4120000	11200.6086
4120500	11200.4261
4121000	11200.3637
4121500	11200.4007
4122000	11200.0786
4122500	11199.7802
4123000	11200.2327
4123500	11200.1237
4124000	11200.1237
4124500	11200.0371
4125000	11199.4045
4125500	11198.9930
4126000	11199.1340
4126500	11198.7700
4127000	11198.2304
4127500	11198.4667
4128000	11198.4405
4128500	11198.1660
4129000	11197.6590
4129500	11196.9597
4130000	11196.9516
4130500	11196.9516
4131000	11197.0193
4131500	11196.9947
4132000	11197.3427
4132500	11197.7013
4133000	11197.7170
4133500	11197.7882
4134000	11197.4099
4134500	11197.3097
4135000	11197.3097
4135500	11196.9683
4136000	11197.0838
4136500	11197.3779
4137000	11196.9609
4137500	11197.3252
4138000	11197.6753
4138500	11197.6982
4139000	11197.8648
4139500	11198.2070
4140000	11198.4204
4140500	11198.8250
4141000	11199.2165
4141500	11199.2101
4142000	11199.1272
4142500	11199.4777
4143000	11198.8680
4143500	11199.3351
4144000	11199.2201
4144500	11199.2201
4145000	11199.3120
4145500	11200.0485
4146000	11200.4227
4146500	11200.4148
4147000	11200.9304
4147500	11200.9694
4148000	11200.9827
4148500	11200.5411
4149000	11200.6889
4149500	11200.7886
4150000	11200.7886
4150500	11200.8666
4151000	11201.1425
4151500	11201.1001
4152000	11201.2588
4152500	11200.9653
4153000	11201.1718
4153500	11201.1927
4154000	11201.3248
4154500	11201.4482
4155000	11201.3984
4155500	11201.3481
4156000	11201.5177
4156500	11200.7466
4157000	11200.7466
4157500	11201.2054
4158000	11201.6355
4158500	11201.5049
4159000	11201.6790
4159500	11201.6333
4160000	11201.7299
4160500	11202.1979
4161000	11202.3859
4161500	11202.5604
4162000	11202.0004
4162500	11202.1004
4163000	11202.0044
4163500	11201.9814
4164000	11201.9373
4164500	11202.1060
4165000	11202.8382
4165500	11202.7939
4166000	11202.9080
4166500	11202.4829
4167000	11202.2333
4167500	11202.2332
4168000	11202.5020
4168500	11202.1944
4169000	11202.2654
4169500	11202.4377
4170000	11202.5110
4170500	11203.0782
4171000	11202.9285
4171500	11203.2867
4172000	11203.3887
4172500	11203.2326
4173000	11202.9006
4173500	11203.5707
4174000	11203.5711
4174500	11203.5450
4175000	11203.8887
4175500	11204.0138
4176000	11203.5961
4176500	11203.7821
4177000	11203.7417
4177500	11203.6773
4178000	11203.8694
4178500	11203.5223
4179000	11203.0919
4179500	11203.2281
4180000	11202.8149
4180500	11202.7947
4181000	11202.6754
4181500	11201.9804
4182000	11202.1414
4182500	11201.5183
4183000	11202.1955
4183500	11202.1147
4184000	11202.1283
4184500	11202.2695
4185000	11202.7678
4185500	11203.2126
4186000	11202.9145
4186500	11202.3242
4187000	11201.9004
4187500	11201.8191
4188000	11201.6163
4188500	11202.1372
4189000	11201.8425
4189500	11201.6052
4190000	11201.5985
4190500	11201.6954
4191000	11201.9762
4191500	11201.8825
4192000	11201.9493
4192500	11201.6181
4193000	11201.3495
4193500	11201.6635
4194000	11202.1965
4194500	11202.1284
4195000	11202.3117
4195500	11202.4892
4196000	11202.6893
4196500	11202.9342
4197000	11203.2051
4197500	11202.8489
4198000	11203.1253
4198500	11202.9350
4199000	11202.9125
4199500	11203.1934
4200000	11202.8655
4200500	11203.2336
4201000	11202.9068
4201500	11202.7324
4202000	11202.7152
4202500	11202.7316
4203000	11202.6666
4203500	11202.5192
4204000	11202.5252
4204500	11201.9407
4205000	11202.3576
4205500	11202.5253
4206000	11202.5253
4206500	11203.0621
4207000	11203.0006
4207500	11202.8265
4208000	11202.8219
4208500	11202.8960
4209000	11202.7234
4209500	11202.3782
4210000	11202.1910
4210500	11202.1416
4211000	11202.6424
4211500	11202.2446
4212000	11202.7060
4212500	11202.9438
4213000	11203.2060
4213500	11202.7476
4214000	11202.2373
4214500	11202.5358
4215000	11202.6120
4215500	11202.4154
4216000	11202.4154
4216500	11202.5106
4217000	11202.8182
4217500	11203.1367
4218000	11203.3522
4218500	11203.4813
4219000	11203.5647
4219500	11202.8929
4220000	11203.2996
4220500	11203.1901
4221000	11203.2502
4221500	11203.4400
4222000	11203.2729
4222500	11203.4984
4223000	11203.5745
4223500	11203.7348
4224000	11203.9274
4224500	11204.1415
4225000	11203.4938
4225500	11203.5023
4226000	11203.3331
4226500	11203.3320
4227000	11203.2119
4227500	11202.5451
4228000	11202.7255
4228500	11203.0061
4229000	11203.1974
4229500	11203.5782
4230000	11203.4970
4230500	11204.0785
4231000	11204.3775
4231500	11204.2291
4232000	11204.1385
4232500	11203.6368
4233000	11203.8237
4233500	11203.6745
4234000	11204.0574
4234500	11203.5851
4235000	11203.1671
4235500	11203.7244
4236000	11203.7482
4236500	11204.2054
4237000	11204.2895
4237500	11204.1007
4238000	11204.3227
4238500	11203.7673
4239000	11204.1994
4239500	11204.4845
4240000	11204.0700
4240500	11203.4243
4241000	11203.4808
4241500	11203.2048
4242000	11203.2083
4242500	11203.0140
4243000	11202.9231
4243500	11202.7182
4244000	11202.3466
4244500	11202.4038
4245000	11202.3581
4245500	11202.0164
4246000	11202.0807
4246500	11202.5708
4247000	11202.9341
4247500	11202.6883
4248000	11203.1309
4248500	11203.1807
4249000	11203.0052
4249500	11203.1866
4250000	11202.6313
4250500	11202.7395
4251000	11202.3266
4251500	11202.0210
4252000	11201.7601
4252500	11201.6895
4253000	11201.3042
4253500	11201.5195
4254000	11201.5526
4254500	11201.4469
4255000	11201.1708
4255500	11201.2209
4256000	11201.2209
4256500	11201.0313
4257000	11200.3492
4257500	11199.8988
4258000	11199.8109
4258500	11200.1072
4259000	11199.9830
4259500	11199.8130
4260000	11200.0248
4260500	11200.0248
4261000	11200.1060
4261500	11200.1636
4262000	11200.5557
4262500	11200.7554
4263000	11200.9584
4263500	11200.7708
4264000	11200.7570
4264500	11200.1620
4265000	11200.2953
4265500	11200.5925
4266000	11200.8127
4266500	11200.8574
4267000	11201.1553
4267500	11201.5752
4268000	11201.5827
4268500	11201.5600
4269000	11201.5239
4269500	11201.3557
4270000	11201.4846
4270500	11201.5906
4271000	11201.4542
4271500	11202.3114
4272000	11202.0054
4272500	11202.2447
4273000	11202.8754
4273500	11202.7314
4274000	11202.7049
4274500	11202.9461
4275000	11202.9060
4275500	11202.9060
4276000	11203.1716
4276500	11203.2925
4277000	11202.8881
4277500	11202.8068
4278000	11202.8068
4278500	11202.8288
4279000	11202.9593
4279500	11202.5565
4280000	11203.0685
4280500	11203.4342
4281000	11203.0848
4281500	11203.0989
4282000	11202.9729
4282500	11202.8526
4283000	11202.6328
4283500	11202.1072
4284000	11202.2573
4284500	11202.3912
4285000	11202.0585
4285500	11201.8431
4286000	11202.1753
4286500	11202.1753
4287000	11202.6127
4287500	11202.5320
4288000	11202.5259
4288500	11202.8534
4289000	11202.8034
4289500	11202.3373
4290000	11202.2449
4290500	11202.4248
4291000	11202.5906
4291500	11202.3908
4292000	11202.4933
4292500	11202.4475
4293000	11202.4464
4293500	11202.7460
4294000	11202.4149
4294500	11202.4142
4295000	11202.2744
4295500	11202.4918
4296000	11202.4167
4296500	11202.1970
4297000	11202.0657
4297500	11202.1564
4298000	11202.3435
4298500	11201.6970
4299000	11201.7333
4299500	11201.9554
4300000	11201.7400
4300500	11201.9659
4301000	11202.6677
4301500	11202.3546
4302000	11202.4008
4302500	11202.2671
4303000	11202.3565
4303500	11202.0071
4304000	11201.8964
4304500	11202.0829
4305000	11201.9685
4305500	11202.2548
4306000	11202.0380
4306500	11201.9980
4307000	11202.1394
4307500	11202.2223
4308000	11202.6055
4308500	11202.4250
4309000	11201.7326
4309500	11201.5589
4310000	11201.6082
4310500	11202.0836
4311000	11202.2619
4311500	11202.8335
4312000	11202.9269
4312500	11202.8346
4313000	11202.9663
4313500	11203.1888
4314000	11203.0511
4314500	11203.0557
4315000	11202.8541
4315500	11202.9327
4316000	11202.7056
4316500	11203.2115
4317000	11203.5453
4317500	11203.7511
4318000	11203.6659
4318500	11203.7363
4319000	11203.7120
4319500	11204.0716
4320000	11203.8641
4320500	11203.7813
4321000	11203.5110
4321500	11202.9161
4322000	11202.7024
4322500	11202.8200
4323000	11202.6363
4323500	11202.7787
4324000	11202.4977
4324500	11202.6390
4325000	11202.6324
4325500	11202.9080
4326000	11202.7416
4326500	11202.9861
4327000	11203.0471
4327500	11202.9388
4328000	11202.5183
4328500	11202.2073
4329000	11201.6969
4329500	11201.1878
4330000	11201.6859
4330500	11202.2969
4331000	11202.6622
4331500	11202.2060
4332000	11202.1355
4332500	11202.1686
4333000	11202.0130
4333500	11202.0130
4334000	11202.0130
4334500	11202.0130
4335000	11201.9461
4335500	11202.0800
4336000	11201.9218
4336500	11202.2606
4337000	11202.4757
4337500	11202.3486
4338000	11202.3113
4338500	11202.5181
4339000	11202.6832
4339500	11202.4505
4340000	11202.2777
4340500	11202.1123
4341000	11202.5193
4341500	11202.1593
4342000	11201.6832
4342500	11201.3053
4343000	11201.7560
4343500	11201.4533
4344000	11201.6467
4344500	11201.4760
4345000	11201.6153
4345500	11201.7746
4346000	11201.9492
4346500	11201.7983
4347000	11201.7230
4347500	11201.5642
4348000	11201.4429
4348500	11202.1367
4349000	11202.1239
4349500	11202.3114
4350000	11202.1824
4350500	11202.3870
4351000	11202.2978
4351500	11202.2235
4352000	11201.8735
4352500	11201.3590
4353000	11201.4927
4353500	11201.2698
4354000	11201.2698
4354500	11201.4476
4355000	11201.7961
4355500	11201.8949
4356000	11201.6229
4356500	11201.3104
4357000	11201.2933
4357500	11201.2455
4358000	11201.6361
4358500	11201.7805
4359000	11201.7157
4359500	11201.5700
4360000	11201.2149
4360500	11201.1030
4361000	11200.8347
4361500	11201.0755
4362000	11200.7961
4362500	11200.6581
4363000	11200.3574
4363500	11200.1029
4364000	11200.1273
4364500	11200.0244
4365000	11199.9908
4365500	11199.7954
4366000	11199.6396
4366500	11200.1045
4367000	11199.2527
4367500	11198.8516
4368000	11199.0077
4368500	11198.6986
4369000	11198.8590
4369500	11198.5810
4370000	11198.4116
4370500	11198.4453
4371000	11198.5708
4371500	11198.6279
4372000	11198.5894
4372500	11199.0087
4373000	11199.3389
4373500	11199.0125
4374000	11199.1500
4374500	11198.9142
4375000	11199.1157
4375500	11198.5087
4376000	11198.4870
4376500	11198.6835
4377000	11198.8637
4377500	11199.0764
4378000	11199.0764
4378500	11198.6293
4379000	11199.2749
4379500	11199.0376
4380000	11199.2484
4380500	11199.2702
4381000	11197.7780
4381500	11197.1627
4382000	11197.2093
4382500	11197.3020
4383000	11197.1620
4383500	11197.1144
4384000	11196.6686
4384500	11196.8694
4385000	11196.6081
4385500	11196.6601
4386000	11196.5294
4386500	11196.4299
4387000	11196.5574
4387500	11196.1904
4388000	11196.1386
4388500	11196.2252
4389000	11196.4217
4389500	11196.5232
4390000	11196.6331
4390500	11196.5686
4391000	11197.0733
4391500	11197.0609
4392000	11197.0819
4392500	11196.7438
4393000	11196.6945
4393500	11196.6088
4394000	11197.0023
4394500	11196.7702
4395000	11197.2257
4395500	11197.3031
4396000	11197.3031
4396500	11197.0071
4397000	11197.0071
4397500	11197.0700
4398000	11197.0700
4398500	11196.7890
4399000	11196.8164
4399500	11196.9673
4400000	11196.9352
4400500	11196.7851
4401000	11197.1518
4401500	11197.4360
4402000	11197.5660
4402500	11197.5360
4403000	11197.6450
4403500	11196.9147
4404000	11197.1692
4404500	11197.6729
4405000	11197.6298
4405500	11197.7572
4406000	11197.3645
4406500	11197.4354
4407000	11197.3202
4407500	11197.3047
4408000	11197.0260
4408500	11196.5270
4409000	11196.7006
4409500	11196.3696
4410000	11196.3696
4410500	11196.3521
4411000	11196.1910
4411500	11196.4103
4412000	11196.8112
4412500	11196.9518
4413000	11196.9079
4413500	11197.0465
4414000	11197.0574
4414500	11197.3992
4415000	11197.9143
4415500	11198.1398
4416000	11197.9291
4416500	11198.0808
4417000	11197.7414
4417500	11197.9583
4418000	11198.1898
4418500	11197.5749
4419000	11197.3317
4419500	11197.0459
4420000	11196.9870
4420500	11196.8875
4421000	11196.5310
4421500	11196.2677
4422000	11196.6262
4422500	11196.7008
4423000	11196.3164
4423500	11196.6588
4424000	11196.4100
4424500	11196.5630
4425000	11196.6200
4425500	11197.3069
4426000	11197.1873
4426500	11197.1201
4427000	11196.6943
4427500	11196.4671
4428000	11196.2982
4428500	11195.7696
4429000	11195.4274
4429500	11195.5095
4430000	11195.6831
4430500	11195.8304
4431000	11196.1114
4431500	11195.9347
4432000	11196.1941
4432500	11195.7509
4433000	11196.0375
4433500	11196.0375
4434000	11195.9775
4434500	11195.7055
4435000	11195.5819
4435500	11195.9909
4436000	11195.7013
4436500	11195.7168
4437000	11195.4740
4437500	11195.7701
4438000	11194.9809
4438500	11194.8825
4439000	11195.0872
4439500	11195.6752
4440000	11195.6968
4440500	11195.9804
4441000	11195.9030
4441500	11195.7685
4442000	11195.7160
4442500	11195.8822
4443000	11195.6396
4443500	11195.5104
4444000	11195.3079
4444500	11195.8103
4445000	11195.9509
4445500	11195.8343
4446000	11196.2811
4446500	11196.5822
4447000	11196.6496
4447500	11196.6621
4448000	11195.9757
4448500	11196.1681
4449000	11195.9077
4449500	11195.9388
4450000	11195.7066
4450500	11195.9048
4451000	11195.9380
4451500	11195.7846
4452000	11195.5321
4452500	11195.5970
4453000	11195.6516
4453500	11195.5392
4454000	11195.5492
4454500	11195.7468
4455000	11195.1009
4455500	11195.4260
4456000	11195.3864
4456500	11195.3921
4457000	11195.7079
4457500	11195.7018
4458000	11196.0871
4458500	11195.8176
4459000	11195.8958
4459500	11195.4514
4460000	11195.0564
4460500	11195.5071
4461000	11195.3868
4461500	11194.8305
4462000	11194.6942
4462500	11194.6233
4463000	11194.3972
4463500	11194.4655
4464000	11194.5726
4464500	11194.5973
4465000	11194.3661
4465500	11194.5271
4466000	11194.6867
4466500	11195.1514
4467000	11195.2589
4467500	11195.2528
4468000	11195.1699
4468500	11195.5093
4469000	11195.4973
4469500	11195.7327
4470000	11195.8040
4470500	11195.6359
4471000	11195.3495
4471500	11194.9448
4472000	11195.0751
4472500	11195.0751
4473000	11194.9504
4473500	11194.6307
4474000	11193.8885
4474500	11194.5453
4475000	11194.1995
4475500	11194.1977
4476000	11193.9156
4476500	11193.7967
4477000	11193.6661
4477500	11193.7321
4478000	11193.3453
4478500	11193.6622
4479000	11193.2873
4479500	11193.3348
4480000	11193.3118
4480500	11193.3708
4481000	11193.4265
4481500	11193.5043
4482000	11193.6525
4482500	11193.8892
4483000	11194.0145
4483500	11193.5106
4484000	11193.4664
4484500	11193.3636
4485000	11193.9427
4485500	11193.6302
4486000	11193.6302
4486500	11193.6302
4487000	11193.6453
4487500	11193.4920
4488000	11193.3176
4488500	11193.3602
4489000	11193.4684
4489500	11193.3491
4490000	11193.3890
4490500	11192.9963
4491000	11192.6348
4491500	11192.7832
4492000	11192.8357
4492500	11193.4720
4493000	11194.1030
4493500	11194.4024
4494000	11194.4245
4494500	11194.3359
4495000	11194.5712
4495500	11194.6156
4496000	11194.2036
4496500	11194.0941
4497000	11193.8542
4497500	11193.8560
4498000	11193.7350
4498500	11193.7639
4499000	11193.7662
4499500	11194.2432
4500000	11194.4755
4500500	11194.4755
4501000	11194.7457
4501500	11195.1516
4502000	11195.1516
4502500	11195.2223
4503000	11195.1749
4503500	11195.4222
4504000	11195.1262
4504500	11195.2663
4505000	11195.7980
4505500	11196.1540
4506000	11196.3244
4506500	11195.9725
4507000	11195.9620
4507500	11196.2070
4508000	11196.5907
4508500	11196.5407
4509000	11196.4972
4509500	11196.6509
4510000	11196.6217
4510500	11196.8115
4511000	11196.8151
4511500	11196.8667
4512000	11196.6229
4512500	11196.2649
4513000	11196.5050
4513500	11197.3140
4514000	11197.4558
4514500	11196.8101
4515000	11196.6897
4515500	11196.8833
4516000	11197.0207
4516500	11197.2030
4517000	11197.0396
4517500	11197.2451
4518000	11197.0570
4518500	11197.4360
4519000	11197.4461
4519500	11197.6272
4520000	11197.5004
4520500	11197.2484
4521000	11197.1925
4521500	11197.2305
4522000	11196.9254
4522500	11196.9922
4523000	11197.4694
4523500	11196.7707
4524000	11197.0725
4524500	11196.1445
4525000	11195.9766
4525500	11196.0678
4526000	11195.8550
4526500	11195.4051
4527000	11195.5155
4527500	11195.3437
4528000	11195.3294
4528500	11195.1735
4529000	11195.2627
4529500	11194.9032
4530000	11194.7211
4530500	11194.4175
4531000	11194.3251
4531500	11193.7806
4532000	11193.7649
4532500	11193.8802
4533000	11194.0469
4533500	11193.8799
4534000	11194.1302
4534500	11194.0456
4535000	11193.5670
4535500	11193.3713
4536000	11193.2420
4536500	11193.0118
4537000	11192.7507
4537500	11193.1177
4538000	11193.1177
4538500	11192.7720
4539000	11192.9086
4539500	11192.6118
4540000	11192.1074
4540500	11192.4468
4541000	11192.3387
4541500	11192.0078
4542000	11191.7489
4542500	11191.3794
4543000	11190.9934
4543500	11190.4007
4544000	11190.6423
4544500	11190.8062
4545000	11190.7319
4545500	11190.5959
4546000	11191.0642
4546500	11190.8677
4547000	11191.1830
4547500	11191.4299
4548000	11191.5398
4548500	11191.8033
4549000	11191.9245
4549500	11191.7185
4550000	11191.3076
4550500	11191.1677
4551000	11191.0446
4551500	11190.9445
4552000	11191.1386
4552500	11190.7539
4553000	11190.4622
4553500	11190.2768
4554000	11190.1007
4554500	11190.3663
4555000	11190.0957
4555500	11190.3493
4556000	11189.8614
4556500	11188.8267
4557000	11188.6797
4557500	11188.6263
4558000	11188.7324
4558500	11188.8256
4559000	11189.1992
4559500	11189.1815
4560000	11189.4255
4560500	11189.5017
4561000	11189.5572
4561500	11189.4073
4562000	11189.7485
4562500	11189.5541
4563000	11189.7982
4563500	11189.8453
4564000	11189.6407
4564500	11189.8795
4565000	11189.8795
4565500	11190.2368
4566000	11189.8430
4566500	11189.7047
4567000	11190.2797
4567500	11190.4854
4568000	11190.4680
4568500	11190.6080
4569000	11190.2285
4569500	11190.7511
4570000	11190.7042
4570500	11190.2519
4571000	11190.4809
4571500	11190.3119
4572000	11190.4628
4572500	11190.6882
4573000	11190.4822
4573500	11189.8291
4574000	11189.2283
4574500	11189.2866
4575000	11189.3583
4575500	11189.4800
4576000	11189.5384
4576500	11189.7193
4577000	11189.8406
4577500	11190.3073
4578000	11189.9071
4578500	11189.5947
4579000	11189.8669
4579500	11189.9951
4580000	11190.1549
4580500	11190.0209
4581000	11190.4807
4581500	11190.2055
4582000	11189.3768
4582500	11189.3768
4583000	11189.3981
4583500	11189.0331
4584000	11189.3750
4584500	11189.3279
4585000	11189.2444
4585500	11189.0524
4586000	11189.0374
4586500	11188.9703
4587000	11188.9674
4587500	11188.4898
4588000	11188.6658
4588500	11188.4964
4589000	11188.3945
4589500	11188.4708
4590000	11188.8666
4590500	11188.7123
4591000	11188.7965
4591500	11188.6550
4592000	11188.7174
4592500	11188.7378
4593000	11188.5606
4593500	11188.3656
4594000	11189.1734
4594500	11188.9097
4595000	11188.8324
4595500	11188.7162
4596000	11188.2625
4596500	11188.1756
4597000	11188.4645
4597500	11188.8134
4598000	11188.6084
4598500	11188.4416
4599000	11188.4814
4599500	11188.1769
4600000	11188.5042
4600500	11188.2818
4601000	11188.1581
4601500	11188.3394
4602000	11187.8932
4602500	11187.6981
4603000	11187.5494
4603500	11187.5494
4604000	11187.1161
4604500	11186.7048
4605000	11186.8207
4605500	11187.1771
4606000	11187.0214
4606500	11186.9672
4607000	11187.5169
4607500	11187.1602
4608000	11187.3838
4608500	11187.3317
4609000	11187.4203
4609500	11187.6049
4610000	11187.8528
4610500	11188.0261
4611000	11187.4800
4611500	11187.2532
4612000	11187.0544
4612500	11187.1368
4613000	11186.9514
4613500	11187.2194
4614000	11187.1480
4614500	11187.1577
4615000	11187.1108
4615500	11187.0187
4616000	11186.8938
4616500	11187.2884
4617000	11187.4606
4617500	11187.2418
4618000	11187.5021
4618500	11187.2425
4619000	11187.1841
4619500	11187.2812
4620000	11187.3586
4620500	11187.5695
4621000	11187.4147
4621500	11187.3310
4622000	11187.6448
4622500	11187.2716
4623000	11187.1773
4623500	11186.7344
4624000	11186.9170
4624500	11187.5952
4625000	11187.7346
4625500	11187.5103
4626000	11187.3916
4626500	11186.6815
4627000	11186.4199
4627500	11186.2910
4628000	11185.6200
4628500	11185.7684
4629000	11186.2779
4629500	11186.6717
4630000	11187.3231
4630500	11187.1782
4631000	11187.3506
4631500	11187.2827
4632000	11187.2224
4632500	11187.2278
4633000	11186.8200
4633500	11186.9677
4634000	11186.8273
4634500	11186.5222
4635000	11186.0991
4635500	11185.7395
4636000	11185.4479
4636500	11185.1677
4637000	11185.0932
4637500	11184.8424
4638000	11185.0239
4638500	11185.3575
4639000	11185.4141
4639500	11185.3406
4640000	11185.0765
4640500	11185.1426
4641000	11185.5019
4641500	11185.6233
4642000	11185.5561
4642500	11185.7733
4643000	11185.8578
4643500	11186.0457
4644000	11185.7196
4644500	11185.7019
4645000	11185.8846
4645500	11185.6557
4646000	11186.2628
4646500	11186.4775
4647000	11186.8012
4647500	11187.3475
4648000	11187.2984
4648500	11187.1507
4649000	11187.1536
4649500	11187.4073
4650000	11186.5894
4650500	11186.5894
4651000	11186.7970
4651500	11186.9304
4652000	11187.1380
4652500	11187.1737
4653000	11187.3416
4653500	11187.2253
4654000	11187.2441
4654500	11187.2353
4655000	11187.7551
4655500	11187.5640
4656000	11187.6266
4656500	11187.7046
4657000	11187.9856
4657500	11187.3790
4658000	11187.6405
4658500	11187.5011
4659000	11187.4878
4659500	11187.7058
4660000	11187.8509
4660500	11187.9623
4661000	11188.1194
4661500	11188.3614
4662000	11188.7945
4662500	11188.7396
4663000	11188.9171
4663500	11188.9142
4664000	11188.8745
4664500	11188.3835
4665000	11188.3835
4665500	11188.8507
4666000	11188.9395
4666500	11188.9846
4667000	11188.8011
4667500	11188.9875
4668000	11189.8524
4668500	11189.9867
4669000	11190.0029
4669500	11190.0422
4670000	11190.3473
4670500	11189.6879
4671000	11189.5645
4671500	11189.6320
4672000	11189.5308
4672500	11189.8035
4673000	11189.9595
4673500	11189.6514
4674000	11189.7651
4674500	11189.9407
4675000	11189.7256
4675500	11189.7153
4676000	11189.6693
4676500	11189.5051
4677000	11189.5960
4677500	11189.6514
4678000	11189.9128
4678500	11189.6578
4679000	11189.4851
4679500	11189.7120
4680000	11189.5304
4680500	11189.6135
4681000	11189.5813
4681500	11189.2408
4682000	11189.2228
4682500	11189.3671
4683000	11189.0255
4683500	11188.5425
4684000	11188.4180
4684500	11188.5524
4685000	11188.9017
4685500	11188.6999
4686000	11188.2233
4686500	11188.0433
4687000	11187.9531
4687500	11187.6791
4688000	11187.9639
4688500	11187.3288
4689000	11187.7144
4689500	11187.7759
4690000	11188.1085
4690500	11188.1251
4691000	11187.6144
4691500	11187.6725
4692000	11187.5748
4692500	11188.0564
4693000	11187.7563
4693500	11187.7015
4694000	11188.0431
4694500	11188.0096
4695000	11188.1921
4695500	11188.1603
4696000	11187.9354
4696500	11187.8492
4697000	11188.5699
4697500	11188.7608
4698000	11189.1614
4698500	11189.9484
4699000	11189.2590
4699500	11188.9614
4700000	11189.2801
4700500	11188.7047
4701000	11188.8549
4701500	11188.8558
4702000	11189.0769
4702500	11188.8186
4703000	11188.8962
4703500	11188.6815
4704000	11189.0851
4704500	11189.3993
4705000	11188.9070
4705500	11189.1191
4706000	11189.2943
4706500	11189.3593
4707000	11189.4147
4707500	11189.7718
4708000	11189.7863
4708500	11189.7863
4709000	11189.8387
4709500	11189.8664
4710000	11189.8664
4710500	11189.9558
4711000	11190.2170
4711500	11190.1741
4712000	11189.8204
4712500	11190.1303
4713000	11190.4381
4713500	11190.6352
4714000	11190.5643
4714500	11190.6826
4715000	11190.5751
4715500	11190.2759
4716000	11190.1930
4716500	11189.9048
4717000	11189.6938
4717500	11189.6170
4718000	11189.3252
4718500	11189.4901
4719000	11189.1463
4719500	11188.9128
4720000	11189.1025
4720500	11189.0014
4721000	11188.9819
4721500	11189.0632
4722000	11188.4836
4722500	11188.5846
4723000	11188.6743
4723500	11188.7388
4724000	11188.8524
4724500	11188.8933
4725000	11188.7369
4725500	11188.2222
4726000	11188.2222
4726500	11188.2417
4727000	11188.5862
4727500	11187.9123
4728000	11187.7044
4728500	11187.6788
4729000	11187.9444
4729500	11188.1485
4730000	11188.0100
4730500	11188.2745
4731000	11188.2043
4731500	11187.9554
4732000	11188.0657
4732500	11188.2021
4733000	11188.0584
4733500	11188.2091
4734000	11188.1059
4734500	11188.3679
4735000	11187.8821
4735500	11187.5345
4736000	11187.3185
4736500	11187.3752
4737000	11187.1799
4737500	11187.1233
4738000	11187.3648
4738500	11187.1410
4739000	11187.1410
4739500	11186.6644
4740000	11186.3412
4740500	11185.9954
4741000	11185.9294
4741500	11185.8965
4742000	11186.0528
4742500	11186.4023
4743000	11186.0357
4743500	11186.1643
4744000	11185.9336
4744500	11186.1919
4745000	11186.0927
4745500	11185.8052
4746000	11185.9433
4746500	11186.6572
4747000	11186.6725
4747500	11186.4506
4748000	11186.6197
4748500	11186.5403
4749000	11186.8500
4749500	11187.0920
4750000	11187.0819
4750500	11187.2225
4751000	11187.7237
4751500	11188.2778
4752000	11188.0307
4752500	11187.6030
4753000	11187.6148
4753500	11187.1870
4754000	11187.2663
4754500	11187.1108
4755000	11186.7614
4755500	11186.7354
4756000	11186.4304
4756500	11186.3832
4757000	11186.5107
4757500	11186.7565
4758000	11186.8720
4758500	11186.8262
4759000	11186.9536
4759500	11186.6826
4760000	11186.6343
4760500	11186.5076
4761000	11186.3422
4761500	11186.4460
4762000	11186.4939
4762500	11186.3941
4763000	11186.5016
4763500	11186.4054
4764000	11186.1976
4764500	11186.1976
4765000	11186.8236
4765500	11186.8236
4766000	11186.0059
4766500	11185.8807
4767000	11185.7650
4767500	11185.7465
4768000	11186.3036
4768500	11185.8226
4769000	11186.1965
4769500	11186.1909
4770000	11186.3564
4770500	11186.5595
4771000	11186.3320
4771500	11186.1389
4772000	11185.2839
4772500	11185.3660
4773000	11185.7651
4773500	11185.9107
4774000	11185.8354
4774500	11185.8499
4775000	11186.0959
4775500	11186.0790
4776000	11185.9762
4776500	11186.4183
4777000	11186.3655
4777500	11186.1889
4778000	11186.0013
4778500	11185.6230
4779000	11185.1433
4779500	11185.3155
4780000	11185.3661
4780500	11185.2061
4781000	11185.0974
4781500	11184.9680
4782000	11185.1689
4782500	11184.9669
4783000	11185.2659
4783500	11185.2651
4784000	11185.1133
4784500	11185.2139
4785000	11185.2749
4785500	11185.1948
4786000	11185.0262
4786500	11184.2812
4787000	11183.9938
4787500	11183.8431
4788000	11183.5171
4788500	11183.6053
4789000	11183.6897
4789500	11183.9397
4790000	11184.1194
4790500	11184.0972
4791000	11184.4563
4791500	11184.4315
4792000	11184.7805
4792500	11184.4791
4793000	11184.2047
4793500	11183.9161
4794000	11183.8438
4794500	11184.2492
4795000	11184.2251
4795500	11184.1569
4796000	11184.1681
4796500	11184.1681
4797000	11183.8922
4797500	11183.7370
4798000	11183.8969
4798500	11184.1936
4799000	11184.0271
4799500	11184.3434
4800000	11184.3031
4800500	11184.4070
4801000	11184.9034
4801500	11185.1702
4802000	11185.1702
4802500	11185.4361
4803000	11185.5837
4803500	11185.7315
4804000	11185.2003
4804500	11185.4697
4805000	11185.4697
4805500	11185.3953
4806000	11185.3230
4806500	11184.8140
4807000	11184.5293
4807500	11184.8375
4808000	11184.7346
4808500	11184.5952
4809000	11184.5565
4809500	11184.5579
4810000	11184.3427
4810500	11184.1556
4811000	11184.7602
4811500	11184.6522
4812000	11184.7986
4812500	11184.6011
4813000	11184.8719
4813500	11185.3035
4814000	11185.3035
4814500	11185.2319
4815000	11185.1405
4815500	11185.5351
4816000	11185.5351
4816500	11185.6575
4817000	11185.6530
4817500	11185.5641
4818000	11186.1123
4818500	11185.8832
4819000	11185.8255
4819500	11186.1835
4820000	11185.8867
4820500	11185.6354
4821000	11185.5787
4821500	11185.2989
4822000	11185.2416
4822500	11184.9769
4823000	11184.4973
4823500	11184.7480
4824000	11184.8261
4824500	11184.8261
4825000	11185.0035
4825500	11185.3546
4826000	11185.4673
4826500	11185.3219
4827000	11185.3219
4827500	11185.4228
4828000	11185.4480
4828500	11185.5523
4829000	11185.5400
4829500	11185.4328
4830000	11186.2260
4830500	11186.0072
4831000	11186.5481
4831500	11186.5914
4832000	11186.8705
4832500	11186.8521
4833000	11187.0187
4833500	11187.2426
4834000	11187.3772
4834500	11187.0607
4835000	11186.8267
4835500	11186.8267
4836000	11186.8251
4836500	11187.0637
4837000	11186.8956
4837500	11186.8472
4838000	11187.1009
4838500	11187.0077
4839000	11187.3346
4839500	11187.5218
4840000	11187.3874
4840500	11187.3336
4841000	11187.4555
4841500	11187.6042
4842000	11187.2009
4842500	11187.3575
4843000	11187.0668
4843500	11187.3748
4844000	11187.5296
4844500	11187.4708
4845000	11187.7121
4845500	11187.9938
4846000	11188.1210
4846500	11188.4888
4847000	11188.4321
4847500	11188.6221
4848000	11188.5919
4848500	11188.7010
4849000	11188.6483
4849500	11188.9235
4850000	11189.1744
4850500	11189.6647
4851000	11189.8037
4851500	11188.9824
4852000	11188.6612
4852500	11188.7062
4853000	11188.5025
4853500	11188.5348
4854000	11188.5886
4854500	11188.7390
4855000	11188.9201
4855500	11189.5669
4856000	11189.4557
4856500	11189.4599
4857000	11188.5482
4857500	11189.3555
4858000	11188.9174
4858500	11189.0935
4859000	11189.2295
4859500	11189.3071
4860000	11188.9919
4860500	11189.1028
4861000	11189.2185
4861500	11189.1907
4862000	11188.6384
4862500	11188.5377
4863000	11189.3437
4863500	11189.7388
4864000	11189.5023
4864500	11189.7176
4865000	11189.6876
4865500	11189.8242
4866000	11189.5869
4866500	11190.0761
4867000	11190.2540
4867500	11190.2540
4868000	11190.4482
4868500	11190.6196
4869000	11190.6150
4869500	11190.5973
4870000	11190.7673
4870500	11190.9513
4871000	11191.1141
4871500	11191.0001
4872000	11190.7395
4872500	11190.5002
4873000	11191.0032
4873500	11190.4457
4874000	11189.9896
4874500	11190.1033
4875000	11189.6959
4875500	11190.2313
4876000	11190.1360
4876500	11190.0188
4877000	11190.4708
4877500	11190.4594
4878000	11191.0488
4878500	11191.0048
4879000	11191.0678
4879500	11191.1813
4880000	11191.2915
4880500	11190.9732
4881000	11190.9447
4881500	11191.1278
4882000	11191.6898
4882500	11191.6282
4883000	11191.6470
4883500	11191.6470
4884000	11191.1747
4884500	11190.7674
4885000	11191.0584
4885500	11191.7830
4886000	11191.7949
4886500	11191.9925
4887000	11192.1469
4887500	11192.2815
4888000	11192.3588
4888500	11192.5685
4889000	11192.7792
4889500	11192.5714
4890000	11192.7138
4890500	11192.6871
4891000	11192.6871
4891500	11192.5639
4892000	11192.4533
4892500	11192.7580
4893000	11193.1908
4893500	11193.4896
4894000	11193.5711
4894500	11193.8112
4895000	11193.8083
4895500	11193.8142
4896000	11193.8142
4896500	11193.6583
4897000	11193.6583
4897500	11193.9122
4898000	11194.0299
4898500	11193.8778
4899000	11193.4597
4899500	11193.4060
4900000	11193.5181
4900500	11193.4700
4901000	11193.1954
4901500	11193.6218
4902000	11193.6522
4902500	11193.8261
4903000	11193.4598
4903500	11193.7310
4904000	11193.6345
4904500	11193.3172
4905000	11193.7754
4905500	11193.9673
4906000	11193.9052
4906500	11194.0640
4907000	11194.0362
4907500	11194.2609
4908000	11194.4390
4908500	11194.5502
4909000	11194.1509
4909500	11194.2675
4910000	11194.3006
4910500	11194.0429
4911000	11193.9949
4911500	11193.9262
4912000	11193.9318
4912500	11194.0622
4913000	11193.9215
4913500	11193.9223
4914000	11193.9346
4914500	11193.7095
4915000	11193.4015
4915500	11193.1587
4916000	11193.2363
4916500	11193.4304
4917000	11193.4304
4917500	11193.3740
4918000	11193.3662
4918500	11193.5801
4919000	11193.4150
4919500	11193.3765
4920000	11193.6304
4920500	11193.4413
4921000	11193.2535
4921500	11193.4210
4922000	11192.4553
4922500	11192.0216
4923000	11191.9456
4923500	11192.2082
4924000	11192.5573
4924500	11192.5359
4925000	11192.9164
4925500	11193.2661
4926000	11193.2218
4926500	11193.2218
4927000	11193.2460
4927500	11193.0991
4928000	11193.0017
4928500	11192.4996
4929000	11192.4122
4929500	11192.3122
4930000	11192.4281
4930500	11192.3688
4931000	11191.8574
4931500	11192.0026
4932000	11192.0369
4932500	11192.5722
4933000	11192.7286
4933500	11193.0333
4934000	11192.8161
4934500	11192.9297
4935000	11192.9297
4935500	11192.5298
4936000	11192.6189
4936500	11192.7124
4937000	11192.7255
4937500	11192.9188
4938000	11193.1863
4938500	11193.4467
4939000	11193.7307
4939500	11193.8993
4940000	11194.0063
4940500	11193.5129
4941000	11193.3545
4941500	11193.4100
4942000	11193.7528
4942500	11193.8709
4943000	11194.1818
4943500	11194.4949
4944000	11194.6421
4944500	11194.7591
4945000	11194.5937
4945500	11194.3607
4946000	11194.2152
4946500	11194.4694
4947000	11194.0763
4947500	11194.0594
4948000	11194.0693
4948500	11193.5154
4949000	11193.6973
4949500	11193.8799
4950000	11193.9684
4950500	11194.2889
4951000	11194.4128
4951500	11194.5466
4952000	11194.8551
4952500	11194.0482
4953000	11193.5736
4953500	11193.5736
4954000	11193.2294
4954500	11192.5706
4955000	11193.0113
4955500	11193.2574
4956000	11193.4761
4956500	11193.1151
4957000	11193.6248
4957500	11193.2181
4958000	11193.0059
4958500	11192.7479
4959000	11192.8081
4959500	11192.8216
4960000	11192.9814
4960500	11192.9844
4961000	11192.7931
4961500	11192.8740
4962000	11192.1482
4962500	11191.8549
4963000	11191.8828
4963500	11191.5583
4964000	11191.2697
4964500	11191.4564
4965000	11191.4564
4965500	11191.3991
4966000	11190.5533
4966500	11190.3857
4967000	11189.8257
4967500	11189.8257
4968000	11189.9866
4968500	11189.9665
4969000	11190.1086
4969500	11190.0446
4970000	11190.1039
4970500	11189.9447
4971000	11190.1241
4971500	11190.2919
4972000	11190.2333
4972500	11190.4301
4973000	11190.2913
4973500	11190.0785
4974000	11190.0627
4974500	11190.3331
4975000	11190.3408
4975500	11190.1230
4976000	11189.9168
4976500	11189.3772
4977000	11189.0648
4977500	11189.3605
4978000	11189.1516
4978500	11189.0413
4979000	11189.2769
4979500	11189.4726
4980000	11189.4725
4980500	11189.5283
4981000	11189.5610
4981500	11189.7473
4982000	11189.9933
4982500	11190.2153
4983000	11189.9303
4983500	11190.1049
4984000	11190.2900
4984500	11190.4695
4985000	11190.4193
4985500	11189.7690
4986000	11189.8926
4986500	11189.9166
4987000	11189.9804
4987500	11189.8008
4988000	11189.9662
4988500	11189.7541
4989000	11189.5941
4989500	11189.7410
4990000	11189.1641
4990500	11189.1450
4991000	11188.9677
4991500	11188.9709
4992000	11189.1908
4992500	11189.4495
4993000	11189.7629
4993500	11189.7376
4994000	11190.0089
4994500	11189.7754
4995000	11190.0197
4995500	11190.2019
4996000	11190.1480
4996500	11190.4105
4997000	11190.7356
4997500	11190.8827
4998000	11190.9486
4998500	11191.1032
4999000	11190.9497
4999500	11190.7974
5000000	11190.8829
5000500	11190.8670
5001000	11190.9461
5001500	11191.0512
5002000	11191.1021
5002500	11191.2651
5003000	11191.3395
5003500	11191.0032
5004000	11191.2904
5004500	11191.2470
5005000	11191.1137
5005500	11191.4526
5006000	11191.9039
5006500	11192.0715
5007000	11192.5998
5007500	11192.1416
5008000	11192.0994
5008500	11192.1520
5009000	11192.1683
5009500	11192.2246
5010000	11191.8502
5010500	11191.6895
5011000	11191.7601
5011500	11191.5906
5012000	11191.8320
5012500	11191.4246
5013000	11191.3192
5013500	11191.1238
5014000	11191.0209
5014500	11190.9343
5015000	11191.0159
5015500	11191.0159
5016000	11190.7066
5016500	11190.0946
5017000	11190.3254
5017500	11190.7013
5018000	11190.8296
5018500	11190.8296
5019000	11190.4907
5019500	11190.5917
5020000	11190.4059
5020500	11189.9948
5021000	11189.9948
5021500	11189.9749
5022000	11190.2999
5022500	11190.2259
5023000	11189.8025
5023500	11189.8025
5024000	11189.8143
5024500	11190.1648
5025000	11190.3536
5025500	11189.9304
5026000	11190.1078
5026500	11190.1539
5027000	11190.1518
5027500	11189.9765
5028000	11189.8177
5028500	11189.6732
5029000	11189.1069
5029500	11188.8700
5030000	11189.0250
5030500	11188.8581
5031000	11188.8581
5031500	11189.2915
5032000	11188.9767
5032500	11189.3823
5033000	11188.7488
5033500	11188.6777
5034000	11188.7067
5034500	11188.8550
5035000	11188.6588
5035500	11189.0097
5036000	11188.8629
5036500	11189.0333
5037000	11188.8619
5037500	11188.9811
5038000	11188.7516
5038500	11188.8089
5039000	11188.8284
5039500	11188.5413
5040000	11188.8677
5040500	11188.7344
5041000	11188.5696
5041500	11188.6214
5042000	11188.6304
5042500	11188.3799
5043000	11188.3446
5043500	11188.4608
5044000	11188.4989
5044500	11188.8546
5045000	11189.0834
5045500	11189.4218
5046000	11189.4761
5046500	11189.5862
5047000	11189.8325
5047500	11189.9431
5048000	11189.9246
5048500	11190.2595
5049000	11190.2213
5049500	11190.4860
5050000	11190.5584
5050500	11190.4101
5051000	11190.2164
5051500	11190.3894
5052000	11191.0348
5052500	11190.8666
5053000	11190.6426
5053500	11190.6426
5054000	11190.5990
5054500	11190.2955
5055000	11190.4904
5055500	11190.6527
5056000	11190.4184
5056500	11190.4184
5057000	11190.9515
5057500	11190.7889
5058000	11190.7889
5058500	11190.7465
5059000	11190.7991
5059500	11190.8804
5060000	11191.0659
5060500	11191.0316
5061000	11191.0105
5061500	11190.7062
5062000	11190.6329
5062500	11190.0785
5063000	11190.0027
5063500	11190.1739
5064000	11190.3249
5064500	11190.3409
5065000	11190.6085
5065500	11190.4656
5066000	11190.4532
5066500	11190.3566
5067000	11190.4881
5067500	11190.1569
5068000	11189.9196
5068500	11189.9196
5069000	11189.8153
5069500	11189.5011
5070000	11189.9724
5070500	11189.8468
5071000	11189.6482
5071500	11189.0689
5072000	11189.1946
5072500	11189.0336
5073000	11188.9577
5073500	11189.0131
5074000	11189.2800
5074500	11189.4457
5075000	11189.5723
5075500	11189.5633
5076000	11189.5270
5076500	11189.3858
5077000	11189.4218
5077500	11189.4745
5078000	11189.5055
5078500	11189.6160
5079000	11189.8984
5079500	11189.6419
5080000	11189.7922
5080500	11189.4201
5081000	11189.2459
5081500	11189.2232
5082000	11189.2704
5082500	11189.2704
5083000	11189.4641
5083500	11189.2933
5084000	11189.4015
5084500	11189.6356
5085000	11189.5488
5085500	11189.4669
5086000	11189.0809
5086500	11189.0917
5087000	11189.2275
5087500	11189.4139
5088000	11189.0483
5088500	11189.0696
5089000	11188.6176
5089500	11188.6011
5090000	11188.6513
5090500	11188.8919
5091000	11188.8768
5091500	11188.9350
5092000	11188.9301
5092500	11189.1425
5093000	11188.9964
5093500	11189.0320
5094000	11188.9862
5094500	11188.6769
5095000	11189.1024
5095500	11189.0070
5096000	11189.1907
5096500	11188.5953
5097000	11188.4956
5097500	11188.4326
5098000	11188.2115
5098500	11188.2894
5099000	11188.5249
5099500	11188.5634
5100000	11188.5873
5100500	11188.3997
5101000	11188.1452
5101500	11188.4492
5102000	11188.2025
5102500	11188.3139
5103000	11188.5009
5103500	11188.2776
5104000	11188.1325
5104500	11188.0033
5105000	11188.2298
5105500	11188.1779
5106000	11188.0168
5106500	11188.4930
5107000	11188.1862
5107500	11187.4016
5108000	11187.4316
5108500	11187.5750
5109000	11187.3580
5109500	11186.7685
5110000	11186.8118
5110500	11187.0664
5111000	11186.7914
5111500	11186.9568
5112000	11186.9330
5112500	11187.2987
5113000	11187.1257
5113500	11187.0055
5114000	11187.5158
5114500	11187.3627
5115000	11187.8404
5115500	11187.6701
5116000	11187.9724
5116500	11188.3365
5117000	11188.1574
5117500	11188.2005
5118000	11187.9739
5118500	11187.6673
5119000	11187.2435
5119500	11187.1745
5120000	11187.3099
5120500	11187.1379
5121000	11186.9827
5121500	11186.8455
5122000	11187.2263
5122500	11187.1223
5123000	11187.2923
5123500	11187.3096
5124000	11187.1104
5124500	11187.1882
5125000	11187.2198
5125500	11187.4251
5126000	11187.4580
5126500	11187.0119
5127000	11186.7907
5127500	11186.7908
5128000	11187.2958
5128500	11186.9798
5129000	11187.1103
5129500	11187.3079
5130000	11187.3141
5130500	11187.1822
5131000	11187.5407
5131500	11188.5130
5132000	11188.7256
5132500	11188.3535
5133000	11188.3178
5133500	11188.5777
5134000	11188.7054
5134500	11188.7112
5135000	11188.5397
5135500	11188.6180
5136000	11188.4472
5136500	11188.6218
5137000	11189.1623
5137500	11189.2858
5138000	11189.5659
5138500	11189.7177
5139000	11189.7078
5139500	11189.8672
5140000	11189.6179
5140500	11189.6179
5141000	11189.6179
5141500	11189.5951
5142000	11189.6344
5142500	11189.7268
5143000	11189.7258
5143500	11189.9563
5144000	11189.5745
5144500	11189.2000
5145000	11188.9985
5145500	11188.9382
5146000	11188.6470
5146500	11188.8122
5147000	11188.8877
5147500	11188.4617
5148000	11188.3940
5148500	11188.2276
5149000	11187.9718
5149500	11187.8866
5150000	11187.8232
5150500	11187.9383
5151000	11188.2783
5151500	11188.5349
5152000	11189.0585
5152500	11188.4134
5153000	11188.3752
5153500	11188.0610
5154000	11188.0638
5154500	11187.9520
5155000	11188.2024
5155500	11188.1702
5156000	11188.2869
5156500	11188.1171
5157000	11188.2970
5157500	11188.4085
5158000	11188.4377
5158500	11188.2785
5159000	11188.4346
5159500	11188.5472
5160000	11188.3604
5160500	11188.0940
5161000	11187.9434
5161500	11188.1362
5162000	11188.1362
5162500	11187.9173
5163000	11188.0634
5163500	11187.7819
5164000	11187.7546
5164500	11188.0150
5165000	11188.1578
5165500	11188.1625
5166000	11188.3627
5166500	11188.4850
5167000	11188.7915
5167500	11188.5926
5168000	11188.6845
5168500	11188.7325
5169000	11188.1613
5169500	11187.9231
5170000	11187.7851
5170500	11187.6821
5171000	11187.7839
5171500	11188.0630
5172000	11188.0630
5172500	11188.0322
5173000	11188.1968
5173500	11188.3268
5174000	11188.0928
5174500	11188.2240
5175000	11188.3566
5175500	11188.3145
5176000	11188.3675
5176500	11188.4501
5177000	11188.4175
5177500	11188.4175
5178000	11188.7189
5178500	11188.4519
5179000	11188.3727
5179500	11188.5179
5180000	11188.0608
5180500	11188.2490
5181000	11188.3363
5181500	11188.6947
5182000	11188.6232
5182500	11188.7979
5183000	11188.6131
5183500	11188.4859
5184000	11188.5417
5184500	11188.9223
5185000	11188.9967
5185500	11189.0432
5186000	11189.0432
5186500	11188.8935
5187000	11189.1090
5187500	11189.5648
5188000	11189.3989
5188500	11188.9795
5189000	11189.1302
5189500	11188.8015
5190000	11188.8015
5190500	11188.6571
5191000	11188.7066
5191500	11188.7292
5192000	11188.2276
5192500	11188.3949
5193000	11187.9342
5193500	11188.2945
5194000	11187.6536
5194500	11187.7231
5195000	11187.7696
5195500	11187.7776
5196000	11187.5482
5196500	11187.2672
5197000	11187.3769
5197500	11187.3832
5198000	11187.4735
5198500	11187.5223
5199000	11187.7985
5199500	11187.9411
5200000	11188.1063
5200500	11187.9161
5201000	11187.7630
5201500	11187.6905
5202000	11187.4745
5202500	11187.1467
5203000	11187.3014
5203500	11187.3978
5204000	11187.2636
5204500	11187.3054
5205000	11186.8931
5205500	11186.8775
5206000	11187.0821
5206500	11187.3460
5207000	11187.1944
5207500	11187.0022
5208000	11187.0501
5208500	11187.2931
5209000	11187.5074
5209500	11187.7154
5210000	11187.9322
5210500	11187.7772
5211000	11187.3873
5211500	11187.8826
5212000	11187.3216
5212500	11187.2992
5213000	11187.4804
5213500	11187.8402
5214000	11188.0734
5214500	11188.6030
5215000	11188.6030
5215500	11188.8644
5216000	11188.6682
5216500	11188.8975
5217000	11189.5354
5217500	11189.7362
5218000	11189.7747
5218500	11189.8608
5219000	11189.7506
5219500	11190.1118
5220000	11189.9174
5220500	11189.8557
5221000	11189.8627
5221500	11189.7488
5222000	11189.7060
5222500	11189.6379
5223000	11189.6379
5223500	11189.1899
5224000	11189.1899
5224500	11189.0169
5225000	11188.8087
5225500	11189.1943
5226000	11189.4785
5226500	11189.4785
5227000	11189.3949
5227500	11189.5938
5228000	11189.8476
5228500	11189.8717
5229000	11189.9160
5229500	11189.9160
5230000	11190.3265
5230500	11189.9328
5231000	11189.5985
5231500	11189.2385
5232000	11189.2870
5232500	11189.5135
5233000	11189.9789
5233500	11190.3739
5234000	11189.8740
5234500	11189.9741
5235000	11190.1389
5235500	11190.0160
5236000	11190.1976
5236500	11190.1163
5237000	11190.1163
5237500	11190.2629
5238000	11190.5415
5238500	11190.3846
5239000	11190.2736
5239500	11190.3654
5240000	11190.3104
5240500	11189.9225
5241000	11190.0553
5241500	11189.6123
5242000	11189.8503
5242500	11189.1742
5243000	11189.4132
5243500	11189.3444
5244000	11189.4678
5244500	11189.3014
5245000	11189.4752
5245500	11189.2230
5246000	11189.0597
5246500	11188.8290
5247000	11188.9059
5247500	11188.7683
5248000	11188.8510
5248500	11188.0633
5249000	11188.1883
5249500	11188.3742
5250000	11188.8734
5250500	11188.6661
5251000	11188.4153
5251500	11188.6075
5252000	11188.2539
5252500	11188.1528
5253000	11188.2533
5253500	11188.3425
5254000	11188.0698
5254500	11188.3635
5255000	11188.5786
5255500	11188.4540
5256000	11188.6789
5256500	11188.5920
5257000	11188.7419
5257500	11188.5378
5258000	11188.7125
5258500	11188.9601
5259000	11189.1623
5259500	11189.0567
5260000	11188.9549
5260500	11188.6402
5261000	11188.9660
5261500	11188.7065
5262000	11188.9951
5262500	11189.1483
5263000	11189.5292
5263500	11189.6774
5264000	11189.6885
5264500	11189.8124
5265000	11189.1165
5265500	11188.9827
5266000	11189.1849
5266500	11189.2275
5267000	11189.3529
5267500	11189.8667
5268000	11189.9882
5268500	11189.9074
5269000	11189.8561
5269500	11190.2557
5270000	11190.0155
5270500	11189.7768
5271000	11189.6617
5271500	11189.5387
5272000	11189.3162
5272500	11189.1755
5273000	11189.3253
5273500	11189.5433
5274000	11189.7023
5274500	11189.5727
5275000	11189.8614
5275500	11189.5145
5276000	11189.3718
5276500	11189.4128
5277000	11189.4079
5277500	11189.5909
5278000	11189.6035
5278500	11189.7549
5279000	11189.8288
5279500	11189.9272
5280000	11189.8211
5280500	11189.5754
5281000	11189.5721
5281500	11189.3307
5282000	11189.3871
5282500	11189.4154
5283000	11189.3406
5283500	11189.5138
5284000	11189.8829
5284500	11189.8720
5285000	11189.9095
5285500	11190.1585
5286000	11190.5158
5286500	11190.4644
5287000	11190.2020
5287500	11190.2645
5288000	11190.2645
5288500	11190.1852
5289000	11190.0712
5289500	11189.9383
5290000	11189.7192
5290500	11189.9991
5291000	11190.3820
5291500	11190.5588
5292000	11190.3031
5292500	11190.5876
5293000	11190.6567
5293500	11190.6710
5294000	11191.0906
5294500	11191.2134
5295000	11191.5843
5295500	11191.6300
5296000	11191.5846
5296500	11191.4837
5297000	11191.2906
5297500	11191.1450
5298000	11191.0347
5298500	11191.1184
5299000	11191.1112
5299500	11191.1112
5300000	11190.9416
5300500	11191.1488
5301000	11191.2582
5301500	11190.8217
5302000	11190.8554
5302500	11190.8181
5303000	11190.6625
5303500	11190.9186
5304000	11190.6636
5304500	11190.5810
5305000	11190.7334
5305500	11190.8525
5306000	11190.7229
5306500	11190.7229
5307000	11190.7908
5307500	11190.8454
5308000	11191.3721
5308500	11191.3492
5309000	11191.3112
5309500	11191.0328
5310000	11190.8842
5310500	11191.0181
5311000	11190.8627
5311500	11190.8085
5312000	11190.9440
5312500	11191.5680
5313000	11191.0803
5313500	11191.2163
5314000	11191.0669
5314500	11191.2057
5315000	11191.0652
5315500	11191.4192
5316000	11191.4192
5316500	11191.4408
5317000	11191.5437
5317500	11191.5323
5318000	11191.4762
5318500	11191.2521
5319000	11191.7314
5319500	11191.5174
5320000	11191.3238
5320500	11190.8153
5321000	11190.7939
5321500	11190.5066
5322000	11190.6818
5322500	11190.3997
5323000	11190.3662
5323500	11190.3209
5324000	11190.3968
5324500	11190.7892
5325000	11190.5866
5325500	11190.1895
5326000	11190.3895
5326500	11190.1331
5327000	11190.0651
5327500	11189.9711
5328000	11190.1090
5328500	11190.0299
5329000	11190.0299
5329500	11189.8074
5330000	11189.8329
5330500	11189.7378
5331000	11189.7807
5331500	11190.1471
5332000	11190.1471
5332500	11190.3262
5333000	11190.2091
5333500	11190.2327
5334000	11190.2066
5334500	11190.3616
5335000	11190.3616
5335500	11190.3715
5336000	11190.6945
5336500	11190.7384
5337000	11190.7423
5337500	11190.4395
5338000	11189.9636
5338500	11190.1588
5339000	11190.0543
5339500	11190.1735
5340000	11190.4831
5340500	11190.5699
5341000	11190.4113
5341500	11190.4993
5342000	11191.0397
5342500	11190.8963
5343000	11190.7684
5343500	11190.4562
5344000	11190.7158
5344500	11190.4790
5345000	11190.1406
5345500	11190.2743
5346000	11190.2562
5346500	11190.1785
5347000	11190.6697
5347500	11190.4866
5348000	11190.3068
5348500	11190.1565
5349000	11189.8415
5349500	11189.7016
5350000	11190.0109
5350500	11190.4019
5351000	11190.5266
5351500	11190.2602
5352000	11190.4659
5352500	11190.0761
5353000	11190.1195
5353500	11190.2988
5354000	11190.2988
5354500	11190.3014
5355000	11190.6840
5355500	11190.7075
5356000	11190.7511
5356500	11191.2928
5357000	11191.5712
5357500	11191.5585
5358000	11191.4365
5358500	11191.3524
5359000	11191.3154
5359500	11191.0468
5360000	11190.6538
5360500	11190.6948
5361000	11190.9541
5361500	11191.1283
5362000	11190.7770
5362500	11190.3668
5363000	11190.5834
5363500	11191.2401
5364000	11190.9756
5364500	11190.4590
5365000	11190.3685
5365500	11189.5822
5366000	11189.5524
5366500	11189.5547
5367000	11189.4793
5367500	11189.7553
5368000	11189.9025
5368500	11190.1916
5369000	11190.0806
5369500	11190.3165
5370000	11189.9695
5370500	11190.3699
5371000	11190.0863
5371500	11190.0863
5372000	11189.5779
5372500	11189.8679
5373000	11189.2635
5373500	11188.9894
5374000	11189.1063
5374500	11189.0334
5375000	11189.1050
5375500	11189.0267
5376000	11188.9107
5376500	11188.8691
5377000	11188.5897
5377500	11188.7917
5378000	11189.0533
5378500	11189.4897
5379000	11189.7014
5379500	11189.8070
5380000	11189.9761
5380500	11189.7167
5381000	11189.9403
5381500	11190.0348
5382000	11190.1566
5382500	11190.1862
5383000	11190.2515
5383500	11190.4749
5384000	11190.5589
5384500	11190.7184
5385000	11190.8009
5385500	11191.0754
5386000	11191.0458
5386500	11190.4171
5387000	11190.4262
5387500	11190.5471
5388000	11190.5507
5388500	11190.4939
5389000	11190.7072
5389500	11190.2297
5390000	11190.3601
5390500	11190.5169
5391000	11190.4344
5391500	11190.3750
5392000	11189.9920
5392500	11190.4122
5393000	11190.0283
5393500	11190.1987
5394000	11190.1333
5394500	11189.6110
5395000	11189.6292
5395500	11189.4972
5396000	11189.3872
5396500	11188.9101
5397000	11188.7057
5397500	11188.8317
5398000	11188.3606
5398500	11188.4498
5399000	11188.3441
5399500	11188.3462
5400000	11188.3462
5400500	11188.7125
5401000	11188.7536
5401500	11188.6244
5402000	11188.6244
5402500	11188.7517
5403000	11188.5836
5403500	11188.3464
5404000	11188.6295
5404500	11188.6963
5405000	11188.8147
5405500	11188.8849
5406000	11188.9873
5406500	11188.8965
5407000	11188.8420
5407500	11188.7416
5408000	11188.9797
5408500	11188.9277
5409000	11189.0958
5409500	11189.2491
5410000	11189.0278
5410500	11189.3326
5411000	11189.3326
5411500	11189.8303
5412000	11189.8452
5412500	11189.7963
5413000	11189.5994
5413500	11189.6842
5414000	11189.7849
5414500	11189.9728
5415000	11190.1155
5415500	11189.8806
5416000	11189.8193
5416500	11189.5270
5417000	11189.3302
5417500	11189.2260
5418000	11189.2924
5418500	11189.3848
5419000	11189.6195
5419500	11189.7868
5420000	11189.5013
5420500	11189.5507
5421000	11189.5420
5421500	11189.6611
5422000	11189.3824
5422500	11189.0843
5423000	11189.0299
5423500	11188.7745
5424000	11188.8226
5424500	11188.5387
5425000	11188.5387
5425500	11187.9825
5426000	11187.9873
5426500	11188.1040
5427000	11188.0535
5427500	11188.6513
5428000	11188.6435
5428500	11188.7438
5429000	11188.3306
5429500	11188.4795
5430000	11188.5602
5430500	11188.4416
5431000	11189.0269
5431500	11188.8583
5432000	11189.0625
5432500	11188.9961
5433000	11188.8506
5433500	11189.0171
5434000	11189.2740
5434500	11189.1067
5435000	11189.1618
5435500	11189.0151
5436000	11189.5268
5436500	11189.5298
5437000	11189.0686
5437500	11189.3922
5438000	11188.6948
5438500	11188.5239
5439000	11188.5415
5439500	11188.4186
5440000	11188.4186
5440500	11187.8027
5441000	11187.6080
5441500	11187.6213
5442000	11187.3069
5442500	11187.8602
5443000	11188.2895
5443500	11188.2895
5444000	11188.6243
5444500	11188.7387
5445000	11188.6198
5445500	11188.8343
5446000	11188.6099
5446500	11188.4573
5447000	11188.3603
5447500	11188.5767
5448000	11188.5395
5448500	11188.4632
5449000	11188.5611
5449500	11188.8632
5450000	11189.0019
5450500	11189.0731
5451000	11188.8812
5451500	11188.8515
5452000	11189.0239
5452500	11189.1241
5453000	11189.1241
5453500	11189.2287
5454000	11189.2714
5454500	11189.4711
5455000	11189.2477
5455500	11189.3030
5456000	11189.0599
5456500	11189.4348
5457000	11189.5872
5457500	11189.4259
5458000	11189.5450
5458500	11189.5406
5459000	11189.4580
5459500	11190.0078
5460000	11190.0191
5460500	11190.2252
5461000	11190.3386
5461500	11190.4047
5462000	11190.4295
5462500	11190.4295
5463000	11190.7243
5463500	11190.7243
5464000	11190.7690
5464500	11190.1815
5465000	11190.6500
5465500	11190.6477
5466000	11190.1341
5466500	11190.0533
5467000	11190.0766
5467500	11190.0766
5468000	11190.6184
5468500	11190.5346
5469000	11190.1453
5469500	11190.2174
5470000	11190.3623
5470500	11190.3082
5471000	11189.7048
5471500	11189.8215
5472000	11189.7648
5472500	11190.0108
5473000	11189.9742
5473500	11190.0945
5474000	11189.8449
5474500	11190.0265
5475000	11189.8096
5475500	11189.9910
5476000	11189.7570
5476500	11189.6497
5477000	11189.2433
5477500	11189.4221
5478000	11189.1348
5478500	11189.0865
5479000	11189.4356
5479500	11189.2915
5480000	11189.2915
5480500	11188.9828
5481000	11188.9828
5481500	11188.6519
5482000	11188.4257
5482500	11188.3823
5483000	11188.3136
5483500	11188.3975
5484000	11188.3574
5484500	11188.0766
5485000	11188.1428
5485500	11188.0693
5486000	11188.0763
5486500	11188.3477
5487000	11188.6401
5487500	11188.7571
5488000	11188.5109
5488500	11188.1985
5489000	11188.3692
5489500	11188.3403
5490000	11188.1061
5490500	11188.0017
5491000	11188.2508
5491500	11188.4503
5492000	11188.1698
5492500	11187.8052
5493000	11187.6337
5493500	11187.6522
5494000	11187.9319
5494500	11187.6684
5495000	11187.4910
5495500	11187.5559
5496000	11187.7385
5496500	11187.5200
5497000	11187.6019
5497500	11187.7629
5498000	11187.8147
5498500	11188.1732
5499000	11188.2305
5499500	11188.4378
5500000	11188.4934
5500500	11187.8937
5501000	11188.0440
5501500	11188.0825
5502000	11188.1637
5502500	11188.3834
5503000	11188.7523
5503500	11188.3611
5504000	11188.4239
5504500	11188.5330
5505000	11188.3956
5505500	11188.7143
5506000	11188.2802
5506500	11188.2944
5507000	11188.5573
5507500	11188.4867
5508000	11188.5059
5508500	11188.4250
5509000	11188.3661
5509500	11188.5987
5510000	11188.2336
5510500	11187.9072
5511000	11188.1066
5511500	11187.9262
5512000	11187.6860
5512500	11187.7038
5513000	11187.4384
5513500	11187.2292
5514000	11187.1852
5514500	11186.8787
5515000	11186.7218
5515500	11186.6765
5516000	11186.7381
5516500	11186.6454
5517000	11186.7496
5517500	11186.8082
5518000	11186.5067
5518500	11186.1107
5519000	11185.9775
5519500	11186.3071
5520000	11186.5388
5520500	11186.1720
5521000	11185.7490
5521500	11185.6355
5522000	11185.9701
5522500	11185.7920
5523000	11185.4132
5523500	11185.2424
5524000	11185.0989
5524500	11184.8505
5525000	11184.2325
5525500	11184.3438
5526000	11184.1767
5526500	11184.3918
5527000	11184.3918
5527500	11184.5511
5528000	11184.4160
5528500	11184.7799
5529000	11184.8169
5529500	11185.2547
5530000	11184.7947
5530500	11185.0801
5531000	11185.1716
5531500	11185.7105
5532000	11185.6845
5532500	11186.1215
5533000	11186.0226
5533500	11186.1638
5534000	11185.7315
5534500	11185.8060
5535000	11185.4491
5535500	11185.6533
5536000	11185.7659
5536500	11185.7510
5537000	11185.7848
5537500	11186.0259
5538000	11186.2464
5538500	11186.4618
5539000	11186.3970
5539500	11186.5304
5540000	11186.4185
5540500	11186.5927
5541000	11186.4457
5541500	11186.0170
5542000	11185.6362
5542500	11185.8910
5543000	11185.8671
5543500	11186.1381
5544000	11186.1427
5544500	11186.2367
5545000	11186.5348
5545500	11186.2326
5546000	11186.3010
5546500	11186.4044
5547000	11186.3880
5547500	11186.4573
5548000	11186.0409
5548500	11186.2613
5549000	11186.0715
5549500	11186.0250
5550000	11186.2585
5550500	11186.3630
5551000	11186.5518
5551500	11186.5518
5552000	11186.7296
5552500	11186.8383
5553000	11186.9881
5553500	11186.9261
5554000	11186.9770
5554500	11187.0990
5555000	11187.0889
5555500	11187.0889
5556000	11187.0050
5556500	11187.4481
5557000	11187.3378
5557500	11187.2855
5558000	11187.5535
5558500	11187.9139
5559000	11187.7267
5559500	11187.6680
5560000	11187.6266
5560500	11187.6332
5561000	11187.8903
5561500	11187.7112
5562000	11187.8988
5562500	11188.0947
5563000	11188.4832
5563500	11188.7244
5564000	11188.1236
5564500	11187.7486
5565000	11187.9212
5565500	11187.7550
5566000	11187.9641
5566500	11188.0702
5567000	11187.8479
5567500	11187.8826
5568000	11187.6255
5568500	11187.2843
5569000	11187.0887
5569500	11187.0924
5570000	11186.8696
5570500	11186.9372
5571000	11186.9504
5571500	11187.4273
5572000	11187.3173
5572500	11187.6940
5573000	11188.0453
5573500	11187.9581
5574000	11187.9581
5574500	11188.0604
5575000	11187.9545
5575500	11188.3544
5576000	11188.4808
5576500	11188.5289
5577000	11188.5256
5577500	11188.4170
5578000	11188.5481
5578500	11188.2599
5579000	11188.3208
5579500	11188.4624
5580000	11188.4367
5580500	11188.4367
5581000	11188.8563
5581500	11188.7289
5582000	11188.6585
5582500	11188.5484
5583000	11188.3122
5583500	11188.5174
5584000	11188.7795
5584500	11188.7885
5585000	11188.6408
5585500	11188.9519
5586000	11188.9519
5586500	11189.1060
5587000	11188.8450
5587500	11189.0561
5588000	11188.6829
5588500	11188.8564
5589000	11188.8316
5589500	11188.8347
5590000	11188.6062
5590500	11187.8560
5591000	11187.4889
5591500	11187.7341
5592000	11187.8693
5592500	11188.1294
5593000	11187.8194
5593500	11188.1307
5594000	11188.3853
5594500	11188.3542
5595000	11188.5835
5595500	11188.7382
5596000	11188.6056
5596500	11188.9754
5597000	11189.0974
5597500	11189.4586
5598000	11189.5797
5598500	11189.7528
5599000	11189.8723
5599500	11190.0594
5600000	11190.3917
5600500	11190.4840
5601000	11190.5321
5601500	11190.5997
5602000	11190.7326
5602500	11190.7394
5603000	11190.5967
5603500	11190.7551
5604000	11190.8280
5604500	11191.0637
5605000	11190.9593
5605500	11190.7220
5606000	11191.1466
5606500	11191.2995
5607000	11191.2009
5607500	11191.4438
5608000	11191.7691
5608500	11191.8773
5609000	11191.7939
5609500	11191.3310
5610000	11191.3754
5610500	11191.7525
5611000	11191.8615
5611500	11191.7931
5612000	11191.7400
5612500	11191.2576
5613000	11191.4845
5613500	11191.0990
5614000	11191.1566
5614500	11190.9830
5615000	11191.1183
5615500	11191.2167
5616000	11191.3171
5616500	11191.3985
5617000	11191.1911
5617500	11190.5156
5618000	11190.1738
5618500	11190.0950
5619000	11190.0950
5619500	11190.0747
5620000	11190.4669
5620500	11190.5793
5621000	11190.1261
5621500	11190.3351
5622000	11190.4705
5622500	11190.3274
5623000	11190.5056
5623500	11190.7784
5624000	11190.7907
5624500	11190.8538
5625000	11190.9784
5625500	11191.0042
5626000	11190.6858
5626500	11190.7817
5627000	11190.9981
5627500	11190.8234
5628000	11191.1862
5628500	11191.3714
5629000	11191.5562
5629500	11191.2417
5630000	11191.0795
5630500	11191.1176
5631000	11191.0307
5631500	11191.2558
5632000	11191.1017
5632500	11191.4884
5633000	11191.9624
5633500	11191.5534
5634000	11191.3665
5634500	11191.5448
5635000	11191.6809
5635500	11191.9432
5636000	11191.6604
5636500	11191.8743
5637000	11191.9747
5637500	11191.5697
5638000	11191.7095
5638500	11191.9096
5639000	11192.0748
5639500	11192.4794
5640000	11192.3130
5640500	11192.0170
5641000	11192.1091
5641500	11191.8004
5642000	11192.0535
5642500	11192.1205
5643000	11192.2473
5643500	11192.0469
5644000	11192.2036
5644500	11192.5066
5645000	11192.6509
5645500	11192.7918
5646000	11192.9242
5646500	11192.7980
5647000	11192.7734
5647500	11192.7500
5648000	11192.7987
5648500	11192.5141
5649000	11192.5285
5649500	11192.4489
5650000	11192.3727
5650500	11192.3271
5651000	11192.1791
5651500	11192.1683
5652000	11191.7504
5652500	11191.7189
5653000	11191.7428
5653500	11191.7428
5654000	11191.5429
5654500	11191.5417
5655000	11191.6538
5655500	11191.2903
5656000	11190.9326
5656500	11190.9946
5657000	11190.8672
5657500	11190.6954
5658000	11190.8175
5658500	11191.1055
5659000	11190.8584
5659500	11190.8346
5660000	11190.8495
5660500	11190.4403
5661000	11190.7033
5661500	11190.3524
5662000	11190.6274
5662500	11190.7125
5663000	11190.7195
5663500	11190.8971
5664000	11190.7994
5664500	11190.8839
5665000	11191.2036
5665500	11191.3262
5666000	11191.1851
5666500	11191.4586
5667000	11191.4586
5667500	11191.1499
5668000	11191.1253
5668500	11191.0802
5669000	11190.9024
5669500	11190.7510
5670000	11190.3429
5670500	11190.6712
5671000	11190.8175
5671500	11190.8759
5672000	11191.5377
5672500	11191.2202
5673000	11190.9192
5673500	11190.9490
5674000	11190.9567
5674500	11191.1720
5675000	11191.4314
5675500	11191.7089
5676000	11191.1502
5676500	11190.8776
5677000	11190.7261
5677500	11190.9328
5678000	11191.0772
5678500	11191.1352
5679000	11191.2399
5679500	11191.5610
5680000	11191.7431
5680500	11191.9165
5681000	11191.8607
5681500	11192.0515
5682000	11192.0393
5682500	11192.4439
5683000	11192.3822
5683500	11192.0639
5684000	11192.3118
5684500	11192.3773
5685000	11192.2463
5685500	11192.3137
5686000	11192.4248
5686500	11192.3679
5687000	11192.3679
5687500	11192.3392
5688000	11192.7032
5688500	11192.3566
5689000	11192.7782
5689500	11192.8439
5690000	11192.7729
5690500	11192.8420
5691000	11192.8933
5691500	11192.9864
5692000	11193.1255
5692500	11193.4975
5693000	11193.1518
5693500	11193.3051
5694000	11193.3061
5694500	11193.5870
5695000	11193.7066
5695500	11193.5524
5696000	11193.8252
5696500	11193.9550
5697000	11193.4630
5697500	11193.6033
5698000	11193.7924
5698500	11193.9154
5699000	11193.9713
5699500	11193.7712
5700000	11193.8515
5700500	11193.5850
5701000	11193.4320
5701500	11193.0692
5702000	11192.9104
5702500	11192.8320
5703000	11192.8656
5703500	11192.5672
5704000	11192.7252
5704500	11192.5177
5705000	11192.5343
5705500	11192.8038
5706000	11192.8798
5706500	11192.7916
5707000	11192.8064
5707500	11192.6918
5708000	11192.4363
5708500	11192.4311
5709000	11192.8689
5709500	11192.7202
5710000	11192.4628
5710500	11192.8018
5711000	11192.8044
5711500	11192.7638
5712000	11192.8874
5712500	11192.4526
5713000	11192.1603
5713500	11192.2477
5714000	11192.3965
5714500	11192.5388
5715000	11192.6203
5715500	11192.6203
5716000	11192.7231
5716500	11192.9292
5717000	11193.2715
5717500	11193.1971
5718000	11193.2197
5718500	11193.5058
5719000	11193.3520
5719500	11193.3520
5720000	11193.4163
5720500	11193.5826
5721000	11193.7525
5721500	11193.9732
5722000	11193.8729
5722500	11193.4276
5723000	11193.2228
5723500	11193.5876
5724000	11193.2038
5724500	11193.6267
5725000	11193.3443
5725500	11193.5192
5726000	11193.4179
5726500	11193.7091
5727000	11193.7358
5727500	11193.9149
5728000	11193.9558
5728500	11194.2075
5729000	11194.5438
5729500	11194.7486
5730000	11194.4521
5730500	11194.8440
5731000	11195.0421
5731500	11195.2168
5732000	11194.9000
5732500	11194.9826
5733000	11194.6689
5733500	11193.7359
5734000	11193.7030
5734500	11193.9357
5735000	11193.9357
5735500	11193.9708
5736000	11193.9122
5736500	11193.9592
5737000	11193.9592
5737500	11194.0350
5738000	11193.7646
5738500	11193.7359
5739000	11193.8580
5739500	11193.7414
5740000	11193.7833
5740500	11193.7387
5741000	11193.6021
5741500	11193.1474
5742000	11193.6071
5742500	11193.6543
5743000	11193.3587
5743500	11193.2611
5744000	11192.8835
5744500	11192.6117
5745000	11192.2311
5745500	11192.4948
5746000	11192.2415
5746500	11192.0139
5747000	11192.0139
5747500	11192.0265
5748000	11192.0689
5748500	11192.3070
5749000	11192.6773
5749500	11192.6497
5750000	11193.0276
5750500	11192.7805
5751000	11193.0688
5751500	11193.1970
5752000	11193.2557
5752500	11193.1480
5753000	11193.2246
5753500	11193.3749
5754000	11193.2158
5754500	11192.9373
5755000	11192.9131
5755500	11193.0252
5756000	11193.4575
5756500	11193.5284
5757000	11193.6293
5757500	11193.8140
5758000	11194.3438
5758500	11194.4798
5759000	11194.7006
5759500	11194.7139
5760000	11194.6859
5760500	11194.7201
5761000	11194.9870
5761500	11194.5557
5762000	11194.5058
5762500	11194.3732
5763000	11194.6001
5763500	11194.8303
5764000	11194.2365
5764500	11193.9868
5765000	11193.9414
5765500	11193.7051
5766000	11193.6067
5766500	11193.7818
5767000	11193.6759
5767500	11193.5936
5768000	11193.4341
5768500	11193.4399
5769000	11193.4261
5769500	11193.4261
5770000	11193.1940
5770500	11193.0554
5771000	11192.9009
5771500	11193.2053
5772000	11192.8352
5772500	11192.9186
5773000	11192.9467
5773500	11193.0877
5774000	11193.0501
5774500	11192.7206
5775000	11192.7014
5775500	11192.7014
5776000	11192.7014
5776500	11192.6194
5777000	11192.5560
5777500	11192.0986
5778000	11191.9578
5778500	11192.4747
5779000	11192.4317
5779500	11192.5853
5780000	11192.1322
5780500	11192.2347
5781000	11192.2347
5781500	11192.2436
5782000	11192.3942
5782500	11192.8414
5783000	11192.7607
5783500	11193.0260
5784000	11192.9333
5784500	11192.9556
5785000	11193.1521
5785500	11193.4842
5786000	11193.6341
5786500	11193.5350
5787000	11193.3722
5787500	11193.0107
5788000	11193.0139
5788500	11193.0716
5789000	11193.2401
5789500	11193.3096
5790000	11193.6445
5790500	11193.7131
5791000	11193.6259
5791500	11193.6886
5792000	11193.8666
5792500	11193.6638
5793000	11193.2634
5793500	11192.9944
5794000	11193.0499
5794500	11193.1574
5795000	11193.5385
5795500	11193.6365
5796000	11193.3058
5796500	11192.8291
5797000	11192.8904
5797500	11193.1002
5798000	11193.4430
5798500	11193.3425
5799000	11193.3403
5799500	11193.0756
5800000	11193.1910
5800500	11192.9629
5801000	11192.6773
5801500	11192.6978
5802000	11192.7052
5802500	11193.1718
5803000	11193.1496
5803500	11193.4302
5804000	11193.5983
5804500	11193.5833
5805000	11193.8144
5805500	11193.5157
5806000	11193.4869
5806500	11193.4466
5807000	11193.4465
5807500	11193.4853
5808000	11193.5156
5808500	11193.4120
5809000	11193.7501
5809500	11193.8762
5810000	11193.7089
5810500	11194.0391
5811000	11193.8172
5811500	11193.6110
5812000	11193.6155
5812500	11193.7315
5813000	11193.8236
5813500	11193.7953
5814000	11193.8961
5814500	11193.8656
5815000	11194.1245
5815500	11194.1921
5816000	11194.1544
5816500	11194.2945
5817000	11194.3394
5817500	11194.3338
5818000	11194.3415
5818500	11194.1180
5819000	11194.1166
5819500	11194.0304
5820000	11194.0952
5820500	11194.4599
5821000	11194.6297
5821500	11194.3096
5822000	11193.9785
5822500	11193.9244
5823000	11193.9175
5823500	11193.8675
5824000	11193.7445
5824500	11193.8497
5825000	11193.7585
5825500	11193.5492
5826000	11193.6243
5826500	11193.8909
5827000	11193.7633
5827500	11193.8592
5828000	11193.7084
5828500	11193.7456
5829000	11193.7497
5829500	11193.7890
5830000	11193.6765
5830500	11193.6794
5831000	11193.7640
5831500	11194.0093
5832000	11193.9482
5832500	11194.2809
5833000	11194.4051
5833500	11194.7153
5834000	11194.7616
5834500	11194.6734
5835000	11194.4351
5835500	11194.4791
5836000	11194.3972
5836500	11194.3382
5837000	11194.6437
5837500	11194.7676
5838000	11195.0418
5838500	11195.3230
5839000	11195.6534
5839500	11195.8275
5840000	11195.5244
5840500	11195.4395
5841000	11194.9676
5841500	11195.3983
5842000	11195.6523
5842500	11195.6320
5843000	11195.5769
5843500	11195.4313
5844000	11195.1663
5844500	11195.1663
5845000	11195.1663
5845500	11195.2381
5846000	11195.2842
5846500	11195.4954
5847000	11195.8356
5847500	11195.7232
5848000	11195.5363
5848500	11195.8199
5849000	11195.9483
5849500	11195.8252
5850000	11196.2568
5850500	11196.6922
5851000	11196.6922
5851500	11196.9055
5852000	11196.8706
5852500	11196.8622
5853000	11196.9885
5853500	11196.8267
5854000	11196.4472
5854500	11196.3558
5855000	11196.3784
5855500	11196.5930
5856000	11196.5281
5856500	11196.7309
5857000	11196.5429
5857500	11196.3987
5858000	11196.5651
5858500	11196.3446
5859000	11196.3210
5859500	11195.8237
5860000	11196.0504
5860500	11196.4839
5861000	11196.6367
5861500	11196.2802
5862000	11196.2827
5862500	11196.3898
5863000	11196.4980
5863500	11196.0554
5864000	11196.2164
5864500	11196.1047
5865000	11197.2985
5865500	11197.4455
5866000	11197.4455
5866500	11197.3033
5867000	11197.2206
5867500	11196.7602
5868000	11196.5238

