Contact	Overhead
500	 NaN
1000	 NaN
1500	 NaN
2000	 148.0
2500	 277.0
3000	 145.66666666666666
3500	 160.0
4000	 176.6
4500	 226.2
5000	 232.33333333333334
5500	 165.9
6000	 116.82352941176471
6500	 98.8695652173913
7000	 100.48
7500	 96.34482758620689
8000	 93.18181818181819
8500	 93.05555555555556
9000	 97.24324324324324
9500	 92.14285714285714
10000	 91.6
10500	 95.21739130434783
11000	 96.875
11500	 97.84
12000	 95.77777777777777
12500	 99.01818181818182
13000	 98.55172413793103
13500	 98.22950819672131
14000	 98.21875
14500	 99.37878787878788
15000	 96.49295774647888
15500	 99.75
16000	 96.72727272727273
16500	 92.92771084337349
17000	 92.183908045977
17500	 90.29347826086956
18000	 86.8080808080808
18500	 87.13725490196079
19000	 85.96261682242991
19500	 87.72222222222223
20000	 86.51327433628319
20500	 87.72173913043478
21000	 87.7457627118644
21500	 89.33613445378151
22000	 83.87692307692308
22500	 84.10526315789474
23000	 83.46715328467154
23500	 83.83571428571429
24000	 83.62237762237763
24500	 84.9375
25000	 85.41095890410959
25500	 85.69127516778524
26000	 83.38216560509554
26500	 82.82608695652173
27000	 83.51533742331289
27500	 83.19760479041916
28000	 83.5
28500	 83.91279069767442
29000	 82.99435028248588
29500	 82.35714285714286
30000	 82.7554347826087
30500	 83.08602150537635
31000	 83.97326203208556
31500	 84.02105263157895
32000	 84.54166666666667
32500	 84.82564102564102
33000	 85.22335025380711
33500	 85.19
34000	 84.90686274509804
34500	 85.71219512195123
35000	 85.32535885167464
35500	 86.0952380952381
36000	 85.82710280373831
36500	 85.10045662100457
37000	 85.0945945945946
37500	 84.03508771929825
38000	 84.16450216450217
38500	 82.9831223628692
39000	 82.46694214876032
39500	 82.33469387755102
40000	 82.71255060728745
40500	 82.7
41000	 82.0546875
41500	 80.64772727272727
42000	 80.14869888475836
42500	 80.49077490774907
43000	 79.80505415162455
43500	 78.8556338028169
44000	 79.01742160278745
44500	 78.93470790378007
45000	 79.31399317406144
45500	 79.0976430976431
46000	 78.91694352159469
46500	 78.49019607843137
47000	 78.55339805825243
47500	 79.1774193548387
48000	 79.41533546325878
48500	 80.23566878980891
49000	 80.25786163522012
49500	 80.621875
50000	 79.90490797546012
50500	 79.73636363636363
51000	 80.05722891566265
51500	 80.17611940298508
52000	 80.11538461538461
52500	 80.4
53000	 80.28488372093024
53500	 79.87392550143267
54000	 79.29859154929578
54500	 79.6218487394958
55000	 80.1536312849162
55500	 80.67966573816156
56000	 80.7513812154696
56500	 80.40326975476839
57000	 80.63956639566396
57500	 80.89487870619946
58000	 80.77333333333333
58500	 81.22074468085107
59000	 81.14736842105263
59500	 80.5880829015544
60000	 80.66580976863753
60500	 80.39340101522842
61000	 80.34673366834171
61500	 80.08436724565757
62000	 80.04176904176904
62500	 79.5641646489104
63000	 79.93253012048193
63500	 79.81145584725537
64000	 79.97156398104265
64500	 79.28438228438229
65000	 79.00460829493088
65500	 79.02974828375287
66000	 79.19589977220957
66500	 79.08126410835214
67000	 79.26905829596413
67500	 79.49107142857143
68000	 78.41703056768559
68500	 78.37445887445888
69000	 78.71120689655173
69500	 78.87553648068669
70000	 78.57749469214437
70500	 78.46526315789474
71000	 78.84453781512605
71500	 79.05648535564853
72000	 79.04989604989605
72500	 78.18367346938776
73000	 78.42682926829268
73500	 78.3024193548387
74000	 78.3627254509018
74500	 78.2107355864811
75000	 78.17786561264822
75500	 78.10392156862746
76000	 77.97081712062257
76500	 78.1375968992248
77000	 78.61627906976744
77500	 78.40115163147793
78000	 78.36571428571429
78500	 78.61100569259962
79000	 78.47457627118644
79500	 78.67917448405254
80000	 78.78358208955224
80500	 78.4713493530499
81000	 78.08957952468008
81500	 78.43897996357013
82000	 78.3001808318264
82500	 77.85357142857143
83000	 78.42321428571428
83500	 78.54529307282415
84000	 78.7362831858407
84500	 78.71353251318102
85000	 78.37565217391304
85500	 78.1
86000	 78.01198630136986
86500	 77.69152542372882
87000	 77.92398648648648
87500	 78.14646464646465
88000	 77.47429519071311
88500	 77.98175787728026
89000	 77.87314662273477
89500	 77.63398692810458
90000	 77.12741935483871
90500	 76.82428115015975
91000	 76.96337579617834
91500	 77.0554675118859
92000	 76.85691823899371
92500	 76.790625
93000	 76.94704049844236
93500	 77.1692546583851
94000	 77.40402476780186
94500	 77.1319018404908
95000	 76.87234042553192
95500	 77.20637329286798
96000	 77.17797888386124
96500	 77.42255639097745
97000	 77.39760837070254
97500	 77.06814814814815
98000	 76.7885462555066
98500	 76.75766423357665
99000	 76.25396825396825
99500	 76.43165467625899
100000	 76.57245337159254
100500	 76.88968481375358
101000	 77.05571428571429
101500	 77.13513513513513
102000	 76.92090395480226
102500	 77.19887165021157
103000	 77.15147265077138
103500	 76.70596393897365
104000	 76.75276243093923
104500	 77.146408839779
105000	 77.41241379310345
105500	 77.6267217630854
106000	 77.62551440329219
106500	 77.54160982264666
107000	 77.3970189701897
107500	 76.89544235924933
108000	 77.09772423025436
108500	 77.13866666666667
109000	 77.10875331564986
109500	 77.1770145310436
110000	 77.11826544021025
110500	 77.41076115485565
111000	 77.6697247706422
111500	 78.01179554390563
112000	 78.20130718954249
112500	 78.36114732724903
113000	 78.44025974025973
113500	 78.51617076326002
114000	 78.42728442728443
114500	 78.32992327365729
115000	 78.18043202033037
115500	 78.31178707224335
116000	 78.50759493670886
116500	 78.40503144654087
117000	 78.4047619047619
117500	 78.39700374531836
118000	 78.25434243176178
118500	 77.88683886838868
119000	 77.96691176470588
119500	 77.98168498168498
120000	 77.89185905224787
120500	 77.8186215235792
121000	 78.03864734299516
121500	 78.16746987951807
122000	 78.11031175059952
122500	 78.30538922155688
123000	 78.30071599045345
123500	 78.38525564803805
124000	 78.6627078384798
124500	 78.45754716981132
125000	 78.47652582159624
125500	 78.27972027972028
126000	 78.18308227114716
126500	 78.04608294930875
127000	 78.0516647531573
127500	 77.76195899772209
128000	 77.65345413363534
128500	 77.51013513513513
129000	 77.51905829596413
129500	 77.62080536912751
130000	 77.82122905027933
130500	 77.917502787068
131000	 77.88790233074361
131500	 77.89159292035399
132000	 77.68791208791208
132500	 77.71741511500548
133000	 77.84590163934426
133500	 77.84095860566448
134000	 78.04026115342764
134500	 78.03687635574838
135000	 78.13311688311688
135500	 78.03336921420883
136000	 77.91220556745182
136500	 77.95837780149412
137000	 77.78131634819533
137500	 77.75581395348837
138000	 77.70421052631579
138500	 77.67681007345226
139000	 77.94963273871983
139500	 78.00627615062761
140000	 77.86888657648284
140500	 77.8
141000	 77.56378600823045
141500	 77.3762781186094
142000	 77.44138634046891
142500	 77.44817073170732
143000	 77.37753036437248
143500	 77.24874118831823
144000	 77.36582914572864
144500	 77.255
145000	 77.12039800995025
145500	 77.1199207135778
146000	 77.1304347826087
146500	 77.14285714285714
147000	 77.17190569744598
147500	 77.15949119373776
148000	 77.287109375
148500	 76.89351403678606
149000	 76.91409266409266
149500	 77.16602316602317
150000	 77.10096153846153
150500	 77.16970278044104
151000	 76.8430066603235
151500	 76.53257790368272
152000	 76.80453257790369
152500	 76.82674199623352
153000	 76.9718045112782
153500	 76.90832553788587
154000	 76.83985102420857
154500	 76.87743732590529
155000	 76.85938945420907
155500	 76.80276497695853
156000	 77.0294930875576
156500	 77.27649769585254
157000	 77.44290976058932
157500	 77.36205316223648
158000	 77.26642335766424
158500	 77.31119199272065
159000	 77.41507720254315
159500	 77.67665758401454
160000	 77.6929347826087
160500	 77.9248188405797
161000	 77.99457504520795
161500	 78.00360360360361
162000	 77.85291479820627
162500	 78.02240143369175
163000	 78.0
163500	 77.9191111111111
164000	 77.77168141592921
164500	 77.95667550839964
165000	 77.71265377855887
165500	 77.61767279090114
166000	 77.6102877070619
166500	 77.78919860627178
167000	 77.90521739130435
167500	 78.015625
168000	 77.98615916955018
168500	 77.9301724137931
169000	 77.86008583690987
169500	 77.81608212147134
170000	 77.8438566552901
170500	 77.68081494057725
171000	 77.5304054054054
171500	 77.29219143576826
172000	 77.19732441471572
172500	 77.30801335559265
173000	 77.26123128119801
173500	 77.22470978441127
174000	 77.23904052936311
174500	 77.20445177246496
175000	 77.11904761904762
175500	 77.06301145662847
176000	 77.20768601798855
176500	 77.14739413680782
177000	 77.22439024390243
177500	 77.1969205834684
178000	 77.27022653721683
178500	 77.34329563812601
179000	 77.53995157384988
179500	 77.3566265060241
180000	 77.52166934189407
180500	 77.65224358974359
181000	 77.70743405275779
181500	 77.6297770700637
182000	 77.74324324324324
182500	 77.75971451229184
183000	 77.61168113654301
183500	 77.6763779527559
184000	 77.649136577708
184500	 77.61032863849765
185000	 77.76856919468335
185500	 77.730319563523
186000	 77.77509727626459
186500	 77.93623639191291
187000	 77.9093023255814
187500	 77.84775888717157
188000	 77.84976887519261
188500	 77.76822716807368
189000	 77.68577981651376
189500	 77.54337899543378
190000	 77.49468892261001
190500	 77.46822995461422
191000	 77.56873111782477
191500	 77.70566037735848
192000	 77.66666666666667
192500	 77.70195195195195
193000	 77.61032161555721
193500	 77.66417910447761
194000	 77.80835197613722
194500	 77.81338289962825
195000	 77.72962962962963
195500	 77.52100221075902
196000	 77.4618208516887
196500	 77.61775495231107
197000	 77.55336257309942
197500	 77.51822157434403
198000	 77.42265795206971
198500	 77.51776649746193
199000	 77.5643994211288
199500	 77.61083032490974
200000	 77.8158844765343
200500	 77.842939481268
201000	 78.02231821454284
201500	 78.0064608758076
202000	 78.04226361031519
202500	 77.95217701641684
203000	 78.00498930862437
203500	 77.9815209665956
204000	 78.00283687943262
204500	 77.83968926553672
205000	 77.86046511627907
205500	 77.88045007032349
206000	 77.97120786516854
206500	 77.94467787114846
207000	 77.81450488145049
207500	 77.81489213639527
208000	 77.81736111111111
208500	 77.93268563497571
209000	 78.02772002772002
209500	 78.07676348547717
210000	 78.08695652173913
210500	 78.05368203716449
211000	 78.14786795048143
211500	 78.02671232876712
212000	 77.97540983606558
212500	 78.0443383356071
213000	 78.186775732788
213500	 78.34969325153374
214000	 78.42750170183798
214500	 78.44497282608695
215000	 78.20608108108108
215500	 78.17924528301887
216000	 78.19098856758575
216500	 78.15425888665325
217000	 78.10635451505017
217500	 78.18169672678691
218000	 78.03523936170212
218500	 78.06635700066357
219000	 78.20689655172414
219500	 77.98812664907652
220000	 77.97565789473684
220500	 78.08547008547009
221000	 77.94499017681729
221500	 77.89875898105814
222000	 77.99739073711676
222500	 78.05016286644951
223000	 78.0012995451592
223500	 77.83236245954693
224000	 77.60115979381443
224500	 77.67374517374517
225000	 77.76863753213368
225500	 77.90173410404624
226000	 78.02182284980745
226500	 77.93538067818298
227000	 77.94380587484035
227500	 77.80979643765903
228000	 77.80634920634921
228500	 77.7872070930969
229000	 77.80847029077117
229500	 77.89835858585859
230000	 77.92186515437933
230500	 77.99433606041535
231000	 78.19005663939585
231500	 78.1368487131199
232000	 78.16353383458646
232500	 78.18886804252658
233000	 78.17228464419476
233500	 78.1494396014944
234000	 78.07572936064557
234500	 78.07001239157373
235000	 78.07359307359307
235500	 78.1104938271605
236000	 78.10659272951325
236500	 78.15067650676507
237000	 78.17863720073665
237500	 78.21691176470588
238000	 78.34721371708513
238500	 78.5254133496632
239000	 78.55745721271394
239500	 78.50091407678245
240000	 78.5800365185636
240500	 78.56648451730419
241000	 78.60606060606061
241500	 78.61645493042953
242000	 78.63888888888889
242500	 78.61204819277108
243000	 78.70216606498195
243500	 78.76141826923077
244000	 78.58827049670856
244500	 78.76600837821664
245000	 78.75522388059701
245500	 78.7896305125149
246000	 78.81856038072576
246500	 78.70420865441612
247000	 78.64420803782505
247500	 78.73419964559953
248000	 78.79882005899705
248500	 78.83333333333333
249000	 78.86772486772487
249500	 78.7725674091442
250000	 78.77823288472791
250500	 78.82875511396844
251000	 78.88966725043782
251500	 78.98599766627771
252000	 78.90575916230367
252500	 78.78840579710145
253000	 78.73179190751445
253500	 78.81235565819861
254000	 78.84602076124567
254500	 78.70878805284319
255000	 78.78427997705106
255500	 78.92201834862385
256000	 78.98510882016036
256500	 78.99371069182389
257000	 79.13093196112064
257500	 79.18903483723587
258000	 79.287100456621
258500	 79.3019943019943
259000	 79.41059225512528
259500	 79.5065452475811
260000	 79.55599772598067
260500	 79.6121521862578
261000	 79.51868629671574
261500	 79.50169491525423
262000	 79.33258300506472
262500	 79.44263217097863
263000	 79.48988764044944
263500	 79.54096520763187
264000	 79.52799552071669
264500	 79.55729457797652
265000	 79.46767001114827
265500	 79.25249722530522
266000	 79.38214087631725
266500	 79.26147042564953
267000	 79.21113561190738
267500	 79.18426842684268
268000	 79.27652556349642
268500	 79.34157056562329
269000	 79.34539473684211
269500	 79.4531506849315
270000	 79.39344262295081
270500	 79.32098092643052
271000	 79.34385201305767
271500	 79.35850081477457
272000	 79.45494028230185
272500	 79.44366197183099
273000	 79.25350593311758
273500	 79.40938511326861
274000	 79.46390086206897
274500	 79.38238453276047
275000	 79.41179624664879
275500	 79.42184154175588
276000	 79.38675213675214
276500	 79.38826666666667
277000	 79.49307036247335
277500	 79.59456579648375
278000	 79.52337938363443
278500	 79.56710875331565
279000	 79.59692796610169
279500	 79.47835269271383
280000	 79.45205479452055
280500	 79.4521556256572
281000	 79.34538784067085
281500	 79.34589220303506
282000	 79.21011470281543
282500	 79.15652626105044
283000	 79.22961038961039
283500	 79.04397309881014
284000	 79.13908996897622
284500	 79.05412371134021
285000	 79.1076210092688
285500	 79.08016443987667
286000	 79.15246406570841
286500	 79.24987172909184
287000	 79.22887864823349
287500	 79.23875255623722
288000	 79.16879143294237
288500	 79.1236641221374
289000	 79.1194105691057
289500	 79.16700507614213
290000	 79.06325910931174
290500	 79.07377463365336
291000	 79.1115598182736
291500	 78.8488196885987
292000	 78.94829317269077
292500	 78.99348044132397
293000	 79.09774436090225
293500	 78.98200899550226
294000	 79.02895656515227
294500	 79.07630922693266
295000	 78.91604570293094
295500	 79.05315449577745
296000	 78.96382556987116
296500	 79.04457652303121
297000	 79.05143422354105
297500	 79.13049925852694
298000	 79.13820335636723
298500	 78.98327594687653
299000	 78.9778978388998
299500	 78.83455702398433
300000	 78.84995112414467
300500	 78.69556746225037
301000	 78.71449416342412
301500	 78.69466019417476
302000	 78.80194174757281
302500	 78.88161086851044
303000	 78.88808139534883
303500	 78.79033816425121
304000	 78.84942084942085
304500	 78.98359073359073
305000	 79.09454896285577
305500	 79.07414540202215
306000	 78.99327892462794
306500	 79.02636625119847
307000	 79.08764367816092
307500	 78.96706443914081
308000	 78.87720133269872
308500	 78.75237191650854
309000	 78.83309625414888
309500	 78.8777830412127
310000	 78.84586288416075
310500	 78.79754601226993
311000	 78.7575329566855
311500	 78.68717707844058
312000	 78.64245548266167
312500	 78.68211610486891
313000	 78.6984572230014
313500	 78.7766355140187
314000	 78.8141923436041
314500	 78.7564042850489
315000	 78.69377323420075
315500	 78.65554010199351
316000	 78.65972222222223
316500	 78.60692840646651
317000	 78.67451523545706
317500	 78.57872928176796
318000	 78.5287092328893
318500	 78.60743801652893
319000	 78.52954649564819
319500	 78.47531992687385
320000	 78.41814865481076
320500	 78.39963586709149
321000	 78.33378746594005
321500	 78.34693877551021
322000	 78.44333635539438
322500	 78.43484162895928
323000	 78.3062697338746
323500	 78.41858367162833
324000	 78.42612612612612
324500	 78.40197841726619
325000	 78.51258992805755
325500	 78.37231182795699
326000	 78.38791946308724
326500	 78.40035746201966
327000	 78.42436412315931
327500	 78.4536541889483
328000	 78.4297153024911
328500	 78.45135495335407
329000	 78.36464333185644
329500	 78.32228116710876
330000	 78.39770216526735
330500	 78.35361552028219
331000	 78.38810572687224
331500	 78.40871095468543
332000	 78.32996928477402
332500	 78.35845749342681
333000	 78.40411558669001
333500	 78.31484716157205
334000	 78.15839860748477
334500	 77.97312527091461
335000	 77.94807442665513
335500	 77.91706263498921
336000	 77.89305735230703
336500	 77.85628227194492
337000	 77.90799656061908
337500	 77.91498497209102
338000	 77.98026598026598
338500	 78.00942587832049
339000	 78.09807280513918
339500	 78.11291702309667
340000	 78.18854211201368
340500	 78.2940170940171
341000	 78.13330494037479
341500	 78.23627075351213
342000	 78.24319727891157
342500	 78.15394402035624
343000	 78.11553110452815
343500	 78.14412510566356
344000	 78.16251582946391
344500	 78.17242833052276
345000	 78.22409435551812
345500	 78.24400504838032
346000	 78.3246425567704
346500	 78.33431331373373
347000	 78.29727463312369
347500	 78.36420787929589
348000	 78.19924812030075
348500	 78.24457429048414
349000	 78.29649708090075
349500	 78.31153685964182
350000	 78.39258950874272
350500	 78.43635607321131
351000	 78.41137401411375
351500	 78.55209630552096
352000	 78.67040265670403
352500	 78.67910447761194
353000	 78.59429280397022
353500	 78.60429574555968
354000	 78.64589352042923
354500	 78.60214168039539
355000	 78.63142739613328
355500	 78.54698399671727
356000	 78.63699753896637
356500	 78.65219172470299
357000	 78.69054441260745
357500	 78.62540849673202
358000	 78.68448979591837
358500	 78.69792091316755
359000	 78.70655270655271
359500	 78.65637692932575
360000	 78.65693430656934
360500	 78.63941723998381
361000	 78.7334142394822
361500	 78.74464646464646
362000	 78.75665859564165
362500	 78.8116935483871
363000	 78.83326621022957
363500	 78.82468837957379
364000	 78.86500602651667
364500	 78.92653552790044
365000	 78.94867682437851
365500	 78.8328668532587
366000	 78.77693535514764
366500	 78.87270550678372
367000	 78.95293179098525
367500	 78.96693227091633
368000	 78.99124552327895
368500	 78.92255758538522
369000	 78.93613645378818
369500	 79.01586042823156
370000	 78.90707789640174
370500	 78.79929022082018
371000	 78.8188263095707
371500	 78.8136059771923
372000	 78.8871855345912
372500	 78.86656200941916
373000	 78.85932601880877
373500	 78.88688845401174
374000	 78.82623975009761
374500	 78.85335413416537
375000	 78.84885079859758
375500	 78.92523364485982
376000	 78.881072677808
376500	 78.79798371461807
377000	 78.87441860465117
377500	 78.97752808988764
378000	 79.02903600464576
378500	 79.03634957463264
379000	 78.92479753181642
379500	 78.88029253271748
380000	 78.95652173913044
380500	 78.98308993082244
381000	 79.03302611367127
381500	 79.11170825335893
382000	 79.08700651590648
382500	 79.15862068965517
383000	 79.15914307574599
383500	 79.06066386875239
384000	 79.08044224170797
384500	 79.15053353658537
385000	 79.23580952380952
385500	 79.27217358203274
386000	 79.11039453717754
386500	 79.08674242424243
387000	 79.12944738834217
387500	 79.06346807706838
388000	 79.08078520196301
388500	 79.09426847662142
389000	 79.11525423728814
389500	 79.06090225563909
390000	 79.14393085306276
390500	 79.19001126549004
391000	 79.16610423697038
391500	 79.2383808095952
392000	 79.26769000374392
392500	 79.25158878504674
393000	 79.18351361432302
393500	 79.20678092399403
394000	 79.27374301675978
394500	 79.27901785714286
395000	 79.26374442793463
395500	 79.35735512630015
396000	 79.33382789317507
396500	 79.12971175166297
397000	 79.17836041358936
397500	 79.18362831858407
398000	 79.00367376928729
398500	 78.92778592375366
399000	 78.94470889783962
399500	 78.91956124314443
400000	 78.8475565280817
400500	 78.85828779599271
401000	 78.93226511289149
401500	 78.86082848837209
402000	 78.86969147005445
402500	 78.84559623051831
403000	 78.84793627805938
403500	 78.8586406362979
404000	 78.95084929526563
404500	 78.9191627571274
405000	 78.86244148361541
405500	 78.88129496402878
406000	 78.97015462064006
406500	 78.99389367816092
407000	 79.01399354144242
407500	 78.99677534933716
408000	 78.9388630675724
408500	 78.95464285714286
409000	 78.84930530815818
409500	 78.85231316725978
410000	 78.82942430703625
410500	 78.78893224547711
411000	 78.77329082536309
411500	 78.77361160240538
412000	 78.7492052278347
412500	 78.75097001763669
413000	 78.80818053596614
413500	 78.87804018329221
414000	 78.90035211267606
414500	 78.91839606049948
415000	 78.84696384696385
415500	 78.90982456140351
416000	 78.82948179271709
416500	 78.82546344875831
417000	 78.86403355470115
417500	 78.87639664804469
418000	 78.86192468619247
418500	 78.78148921363953
419000	 78.8240611961057
419500	 78.80458174245054
420000	 78.82558945908461
420500	 78.82236842105263
421000	 78.89373485635168
421500	 78.89249913584514
422000	 78.9071132596685
422500	 78.93170058640911
423000	 78.91560454702032
423500	 78.88239339752407
424000	 78.80919698009609
424500	 78.79814941740918
425000	 78.85200411099692
425500	 78.85455167693361
426000	 78.83424470266576
426500	 78.81638225255973
427000	 78.77546848381601
427500	 78.79135466303607
428000	 78.72690217391305
428500	 78.81929347826087
429000	 78.70484581497797
429500	 78.72400948188283
430000	 78.65596485299088
430500	 78.61605937921728
431000	 78.54579124579125
431500	 78.55364951227716
432000	 78.60322797579018
432500	 78.63340053763442
433000	 78.63947633434039
433500	 78.66722576316673
434000	 78.67426273458445
434500	 78.7212730318258
435000	 78.65785953177257
435500	 78.62625250501002
436000	 78.57485828609536
436500	 78.61779406864379
437000	 78.5557033588294
437500	 78.59222333000997
438000	 78.57550614005974
438500	 78.56015909844216
439000	 78.47056878306879
439500	 78.53917355371901
440000	 78.57846052196895
440500	 78.61782178217821
441000	 78.55171277997366
441500	 78.54342105263157
442000	 78.50771756978654
442500	 78.48868481469334
443000	 78.4736324926302
443500	 78.49607329842932
444000	 78.51095129127165
444500	 78.54197974518131
445000	 78.61038536903985
445500	 78.64392950391645
446000	 78.65014672318226
446500	 78.65798045602605
447000	 78.67328343638138
447500	 78.64035087719299
448000	 78.63173264114212
448500	 78.66634241245136
449000	 78.58783565189259
449500	 78.62172647914646
450000	 78.6112366806587
450500	 78.46329684481648
451000	 78.44951768488745
451500	 78.4115569823435
452000	 78.32671364509929
452500	 78.2916533418612
453000	 78.33461169702781
453500	 78.3566411238825
454000	 78.27237973877031
454500	 78.22296437659033
455000	 78.23450905624404
455500	 78.1875
456000	 78.2734771573604
456500	 78.2973058637084
457000	 78.30588980367321
457500	 78.16482475528892
458000	 78.14222642699464
458500	 78.10421914357683
459000	 78.1431718061674
459500	 78.18553459119497
460000	 78.16896984924622
460500	 78.22888540031397
461000	 78.31868131868131
461500	 78.27523510971787
462000	 78.22190923317685
462500	 78.25023459493275
463000	 78.17103620474407
463500	 78.20180910792264
464000	 78.28072364316905
464500	 78.30268079800499
465000	 78.32731236374961
465500	 78.33914125700062
466000	 78.30692761727245
466500	 78.3314711359404
467000	 78.30223186608804
467500	 78.36721413077161
468000	 78.32394801980197
468500	 78.31396786155747
469000	 78.25447254781
469500	 78.26286594761172
470000	 78.25146198830409
470500	 78.28321033210332
471000	 78.2804054054054
471500	 78.31031307550644
472000	 78.22756508422664
472500	 78.1626413940691
473000	 78.16768478924863
473500	 78.2112332112332
474000	 78.24527150701647
474500	 78.32306284319706
475000	 78.33282535812252
475500	 78.37892171794091
476000	 78.39227023737067
476500	 78.26130500758725
477000	 78.24613519248257
477500	 78.17150635208712
478000	 78.14285714285714
478500	 78.17748264412919
479000	 78.11298583910816
479500	 78.06979542719615
480000	 78.06913134956417
480500	 78.08108108108108
481000	 78.0749850029994
481500	 78.08600539406653
482000	 78.07512720742292
482500	 78.02988643156007
483000	 78.05256869772998
483500	 78.06982990152193
484000	 78.12470167064438
484500	 78.12608047690014
485000	 78.17163289630513
485500	 78.17237272997916
486000	 78.1772754312909
486500	 78.19708680142688
487000	 78.26575505350773
487500	 78.22825764321757
488000	 78.20693744441151
488500	 78.22666666666667
489000	 78.22113676731794
489500	 78.25591715976331
490000	 78.25598581140999
490500	 78.22255017709563
491000	 78.27294187075833
491500	 78.31917404129794
492000	 78.28365243004419
492500	 78.28869923484403
493000	 78.22414806110459
493500	 78.28017621145375
494000	 78.26048694631857
494500	 78.25959566363903
495000	 78.26083138173303
495500	 78.24619883040936
496000	 78.25241016652059
496500	 78.24248613948059
497000	 78.25568513119534
497500	 78.28088578088578
498000	 78.30160116448326
498500	 78.2625
499000	 78.31531531531532
499500	 78.2608064984044
500000	 78.21054155806544
500500	 78.1958345386173
501000	 78.1038961038961
501500	 78.06050129645635
502000	 78.0253164556962
502500	 77.96927053417576
503000	 77.91657110091744
503500	 77.90177548682703
504000	 77.88329519450801
504500	 77.92938822184105
505000	 78.00771869639794
505500	 77.98515558093064
506000	 77.9074074074074
506500	 77.86258890469416
507000	 77.89479670173444
507500	 77.97128234290588
508000	 77.97784090909092
508500	 78.01277683134583
509000	 78.01730496453901
509500	 78.05330309044514
510000	 78.02718006795017
510500	 78.00197907831496
511000	 77.99293984750071
511500	 78.01664785553048
512000	 78.0482233502538
512500	 78.12859560067682
513000	 78.13722175260637
513500	 78.12862369828314
514000	 78.10258572231591
514500	 78.11682111766358
515000	 78.15211900084199
515500	 78.10058840011207
516000	 78.10271480548559
516500	 78.12895104895105
517000	 78.13890441587479
517500	 78.14070351758794
518000	 78.09420289855072
518500	 78.05091819699499
519000	 77.995
519500	 78.00471829031363
520000	 78.04160887656033
520500	 78.02881684677196
521000	 78.02269582064766
521500	 77.98894416804865
522000	 77.97211485367201
522500	 77.97517926089354
523000	 77.93144273127753
523500	 77.88152831225948
524000	 77.8334248079034
524500	 77.77019994522048
525000	 77.74152078774617
525500	 77.69552157291098
526000	 77.73307860262008
526500	 77.7645935624659
527000	 77.80392691573493
527500	 77.81689373297003
528000	 77.78748299319727
528500	 77.7760260940473
529000	 77.83614130434782
529500	 77.84224816725495
530000	 77.89549402823019
530500	 77.84932249322493
531000	 77.84569572279372
531500	 77.82963764196863
532000	 77.86108108108108
532500	 77.84287257019439
533000	 77.84785540868627
533500	 77.85795148247979
534000	 77.85698895771613
534500	 77.85979547900969
535000	 77.85215053763442
535500	 77.85764168681172
536000	 77.81840128755364
536500	 77.81939978563773
537000	 77.80487152034262
537500	 77.7306973016297
538000	 77.73125166800106
538500	 77.75380101360362
539000	 77.82635369431848
539500	 77.89197119231795
540000	 77.82188498402556
540500	 77.83187017823889
541000	 77.83550358756311
541500	 77.80467091295117
542000	 77.86362430352878
542500	 77.91379310344827
543000	 77.81895182636316
543500	 77.80750925436277
544000	 77.79793977812996
544500	 77.83839450752575
545000	 77.84248021108179
545500	 77.8568415502241
546000	 77.80784416951829
546500	 77.73909616395166
547000	 77.74612759254397
547500	 77.75472193074502
548000	 77.70115243583028
548500	 77.7324607329843
549000	 77.70196078431373
549500	 77.71969696969697
550000	 77.74210388932394
550500	 77.7907644142969
551000	 77.83702737940025
551500	 77.83302943474864
552000	 77.84100962789488
552500	 77.83727579932415
553000	 77.81464174454828
553500	 77.78454757583614
554000	 77.81342316662348
554500	 77.71535677352637
555000	 77.73030224748128
555500	 77.7320598864223
556000	 77.69657128125806
556500	 77.74432989690722
557000	 77.73635427394439
557500	 77.62316979193425
558000	 77.6871307474955
558500	 77.6679497049012
559000	 77.67589743589744
559500	 77.654033290653
560000	 77.63478260869566
560500	 77.63336739908023
561000	 77.6685393258427
561500	 77.67695840775708
562000	 77.65086646279306
562500	 77.65325865580448
563000	 77.64064089521872
563500	 77.62474593495935
564000	 77.60060898249175
564500	 77.60218052738337
565000	 77.60258358662614
565500	 77.67375886524823
566000	 77.65055668016194
566500	 77.61637604245641
567000	 77.58505805148914
567500	 77.62941473259335
568000	 77.60493827160494
568500	 77.56592853548062
569000	 77.61383647798742
569500	 77.63448969331323
570000	 77.64439979909594
570500	 77.64977420973408
571000	 77.70504138449962
571500	 77.72850338430685
572000	 77.68310387984981
572500	 77.71678759069302
573000	 77.68415792103949
573500	 77.64636885450462
574000	 77.67822399600898
574500	 77.68195413758724
575000	 77.67978087649402
575500	 77.57813664596273
576000	 77.54838709677419
576500	 77.57713293650794
577000	 77.58537794299876
577500	 77.60178306092125
578000	 77.60094012864919
578500	 77.56980479367432
579000	 77.57333333333334
579500	 77.56832757770104
580000	 77.60650887573965
580500	 77.59261083743843
581000	 77.5938961358602
581500	 77.62041820418204
582000	 77.58771498771499
582500	 77.55397448478901
583000	 77.55980392156863
583500	 77.57114866519716
584000	 77.50855745721272
584500	 77.51392281387396
585000	 77.48597218833862
585500	 77.45784600389864
586000	 77.46992938884831
586500	 77.4590124057407
587000	 77.44374240583232
587500	 77.43894149065306
588000	 77.48179611650485
588500	 77.47284190106693
589000	 77.44950351174619
589500	 77.43455117348174
590000	 77.45261121856866
590500	 77.48477525374577
591000	 77.53587823145688
591500	 77.51629254163649
592000	 77.56901544401545
592500	 77.56460945033751
593000	 77.5668513611178
593500	 77.5942692029858
594000	 77.6578377076812
594500	 77.65904716073148
595000	 77.64879807692307
595500	 77.69766882960826
596000	 77.73234022104758
596500	 77.78116742733606
597000	 77.7945271243399
597500	 77.78033573141487
598000	 77.76473406804026
598500	 77.7539492580182
599000	 77.72746832416925
599500	 77.74558050645007
600000	 77.7037213740458
600500	 77.71227651966628
601000	 77.70350083353179
601500	 77.74214285714285
602000	 77.71605231866825
602500	 77.65922583709333
603000	 77.66160417655435
603500	 77.64532954006638
604000	 77.64187588820464
604500	 77.68529481411319
605000	 77.72182765151516
605500	 77.69851028611966
606000	 77.6491145218418
606500	 77.69027384324835
607000	 77.63257129389582
607500	 77.68049010367578
608000	 77.7321554770318
608500	 77.71569781124971
609000	 77.72507055503293
609500	 77.71334586466165
610000	 77.74189760450916
610500	 77.65385516756504
611000	 77.63389513108615
611500	 77.64491228070176
612000	 77.69644527595884
612500	 77.73071528751753
613000	 77.74211632796076
613500	 77.77515759981321
614000	 77.8051341890315
614500	 77.7532043812631
615000	 77.79240447343895
615500	 77.82789939450396
616000	 77.80251221214236
616500	 77.73850441244775
617000	 77.7352668213457
617500	 77.67963863794301
618000	 77.71799027552674
618500	 77.723507635354
619000	 77.7378034682081
619500	 77.74861367837339
620000	 77.77782909930716
620500	 77.75657591139824
621000	 77.72067296612123
621500	 77.67571921749136
622000	 77.61603860294117
622500	 77.64492420762517
623000	 77.65733302731238
623500	 77.6697247706422
624000	 77.64054982817869
624500	 77.6663613464621
625000	 77.61376629316258
625500	 77.6604938271605
626000	 77.69401279707495
626500	 77.66400365213421
627000	 77.71382930168873
627500	 77.65474020054694
628000	 77.65520382600775
628500	 77.615874459859
629000	 77.61909090909091
629500	 77.63070633658869
630000	 77.64207898320473
630500	 77.6649274047187
631000	 77.61644766651563
631500	 77.6063829787234
632000	 77.55085895117541
632500	 77.56381296589112
633000	 77.59652291713705
633500	 77.5939544326641
634000	 77.64005412719892
634500	 77.63114015322218
635000	 77.64752252252252
635500	 77.65631330182309
636000	 77.64740274342253
636500	 77.66666666666667
637000	 77.689283307122
637500	 77.71906579833819
638000	 77.67773043283248
638500	 77.66704010755097
639000	 77.68891377379619
639500	 77.71255876427132
640000	 77.75581915846016
640500	 77.79816513761467
641000	 77.78247261345852
641500	 77.732976110739
642000	 77.77611607142858
642500	 77.80589022757698
643000	 77.83407671721677
643500	 77.87201783723523
644000	 77.88636363636364
644500	 77.89467824537965
645000	 77.9114177609615
645500	 77.89682010229042
646000	 77.90666666666667
646500	 77.90408525754884
647000	 77.87913062763363
647500	 77.89891376634893
648000	 77.95810241631567
648500	 77.94197120708749
649000	 77.91592920353982
649500	 77.8956906077348
650000	 77.94321696862572
650500	 77.91414698742
651000	 77.94043679682329
651500	 77.98676665196295
652000	 77.97069839171624
652500	 77.92893289328933
653000	 77.94699802067296
653500	 77.96944383380963
654000	 77.98330404217926
654500	 78.00285463328942
655000	 77.93663670247753
655500	 77.90692071835305
656000	 77.96102474271952
656500	 78.01116462346761
657000	 78.03698030634574
657500	 78.08772697440385
658000	 78.12817147856518
658500	 78.1353005464481
659000	 78.15665282936422
659500	 78.11302640192014
660000	 78.11709550806803
660500	 78.14690496948562
661000	 78.1513831409279
661500	 78.15103373231774
662000	 78.11301890893284
662500	 78.13578101238323
663000	 78.19487290897241
663500	 78.18493596700672
664000	 78.18329718004338
664500	 78.17251842219332
665000	 78.15872672152447
665500	 78.16161834703591
666000	 78.17772972972973
666500	 78.21833117163857
667000	 78.23266364225535
667500	 78.21212775140268
668000	 78.19249838327225
668500	 78.19689788884102
669000	 78.18721755971595
669500	 78.22870051635113
670000	 78.23930337561815
670500	 78.2554791577138
671000	 78.29795918367347
671500	 78.2992700729927
672000	 78.30401201458915
672500	 78.28439777111016
673000	 78.2830835117773
673500	 78.22086807782767
674000	 78.2412908741184
674500	 78.21562766865927
675000	 78.22573074461276
675500	 78.26877133105802
676000	 78.30752825762423
676500	 78.32786186314219
677000	 78.350095887492
677500	 78.34511390249095
678000	 78.34978723404255
678500	 78.34077380952381
679000	 78.3671908202295
679500	 78.34175334323923
680000	 78.32379134860051
680500	 78.35997456010176
681000	 78.35437407328956
681500	 78.33135844265765
682000	 78.31966173361522
682500	 78.35320228281547
683000	 78.37861821255018
683500	 78.28300295234078
684000	 78.27412557943532
684500	 78.26526315789474
685000	 78.28808922558923
685500	 78.31320992848129
686000	 78.31048980449863
686500	 78.30119722747322
687000	 78.2894018887723
687500	 78.2425068119891
688000	 78.22492146596859
688500	 78.20460251046025
689000	 78.24262706546747
689500	 78.2814721873693
690000	 78.3070652173913
690500	 78.24650386140681
691000	 78.26747339870644
691500	 78.30392156862744
692000	 78.33298582151794
692500	 78.34361325276099
693000	 78.35943356934611
693500	 78.39766812408911
694000	 78.37000831946756
694500	 78.34947018491586
695000	 78.34938758563422
695500	 78.3720688939614
696000	 78.35116086235489
696500	 78.294141999586
697000	 78.2918304033092
697500	 78.31672524291916
698000	 78.31357157612064
698500	 78.30546955624355
699000	 78.29676221901423
699500	 78.33168418882704
700000	 78.34054388133498
700500	 78.36758649093905
701000	 78.34869368442708
701500	 78.33956834532374
702000	 78.28633004926108
702500	 78.258150502358
703000	 78.25881147540984
703500	 78.24365274365275
704000	 78.22540396809164
704500	 78.26503067484663
705000	 78.26583571720474
705500	 78.28329248366013
706000	 78.31509087196243
706500	 78.3767612824178
707000	 78.41547570436913
707500	 78.40126478988168
708000	 78.38312614632159
708500	 78.33665784652962
709000	 78.3645981688708
709500	 78.33678861788619
710000	 78.33942717854967
710500	 78.38322502030869
711000	 78.39111020905216
711500	 78.38349219225309
712000	 78.40523008311372
712500	 78.39923030180272
713000	 78.41093117408907
713500	 78.46396761133603
714000	 78.48047744284847
714500	 78.49676506267691
715000	 78.47959595959595
715500	 78.49818255250403
716000	 78.51180625630676
716500	 78.453446191052
717000	 78.48307816277196
717500	 78.48842359573183
718000	 78.49476861167003
718500	 78.49688316911322
719000	 78.48643761301989
719500	 78.47319815298133
720000	 78.46579739217653
720500	 78.4594107035478
721000	 78.51693726197635
721500	 78.44266559935961
722000	 78.47398959583833
722500	 78.46581367453018
723000	 78.4307108626198
723500	 78.41611809295831
724000	 78.43141945773525
724500	 78.41007767377016
725000	 78.38658973338639
725500	 78.39451183137801
726000	 78.34915590863952
726500	 78.37907069102462
727000	 78.38380631077595
727500	 78.42043650793651
728000	 78.40999206978589
728500	 78.44369547977796
729000	 78.42690174326466
729500	 78.38662445587653
730000	 78.34940711462451
730500	 78.35334781749951
731000	 78.38163869693979
731500	 78.37660288025252
732000	 78.38761829652996
732500	 78.37352245862884
733000	 78.33785911058638
733500	 78.3520157325467
734000	 78.30066771406128
734500	 78.30441609421001
735000	 78.30698313063947
735500	 78.30125441003528
736000	 78.30082256169213
736500	 78.30690937561167
737000	 78.30530021513789
737500	 78.2453125
738000	 78.26356891839126
738500	 78.29552996291235
739000	 78.31882926829269
739500	 78.33411351667642
740000	 78.34561403508772
740500	 78.36145752143413
741000	 78.31237835733748
741500	 78.2982694925141
742000	 78.25325305884638
742500	 78.29126213592232
743000	 78.29206287599456
743500	 78.31037827352085
744000	 78.33003684312585
744500	 78.34735413839891
745000	 78.32687838884586
745500	 78.32120743034056
746000	 78.3495164410058
746500	 78.34325473521453
747000	 78.31975284804017
747500	 78.30285493827161
748000	 78.30730672835936
748500	 78.29685994991331
749000	 78.28662175168431
749500	 78.31287281123726
750000	 78.36675004810468
750500	 78.35685445106711
751000	 78.36882567749376
751500	 78.36162857691569
752000	 78.33883346124328
752500	 78.37080375983119
753000	 78.37615030674847
753500	 78.37746694769113
754000	 78.38050555342781
754500	 78.36758515116725
755000	 78.34888166698528
755500	 78.2852233676976
756000	 78.31838137049056
756500	 78.329454406715
757000	 78.2890625
757500	 78.28427265803504
758000	 78.27587519025874
758500	 78.27742916904354
759000	 78.33067123027192
759500	 78.31464943948319
760000	 78.32624382833271
760500	 78.33345985955589
761000	 78.35628912919749
761500	 78.34123222748815
762000	 78.36516960394164
762500	 78.39003599166509
763000	 78.38803710013251
763500	 78.4151371807001
764000	 78.4474082482028
764500	 78.45641898279447
765000	 78.44379368977896
765500	 78.50028339316079
766000	 78.46178524249858
766500	 78.49254857574043
767000	 78.44517709118313
767500	 78.43919427710843
768000	 78.46470920383963
768500	 78.46135038555576
769000	 78.44212701991732
769500	 78.43259481787457
770000	 78.45495495495496
770500	 78.47223264540338
771000	 78.45192127460169
771500	 78.44970968346132
772000	 78.41384471468662
772500	 78.45155256266368
773000	 78.46457281734904
773500	 78.48794617828443
774000	 78.45230539481052
774500	 78.45951492537313
775000	 78.42713380544167
775500	 78.40755911375908
776000	 78.40093023255814
776500	 78.43061755952381
777000	 78.4021557331351
777500	 78.41158989598812
778000	 78.38764149192801
778500	 78.41012799109627
779000	 78.3698350935705
779500	 78.37592592592593
780000	 78.40955378633586
780500	 78.41358253145818
781000	 78.43581206067333
781500	 78.46624745700018
782000	 78.45961929403067
782500	 78.48835920177383
783000	 78.50849649057997
783500	 78.5031376891842
784000	 78.53589223103894
784500	 78.54703061600885
785000	 78.5563133640553
785500	 78.56300663227708
786000	 78.54573900239278
786500	 78.55095658572479
787000	 78.58524921831892
787500	 78.60654532083103
788000	 78.62580408013233
788500	 78.65821389195149
789000	 78.67744305657605
789500	 78.67009362952084
790000	 78.63829787234043
790500	 78.63354720439963
791000	 78.6267863686332
791500	 78.58510248901904
792000	 78.57918800292612
792500	 78.57529239766082
793000	 78.59371574716843
793500	 78.60756026296566
794000	 78.62486308871851
794500	 78.64251824817518
795000	 78.62789425706472
795500	 78.59435336976321
796000	 78.58663997087731
796500	 78.57384503455802
797000	 78.57662243228503
797500	 78.51170811399528
798000	 78.50716488300381
798500	 78.49664672829437
799000	 78.51485507246377
799500	 78.46119051926904
800000	 78.51619323321874
800500	 78.44273843930635
801000	 78.48798988621998
801500	 78.41218896501984
802000	 78.39945945945946
802500	 78.39034929780338
803000	 78.38521050737675
803500	 78.39039741053767
804000	 78.3822102425876
804500	 78.3588868940754
805000	 78.36048806746815
805500	 78.3616639770486
806000	 78.32891436761018
806500	 78.33751119068934
807000	 78.3191413237925
807500	 78.34239227605936
808000	 78.36282394995531
808500	 78.34446428571428
809000	 78.36076401285256
809500	 78.37259100642399
810000	 78.38958259008206
810500	 78.37985739750445
811000	 78.38856226616782
811500	 78.39351851851852
812000	 78.40185086314291
812500	 78.41932040562178
813000	 78.39015286171347
813500	 78.33605538789277
814000	 78.29561979074305
814500	 78.26913536498937
815000	 78.2421667551779
815500	 78.26278534772607
816000	 78.26848249027238
816500	 78.28978076379066
817000	 78.27380321497968
817500	 78.22759350741002
818000	 78.20412480169223
818500	 78.2269603524229
819000	 78.23652694610779
819500	 78.25224432318254
820000	 78.2637227304715
820500	 78.27061719711622
821000	 78.2487702037948
821500	 78.2267860277339
822000	 78.22701754385965
822500	 78.2531134888616
823000	 78.27301420305102
823500	 78.26651480637813
824000	 78.28603958661762
824500	 78.2874649859944
825000	 78.3271486084369
825500	 78.33852344296712
826000	 78.34656408463017
826500	 78.32110412299092
827000	 78.31721368715084
827500	 78.33315881326352
828000	 78.3634618740185
828500	 78.3800802372231
829000	 78.3761547847307
829500	 78.3611981887844
830000	 78.31066272395199
830500	 78.33878260869565
831000	 78.29603891591383
831500	 78.34173036831133
832000	 78.29307652264445
832500	 78.31396357328708
833000	 78.30507886982146
833500	 78.27497835497836
834000	 78.27518172377985
834500	 78.25038907141622
835000	 78.26810717372516
835500	 78.28114739934335
836000	 78.31098825155495
836500	 78.31652564323952
837000	 78.32499137038316
837500	 78.3428226363009
838000	 78.34195550957061
838500	 78.3876530436282
839000	 78.35871812543074
839500	 78.38570198105081
840000	 78.35708139734986
840500	 78.37863409599174
841000	 78.35441732554142
841500	 78.3618556701031
842000	 78.36012364760433
842500	 78.39010989010988
843000	 78.38641043239534
843500	 78.39255702280913
844000	 78.36617546264564
844500	 78.34514637904468
845000	 78.37949332420403
845500	 78.38562874251497
846000	 78.40020523345305
846500	 78.38916424542813
847000	 78.35963114754098
847500	 78.3805052919085
848000	 78.37188672807915
848500	 78.3769820971867
849000	 78.3308923705722
849500	 78.29482817284791
850000	 78.23003737682637
850500	 78.25084918478261
851000	 78.29054168789268
851500	 78.2711231761113
852000	 78.27539426827201
852500	 78.26470089815285
853000	 78.26079593564775
853500	 78.26709546377793
854000	 78.25029595805852
854500	 78.24387358458678
855000	 78.2242485646741
855500	 78.2014509870086
856000	 78.21571934558948
856500	 78.2531197301855
857000	 78.27954813690778
857500	 78.2094276094276
858000	 78.20625841184388
858500	 78.18961169944528
859000	 78.15936188077247
859500	 78.16834508224237
860000	 78.14151576123407
860500	 78.12313620371921
861000	 78.10478741211918
861500	 78.10003345600535
862000	 78.07755306702323
862500	 78.04040741359158
863000	 78.07228714524207
863500	 78.07692307692308
864000	 78.06619976654994
864500	 78.10755377688844
865000	 78.07712810261536
865500	 78.07457965706675
866000	 78.02943132690389
866500	 78.01113141717893
867000	 78.01693789438724
867500	 77.96798805772102
868000	 77.92726971504308
868500	 77.95709789630611
869000	 77.96258278145696
869500	 77.92705921270262
870000	 77.91371900826447
870500	 77.93142762723066
871000	 77.94549058473736
871500	 77.94353640416047
872000	 77.912584529111
872500	 77.93948887056884
873000	 77.97148038245962
873500	 77.9686985172982
874000	 77.93350888742594
874500	 77.9460437571969
875000	 77.95494902992436
875500	 77.97715318869164
876000	 78.00920295809367
876500	 77.98243309801346
877000	 78.03037268100476
877500	 78.03052182474565
878000	 78.01213313657976
878500	 78.0239265814487
879000	 78.05128625266262
879500	 78.06977886977887
880000	 78.08842312100867
880500	 78.0453058554138
881000	 78.0390650539392
881500	 78.07223402516752
882000	 78.04195918367347
882500	 78.0460182767624
883000	 78.04583265372696
883500	 78.04433577832111
884000	 78.0314332247557
884500	 78.00585746827204
885000	 77.98878231181922
885500	 77.99236269093272
886000	 77.94595033273819
886500	 77.91065347819037
887000	 77.93206874189364
887500	 77.97324902723736
888000	 78.01491569390402
888500	 78.02803889789303
889000	 78.02478134110787
889500	 78.03075926825319
890000	 78.05583427739117
890500	 78.03686934023285
891000	 78.01680400710939
891500	 78.00936541256257
892000	 78.0363196125908
892500	 78.04388512423363
893000	 78.05047572972101
893500	 78.05399742101869
894000	 78.03140602351425
894500	 78.00949468941101
895000	 77.97475884244373
895500	 78.00578685098859
896000	 78.02169371685682
896500	 78.04996786632391
897000	 78.06697719241889
897500	 78.08026970621287
898000	 78.03207184092366
898500	 78.01281845858036
899000	 78.0206598334401
899500	 78.01024163866218
900000	 77.98704828909499
900500	 77.99408662298227
901000	 77.9897779907363
901500	 77.97079476540057
902000	 77.94721734970499
902500	 77.92989165073296
903000	 77.95173622172666
903500	 77.95446584938703
904000	 77.981852913085
904500	 77.98233890214797
905000	 78.01909307875896
905500	 78.06093874303899
906000	 78.06504452926208
906500	 78.07741217612462
907000	 78.06273824650572
907500	 78.06826480393713
908000	 78.07553157727706
908500	 78.02773375594295
909000	 78.04435994930292
909500	 78.01250395694841
910000	 78.01676949849707
910500	 78.03384469397437
911000	 78.03255887466413
911500	 78.01010739102969
912000	 77.97806879141685
912500	 77.95822166167429
913000	 77.96769618657422
913500	 77.96283464566929
914000	 77.98724811083123
914500	 77.98489616110761
915000	 77.99135084132725
915500	 77.95962293794187
916000	 77.98099575938433
916500	 77.93411764705883
917000	 77.9531127489415
917500	 77.9741338767832
918000	 77.95332080200501
918500	 77.93426201283457
919000	 77.95055546862775
919500	 77.97371714643305
920000	 78.01329787234043
920500	 78.00719199499687
921000	 78.01672136271293
921500	 78.02827683174505
922000	 77.99687841423443
922500	 77.98034934497817
923000	 77.97490648379052
923500	 78.00825931120461
924000	 78.00903426791277
924500	 78.04049213518144
925000	 78.01789326279757
925500	 78.0
926000	 77.98648438713687
926500	 77.99239130434782
927000	 78.03307453416149
927500	 78.04469967406487
928000	 78.00403100775193
928500	 77.99922528664395
929000	 78.02153035935564
929500	 78.02322340919648
930000	 78.01562741760792
930500	 78.023816888339
931000	 77.99490111248456
931500	 77.98795552810377
932000	 78.01451289177088
932500	 78.01342385434347
933000	 77.99213691026827
933500	 77.99368161504084
934000	 78.03190013869626
934500	 78.00615858352579
935000	 77.98015384615384
935500	 77.94774857845397
936000	 77.92169507139567
936500	 77.92357274401473
937000	 77.95105109713059
937500	 77.93651280478454
938000	 77.96826126954922
938500	 77.98697118332312
939000	 78.01180076628353
939500	 78.01884191176471
940000	 78.01791181873851
940500	 78.0324456688093
941000	 78.06044376434583
941500	 78.07648768548263
942000	 78.07858125668858
942500	 78.04658622269741
943000	 78.03465119829033
943500	 78.0183038438072
944000	 78.05902989627822
944500	 78.09043770016775
945000	 78.11482159194877
945500	 78.10530326120086
946000	 78.08557941221258
946500	 78.07776594125704
947000	 78.08624885914207
947500	 78.1171102661597
948000	 78.11065511475908
948500	 78.156102751178
949000	 78.12361427486712
949500	 78.13038858530662
950000	 78.14246700045517
950500	 78.1407126611069
951000	 78.1741964827168
951500	 78.18975447105183
952000	 78.16596002422774
952500	 78.18785952164698
953000	 78.14456373809163
953500	 78.09666213562906
954000	 78.12745394140742
954500	 78.12920754716981
955000	 78.07688828584351
955500	 78.09269027882442
956000	 78.09460680927991
956500	 78.08928033724781
957000	 78.103552077062
957500	 78.10801865503234
958000	 78.0572501878287
958500	 78.06728747371584
959000	 78.06665665815943
959500	 78.07427971188476
960000	 78.08114594270286
960500	 78.07195323040024
961000	 78.04808268424206
961500	 78.04715568862275
962000	 78.04818195421218
962500	 78.0769000598444
963000	 78.07177033492823
963500	 78.08893871449925
964000	 78.11087866108787
964500	 78.13730763484237
965000	 78.13140212035239
965500	 78.09829952267303
966000	 78.08570576837084
966500	 78.09371275327771
967000	 78.11021745606196
967500	 78.08258928571429
968000	 78.08403986315633
968500	 78.06004756242568
969000	 78.05778371954842
969500	 78.05374109263659
970000	 78.05637982195846
970500	 78.07445861762088
971000	 78.07144974799881
971500	 78.05362168567619
972000	 78.03493191237419
972500	 78.03076923076924
973000	 78.01951219512195
973500	 78.05305941472066
974000	 78.06647953907519
974500	 78.07324276432368
975000	 78.0829520295203
975500	 78.0892593685453
976000	 78.06958572902845
976500	 78.07530209254347
977000	 78.10667452482687
977500	 78.11325478645067
978000	 78.09315673289183
978500	 78.12301353737493
979000	 78.14903633956158
979500	 78.18640576725026
980000	 78.19279411764705
980500	 78.17340191036003
981000	 78.18360752056404
981500	 78.20737259509472
982000	 78.2374449339207
982500	 78.24042272126816
983000	 78.20237571491421
983500	 78.21976249816743
984000	 78.21714285714286
984500	 78.197364568082
985000	 78.22910262040696
985500	 78.24615834918777
986000	 78.277582674861
986500	 78.28711423138803
987000	 78.27525215611753
987500	 78.26088226701724
988000	 78.29579316389132
988500	 78.3107476635514
989000	 78.32788321167884
989500	 78.32419025386636
990000	 78.32210557013707
990500	 78.3245409501603
991000	 78.30712101354302
991500	 78.32057067986607
992000	 78.30753564154786
992500	 78.32955206515416
993000	 78.31889534883722
993500	 78.33478639930253
994000	 78.33522149600581
994500	 78.3614580307871
995000	 78.35031200116093
995500	 78.33135150812065
996000	 78.33758515726917
996500	 78.3148899188876
997000	 78.30558772437753
997500	 78.27769742551345
998000	 78.28914269191846
998500	 78.30596907067495
999000	 78.33598265895954
999500	 78.3393037700419
1000000	 78.32217090069284
1000500	 78.34430014430015
1001000	 78.33559273146813
1001500	 78.32948976650331
1002000	 78.31892826274849
1002500	 78.29624298258241
1003000	 78.25075485262401
1003500	 78.18408960367604
1004000	 78.17522962112514
1004500	 78.18003155931717
1005000	 78.17720430107526
1005500	 78.15184071049993
1006000	 78.1544959908362
1006500	 78.17377612367592
1007000	 78.15577170647975
1007500	 78.18106407322655
1008000	 78.18241601143674
1008500	 78.1876250357245
1009000	 78.18437589260212
1009500	 78.17356551527263
1010000	 78.16676176890157
1010500	 78.1665240946678
1011000	 78.1344537815126
1011500	 78.13138790035588
1012000	 78.14828518571225
1012500	 78.16218523260777
1013000	 78.14458345180552
1013500	 78.14864288759415
1014000	 78.17220801364024
1014500	 78.19690296917176
1015000	 78.22585227272727
1015500	 78.23143546784041
1016000	 78.23928470053932
1016500	 78.25212826333711
1017000	 78.28046531422896
1017500	 78.3018439716312
1018000	 78.3354609929078
1018500	 78.36618919302227
1019000	 78.35322466335931
1019500	 78.35604987248513
1020000	 78.36510409290469
1020500	 78.36348195329087
1021000	 78.38432149426914
1021500	 78.36382918552036
1022000	 78.33455778468493
1022500	 78.33879395565599
1023000	 78.3258537962179
1023500	 78.29653130287647
1024000	 78.31068508598815
1024500	 78.29722496126215
1025000	 78.25612158739094
1025500	 78.24950773558369
1026000	 78.19159994381234
1026500	 78.21036371296167
1027000	 78.23869699522606
1027500	 78.20959595959596
1028000	 78.21609872388164
1028500	 78.22413793103448
1029000	 78.2156066124965
1029500	 78.22997198879551
1030000	 78.24894987398488
1030500	 78.28325399047885
1031000	 78.3102337953241
1031500	 78.31766022949903
1032000	 78.29827996084464
1032500	 78.26966606119882
1033000	 78.28146389160497
1033500	 78.25680390788555
1034000	 78.27235942514302
1034500	 78.29966517857143
1035000	 78.25069676700112
1035500	 78.24540389972145
1036000	 78.20019476905955
1036500	 78.17656054497428
1037000	 78.1725719049604
1037500	 78.16830995695042
1038000	 78.15611990008327
1038500	 78.17216981132076
1039000	 78.19389736477115
1039500	 78.164911308204
1040000	 78.1467940728431
1040500	 78.14712802768166
1041000	 78.14706696181517
1041500	 78.14283738938053
1042000	 78.11299903301561
1042500	 78.12898770887999
1043000	 78.13072887907234
1043500	 78.12293046357615
1044000	 78.1142975320557
1044500	 78.09355194268393
1045000	 78.13557453844034
1045500	 78.13469219115824
1046000	 78.13449889867842
1046500	 78.14533443435178
1047000	 78.17864024222406
1047500	 78.18918547055586
1048000	 78.21392213509424
1048500	 78.19741545229584
1049000	 78.21896907216495
1049500	 78.24876305662453
1050000	 78.27483853236224
1050500	 78.27760989010989
1051000	 78.2723778143877
1051500	 78.25919319429198
1052000	 78.28371518726848
1052500	 78.28332419089413
1053000	 78.28303179824562
1053500	 78.28013698630137
1054000	 78.28385594960974
1054500	 78.27507869166553
1055000	 78.30555555555556
1055500	 78.31705649022021
1056000	 78.30786056049214
1056500	 78.31816318163182
1057000	 78.30688336520076
1057500	 78.30930930930931
1058000	 78.31477691363078
1058500	 78.31242329196782
1059000	 78.27288828337875
1059500	 78.25650102110279
1060000	 78.24942169002586
1060500	 78.2621412052782
1061000	 78.26706554256187
1061500	 78.29408565601632
1062000	 78.31715606307776
1062500	 78.26191446028513
1063000	 78.24748982360923
1063500	 78.2619370591427
1064000	 78.2985621269669
1064500	 78.32266377322664
1065000	 78.31598210654738
1065500	 78.33419162488143
1066000	 78.31635969664138
1066500	 78.31050351922036
1067000	 78.28374357587234
1067500	 78.29268622414493
1068000	 78.30162162162162
1068500	 78.29173419773096
1069000	 78.30502295436133
1069500	 78.30624915643136
1070000	 78.28945238737523
1070500	 78.27011726647797
1071000	 78.27934240668374
1071500	 78.26110961486668
1072000	 78.26450397092475
1072500	 78.29232839838492
1073000	 78.26062399139322
1073500	 78.25994623655914
1074000	 78.25591080064481
1074500	 78.21376811594203
1075000	 78.23276093372685
1075500	 78.22740681147761
1076000	 78.16376539903588
1076500	 78.16865212153661
1077000	 78.1449779323258
1077500	 78.16822679860925
1078000	 78.16639935846031
1078500	 78.15976489446967
1079000	 78.13467698878804
1079500	 78.10028003733831
1080000	 78.12038394880683
1080500	 78.13887778222045
1081000	 78.1242674480554
1081500	 78.11794462193824
1082000	 78.10709059465212
1082500	 78.12089373586913
1083000	 78.1241691039617
1083500	 78.10229839245383
1084000	 78.09426447158789
1084500	 78.11934156378601
1085000	 78.09351372861123
1085500	 78.11324757989657
1086000	 78.09647495361781
1086500	 78.08754966887417
1087000	 78.09201641731762
1087500	 78.104831237591
1088000	 78.10915586133898
1088500	 78.05894013479582
1089000	 78.08919133192389
1089500	 78.12035936054961
1090000	 78.15178335535006
1090500	 78.13425742574258
1091000	 78.12706161762766
1091500	 78.11895028352895
1092000	 78.10187137585662
1092500	 78.10077723620077
1093000	 78.10060574137476
1093500	 78.10912202185074
1094000	 78.11909461771286
1094500	 78.11008812310929
1095000	 78.13427143608627
1095500	 78.12946898002103
1096000	 78.12086179716238
1096500	 78.12409717662509
1097000	 78.09513187245769
1097500	 78.04364923318914
1098000	 78.0583147687066
1098500	 78.05763688760807
1099000	 78.07137244630697
1099500	 78.0807803089814
1100000	 78.05664573521716
1100500	 78.05989276840592
1101000	 78.05345706443602
1101500	 78.04924885695624
1102000	 78.01905507700339
1102500	 78.00286944045911
1103000	 78.01890728908593
1103500	 78.01694252573961
1104000	 77.99674394373535
1104500	 78.00989583333333
1105000	 78.01978651392866
1105500	 78.03266527850079
1106000	 78.05881587508132
1106500	 78.07558215168466
1107000	 78.10340790842872
1107500	 78.10882850084515
1108000	 78.05961813222497
1108500	 78.06569722150091
1109000	 78.02153047989624
1109500	 77.99533437013997
1110000	 78.00777403472402
1110500	 78.00738246341147
1111000	 78.0130761263594
1111500	 78.02575718353611
1112000	 78.01578266494178
1112500	 78.0186214923057
1113000	 77.99831997932283
1113500	 78.0140826873385
1114000	 78.0374628600956
1114500	 78.04222623966942
1115000	 78.02335785262615
1115500	 78.01676770282471
1116000	 78.00386697602475
1116500	 78.0215206185567
1117000	 78.06146907216495
1117500	 78.05899021123132
1118000	 78.05690010298662
1118500	 78.06305494788316
1119000	 78.07628972082851
1119500	 78.08269032921811
1120000	 78.07120822622107
1120500	 78.08442559753277
1121000	 78.09094412331406
1121500	 78.10427635803262
1122000	 78.12376428296315
1122500	 78.08735248845562
1123000	 78.10233393177738
1123500	 78.13091421977177
1124000	 78.11327524346488
1124500	 78.1159216088126
1125000	 78.11920614596671
1125500	 78.12210418533213
1126000	 78.1060373497058
1126500	 78.11021608489963
1127000	 78.11311349693251
1127500	 78.07074447707828
1128000	 78.09333503575077
1128500	 78.11757947146687
1129000	 78.12699425654117
1129500	 78.13549374840521
1130000	 78.14181864558093
1130500	 78.13204180474126
1131000	 78.15175840978593
1131500	 78.12885154061625
1132000	 78.14625763747455
1132500	 78.12515899262274
1133000	 78.10702936316258
1133500	 78.10811840935078
1134000	 78.07501904036558
1134500	 78.07675716823141
1135000	 78.08129359543437
1135500	 78.06514575411914
1136000	 78.08210846426762
1136500	 78.09918925766405
1137000	 78.11474164133739
1137500	 78.09922794582964
1138000	 78.10172064777328
1138500	 78.11472299519352
1139000	 78.09036905965621
1139500	 78.04608585858585
1140000	 78.02611987381704
1140500	 78.04907898057027
1141000	 78.05233951317946
1141500	 78.02583490863265
1142000	 78.0177604232271
1142500	 77.99811178247734
1143000	 77.99697999244998
1143500	 77.99107030562193
1144000	 77.97385620915033
1144500	 77.96570351758794
1145000	 77.95317011927182
1145500	 77.94341279799247
1146000	 77.96462175385773
1146500	 77.96551291698019
1147000	 77.9914744232698
1147500	 77.98295739348372
1148000	 77.9933600601353
1148500	 77.97495930887692
1149000	 77.96833938180453
1149500	 77.96060037523452
1150000	 77.92589352661834
1150500	 77.94914407097339
1151000	 77.93319180819181
1151500	 77.93621270752715
1152000	 77.93798352882456
1152500	 77.93327513095535
1153000	 77.9284467713787
1153500	 77.92884735202492
1154000	 77.90846824408469
1154500	 77.90104555638536
1155000	 77.90556177678238
1155500	 77.91293532338308
1156000	 77.87821548403132
1156500	 77.8600347739692
1157000	 77.86058348851645
1157500	 77.86473070240754
1158000	 77.87196029776675
1158500	 77.8673115079365
1159000	 77.86798066195611
1159500	 77.85181514062694
1160000	 77.82481119227435
1160500	 77.81019549616431
1161000	 77.81311069882499
1161500	 77.79530284301607
1162000	 77.79676303434643
1162500	 77.76802469135802
1163000	 77.74512706637059
1163500	 77.76295017266897
1164000	 77.77262638717633
1164500	 77.79866847491061
1165000	 77.79800345082573
1165500	 77.80864958107442
1166000	 77.81684936568543
1166500	 77.80598301120276
1167000	 77.7921998031496
1167500	 77.8070110701107
1168000	 77.83384577542738
1168500	 77.84544448542974
1169000	 77.8377780508787
1169500	 77.82913646972116
1170000	 77.81070464031427
1170500	 77.7972027972028
1171000	 77.80328673043905
1171500	 77.80703690082139
1172000	 77.79796618475864
1172500	 77.80734843845683
1173000	 77.80401517933652
1173500	 77.76638943248533
1174000	 77.76124694376529
1174500	 77.78645642342012
1175000	 77.79398826979472
1175500	 77.8272238514174
1176000	 77.82046897899365
1176500	 77.80556572683999
1177000	 77.78775311051476
1177500	 77.79768292682927
1178000	 77.79995123735219
1178500	 77.76105224698576
1179000	 77.7609251369446
1179500	 77.7851752677702
1180000	 77.78659204282759
1180500	 77.80802919708029
1181000	 77.81284202845677
1181500	 77.82686930091185
1182000	 77.80512695905722
1182500	 77.82120733632941
1183000	 77.82758620689656
1183500	 77.84437970381161
1184000	 77.85691747572815
1184500	 77.85794007036273
1185000	 77.83753637245393
1185500	 77.84618181818182
1186000	 77.83813908408045
1186500	 77.79893475366178
1187000	 77.81941418542726
1187500	 77.82226255293406
1188000	 77.82281083696178
1188500	 77.82759037601258
1189000	 77.81861027190332
1189500	 77.81422877159078
1190000	 77.7881713940857
1190500	 77.77285886610375
1191000	 77.77824671409623
1191500	 77.80166385338799
1192000	 77.8100518259612
1192500	 77.80833634501867
1193000	 77.78223185265439
1193500	 77.77680182890145
1194000	 77.80173243503368
1194500	 77.80817799158147
1195000	 77.81461889877374
1195500	 77.80367655893308
1196000	 77.8175156174916
1196500	 77.79459783913565
1197000	 77.78653707703384
1197500	 77.77167526082265
1198000	 77.78776978417267
1198500	 77.76084351785286
1199000	 77.75748502994011
1199500	 77.77763142138666
1200000	 77.79873084291188
1200500	 77.82257871423441
1201000	 77.80725053840632
1201500	 77.82392344497607
1202000	 77.82338873609949
1202500	 77.81797537946696
1203000	 77.76683381088826
1203500	 77.77930293626164
1204000	 77.7718921498449
1204500	 77.78578244274809
1205000	 77.8093023255814
1205500	 77.82222487182544
1206000	 77.8547752474067
1206500	 77.84268859492313
1207000	 77.83918999404408
1207500	 77.85755121486422
1208000	 77.8694927363658
1208500	 77.85362370581934
1209000	 77.84893541096704
1209500	 77.83808844507845
1210000	 77.85795792226317
1210500	 77.86086026615969
1211000	 77.83970553312753
1211500	 77.85007122507122
1212000	 77.86268692143366
1212500	 77.8733981964879
1213000	 77.89039145907473
1213500	 77.91638002609417
1214000	 77.92778370686588
1214500	 77.93894487255483
1215000	 77.9496266445419
1215500	 77.96065884583481
1216000	 77.97310745172373
1216500	 77.97809095215537
1217000	 77.98922694447732
1217500	 78.00449757367736
1218000	 77.98840785427016
1218500	 78.00685984624482
1219000	 77.99326241134752
1219500	 78.00082712985939
1220000	 77.98393953708077
1220500	 77.96624572170424
1221000	 77.95364472753008
1221500	 77.9688679245283
1222000	 77.96511079679397
1222500	 77.98727165586328
1223000	 77.97903415783274
1223500	 77.98257388437537
1224000	 77.98140520183594
1224500	 78.00353024240998
1225000	 78.0282386163078
1225500	 78.0242267435023
1226000	 78.02762755701858
1226500	 78.01962397179788
1227000	 78.00551967116853
1227500	 78.02900422733678
1228000	 78.03662831650622
1228500	 78.06914768725053
1229000	 78.09532754167645
1229500	 78.11738466956216
1230000	 78.10147817925856
1230500	 78.0778429073857
1231000	 78.09071729957806
1231500	 78.10253105226154
1232000	 78.12173403632103
1232500	 78.12814806137987
1233000	 78.12668305818991
1233500	 78.12897940074906
1234000	 78.12576041179223
1234500	 78.07105293911418
1235000	 78.06915080014016
1235500	 78.06701692936369
1236000	 78.0696697397596
1236500	 78.08388752770972
1237000	 78.0804664723032
1237500	 78.05196923793987
1238000	 78.02969259431765
1238500	 77.99313634248487
1239000	 78.0
1239500	 77.98826127382613
1240000	 77.99233182293482
1240500	 77.9859482057833
1241000	 78.00081272495066
1241500	 78.01033081834011
1242000	 78.01311209097238
1242500	 78.02807424593968
1243000	 78.0544020415265
1243500	 78.03234032688073
1244000	 78.02177942539389
1244500	 78.0536376274328
1245000	 78.08943466172381
1245500	 78.09461493920092
1246000	 78.11811023622047
1246500	 78.14229477827949
1247000	 78.14895833333334
1247500	 78.14310504396113
1248000	 78.15706685172334
1248500	 78.1304900601017
1249000	 78.11736167263486
1249500	 78.11534464842397
1250000	 78.11830563250231
1250500	 78.12564901349948
1251000	 78.14766958929395
1251500	 78.09888210210903
1252000	 78.13045983634896
1252500	 78.12671351226817
1253000	 78.12078295912492
1253500	 78.14598204006447
1254000	 78.16334753079315
1254500	 78.1755092645874
1255000	 78.14558417663294
1255500	 78.16164635548402
1256000	 78.13337162550259
1256500	 78.11836969001148
1257000	 78.10982327289419
1257500	 78.10105528791007
1258000	 78.1125
1258500	 78.11612977186748
1259000	 78.14570675226413
1259500	 78.12729147571035
1260000	 78.14146620847652
1260500	 78.10036621652552
1261000	 78.1141876430206
1261500	 78.12594371997254
1262000	 78.0928106069265
1262500	 78.11932792319122
1263000	 78.1082933516107
1263500	 78.11099691675231
1264000	 78.13050924868692
1264500	 78.12898070996462
1265000	 78.11829796942733
1265500	 78.13366788321167
1266000	 78.12859097127223
1266500	 78.12374658158615
1267000	 78.14332915574798
1267500	 78.16541353383458
1268000	 78.14275956284153
1268500	 78.14805963354956
1269000	 78.16624943104233
1269500	 78.13473564525299
1270000	 78.12011363636364
1270500	 78.09504883034295
1271000	 78.08740068104427
1271500	 78.07328417470221
1272000	 78.08449586026994
1272500	 78.08832199546485
1273000	 78.10213103604625
1273500	 78.10276455925674
1274000	 78.11712732215678
1274500	 78.13035107587768
1275000	 78.13460885316427
1275500	 78.11189048534902
1276000	 78.13834841628959
1276500	 78.12538157150932
1277000	 78.12737341772151
1277500	 78.13932203389831
1278000	 78.14096916299559
1278500	 78.16094420600858
1279000	 78.15556559042673
1279500	 78.16138133393522
1280000	 78.17014554891121
1280500	 78.16341490921394
1281000	 78.16538895152199
1281500	 78.17085540403471
1282000	 78.19123281496506
1282500	 78.15459970724018
1283000	 78.16480918608578
1283500	 78.18955425484016
1284000	 78.20922903770399
1284500	 78.22223472487903
1285000	 78.23602204972438
1285500	 78.2521651107862
1286000	 78.28455741761331
1286500	 78.28749718911625
1287000	 78.29526806788805
1287500	 78.31093381278795
1288000	 78.29638364779875
1288500	 78.28996407723395
1289000	 78.30606060606061
1289500	 78.3316126136236
1290000	 78.33778326228405
1290500	 78.34327688684535
1291000	 78.34843049327354
1291500	 78.35302028465763
1292000	 78.33001119820828
1292500	 78.31841074426413
1293000	 78.3079418344519
1293500	 78.31331767863134
1294000	 78.3079244439477
1294500	 78.3077094972067
1295000	 78.31791778373548
1295500	 78.30155185888133
1296000	 78.29896216940074
1296500	 78.30648220461899
1297000	 78.31355270496375
1297500	 78.29049158399286
1298000	 78.31085599643335
1298500	 78.32764961551321
1299000	 78.33010249554367
1299500	 78.30772656423959
1300000	 78.28159768580329
1300500	 78.28976640711902
1301000	 78.28719146097399
1301500	 78.29891062694531
1302000	 78.26391202932356
1302500	 78.25890973687132
1303000	 78.27128427128427
1303500	 78.28712541620422
1304000	 78.27712447304194
1304500	 78.28357546855939
1305000	 78.27078253158945
1305500	 78.23255813953489
1306000	 78.19539721177252
1306500	 78.17602830605927
1307000	 78.18227036586714
1307500	 78.16160388821385
1308000	 78.1841175171195
1308500	 78.19233741857127
1309000	 78.20631416271111
1309500	 78.23909923832653
1310000	 78.23568354849388
1310500	 78.2356055592323
1311000	 78.22723263506064
1311500	 78.249696836071
1312000	 78.26264741540835
1312500	 78.26509475539885
1313000	 78.27737387089667
1313500	 78.29827073466241
1314000	 78.29582736981173
1314500	 78.30610897083103
1315000	 78.30179337660908
1315500	 78.32064679353206
1316000	 78.33212361156934
1316500	 78.33597185576077
1317000	 78.33098901098901
1317500	 78.34157328059767
1318000	 78.29038630377524
1318500	 78.25627810066894
1319000	 78.27124218835654
1319500	 78.25254738687411
1320000	 78.25980284775466
1320500	 78.26146939669331
1321000	 78.25281821166685
1321500	 78.27073757933903
1322000	 78.29171681803261
1322500	 78.31816192560176
1323000	 78.3170384951881
1323500	 78.31077831219939
1324000	 78.296624057686
1324500	 78.2994757536042
1325000	 78.30265312807074
1325500	 78.27165612044513
1326000	 78.2628135223555
1326500	 78.24457765667574
1327000	 78.23529411764706
1327500	 78.26579520697167
1328000	 78.28613440801655
1328500	 78.29903081781553
1329000	 78.27674393296333
1329500	 78.28209312445605
1330000	 78.27577207481514
1330500	 78.3019791213571
1331000	 78.31267666884105
1331500	 78.30909683730029
1332000	 78.3119295958279
1332500	 78.29044516829534
1333000	 78.30908696124199
1333500	 78.30428648941943
1334000	 78.31922743055556
1334500	 78.31084598698482
1335000	 78.29463414634147
1335500	 78.31140255798829
1336000	 78.31119297865425
1336500	 78.30466803855735
1337000	 78.29378653388179
1337500	 78.30224001731415
1338000	 78.32449686215105
1338500	 78.31613670776552
1339000	 78.32839532871972
1339500	 78.34043243243244
1340000	 78.34215929968659
1340500	 78.33941881819163
1341000	 78.36718159230853
1341500	 78.35240768732456
1342000	 78.35822989746357
1342500	 78.38236563781567
1343000	 78.37061805630461
1343500	 78.37632089713176
1344000	 78.33624218918337
1344500	 78.35527307982333
1345000	 78.36553581044696
1345500	 78.37493270162592
1346000	 78.36917446991713
1346500	 78.38743004735257
1347000	 78.40466967936302
1347500	 78.41447934595524
1348000	 78.40806451612903
1348500	 78.40273000859845
1349000	 78.39862469109272
1349500	 78.41175206789129
1350000	 78.41194158075601
1350500	 78.4117015566291
1351000	 78.4143593045718
1351500	 78.42965983474622
1352000	 78.41527241527241
1352500	 78.42311816427193
1353000	 78.41693461950696
1353500	 78.4295970852979
1354000	 78.44000428540818
1354500	 78.43928035982009
1355000	 78.45074946466809
1355500	 78.4374531835206
1356000	 78.43859649122807
1356500	 78.4311377245509
1357000	 78.46054319931565
1357500	 78.46814197134916
1358000	 78.46505663603334
1358500	 78.46992842645017
1359000	 78.46930058729312
1359500	 78.47117847993168
1360000	 78.47582968733326
1360500	 78.47146666666667
1361000	 78.48661618854645
1361500	 78.51743628026021
1362000	 78.51401769534165
1362500	 78.47310682713814
1363000	 78.47306218057922
1363500	 78.50362010221465
1364000	 78.5073975518893
1364500	 78.49989361702127
1365000	 78.51127419697937
1365500	 78.51169466298107
1366000	 78.53088125863718
1366500	 78.52428009775794
1367000	 78.50923959218352
1367500	 78.5076433121019
1368000	 78.49167108753316
1368500	 78.49649978786593
1369000	 78.50795334040296
1369500	 78.52603117378857
1370000	 78.54240882103477
1370500	 78.56259938513729
1371000	 78.55350709896165
1371500	 78.54818894302055
1372000	 78.56846341205126
1372500	 78.57834003811136
1373000	 78.56290339646598
1373500	 78.55033840947547
1374000	 78.55745850512739
1374500	 78.57780126849894
1375000	 78.58195075557434
1375500	 78.5945060750132
1376000	 78.59319885943606
1376500	 78.5829639012033
1377000	 78.5826738419331
1377500	 78.57915831663327
1378000	 78.57142857142857
1378500	 78.53713262403876
1379000	 78.53353690639149
1379500	 78.52762867066625
1380000	 78.51535872080791
1380500	 78.54302545760572
1381000	 78.5134027120782
1381500	 78.49695314141627
1382000	 78.50236319714315
1382500	 78.50430491390172
1383000	 78.50897449354466
1383500	 78.52718303946264
1384000	 78.509754562618
1384500	 78.52401426174497
1385000	 78.5285669357375
1385500	 78.51739312657166
1386000	 78.4950785340314
1386500	 78.49560393552439
1387000	 78.49068842854153
1387500	 78.49796046438657
1388000	 78.46253527014316
1388500	 78.47403615087242
1389000	 78.4766033006058
1389500	 78.48882623224729
1390000	 78.46837820914214
1390500	 78.46072806926045
1391000	 78.47377203045156
1391500	 78.48029608006672
1392000	 78.49921817992286
1392500	 78.513705054716
1393000	 78.49640662430997
1393500	 78.49349297241021
1394000	 78.48272632674298
1394500	 78.47628458498023
1395000	 78.48799001767703
1395500	 78.50998128509046
1396000	 78.50296165436974
1396500	 78.50015581177936
1397000	 78.52233070211882
1397500	 78.51536544850498
1398000	 78.51852620653867
1398500	 78.51353874883287
1399000	 78.54113497250752
1399500	 78.53930719767683
1400000	 78.52980201098786
1400500	 78.53974505130066
1401000	 78.55196352709564
1401500	 78.57045171985081
1402000	 78.57872384503833
1402500	 78.58061509785648
1403000	 78.59291852158609
1403500	 78.60418176172239
1404000	 78.56913848381426
1404500	 78.56021916675282
1405000	 78.56242248863167
1405500	 78.56390122946586
1406000	 78.56868415616609
1406500	 78.5733608673206
1407000	 78.58139774956126
1407500	 78.57445052110205
1408000	 78.55827145214522
1408500	 78.58069506032794
1409000	 78.59785522788204
1409500	 78.61113402061855
1410000	 78.63075971549326
1410500	 78.627923750644
1411000	 78.6225151920898
1411500	 78.5902027374704
1412000	 78.59835390946502
1412500	 78.62102664334945
1413000	 78.61614395886889
1413500	 78.59979445015416
1414000	 78.60495222439124
1414500	 78.60866885784716
1415000	 78.61104836225485
1415500	 78.60946320435184
1416000	 78.63197865353038
1416500	 78.62823143208864
1417000	 78.62916623936006
1417500	 78.59688492673429
1418000	 78.59551367407559
1418500	 78.5635042472623
1419000	 78.54797463175123
1419500	 78.5285217746882
1420000	 78.54696923234182
1420500	 78.57150158438107
1421000	 78.58569238630557
1421500	 78.60852237890865
1422000	 78.61712125855553
1422500	 78.61380577963851
1423000	 78.60226576852419
1423500	 78.59518465619261
1424000	 78.58790536406282
1424500	 78.59435212559895
1425000	 78.61529051987768
1425500	 78.61391889137967
1426000	 78.62520374898125
1426500	 78.61985743380855
1427000	 78.60631043256997
1427500	 78.57384052074858
1428000	 78.57763091001524
1428500	 78.59546563643758
1429000	 78.58449344578803
1429500	 78.57805992889791
1430000	 78.57686839967506
1430500	 78.59894405523403
1431000	 78.58666531357824
1431500	 78.58942883230192
1432000	 78.57868586493612
1432500	 78.56582547886896
1433000	 78.5693009118541
1433500	 78.57247037374658
1434000	 78.56560032395221
1434500	 78.56907195627973
1435000	 78.57213678672602
1435500	 78.57372572815534
1436000	 78.56231678964924
1436500	 78.57524002021223
1437000	 78.56151515151515
1437500	 78.54517920242301
1438000	 78.5580902392248
1438500	 78.57882519176422
1439000	 78.58799192734611
1439500	 78.5621659776142
1440000	 78.55387561737729
1440500	 78.56847727501764
1441000	 78.54557357236378
1441500	 78.51771336553945
1442000	 78.51861167002012
1442500	 78.52298099165242
1443000	 78.54092920353982
1443500	 78.55218178162075
1444000	 78.56961898059717
1444500	 78.57477386934673
1445000	 78.56303365143144
1445500	 78.5626631853786
1446000	 78.54963364448459
1446500	 78.55558900260887
1447000	 78.56083859965894
1447500	 78.56528279181708
1448000	 78.5576383319968
1448500	 78.5704550010022
1449000	 78.59450791741833
1449500	 78.60781563126253
1450000	 78.61711079943899
1450500	 78.59871846215458
1451000	 78.58631041729211
1451500	 78.5598
1452000	 78.54432783608196
1452500	 78.5087386397683
1453000	 78.5099840255591
1453500	 78.51492164886716
1454000	 78.4870337123479
1454500	 78.50463747880723
1455000	 78.50289132602194
1455500	 78.49616342800199
1456000	 78.4994022713688
1456500	 78.49601672973512
1457000	 78.50886101154919
1457500	 78.48363346930654
1458000	 78.49005370996618
1458500	 78.46978131212724
1459000	 78.46989268680446
1459500	 78.48931942374566
1460000	 78.47507447864946
1460500	 78.46630272952854
1461000	 78.45416666666667
1461500	 78.45393236140038
1462000	 78.42517343904856
1462500	 78.41178801386825
1463000	 78.41859774212715
1463500	 78.4220946347258
1464000	 78.41076375148397
1464500	 78.4159825932153
1465000	 78.42248368597983
1465500	 78.43347172795572
1466000	 78.41754767315483
1466500	 78.41283950617284
1467000	 78.42401500938087
1467500	 78.43676572218384
1468000	 78.42303137951451
1468500	 78.42369537338463
1469000	 78.42421851888373
1469500	 78.39613716988569
1470000	 78.38254703043435
1470500	 78.41741357234315
1471000	 78.40141746234866
1471500	 78.41511662237968
1472000	 78.42713765620388
1472500	 78.42421559948855
1473000	 78.42011601612427
1473500	 78.41037735849056
1474000	 78.38426789747619
1474500	 78.34311224489795
1475000	 78.32163169248872
1475500	 78.34987252402432
1476000	 78.34068411251593
1476500	 78.35492405683489
1477000	 78.34505386875612
1477500	 78.36127705415728
1478000	 78.38072855464159
1478500	 78.38697993147332
1479000	 78.37514677103718
1479500	 78.37963415827056
1480000	 78.35721966956692
1480500	 78.37233626588466
1481000	 78.3526768268855
1481500	 78.35648012501221
1482000	 78.36314813006543
1482500	 78.37908815776628
1483000	 78.38955588091753
1483500	 78.40040987606129
1484000	 78.38135179947332
1484500	 78.37482940144278
1485000	 78.37871552480266
1485500	 78.38799571275456
1486000	 78.39606467952464
1486500	 78.40650564861706
1487000	 78.41018401324116
1487500	 78.39441416893733
1488000	 78.41996691641529
1488500	 78.44293081638611
1489000	 78.46166569371474
1489500	 78.46328178192783
1490000	 78.46460521197977
1490500	 78.48303354399611
1491000	 78.49742393311948
1491500	 78.43940570984657
1492000	 78.44219007863315
1492500	 78.44167313664596
1493000	 78.42192046556741
1493500	 78.42325220595364
1494000	 78.432283082889
1494500	 78.42804535323191
1495000	 78.44263565891472
1495500	 78.45243169928308
1496000	 78.44983536703467
1496500	 78.45590086165166
1497000	 78.42840557275542
1497500	 78.40649777605879
1498000	 78.39793156775565
1498500	 78.41702909055765
1499000	 78.41116800309149
1499500	 78.36611969111969
1500000	 78.37425207488901
1500500	 78.37073123673548
1501000	 78.36062096229871
1501500	 78.37028824833703
1502000	 78.40104116456185
1502500	 78.41002409638554
1503000	 78.42218367543606
1503500	 78.41994219653179
1504000	 78.44147962624025
1504500	 78.44424114021572
1505000	 78.44108586830959
1505500	 78.4476951207776
1506000	 78.43863024240092
1506500	 78.42803576579175
1507000	 78.4113577399827
1507500	 78.4313989239047
1508000	 78.44989912575656
1508500	 78.46614158102007
1509000	 78.45602918586789
1509500	 78.45187601957586
1510000	 78.44130059466718
1510500	 78.44855690862019
1511000	 78.45005751533742
1511500	 78.44710617094673
1512000	 78.43961306388277
1512500	 78.4290637564618
1513000	 78.44673111898153
1513500	 78.45186602870814
1514000	 78.44275466284074
1514500	 78.43885648723587
1515000	 78.44102466067673
1515500	 78.43454997133576
1516000	 78.41906217171235
1516500	 78.43120404850568
1517000	 78.44729807141493
1517500	 78.45318316311922
1518000	 78.45486641221375
1518500	 78.48015267175573
1519000	 78.49208166380461
1519500	 78.51035009062291
1520000	 78.49451806654591
1520500	 78.49147050414562
1521000	 78.50071462601238
1521500	 78.51724466463415
1522000	 78.51285714285714
1522500	 78.50913937547601
1523000	 78.49153187440533
1523500	 78.49205745267764
1524000	 78.50042796005707
1524500	 78.49529422948949
1525000	 78.52210286148873
1525500	 78.52727618323513
1526000	 78.53121140142518
1526500	 78.52721056130687
1527000	 78.51680273400417
1527500	 78.46657183499289
1528000	 78.46582614465827
1528500	 78.48549763033175
1529000	 78.46703296703296
1529500	 78.47210910124065
1530000	 78.47174098267537
1530500	 78.46929118955238
1531000	 78.47379375591296
1531500	 78.45688350983359
1532000	 78.47338564810438
1532500	 78.46961534826576
1533000	 78.4669815777043
1533500	 78.46227216923222
1534000	 78.44502123643228
1534500	 78.42411093293086
1535000	 78.43412241818353
1535500	 78.39704080671002
1536000	 78.4030905493263
1536500	 78.41573245407443
1537000	 78.42366016765564
1537500	 78.40849180945209
1538000	 78.4123294117647
1538500	 78.41155438464433
1539000	 78.42534575218741
1539500	 78.41376716193342
1540000	 78.40257543002161
1540500	 78.42377819548872
1541000	 78.42760499859062
1541500	 78.42992673304528
1542000	 78.43309230913701
1542500	 78.44221199887335
1543000	 78.42357136154641
1543500	 78.43146636645089
1544000	 78.42277032730001
1544500	 78.41848692228368
1545000	 78.42005623242737
1545500	 78.43791584668729
1546000	 78.4477653893001
1546500	 78.46070257611241
1547000	 78.44471491433386
1547500	 78.42990829122216
1548000	 78.44483952465612
1548500	 78.45757320609972
1549000	 78.43483545250561
1549500	 78.42706289131857
1550000	 78.41356122163072
1550500	 78.4241292370903
1551000	 78.41986371697936
1551500	 78.42842478536767
1552000	 78.43520850825637
1552500	 78.44212293629326
1553000	 78.45868308151465
1553500	 78.44909565541674
1554000	 78.4350013978194
1554500	 78.45932345540956
1555000	 78.46431898639835
1555500	 78.46772841575859
1556000	 78.4671322160149
1556500	 78.45988458674609
1557000	 78.44046511627907
1557500	 78.44322514647075
1558000	 78.45299860529985
1558500	 78.46360509435716
1559000	 78.44485738177089
1559500	 78.43819076808768
1560000	 78.43589267477486
1560500	 78.43146171693735
1561000	 78.45053823311062
1561500	 78.43966236898247
1562000	 78.42879658816985
1562500	 78.41747752756928
1563000	 78.44462978407932
1563500	 78.44992124525155
1564000	 78.43281785350496
1564500	 78.41369736233226
1565000	 78.41672834937084
1565500	 78.40257097937668
1566000	 78.40906148867315
1566500	 78.41772970974301
1567000	 78.43442092614845
1567500	 78.42073170731707
1568000	 78.41438862209088
1568500	 78.4302336319143
1569000	 78.4261977291609
1569500	 78.3989852398524
1570000	 78.4149986163638
1570500	 78.41438450899032
1571000	 78.40691244239632
1571500	 78.41195982677601
1572000	 78.42887414777962
1572500	 78.4257690182354
1573000	 78.40721649484536
1573500	 78.41938155715074
1574000	 78.40296173657102
1574500	 78.41199190730183
1575000	 78.42469657962486
1575500	 78.44451595108946
1576000	 78.46405589262731
1576500	 78.46732837055417
1577000	 78.4571927246004
1577500	 78.4594544953623
1578000	 78.47204113488202
1578500	 78.47374701670644
1579000	 78.46123497568584
1579500	 78.45712189305695
1580000	 78.42850595783685
1580500	 78.44991293190358
1581000	 78.45391240608393
1581500	 78.43562271062271
1582000	 78.40391654465593
1582500	 78.41363220494053
1583000	 78.4339035769829
1583500	 78.42538405267008
1584000	 78.44527749839993
1584500	 78.44533820840951
1585000	 78.46458276208756
1585500	 78.46185472818638
1586000	 78.4482191780822
1586500	 78.4529352688761
1587000	 78.43020072992701
1587500	 78.42977015687705
1588000	 78.42988694383662
1588500	 78.42435289828654
1589000	 78.42423690205011
1589500	 78.38942001274697
1590000	 78.41300191204589
1590500	 78.43749430938723
1591000	 78.42327994175464
1591500	 78.41799326844355
1592000	 78.40943807965084
1592500	 78.40738047627704
1593000	 78.39434956395348
1593500	 78.39832894378348
1594000	 78.37801778907243
1594500	 78.36695999274245
1595000	 78.36985307455106
1595500	 78.37074984132741
1596000	 78.35478024467604
1596500	 78.36667572709976
1597000	 78.34154291923217
1597500	 78.34552367158504
1598000	 78.35967055842157
1598500	 78.37891402714932
1599000	 78.36843057440072
1599500	 78.3629622931549
1600000	 78.34152733845458
1600500	 78.3450487893025
1601000	 78.35736224028906
1601500	 78.35705255553549
1602000	 78.34160649819495
1602500	 78.34557430298656
1603000	 78.35215587227134
1603500	 78.36093073593074
1604000	 78.3594482509917
1604500	 78.3594411897251
1605000	 78.37208254483194
1605500	 78.3763963963964
1606000	 78.35674410228705
1606500	 78.37907437421214
1607000	 78.37371737173717
1607500	 78.36980385099874
1608000	 78.38062252608852
1608500	 78.39615004047855
1609000	 78.42187640550509
1609500	 78.42073554536462
1610000	 78.39854421279655
1610500	 78.38099514999102
1611000	 78.37771592745555
1611500	 78.37704182373002
1612000	 78.37672707697828
1612500	 78.37417040358744
1613000	 78.37783555993903
1613500	 78.38786303334528
1614000	 78.38467741935484
1614500	 78.38985935680373
1615000	 78.39593408561706
1615500	 78.37017810793878
1616000	 78.36855762347888
1616500	 78.37654320987654
1617000	 78.37059560007154
1617500	 78.38683716355182
1618000	 78.39722843093429
1618500	 78.3907409062472
1619000	 78.40723860589813
1619500	 78.37929802625703
1620000	 78.39382032505804
1620500	 78.39308990268727
1621000	 78.40912337082663
1621500	 78.42917075783272
1622000	 78.41978943611706
1622500	 78.42315582909643
1623000	 78.44015340706386
1623500	 78.44369148461881
1624000	 78.43511586452763
1624500	 78.41546410119366
1625000	 78.4066423292672
1625500	 78.43290891283056
1626000	 78.44146710584884
1626500	 78.44677821288715
1627000	 78.42599181640277
1627500	 78.44489904829672
1628000	 78.47220492751045
1628500	 78.47483549706563
1629000	 78.47737576673482
1629500	 78.49342222222222
1630000	 78.4931129476584
1630500	 78.4781488719133
1631000	 78.48765541740676
1631500	 78.48983396963509
1632000	 78.4877074642762
1632500	 78.49897950128671
1633000	 78.50554520450714
1633500	 78.52031582682754
1634000	 78.51933309684286
1634500	 78.51214539007093
1635000	 78.52153873426697
1635500	 78.53478684746965
1636000	 78.54266725742136
1636500	 78.54783841247342
1637000	 78.52377158034528
1637500	 78.5032737568572
1638000	 78.52154295319826
1638500	 78.49549071618037
1639000	 78.49363620293441
1639500	 78.48975083937091
1640000	 78.47584562395124
1640500	 78.4719696300874
1641000	 78.47590467784643
1641500	 78.48535121779032
1642000	 78.4962061055232
1642500	 78.50485179957657
1643000	 78.50727577387777
1643500	 78.49471086036671
1644000	 78.49889838723892
1644500	 78.52480831937957
1645000	 78.51418252290345
1645500	 78.48903952812748
1646000	 78.47760274575376
1646500	 78.47562906915361
1647000	 78.46534740545295
1647500	 78.46821419150619
1648000	 78.46541267469456
1648500	 78.44803654572608
1649000	 78.45884936319719
1649500	 78.46983402125231
1650000	 78.46405056623651
1650500	 78.46143045195261
1651000	 78.45986490042986
1651500	 78.43485884622129
1652000	 78.43067484662576
1652500	 78.43371593796547
1653000	 78.45006132819344
1653500	 78.44412331406551
1654000	 78.43880231132901
1654500	 78.44052516411378
1655000	 78.46000350078768
1655500	 78.4611952051798
1656000	 78.44215128989943
1656500	 78.43640178337267
1657000	 78.44004544660025
1657500	 78.42557651991615
1658000	 78.42537769627107
1658500	 78.4286712065654
1659000	 78.42995548572925
1659500	 78.4259663205654
1660000	 78.43274598743893
1660500	 78.43015347052668
1661000	 78.43178450004359
1661500	 78.43446051943525
1662000	 78.4476688453159
1662500	 78.42309702142484
1663000	 78.43786466951146
1663500	 78.43679261709907
1664000	 78.40864799025579
1664500	 78.40050443555401
1665000	 78.3914630965835
1665500	 78.39292543021033
1666000	 78.38267743897141
1666500	 78.38283828382838
1667000	 78.36623263888889
1667500	 78.37840652664468
1668000	 78.38151843817788
1668500	 78.38181975886894
1669000	 78.35740291262135
1669500	 78.3560100528642
1670000	 78.349302607641
1670500	 78.34031866989955
1671000	 78.33708448753463
1671500	 78.33950670705322
1672000	 78.34922557757203
1672500	 78.35643221731983
1673000	 78.35772357723577
1673500	 78.36143536532641
1674000	 78.36514522821577
1674500	 78.33621285418107
1675000	 78.3232881443744
1675500	 78.32683011049724
1676000	 78.33261413653231
1676500	 78.31907185370483
1677000	 78.33448335345868
1677500	 78.32502801965687
1678000	 78.34796103112338
1678500	 78.32689987937273
1679000	 78.30024108834165
1679500	 78.31442100731812
1680000	 78.32684858397177
1680500	 78.33617350890782
1681000	 78.35714285714286
1681500	 78.35349277357192
1682000	 78.36289351453638
1682500	 78.35448370733386
1683000	 78.36852058798246
1683500	 78.38456248925563
1684000	 78.39309040907528
1684500	 78.3996906950769
1685000	 78.39551661942798
1685500	 78.4007384509703
1686000	 78.39948497854077
1686500	 78.41344090635997
1687000	 78.40039464653397
1687500	 78.3695987654321
1688000	 78.37233221907945
1688500	 78.36283413296779
1689000	 78.37745224021246
1689500	 78.36778557972255
1690000	 78.38436509975169
1690500	 78.39162814586544
1691000	 78.41619585687383
1691500	 78.40997775115522
1692000	 78.39919596270636
1692500	 78.40853502095271
1693000	 78.40954172366621
1693500	 78.4145653474656
1694000	 78.39427595044853
1694500	 78.41862451943614
1695000	 78.42150666211138
1695500	 78.43573319668631
1696000	 78.44023224043715
1696500	 78.43125373389093
1697000	 78.42786451667946
1697500	 78.42226012793176
1698000	 78.42709754433834
1698500	 78.43520886615516
1699000	 78.4223263740946
1699500	 78.3948735416844
1700000	 78.39218523878436
1700500	 78.39353191489361
1701000	 78.41111394774913
1701500	 78.39962572303504
1702000	 78.41507187207621
1702500	 78.42852283357428
1703000	 78.41856511390684
1703500	 78.42168777088467
1704000	 78.43393661313621
1704500	 78.4449069747685
1705000	 78.42324673119376
1705500	 78.42695866225279
1706000	 78.3882951653944
1706500	 78.40386735645832
1707000	 78.3807424987286
1707500	 78.37109209523003
1708000	 78.35080440304826
1708500	 78.350799966139
1709000	 78.35911976301311
1709500	 78.35908283272697
1710000	 78.36883512393199
1710500	 78.35418956624672
1711000	 78.34584178498986
1711500	 78.33108051026443
1712000	 78.34431491806048
1712500	 78.3454944683726
1713000	 78.34540695710909
1713500	 78.33910034602076
1714000	 78.3526582278481
1714500	 78.34536865193184
1715000	 78.354504048583
1715500	 78.35210792580101
1716000	 78.34313890761969
1716500	 78.35192988370133
1717000	 78.32931862208372
1717500	 78.32415593163256
1718000	 78.34366054891396
1718500	 78.33958929473152
1719000	 78.3204071332436
1719500	 78.32276511647464
1720000	 78.30957384214508
1720500	 78.2992774323643
1721000	 78.2869740488788
1721500	 78.30592878736984
1722000	 78.3168765743073
1722500	 78.30219872440416
1723000	 78.26842767295598
1723500	 78.26506832089865
1724000	 78.27019778746228
1724500	 78.28400234643426
1725000	 78.27492042218127
1725500	 78.27064143359571
1726000	 78.27528466175485
1726500	 78.28360957642725
1727000	 78.28839233408654
1727500	 78.29007697456493
1728000	 78.2736243518983
1728500	 78.26985453937469
1729000	 78.26667223800769
1729500	 78.28319545416562
1730000	 78.2596458994488
1730500	 78.25077218465648
1731000	 78.24651589752149
1731500	 78.22335279399499
1732000	 78.23959636393963
1732500	 78.234264276782
1733000	 78.24356089022255
1733500	 78.26614987080103
1734000	 78.26447796016998
1734500	 78.26899366877707
1735000	 78.2784441112777
1735500	 78.29307903722828
1736000	 78.2947543713572
1736500	 78.30655232703356
1737000	 78.32034632034632
1737500	 78.31291611185087
1738000	 78.31624927198602
1738500	 78.30563872255489
1739000	 78.30562021948786
1739500	 78.29042712315108
1740000	 78.25992360073077
1740500	 78.26992693457323
1741000	 78.26657813926467
1741500	 78.26958181214736
1742000	 78.2358842550369
1742500	 78.24347177319075
1743000	 78.25072523829259
1743500	 78.27409863240779
1744000	 78.29316203895566
1744500	 78.28119304059652
1745000	 78.26258694932096
1745500	 78.24008938177604
1746000	 78.24110541121959
1746500	 78.25256452680344
1747000	 78.26178660049628
1747500	 78.26329281402464
1748000	 78.245805438466
1748500	 78.26173553719008
1749000	 78.24948368442793
1749500	 78.25156921043938
1750000	 78.26434883144768
1750500	 78.27330525968128
1751000	 78.28168083876827
1751500	 78.2667711857414
1752000	 78.28696369636964
1752500	 78.28480699439129
1753000	 78.29325416460497
1753500	 78.29612530915087
1754000	 78.2798286090969
1754500	 78.27471169686986
1755000	 78.2576156759427
1755500	 78.25744855967078
1756000	 78.25960668147782
1756500	 78.26488976637052
1757000	 78.27652574436586
1757500	 78.2773620590412
1758000	 78.2992352602582
1758500	 78.29280723386765
1759000	 78.27590173362911
1759500	 78.28497494454942
1760000	 78.26816651613433
1760500	 78.27064521425054
1761000	 78.28884511204137
1761500	 78.2774040039383
1762000	 78.28408531583266
1762500	 78.28368736160091
1763000	 78.30063965884861
1763500	 78.31685116851169
1764000	 78.31592753504385
1764500	 78.31303777759567
1765000	 78.30720078643401
1765500	 78.30259601998198
1766000	 78.28097888361434
1766500	 78.28614679649783
1767000	 78.27866841158188
1767500	 78.27677841373671
1768000	 78.30065412919052
1768500	 78.29031467102574
1769000	 78.3007273024434
1769500	 78.29439634046724
1770000	 78.30374060764456
1770500	 78.31381675649192
1771000	 78.31920973140664
1771500	 78.32500816193274
1772000	 78.3263973888209
1772500	 78.34603459530027
1773000	 78.3293916163758
1773500	 78.31276491685686
1774000	 78.3336322138898
1774500	 78.31595241974907
1775000	 78.31283596676984
1775500	 78.29591338326279
1776000	 78.27925142392189
1776500	 78.29124633908233
1777000	 78.27059110496788
1777500	 78.27223215737278
1778000	 78.25790200698789
1778500	 78.25497522540817
1779000	 78.27168615984405
1779500	 78.27535525781568
1780000	 78.28529674433709
1780500	 78.27471189741925
1781000	 78.25395409197826
1781500	 78.23802188893393
1782000	 78.24975680933852
1782500	 78.25115487478726
1783000	 78.26628849270665
1783500	 78.24939251579458
1784000	 78.24793522267207
1784500	 78.25532259370193
1785000	 78.25963094852703
1785500	 78.25881877022654
1786000	 78.25590423811065
1786500	 78.25460866752911
1787000	 78.27067669172932
1787500	 78.26458703733636
1788000	 78.24376060092077
1788500	 78.21817741544919
1789000	 78.22879509321281
1789500	 78.21505202871663
1790000	 78.21183775501976
1790500	 78.22186391486618
1791000	 78.24079000403063
1791500	 78.250805931657
1792000	 78.25783579083071
1792500	 78.26794489647949
1793000	 78.24192899122454
1793500	 78.25865400096603
1794000	 78.26140845070422
1794500	 78.2690110243824
1795000	 78.26450004022203
1795500	 78.27595914099574
1796000	 78.2694967036501
1796500	 78.26466805979746
1797000	 78.26797910807554
1797500	 78.24630581432702
1798000	 78.27015740443302
1798500	 78.2543746989886
1799000	 78.27040693474596
1799500	 78.27983307920712
1800000	 78.28668859825082
1800500	 78.30551989730424
1801000	 78.30600786075239
1801500	 78.30117873466442
1802000	 78.29232125681308
1802500	 78.29689878996714
1803000	 78.30742728948
1803500	 78.30847484780519
1804000	 78.31104348522463
1804500	 78.31393114491593
1805000	 78.32959731006325
1805500	 78.30948951832293
1806000	 78.30635098384259
1806500	 78.31984323762298
1807000	 78.33669225847729
1807500	 78.34479449864065
1808000	 78.35193476175247
1808500	 78.35560706578211
1809000	 78.34763502716523
1809500	 78.33077783101741
1810000	 78.32660067060515
1810500	 78.3359674329502
1811000	 78.33844066714548
1811500	 78.32296402648161
1812000	 78.3302496211819
1812500	 78.33928713818675
1813000	 78.35600382714081
1813500	 78.36229573535273
1814000	 78.3707954726606
1814500	 78.37918393369462
1815000	 78.38092582264362
1815500	 78.36402006848769
1816000	 78.37375587228283
1816500	 78.38444391370113
1817000	 78.39266098861737
1817500	 78.3765613811759
1818000	 78.37893732103086
1818500	 78.34472617438995
1819000	 78.3479020979021
1819500	 78.34972590768253
1820000	 78.34683504090223
1820500	 78.36507306226176
1821000	 78.3620196887901
1821500	 78.35698412698413
1822000	 78.36375178543088
1822500	 78.35855941615104
1823000	 78.34078655248969
1823500	 78.35447554110839
1824000	 78.35996829171621
1824500	 78.3623395149786
1825000	 78.36383804769828
1825500	 78.35421782178217
1826000	 78.36709963567242
1826500	 78.37591067469116
1827000	 78.37724645712929
1827500	 78.39032692155466
1828000	 78.40660123476334
1828500	 78.41635011079455
1829000	 78.40365448504983
1829500	 78.42228901368347
1830000	 78.41295066413662
1830500	 78.3905175819834
1831000	 78.39524411439406
1831500	 78.36886151902732
1832000	 78.3663772691397
1832500	 78.36373678396718
1833000	 78.36759485682732
1833500	 78.37510844703841
1834000	 78.37057478514546
1834500	 78.38379060233365
1835000	 78.3761525730948
1835500	 78.36092949980308
1836000	 78.37531505986138
1836500	 78.38194991337218
1837000	 78.37997008109598
1837500	 78.38184823677582
1838000	 78.38671598331628
1838500	 78.40042489574317
1839000	 78.41408339889851
1839500	 78.4138744690892
1840000	 78.41503499252968
1840500	 78.39998428043701
1841000	 78.41068762278978
1841500	 78.41742614707731
1842000	 78.40720961281708
1842500	 78.42586775561489
1843000	 78.39150906379973
1843500	 78.36781428907537
1844000	 78.35834117278144
1844500	 78.36468375264519
1845000	 78.36498981350886
1845500	 78.36221212595959
1846000	 78.37816245006658
1846500	 78.37206388975885
1847000	 78.37377690802349
1847500	 78.33703558858036
1848000	 78.35241670577194
1848500	 78.34141193026346
1849000	 78.33291653641763
1849500	 78.35370428258831
1850000	 78.36500742361491
1850500	 78.34804342732173
1851000	 78.3369768894441
1851500	 78.33955194754508
1852000	 78.31947261663286
1852500	 78.3352835634605
1853000	 78.34139302706497
1853500	 78.35431289970363
1854000	 78.35578947368421
1854500	 78.35859058309947
1855000	 78.3604551476892
1855500	 78.3752337905237
1856000	 78.36709255219695
1856500	 78.36370716510903
1857000	 78.37346207755802
1857500	 78.37547683923705
1858000	 78.364046692607
1858500	 78.37794724145981
1859000	 78.37731445464446
1859500	 78.36558052725718
1860000	 78.37446543814633
1860500	 78.36984065293431
1861000	 78.34835301429459
1861500	 78.36145420647868
1862000	 78.33835403726708
1862500	 78.34277730342312
1863000	 78.35648866811549
1863500	 78.36225360856744
1864000	 78.36441927224766
1864500	 78.37750193948797
1865000	 78.39329764952292
1865500	 78.40816009928638
1866000	 78.39168863389673
1866500	 78.40038759689922
1867000	 78.40075951329148
1867500	 78.37947327652982
1868000	 78.39493455193247
1868500	 78.39786278457488
1869000	 78.4081759058532
1869500	 78.4046439628483
1870000	 78.40942505610153
1870500	 78.40060334158416
1871000	 78.41314771848414
1871500	 78.41131900417504
1872000	 78.41702094766947
1872500	 78.420942812983
1873000	 78.42517190759484
1873500	 78.43538045577444
1874000	 78.42875897752722
1874500	 78.44285714285714
1875000	 78.43280586646082
1875500	 78.43610125019293
1876000	 78.4286816323382
1876500	 78.4198797038865
1877000	 78.42224963379847
1877500	 78.43902251002159
1878000	 78.4482811777401
1878500	 78.45414611590628
1879000	 78.43752888615005
1879500	 78.43608501463115
1880000	 78.43387220939184
1880500	 78.44884920329459
1881000	 78.44809542131588
1881500	 78.43412045227291
1882000	 78.41243849938499
1882500	 78.41249711782338
1883000	 78.39602058846124
1883500	 78.4095867260716
1884000	 78.40301029027799
1884500	 78.38038222426894
1885000	 78.37781017417325
1885500	 78.37362890235484
1886000	 78.38331160365058
1886500	 78.36535070908394
1887000	 78.36156027281784
1887500	 78.3690904911501
1888000	 78.38377260190009
1888500	 78.38728456530065
1889000	 78.39488397028414
1889500	 78.38031080150041
1890000	 78.39150401836969
1890500	 78.39623507805327
1891000	 78.40489671002295
1891500	 78.38803915570512
1892000	 78.37718828835716
1892500	 78.39023085155175
1893000	 78.39766126566799
1893500	 78.39772293115306
1894000	 78.40015278838808
1894500	 78.40617123653861
1895000	 78.37890237386459
1895500	 78.38571319545143
1896000	 78.39290347195727
1896500	 78.39647543484895
1897000	 78.37776422144273
1897500	 78.37848757432535
1898000	 78.37669562566681
1898500	 78.3831619047619
1899000	 78.3877209018891
1899500	 78.40775441803778
1900000	 78.3973958729917
1900500	 78.38229697846107
1901000	 78.38058281975196
1901500	 78.37301285464365
1902000	 78.37300380228137
1902500	 78.39254752851711
1903000	 78.38748669606204
1903500	 78.39898145332928
1904000	 78.39024390243902
1904500	 78.38113322193529
1905000	 78.38651378236769
1905500	 78.38741269359247
1906000	 78.39509640200394
1906500	 78.3917893458795
1907000	 78.39825493171472
1907500	 78.40615991503566
1908000	 78.38952077646346
1908500	 78.39003866272458
1909000	 78.3997877501516
1909500	 78.41211248389297
1910000	 78.42228116710875
1910500	 78.41151515151515
1911000	 78.40113593335857
1911500	 78.39394398183194
1912000	 78.39544388102627
1912500	 78.37609682299546
1913000	 78.36975425330813
1913500	 78.36386999244142
1914000	 78.37431983071342
1914500	 78.39152119700748
1915000	 78.39490782713811
1915500	 78.3800785379852
1916000	 78.38764723648444
1916500	 78.40203850509626
1917000	 78.39283018867924
1917500	 78.39598581453257
1918000	 78.37876159589713
1918500	 78.37849656940361
1919000	 78.35659382064807
1919500	 78.35005649717515
1920000	 78.34960084350053
1920500	 78.35828313253012
1921000	 78.35812692915756
1921500	 78.36499811817839
1922000	 78.35091415243397
1922500	 78.36214549010758
1923000	 78.36946220383602
1923500	 78.37261242292074
1924000	 78.37242519921816
1924500	 78.38018641010223
1925000	 78.37894499549144
1925500	 78.3854996243426
1926000	 78.38901825283557
1926500	 78.38672373657731
1927000	 78.38322948727573
1927500	 78.38629540678475
1928000	 78.38838448262925
1928500	 78.39567859554356
1929000	 78.40304553296826
1929500	 78.40681017025426
1930000	 78.41559805024372
1930500	 78.41782875993403
1931000	 78.39992506556763
1931500	 78.41248314101604
1932000	 78.42593841312654
1932500	 78.42749063670412
1933000	 78.44221406636207
1933500	 78.42162000299446
1934000	 78.38951226810293
1934500	 78.38151499289613
1935000	 78.39102803738318
1935500	 78.39303333831664
1936000	 78.39757865630371
1936500	 78.39484497571908
1937000	 78.38077813456799
1937500	 78.37678238148563
1938000	 78.36902985074627
1938500	 78.3408904467149
1939000	 78.34297643900985
1939500	 78.35179663038616
1940000	 78.34677299150395
1940500	 78.32983240223464
1941000	 78.29618877475063
1941500	 78.29783433802189
1942000	 78.28453470207543
1942500	 78.27550565139798
1943000	 78.25522110739502
1943500	 78.24218111581607
1944000	 78.24561794414736
1944500	 78.24808791861588
1945000	 78.23804928741093
1945500	 78.23948051948052
1946000	 78.23748052526152
1946500	 78.22938297241174
1947000	 78.22627520759194
1947500	 78.23328391401037
1948000	 78.23567775883791
1948500	 78.24110847658565
1949000	 78.23161247315014
1949500	 78.2340047393365
1950000	 78.23846894203005
1950500	 78.2326252682999
1951000	 78.241693184341
1951500	 78.2391802914848
1952000	 78.23578137711708
1952500	 78.21933909957862
1953000	 78.23270254287404
1953500	 78.21856066203635
1954000	 78.20450516986706
1954500	 78.19957176609569
1955000	 78.20106288751107
1955500	 78.19316756437689
1956000	 78.18439297831539
1956500	 78.18183158826132
1957000	 78.17336183386158
1957500	 78.1580226904376
1958000	 78.16122854828018
1958500	 78.15410101605066
1959000	 78.1367282360733
1959500	 78.15261221486386
1960000	 78.15094894806532
1960500	 78.16298911444542
1961000	 78.18121644480401
1961500	 78.18338235294118
1962000	 78.17021902102015
1962500	 78.16781778104335
1963000	 78.17160067582458
1963500	 78.17980168931325
1964000	 78.18550341484908
1964500	 78.18920704845814
1965000	 78.19600646013801
1965500	 78.19198590929106
1966000	 78.18368544600939
1966500	 78.1866519985332
1967000	 78.2089475614228
1967500	 78.21418096495087
1968000	 78.21743273953523
1968500	 78.20592114905467
1969000	 78.18376913498865
1969500	 78.1550285463329
1970000	 78.15059271183961
1970500	 78.1556075791938
1971000	 78.15732884727912
1971500	 78.15530856975724
1972000	 78.1516812865497
1972500	 78.16351143922228
1973000	 78.15709484144381
1973500	 78.15427319211103
1974000	 78.15174528990799
1974500	 78.1589515186916
1975000	 78.1706943126232
1975500	 78.16187417895198
1976000	 78.15664672406245
1976500	 78.16479428071199
1977000	 78.13173434424436
1977500	 78.13492237043516
1978000	 78.13416411601807
1978500	 78.13858933255611
1979000	 78.152058287796
1979500	 78.14706096583873
1980000	 78.15592455028766
1980500	 78.15814766273482
1981000	 78.15715533556559
1981500	 78.15492650269248
1982000	 78.15816660603856
1982500	 78.15724779984
1983000	 78.16785454545455
1983500	 78.17510180337405
1984000	 78.18198342300421
1984500	 78.17435860164257
1985000	 78.17715448335997
1985500	 78.18642836384772
1986000	 78.17254901960784
1986500	 78.16937708726586
1987000	 78.16925533459138
1987500	 78.17525399129173
1988000	 78.19412191582003
1988500	 78.18978525827046
1989000	 78.20944573418456
1989500	 78.22328618063112
1990000	 78.2321752375426
1990500	 78.22971503154231
1991000	 78.23787428405713
1991500	 78.2415917657292
1992000	 78.23717391304348
1992500	 78.24634110998406
1993000	 78.22856315179607
1993500	 78.2193585752552
1994000	 78.21385149804603
1994500	 78.21125741571407
1995000	 78.21613019891501
1995500	 78.22484993129385
1996000	 78.22581344902386
1996500	 78.23931747523679
1997000	 78.2518074031232
1997500	 78.2453743856606
1998000	 78.23901734104047
1998500	 78.24344434009969
1999000	 78.23743500866551
1999500	 78.21725009022013
2000000	 78.19658058000289
2000500	 78.2057847663012
2001000	 78.1902667627974
2001500	 78.19087436026814
2002000	 78.20412281966267
2002500	 78.1900576368876
2003000	 78.19716179224895
2003500	 78.20822529530395
2004000	 78.18291102792975
2004500	 78.17081594474026
2005000	 78.16169172121126
2005500	 78.15920040267491
2006000	 78.14468482714008
2006500	 78.15386273805247
2007000	 78.16454695695911
2007500	 78.16659482758621
2008000	 78.17281999712685
2008500	 78.18098247629992
2009000	 78.1889989946862
2009500	 78.18255563531946
2010000	 78.17733601263097
2010500	 78.15277578539664
2011000	 78.16100114744692
2011500	 78.14918632160011
2012000	 78.15756272401434
2012500	 78.15443600401319
2013000	 78.15590742996346
2013500	 78.13692351761672
2014000	 78.14778748388945
2014500	 78.13706964426312
2015000	 78.14427825091248
2015500	 78.15370304114491
2016000	 78.16169421191958
2016500	 78.16100422001287
2017000	 78.1658323798627
2017500	 78.15826720995068
2018000	 78.16424844542921
2018500	 78.15081803243552
2019000	 78.12094816507211
2019500	 78.12921187892633
2020000	 78.12475021410219
2020500	 78.1276489475562
2021000	 78.12511591411656
2021500	 78.13009057841809
2022000	 78.12113218308855
2022500	 78.11546685673557
2023000	 78.11301125837252
2023500	 78.11077076506625
2024000	 78.11167295776654
2024500	 78.11692658263904
2025000	 78.11953581090702
2025500	 78.11073944914952
2026000	 78.1133485128789
2026500	 78.11552962936615
2027000	 78.11849217638691
2027500	 78.11824516496019
2028000	 78.11444412851863
2028500	 78.10381581752291
2029000	 78.11168738898756
2029500	 78.1139366387271
2030000	 78.11390427496094
2030500	 78.10619720309505
2031000	 78.11200227127546
2031500	 78.11751348282714
2032000	 78.12337708407236
2032500	 78.11567375886524
2033000	 78.12125079770261
2033500	 78.10645687150046
2034000	 78.09685418733173
2034500	 78.09491429380932
2035000	 78.10878957433246
2035500	 78.10521843800892
2036000	 78.12419457622318
2036500	 78.13522123893806
2037000	 78.14525376937779
2037500	 78.14429268983086
2038000	 78.14559603820304
2038500	 78.15590294970644
2039000	 78.15898161244696
2039500	 78.16680808937916
2040000	 78.16343842782412
2040500	 78.1562433750265
2041000	 78.15981348028826
2041500	 78.1625344352617
2042000	 78.16574858757062
2042500	 78.15036001694197
2043000	 78.15647939017504
2043500	 78.16627849530666
2044000	 78.17190035988992
2044500	 78.18189515275525
2045000	 78.19847597544627
2045500	 78.20238431151242
2046000	 78.19971791255288
2046500	 78.2143713419364
2047000	 78.22514454942885
2047500	 78.24256099280778
2048000	 78.22270773134117
2048500	 78.22986399830879
2049000	 78.24062852311161
2049500	 78.25456210808144
2050000	 78.25704423781347
2050500	 78.25741249383759
2051000	 78.25771018166455
2051500	 78.25920450545583
2052000	 78.25964245495496
2052500	 78.24101301442138
2053000	 78.24157817005415
2053500	 78.25661040787622
2054000	 78.25964986289813
2054500	 78.26847100175748
2055000	 78.27719988754569
2055500	 78.28114679221419
2056000	 78.28375720106787
2056500	 78.28664746786542
2057000	 78.27171242013621
2057500	 78.27453320230241
2058000	 78.28897311714746
2058500	 78.28503262928918
2059000	 78.28721762312334
2059500	 78.29306958473624
2060000	 78.294340416579
2060500	 78.29229474865035
2061000	 78.28814747318988
2061500	 78.29392389095241
2062000	 78.29323150224215
2062500	 78.27284823867218
2063000	 78.27027027027027
2063500	 78.27800336040325
2064000	 78.27202743369025
2064500	 78.2830452732489
2065000	 78.27932843651627
2065500	 78.28887179128489
2066000	 78.27996084463712
2066500	 78.28544463087249
2067000	 78.29036767789738
2067500	 78.2778282440081
2068000	 78.29585633428832
2068500	 78.30435997764114
2069000	 78.29503387581197
2069500	 78.30500069842157
2070000	 78.28944428930467
2070500	 78.28426856504746
2071000	 78.2866513153304
2071500	 78.28973071019952
2072000	 78.2935063123387
2072500	 78.30750453340772
2073000	 78.31534170153417
2073500	 78.30596026490066
2074000	 78.31890422417399
2074500	 78.3100132394955
2075000	 78.31287446008082
2075500	 78.32211772901428
2076000	 78.3186851452051
2076500	 78.32196072970338
2077000	 78.326905673512
2077500	 78.33066536748329
2078000	 78.34205581460088
2078500	 78.32876521739131
2079000	 78.32464010014604
2079500	 78.33217439677352
2080000	 78.34557085245446
2080500	 78.34438651372957
2081000	 78.35659669122758
2081500	 78.3728625052134
2082000	 78.37417471679755
2082500	 78.38127996664582
2083000	 78.39508060033351
2083500	 78.40630862224693
2084000	 78.385625
2084500	 78.39105679766699
2085000	 78.37930316490838
2085500	 78.38123655540906
2086000	 78.38777492541456
2086500	 78.38001109723956
2087000	 78.38201234311074
2087500	 78.38207154742096
2088000	 78.36477028618945
2088500	 78.36940557018151
2089000	 78.36514752735836
2089500	 78.36269214790195
2090000	 78.36189948774748
2090500	 78.34117484259323
2091000	 78.32427385892116
2091500	 78.33794343406403
2092000	 78.31662980370473
2092500	 78.29858376511227
2093000	 78.29435734512052
2093500	 78.2813255091474
2094000	 78.27924632479812
2094500	 78.26990478818821
2095000	 78.27655905077263
2095500	 78.27386206896551
2096000	 78.2613401351165
2096500	 78.2690929142542
2097000	 78.28687620623104
2097500	 78.26164232570956
2098000	 78.26393002272884
2098500	 78.26635449662581
2099000	 78.27921228396337
2099500	 78.27858470434363
2100000	 78.26746026285007
2100500	 78.26745545848524
2101000	 78.25331774736986
2101500	 78.25118581150753
2102000	 78.26006872852234
2102500	 78.25903531675141
2103000	 78.2698543555922
2103500	 78.27027955216704
2104000	 78.28337912087912
2104500	 78.27366975626502
2105000	 78.28987298317885
2105500	 78.28995057660626
2106000	 78.28072462773622
2106500	 78.28059824368826
2107000	 78.28150078880581
2107500	 78.28027705390207
2108000	 78.29246382774464
2108500	 78.29391197038255
2109000	 78.28773132282384
2109500	 78.28265040427573
2110000	 78.29035352151274
2110500	 78.29145831906295
2111000	 78.29461717572936
2111500	 78.29606299212598
2112000	 78.29627601314348
2112500	 78.2895367138849
2113000	 78.28870493261272
2113500	 78.28363313042884
2114000	 78.28968064008754
2114500	 78.28570451904014
2115000	 78.29147583566888
2115500	 78.29030274038134
2116000	 78.28366468538636
2116500	 78.29100348384452
2117000	 78.26908370886248
2117500	 78.26744027303754
2118000	 78.26600245666712
2118500	 78.2614954291172
2119000	 78.25946388377328
2119500	 78.25666553017389
2120000	 78.24647263308567
2120500	 78.249557039662
2121000	 78.23973022685469
2121500	 78.24705401539404
2122000	 78.25034050667394
2122500	 78.25212773200789
2123000	 78.25418652144316
2123500	 78.23569435939308
2124000	 78.23850340136055
2124500	 78.23162189731384
2125000	 78.22216179469748
2125500	 78.22797716150082
2126000	 78.22737156836097
2126500	 78.21512022822986
2127000	 78.21826825127334
2127500	 78.20731790102505
2128000	 78.21590986221408
2128500	 78.22879055246369
2129000	 78.210976188861
2129500	 78.2049508307901
2130000	 78.2060618388934
2130500	 78.21294915254238
2131000	 78.21207808052054
2131500	 78.22174030902684
2132000	 78.23881810788832
2132500	 78.24644260739937
2133000	 78.2606545158886
2133500	 78.256655151392
2134000	 78.258905593932
2134500	 78.25748138117807
2135000	 78.27053009274931
2135500	 78.26421223605847
2136000	 78.26747411868192
2136500	 78.25593506932702
2137000	 78.26653591234953
2137500	 78.26756372979918
2138000	 78.27097559326617
2138500	 78.27375963228336
2139000	 78.27728593633844
2139500	 78.28943100418975
2140000	 78.29858108108108
2140500	 78.29579843285599
2141000	 78.30501148183168
2141500	 78.29626628856931
2142000	 78.29794127573405
2142500	 78.29300222687091
2143000	 78.29110166632935
2143500	 78.29807757166948
2144000	 78.30707493086936
2144500	 78.3022722675477
2145000	 78.29165543273119
2145500	 78.30747455685112
2146000	 78.3028097837073
2146500	 78.30652115332795
2147000	 78.30257929826925
2147500	 78.29540864413626
2148000	 78.3070346684618
2148500	 78.31419532880123
2149000	 78.31816958277254
2149500	 78.31498923573736
2150000	 78.31100349744418
2150500	 78.29837299986553
2151000	 78.2901404664292
2151500	 78.29250100792905
2152000	 78.29539805172993
2152500	 78.29222916246894
2153000	 78.297360821973
2153500	 78.30262539448063
2154000	 78.30835850956697
2154500	 78.31684231724508
2155000	 78.31677852348993
2155500	 78.31711735892102
2156000	 78.31906614785993
2156500	 78.31851106639839
2157000	 78.32086099376383
2157500	 78.32886356017433
2158000	 78.32024128686326
2158500	 78.3134338358459
2159000	 78.28969396638318
2159500	 78.30313378867015
2160000	 78.31637094074323
2160500	 78.32518746652383
2161000	 78.32572461342794
2161500	 78.32349595128153
2162000	 78.33389093342255
2162500	 78.33435911158683
2163000	 78.34046822742475
2163500	 78.35368871647381
2164000	 78.36146592656992
2164500	 78.36756937479105
2165000	 78.3851554663992
2165500	 78.37673796791444
2166000	 78.37833322194747
2166500	 78.37045697487974
2167000	 78.37211943089974
2167500	 78.37498330439428
2168000	 78.3850827991453
2168500	 78.36915170526596
2169000	 78.37904571237904
2169500	 78.37091394262842
2170000	 78.36454581832733
2170500	 78.36834033473362
2171000	 78.33659869385579
2171500	 78.34281716417911
2172000	 78.34501365665179
2172500	 78.35082928128955
2173000	 78.35884115884116
2173500	 78.37226957911561
2174000	 78.37412610693121
2174500	 78.3630615640599
2175000	 78.38302828618968
2175500	 78.38312595648414
2176000	 78.38418041511443
2176500	 78.37733590476824
2177000	 78.37637125191144
2177500	 78.36873587664496
2178000	 78.36143777822072
2178500	 78.37131278235451
2179000	 78.36228996480042
2179500	 78.34287041954329
2180000	 78.3501924863932
2180500	 78.32939693491674
2181000	 78.33065799946935
2181500	 78.34478641549482
2182000	 78.33598567734235
2182500	 78.35134597533484
2183000	 78.35005965796103
2183500	 78.34300861497681
2184000	 78.34539190353144
2184500	 78.35590300781767
2185000	 78.35163597827527
2185500	 78.3641300748394
2186000	 78.37163101781339
2186500	 78.38478347238777
2187000	 78.38748758689175
2187500	 78.4010989010989
2188000	 78.39814692256783
2188500	 78.38934832947403
2189000	 78.37702532901262
2189500	 78.37840518381381
2190000	 78.35840327803847
2190500	 78.36569087424833
2191000	 78.35830360681729
2191500	 78.37234956073716
2192000	 78.37987055871088
2192500	 78.39463778643598
2193000	 78.39024229220307
2193500	 78.39392739273927
2194000	 78.40723384595076
2194500	 78.40481689211481
2195000	 78.41334037078578
2195500	 78.42417045979286
2196000	 78.41983776297566
2196500	 78.4175512626096
2197000	 78.4146727308681
2197500	 78.42107691293745
2198000	 78.41960991038482
2198500	 78.42295276368667
2199000	 78.40636112208614
2199500	 78.39454976303317
2200000	 78.40013162224416
2200500	 78.41948009213557
2201000	 78.41548786104349
2201500	 78.42717105263158
2202000	 78.40298507462687
2202500	 78.3950966215328
2203000	 78.40148527865405
2203500	 78.41125057501479
2204000	 78.42554869233803
2204500	 78.41746042173028
2205000	 78.40852377199894
2205500	 78.39451227517395
2206000	 78.38532712120218
2206500	 78.3797559695618
2207000	 78.39232535257462
2207500	 78.4118071498852
2208000	 78.40491803278688
2208500	 78.38506914858753
2209000	 78.40243822507702
2209500	 78.408125819135
2210000	 78.41659022408597
2210500	 78.42400419287212
2211000	 78.41816752898029
2211500	 78.40879926672777
2212000	 78.42134206219312
2212500	 78.41959552326723
2213000	 78.40588812561334
2213500	 78.41152613331589
2214000	 78.39704439939841
2214500	 78.39360658952735
2215000	 78.38057897144351
2215500	 78.3873244037896
2216000	 78.39709917679342
2216500	 78.40687267263344
2217000	 78.41951920564411
2217500	 78.40926010579247
2218000	 78.40201070635854
2218500	 78.41399569162478
2219000	 78.41482835139016
2219500	 78.40575455079272
2220000	 78.41766701461378
2220500	 78.41973778618485
2221000	 78.4098200312989
2221500	 78.40121243725963
2222000	 78.40793847357101
2222500	 78.41322906484197
2223000	 78.40599348534202
2223500	 78.40217532890452
2224000	 78.39783826019013
2224500	 78.402734375
2225000	 78.40525938944216
2225500	 78.4049199531433
2226000	 78.4069880929143
2226500	 78.41828236824983
2227000	 78.42148061410356
2227500	 78.42569105691057
2228000	 78.43350458476947
2228500	 78.43163643456212
2229000	 78.4260643483913
2229500	 78.43413270943005
2230000	 78.43736192332683
2230500	 78.43575418994413
2231000	 78.44303715250715
2231500	 78.4594050402702
2232000	 78.4659696064424
2232500	 78.46750211025258
2233000	 78.46838483510777
2233500	 78.46809891607711
2234000	 78.46963011031798
2234500	 78.47031726464672
2235000	 78.47269071094966
2235500	 78.48485438152689
2236000	 78.46029173419772
2236500	 78.46907817969661
2237000	 78.48013223569068
2237500	 78.48379779650033
2238000	 78.47949465500486
2238500	 78.47509553727573
2239000	 78.4884067357513
2239500	 78.47734041175708
2240000	 78.46667098110277
2240500	 78.45778611632271
2241000	 78.45417502102063
2241500	 78.44333096269477
2242000	 78.44621848739496
2242500	 78.4552094105481
2243000	 78.43361974287744
2243500	 78.42818393180058
2244000	 78.42587809917356
2244500	 78.42831321412433
2245000	 78.43568062996192
2245500	 78.43908105317502
2246000	 78.43677419354839
2246500	 78.42422288146524
2247000	 78.43838266589282
2247500	 78.44925199896828
2248000	 78.44449458483754
2248500	 78.45255897898672
2249000	 78.44851140610903
2249500	 78.45080858192127
2250000	 78.44480226716476
2250500	 78.45118495620814
2251000	 78.4569220862846
2251500	 78.45165443543196
2252000	 78.45925592173018
2252500	 78.44421567365848
2253000	 78.44107809082722
2253500	 78.4579018460153
2254000	 78.46305228632066
2254500	 78.46813709729278
2255000	 78.46933264755047
2255500	 78.4718133316192
2256000	 78.47111368163999
2256500	 78.48117208585015
2257000	 78.46220052668765
2257500	 78.46862757690579
2258000	 78.4815052658618
2258500	 78.45975609756097
2259000	 78.47631578947369
2259500	 78.47968940512096
2260000	 78.46981846173584
2260500	 78.47880187287538
2261000	 78.4614694191563
2261500	 78.45824520925463
2262000	 78.46930274288644
2262500	 78.4711347472288
2263000	 78.45679882149491
2263500	 78.46874599718201
2264000	 78.46689716993212
2264500	 78.46872799436656
2265000	 78.47282852205082
2265500	 78.48361495135688
2266000	 78.49993599590374
2266500	 78.50582362728785
2267000	 78.49590583418629
2267500	 78.50601253677881
2268000	 78.51413404962906
2268500	 78.52468346335849
2269000	 78.5424606727203
2269500	 78.54580909149031
2270000	 78.53505464306257
2270500	 78.51089108910891
2271000	 78.52008686210641
2271500	 78.52362707535121
2272000	 78.51927987742594
2272500	 78.51771238909811
2273000	 78.53424395225633
2273500	 78.54062160954751
2274000	 78.54466564573762
2274500	 78.54152845113549
2275000	 78.53236400739749
2275500	 78.5415417968501
2276000	 78.54220323855668
2276500	 78.52797603874586
2277000	 78.51414192890815
2277500	 78.52500159245812
2278000	 78.52630238186218
2278500	 78.5143875732111
2279000	 78.53062133944486
2279500	 78.52673116089613
2280000	 78.53474608629247
2280500	 78.53718903098556
2281000	 78.51484896661367
2281500	 78.52457557067464
2282000	 78.54148915877154
2282500	 78.52510486843778
2283000	 78.50816339495584
2283500	 78.50184173758414
2284000	 78.5145742046104
2284500	 78.51536507936508
2285000	 78.50082508250826
2285500	 78.48471006217486
2286000	 78.48709165873771
2286500	 78.48354366161456
2287000	 78.49093214965124
2287500	 78.48833523519716
2288000	 78.47810380885987
2288500	 78.45632482422246
2289000	 78.447695035461
2289500	 78.44685026907248
2290000	 78.44993037093303
2290500	 78.45332573887728
2291000	 78.4415765167331
2291500	 78.43226663293702
2292000	 78.4201542546466
2292500	 78.42039062006194
2293000	 78.42678379574038
2293500	 78.4441635593756
2294000	 78.4516271721959
2294500	 78.45574019081317
2295000	 78.45341418735393
2295500	 78.47343819089129
2296000	 78.4667845415509
2296500	 78.46644358861039
2297000	 78.47067735622751
2297500	 78.47216611966675
2298000	 78.46971226653206
2298500	 78.47946242665152
2299000	 78.49230283911672
2299500	 78.46711646383757
2300000	 78.47285795347078
2300500	 78.46987268372621
2301000	 78.46128158276102
2301500	 78.45946456692913
2302000	 78.45796334781787
2302500	 78.4685473206977
2303000	 78.46861819326409
2303500	 78.46440933979483
2304000	 78.4787916928886
2304500	 78.4703365838314
2305000	 78.46795395936851
2305500	 78.4822641509434
2306000	 78.4711429649189
2306500	 78.47237412785216
2307000	 78.4708100295356
2307500	 78.48366218424029
2308000	 78.46401205878658
2308500	 78.45008789552989
2309000	 78.4556183301946
2309500	 78.46531918900257
2310000	 78.46030749921556
2310500	 78.4648930162515
2311000	 78.45925600652406
2311500	 78.4657216333187
2312000	 78.46504044647897
2312500	 78.48253590016931
2313000	 78.47946837188891
2313500	 78.48793330408074
2314000	 78.48101265822785
2314500	 78.4442357066817
2315000	 78.43696006009766
2315500	 78.4336316415295
2316000	 78.41730263980983
2316500	 78.41532207629768
2317000	 78.42189844922461
2317500	 78.41822955738935
2318000	 78.42115132195762
2318500	 78.41333416645838
2319000	 78.41996751218294
2319500	 78.42226247735648
2320000	 78.42568073944541
2320500	 78.43368302735107
2321000	 78.43426145586216
2321500	 78.43630235316148
2322000	 78.43959061407888
2322500	 78.4216829892084
2323000	 78.42197829612074
2323500	 78.4205636613044
2324000	 78.40983606557377
2324500	 78.41682767217202
2325000	 78.42437838848383
2325500	 78.4125085653772
2326000	 78.37437749003983
2326500	 78.37741955561089
2327000	 78.39416194684757
2327500	 78.39952703964154
2328000	 78.40650861800759
2328500	 78.418056246889
2329000	 78.4336112493778
2329500	 78.43421461897356
2330000	 78.44125147726565
2330500	 78.44259950248757
2331000	 78.44494186408008
2331500	 78.4552971897538
2332000	 78.46639726453218
2332500	 78.47423385342202
2333000	 78.47868241143567
2333500	 78.47520815210638
2334000	 78.47810150959806
2334500	 78.47313831439041
2335000	 78.48273506396721
2335500	 78.48661906240298
2336000	 78.4852566888075
2336500	 78.48315025134984
2337000	 78.4713691916372
2337500	 78.47912660504932
2338000	 78.47959563383776
2338500	 78.46726596404216
2339000	 78.46773693671356
2339500	 78.46303526058128
2340000	 78.4690501270215
2340500	 78.47686016975405
2341000	 78.4601189001734
2341500	 78.45347613446418
2342000	 78.4595815795989
2342500	 78.46283804690884
2343000	 78.46312337581982
2343500	 78.47933424081178
2344000	 78.47606086848943
2344500	 78.48435180603661
2345000	 78.48648815781337
2345500	 78.49502256847833
2346000	 78.49561078140455
2346500	 78.51013847675569
2347000	 78.5139996291489
2347500	 78.51557285873193
2348000	 78.4994131817901
2348500	 78.49783843873517
2349000	 78.50849132341135
2349500	 78.5142327878975
2350000	 78.5174095567354
2350500	 78.49966059858069
2351000	 78.50916270747209
2351500	 78.51798383614042
2352000	 78.51128654249415
2352500	 78.52106074622263
2353000	 78.5270395264229
2353500	 78.54288709379047
2354000	 78.53741832079892
2354500	 78.554802120577
2355000	 78.5659865622881
2355500	 78.57436055469954
2356000	 78.58445800209527
2356500	 78.59656149864432
2357000	 78.58645968089694
2357500	 78.58949248583394
2358000	 78.60103467389295
2358500	 78.5982390246906
2359000	 78.59378270236996
2359500	 78.59459625800099
2360000	 78.59405575041536
2360500	 78.59995077831785
2361000	 78.58619841318654
2361500	 78.59295246294816
2362000	 78.59640924741761
2362500	 78.60574203860814
2363000	 78.59805789441337
2363500	 78.59136151388547
2364000	 78.60782747603834
2364500	 78.60466830466831
2365000	 78.59954556619995
2365500	 78.59138068635275
2366000	 78.59409526147803
2366500	 78.60504511139753
2367000	 78.60886107020127
2367500	 78.59434425223898
2368000	 78.59874877330716
2368500	 78.60901563937442
2369000	 78.60847436840814
2369500	 78.60495340853359
2370000	 78.62003433055419
2370500	 78.63529916625797
2371000	 78.6435576805198
2371500	 78.64601336029908
2372000	 78.63729935056978
2372500	 78.63006063575672
2373000	 78.63623002020944
2373500	 78.6291784008816
2374000	 78.63145008263452
2374500	 78.6374931146337
2375000	 78.62581829305599
2375500	 78.6010150421915
2376000	 78.60243320902366
2376500	 78.59096742651103
2377000	 78.59804460739383
2377500	 78.59624900726983
2378000	 78.58283969465649
2378500	 78.59186664224217
2379000	 78.60150192319433
2379500	 78.60905927599048
2380000	 78.58945569929216
2380500	 78.59579011592434
2381000	 78.60456320156173
2381500	 78.59269423100378
2382000	 78.5959392719956
2382500	 78.58819943922956
2383000	 78.59397854705021
2383500	 78.60164533820841
2384000	 78.58954678362574
2384500	 78.5989158240955
2385000	 78.60615103532278
2385500	 78.59314501400219
2386000	 78.60153396639883
2386500	 78.60547778454047
2387000	 78.6108812074002
2387500	 78.60400316359433
2388000	 78.59326157027307
2388500	 78.58687986381322
2389000	 78.59246200607903
2389500	 78.58964385559743
2390000	 78.60085080522637
2390500	 78.59693784555563
2391000	 78.59591787146155
2391500	 78.58820671646323
2392000	 78.59904056351712
2392500	 78.59634531325887
2393000	 78.5965402124431
2393500	 78.59782740623862
2394000	 78.60218446601942
2394500	 78.59720958447073
2395000	 78.58125151588649
2395500	 78.57477117051585
2396000	 78.56956732517271
2396500	 78.56749060947534
2397000	 78.55908182423839
2397500	 78.57398098237539
2398000	 78.5627535266695
2398500	 78.55755961747973
2399000	 78.56499636891793
2399500	 78.56280251694095
2400000	 78.55561604064599
2400500	 78.55257906512668
2401000	 78.56945032351696
2401500	 78.56526207605344
2402000	 78.57562568008706
2402500	 78.56992626616704
2403000	 78.56628398791541
2403500	 78.56013289036545
2404000	 78.53885165730846
2404500	 78.5456685783278
2405000	 78.54901014002897
2405500	 78.53644262097261
2406000	 78.53954273994088
2406500	 78.54593160021714
2407000	 78.53711184805547
2407500	 78.54256088738848
2408000	 78.53067373749548
2408500	 78.52750165672632
2409000	 78.52616996928266
2409500	 78.51860549132948
2410000	 78.52031786165794
2410500	 78.50803394114462
2411000	 78.502947900373
2411500	 78.49533890659771
2412000	 78.50132291040289
2412500	 78.50877825877826
2413000	 78.49948909058124
2413500	 78.48645076007931
2414000	 78.48954703832753
2414500	 78.48708708708709
2415000	 78.48354749609703
2415500	 78.49198438907236
2416000	 78.48736418752627
2416500	 78.49963985594238
2417000	 78.49729956793087
2417500	 78.4900713900054
2418000	 78.48653511665567
2418500	 78.47979374025662
2419000	 78.46436919388672
2419500	 78.47324264397434
2420000	 78.46465372633597
2420500	 78.45855294681361
2421000	 78.45395209580839
2421500	 78.44229618101281
2422000	 78.45684185322638
2422500	 78.46253291836246
2423000	 78.46941950927588
2423500	 78.46643532368074
2424000	 78.4762189650015
2424500	 78.47876540256011
2425000	 78.48812728033974
2425500	 78.48780050233226
2426000	 78.48920777279521
2426500	 78.49476893645006
2427000	 78.50427401518321
2427500	 78.49862555276682
2428000	 78.48139298727675
2428500	 78.48387482083135
2429000	 78.48587806771361
2429500	 78.50002985609363
2430000	 78.50125373134328
2430500	 78.50349191189638
2431000	 78.5015217521036
2431500	 78.50868190226147
2432000	 78.50029825817228
2432500	 78.51521116678597
2433000	 78.52075629249671
2433500	 78.52895568676567
2434000	 78.52727923200763
2434500	 78.51090714030278
2435000	 78.51552350873011
2435500	 78.53068764152067
2436000	 78.52752293577981
2436500	 78.5163172939495
2437000	 78.52423484577825
2437500	 78.52467702565934
2438000	 78.50916448464652
2438500	 78.50475963826749
2439000	 78.50350939804902
2439500	 78.50892113714761
2440000	 78.51091157757031
2440500	 78.51997859436318
2441000	 78.4967906810888
2441500	 78.49693980628676
2442000	 78.5080808080808
2442500	 78.50900017822136
2443000	 78.50207863166646
2443500	 78.47664272570785
2444000	 78.46932114882506
2444500	 78.46671808258186
2445000	 78.46894833620026
2445500	 78.46634643894917
2446000	 78.46614490691331
2446500	 78.47450794403605
2447000	 78.4691797060218
2447500	 78.45908633050898
2448000	 78.45065750503495
2448500	 78.4534794196032
2449000	 78.44112249126754
2449500	 78.4394199467298
2450000	 78.45081676136364
2450500	 78.45407740561014
2451000	 78.45683687355778
2451500	 78.4589446284903
2452000	 78.4507067242297
2452500	 78.45461533912838
2453000	 78.45302985515815
2453500	 78.45067675394527
2454000	 78.43887740029542
2454500	 78.43408151210868
2455000	 78.42592264540892
2455500	 78.43800188946622
2456000	 78.44022669579078
2456500	 78.43776190757245
2457000	 78.44473295957509
2457500	 78.43484160226535
2458000	 78.43677008375604
2458500	 78.43198301786661
2459000	 78.43284989977597
2459500	 78.44319990567706
2460000	 78.44957264957264
2460500	 78.45986089826712
2461000	 78.45165281951564
2461500	 78.43579926964307
2462000	 78.42907613495849
2462500	 78.43194395384434
2463000	 78.42895821071218
2463500	 78.44573278399058
2464000	 78.44227374367424
2464500	 78.44543154674355
2465000	 78.44038585965531
2465500	 78.45200564639454
2466000	 78.43074661963551
2466500	 78.43407982131312
2467000	 78.44639708475373
2467500	 78.4591243020864
2468000	 78.46700358465064
2468500	 78.46595382174961
2469000	 78.468867481203
2469500	 78.46221152152211
2470000	 78.45526593871081
2470500	 78.45521774856203
2471000	 78.45252904588664
2471500	 78.44635419721945
2472000	 78.44018296973962
2472500	 78.43814493433396
2473000	 78.44336967991558
2473500	 78.42818634632289
2474000	 78.42079671939075
2474500	 78.42499853569964
2475000	 78.43850298699778
2475500	 78.43216815972832
2476000	 78.42884739214423
2476500	 78.42111423220973
2477000	 78.42343923702533
2477500	 78.40142698403416
2478000	 78.40235060226874
2478500	 78.40663002806362
2479000	 78.40872157596306
2479500	 78.42038812251579
2480000	 78.41225968561912
2480500	 78.41000175264357
2481000	 78.416028973655
2481500	 78.41774221806926
2482000	 78.41761065047297
2482500	 78.40777492411861
2483000	 78.39946318123468
2483500	 78.39913662349784
2484000	 78.40614792347176
2484500	 78.41018313309226
2485000	 78.4071137026239
2485500	 78.41196361940298
2486000	 78.40525732936993
2486500	 78.41121277463722
2487000	 78.4
2487500	 78.40453168685927
2488000	 78.40309806662007
2488500	 78.38663484486874
2489000	 78.37416351469305
2489500	 78.36707388016289
2490000	 78.37630155313828
2490500	 78.3831210376316
2491000	 78.38555478018144
2491500	 78.39077853363568
2492000	 78.39268689687246
2492500	 78.4090803394954
2493000	 78.40929962220285
2493500	 78.41535421630732
2494000	 78.4246280799628
2494500	 78.41288560971358
2495000	 78.42424770535611
2495500	 78.42989079925651
2496000	 78.4364618422581
2496500	 78.41255006675567
2497000	 78.42558625493383
2497500	 78.42754338111543
2498000	 78.42610966057441
2498500	 78.42233178654293
2499000	 78.43524157531466
2499500	 78.43765947575969
2500000	 78.43127137805091
2500500	 78.42320621305204
2501000	 78.41786893794541
2501500	 78.42332425699554
2502000	 78.4299368591786
2502500	 78.43206301401598
2503000	 78.43372517227402
2503500	 78.4352130616026
2504000	 78.4407780479333
2504500	 78.44645751331326
2505000	 78.45306169695567
2505500	 78.45920138888889
2506000	 78.46418238629788
2506500	 78.47263364961815
2507000	 78.47836399398356
2507500	 78.47651821862348
2508000	 78.45811412383651
2508500	 78.44437380801017
2509000	 78.45911113679709
2509500	 78.46914008321775
2510000	 78.47492199237259
2510500	 78.4586149136487
2511000	 78.46690539447846
2511500	 78.46901888317838
2512000	 78.47321016166282
2512500	 78.48553778650194
2513000	 78.49171621543613
2513500	 78.50822605784218
2514000	 78.51737474024475
2514500	 78.50966587800797
2515000	 78.5196191575303
2515500	 78.5174224068305
2516000	 78.51115981313801
2516500	 78.51026409871987
2517000	 78.51265494378784
2517500	 78.5145838136961
2518000	 78.52412242780564
2518500	 78.53068987378249
2519000	 78.54774940925596
2519500	 78.55042065229918
2520000	 78.55698317584697
2520500	 78.56737915538399
2521000	 78.56482921490698
2521500	 78.56348977828966
2522000	 78.55247251165736
2522500	 78.56101772967995
2523000	 78.551706278414
2523500	 78.5529919447641
2524000	 78.55816361753539
2524500	 78.55544691130795
2525000	 78.55627120593479
2525500	 78.56756756756756
2526000	 78.55204920388573
2526500	 78.55505747126436
2527000	 78.56045282151477
2527500	 78.55687693898656
2528000	 78.56936864479808
2528500	 78.54199919618763
2529000	 78.53564458730341
2529500	 78.53865136298421
2530000	 78.53212851405623
2530500	 78.53266792864109
2531000	 78.53521449873824
2531500	 78.5430095194403
2532000	 78.55330007454556
2532500	 78.55013472453133
2533000	 78.54720009170632
2533500	 78.53999541599816
2534000	 78.54322543683759
2534500	 78.54794363615534
2535000	 78.55042666513945
2535500	 78.54027594893228
2536000	 78.53832064564135
2536500	 78.52915260056074
2537000	 78.51286890871654
2537500	 78.52484987131827
2538000	 78.51623785020011
2538500	 78.52955974842767
2539000	 78.52374964275508
2539500	 78.52580442361548
2540000	 78.52339866293354
2540500	 78.5094813799406
2541000	 78.49891515359141
2541500	 78.50610870061658
2542000	 78.5045091324201
2542500	 78.51652302950745
2543000	 78.48708002966174
2543500	 78.48252067293984
2544000	 78.48443380088949
2544500	 78.4894526795895
2545000	 78.47483900381832
2545500	 78.45966731229349
2546000	 78.46468443836865
2546500	 78.47357329992026
2547000	 78.46122751081758
2547500	 78.45443679207695
2548000	 78.46602162777461
2548500	 78.46042674253201
2549000	 78.4724624487938
2549500	 78.48008874729776
2550000	 78.48828213879409
2550500	 78.49266295074509
2551000	 78.49647406733393
2551500	 78.4988912264741
2552000	 78.49650389403672
2552500	 78.50213152958563
2553000	 78.486875
2553500	 78.49167755496222
2554000	 78.48151513430632
2554500	 78.48526489126114
2555000	 78.4736334222626
2555500	 78.46532743161957
2556000	 78.44543391945547
2556500	 78.45173548094374
2557000	 78.44712819640529
2557500	 78.45189636600715
2558000	 78.42234687517707
2558500	 78.40711372904396
2559000	 78.41038563905092
2559500	 78.40347599637681
2560000	 78.39981888159384
2560500	 78.38961185922824
2561000	 78.39556460737724
2561500	 78.38776087325378
2562000	 78.38314956177551
2562500	 78.38057549889761
2563000	 78.36528028933093
2563500	 78.36826939375106
2564000	 78.35991866244916
2564500	 78.35690083578044
2565000	 78.36538678712591
2565500	 78.36242520040646
2566000	 78.35316027088037
2566500	 78.35778367093607
2567000	 78.3633850493653
2567500	 78.35685279187817
2568000	 78.36143695014663
2568500	 78.36084799278304
2569000	 78.36236540954958
2569500	 78.35119752042829
2570000	 78.34585915492957
2570500	 78.33256364045957
2571000	 78.34748817301194
2571500	 78.35058280308576
2572000	 78.35362008782795
2572500	 78.36056068453051
2573000	 78.35693381359748
2573500	 78.3468549566783
2574000	 78.34775271418124
2574500	 78.3432122370937
2575000	 78.35438339987628
2575500	 78.36165307843689
2576000	 78.37203418418981
2576500	 78.38292011019284
2577000	 78.38324901630129
2577500	 78.38237608182533
2578000	 78.3806607483987
2578500	 78.3847191011236
2579000	 78.38317232082679
2579500	 78.39687710626825
2580000	 78.38309938236945
2580500	 78.38449447033065
2581000	 78.38278049054274
2581500	 78.38033780371472
2582000	 78.36938351938072
2582500	 78.37923491137536
2583000	 78.38208737591835
2583500	 78.39389860924182
2584000	 78.38678028816506
2584500	 78.36802286482852
2585000	 78.37943401513029
2585500	 78.38110712684895
2586000	 78.38221948350233
2586500	 78.39396146090074
2587000	 78.39523942873144
2587500	 78.39662896180984
2588000	 78.39762611275964
2588500	 78.40301181212563
2589000	 78.39752630400716
2589500	 78.4089204768034
2590000	 78.40063779791876
2590500	 78.39093959731544
2591000	 78.38861552225453
2591500	 78.39938495946323
2592000	 78.38879883740428
2592500	 78.38636490639844
2593000	 78.38454662271636
2593500	 78.38559937437158
2594000	 78.38737782742251
2594500	 78.38623038695629
2595000	 78.3967057509771
2595500	 78.3903432877477
2596000	 78.38404017857142
2596500	 78.38587290074206
2597000	 78.38007585899152
2597500	 78.38892297395282
2598000	 78.39495845184318
2598500	 78.40065800479563
2599000	 78.39519455903668
2599500	 78.36942107315986
2600000	 78.35860301899405
2600500	 78.35757643258896
2601000	 78.34559928742415
2601500	 78.34973559699415
2602000	 78.34715343090879
2602500	 78.35692821368949
2603000	 78.36486561682712
2603500	 78.36417246175243
2604000	 78.36622538658361
2604500	 78.35733748540288
2605000	 78.34643393184724
2605500	 78.34782125389061
2606000	 78.34707712825072
2606500	 78.33942558746736
2607000	 78.34890567714699
2607500	 78.35073590669259
2608000	 78.35691675459543
2608500	 78.35093271152564
2609000	 78.34819049733571
2609500	 78.33819775829542
2610000	 78.33629202263397
2610500	 78.3456481943751
2611000	 78.34424047473796
2611500	 78.34065202927478
2612000	 78.34292366539165
2612500	 78.34970345324538
2613000	 78.36182241436647
2613500	 78.36215018010529
2614000	 78.36112804033465
2614500	 78.34802835622507
2615000	 78.35367406833159
2615500	 78.36768370341657
2616000	 78.36339478491945
2616500	 78.3491422246818
2617000	 78.347128471838
2617500	 78.34011836937884
2618000	 78.34011724366773
2618500	 78.32938965059708
2619000	 78.32622153437984
2619500	 78.31988727413383
2620000	 78.32554284767114
2620500	 78.30973158069148
2621000	 78.28573005796301
2621500	 78.30135247032845
2622000	 78.30395187106744
2622500	 78.28052077012192
2623000	 78.27974187855055
2623500	 78.284603507224
2624000	 78.27620045206461
2624500	 78.28438344082466
2625000	 78.28709215167548
2625500	 78.29323266835667
2626000	 78.28571428571429
2626500	 78.29622080211547
2627000	 78.28499834783567
2627500	 78.27913890877058
2628000	 78.28395265620699
2628500	 78.28484147952445
2629000	 78.29218492019812
2629500	 78.29378748693117
2630000	 78.29007591594235
2630500	 78.27643662359087
2631000	 78.26590072013633
2631500	 78.2645781808189
2632000	 78.25686813186813
2632500	 78.27153846153846
2633000	 78.27270230181838
2633500	 78.2624526333132
2634000	 78.26884849816045
2634500	 78.28014495936745
2635000	 78.2822399121603
2635500	 78.29303908651735
2636000	 78.29381415006313
2636500	 78.2877524143986
2637000	 78.28774412991002
2637500	 78.29771243622798
2638000	 78.28339548146523
2638500	 78.2925371497505
2639000	 78.2854401929613
2639500	 78.2790595714364
2640000	 78.28065753424657
2640500	 78.27417145987401
2641000	 78.2721397666904
2641500	 78.27950276545644
2642000	 78.2810446780552
2642500	 78.27324976736548
2643000	 78.27934978928356
2643500	 78.27803009575923
2644000	 78.27918809497757
2644500	 78.27546220326003
2645000	 78.28655034731717
2645500	 78.29736381535768
2646000	 78.29691601049869
2646500	 78.29027496856722
2647000	 78.30069968295616
2647500	 78.30574989068649
2648000	 78.31156410536671
2648500	 78.31612021857923
2649000	 78.32056605835427
2649500	 78.31102856830721
2650000	 78.31035989296052
2650500	 78.30328674383053
2651000	 78.3133700933559
2651500	 78.31106380656078
2652000	 78.31621459368007
2652500	 78.30158210583743
2653000	 78.31527550463721
2653500	 78.30219240837697
2654000	 78.3004907306434
2654500	 78.30721840584451
2655000	 78.31487134757958
2655500	 78.31852618956778
2656000	 78.3104293809939
2656500	 78.31228548079542
2657000	 78.31386861313868
2657500	 78.32485429489624
2658000	 78.32643502886395
2658500	 78.31779822507758
2659000	 78.31527951662947
2659500	 78.30904440574663
2660000	 78.30150699091453
2660500	 78.30510226283725
2661000	 78.29669911360052
2661500	 78.28933347830814
2662000	 78.29964664310954
2662500	 78.30128274812479
2663000	 78.30177707733276
2663500	 78.29894050529748
2664000	 78.30951863522765
2664500	 78.32096485032868
2665000	 78.3309430682312
2665500	 78.3368278109723
2666000	 78.3338220918866
2666500	 78.32911667300071
2667000	 78.34098805646038
2667500	 78.34256092927319
2668000	 78.3386335268899
2668500	 78.33912099837222
2669000	 78.33479793870356
2669500	 78.33358642008785
2670000	 78.3300439191021
2670500	 78.33112869998915
2671000	 78.31593778789357
2671500	 78.31651947770493
2672000	 78.31368831590922
2672500	 78.3019440082309
2673000	 78.29302224868728
2673500	 78.29025274665801
2674000	 78.28726800497809
2674500	 78.29796558813982
2675000	 78.29948606978631
2675500	 78.31266904684627
2676000	 78.31461950348856
2676500	 78.31541664413562
2677000	 78.31567281180732
2677500	 78.31382087454732
2678000	 78.31539126675314
2678500	 78.31618759455371
2679000	 78.29373008586704
2679500	 78.29004913341612
2680000	 78.28913841502916
2680500	 78.28492012089811
2681000	 78.28687064918245
2681500	 78.27967198964178
2682000	 78.26994229005987
2682500	 78.26734968994339
2683000	 78.28039902938798
2683500	 78.26990458735378
2684000	 78.27364846655527
2684500	 78.26705463950857
2685000	 78.27176724137931
2685500	 78.27003878474467
2686000	 78.27550360874717
2686500	 78.26918313499543
2687000	 78.26086020347742
2687500	 78.26367061356297
2688000	 78.27463538022711
2688500	 78.27534438226431
2689000	 78.28182502959217
2689500	 78.26660571182703
2690000	 78.25872358728964
2690500	 78.26321165528735
2691000	 78.26111260413867
2691500	 78.2583158686657
2692000	 78.24861670695675
2692500	 78.23983674346168
2693000	 78.24803995274407
2693500	 78.25967889169307
2694000	 78.23846071275226
2694500	 78.23383591779793
2695000	 78.22765797661195
2695500	 78.23374812272044
2696000	 78.2337516087516
2696500	 78.22397341052857
2697000	 78.22898799313894
2697500	 78.23318505814888
2698000	 78.2387331868603
2698500	 78.23798553442272
2699000	 78.22741149376037
2699500	 78.2204433497537
2700000	 78.22700503265874
2700500	 78.22809271452277
2701000	 78.23991007386789
2701500	 78.24238694139684
2702000	 78.23939215581358
2702500	 78.24535872879996
2703000	 78.25282191194565
2703500	 78.2538510911425
2704000	 78.25649802117873
2704500	 78.25209859380848
2705000	 78.25183086545144
2705500	 78.23971358341349
2706000	 78.24577901260953
2706500	 78.24556623931623
2707000	 78.2335789810958
2707500	 78.23171382808329
2708000	 78.22411400512382
2708500	 78.2266396285821
2709000	 78.21879001280409
2709500	 78.22950120032009
2710000	 78.23866424837298
2710500	 78.23605333333333
2711000	 78.2369220924652
2711500	 78.21538215542053
2712000	 78.21726618705036
2712500	 78.22470293600469
2713000	 78.22786361214705
2713500	 78.22788046662761
2714000	 78.23820176840312
2714500	 78.24073285044739
2715000	 78.24266467863039
2715500	 78.24277272001278
2716000	 78.24155000798424
2716500	 78.24823034754378
2717000	 78.24695365295588
2717500	 78.2422195031122
2718000	 78.24894941220278
2718500	 78.25018615040953
2719000	 78.2516883807498
2719500	 78.26129958523876
2720000	 78.25132893897512
2720500	 78.26051134853559
2721000	 78.25332128812839
2721500	 78.25600425079702
2722000	 78.25787600276257
2722500	 78.24807477826756
2723000	 78.24084103217585
2723500	 78.24649607135272
2724000	 78.24038002229182
2724500	 78.25268018257086
2725000	 78.240980475382
2725500	 78.24226831467827
2726000	 78.24775897735108
2726500	 78.26330027051398
2727000	 78.27043224608857
2727500	 78.27507026568384
2728000	 78.26587848584455
2728500	 78.26635216792113
2729000	 78.27077591689633
2729500	 78.26004026703401
2730000	 78.24925847457627
2730500	 78.25331003071709
2731000	 78.21673547157827
2731500	 78.20555555555555
2732000	 78.19645596403068
2732500	 78.2103147315525
2733000	 78.20364886303543
2733500	 78.21528291909043
2734000	 78.21933164128596
2734500	 78.21637766969761
2735000	 78.22222222222223
2735500	 78.23156615043078
2736000	 78.22929768007187
2736500	 78.23858592263792
2737000	 78.24251069900143
2737500	 78.24951133181891
2738000	 78.25058102683288
2738500	 78.2538819055667
2739000	 78.25823827629911
2739500	 78.25267937278919
2740000	 78.2416741436639
2740500	 78.24390501319262
2741000	 78.24692660792486
2741500	 78.25191242416248
2742000	 78.26350495885208
2742500	 78.25425874162755
2743000	 78.25383601370946
2743500	 78.26341874934093
2744000	 78.25147585916086
2744500	 78.25566564772848
2745000	 78.24732599188577
2745500	 78.23814791403287
2746000	 78.2392163058935
2746500	 78.23309814658803
2747000	 78.22307611327508
2747500	 78.21390233635024
2748000	 78.20721763375244
2748500	 78.18998790555818
2749000	 78.18842332159193
2749500	 78.19924298181054
2750000	 78.18898465419382
2750500	 78.19595375722544
2751000	 78.20223833543506
2751500	 78.20394011032309
2752000	 78.20158621776353
2752500	 78.18828100388534
2753000	 78.19419361612768
2753500	 78.19521284971917
2754000	 78.20739068815286
2754500	 78.19340959177248
2755000	 78.18437893411667
2755500	 78.18444514369625
2756000	 78.19492369814883
2756500	 78.18737548495334
2757000	 78.18523954292903
2757500	 78.18652062260888
2758000	 78.19652028089298
2758500	 78.1950120507178
2759000	 78.19282346778418
2759500	 78.20271332041276
2760000	 78.20230426813302
2760500	 78.19008480787352
2761000	 78.19718383584589
2761500	 78.19184677377152
2762000	 78.19317706153203
2762500	 78.1886377903327
2763000	 78.19929905319873
2763500	 78.19601485277967
2764000	 78.19577494248065
2764500	 78.18379508625196
2765000	 78.19587036069001
2765500	 78.20159941459335
2766000	 78.21355772748655
2766500	 78.21891821269924
2767000	 78.22406855829023
2767500	 78.23031506348293
2768000	 78.23687372655556
2768500	 78.22305201587633
2769000	 78.23426810799519
2769500	 78.23611111111111
2770000	 78.23397368970558
2770500	 78.219537650681
2771000	 78.22054680162788
2771500	 78.2261581803005
2772000	 78.23631905681047
2772500	 78.23052049650569
2773000	 78.23565915727994
2773500	 78.2246898133667
2774000	 78.22370478473887
2774500	 78.22894517406712
2775000	 78.23987701287196
2775500	 78.24381220363712
2776000	 78.25642228127768
2776500	 78.26134528213412
2777000	 78.27107429405022
2777500	 78.27776620129194
2778000	 78.27467319410448
2778500	 78.27921266402832
2779000	 78.2823449783933
2779500	 78.28767765110105
2780000	 78.28945450759942
2780500	 78.28412343237758
2781000	 78.28668054110302
2781500	 78.28098829648894
2782000	 78.28479301019347
2782500	 78.2861525661692
2783000	 78.28797961942394
2783500	 78.29398003742982
2784000	 78.29722424368437
2784500	 78.28689461650384
2785000	 78.28027429996364
2785500	 78.26793040768632
2786000	 78.26256490134995
2786500	 78.2649639204693
2787000	 78.25986090927964
2787500	 78.26538661131292
2788000	 78.27751543770432
2788500	 78.28668534661685
2789000	 78.29334855245408
2789500	 78.2909534184044
2790000	 78.28876672544342
2790500	 78.3009386506249
2791000	 78.28631415241057
2791500	 78.2883947545742
2792000	 78.29677619985488
2792500	 78.29776649220086
2793000	 78.30020725388601
2793500	 78.30915496606393
2794000	 78.31487333575092
2794500	 78.29189105219552
2795000	 78.28560335455816
2795500	 78.29350864478725
2796000	 78.29351482842503
2796500	 78.2962119643966
2797000	 78.30176963675878
2797500	 78.30768832781457
2798000	 78.30805442036107
2798500	 78.31402265556302
2799000	 78.31059626622537
2799500	 78.30177851308035
2800000	 78.29783934663496
2800500	 78.29658914728682
2801000	 78.29384106644622
2801500	 78.2904225643145
2802000	 78.29571280991736
2802500	 78.2959768630894
2803000	 78.29364382712862
2803500	 78.29581827568404
2804000	 78.29955606029321
2804500	 78.30007741935484
2805000	 78.30680703927337
2805500	 78.32161841358311
2806000	 78.3218782249742
2806500	 78.33519091847265
2807000	 78.3232745280099
2807500	 78.3159197565881
2808000	 78.30312403340551
2808500	 78.30829896907217
2809000	 78.30581323438466
2809500	 78.31062557971761
2810000	 78.30487867703879
2810500	 78.30999845464379
2811000	 78.30917799752781
2811500	 78.3097481847675
2812000	 78.31491684259306
2812500	 78.3154859967051
2813000	 78.31610644978637
2813500	 78.30153339508078
2814000	 78.29171810699589
2814500	 78.28629467729493
2815000	 78.28195372750643
2815500	 78.28985656264459
2816000	 78.28489925986842
2816500	 78.29021482166718
2817000	 78.30160851020094
2817500	 78.29598232634608
2818000	 78.28897221223484
2818500	 78.2852667796436
2819000	 78.27923811479619
2819500	 78.28022175453006
2820000	 78.26590722495895
2820500	 78.26648196603561
2821000	 78.25882232252769
2821500	 78.27174805088224
2822000	 78.26567868314446
2822500	 78.2564720356795
2823000	 78.25838031778575
2823500	 78.25042275172945
2824000	 78.24745120139352
2824500	 78.23934644540053
2825000	 78.25419995902479
2825500	 78.25707994059508
2826000	 78.26129032258065
2826500	 78.25194512694513
2827000	 78.24645616908039
2827500	 78.23753005576303
2828000	 78.22302342231768
2828500	 78.22954591941092
2829000	 78.22027400061343
2829500	 78.21408493892778
2830000	 78.21440981093511
2830500	 78.22087676272226
2831000	 78.21008274593932
2831500	 78.2034928254098
2832000	 78.20642295517206
2832500	 78.19681502654144
2833000	 78.18982497321018
2833500	 78.18329762269157
2834000	 78.18556490691151
2834500	 78.19350232059979
2835000	 78.18682439322863
2835500	 78.19823586396778
2836000	 78.205149120571
2836500	 78.20086646279307
2837000	 78.19076734943442
2837500	 78.19997961991135
2838000	 78.19274653626732
2838500	 78.18975351395396
2839000	 78.1776295692903
2839500	 78.17958768134385
2840000	 78.17460559796437
2840500	 78.18553763167269
2841000	 78.19763891715856
2841500	 78.20193335029255
2842000	 78.1905706438816
2842500	 78.19247393846936
2843000	 78.1866802236909
2843500	 78.1839483582393
2844000	 78.16817396606037
2844500	 78.17104394208788
2845000	 78.16419502285424
2845500	 78.16599807038034
2846000	 78.16739439480098
2846500	 78.1711848918672
2847000	 78.16017052375152
2847500	 78.15673838035316
2848000	 78.15879458170565
2848500	 78.1625240945521
2849000	 78.15604239565901
2849500	 78.15454038432287
2850000	 78.15415420489684
2850500	 78.16387875101378
2851000	 78.1780210867802
2851500	 78.16235115277426
2852000	 78.15806271847612
2852500	 78.14205408690367
2853000	 78.14401458375532
2853500	 78.14221344673958
2854000	 78.14700075930145
2854500	 78.14195344129554
2855000	 78.13219670140646
2855500	 78.14235847624829
2856000	 78.14415781487102
2856500	 78.14767612400749
2857000	 78.15661980378275
2857500	 78.16312702265373
2858000	 78.15782821899803
2858500	 78.16483849770005
2859000	 78.1713924690422
2859500	 78.1732868405094
2860000	 78.1659593816308
2860500	 78.16558064353185
2861000	 78.17096823071873
2861500	 78.17973839705066
2862000	 78.1802666128055
2862500	 78.18488413187256
2863000	 78.19263970922309
2863500	 78.19659802140117
2864000	 78.18255209647309
2864500	 78.18570275451519
2865000	 78.17000353018307
2865500	 78.18038325769037
2866000	 78.18242323400393
2866500	 78.18330308529946
2867000	 78.18822461941728
2867500	 78.1890529711204
2868000	 78.18926681783825
2868500	 78.19721858308979
2869000	 78.20431299440722
2869500	 78.20180343559518
2870000	 78.20378764984386
2870500	 78.19174219536757
2871000	 78.19892256570336
2871500	 78.20176189277623
2872000	 78.19925512104282
2872500	 78.20285843691812
2873000	 78.19333903506565
2873500	 78.19244504803581
2874000	 78.18853407090772
2874500	 78.19858191692649
2875000	 78.18861854011664
2875500	 78.19463154720016
2876000	 78.1901100557817
2876500	 78.19581930556254
2877000	 78.209888950304
2877500	 78.20828937452902
2878000	 78.2030135610246
2878500	 78.2020186803254
2879000	 78.2105950288727
2879500	 78.2151428427976
2880000	 78.21173635861653
2880500	 78.2174873262059
2881000	 78.22771531820919
2881500	 78.2296883625232
2882000	 78.22396146899459
2882500	 78.23523804745899
2883000	 78.20532490974729
2883500	 78.20683777822337
2884000	 78.20971379880707
2884500	 78.20720585287633
2885000	 78.21179476901493
2885500	 78.20638180634174
2886000	 78.20378624730806
2886500	 78.21324118589743
2887000	 78.21325922587752
2887500	 78.2206589224915
2888000	 78.20706742079183
2888500	 78.19508656059242
2889000	 78.20869608726109
2889500	 78.21307784670803
2890000	 78.21755877938969
2890500	 78.21376412923877
2891000	 78.20275
2891500	 78.19700074981255
2892000	 78.19075462268866
2892500	 78.2000399780121
2893000	 78.20381751861291
2893500	 78.20267772393466
2894000	 78.20855187571807
2894500	 78.20430483419896
2895000	 78.20321549830237
2895500	 78.1960265561823
2896000	 78.20189668080859
2896500	 78.19911173212236
2897000	 78.19202753941329
2897500	 78.18449797994913
2898000	 78.18951673233255
2898500	 78.19483369071959
2899000	 78.20524583624214
2899500	 78.21600598354524
2900000	 78.2039280195404
2900500	 78.20409688995215
2901000	 78.21265885870919
2901500	 78.22141931625636
2902000	 78.21039258668792
2902500	 78.19537825588924
2903000	 78.19803804401953
2903500	 78.19256235376113
2904000	 78.18848297829982
2904500	 78.17917205692109
2905000	 78.16523252922158
2905500	 78.17108469687173
2906000	 78.17409249129786
2906500	 78.17157203937556
2907000	 78.17467813292241
2907500	 78.1818769261358
2908000	 78.1884194831014
2908500	 78.18226086956521
2909000	 78.19169233826891
2909500	 78.18155175839459
2910000	 78.19426783230678
2910500	 78.19921525777292
2911000	 78.1972390505512
2911500	 78.1989970706519
2912000	 78.18995383928129
2912500	 78.19369727047146
2913000	 78.19127716582317
2913500	 78.19382844669346
2914000	 78.18777899017955
2914500	 78.2005257414939
2915000	 78.19760983834176
2915500	 78.20334192780642
2916000	 78.20857709469509
2916500	 78.20297397769517
2917000	 78.19354838709677
2917500	 78.20623358604628
2918000	 78.19656214395403
2918500	 78.17533174886115
2919000	 78.1769889598495
2919500	 78.16476119772334
2920000	 78.14847615278053
2920500	 78.15524662346014
2921000	 78.16002968093001
2921500	 78.16327842904487
2922000	 78.17232169354041
2922500	 78.17799208704253
2923000	 78.18247453268717
2923500	 78.18745055379746
2924000	 78.18494166501878
2924500	 78.19328686539127
2925000	 78.19766694676487
2925500	 78.19981219729169
2926000	 78.2015614962692
2926500	 78.19776690874957
2927000	 78.17788532767051
2927500	 78.18106853644085
2928000	 78.18950278971016
2928500	 78.18818186305968
2929000	 78.1765199368338
2929500	 78.1840521069772
2930000	 78.1846077947706
2930500	 78.18200651080201
2931000	 78.18677253896232
2931500	 78.19098574880418
2932000	 78.2008875739645
2932500	 78.20243553714934
2933000	 78.2085284693123
2933500	 78.20221784130113
2934000	 78.21394775751602
2934500	 78.21860831854919
2935000	 78.21274079913287
2935500	 78.2185821961673
2936000	 78.2319326075176
2936500	 78.23865819417763
2937000	 78.239804964539
2937500	 78.24065593145221
2938000	 78.23913150509576
2938500	 78.24683700093536
2939000	 78.2421006004528
2939500	 78.24023226060427
2940000	 78.23802026960543
2940500	 78.23635022134776
2941000	 78.23438575784401
2941500	 78.2150616919825
2942000	 78.21310266869808
2942500	 78.21843825249398
2943000	 78.21219416330942
2943500	 78.21506115832392
2944000	 78.21699410609037
2944500	 78.2128756629346
2945000	 78.19729026557361
2945500	 78.20301379276493
2946000	 78.20199244245964
2946500	 78.19595721715238
2947000	 78.19847927397596
2947500	 78.20046105552285
2948000	 78.20175567652396
2948500	 78.1914006961808
2949000	 78.19200980392156
2949500	 78.19301083174042
2950000	 78.187524500196
2950500	 78.17752522778486
2951000	 78.17995689655173
2951500	 78.16740929344367
2952000	 78.17503916960439
2952500	 78.18187604034074
2953000	 78.19273510549763
2953500	 78.19976503989427
2954000	 78.2074400391581
2954500	 78.20780110605394
2955000	 78.19373776908023
2955500	 78.18473050963513
2956000	 78.196067882819
2956500	 78.18946802268727
2957000	 78.18654673445444
2957500	 78.17275081855055
2958000	 78.1672366621067
2958500	 78.17058277563382
2959000	 78.17319527205235
2959500	 78.17351174488451
2960000	 78.18302568610216
2960500	 78.1728666276118
2961000	 78.17675485697549
2961500	 78.17843721021036
2962000	 78.17562094373689
2962500	 78.18272749451086
2963000	 78.18910084402596
2963500	 78.17929083548749
2964000	 78.18150785136058
2964500	 78.17395543854516
2965000	 78.17739969775265
2965500	 78.17786118151686
2966000	 78.1906804445311
2966500	 78.17927102621577
2967000	 78.17958587088916
2967500	 78.19118148599269
2968000	 78.19436866718628
2968500	 78.19502216160927
2969000	 78.19225712198686
2969500	 78.19393319700067
2970000	 78.19800389483933
2970500	 78.20264810397703
2971000	 78.20066189711393
2971500	 78.18360496229627
2972000	 78.17265697193716
2972500	 78.1672177380142
2973000	 78.16947834119306
2973500	 78.1759272762627
2974000	 78.17448359659781
2974500	 78.17250595267019
2975000	 78.17447284034593
2975500	 78.17590478503764
2976000	 78.17704488051292
2976500	 78.17837024087024
2977000	 78.1869567328704
2977500	 78.19242534595776
2978000	 78.19414506262744
2978500	 78.19255412095913
2979000	 78.1794448757764
2979500	 78.18524987869966
2980000	 78.17986902740722
2980500	 78.18441092302469
2981000	 78.1870999030068
2981500	 78.19814751951894
2982000	 78.20180372381691
2982500	 78.19098400387784
2983000	 78.18886304158185
2983500	 78.187324353135
2984000	 78.18641604495689
2984500	 78.18458781362007
2985000	 78.19242504964402
2985500	 78.19787883190469
2986000	 78.19906062366842
2986500	 78.20397985862303
2987000	 78.18628399961281
2987500	 78.18324784670473
2988000	 78.19170658537766
2988500	 78.19375907111757
2989000	 78.19793934116964
2989500	 78.20493349455865
2990000	 78.21115248827199
2990500	 78.2125241779497
2991000	 78.191357726328
2991500	 78.18866283284203
2992000	 78.18320610687023
2992500	 78.17421754250387
2993000	 78.18711360123648
2993500	 78.19657087659985
2994000	 78.19358732918054
2994500	 78.1940327330662
2995000	 78.18809730668984
2995500	 78.18744269098981
2996000	 78.19011773788844
2996500	 78.18829602470089
2997000	 78.19454896285576
2997500	 78.20301948678372
2998000	 78.19867869026378
2998500	 78.20531366025362
2999000	 78.20426167863857
2999500	 78.20186050995325
3000000	 78.20719070798593
3000500	 78.21242349766277
3001000	 78.21311554399152
3001500	 78.21839468105608
3002000	 78.21841129148802
3002500	 78.22455565724195
3003000	 78.21713377636522
3003500	 78.22399845916794
3004000	 78.22150009628346
3004500	 78.22020600693108
3005000	 78.2211367245777
3005500	 78.22409893652856
3006000	 78.22517321016166
3006500	 78.23242723117633
3007000	 78.21743939976915
3007500	 78.2140315445278
3008000	 78.21380835617097
3008500	 78.22370192307692
3009000	 78.22034224187657
3009500	 78.22184841639833
3010000	 78.2190668396521
3010500	 78.21806389622868
3011000	 78.20666634647712
3011500	 78.19724396216449
3012000	 78.18677098833581
3012500	 78.19525775175194
3013000	 78.1922929263845
3013500	 78.19231322873182
3014000	 78.18958982969536
3014500	 78.18643580027819
3015000	 78.18827930174564
3015500	 78.18820426756173
3016000	 78.18856074407901
3016500	 78.19693192713326
3017000	 78.20141884766561
3017500	 78.20662384969326
3018000	 78.19337837190359
3018500	 78.19152095808383
3019000	 78.18856267062598
3019500	 78.17504548501388
3020000	 78.17280995691719
3020500	 78.17110175169906
3021000	 78.1736134373355
3021500	 78.17338883307019
3022000	 78.17699961729812
3022500	 78.15472888973893
3023000	 78.15752737008175
3023500	 78.15118057547079
3024000	 78.14478902852774
3024500	 78.1450071667463
3025000	 78.15570950788342
3025500	 78.16171412191859
3026000	 78.16680997420464
3026500	 78.16606170598911
3027000	 78.17613066526577
3027500	 78.18222625471563
3028000	 78.17338998424596
3028500	 78.17006348145674
3029000	 78.16362855506776
3029500	 78.16532277303307
3030000	 78.16457568096169
3030500	 78.15843189622282
3031000	 78.16050736731677
3031500	 78.15087953472852
3032000	 78.16031080179235
3032500	 78.16902616902617
3033000	 78.17238585454199
3033500	 78.17101877442104
3034000	 78.16511838406936
3034500	 78.16533295227208
3035000	 78.16865117165175
3035500	 78.16948426115529
3036000	 78.17814285714286
3036500	 78.17510950295181
3037000	 78.1788536608588
3037500	 78.17743931461209
3038000	 78.17635861806414
3038500	 78.18328892272554
3039000	 78.18969454753069
3039500	 78.19219790675547
3040000	 78.1810139826881
3040500	 78.17607341543436
3041000	 78.18576454925827
3041500	 78.18754456857619
3042000	 78.17588632259292
3042500	 78.16723679209426
3043000	 78.17687301059432
3043500	 78.1688990215636
3044000	 78.17158189675642
3044500	 78.16061339790153
3045000	 78.1580196515878
3045500	 78.16127195064072
3046000	 78.15715302491103
3046500	 78.14553389307908
3047000	 78.15125930844756
3047500	 78.14591236722306
3048000	 78.14441494405462
3048500	 78.13560527064176
3049000	 78.14313474572255
3049500	 78.13461265103057
3050000	 78.13539890089066
3050500	 78.13039359636242
3051000	 78.13345330555029
3051500	 78.13243371212121
3052000	 78.12031427489588
3052500	 78.12290000473239
3053000	 78.13363619155783
3053500	 78.13000898897667
3054000	 78.11473704124101
3054500	 78.12892546348846
3055000	 78.12900174965716
3055500	 78.13044917257683
3056000	 78.13071431948187
3056500	 78.13235016071091
3057000	 78.13796200018905
3057500	 78.1437618147448
3058000	 78.13436643673816
3058500	 78.12610995654639
3059000	 78.12055531945035
3059500	 78.11873849204476
3060000	 78.11299915038232
3060500	 78.10329369573424
3061000	 78.10842691327734
3061500	 78.10363696400773
3062000	 78.11107966605348
3062500	 78.10789908040556
3063000	 78.11793831934358
3063500	 78.11598302687412
3064000	 78.10581636500754
3064500	 78.10967103402771
3065000	 78.11852584947452
3065500	 78.11751401781086
3066000	 78.12310954063604
3066500	 78.11351325891385
3067000	 78.11849479583667
3067500	 78.1225335530963
3068000	 78.12548262548262
3068500	 78.12352885792298
3069000	 78.11709888454841
3069500	 78.12202927196574
3070000	 78.12083568605308
3070500	 78.12057771923222
3071000	 78.11589294953201
3071500	 78.10979968024076
3072000	 78.11142978043162
3072500	 78.10486979411488
3073000	 78.10466209230191
3073500	 78.11880815866152
3074000	 78.1168593177333
3074500	 78.11275016442733
3075000	 78.11230624706435
3075500	 78.110876303184
3076000	 78.12181263207326
3076500	 78.12710710428699
3077000	 78.12045817294151
3077500	 78.11475102079129
3078000	 78.11336868283985
3078500	 78.1174869797776
3079000	 78.1196284481141
3079500	 78.1196116140532
3080000	 78.12274283570189
3080500	 78.12093786635404
3081000	 78.12861630796642
3081500	 78.12211700731295
3082000	 78.12852723352395
3082500	 78.13146794150731
3083000	 78.12914714151827
3083500	 78.12640554722638
3084000	 78.12760575256476
3084500	 78.1244438199616
3085000	 78.12104893467571
3085500	 78.11596441947566
3086000	 78.10183928487855
3086500	 78.10046324458378
3087000	 78.10161878918312
3087500	 78.10731661676647
3088000	 78.10425631431244
3088500	 78.10629939671702
3089000	 78.09940153357023
3089500	 78.1086072280144
3090000	 78.11383292038708
3090500	 78.11268988081328
3091000	 78.10841121495326
3091500	 78.11466218110456
3092000	 78.108095482786
3092500	 78.09872507355345
3093000	 78.10459957973383
3093500	 78.090934553263
3094000	 78.09694734876774
3094500	 78.10333239988799
3095000	 78.10219318712086
3095500	 78.10507652108996
3096000	 78.10898572361668
3096500	 78.11284754618399
3097000	 78.11212686567164
3097500	 78.11510120324597
3098000	 78.11433900676148
3098500	 78.11885112136896
3099000	 78.11304307290696
3099500	 78.1048093950974
3100000	 78.1103448275862
3100500	 78.11382378977775
3101000	 78.10961009922207
3101500	 78.1171976895845
3102000	 78.10882928192233
3102500	 78.11011780043768
3103000	 78.10926443202979
3103500	 78.10039095224798
3104000	 78.10661764705883
3104500	 78.10851053929552
3105000	 78.11468850323361
3105500	 78.12356936819577
3106000	 78.1206567747337
3106500	 78.12711036695967
3107000	 78.12862723214286
3107500	 78.13335813261415
3108000	 78.13059042305905
3108500	 78.13555224990702
3109000	 78.14372704876122
3109500	 78.15185460630288
3110000	 78.15499372589116
3110500	 78.16036990566477
3111000	 78.15750592389537
3111500	 78.159760289882
3112000	 78.1471230204802
3112500	 78.14188875475904
3113000	 78.12517404622668
3113500	 78.1302209021719
3114000	 78.13312607303605
3114500	 78.1367263616962
3115000	 78.14632335884946
3115500	 78.15680089070328
3116000	 78.15858806067072
3116500	 78.1587051293943
3117000	 78.16104799443542
3117500	 78.15387111729254
3118000	 78.15120051914342
3118500	 78.1353442683718
3119000	 78.14872816568595
3119500	 78.14220863442654
3120000	 78.14274466212774
3120500	 78.13404639533269
3121000	 78.12442716289404
3121500	 78.12185865691674
3122000	 78.1255032625295
3122500	 78.12372183408134
3123000	 78.12792042563035
3123500	 78.12757886946063
3124000	 78.11889567147614
3124500	 78.12373994266162
3125000	 78.12209893666204
3125500	 78.12110566700564
3126000	 78.12520798668885
3126500	 78.12361939091456
3127000	 78.12323260327142
3127500	 78.12502310109038
3128000	 78.11894313825118
3128500	 78.12132828376131
3129000	 78.12362041099054
3129500	 78.11107007663189
3130000	 78.11696824224519
3130500	 78.11477755215064
3131000	 78.10418012365045
3131500	 78.11252595155709
3132000	 78.11782073165107
3132500	 78.12782544515177
3133000	 78.11736764434606
3133500	 78.11194614781687
3134000	 78.11400516319381
3134500	 78.11264749262537
3135000	 78.1074604856919
3135500	 78.10084769188244
3136000	 78.09433006310165
3136500	 78.0999401280339
3137000	 78.09702076714095
3137500	 78.09926335174954
3138000	 78.10528496455207
3138500	 78.10678941311853
3139000	 78.10285793179622
3139500	 78.10786434126364
3140000	 78.11918457503106
3140500	 78.11667816885208
3141000	 78.10707879122396
3141500	 78.10669610007358
3142000	 78.10654343127787
3142500	 78.11790131972226
3143000	 78.11793103448277
3143500	 78.10497770832376
3144000	 78.10869065673974
3144500	 78.1150682413492
3145000	 78.11095286226224
3145500	 78.10955443270556
3146000	 78.11818474116944
3146500	 78.12644681241962
3147000	 78.13631562026363
3147500	 78.13307618129218
3148000	 78.13015931316285
3148500	 78.13151854572163
3149000	 78.13425437187314
3149500	 78.12728857890149
3150000	 78.12529247144103
3150500	 78.12384752992982
3151000	 78.12772885709045
3151500	 78.1266507703595
3152000	 78.12369337979094
3152500	 78.1168813310721
3153000	 78.12282872725606
3153500	 78.11037294969303
3154000	 78.11650174088327
3154500	 78.12249198350894
3155000	 78.11815891916648
3155500	 78.11956223097353
3156000	 78.10445848210199
3156500	 78.09976660107088
3157000	 78.09970258522077
3157500	 78.10257114100101
3158000	 78.10095142255969
3158500	 78.10643066227588
3159000	 78.10833180903603
3159500	 78.10566020482808
3160000	 78.11081649446832
3160500	 78.10814022578728
3161000	 78.11439148119373
3161500	 78.12682235729629
3162000	 78.11682734043039
3162500	 78.11516148188754
3163000	 78.11139020825722
3163500	 78.12024478239029
3164000	 78.12548518197178
3164500	 78.12176414189837
3165000	 78.12805295594613
3165500	 78.12003103464014
3166000	 78.12494866061242
3166500	 78.11085766423358
3167000	 78.10102161817021
3167500	 78.10059738246159
3168000	 78.10227065475105
3168500	 78.10403464782311
3169000	 78.11049824497424
3169500	 78.12134196371592
3170000	 78.1261109338681
3170500	 78.12650382792563
3171000	 78.13205139888818
3171500	 78.14458215620158
3172000	 78.15030982321852
3172500	 78.15982504897717
3173000	 78.1660516605166
3173500	 78.16196766112503
3174000	 78.1722535981053
3174500	 78.17442390017305
3175000	 78.18567264778213
3175500	 78.17898283476757
3176000	 78.18524926018667
3176500	 78.18937497154823
3177000	 78.19180700955849
3177500	 78.1886320196596
3178000	 78.18641368641369
3178500	 78.18820799781629
3179000	 78.19725229733419
3179500	 78.20173762736536
3180000	 78.2001091504457
3180500	 78.19843579483448
3181000	 78.19995453512162
3181500	 78.19572727272727
3182000	 78.19505544446464
3182500	 78.19106688476917
3183000	 78.1898055606033
3183500	 78.18991596638655
3184000	 78.1895181434216
3184500	 78.18334544133673
3185000	 78.18422844690608
3185500	 78.18738084430322
3186000	 78.19663201851935
3186500	 78.20078972450415
3187000	 78.20289526229806
3187500	 78.21437647485932
3188000	 78.21762410382067
3188500	 78.20794774088188
3189000	 78.21160301188424
3189500	 78.21275341285319
3190000	 78.20012694958288
3190500	 78.2075531577277
3191000	 78.20647296133448
3191500	 78.19517832056917
3192000	 78.20414174370129
3192500	 78.20006342590496
3193000	 78.20406776589962
3193500	 78.20117753623188
3194000	 78.20046187284912
3194500	 78.20201928736361
3195000	 78.2023448463175
3195500	 78.19827118030413
3196000	 78.20695116984206
3196500	 78.21145753201502
3197000	 78.20697611292074
3197500	 78.19239292659762
3198000	 78.19104680081392
3198500	 78.19137393191374
3199000	 78.1836836158192
3199500	 78.18047898779936
3200000	 78.17419588001445
3200500	 78.17856174902882
3201000	 78.17396016799891
3201500	 78.16787068809825
3202000	 78.16517695919104
3202500	 78.16917938069875
3203000	 78.1699237261362
3203500	 78.17532379620019
3204000	 78.16937375924924
3204500	 78.1721928993549
3205000	 78.16136015152881
3205500	 78.16115068987284
3206000	 78.16672678088368
3206500	 78.16552470248828
3207000	 78.17006220138826
3207500	 78.16890491212257
3208000	 78.16892713918803
3208500	 78.16863398810597
3209000	 78.17520385637698
3209500	 78.17648648648648
3210000	 78.17753557917493
3210500	 78.17682817002881
3211000	 78.18320576316974
3211500	 78.17257832193015
3212000	 78.18365142239827
3212500	 78.19337414476054
3213000	 78.1889288928893
3213500	 78.1837203023758
3214000	 78.17972018534347
3214500	 78.16008633869953
3215000	 78.16749853860335
3215500	 78.16945418577465
3216000	 78.17762891696265
3216500	 78.1822881546415
3217000	 78.1896071203812
3217500	 78.19791432552704
3218000	 78.19919101123595
3218500	 78.2023638324645
3219000	 78.21147710421067
3219500	 78.2143242271747
3220000	 78.21185983827493
3220500	 78.22398921832884
3221000	 78.22220724969681
3221500	 78.21803565814884
3222000	 78.20872805639115
3222500	 78.21418630751964
3223000	 78.21879068097141
3223500	 78.21543018715498
3224000	 78.21760007180039
3224500	 78.21144959397012
3225000	 78.20646810801112
3225500	 78.20890702785128
3226000	 78.21319341674514
3226500	 78.20830344332855
3227000	 78.2194225251076
3227500	 78.21651425497579
3228000	 78.19388806739256
3228500	 78.2020342324581
3229000	 78.19854851715796
3229500	 78.19672131147541
3230000	 78.20584941998477
3230500	 78.20209574134611
3231000	 78.20907218341394
3231500	 78.21119319453773
3232000	 78.21560639298026
3232500	 78.22082456690093
3233000	 78.22456470166958
3233500	 78.22107854106063
3234000	 78.22050203588527
3234500	 78.2223514674302
3235000	 78.22294788637889
3235500	 78.22394668575006
3236000	 78.22018512721907
3236500	 78.23001252012162
3237000	 78.22450713040368
3237500	 78.2271142499553
3238000	 78.2277094972067
3238500	 78.21561969439729
3239000	 78.20371611059002
3239500	 78.20672561629154
3240000	 78.20150020091977
3240500	 78.21113492276096
3241000	 78.22327886418431
3241500	 78.22583813222624
3242000	 78.23068339061733
3242500	 78.23915372254955
3243000	 78.23965724996653
3243500	 78.24499085188987
3244000	 78.24460110655006
3244500	 78.23852433421064
3245000	 78.23951828724353
3245500	 78.23219620958751
3246000	 78.24119325782574
3246500	 78.24371321562333
3247000	 78.2394347360913
3247500	 78.22692633361558
3248000	 78.23118399358317
3248500	 78.23517355077307
3249000	 78.22750356379187
3249500	 78.22974477751548
3250000	 78.23002583058698
3250500	 78.23419130744567
3251000	 78.23558484349259
3251500	 78.23447446912701
3252000	 78.22881431369058
3252500	 78.2356135119498
3253000	 78.23508209851822
3253500	 78.23629649403809
3254000	 78.23563167259786
3254500	 78.23666770448783
3255000	 78.24180564820992
3255500	 78.24672032730022
3256000	 78.24400871459694
3256500	 78.25177841010137
3257000	 78.25642393527163
3257500	 78.26084637268848
3258000	 78.25924444444445
3258500	 78.25407687180626
3259000	 78.26246334310851
3259500	 78.26215015548645
3260000	 78.2567177437264
3260500	 78.25739408473221
3261000	 78.25597193854898
3261500	 78.25864594894561
3262000	 78.2570020862
3262500	 78.26444740346206
3263000	 78.27563249001332
3263500	 78.2738528445904
3264000	 78.27634556507077
3264500	 78.2795918367347
3265000	 78.28022002395421
3265500	 78.28644932357507
3266000	 78.28515676970154
3266500	 78.29538802660754
3267000	 78.28167390726128
3267500	 78.27717945308692
3268000	 78.28176379348548
3268500	 78.27762516614976
3269000	 78.28727127730274
3269500	 78.28598006644518
3270000	 78.28998538335475
3270500	 78.28052074569366
3271000	 78.26702080566622
3271500	 78.26524741081703
3272000	 78.26978226234732
3272500	 78.27298876006726
3273000	 78.28120713305898
3273500	 78.28489889827884
3274000	 78.28810334911294
3274500	 78.27993277013579
3275000	 78.28312400495312
3275500	 78.27806517221559
3276000	 78.26888564735005
3276500	 78.26760065408583
3277000	 78.25642838208006
3277500	 78.25373266189592
3278000	 78.2545382271101
3278500	 78.25737502208091
3279000	 78.24847682119206
3279500	 78.25938189845475
3280000	 78.27041942604856
3280500	 78.26838527412377
3281000	 78.267190396328
3281500	 78.2543128171189
3282000	 78.25188583528166
3282500	 78.24596454088383
3283000	 78.2441132374989
3283500	 78.24880952380953
3284000	 78.2401040289165
3284500	 78.24484308885755
3285000	 78.24936095196122
3285500	 78.24892041949414
3286000	 78.24521984315798
3286500	 78.25221375390987
3287000	 78.25575965816483
3287500	 78.26460223768831
3288000	 78.25179444273196
3288500	 78.24287915474356
3289000	 78.23971125489678
3289500	 78.23751265237864
3290000	 78.23716284595415
3290500	 78.23783545974483
3291000	 78.23643001671505
3291500	 78.24089549612948
3292000	 78.23865435356201
3292500	 78.23967814272524
3293000	 78.24598812925917
3293500	 78.25763904154759
3294000	 78.25327472527472
3294500	 78.2510767337611
3295000	 78.25280133585271
3295500	 78.24416816764047
3296000	 78.2442677677238
3296500	 78.2441370223979
3297000	 78.2344134176326
3297500	 78.23714825058168
3298000	 78.22218808970027
3298500	 78.23108653677374
3299000	 78.22708726363358
3299500	 78.21565789473684
3300000	 78.20309554084272
3300500	 78.21515324242557
3301000	 78.21960629576044
3301500	 78.22559291569857
3302000	 78.22287968441815
3302500	 78.22143827512161
3303000	 78.22689627974235
3303500	 78.21750558549087
3304000	 78.22533730506396
3304500	 78.23048620236531
3305000	 78.22605649222685
3305500	 78.22066549912434
3306000	 78.2184381019086
3306500	 78.2171743697479
3307000	 78.2120071763007
3307500	 78.21464823241162
3308000	 78.20663109089318
3308500	 78.21427634168744
3309000	 78.21695967812472
3309500	 78.22911746698155
3310000	 78.22333960036728
3310500	 78.23093739069604
3311000	 78.23173770491803
3311500	 78.24454644808743
3312000	 78.2286413494734
3312500	 78.22488749071525
3313000	 78.22415902140673
3313500	 78.22171748056259
3314000	 78.21205240174673
3314500	 78.22532751091703
3315000	 78.22095612311722
3315500	 78.22153832722194
3316000	 78.2236043821745
3316500	 78.22335689971197
3317000	 78.22595566416477
3317500	 78.22579519176229
3318000	 78.22807782915976
3318500	 78.22559539387595
3319000	 78.23278230906791
3319500	 78.22951463084907
3320000	 78.23175198395396
3320500	 78.23446832628504
3321000	 78.23670444638186
3321500	 78.22115217012376
3322000	 78.21928372255141
3322500	 78.21990851666304
3323000	 78.21777952001393
3323500	 78.20844763770955
3324000	 78.20968303726924
3324500	 78.20283799077218
3325000	 78.2079561281337
3325500	 78.20953914443622
3326000	 78.2117744321643
3326500	 78.2180212321615
3327000	 78.22558190123993
3327500	 78.22751000522011
3328000	 78.22546972860125
3328500	 78.2327664941504
3329000	 78.22592286621158
3329500	 78.2304247641407
3330000	 78.22913406364111
3330500	 78.22016514558888
3331000	 78.22689148668029
3331500	 78.2327380176422
3332000	 78.23680208559635
3332500	 78.23829177165696
3333000	 78.23041174426685
3333500	 78.22636675496113
3334000	 78.22115134149519
3334500	 78.21881239690946
3335000	 78.22051994271082
3335500	 78.21822521154263
3336000	 78.21771954182576
3336500	 78.21307422027502
3337000	 78.21530187369882
3337500	 78.22018388411831
3338000	 78.21754401179429
3338500	 78.22229448491154
3339000	 78.21743465256405
3339500	 78.21561998873142
3340000	 78.2105035098362
3340500	 78.1920561354875
3341000	 78.1902039755749
3341500	 78.20111731843575
3342000	 78.20711904040185
3342500	 78.2050915703338
3343000	 78.20584415584416
3343500	 78.20351454293629
3344000	 78.19693625860054
3344500	 78.19942021460713
3345000	 78.19327767443872
3345500	 78.19116820206739
3346000	 78.19369486248054
3346500	 78.19513987979418
3347000	 78.19680069174233
3347500	 78.200458239668
3348000	 78.20294804184317
3348500	 78.21345206190023
3349000	 78.20783093478542
3349500	 78.2171996542783
3350000	 78.21526097476668
3350500	 78.2030149885534
3351000	 78.1974349008939
3351500	 78.20745346979315
3352000	 78.20603600880791
3352500	 78.21401433382265
3353000	 78.20195088264491
3353500	 78.196729092949
3354000	 78.20193303417328
3354500	 78.20346002847405
3355000	 78.20836029506924
3355500	 78.20595212421824
3356000	 78.20890115577022
3356500	 78.21271182786425
3357000	 78.20792377996206
3357500	 78.20313779578467
3358000	 78.20116354234001
3358500	 78.19841440820372
3359000	 78.19877649491642
3359500	 78.19438342593789
3360000	 78.19776055124892
3360500	 78.19268030139935
3361000	 78.19606492444139
3361500	 78.20518339934561
3362000	 78.19402599638461
3362500	 78.20228104153217
3363000	 78.20242705912729
3363500	 78.20727194492255
3364000	 78.21435332587556
3364500	 78.2240674611711
3365000	 78.22955474295547
3365500	 78.22788076906534
3366000	 78.22249935494969
3366500	 78.22708118335053
3367000	 78.2322211712099
3367500	 78.23421177077512
3368000	 78.23474037138926
3368500	 78.23604246357502
3369000	 78.23368140604185
3369500	 78.2326530612245
3370000	 78.23744468788934
3370500	 78.23452600833298
3371000	 78.23091127716225
3371500	 78.23970455619015
3372000	 78.22288044644773
3372500	 78.21992360187133
3373000	 78.22729613733905
3373500	 78.23471095661131
3374000	 78.2295546211276
3374500	 78.22534425807558
3375000	 78.22638757827914
3375500	 78.23241550866358
3376000	 78.22446616928222
3376500	 78.21600651577504
3377000	 78.22319859402461
3377500	 78.22274129950283
3378000	 78.2279077740636
3378500	 78.23538738429893
3379000	 78.23273350471294
3379500	 78.22784322124652
3380000	 78.2240352905906
3380500	 78.2286411716843
3381000	 78.23011047358054
3381500	 78.23230723123689
3382000	 78.23046958606224
3382500	 78.23219482965246
3383000	 78.24121549325915
3383500	 78.2458595455129
3384000	 78.24050145473215
3384500	 78.23772245037645
3385000	 78.22061150310027
3385500	 78.21916285433323
3386000	 78.22504382027276
3386500	 78.22471573907839
3387000	 78.23210087625561
3387500	 78.22898414462156
3388000	 78.23263963078502
3388500	 78.23531171217365
3389000	 78.24341992821739
3389500	 78.24154135338345
3390000	 78.2429199948742
3390500	 78.2484944261735
3391000	 78.25402519752295
3391500	 78.25227379478201
3392000	 78.24260405549626
3392500	 78.23777208706787
3393000	 78.23927794136475
3393500	 78.23440566601246
3394000	 78.23830041380486
3394500	 78.23599914693965
3395000	 78.2416616906935
3395500	 78.23529913436528
3396000	 78.22106654162582
3396500	 78.2183437753058
3397000	 78.22156403153633
3397500	 78.21221933449789
3398000	 78.20176335292615
3398500	 78.17727446890034
3399000	 78.17583961179926
3399500	 78.18750266036692
3400000	 78.195709542862
3400500	 78.20016172965612
3401000	 78.20312367009959
3401500	 78.21290267670965
3402000	 78.2153433750319
3402500	 78.20597243491578
3403000	 78.21323748351695
3403500	 78.21486900306226
3404000	 78.22122990558816
3404500	 78.22737710494982
3405000	 78.23676489348131
3405500	 78.22854227777069
3406000	 78.22684575168955
3406500	 78.23264907135875
3407000	 78.24101147471313
3407500	 78.24507054224036
3408000	 78.24178952287888
3408500	 78.2417059598148
3409000	 78.2494584377522
3409500	 78.25671083927965
3410000	 78.25564803804994
3410500	 78.25416100543478
3411000	 78.24973468608057
3411500	 78.24666836431543
3412000	 78.2470932699652
3412500	 78.24279835390946
3413000	 78.24471875795368
3413500	 78.24493171600645
3414000	 78.2533186309852
3414500	 78.24140416331029
3415000	 78.24387452310302
3415500	 78.24647141101174
3416000	 78.23852705623119
3416500	 78.24826271186441
3417000	 78.24137931034483
3417500	 78.23466881246824
3418000	 78.2247014988568
3418500	 78.2250867835069
3419000	 78.22734391534391
3419500	 78.2273477506454
3420000	 78.21984345250688
3420500	 78.22184617987986
3421000	 78.22970514827192
3421500	 78.22258405582576
3422000	 78.23137105641545
3422500	 78.22722083632827
3423000	 78.22812209351484
3423500	 78.22961491313353
3424000	 78.210681991042
3424500	 78.20561024037852
3425000	 78.20896341978542
3425500	 78.1928891140951
3426000	 78.18795119685903
3426500	 78.1924099793153
3427000	 78.19962009286618
3427500	 78.20094542691935
3428000	 78.20188209477993
3428500	 78.20806785096417
3429000	 78.2153164556962
3429500	 78.20800641187886
3430000	 78.20992028343667
3430500	 78.2153430897052
3431000	 78.22461201079622
3431500	 78.21908335792891
3432000	 78.22023608768971
3432500	 78.22607705926987
3433000	 78.22405799544804
3433500	 78.22571536937924
3434000	 78.21511627906976
3434500	 78.2171532078015
3435000	 78.2248946925021
3435500	 78.2221192722372
3436000	 78.22851126552959
3436500	 78.22865083375441
3437000	 78.2324533703844
3437500	 78.22393399840047
3438000	 78.22280207061992
3438500	 78.23188283814494
3439000	 78.23087604140369
3439500	 78.23337119777862
3440000	 78.23008328426012
3440500	 78.22713318474284
3441000	 78.23115091880072
3441500	 78.22036320834034
3442000	 78.22682752532683
3442500	 78.21701126239704
3443000	 78.21900079835287
3443500	 78.21012392354547
3444000	 78.21422270760701
3444500	 78.20817235007559
3445000	 78.19429051217465
3445500	 78.20347592460433
3446000	 78.20298006295907
3446500	 78.20168702001763
3447000	 78.1951413946463
3447500	 78.19663534150025
3448000	 78.20337276617165
3448500	 78.20040265078433
3449000	 78.20592182519711
3449500	 78.20723780769069
3450000	 78.20661607479771
3450500	 78.20284205231388
3451000	 78.20537323441887
3451500	 78.18774877445846
3452000	 78.19179689136537
3452500	 78.20008378718056
3453000	 78.19313089005236
3453500	 78.19881889763779
3454000	 78.20861953426035
3454500	 78.20494137353434
3455000	 78.21175830157866
3455500	 78.2126109529392
3456000	 78.21652851042451
3456500	 78.2213663764233
3457000	 78.2299803256729
3457500	 78.23041185334003
3458000	 78.23461956976647
3458500	 78.23126490648144
3459000	 78.2337879675341
3459500	 78.24243818767519
3460000	 78.24650715301598
3460500	 78.23644042989169
3461000	 78.23825054356917
3461500	 78.24483652479304
3462000	 78.24395953515592
3462500	 78.24040792443367
3463000	 78.23597008064853
3463500	 78.23971085948273
3464000	 78.24253185711301
3464500	 78.24111282843894
3465000	 78.23010106071996
3465500	 78.22876826722339
3466000	 78.22772814561242
3466500	 78.2207429048414
3467000	 78.22916405826135
3467500	 78.22879198831629
3468000	 78.2301305853394
3468500	 78.23289671283163
3469000	 78.23127293960627
3469500	 78.23006672226856
3470000	 78.23613543490951
3470500	 78.24927028604787
3471000	 78.2466438755941
3471500	 78.24310129220508
3472000	 78.2439461509607
3472500	 78.23601966830569
3473000	 78.23653181117453
3473500	 78.23791868021996
3474000	 78.22293020156589
3474500	 78.22026982011992
3475000	 78.22295778166375
3475500	 78.21241258741259
3476000	 78.207832202755
3476500	 78.19929269814854
3477000	 78.1994342291372
3477500	 78.1909831974713
3478000	 78.19382875202729
3478500	 78.18608905334054
3479000	 78.19327346803027
3479500	 78.19290880372434
3480000	 78.19871155444721
3480500	 78.19668384308511
3481000	 78.19698354661791
3481500	 78.20074781886166
3482000	 78.19197541119787
3482500	 78.19386187134018
3483000	 78.1982891075952
3483500	 78.19130651388716
3484000	 78.18308222305234
3484500	 78.18754928408383
3485000	 78.1896422939663
3485500	 78.18221042150681
3486000	 78.19058286662518
3486500	 78.18872620183335
3487000	 78.18666279600215
3487500	 78.18879582020236
3488000	 78.19255327970811
3488500	 78.19631011608624
3489000	 78.20492516893992
3489500	 78.20410362694301
3490000	 78.19896394529631
3490500	 78.20350571854799
3491000	 78.20260192243951
3491500	 78.20049710024855
3492000	 78.20440707451435
3492500	 78.21076827500518
3493000	 78.21107338081829
3493500	 78.20726203784209
3494000	 78.21383621760371
3494500	 78.21521712133129
3495000	 78.20892310239219
3495500	 78.2162397053346
3496000	 78.21811636183067
3496500	 78.21804791261533
3497000	 78.21108583247157
3497500	 78.20404449774617
3498000	 78.21492080559116
3498500	 78.21298325408311
3499000	 78.21963119159845
3499500	 78.21910785894414
3500000	 78.22454631887892
3500500	 78.22397189501963
3501000	 78.23044179030458
3501500	 78.23637340385966
3502000	 78.22747366246644
3502500	 78.23348618168298
3503000	 78.23121721531535
3503500	 78.22687479352494
3504000	 78.22700247729149
3504500	 78.21542081149131
3505000	 78.21754023937268
3505500	 78.2108520734475
3506000	 78.21078471821107
3506500	 78.19637038564653
3507000	 78.18964948453608
3507500	 78.19412831931388
3508000	 78.19318931398416
3508500	 78.19563873201699
3509000	 78.20069246939532
3509500	 78.20149192218925
3510000	 78.1998928630295
3510500	 78.2058508446642
3511000	 78.211066249176
3511500	 78.21207003089599
3512000	 78.21158202561885
3512500	 78.2023471278567
3513000	 78.20599497673652
3513500	 78.19729963363932
3514000	 78.19578548792032
3514500	 78.19484794864408
3515000	 78.18706545439585
3515500	 78.19009420379284
3516000	 78.18454388418195
3516500	 78.18901135055108
3517000	 78.18148178603734
3517500	 78.18656470975168
3518000	 78.18472541926998
3518500	 78.18268124280783
3519000	 78.17623371820684
3519500	 78.16674197921374
3520000	 78.17026083384678
3520500	 78.17188270083786
3521000	 78.17399696111043
3521500	 78.17648749640702
3522000	 78.18000410593308
3522500	 78.1778398128002
3523000	 78.16950543812847
3523500	 78.18124358711266
3524000	 78.17410036518814
3524500	 78.15783429040196
3525000	 78.16080876020177
3525500	 78.154167862561
3526000	 78.15767464742538
3526500	 78.14364754098361
3527000	 78.14198492050484
3527500	 78.13999508357915
3528000	 78.12212802555597
3528500	 78.11714847268856
3529000	 78.11832139201638
3529500	 78.12896622313204
3530000	 78.12944162436548
3530500	 78.13122672015062
3531000	 78.1327658181223
3531500	 78.13090269252802
3532000	 78.13211407061904
3532500	 78.13348879070529
3533000	 78.13609031783041
3533500	 78.1305005725503
3534000	 78.12249570692616
3534500	 78.1167068634264
3535000	 78.10997588785811
3535500	 78.10611260929967
3536000	 78.113544433095
3536500	 78.10706699346406
3537000	 78.10611011272668
3537500	 78.10715890064115
3538000	 78.1010942348522
3538500	 78.10766341403667
3539000	 78.10593133853125
3539500	 78.09524975514202
3540000	 78.09433654316958
3540500	 78.09468831592689
3541000	 78.08781303532099
3541500	 78.09318923327896
3542000	 78.09983279637862
3542500	 78.10692439442134
3543000	 78.11095253629098
3543500	 78.10795825179387
3544000	 78.09594456898309
3544500	 78.08838270649117
3545000	 78.08592381340395
3545500	 78.08737982727718
3546000	 78.09487148152674
3546500	 78.09257524538752
3547000	 78.0989248187668
3547500	 78.09120521172639
3548000	 78.08915486077186
3548500	 78.09741502137187
3549000	 78.08688751424386
3549500	 78.07937993327366
3550000	 78.07488915103933
3550500	 78.07483933946148
3551000	 78.08358075405702
3551500	 78.08641724278162
3552000	 78.09405880200073
3552500	 78.09945919570609
3553000	 78.10282577759708
3553500	 78.10309781283031
3554000	 78.0981587611267
3554500	 78.10986465065236
3555000	 78.1148547043284
3555500	 78.11300743630379
3556000	 78.10827171528399
3556500	 78.1094365682252
3557000	 78.10572275699606
3557500	 78.10713125406107
3558000	 78.1032522635917
3558500	 78.1049447872686
3559000	 78.1131003125888
3559500	 78.10780095786996
3560000	 78.11396566419091
3560500	 78.10692257750365
3561000	 78.10634154258125
3561500	 78.09215169336848
3562000	 78.0981060145192
3562500	 78.09727910465918
3563000	 78.09421876266926
3563500	 78.09010579222569
3564000	 78.07800470054299
3564500	 78.06647761798664
3565000	 78.05690102057346
3565500	 78.06054102211064
3566000	 78.05413174622454
3566500	 78.05813529816606
3567000	 78.06193579727159
3567500	 78.06885524611398
3568000	 78.066091954023
3568500	 78.05814518086915
3569000	 78.07068867848183
3569500	 78.06772392588397
3570000	 78.057108190091
3570500	 78.0623609819226
3571000	 78.06530529720986
3571500	 78.06861555879023
3572000	 78.07447238618906
3572500	 78.08283808368708
3573000	 78.09500707499495
3573500	 78.09754618587542
3574000	 78.08850988158267
3574500	 78.0860710389138
3575000	 78.08298654599814
3575500	 78.08629257059751
3576000	 78.08975964451626
3576500	 78.08816995839896
3577000	 78.08719004926904
3577500	 78.08354195267705
3578000	 78.08312810367798
3578500	 78.07600710422217
3579000	 78.08674066599394
3579500	 78.08006133731487
3580000	 78.0823111684958
3580500	 78.0871459694989
3581000	 78.08588140379184
3581500	 78.0832425892317
3582000	 78.08613597870796
3582500	 78.08866577960566
3583000	 78.09232381873892
3583500	 78.08883872788101
3584000	 78.0929829511104
3584500	 78.09353590714919
3585000	 78.0977192134107
3585500	 78.09274404737924
3586000	 78.10003222947385
3586500	 78.09453417650138
3587000	 78.09726529461517
3587500	 78.09906572164948
3588000	 78.08506441223832
3588500	 78.08904275018115
3589000	 78.07912105602061
3589500	 78.07810236600676
3590000	 78.07652075957515
3590500	 78.08198897694814
3591000	 78.08121153614094
3591500	 78.08510638297872
3592000	 78.09258365508366
3592500	 78.09345719226283
3593000	 78.09702842896779
3593500	 78.09604792345114
3594000	 78.09788551214021
3594500	 78.10740844957189
3595000	 78.10646678188176
3595500	 78.09691417550627
3596000	 78.10518703041504
3596500	 78.10239826457237
3597000	 78.10339010282776
3597500	 78.11077639876291
3598000	 78.11965297023738
3598500	 78.12446282983252
3599000	 78.12786635074896
3599500	 78.11529969087478
3600000	 78.11705202312139
3600500	 78.12363023321157
3601000	 78.13012241621513
3601500	 78.12359550561797
3602000	 78.12486458291538
3602500	 78.12279857182975
3603000	 78.12346570397112
3603500	 78.12642387293438
3604000	 78.1303441084463
3604500	 78.1214915797915
3605000	 78.1192671584349
3605500	 78.09854131602148
3606000	 78.10370251642891
3606500	 78.10344551282051
3607000	 78.09709204518144
3607500	 78.09904281308823
3608000	 78.09137137137137
3608500	 78.08218245866858
3609000	 78.09010487551036
3609500	 78.0847640773202
3610000	 78.08847893072952
3610500	 78.08554395230665
3611000	 78.0790463237059
3611500	 78.07655387568994
3612000	 78.07482204270976
3612500	 78.07673237634451
3613000	 78.0715599264412
3613500	 78.07462925210856
3614000	 78.06961873551275
3614500	 78.06736993526732
3615000	 78.0628820262874
3615500	 78.06115438386259
3616000	 78.06514098570173
3616500	 78.07360811566419
3617000	 78.0776357827476
3617500	 78.0839423345713
3618000	 78.08812841911912
3618500	 78.0928329007786
3619000	 78.09086191065512
3619500	 78.08976968826089
3620000	 78.08728099932155
3620500	 78.0858305734009
3621000	 78.08665815512289
3621500	 78.09719119055218
3622000	 78.09154732937094
3622500	 78.09728371425153
3623000	 78.0894445109064
3623500	 78.09258373205742
3624000	 78.08989794291182
3624500	 78.08469847343457
3625000	 78.07750547917912
3625500	 78.08335657648324
3626000	 78.08330677290837
3626500	 78.08596582081823
3627000	 78.08192607933726
3627500	 78.08594185583434
3628000	 78.08341960659394
3628500	 78.08181383868143
3629000	 78.0730377328451
3629500	 78.07808644432062
3630000	 78.07624353362515
3630500	 78.07699041101341
3631000	 78.08578021803135
3631500	 78.09349512631789
3632000	 78.09475694168192
3632500	 78.0868994591155
3633000	 78.09616225889839
3633500	 78.08794878931255
3634000	 78.09303065240726
3634500	 78.09747565096403
3635000	 78.1018006916564
3635500	 78.10672125283199
3636000	 78.11765173496562
3636500	 78.11258146558576
3637000	 78.1118881118881
3637500	 78.11103607182584
3638000	 78.11241310824231
3638500	 78.1121966718297
3639000	 78.11377174172027
3639500	 78.11924237611181
3640000	 78.12682152074647
3640500	 78.12211194918619
3641000	 78.12293097288929
3641500	 78.11926022939238
3642000	 78.10406665344178
3642500	 78.10699408894355
3643000	 78.11655492521919
3643500	 78.12416693113298
3644000	 78.12800476001587
3644500	 78.13450477965968
3645000	 78.13615451733165
3645500	 78.12501486856192
3646000	 78.12595147478592
3646500	 78.1133526217748
3647000	 78.11139290667724
3647500	 78.10304663048215
3648000	 78.09375371331247
3648500	 78.09869697809815
3649000	 78.09987327736417
3649500	 78.10081172045139
3650000	 78.0966388218061
3650500	 78.09876494339323
3651000	 78.10279449018365
3651500	 78.10622971582363
3652000	 78.10320538187574
3652500	 78.10219988921422
3653000	 78.08844237006566
3653500	 78.08771652297715
3654000	 78.08691182285489
3654500	 78.0694861660079
3655000	 78.06484884410196
3655500	 78.06887422452286
3656000	 78.07167410802481
3656500	 78.0731273704172
3657000	 78.06564499565526
3657500	 78.05741589006476
3658000	 78.0616362631288
3658500	 78.06063955783655
3659000	 78.06201397386808
3659500	 78.05264611863136
3660000	 78.05066487787555
3660500	 78.04264468026352
3661000	 78.05313819085565
3661500	 78.05443357526033
3662000	 78.06622751656674
3662500	 78.05899518889503
3663000	 78.05748757984387
3663500	 78.06181990222362
3664000	 78.05731404470022
3664500	 78.053085835895
3665000	 78.05177712979746
3665500	 78.05989203672327
3666000	 78.06769109535067
3666500	 78.06563189410653
3667000	 78.0612076095947
3667500	 78.06920047262702
3668000	 78.07837422708833
3668500	 78.07320050401638
3669000	 78.08182068748278
3669500	 78.08480648844443
3670000	 78.08258867062945
3670500	 78.09298114395938
3671000	 78.09131341756209
3671500	 78.08625846056981
3672000	 78.08148089861116
3672500	 78.08079933912907
3673000	 78.0730326031384
3673500	 78.07235548564687
3674000	 78.07309113784697
3674500	 78.06863477337946
3675000	 78.06862668029243
3675500	 78.06267929421936
3676000	 78.07230714819036
3676500	 78.06820682068206
3677000	 78.06851037083595
3677500	 78.07357215806427
3678000	 78.07694422623723
3678500	 78.07543983663211
3679000	 78.07672674441434
3679500	 78.08206054419098
3680000	 78.07462217860648
3680500	 78.07099964676793
3681000	 78.06910489345839
3681500	 78.06450094161958
3682000	 78.06861514319341
3682500	 78.0598133040477
3683000	 78.05560566252304
3683500	 78.05383258184669
3684000	 78.05610004704407
3684500	 78.06790026658304
3685000	 78.0596535235557
3685500	 78.05619342450723
3686000	 78.05148095909732
3686500	 78.0521408704509
3687000	 78.05299647473561
3687500	 78.05185243205138
3688000	 78.05082621975096
3688500	 78.0521905955131
3689000	 78.06009709498082
3689500	 78.05832615673687
3690000	 78.06282292155942
3690500	 78.06465500371806
3691000	 78.05485562250567
3691500	 78.05621845780682
3692000	 78.0608301060126
3692500	 78.06489340895756
3693000	 78.06096988658584
3693500	 78.06405192976968
3694000	 78.0685826001955
3694500	 78.07440278375103
3695000	 78.06335991244528
3695500	 78.06425137765271
3696000	 78.06302997147435
3696500	 78.06704958387058
3697000	 78.07044344598555
3697500	 78.0772386310361
3698000	 78.08133447925618
3698500	 78.08011092883369
3699000	 78.08608366207085
3699500	 78.0895528217145
3700000	 78.10001952743605
3700500	 78.10238987816308
3701000	 78.09764572677938
3701500	 78.09763429106808
3702000	 78.10090167453843
3702500	 78.09432195121951
3703000	 78.07856752750254
3703500	 78.08277422374785
3704000	 78.08315456921096
3704500	 78.09270670826832
3705000	 78.09749629514079
3705500	 78.10033144862547
3706000	 78.10367684329552
3706500	 78.09683078002573
3707000	 78.0965466167758
3707500	 78.10144984020579
3708000	 78.08653471518741
3708500	 78.08426178418387
3709000	 78.07730954977411
3709500	 78.08302827323
3710000	 78.09358205467716
3710500	 78.08994626586714
3711000	 78.07746204748929
3711500	 78.07932121589538
3712000	 78.08379062074333
3712500	 78.07493580266127
3713000	 78.06838338260464
3713500	 78.07059235346739
3714000	 78.07140079334215
3714500	 78.06987324053192
3715000	 78.0664800559832
3715500	 78.06915720727726
3716000	 78.07786502876691
3716500	 78.08711708909968
3717000	 78.09477162293489
3717500	 78.09460509950249
3718000	 78.08934053549916
3718500	 78.09123761414416
3719000	 78.09822816288468
3719500	 78.09436307835749
3720000	 78.09089143523015
3720500	 78.09123038682615
3721000	 78.08810966138553
3721500	 78.09362016075796
3722000	 78.09357043019102
3722500	 78.09783368273935
3723000	 78.09883156709755
3723500	 78.08902860247603
3724000	 78.09204858550972
3724500	 78.08737487390394
3725000	 78.08262539276156
3725500	 78.0809835938409
3726000	 78.08497188287764
3726500	 78.07063932074594
3727000	 78.06267684793984
3727500	 78.06262837654536
3728000	 78.06137869570271
3728500	 78.05547807221447
3729000	 78.05682742591516
3729500	 78.05782787202726
3730000	 78.05045693928129
3730500	 78.0580445304937
3731000	 78.06187323343788
3731500	 78.06310491676345
3732000	 78.05895103541707
3732500	 78.04964786007275
3733000	 78.0444152125972
3733500	 78.05164809656453
3734000	 78.05899647955434
3734500	 78.0569372993463
3735000	 78.05495610472985
3735500	 78.05939904868711
3736000	 78.05819123844874
3736500	 78.0621689541852
3737000	 78.05384407251363
3737500	 78.03806027820711
3738000	 78.0383263145694
3738500	 78.04199343248986
3739000	 78.05103144556904
3739500	 78.04793171372292
3740000	 78.04997296671044
3740500	 78.0548733395119
3741000	 78.05706784045717
3741500	 78.05609172328597
3742000	 78.0609897321084
3742500	 78.05283266440259
3743000	 78.05348253907003
3743500	 78.04926697530864
3744000	 78.05292801481367
3744500	 78.05774571825336
3745000	 78.06287124893929
3745500	 78.06614470842332
3746000	 78.07420263025955
3746500	 78.07635354002777
3747000	 78.0755320789636
3747500	 78.0742868157286
3748000	 78.07840567419629
3748500	 78.0674399784192
3749000	 78.06291901055714
3749500	 78.0702727693019
3750000	 78.0722678069263
3750500	 78.07892912172574
3751000	 78.0803451064977
3751500	 78.08179927597628
3752000	 78.09258260802588
3752500	 78.09623382624768
3753000	 78.09205713625688
3753500	 78.09570741097208
3754000	 78.10239827539746
3754500	 78.10172818598207
3755000	 78.09674440083121
3755500	 78.10112359550561
3756000	 78.10106955986457
3756500	 78.09042655486749
3757000	 78.09653846153846
3757500	 78.1040729202723
3758000	 78.11114102218974
3758500	 78.10208004921374
3759000	 78.10556666154083
3759500	 78.11013300530483
3760000	 78.10676813098121
3760500	 78.0980595581172
3761000	 78.096354066618
3761500	 78.0914189137282
3762000	 78.10248137051548
3762500	 78.09577940781136
3763000	 78.09949694712185
3763500	 78.08895116707616
3764000	 78.09593458482091
3764500	 78.09684477199447
3765000	 78.08588203691623
3765500	 78.085216590569
3766000	 78.0797529538131
3766500	 78.08676972649508
3767000	 78.09317222861527
3767500	 78.08655468630158
3768000	 78.08519938650306
3768500	 78.08338445023769
3769000	 78.07550785741664
3769500	 78.07097145046944
3770000	 78.06977278822943
3770500	 78.07026012335747
3771000	 78.07075001915268
3771500	 78.08113077453459
3772000	 78.07590670598599
3772500	 78.07382730231667
3773000	 78.08320888378327
3773500	 78.08561145570106
3774000	 78.09115620214395
3774500	 78.095360232754
3775000	 78.08572850089938
3775500	 78.09142397918181
3776000	 78.09972447573855
3776500	 78.0912812272849
3777000	 78.09348940402417
3777500	 78.09470262000383
3778000	 78.09587731375248
3778500	 78.09448608137045
3779000	 78.09684572739438
3779500	 78.10487077534792
3780000	 78.10550862036011
3780500	 78.10365783740397
3781000	 78.10280516701063
3781500	 78.10474225228323
3782000	 78.09849468938641
3782500	 78.10230745721272
3783000	 78.10168067226891
3783500	 78.10805133297686
3784000	 78.09629997327121
3784500	 78.09819792302993
3785000	 78.10032448940638
3785500	 78.09427480916031
3786000	 78.08222993856603
3786500	 78.08729825632416
3787000	 78.08697974287567
3787500	 78.09483482108797
3788000	 78.08279623202776
3788500	 78.0808770257388
3789000	 78.08288851608968
3789500	 78.09245844136038
3790000	 78.09721692718261
3790500	 78.10636675562333
3791000	 78.10421590302661
3791500	 78.10656706178298
3792000	 78.11460477170516
3792500	 78.10638622161255
3793000	 78.10812664304493
3793500	 78.10906666666666
3794000	 78.10779309819456
3794500	 78.11174588665448
3795000	 78.11222818843063
3795500	 78.09974872458692
3796000	 78.10221173246032
3796500	 78.09877060099723
3797000	 78.1032159847764
3797500	 78.10232505042049
3798000	 78.10676914881473
3798500	 78.10709937604626
3799000	 78.10297082429913
3799500	 78.10463258785943
3800000	 78.10678836280661
3800500	 78.10540324727175
3801000	 78.10675994220972
3801500	 78.10762212507127
3802000	 78.11118713650359
3802500	 78.11627199817553
3803000	 78.12337514253136
3803500	 78.12419716489948
3804000	 78.11779010563113
3804500	 78.11286707442162
3805000	 78.11284992593156
3805500	 78.1119592875318
3806000	 78.11464266727424
3806500	 78.11546493526218
3807000	 78.11883518736474
3807500	 78.12676537585422
3808000	 78.12157904725754
3808500	 78.11973888952143
3809000	 78.11257825839499
3809500	 78.11514530692769
3810000	 78.11486230179804
3810500	 78.11750426702068
3811000	 78.11942506067962
3811500	 78.11963899738349
3812000	 78.11662117076129
3812500	 78.10612492419648
3813000	 78.11392836839113
3813500	 78.10298575325857
3814000	 78.10103803606607
3814500	 78.10542465338283
3815000	 78.10138999356134
3815500	 78.10581329293694
3816000	 78.11255017798985
3816500	 78.12023327148104
3817000	 78.11691655308194
3817500	 78.12380267292622
3818000	 78.12177764318432
3818500	 78.11994247000491
3819000	 78.11769157994324
3819500	 78.11862418646889
3820000	 78.11679025423729
3820500	 78.10632020878248
3821000	 78.10997655245443
3821500	 78.10700646576171
3822000	 78.10691467241314
3822500	 78.11356419174354
3823000	 78.11816738489453
3823500	 78.11360973581768
3824000	 78.10337791883927
3824500	 78.10181337363052
3825000	 78.10512597741095
3825500	 78.10424141707898
3826000	 78.11224412719994
3826500	 78.11143418170833
3827000	 78.10763770906482
3827500	 78.10769695368238
3828000	 78.11062882161998
3828500	 78.09716247830353
3829000	 78.10190914578932
3829500	 78.10903603093756
3830000	 78.11774692522448
3830500	 78.1275182977439
3831000	 78.1277302048361
3831500	 78.12435409044619
3832000	 78.12883273618706
3832500	 78.12787058335533
3833000	 78.13253648052486
3833500	 78.13335092746192
3834000	 78.13212952840502
3834500	 78.13513513513513
3835000	 78.13372027286775
3835500	 78.13736574335783
3836000	 78.13440596857455
3836500	 78.13921856749934
3837000	 78.14022001205545
3837500	 78.144127175469
3838000	 78.14859876450204
3838500	 78.154802259887
3839000	 78.1468971230607
3839500	 78.14038852496047
3840000	 78.13471093044264
3840500	 78.13013208896248
3841000	 78.13889516068338
3841500	 78.13744450297239
3842000	 78.13252830756498
3842500	 78.13126716064242
3843000	 78.13735519783361
3843500	 78.13262888730117
3844000	 78.13754465125024
3844500	 78.13474190759051
3845000	 78.12433285725024
3845500	 78.11897335688249
3846000	 78.12369894412505
3846500	 78.12872440353185
3847000	 78.13021263806446
3847500	 78.13689469927495
3848000	 78.13141784037559
3848500	 78.13516355578923
3849000	 78.12826193068749
3849500	 78.12629049817923
3850000	 78.13191185855325
3850500	 78.12588199969974
3851000	 78.1298131051565
3851500	 78.13096176216743
3852000	 78.13737335834897
3852500	 78.13678997523824
3853000	 78.13549403556156
3853500	 78.13461105693496
3854000	 78.13346583664591
3854500	 78.12991638858685
3855000	 78.11750815247947
3855500	 78.1215096885424
3856000	 78.12423174936292
3856500	 78.12500468392851
3857000	 78.12536530535782
3857500	 78.11949803333958
3858000	 78.11843140192516
3858500	 78.11327890952666
3859000	 78.11611622856287
3859500	 78.12434942149999
3860000	 78.1262448521153
3860500	 78.12679219855501
3861000	 78.12591234045739
3861500	 78.12717065868263
3862000	 78.12258185219832
3862500	 78.1290877796902
3863000	 78.12427518611351
3863500	 78.12905397822915
3864000	 78.12727680742043
3864500	 78.11681124738259
3865000	 78.12346232940736
3865500	 78.12022429906543
3866000	 78.12706067062913
3866500	 78.1268921696879
3867000	 78.12428998505231
3867500	 78.11106545128511
3868000	 78.10959211116092
3868500	 78.10523957127386
3869000	 78.10765496639283
3869500	 78.11021916887577
3870000	 78.11356678862091
3870500	 78.11534585090895
3871000	 78.11432090471392
3871500	 78.11374407582939
3872000	 78.11234655423306
3872500	 78.10486067072033
3873000	 78.1004028047143
3873500	 78.10042886444154
3874000	 78.0948918717375
3874500	 78.09084808946878
3875000	 78.09247800805129
3875500	 78.08492956696728
3876000	 78.08876136533016
3876500	 78.09184738057978
3877000	 78.08650299891964
3877500	 78.09152542372881
3878000	 78.09643535590568
3878500	 78.08877965218039
3879000	 78.08362499069179
3879500	 78.08972783796865
3880000	 78.08479749851102
3880500	 78.08564409870846
3881000	 78.08716040193525
3881500	 78.08495199821388
3882000	 78.0799880947952
3882500	 78.08671875
3883000	 78.08838299296953
3883500	 78.08096247536167
3884000	 78.0877277798438
3884500	 78.08540938499293
3885000	 78.0814528421131
3885500	 78.07883879121287
3886000	 78.07544224765869
3886500	 78.07803500427335
3887000	 78.08605826397147
3887500	 78.08470798038341
3888000	 78.0827265973254
3888500	 78.08401738290681
3889000	 78.08571640793285
3889500	 78.08886660724896
3890000	 78.09052764472169
3890500	 78.09627594400921
3891000	 78.08909016667285
3891500	 78.09320020785391
3892000	 78.09467433661162
3892500	 78.09566572658453
3893000	 78.09769581833699
3893500	 78.10095351166846
3894000	 78.09473996587283
3894500	 78.09532287378065
3895000	 78.0986537106405
3895500	 78.09489024028478
3896000	 78.08915993178617
3896500	 78.09419483985765
3897000	 78.09273535952558
3897500	 78.09988510433269
3898000	 78.09564218483658
3898500	 78.0863186752121
3899000	 78.08779078381983
3899500	 78.09367360545225
3900000	 78.10259639245898
3900500	 78.09742640251805
3901000	 78.10078868441515
3901500	 78.10470583879447
3902000	 78.09980010364995
3902500	 78.10245780278353
3903000	 78.10077720207254
3903500	 78.0973172987974
3904000	 78.09534204003108
3904500	 78.08943961531348
3905000	 78.08502218934912
3905500	 78.08360449637628
3906000	 78.08703690009614
3906500	 78.08787755554734
3907000	 78.08905071713737
3907500	 78.09780800650574
3908000	 78.10952574575833
3908500	 78.10913996378017
3909000	 78.1020212097698
3909500	 78.0949425542133
3910000	 78.09615100472813
3910500	 78.07739172174426
3911000	 78.07664193155388
3911500	 78.0728997490034
3912000	 78.07060082669028
3912500	 78.06405431333481
3913000	 78.06880903187721
3913500	 78.0715708699181
3914000	 78.07012172630026
3914500	 78.07882409354137
3915000	 78.08531277663027
3915500	 78.08238678271131
3916000	 78.09127452426611
3916500	 78.09606165646434
3917000	 78.0921726947609
3917500	 78.09666359447004
3918000	 78.10144874110665
3918500	 78.10305934389974
3919000	 78.10595953267239
3919500	 78.10100228461936
3920000	 78.10312810876533
3920500	 78.09721505930892
3921000	 78.08761462821788
3921500	 78.0940561243279
3922000	 78.09478219243657
3922500	 78.09834677270887
3923000	 78.10541237113402
3923500	 78.11494845360825
3924000	 78.11194963922838
3924500	 78.11835081906865
3925000	 78.11741755005889
3925500	 78.1202061096798
3926000	 78.1219592978324
3926500	 78.11792626388991
3927000	 78.11835473308561
3927500	 78.11826374839066
3928000	 78.1078258311268
3928500	 78.11488250652741
3929000	 78.11321101592087
3929500	 78.10465372739303
3930000	 78.10879952951555
3930500	 78.10705229502774
3931000	 78.10994745158564
3931500	 78.10242845071457
3932000	 78.10569045957165
3932500	 78.09008446566287
3933000	 78.09338278495888
3933500	 78.10171483127088
3934000	 78.09784125119319
3934500	 78.0835351978272
3935000	 78.0795567135151
3935500	 78.07679324894515
3936000	 78.07131327953044
3936500	 78.07156219051461
3937000	 78.05746030581936
3937500	 78.05488542621448
3938000	 78.06210588062766
3938500	 78.06573062541241
3939000	 78.07008797653958
3939500	 78.0734550252914
3940000	 78.07693153496555
3940500	 78.07417179712694
3941000	 78.07606903374739
3941500	 78.08324783819434
3942000	 78.07865333186797
3942500	 78.09008315932154
3943000	 78.08178588433505
3943500	 78.08804570758863
3944000	 78.09544039553195
3944500	 78.09902222873257
3945000	 78.10296971694314
3945500	 78.09925313026287
3946000	 78.10503001903646
3946500	 78.10362371888726
3947000	 78.10485671412363
3947500	 78.10682134231135
3948000	 78.10461031833151
3948500	 78.10657447042037
3949000	 78.10952990671301
3949500	 78.11307019790029
3950000	 78.11100544969094
3950500	 78.10828304991772
3951000	 78.10903905221588
3951500	 78.10946583305912
3952000	 78.1128943808723
3952500	 78.1053766585036
3953000	 78.09969302733518
3953500	 78.09920707421347
3954000	 78.0897201724264
3954500	 78.0927089421391
3955000	 78.08516543714849
3955500	 78.08161104213832
3956000	 78.08240534521158
3956500	 78.0833820093458
3957000	 78.0781472423988
3957500	 78.08599167822469
3958000	 78.09544492298708
3958500	 78.09075648651607
3959000	 78.09509213647145
3959500	 78.09873390009851
3960000	 78.10259403845453
3960500	 78.10678194885266
3961000	 78.1060733175269
3961500	 78.11500583600817
3962000	 78.11740034282796
3962500	 78.11643510921489
3963000	 78.12153144940747
3963500	 78.1177178271965
3964000	 78.11763204899209
3964500	 78.10995298662488
3965000	 78.11424510768558
3965500	 78.11091273456003
3966000	 78.11611469377345
3966500	 78.11766848816029
3967000	 78.11126893939394
3967500	 78.10899490167516
3968000	 78.10103400567975
3968500	 78.10463084316295
3969000	 78.11256735109946
3969500	 78.11652712049509
3970000	 78.11815236777927
3970500	 78.12579165756715
3971000	 78.12435402867749
3971500	 78.12459517484808
3972000	 78.12913437397664
3972500	 78.13633386697715
3973000	 78.14597584048902
3973500	 78.14380820721769
3974000	 78.13384251682125
3974500	 78.13356849339976
3975000	 78.1428051929161
3975500	 78.1466128504418
3976000	 78.14247800479896
3976500	 78.14413464684286
3977000	 78.14240540835242
3977500	 78.14337112952464
3978000	 78.14586815902318
3978500	 78.14745103738963
3979000	 78.13964471246413
3979500	 78.1424264438794
3980000	 78.1478279819846
3980500	 78.14948247684765
3981000	 78.14979301329072
3981500	 78.14213621841418
3982000	 78.14520637455985
3982500	 78.14558983666062
3983000	 78.14771531230718
3983500	 78.15285792052259
3984000	 78.16200326619489
3984500	 78.16242107554974
3985000	 78.1654571843251
3985500	 78.17016181699441
3986000	 78.17741174763269
3986500	 78.1779728651237
3987000	 78.1728265206195
3987500	 78.17498368027853
3988000	 78.17231126260063
3988500	 78.16924080922341
3989000	 78.17572417793569
3989500	 78.17810404205184
3990000	 78.17702707600856
3990500	 78.17598666328416
3991000	 78.16943256757736
3991500	 78.16567039814512
3992000	 78.16049695740365
3992500	 78.16269467584209
3993000	 78.15694369002354
3993500	 78.15543647489048
3994000	 78.15052128583841
3994500	 78.15010677959967
3995000	 78.143420671685
3995500	 78.14796989216183
3996000	 78.13812814297602
3996500	 78.1371314885151
3997000	 78.13708043981481
3997500	 78.14039783001809
3998000	 78.13229923708283
3998500	 78.13449023861172
3999000	 78.14048660569033
3999500	 78.14274869866975
4000000	 78.14957527561901
4000500	 78.1449170611832
4001000	 78.15351812366738
4001500	 78.16102919919052
4002000	 78.1590909090909
4002500	 78.15125352214436
4003000	 78.1614045227946
4003500	 78.16210944554813
4004000	 78.16462599776068
4004500	 78.16963415074578
4005000	 78.17116856853966
4005500	 78.16763548398744
4006000	 78.16747292418772
4006500	 78.17200924121002
4007000	 78.1722009672995
4007500	 78.17724122996968
4008000	 78.16467022658392
4008500	 78.16750847824518
4009000	 78.1708152958153
4009500	 78.17097099985573
4010000	 78.18074592410908
4010500	 78.18053952683208
4011000	 78.17465926299849
4011500	 78.18244095907698
4012000	 78.19134667387777
4012500	 78.19421010887591
4013000	 78.19509029955661
4013500	 78.19437736529105
4014000	 78.18470740847506
4014500	 78.18514915693903
4015000	 78.17768892731071
4015500	 78.17131230193029
4016000	 78.16547850507669
4016500	 78.16863479262673
4017000	 78.1658747300216
4017500	 78.17094417047622
4018000	 78.17261733371724
4018500	 78.16946163811717
4019000	 78.1628049219256
4019500	 78.16343490304709
4020000	 78.16428057553956
4020500	 78.16022298147816
4021000	 78.1642032581724
4021500	 78.16317284527705
4022000	 78.16603746449502
4022500	 78.15935152234084
4023000	 78.1568127089099
4023500	 78.16194070080863
4024000	 78.16145028567321
4024500	 78.15865488251778
4025000	 78.14773176250853
4025500	 78.14745914885975
4026000	 78.15129098287069
4026500	 78.15634313619879
4027000	 78.16438061041292
4027500	 78.17090948260386
4028000	 78.17722246158264
4028500	 78.18144611186904
4029000	 78.1884042362233
4029500	 78.18471589073549
4030000	 78.17566840122016
4030500	 78.16881346202146
4031000	 78.16951280763435
4031500	 78.16197991391678
4032000	 78.16196248610264
4032500	 78.16686390532544
4033000	 78.1665531213023
4033500	 78.16534614419389
4034000	 78.16967198422657
4034500	 78.16918169110004
4035000	 78.18036488763038
4035500	 78.17330227557785
4036000	 78.17931627606966
4036500	 78.1893857951695
4037000	 78.19435287372796
4037500	 78.19411006018916
4038000	 78.19573705892888
4038500	 78.20045133789448
4039000	 78.19967049890764
4039500	 78.19691327078708
4040000	 78.1951664876477
4040500	 78.20415324024347
4041000	 78.2075755405986
4041500	 78.20794701986755
4042000	 78.19586300683534
4042500	 78.19888356115365
4043000	 78.19893377222799
4043500	 78.19722391156584
4044000	 78.20447878657795
4044500	 78.20155232849274
4045000	 78.20826925140385
4045500	 78.21487839771102
4046000	 78.21438277785724
4046500	 78.21313644164759
4047000	 78.20930897651307
4047500	 78.20322384645627
4048000	 78.212616154396
4048500	 78.2063531765883
4049000	 78.21023295698156
4049500	 78.21475526973919
4050000	 78.22285734700439
4050500	 78.23118145118073
4051000	 78.23139846401143
4051500	 78.22760714285714
4052000	 78.23484875540159
4052500	 78.2337439742903
4053000	 78.23160412724481
4053500	 78.23777222420564
4054000	 78.23244690344458
4054500	 78.23152973088729
4055000	 78.22649252399815
4055500	 78.22711054021266
4056000	 78.233025297035
4056500	 78.24344382202875
4057000	 78.24975024975025
4057500	 78.24370407362488
4058000	 78.24864459980026
4058500	 78.25490405877737
4059000	 78.25537605648871
4059500	 78.25841534731137
4060000	 78.26625066856838
4060500	 78.25712961642664
4061000	 78.26245811648963
4061500	 78.26357058844495
4062000	 78.2678641434121
4062500	 78.27162253661666
4063000	 78.27545166233118
4063500	 78.27045033490096
4064000	 78.259982190561
4064500	 78.26155709096089
4065000	 78.26227698443788
4065500	 78.26981696460366
4066000	 78.27857702442846
4066500	 78.27557232883541
4067000	 78.27721609113564
4067500	 78.27378537106247
4068000	 78.2672502757909
4068500	 78.26814688300598
4069000	 78.27336772816224
4069500	 78.2722971290334
4070000	 78.27172482481414
4070500	 78.27444424684332
4071000	 78.26998577524893
4071500	 78.26485333333333
4072000	 78.2597227159616
4072500	 78.26322337551542
4073000	 78.27021647175914
4073500	 78.27642709888391
4074000	 78.27307295923806
4074500	 78.26672588381595
4075000	 78.27178740185455
4075500	 78.2663043478261
4076000	 78.26370933371217
4076500	 78.26225142045455
4077000	 78.26346625004439
4077500	 78.26008236296506
4078000	 78.24587429463747
4078500	 78.25246646319825
4079000	 78.25610361958836
4079500	 78.25282951924783
4080000	 78.24796026959915
4080500	 78.24576150954104
4081000	 78.24374069082914
4081500	 78.24318286585581
4082000	 78.24197837262896
4082500	 78.24589640869287
4083000	 78.24561341320761
4083500	 78.23658657594443
4084000	 78.24504766292215
4084500	 78.24718304868543
4085000	 78.2460497413732
4085500	 78.25394126191236
4086000	 78.25362190499806
4086500	 78.24928285582746
4087000	 78.24583952977835
4087500	 78.25127460699618
4088000	 78.25003540073634
4088500	 78.248017839445
4089000	 78.23286507908425
4089500	 78.23972118038355
4090000	 78.23805143807266
4090500	 78.23866289352671
4091000	 78.2407243660029
4091500	 78.24239637855425
4092000	 78.24648136360422
4092500	 78.24240709967118
4093000	 78.244361168069
4093500	 78.23358309182159
4094000	 78.24036048771868
4094500	 78.23954910067494
4095000	 78.23569106840023
4095500	 78.23403278225237
4096000	 78.23559747094768
4096500	 78.23603164512255
4097000	 78.24000565051561
4097500	 78.23845338983051
4098000	 78.24323847185933
4098500	 78.2544311842384
4099000	 78.25613415710504
4099500	 78.26368001129704
4100000	 78.25734152195398
4100500	 78.25869066525499
4101000	 78.26410699791792
4101500	 78.263187608059
4102000	 78.2505203005397
4102500	 78.25037914859098
4103000	 78.23008038358482
4103500	 78.22733361534122
4104000	 78.22801452187092
4104500	 78.23172622823712
4105000	 78.23278596095567
4105500	 78.24170131792233
4106000	 78.24308516260879
4106500	 78.24322705654394
4107000	 78.24305188629398
4107500	 78.24306142575374
4108000	 78.24695358174262
4108500	 78.244524262272
4109000	 78.23990423546809
4109500	 78.23631499278346
4110000	 78.23893836460276
4110500	 78.24127978599839
4111000	 78.24566219688171
4111500	 78.24898821045223
4112000	 78.24712340335691
4112500	 78.23912049252418
4113000	 78.22572363099216
4113500	 78.22213235811239
4114000	 78.22435919974684
4114500	 78.22274564949903
4115000	 78.21834797891037
4115500	 78.22011738656732
4116000	 78.21244597491128
4116500	 78.21269718582019
4117000	 78.21651150535746
4117500	 78.21884220879583
4118000	 78.21511607487795
4118500	 78.20551264044944
4119000	 78.20633360249974
4119500	 78.21025100930314
4120000	 78.20357305815871
4120500	 78.18835087719299
4121000	 78.18249429924575
4121500	 78.17825324447563
4122000	 78.1773514764677
4122500	 78.18186281385888
4123000	 78.18321119253831
4123500	 78.18392819577869
4124000	 78.19500736273754
4124500	 78.20021736081895
4125000	 78.20486573652107
4125500	 78.20410094637224
4126000	 78.201156474505
4126500	 78.19937629209153
4127000	 78.19864765441615
4127500	 78.20529708520179
4128000	 78.2074123375486
4128500	 78.21237171179376
4129000	 78.21038069554862
4129500	 78.20462901362093
4130000	 78.203585057592
4130500	 78.21258271190001
4131000	 78.21725888324873
4131500	 78.21663341384017
4132000	 78.2109186351706
4132500	 78.214543164083
4133000	 78.21862206515273
4133500	 78.21954376880554
4134000	 78.2236915757067
4134500	 78.2205820624038
4135000	 78.22785784245139
4135500	 78.22323645647536
4136000	 78.21591664044198
4136500	 78.22065662039789
4137000	 78.21821359902115
4137500	 78.22075016604327
4138000	 78.21883191779385
4138500	 78.21613782499301
4139000	 78.21572327044025
4139500	 78.21338736724427
4140000	 78.21007405337431
4140500	 78.21183332751214
4141000	 78.21282391562478
4141500	 78.21637100153653
4142000	 78.2165153631285
4142500	 78.20629712370847
4143000	 78.20812537084221
4143500	 78.20746815564473
4144000	 78.20555497400467
4144500	 78.21504588436443
4145000	 78.2162096155188
4145500	 78.20932747314079
4146000	 78.2035015519827
4146500	 78.20466592272284
4147000	 78.20191771269177
4147500	 78.20986018618598
4148000	 78.20892452501307
4148500	 78.20823312070829
4149000	 78.21530149878006
4149500	 78.21153511064645
4150000	 78.22115351106464
4150500	 78.22815026484527
4151000	 78.23221130392362
4151500	 78.23571428571428
4152000	 78.24005295798202
4152500	 78.23949696927471
4153000	 78.23562397687297
4153500	 78.237062060319
4154000	 78.23735069819271
4154500	 78.23323584708585
4155000	 78.23690990112797
4155500	 78.23631996658312
4156000	 78.23709581984616
4156500	 78.23957680796269
4157000	 78.24817289622051
4157500	 78.24877335838814
4158000	 78.24926931106472
4158500	 78.25795901325633
4159000	 78.25788832840495
4159500	 78.26232302501131
4160000	 78.26431304347827
4160500	 78.260406885759
4161000	 78.25964046037763
4161500	 78.26100410263543
4162000	 78.26051588681082
4162500	 78.2601320820299
4163000	 78.25536055603823
4163500	 78.25727986656474
4164000	 78.25616704884997
4164500	 78.26366257860543
4165000	 78.26109007538125
4165500	 78.26290378603682
4166000	 78.26726173937205
4166500	 78.26921340510505
4167000	 78.2740311154327
4167500	 78.26978229922572
4168000	 78.27155950562423
4168500	 78.27758105950149
4169000	 78.28406290137814
4169500	 78.27685419775796
4170000	 78.27984453081622
4170500	 78.27260426063424
4171000	 78.2757328707719
4171500	 78.27691827390038
4172000	 78.27573529411765
4172500	 78.27764869082712
4173000	 78.2772383660448
4173500	 78.27021217584246
4174000	 78.27376412674201
4174500	 78.26465185595951
4175000	 78.25220012473149
4175500	 78.25401004676944
4176000	 78.25217361183276
4176500	 78.25332502078138
4177000	 78.25135060257654
4177500	 78.25058864265928
4178000	 78.25
4178500	 78.24989615065078
4179000	 78.24833864045411
4179500	 78.2452934662237
4180000	 78.24623689401017
4180500	 78.25318339100346
4181000	 78.24763024977513
4181500	 78.23854321585446
4182000	 78.23542430320215
4182500	 78.23588395975243
4183000	 78.23703498824506
4183500	 78.24328435609334
4184000	 78.24821101393162
4184500	 78.24700148629498
4185000	 78.24541213063763
4185500	 78.24746008708273
4186000	 78.24358221331583
4186500	 78.24323764120635
4187000	 78.24417962003454
4187500	 78.24920558165239
4188000	 78.24546741720482
4188500	 78.23147828488572
4189000	 78.23152335254927
4189500	 78.23343227944223
4190000	 78.24070686501226
4190500	 78.23825792870207
4191000	 78.237672958145
4191500	 78.23857990615512
4192000	 78.243945352929
4192500	 78.24512746214081
4193000	 78.24586092715232
4193500	 78.2472495257803
4194000	 78.24556019173075
4194500	 78.24587959451073
4195000	 78.25173257938835
4195500	 78.24593215664645
4196000	 78.25143054119269
4196500	 78.25367938510323
4197000	 78.24946584878352
4197500	 78.24812211425815
4198000	 78.24857881136951
4198500	 78.23921879305594
4199000	 78.24343872700972
4199500	 78.24762363961979
4200000	 78.25180797575591
4200500	 78.24283009123774
4201000	 78.24649705649465
4201500	 78.24660080548001
4202000	 78.25289136720363
4202500	 78.24741026258732
4203000	 78.24948382656572
4203500	 78.25086880225716
4204000	 78.25252872772312
4204500	 78.25004299817688
4205000	 78.24856405846947
4205500	 78.2544366487825
4206000	 78.26430733250791
4206500	 78.2638583218707
4207000	 78.26448440669807
4207500	 78.26883273164862
4208000	 78.27190841269295
4208500	 78.27353982605108
4209000	 78.27137112020074
4209500	 78.27278663733847
4210000	 78.27751048182006
4210500	 78.27534190090029
4211000	 78.27447948876521
4211500	 78.27527568793157
4212000	 78.27076320670467
4212500	 78.27173129099839
4213000	 78.26787308563972
4213500	 78.26598228387009
4214000	 78.2668131415428
4214500	 78.26564377166787
4215000	 78.26588186841472
4215500	 78.26016539134612
4216000	 78.26963593315719
4216500	 78.2756999725501
4217000	 78.27911205654293
4217500	 78.2834499794154
4218000	 78.27412107700223
4218500	 78.2762192194252
4219000	 78.27962962962962
4219500	 78.27533001885823
4220000	 78.27058621871787
4220500	 78.27516111339641
4221000	 78.27673430216616
4221500	 78.27295157808163
4222000	 78.27415707236842
4222500	 78.25852087829274
4223000	 78.25800595951638
4223500	 78.25632683812198
4224000	 78.25688261881933
4224500	 78.25324386319285
4225000	 78.2546213884705
4225500	 78.2539704271632
4226000	 78.25531332352237
4226500	 78.25988159200575
4227000	 78.25912745936698
4227500	 78.25552514539856
4228000	 78.26177688070884
4228500	 78.26342614763631
4229000	 78.2637753531484
4229500	 78.26680119019119
4230000	 78.27496580027359
4230500	 78.27026842195247
4231000	 78.27370328580709
4231500	 78.27064816080951
4232000	 78.26776497932119
4232500	 78.27036910457963
4233000	 78.27029797703663
4233500	 78.27424314904667
4234000	 78.27208746156474
4234500	 78.27572424159607
4235000	 78.27631084543125
4235500	 78.2754533966324
4236000	 78.27573253193088
4236500	 78.27676284787434
4237000	 78.2835143071775
4237500	 78.28015431361169
4238000	 78.28772361054213
4238500	 78.28642135445112
4239000	 78.28559726962457
4239500	 78.28121480975943
4240000	 78.27977754273431
4240500	 78.27019375085278
4241000	 78.27088236297281
4241500	 78.2694130887017
4242000	 78.27659937252763
4242500	 78.27385863820791
4243000	 78.2772152330299
4243500	 78.27831185654871
4244000	 78.28173575129534
4244500	 78.2836935033063
4245000	 78.29135280684413
4245500	 78.29231136255197
4246000	 78.29090847134192
4246500	 78.28831345826235
4247000	 78.28431272355647
4247500	 78.27710227853275
4248000	 78.28202159179921
4248500	 78.28123403820615
4249000	 78.28431339167149
4249500	 78.28848183582446
4250000	 78.28308823529412
4250500	 78.27916000136142
4251000	 78.27331813386871
4251500	 78.26666213043922
4252000	 78.27474994896917
4252500	 78.26433575947215
4253000	 78.2624974495001
4253500	 78.2631167329729
4254000	 78.25916230366492
4254500	 78.2571554830376
4255000	 78.26319725347564
4255500	 78.26910265125765
4256000	 78.27749830047587
4256500	 78.27633904295813
4257000	 78.27667527524807
4257500	 78.28002038735984
4258000	 78.27078166932772
4258500	 78.26710141974051
4259000	 78.26430536217612
4259500	 78.26942406954632
4260000	 78.27303904923599
4260500	 78.28275042444822
4261000	 78.27361917371083
4261500	 78.27750432804915
4262000	 78.2768896582154
4262500	 78.28444881889764
4263000	 78.28760986866665
4263500	 78.2844394679696
4264000	 78.28862726470788
4264500	 78.2924073822771
4265000	 78.2866931243852
4265500	 78.28815628815629
4266000	 78.29530269628624
4266500	 78.29224456577029
4267000	 78.29673459699569
4267500	 78.295778945584
4268000	 78.29747779510475
4268500	 78.29675954172599
4269000	 78.2954314376737
4269500	 78.30236892940658
4270000	 78.30227041680786
4270500	 78.30886787977364
4271000	 78.31161482686183
4271500	 78.30722585453437
4272000	 78.31181193049017
4272500	 78.31065198983912
4273000	 78.30884892817231
4273500	 78.31530646799864
4274000	 78.31750922696645
4274500	 78.30741367637103
4275000	 78.30092059838896
4275500	 78.31134502132268
4276000	 78.31612968728848
4276500	 78.31269245085102
4277000	 78.31078932232636
4277500	 78.3025741636505
4278000	 78.31062476744579
4278500	 78.31625232538475
4279000	 78.31770833333333
4279500	 78.31050923108135
4280000	 78.30789776185003
4280500	 78.3099624759136
4281000	 78.31091130340725
4281500	 78.3164779449045
4282000	 78.30771830224386
4282500	 78.30723746452223
4283000	 78.30845636676915
4283500	 78.30630995811377
4284000	 78.30027017899359
4284500	 78.30128659710262
4285000	 78.30264046461372
4285500	 78.3028461460549
4286000	 78.299183094788
4286500	 78.3082298136646
4287000	 78.30761441879304
4287500	 78.3067967062635
4288000	 78.30354973680659
4288500	 78.29911271549543
4289000	 78.30327564686435
4289500	 78.29846869940637
4290000	 78.29694455685957
4290500	 78.30073514534295
4291000	 78.30455894254114
4291500	 78.30936003776384
4292000	 78.31629522236084
4292500	 78.32109504062574
4293000	 78.32728743847346
4293500	 78.33067017259978
4294000	 78.33262547611825
4294500	 78.33319851702056
4295000	 78.33136752712812
4295500	 78.33261448259594
4296000	 78.33866837387964
4296500	 78.34431753091411
4297000	 78.34620308604542
4297500	 78.32941533072882
4298000	 78.33343436384455
4298500	 78.32132516328866
4299000	 78.32865367134633
4299500	 78.33470239698357
4300000	 78.32790306294177
4300500	 78.32671467994885
4301000	 78.32258824321141
4301500	 78.31545836837678
4302000	 78.30539486075608
4302500	 78.30276432606941
4303000	 78.307014594122
4303500	 78.31245166279969
4304000	 78.31532228237114
4304500	 78.31579478214094
4305000	 78.3157965509127
4305500	 78.31440959967732
4306000	 78.31592390939034
4306500	 78.31119997311738
4307000	 78.31400154564699
4307500	 78.3165233167585
4308000	 78.31530502553078
4308500	 78.32005374538126
4309000	 78.32190239478723
4309500	 78.3247246104245
4310000	 78.32087572613412
4310500	 78.30759676390613
4311000	 78.30311472108478
4311500	 78.30112759245587
4312000	 78.30863451793684
4312500	 78.29970475743139
4313000	 78.30172095675803
4313500	 78.30815162697081
4314000	 78.31168656916678
4314500	 78.3178143762788
4315000	 78.32404239618971
4315500	 78.32608914377704
4316000	 78.32975619571414
4316500	 78.33096371806049
4317000	 78.32758909712676
4317500	 78.32613723978412
4318000	 78.31859771424742
4318500	 78.32007372654155
4319000	 78.3219850551218
4319500	 78.32531412296868
4320000	 78.3232939126939
4320500	 78.31721042406377
4321000	 78.31505794092035
4321500	 78.30644567219153
4322000	 78.30916030534351
4322500	 78.31681676654726
4323000	 78.32413793103449
4323500	 78.3244627435228
4324000	 78.32885928504486
4324500	 78.33036580876201
4325000	 78.33415883002577
4325500	 78.33321064078969
4326000	 78.33740422257169
4326500	 78.33844095015056
4327000	 78.32465968761497
4327500	 78.32005751738897
4328000	 78.32219881633063
4328500	 78.31541470263765
4329000	 78.31890356008691
4329500	 78.31034021789988
4330000	 78.31241436925647
4330500	 78.30835282325425
4331000	 78.31046002739451
4331500	 78.30576524817957
4332000	 78.30086160833557
4332500	 78.28766025641026
4333000	 78.29382699562647
4333500	 78.29415495543613
4334000	 78.30340154221051
4334500	 78.3133157525787
4335000	 78.31478638184245
4335500	 78.31424375917769
4336000	 78.31959554161384
4336500	 78.30400987456632
4337000	 78.31017113120059
4337500	 78.31462023416391
4338000	 78.31813481871852
4338500	 78.32198245672548
4339000	 78.31990529229333
4339500	 78.31601760469458
4340000	 78.31176450978431
4340500	 78.31323333333333
4341000	 78.31633503316336
4341500	 78.31404958677686
4342000	 78.31762745751416
4342500	 78.31946156665445
4343000	 78.31414484642548
4343500	 78.30989574659428
4344000	 78.31483763530392
4344500	 78.31439608378567
4345000	 78.31011520277019
4345500	 78.31071678263476
4346000	 78.31175099866844
4346500	 78.3190972337805
4347000	 78.31214430725197
4347500	 78.31057202755316
4348000	 78.30880053235734
4348500	 78.3045242847638
4349000	 78.3024215007983
4349500	 78.2984136486082
4350000	 78.3054871965414
4350500	 78.30512419778539
4351000	 78.30378694683645
4351500	 78.30498670212766
4352000	 78.30398218322031
4352500	 78.29810568295115
4353000	 78.29776699674353
4353500	 78.30233253588517
4354000	 78.31180223285486
4354500	 78.30583701538154
4355000	 78.30733457347861
4355500	 78.31343630626142
4356000	 78.31470041185067
4356500	 78.31369553666312
4357000	 78.32012751967589
4357500	 78.30916334661354
4358000	 78.30799362634444
4358500	 78.29989047824499
4359000	 78.30578786671977
4359500	 78.30895334174022
4360000	 78.30576016988519
4360500	 78.3066153539911
4361000	 78.30557951303656
4361500	 78.30980496218655
4362000	 78.31320066334992
4362500	 78.3157667816397
4363000	 78.3149621965778
4363500	 78.31412466843501
4364000	 78.31608261777674
4364500	 78.31384248210024
4365000	 78.31373458836006
4365500	 78.31033568611856
4366000	 78.30437663585462
4366500	 78.30018550417384
4367000	 78.2923000496771
4367500	 78.2878381510546
4368000	 78.29534467916032
4368500	 78.29703691441814
4369000	 78.298828125
4369500	 78.30138029194664
4370000	 78.30994306897921
4370500	 78.31415899913947
4371000	 78.31594797630473
4371500	 78.31438403758976
4372000	 78.30833360902504
4372500	 78.31340765490093
4373000	 78.31615506747816
4373500	 78.31299401395641
4374000	 78.31943250214961
4374500	 78.3087452471483
4375000	 78.30542148760331
4375500	 78.30127251693935
4376000	 78.30096830695
4376500	 78.30723727693325
4377000	 78.31151278831538
4377500	 78.3143999471319
4378000	 78.32408141686493
4378500	 78.31345798097252
4379000	 78.30317040951122
4379500	 78.30403196512896
4380000	 78.30986659622243
4380500	 78.31553574376754
4381000	 78.3042286996996
4381500	 78.30584895695802
4382000	 78.30756790653157
4382500	 78.30935251798562
4383000	 78.30736487824193
4383500	 78.30865419512357
4384000	 78.29994062541232
4384500	 78.30156007783899
4385000	 78.30686015831135
4385500	 78.30265457543281
4386000	 78.30718501665183
4386500	 78.30668293165408
4387000	 78.31124517851845
4387500	 78.29975940146996
4388000	 78.3027716442013
4388500	 78.30121593567733
4389000	 78.30075782537068
4389500	 78.2940769534853
4390000	 78.29866921404572
4390500	 78.2951057242606
4391000	 78.28793466807166
4391500	 78.29464256314004
4392000	 78.2951402607665
4392500	 78.29427837766657
4393000	 78.29513808881136
4393500	 78.2914691943128
4394000	 78.29500427828606
4394500	 78.30193832889064
4395000	 78.29974993419322
4395500	 78.2977694433478
4396000	 78.30691538360311
4396500	 78.30275319890794
4397000	 78.31110818723069
4397500	 78.3051271088894
4398000	 78.31459861216167
4398500	 78.31634330812233
4399000	 78.32353424747625
4399500	 78.32881757201105
4400000	 78.32432521287438
4400500	 78.32613412228797
4401000	 78.32325390304027
4401500	 78.32605909225359
4402000	 78.33103289625029
4402500	 78.33125225906089
4403000	 78.3301245194993
4403500	 78.31804894071276
4404000	 78.31389162561577
4404500	 78.31348919682144
4405000	 78.30962933779836
4405500	 78.31602101116218
4406000	 78.31538865546219
4406500	 78.3197662968555
4407000	 78.32358540107654
4407500	 78.32951524500312
4408000	 78.33491959304234
4408500	 78.33926227356261
4409000	 78.34489548124569
4409500	 78.34083601286174
4410000	 78.35002296738631
4410500	 78.34955055442556
4411000	 78.34608193656312
4411500	 78.34541340067561
4412000	 78.33476507426472
4412500	 78.3363386007475
4413000	 78.3384035404032
4413500	 78.3431015832432
4414000	 78.35023600367117
4414500	 78.3497312532774
4415000	 78.33988662800223
4415500	 78.33240516281202
4416000	 78.33404304104295
4416500	 78.33368269356741
4417000	 78.3282140284236
4417500	 78.33409738367334
4418000	 78.3278769029301
4418500	 78.32629545975318
4419000	 78.32267460888917
4419500	 78.31472513089005
4420000	 78.32044108504303
4420500	 78.31928676590871
4421000	 78.31284550718
4421500	 78.31710986818435
4422000	 78.31815803244375
4422500	 78.3249174215914
4423000	 78.32366502076452
4423500	 78.32017916693913
4424000	 78.31752206603466
4424500	 78.31587893050926
4425000	 78.31213438347659
4425500	 78.30363327452133
4426000	 78.30953703401183
4426500	 78.31609383167799
4427000	 78.30851897824525
4427500	 78.30510467356869
4428000	 78.30621775194305
4428500	 78.30532880559002
4429000	 78.30929215097296
4429500	 78.31279791054521
4430000	 78.3087644850661
4430500	 78.31406469301825
4431000	 78.31616567120336
4431500	 78.30938162832436
4432000	 78.313831696414
4432500	 78.30914785332115
4433000	 78.30599863000293
4433500	 78.31412075545552
4434000	 78.313199178109
4434500	 78.31404904774328
4435000	 78.30877078578415
4435500	 78.30087687844313
4436000	 78.30564881515043
4436500	 78.30706300316156
4437000	 78.31223518675445
4437500	 78.30330085698459
4438000	 78.29966768749593
4438500	 78.29557966057526
4439000	 78.29305627931214
4439500	 78.28468626876364
4440000	 78.28795624002865
4440500	 78.28835134783175
4441000	 78.29234625777256
4441500	 78.28731853394962
4442000	 78.29055461528446
4442500	 78.29385536679034
4443000	 78.30097308555993
4443500	 78.29427651059122
4444000	 78.29780380673499
4444500	 78.2960408601451
4445000	 78.2921870934166
4445500	 78.29362214199759
4446000	 78.2925108126565
4446500	 78.29678405358827
4447000	 78.29450206457066
4447500	 78.28435834091796
4448000	 78.28543569408782
4448500	 78.28892716695375
4449000	 78.28348605966075
4449500	 78.28378334470545
4450000	 78.29140944830723
4450500	 78.29493177387914
4451000	 78.29053110280981
4451500	 78.29027543198649
4452000	 78.28939334892179
4452500	 78.2887387972464
4453000	 78.29056138186304
4453500	 78.28801454356577
4454000	 78.278819940283
4454500	 78.27884865005193
4455000	 78.27787151200519
4455500	 78.28213613652586
4456000	 78.28769789774202
4456500	 78.28854575534434
4457000	 78.28785962180922
4457500	 78.28831809041966
4458000	 78.28510279525261
4458500	 78.28539930611848
4459000	 78.27297481279783
4459500	 78.27067059929342
4460000	 78.27080632616023
4460500	 78.26622598101163
4461000	 78.26990247221592
4461500	 78.26610081637942
4462000	 78.26769460011013
4462500	 78.26880222841226
4463000	 78.26997441461282
4463500	 78.26610970792048
4464000	 78.26721709567751
4464500	 78.27037264868714
4465000	 78.27057300097118
4465500	 78.27511977210928
4466000	 78.27700275125424
4466500	 78.27924137484626
4467000	 78.28255663430421
4467500	 78.28356470245608
4468000	 78.28165140583039
4468500	 78.28259462956972
4469000	 78.28665243271222
4469500	 78.29009510254254
4470000	 78.28704033118794
4470500	 78.28282240331134
4471000	 78.28181583031557
4471500	 78.28337266819696
4472000	 78.28882710461657
4472500	 78.29797620587094
4473000	 78.3009956681968
4473500	 78.3019685166629
4474000	 78.2974920819598
4474500	 78.29145663693939
4475000	 78.2896420263634
4475500	 78.29109998384752
4476000	 78.29813283369944
4476500	 78.29874995962402
4477000	 78.29453558971709
4477500	 78.30056515420637
4478000	 78.29971907391263
4478500	 78.30133669120497
4479000	 78.30250201775625
4479500	 78.3087874483471
4480000	 78.30366999128498
4480500	 78.3012328148196
4481000	 78.30625746280698
4481500	 78.29650900174228
4482000	 78.30107110594915
4482500	 78.30268718345754
4483000	 78.30954838709677
4483500	 78.31346364750661
4484000	 78.31044602831619
4484500	 78.3084711876431
4485000	 78.30678703852975
4485500	 78.2897663174859
4486000	 78.29866236905721
4486500	 78.30675261885577
4487000	 78.2933556744216
4487500	 78.2962270838032
4488000	 78.30478767961853
4488500	 78.29947816003093
4489000	 78.30244468064548
4489500	 78.30625785049438
4490000	 78.31010273421145
4490500	 78.31330306250604
4491000	 78.30641681960141
4491500	 78.3032449137265
4492000	 78.3089972638017
4492500	 78.30508529127776
4493000	 78.29209434022974
4493500	 78.29497120427271
4494000	 78.2995528102178
4494500	 78.30126101782153
4495000	 78.30542331446217
4495500	 78.30270478885923
4496000	 78.30741276732594
4496500	 78.30085849329603
4497000	 78.29385668820522
4497500	 78.29156889846035
4498000	 78.28531028055404
4498500	 78.28156026090029
4499000	 78.27359460327658
4499500	 78.26840313463515
4500000	 78.27020777802755
4500500	 78.28006679726388
4501000	 78.27484347407288
4501500	 78.27297826575492
4502000	 78.28187100709494
4502500	 78.2883467094703
4503000	 78.29272598870057
4503500	 78.29220695853127
4504000	 78.28302794981228
4504500	 78.27855492813141
4505000	 78.2690296712109
4505500	 78.27379157712416
4506000	 78.27907498877414
4506500	 78.28499951890696
4507000	 78.28773932843718
4507500	 78.29108809287112
4508000	 78.28626394767218
4508500	 78.28552192869967
4509000	 78.28423515835364
4509500	 78.2763836810563
4510000	 78.2829444942956
4510500	 78.2839427051623
4511000	 78.282336355772
4511500	 78.28838267333077
4512000	 78.29166399692446
4512500	 78.29114613364085
4513000	 78.29124627654463
4513500	 78.28655607506565
4514000	 78.28266786206014
4514500	 78.28045461821674
4515000	 78.28624023562556
4515500	 78.29263373563403
4516000	 78.2880737468792
4516500	 78.29465800339275
4517000	 78.29674198297383
4517500	 78.29285462865188
4518000	 78.29401036667306
4518500	 78.28781190019194
4519000	 78.28719933469806
4519500	 78.29259555413401
4520000	 78.28665536759297
4520500	 78.28390087929657
4521000	 78.28437609898015
4521500	 78.28771458712957
4522000	 78.28842219665005
4522500	 78.27998466012592
4523000	 78.27501917177914
4523500	 78.27219577649277
4524000	 78.26918162652527
4524500	 78.26613650154897
4525000	 78.27090984575096
4525500	 78.27157773733116
4526000	 78.26110135674381
4526500	 78.26395760845277
4527000	 78.27097165474974
4527500	 78.27395467602936
4528000	 78.27792672028598
4528500	 78.28369450738838
4529000	 78.29096189442778
4529500	 78.2919551967323
4530000	 78.2906416515108
4530500	 78.2881707394883
4531000	 78.29304239640157
4531500	 78.29630929216243
4532000	 78.29730160755295
4532500	 78.29778344761601
4533000	 78.29662935680346
4533500	 78.29534802155406
4534000	 78.29422641629738
4534500	 78.30030604437644
4535000	 78.29134661354581
4535500	 78.29636357841731
4536000	 78.30132576964752
4536500	 78.3032408145056
4537000	 78.29930542279997
4537500	 78.29527571596955
4538000	 78.30311235704501
4538500	 78.3041345480028
4539000	 78.29610521957899
4539500	 78.29277844997772
4540000	 78.28370419889855
4540500	 78.27699799484388
4541000	 78.28338637810312
4541500	 78.27601349201298
4542000	 78.2738148265988
4542500	 78.27385232080934
4543000	 78.27293548797557
4543500	 78.27025221844089
4544000	 78.2721027859051
4544500	 78.27823183335984
4545000	 78.27979521750191
4545500	 78.27989571078821
4546000	 78.27421559589281
4546500	 78.26953149831543
4547000	 78.27488558352402
4547500	 78.26570493470179
4548000	 78.26736353815848
4548500	 78.27144491040794
4549000	 78.27202261825344
4549500	 78.27282256527539
4550000	 78.2669905995935
4550500	 78.27053032708797
4551000	 78.27068647996444
4551500	 78.2702711283256
4552000	 78.26686347332
4552500	 78.26234607083916
4553000	 78.26044046712363
4553500	 78.26146279549421
4554000	 78.25770939086294
4554500	 78.25962819618044
4555000	 78.26103092783505
4555500	 78.25272738805023
4556000	 78.24783587532106
4556500	 78.24656795916427
4557000	 78.2502615477285
4557500	 78.24098256735341
4558000	 78.24709200976197
4558500	 78.24366206109774
4559000	 78.24226869455006
4559500	 78.24697420949242
4560000	 78.2466894760185
4560500	 78.25019006588951
4561000	 78.24647641972571
4561500	 78.23587713742876
4562000	 78.23610803280246
4562500	 78.23884755421878
4563000	 78.24085095605926
4563500	 78.24692139668872
4564000	 78.24936692833629
4564500	 78.24530809887014
4565000	 78.25360002531886
4565500	 78.25506329113924
4566000	 78.25027685492802
4566500	 78.25227790432803
4567000	 78.25085410603569
4567500	 78.24873481781377
4568000	 78.23731975714647
4568500	 78.24297233201581
4569000	 78.24244340457822
4569500	 78.24336884701717
4570000	 78.24331415565531
4570500	 78.2389139985461
4571000	 78.23920738259275
4571500	 78.23959551271923
4572000	 78.24251903813948
4572500	 78.2429699842022
4573000	 78.24760671068844
4573500	 78.24561680619175
4574000	 78.24635163307853
4574500	 78.24642304412369
4575000	 78.24924991314784
4575500	 78.25007894903051
4576000	 78.25597625288155
4576500	 78.25173654963375
4577000	 78.25703280396553
4577500	 78.24709595959595
4578000	 78.24545511930312
4578500	 78.24700981475053
4579000	 78.25103348164978
4579500	 78.25372333711978
4580000	 78.25549771257296
4580500	 78.25904659746979
4581000	 78.25768903189174
4581500	 78.25269665047625
4582000	 78.25349269923366
4582500	 78.26194455832729
4583000	 78.26478935418768
4583500	 78.26690840296389
4584000	 78.26333543505675
4584500	 78.2517965204236
4585000	 78.25252907251584
4585500	 78.2499369800857
4586000	 78.24944075112637
4586500	 78.25014176800454
4587000	 78.25137816979051
4587500	 78.24585052439294
4588000	 78.244150527476
4588500	 78.24165617128463
4589000	 78.24248339262664
4589500	 78.23592181057005
4590000	 78.23712703008938
4590500	 78.23571248741189
4591000	 78.2415268905183
4591500	 78.24721505444018
4592000	 78.25321753359137
4592500	 78.24451016170642
4593000	 78.24766428638837
4593500	 78.25268157654682
4594000	 78.24375746902321
4594500	 78.24426904814314
4595000	 78.24790114140175
4595500	 78.25071529633705
4596000	 78.25116322937626
4596500	 78.25612248105882
4597000	 78.25165021688565
4597500	 78.25572039225547
4598000	 78.25752718586963
4598500	 78.26065367693275
4599000	 78.2623259906357
4599500	 78.26198705460943
4600000	 78.26325049483175
4600500	 78.26310002513195
4601000	 78.26096243246639
4601500	 78.25772613065327
4602000	 78.25269273041293
4602500	 78.24882260596546
4603000	 78.25518822015007
4603500	 78.26429311481586
4604000	 78.2625647465076
4604500	 78.26332475359408
4605000	 78.26329995919777
4605500	 78.2662649468035
4606000	 78.26664783782087
4606500	 78.26712479211773
4607000	 78.25784289120341
4607500	 78.25542659974906
4608000	 78.25555137372977
4608500	 78.2596123690648
4609000	 78.26232438534872
4609500	 78.2605669133325
4610000	 78.26666457640935
4610500	 78.25559526048524
4611000	 78.25390208738169
4611500	 78.25538249396722
4612000	 78.25437909315953
4612500	 78.25824847250509
4613000	 78.26095811009807
4613500	 78.26203007518797
4614000	 78.26285123578612
4614500	 78.25625606815122
4615000	 78.26260569996869
4615500	 78.26144548130519
4616000	 78.25922099066942
4616500	 78.26013587552049
4617000	 78.25712139234959
4617500	 78.25872484271808
4618000	 78.25483507542091
4618500	 78.2575103266992
4619000	 78.26146817698229
4619500	 78.2626325834611
4620000	 78.26762193786566
4620500	 78.2734013264923
4621000	 78.27041821764834
4621500	 78.26932098958497
4622000	 78.27302580140734
4622500	 78.26229559453459
4623000	 78.25736972084154
4623500	 78.26047950986215
4624000	 78.2617678314684
4624500	 78.25954747171699
4625000	 78.25685092022623
4625500	 78.25309297675581
4626000	 78.2578569197126
4626500	 78.26026926561084
4627000	 78.2631184407796
4627500	 78.26230480949407
4628000	 78.25356730258844
4628500	 78.25166245199962
4629000	 78.23569801192222
4629500	 78.23989638922697
4630000	 78.235240888667
4630500	 78.2393135725429
4631000	 78.24094468536487
4631500	 78.23825566161332
4632000	 78.23494370458161
4632500	 78.2377046624045
4633000	 78.2396232887392
4633500	 78.23787845717315
4634000	 78.2334455667789
4634500	 78.2289828870671
4635000	 78.22949133524499
4635500	 78.23343514305304
4636000	 78.23441054566986
4636500	 78.22835332606326
4637000	 78.23010779487818
4637500	 78.22951841006791
4638000	 78.22908490624805
4638500	 78.2346144263112
4639000	 78.23727071719972
4639500	 78.24318011958147
4640000	 78.23971728368154
4640500	 78.23937610908752
4641000	 78.23307498365861
4641500	 78.23535636476812
4642000	 78.23439347731374
4642500	 78.23346194536063
4643000	 78.23621655258245
4643500	 78.2386908095327
4644000	 78.23769675853916
4644500	 78.24384857062867
4645000	 78.22897036415088
4645500	 78.22682752401978
4646000	 78.22764581519712
4646500	 78.22905462119563
4647000	 78.2298103823438
4647500	 78.21672519344915
4648000	 78.21751289540737
4648500	 78.21823830977164
4649000	 78.21706172916214
4649500	 78.21635138073495
4650000	 78.21200074538791
4650500	 78.21895769923597
4651000	 78.22463430541322
4651500	 78.22445113809272
4652000	 78.22822543083372
4652500	 78.22698624608029
4653000	 78.23411983855945
4653500	 78.24029058396201
4654000	 78.24166511454646
4654500	 78.24173572958377
4655000	 78.23956425933397
4655500	 78.23742435996897
4656000	 78.23534704768997
4656500	 78.22906778346518
4657000	 78.2285811774924
4657500	 78.22712610880218
4658000	 78.22968614315842
4658500	 78.23442394169639
4659000	 78.23461920119077
4659500	 78.23285377650998
4660000	 78.23413424275306
4660500	 78.23573177914871
4661000	 78.2381660931833
4661500	 78.2379269729093
4662000	 78.23768789710212
4662500	 78.23638786451393
4663000	 78.2355839246429
4663500	 78.228724557762
4664000	 78.23040703797783
4664500	 78.23106705900572
4665000	 78.23955397243301
4665500	 78.23545989470425
4666000	 78.23372762742305
4666500	 78.23342725330527
4667000	 78.2381881231036
4667500	 78.2436917551627
4668000	 78.23475515384139
4668500	 78.23379758588672
4669000	 78.24013493856582
4669500	 78.24333859437378
4670000	 78.2459229460003
4670500	 78.2363096343048
4671000	 78.22710260137957
4671500	 78.23294154036499
4672000	 78.22832843667852
4672500	 78.22836910136681
4673000	 78.23544327282848
4673500	 78.23839708110448
4674000	 78.2406937917388
4674500	 78.2453780993013
4675000	 78.24538625614393
4675500	 78.24399592000742
4676000	 78.24707154999227
4676500	 78.2473191384159
4677000	 78.24552729969409
4677500	 78.24494840264475
4678000	 78.24436206363917
4678500	 78.23256532213232
4679000	 78.23876586676549
4679500	 78.23573369565217
4680000	 78.24100663887603
4680500	 78.24575433829432
4681000	 78.24439641864772
4681500	 78.24053094613366
4682000	 78.24499938263983
4682500	 78.24079503719021
4683000	 78.24250092581163
4683500	 78.24080473957048
4684000	 78.24158464718768
4684500	 78.24013573962672
4685000	 78.23574953732265
4685500	 78.23943618530627
4686000	 78.23888237833837
4686500	 78.24027876283573
4687000	 78.2388616532544
4687500	 78.23809230200081
4688000	 78.24217762569747
4688500	 78.23704731083372
4689000	 78.22889190188586
4689500	 78.23251371171504
4690000	 78.2263023320292
4690500	 78.23257963156922
4691000	 78.23113410952998
4691500	 78.23154393421417
4692000	 78.234640140433
4692500	 78.22559886692531
4693000	 78.22573196638035
4693500	 78.2304282239941
4694000	 78.22796811032106
4694500	 78.22871652816251
4695000	 78.225665486998
4695500	 78.23033604135894
4696000	 78.2309609526447
4696500	 78.23744615384615
4697000	 78.23146496031502
4697500	 78.23517288052172
4698000	 78.2337906003937
4698500	 78.2296644831934
4699000	 78.22223588734472
4699500	 78.21450308936092
4700000	 78.2033559728326
4700500	 78.20456640649007
4701000	 78.21101312110132
4701500	 78.21311374669698
4702000	 78.21487603305785
4702500	 78.20893871909077
4703000	 78.21304174217526
4703500	 78.21406633906633
4704000	 78.21083985874405
4704500	 78.21275485138787
4705000	 78.21359491572258
4705500	 78.21194167306217
4706000	 78.21176867824913
4706500	 78.20389749884916
4707000	 78.2
4707500	 78.1935513559946
4708000	 78.19027607361963
4708500	 78.19730061349694
4709000	 78.19872404379964
4709500	 78.20187087869958
4710000	 78.20932372335531
4710500	 78.2112365063788
4711000	 78.20856713580474
4711500	 78.21269354591446
4712000	 78.21119592875318
4712500	 78.21363538824683
4713000	 78.2147805296714
4713500	 78.21795500521057
4714000	 78.21781237549419
4714500	 78.22199748705219
4715000	 78.22173193601765
4715500	 78.2121871266199
4716000	 78.21351550055141
4716500	 78.21023614812093
4717000	 78.20094316511513
4717500	 78.1993876301286
4718000	 78.18807395616506
4718500	 78.19204162840526
4719000	 78.18879877582249
4719500	 78.19187807938306
4720000	 78.19701328110655
4720500	 78.1950920996267
4721000	 78.19175819132988
4721500	 78.18845589134956
4722000	 78.19239004098611
4722500	 78.19712494265178
4723000	 78.20185338104413
4723500	 78.20121708816244
4724000	 78.205363422316
4724500	 78.2026477512459
4725000	 78.20747217806041
4725500	 78.20843141450888
4726000	 78.21751092904528
4726500	 78.22273171924677
4727000	 78.22197090108816
4727500	 78.2131833878312
4728000	 78.21227121337122
4728500	 78.21041214750542
4729000	 78.21286735504368
4729500	 78.21569525904204
4730000	 78.22195069798698
4730500	 78.22382406841784
4731000	 78.22784191558243
4731500	 78.23424854167303
4732000	 78.23890670331349
4732500	 78.24267871866125
4733000	 78.24727472594583
4733500	 78.24743527112848
4734000	 78.24458894282138
4734500	 78.2441391941392
4735000	 78.23908929988403
4735500	 78.23928102780067
4736000	 78.24173812212017
4736500	 78.24722323935066
4737000	 78.25144931958259
4737500	 78.24554606467358
4738000	 78.25032029772436
4738500	 78.24502866902526
4739000	 78.2542393558619
4739500	 78.25320200048792
4740000	 78.256418857108
4740500	 78.24727904637054
4741000	 78.2500304840873
4741500	 78.25336828628909
4742000	 78.25792489636675
4742500	 78.26019506248095
4743000	 78.25628523541063
4743500	 78.25380865326021
4744000	 78.25118815500853
4744500	 78.24722044533796
4745000	 78.25446238196771
4745500	 78.25836810525995
4746000	 78.25742302890032
4746500	 78.25430850739906
4747000	 78.26011631093384
4747500	 78.26241437052823
4748000	 78.26535147806497
4748500	 78.26352318042069
4749000	 78.26569063127778
4749500	 78.26890065741416
4750000	 78.26765063907486
4750500	 78.27476339734031
4751000	 78.26951045121247
4751500	 78.2635597602896
4752000	 78.25697253566106
4752500	 78.25636347048626
4753000	 78.25035726230655
4753500	 78.25307065547854
4754000	 78.2533211734306
4754500	 78.2568015320546
4755000	 78.25714285714285
4755500	 78.25559202528568
4756000	 78.26187509497036
4756500	 78.2662655362081
4757000	 78.26980461271992
4757500	 78.27273555953937
4758000	 78.27280184723826
4758500	 78.27653045723834
4759000	 78.27613232479723
4759500	 78.27729178057226
4760000	 78.27658992893154
4760500	 78.27229662020588
4761000	 78.26992561105207
4761500	 78.26876954370199
4762000	 78.26883613623946
4762500	 78.26494066227578
4763000	 78.26531107738998
4763500	 78.25910304648622
4764000	 78.25825242718446
4764500	 78.26686893203883
4765000	 78.2628545426968
4765500	 78.27062035492189
4766000	 78.2701710749818
4766500	 78.26655142085949
4767000	 78.26683042212518
4767500	 78.26567616737417
4768000	 78.26172502652722
4768500	 78.26032920064264
4769000	 78.26154825412222
4769500	 78.26347214645087
4770000	 78.26928322473103
4770500	 78.27208534109161
4771000	 78.27287878787878
4771500	 78.26442875753628
4772000	 78.25856480780298
4772500	 78.26425152965409
4773000	 78.26646878880577
4773500	 78.27157913865165
4774000	 78.26617005813954
4774500	 78.27294473883421
4775000	 78.27746994882975
4775500	 78.27895852255526
4776000	 78.28236255751997
4776500	 78.28008838842474
4777000	 78.28306798232339
4777500	 78.27362687244667
4778000	 78.27229265635874
4778500	 78.26106422240373
4779000	 78.259732010526
4779500	 78.25921669438983
4780000	 78.26528760660497
4780500	 78.2666243309444
4781000	 78.26414295649019
4781500	 78.26736205593349
4782000	 78.26976448891979
4782500	 78.26521174016867
4783000	 78.26190764023211
4783500	 78.25423780027194
4784000	 78.25730428739764
4784500	 78.25591371861877
4785000	 78.25497658963903
4785500	 78.25819313136195
4786000	 78.25771670190275
4786500	 78.25275554884493
4787000	 78.25911945887185
4787500	 78.26272721782716
4788000	 78.26663647342995
4788500	 78.26857470639737
4789000	 78.26903338767131
4789500	 78.26276711336472
4790000	 78.2618903911154
4790500	 78.2586825985939
4791000	 78.25248137086312
4791500	 78.25448731485113
4792000	 78.25195306608754
4792500	 78.2490273547064
4793000	 78.24494903805561
4793500	 78.24979645991014
4794000	 78.24783670515875
4794500	 78.24626933164511
4795000	 78.24449133383573
4795500	 78.2442281029598
4796000	 78.2505199071702
4796500	 78.25968232918412
4797000	 78.26582278481013
4797500	 78.26539898746384
4798000	 78.26778557869045
4798500	 78.26633726010063
4799000	 78.272143890094
4799500	 78.27274370406073
4800000	 78.27455646254406
4800500	 78.27600746942956
4801000	 78.27214141596652
4801500	 78.27093432898738
4802000	 78.279696486104
4802500	 78.2830217083672
4803000	 78.28241563055062
4803500	 78.27607380429221
4804000	 78.27468624913475
4804500	 78.26846808894773
4805000	 78.2763217284025
4805500	 78.2750549086861
4806000	 78.2710727393057
4806500	 78.26745270249947
4807000	 78.26410441477205
4807500	 78.26745654658086
4808000	 78.26550003006795
4808500	 78.2692723992784
4809000	 78.27045065087334
4809500	 78.26454056328714
4810000	 78.264366434239
4810500	 78.26542449286251
4811000	 78.26446107154662
4811500	 78.26548885283336
4812000	 78.266546492414
4812500	 78.26712328767124
4813000	 78.27134274556924
4813500	 78.27143844051302
4814000	 78.27939807166672
4814500	 78.28407520874632
4815000	 78.27825825825826
4815500	 78.27476354901667
4816000	 78.28425161387179
4816500	 78.28461630839438
4817000	 78.28919243470429
4817500	 78.29027706901209
4818000	 78.29100132068676
4818500	 78.28554708600925
4819000	 78.2839524695433
4819500	 78.27214639268037
4820000	 78.26805638872226
4820500	 78.27428691400978
4821000	 78.2795873073001
4821500	 78.2756769724413
4822000	 78.28400503778337
4822500	 78.28727774279632
4823000	 78.28126030518332
4823500	 78.28186450839328
4824000	 78.28315798938944
4824500	 78.2910110002098
4825000	 78.2837064341155
4825500	 78.27089699802265
4826000	 78.27759968842686
4826500	 78.28481126423007
4827000	 78.29179149191133
4827500	 78.29714508253198
4828000	 78.3004523260342
4828500	 78.29828975349687
4829000	 78.28269006198161
4829500	 78.28275449101797
4830000	 78.2772855175717
4830500	 78.27830824029454
4831000	 78.2723028579979
4831500	 78.27434316835239
4832000	 78.26848970799425
4832500	 78.26119469953038
4833000	 78.26545628570574
4833500	 78.2705548078361
4834000	 78.26944585663446
4834500	 78.26638559980863
4835000	 78.26609262415164
4835500	 78.27258050049332
4836000	 78.27639092349547
4836500	 78.27818964486428
4837000	 78.27918098938873
4837500	 78.28416427546628
4838000	 78.28029646454081
4838500	 78.28101840784126
4839000	 78.28111273792094
4839500	 78.28471122531298
4840000	 78.28792088673778
4840500	 78.2857569602103
4841000	 78.28195095725934
4841500	 78.28285151116951
4842000	 78.282915758354
4842500	 78.28345774858167
4843000	 78.27371783390053
4843500	 78.2749768663622
4844000	 78.27755723368057
4844500	 78.2715389895252
4845000	 78.27483512876368
4845500	 78.2752498881098
4846000	 78.27459053074375
4846500	 78.2761470079351
4847000	 78.2626822939966
4847500	 78.25679100694755
4848000	 78.25532929847053
4848500	 78.25046205210755
4849000	 78.25020119824734
4849500	 78.25334565288665
4850000	 78.25481313703284
4850500	 78.25645915904282
4851000	 78.25541551205268
4851500	 78.2521003396294
4852000	 78.24624687239366
4852500	 78.24646314221891
4853000	 78.23541672870202
4853500	 78.23697373905794
4854000	 78.23649895802322
4854500	 78.23286203304063
4855000	 78.23346627775463
4855500	 78.21867468087005
4856000	 78.22267844922492
4856500	 78.22549165451787
4857000	 78.2240071396698
4857500	 78.2120806566738
4858000	 78.21455972878937
4858500	 78.21581920903955
4859000	 78.21922573739296
4859500	 78.22185223725286
4860000	 78.2268402901653
4860500	 78.2302752839051
4861000	 78.2354410059752
4861500	 78.235746982938
4862000	 78.23080123632906
4862500	 78.23534131772118
4863000	 78.22500519951274
4863500	 78.2184297299706
4864000	 78.22168424179415
4864500	 78.22455223215611
4865000	 78.21919638879815
4865500	 78.2202755671695
4866000	 78.22355840608112
4866500	 78.21129812687387
4867000	 78.21148081089905
4867500	 78.22056335519872
4868000	 78.21530106537674
4868500	 78.21572700296736
4869000	 78.22159579834427
4869500	 78.22002670226969
4870000	 78.21854697558516
4870500	 78.22432512607534
4871000	 78.23031058111596
4871500	 78.23115026398528
4872000	 78.23508126705421
4872500	 78.24174748643118
4873000	 78.24038433023932
4873500	 78.23735397023069
4874000	 78.22933032935109
4874500	 78.23236994219653
4875000	 78.23496457894893
4875500	 78.23152154584791
4876000	 78.22474739992296
4876500	 78.22680137473336
4877000	 78.22377580946174
4877500	 78.22594786729857
4878000	 78.22318969346956
4878500	 78.21984009475867
4879000	 78.22296577046073
4879500	 78.21881753856174
4880000	 78.21698587963648
4880500	 78.21616101820335
4881000	 78.22020303667091
4881500	 78.22374145431945
4882000	 78.21781328598905
4882500	 78.21779395230487
4883000	 78.21563812792142
4883500	 78.22279746760546
4884000	 78.22229781695557
4884500	 78.22117716651879
4885000	 78.22186732913376
4885500	 78.21363098758131
4886000	 78.21613151203358
4886500	 78.21964343789729
4887000	 78.21870103763266
4887500	 78.21713812775265
4888000	 78.21847845362653
4888500	 78.21902059875285
4889000	 78.22293803008363
4889500	 78.21876846708427
4890000	 78.22265555752526
4890500	 78.22402434340749
4891000	 78.23294632042305
4891500	 78.23650704558212
4892000	 78.23455914931324
4892500	 78.2384145080781
4893000	 78.23287954404512
4893500	 78.23433532156145
4894000	 78.2377465454116
4894500	 78.23653755314123
4895000	 78.23935055350553
4895500	 78.23618654073199
4896000	 78.24456906729634
4896500	 78.24374335969779
4897000	 78.25203635934365
4897500	 78.24511655355562
4898000	 78.25000737658965
4898500	 78.25270704865311
4899000	 78.24880523924715
4899500	 78.24803846380745
4900000	 78.25319293277882
4900500	 78.25514658172595
4901000	 78.24946921443737
4901500	 78.2448329746145
4902000	 78.24646226415095
4902500	 78.25199728781581
4903000	 78.24484201839189
4903500	 78.24845269672856
4904000	 78.25197453730992
4904500	 78.25584959038133
4905000	 78.25727082535286
4905500	 78.26090927841126
4906000	 78.25940547388268
4906500	 78.25781365069078
4907000	 78.26490514905149
4907500	 78.2626572026036
4908000	 78.26006419883971
4908500	 78.25380561198952
4909000	 78.258972471662
4909500	 78.2650886180298
4910000	 78.2663016279549
4910500	 78.26471021104994
4911000	 78.26421591711797
4911500	 78.26061622671493
4912000	 78.25575236862237
4912500	 78.25321408608161
4913000	 78.25988467874794
4913500	 78.26266399952932
4914000	 78.26623720437699
4914500	 78.26916289193483
4915000	 78.26978618275933
4915500	 78.26592366053049
4916000	 78.26489267862394
4916500	 78.26973626179765
4917000	 78.27788068566052
4917500	 78.28189221768147
4918000	 78.28121233500896
4918500	 78.272983776158
4919000	 78.27186434700835
4919500	 78.26596932479285
4920000	 78.2702726524856
4920500	 78.26747157839077
4921000	 78.27292756007284
4921500	 78.27611326518623
4922000	 78.26733429267863
4922500	 78.26663534386563
4923000	 78.26189847030153
4923500	 78.2625212847161
4924000	 78.25769806557666
4924500	 78.26000176113182
4925000	 78.26118220239493
4925500	 78.25573683901638
4926000	 78.25668260907837
4926500	 78.2642528094833
4927000	 78.25677657826802
4927500	 78.25766331289783
4928000	 78.2585498914765
4928500	 78.25163484941791
4929000	 78.25346000469153
4929500	 78.25208162307963
4930000	 78.25570214013486
4930500	 78.25888250469043
4931000	 78.25112107623319
4931500	 78.2543008704317
4932000	 78.25927554070688
4932500	 78.25839535837778
4933000	 78.25939816578277
4933500	 78.25881112120236
4934000	 78.24961190357635
4934500	 78.25278233364574
4935000	 78.26092432052484
4935500	 78.26013236499942
4936000	 78.25895994378074
4936500	 78.26175557767758
4937000	 78.2586726777716
4937500	 78.2637880562061
4938000	 78.25629993853718
4938500	 78.26032368521174
4939000	 78.26270045651411
4939500	 78.26357677902622
4940000	 78.25623848111634
4940500	 78.25512621756808
4941000	 78.25729745539631
4941500	 78.2541014768241
4942000	 78.25240504108308
4942500	 78.25463423191626
4943000	 78.24959073900843
4943500	 78.24818777037297
4944000	 78.24757423427636
4944500	 78.24825389403547
4945000	 78.25212588761286
4945500	 78.2508984660336
4946000	 78.25711447437621
4946500	 78.26028397802969
4947000	 78.2609838747371
4947500	 78.2573531559424
4948000	 78.25231434161726
4948500	 78.25137968289194
4949000	 78.25554030774622
4949500	 78.258415812677
4950000	 78.26178728870464
4950500	 78.25766244380874
4951000	 78.25666919619404
4951500	 78.26200274348423
4952000	 78.2606005778154
4952500	 78.25576984798529
4953000	 78.25240679152809
4953500	 78.26028356380185
4954000	 78.25812379674464
4954500	 78.24978856192948
4955000	 78.25072903301061
4955500	 78.24976673664567
4956000	 78.2510860374938
4956500	 78.24775536380596
4957000	 78.24001049226196
4957500	 78.23197738795967
4958000	 78.2334430814953
4958500	 78.2321048798252
4959000	 78.23372272555132
4959500	 78.23702991639722
4960000	 78.242411884649
4960500	 78.24682511942211
4961000	 78.24677442842581
4961500	 78.24761932496578
4962000	 78.23860129272695
4962500	 78.23588832930628
4963000	 78.23974616481821
4963500	 78.24091861683549
4964000	 78.24054832794901
4964500	 78.24113846691112
4965000	 78.2492870030848
4965500	 78.24890880521446
4966000	 78.24573041226616
4966500	 78.25098917723729
4967000	 78.24524405142824
4967500	 78.25269067426842
4968000	 78.25893714185986
4968500	 78.25999069280438
4969000	 78.25675400587431
4969500	 78.25806920616458
4970000	 78.25497892135485
4970500	 78.25699915690322
4971000	 78.26006569958429
4971500	 78.26639534883721
4972000	 78.26601557958377
4972500	 78.26698055628215
4973000	 78.27019093841727
4973500	 78.27529787852369
4974000	 78.27349334573138
4974500	 78.27460266728652
4975000	 78.27568274259151
4975500	 78.26688355070148
4976000	 78.27119579424323
4976500	 78.2663646396004
4977000	 78.26435913816134
4977500	 78.26613629104845
4978000	 78.26902418488517
4978500	 78.2736615956335
4979000	 78.27136553646075
4979500	 78.27113084871705
4980000	 78.27340008707009
4980500	 78.27840496851148
4981000	 78.28155198932065
4981500	 78.27829038997214
4982000	 78.27555194522614
4982500	 78.27956833280149
4983000	 78.27849166062364
4983500	 78.27436194895591
4984000	 78.27072640278382
4984500	 78.27450923536405
4985000	 78.27788570268781
4985500	 78.27337295260183
4986000	 78.27337024261573
4986500	 78.27334647266825
4987000	 78.27177882107459
4987500	 78.27273254129238
4988000	 78.27753469908146
4988500	 78.27820594541346
4989000	 78.27780513949648
4989500	 78.27914252607184
4990000	 78.27585807385952
4990500	 78.27635542168674
4991000	 78.27883000289603
4991500	 78.28562740725725
4992000	 78.28481250904879
4992500	 78.2834476968065
4993000	 78.28277798685696
4993500	 78.28954377026402
4994000	 78.28512301013025
4994500	 78.28189842280422
4995000	 78.28253949881359
4995500	 78.28123372490018
4996000	 78.28042006596077
4996500	 78.28145791148394
4997000	 78.27597177232762
4997500	 78.27687324676828
4998000	 78.28262001156737
4998500	 78.28882912582054
4999000	 78.28877515614157
4999500	 78.29016682568596
5000000	 78.2956516710998
5000500	 78.29161969184517
5001000	 78.29411764705883
5001500	 78.296673121947
5002000	 78.29895953757226
5002500	 78.30395075286842
5003000	 78.30058371380686
5003500	 78.30113554277789
5004000	 78.30154281751993
5004500	 78.30542555035535
5005000	 78.3069590085796
5005500	 78.3060859016204
5006000	 78.30541516245488
5006500	 78.30712140464364
5007000	 78.30725918225919
5007500	 78.30873393965642
5008000	 78.30539838337182
5008500	 78.3022081108385
5009000	 78.30961727183514
5009500	 78.29823397010446
5010000	 78.30084256694367
5010500	 78.30228800600133
5011000	 78.30678015002886
5011500	 78.30353382374153
5012000	 78.29823195177526
5012500	 78.29912903039741
5013000	 78.29776803737239
5013500	 78.29964533894639
5014000	 78.29773677382154
5014500	 78.296174579838
5015000	 78.30027961142659
5015500	 78.30912916894872
5016000	 78.31216671951114
5016500	 78.31028619188979
5017000	 78.31245857229315
5017500	 78.31135636688471
5018000	 78.30825746225653
5018500	 78.31577734239944
5019000	 78.31820800921925
5019500	 78.3201774602443
5020000	 78.32124441883911
5020500	 78.31922002361819
5021000	 78.32676632391485
5021500	 78.33076036866359
5022000	 78.32833198940214
5022500	 78.32671043538355
5023000	 78.32817943623851
5023500	 78.33650053266534
5024000	 78.34259472532536
5024500	 78.3455403926988
5025000	 78.35154743054557
5025500	 78.34572982930831
5026000	 78.33537655759878
5026500	 78.33153018357599
5027000	 78.33088785315611
5027500	 78.33414844649022
5028000	 78.33347716028075
5028500	 78.33656445952943
5029000	 78.33736949581524
5029500	 78.34169278996865
5030000	 78.34757851144599
5030500	 78.34300419805625
5031000	 78.34956006670883
5031500	 78.35128374687329
5032000	 78.34775484390272
5032500	 78.34494553189043
5033000	 78.3380176451993
5033500	 78.33490416942043
5034000	 78.33334291050136
5034500	 78.33393662558534
5035000	 78.3400459638035
5035500	 78.32977195703371
5036000	 78.32371353089823
5036500	 78.32002067242814
5037000	 78.31826141876955
5037500	 78.32379284606994
5038000	 78.32147880249146
5038500	 78.31888758143673
5039000	 78.31462350780532
5039500	 78.31963614450916
5040000	 78.32251585320364
5040500	 78.31347179987377
5041000	 78.31177213011301
5041500	 78.31861859277744
5042000	 78.31818051452663
5042500	 78.31518123422804
5043000	 78.31252688017891
5043500	 78.31088558240876
5044000	 78.31741299237429
5044500	 78.31861831732836
5045000	 78.31804631965146
5045500	 78.31755130115786
5046000	 78.31352265237699
5046500	 78.31668529184218
5047000	 78.31584677534883
5047500	 78.31852170176192
5048000	 78.31921049616133
5048500	 78.31336999484448
5049000	 78.3186596018903
5049500	 78.32164848068277
5050000	 78.3246370170967
5050500	 78.32552545673215
5051000	 78.32558339298497
5051500	 78.33210215885013
5052000	 78.33109075293444
5052500	 78.33272264048321
5053000	 78.32972694487377
5053500	 78.33805598488752
5054000	 78.34003033685356
5054500	 78.34344503906362
5055000	 78.34314819583942
5055500	 78.34116334296587
5056000	 78.33842544913605
5056500	 78.34548159166977
5057000	 78.3376615947832
5057500	 78.33131255361738
5058000	 78.33989133543037
5058500	 78.34149200812055
5059000	 78.34665751701264
5059500	 78.3434346322079
5060000	 78.34156590343882
5060500	 78.34032640695115
5061000	 78.32677086607424
5061500	 78.32935226720764
5062000	 78.33026684189475
5062500	 78.33031480317659
5063000	 78.33269538391225
5063500	 78.33165771735405
5064000	 78.33738896981122
5064500	 78.34068256461516
5065000	 78.34202410189046
5065500	 78.33874882220255
5066000	 78.33745396408484
5066500	 78.34028947443547
5067000	 78.33950846344875
5067500	 78.3416771320927
5068000	 78.34379816199555
5068500	 78.35164678349221
5069000	 78.35247281755657
5069500	 78.34337641587491
5070000	 78.34242432887342
5070500	 78.34212853353111
5071000	 78.33242071640429
5071500	 78.33112809398882
5072000	 78.33298166576374
5072500	 78.33578536195934
5073000	 78.34199121856646
5073500	 78.34842480399145
5074000	 78.34220803283829
5074500	 78.34222602251674
5075000	 78.34619659703024
5075500	 78.34656597321174
5076000	 78.34429405898275
5076500	 78.34122507122507
5077000	 78.3457352857387
5077500	 78.35207816995698
5078000	 78.35088868633929
5078500	 78.34253168161754
5079000	 78.34493265370048
5079500	 78.34496013667426
5080000	 78.34180782918149
5080500	 78.33969085371061
5081000	 78.34226182004497
5081500	 78.3456863917115
5082000	 78.34959442151701
5082500	 78.35873061050235
5083000	 78.35909841197564
5083500	 78.35869781736433
5084000	 78.35883792396996
5084500	 78.35605564880936
5085000	 78.3521078682369
5085500	 78.35561497326204
5086000	 78.35509101251422
5086500	 78.35416903651462
5087000	 78.35282074613285
5087500	 78.35872501350622
5088000	 78.36220181399449
5088500	 78.35888105526496
5089000	 78.35862304215583
5089500	 78.35767273967541
5090000	 78.36235220554798
5090500	 78.36128793907014
5091000	 78.35500369381144
5091500	 78.35414950137796
5092000	 78.35879879538611
5092500	 78.36303977272728
5093000	 78.36252592108627
5093500	 78.3624666250071
5094000	 78.36006816245384
5094500	 78.36091784284213
5095000	 78.35269733106189
5095500	 78.34342000681276
5096000	 78.34247275204359
5096500	 78.33944433408065
5097000	 78.34029511918274
5097500	 78.34632955932011
5098000	 78.34287578732338
5098500	 78.33942299509233
5099000	 78.34303463535018
5099500	 78.34703312911277
5100000	 78.34901727218582
5100500	 78.34582009981851
5101000	 78.34575252353409
5101500	 78.34272673149434
5102000	 78.3443701099898
5102500	 78.34455782312925
5103000	 78.3508403956804
5103500	 78.34977044720286
5104000	 78.35176263885741
5104500	 78.35511476338907
5105000	 78.35303451011504
5105500	 78.35627266545784
5106000	 78.35253958811366
5106500	 78.34451115894414
5107000	 78.343452650657
5107500	 78.33946824475466
5108000	 78.34253517936521
5108500	 78.34594150788483
5109000	 78.34445859872612
5109500	 78.34484417900309
5110000	 78.34526774595268
5110500	 78.3488990773759
5111000	 78.3538417999151
5111500	 78.35363196468491
5112000	 78.35442250014148
5112500	 78.35313755446161
5113000	 78.35467353174154
5113500	 78.35290789771442
5114000	 78.34943575529599
5114500	 78.35050904977376
5115000	 78.34686837268485
5115500	 78.34816783533137
5116000	 78.35001413627367
5116500	 78.35211466696822
5117000	 78.3500961103573
5117500	 78.34614623668071
5118000	 78.34555166176803
5118500	 78.34274330281451
5119000	 78.3456343599887
5119500	 78.34906193490055
5120000	 78.34590502019945
5120500	 78.35205378834962
5121000	 78.35094062482345
5121500	 78.35584554981216
5122000	 78.3574535389482
5122500	 78.36135901491188
5123000	 78.35264718339687
5123500	 78.35882087192229
5124000	 78.35544889892716
5124500	 78.35141848976711
5125000	 78.34657070279424
5125500	 78.34481006942485
5126000	 78.34888249238062
5126500	 78.34351898877038
5127000	 78.34946251728127
5127500	 78.3509563843593
5128000	 78.34443754936252
5128500	 78.34847972020083
5129000	 78.35303906360176
5129500	 78.35039481105471
5130000	 78.35613772877245
5130500	 78.35910667456221
5131000	 78.35236403620063
5131500	 78.34347164280076
5132000	 78.34428817046704
5132500	 78.33932647597577
5133000	 78.33768209867847
5133500	 78.33533372777731
5134000	 78.341128077985
5134500	 78.34474306964165
5135000	 78.34552112676056
5135500	 78.34574542996367
5136000	 78.34214824828207
5136500	 78.34244762333859
5137000	 78.33658989807985
5137500	 78.34223936484699
5138000	 78.34432182872585
5138500	 78.34779304132418
5139000	 78.33328642989812
5139500	 78.33415876410501
5140000	 78.33076360362388
5140500	 78.33878228574645
5141000	 78.34491587417703
5141500	 78.34544943029962
5142000	 78.35126315197209
5142500	 78.34987341772153
5143000	 78.35557368287812
5143500	 78.35711874894527
5144000	 78.35855105886323
5144500	 78.35679536570963
5145000	 78.3585367225284
5145500	 78.35672514619883
5146000	 78.35330166137238
5146500	 78.35132248362706
5147000	 78.35662488054416
5147500	 78.36048341765037
5148000	 78.362448360172
5148500	 78.36535056906
5149000	 78.3623770722113
5149500	 78.36773341575118
5150000	 78.36861918808822
5150500	 78.36497191011236
5151000	 78.35587508425073
5151500	 78.35953383880933
5152000	 78.35673171416538
5152500	 78.34894166526304
5153000	 78.34772357267164
5153500	 78.35233524194454
5154000	 78.3498161816294
5154500	 78.35062857784263
5155000	 78.3550423705034
5155500	 78.36022335082353
5156000	 78.36027720105494
5156500	 78.36430715708555
5157000	 78.36903826731006
5157500	 78.37162654996354
5158000	 78.36094126886184
5158500	 78.36578320011219
5159000	 78.36324630528057
5159500	 78.36822770611329
5160000	 78.3647834010935
5160500	 78.35584335491829
5161000	 78.35417776158309
5161500	 78.3512695476711
5162000	 78.35928479345328
5162500	 78.36107608238756
5163000	 78.36416622299437
5163500	 78.36613522373841
5164000	 78.36702902611229
5164500	 78.36161689730517
5165000	 78.36172656228116
5165500	 78.36253641048621
5166000	 78.36106754788842
5166500	 78.36219546345562
5167000	 78.35867282654347
5167500	 78.35501119820829
5168000	 78.35489740503317
5168500	 78.35506353915916
5169000	 78.34794167856043
5169500	 78.34386367452012
5170000	 78.34734191382205
5170500	 78.3517249097675
5171000	 78.35211504028648
5171500	 78.34982796721587
5172000	 78.35777224537749
5172500	 78.35436594506908
5173000	 78.3596699762271
5173500	 78.35496770224546
5174000	 78.35897435897436
5174500	 78.35978303416653
5175000	 78.36221308954681
5175500	 78.35575122292103
5176000	 78.35392269208195
5176500	 78.3596143096702
5177000	 78.36019897716793
5177500	 78.3673532124193
5178000	 78.36782540658358
5178500	 78.36849311240884
5179000	 78.36273222517111
5179500	 78.36553342458865
5180000	 78.3677653631285
5180500	 78.36894586894587
5181000	 78.36382931188561
5181500	 78.36555806874982
5182000	 78.36173777082868
5182500	 78.36335464418326
5183000	 78.36579101644287
5183500	 78.35341892269048
5184000	 78.35926990594736
5184500	 78.35769499093065
5185000	 78.35961828227022
5185500	 78.36199776785715
5186000	 78.37061941964286
5186500	 78.37285865744099
5187000	 78.37064107571277
5187500	 78.36654486625199
5188000	 78.36132414870178
5188500	 78.36008477175761
5189000	 78.35671666759605
5189500	 78.35625871201562
5190000	 78.36381377195428
5190500	 78.35624494801684
5191000	 78.35102973552937
5191500	 78.35301658074404
5192000	 78.34794238109832
5192500	 78.34611098729664
5193000	 78.34688988551213
5193500	 78.34355503565062
5194000	 78.33638717941578
5194500	 78.33936626385254
5195000	 78.33964417963638
5195500	 78.33782467080538
5196000	 78.3296314851926
5196500	 78.3303554034121
5197000	 78.33510519870867
5197500	 78.33591206344789
5198000	 78.34110641139804
5198500	 78.34324828181084
5199000	 78.33669949368497
5199500	 78.33714428774097
5200000	 78.3359107723973
5200500	 78.33392663459132
5201000	 78.33981311530118
5201500	 78.3394694399644
5202000	 78.33368549822065
5202500	 78.32879301717908
5203000	 78.33097064709807
5203500	 78.33665953247909
5204000	 78.33788215675375
5204500	 78.33684415295687
5205000	 78.3396320791419
5205500	 78.34414249194175
5206000	 78.34148306615175
5206500	 78.34264918324259
5207000	 78.34420400566682
5207500	 78.34068436840352
5208000	 78.33877641700686
5208500	 78.3355639473538
5209000	 78.33530456993725
5209500	 78.33267634566805
5210000	 78.333176039527
5210500	 78.33325931888201
5211000	 78.3274039128625
5211500	 78.32162477110039
5212000	 78.32309612983771
5212500	 78.31253987185532
5213000	 78.31281894830263
5213500	 78.31298704900303
5214000	 78.30677942603633
5214500	 78.30689253632029
5215000	 78.3147111012532
5215500	 78.3151284965762
5216000	 78.32063650476825
5216500	 78.32149688149688
5217000	 78.31248267834377
5217500	 78.31175525134401
5218000	 78.30501759343917
5218500	 78.30170646573217
5219000	 78.30125754805827
5219500	 78.29861245741823
5220000	 78.28924269694033
5220500	 78.29601838520324
5221000	 78.29648394241417
5221500	 78.29022614664932
5222000	 78.29281186858202
5222500	 78.2959231684703
5223000	 78.3037281005231
5223500	 78.30114013725924
5224000	 78.30991255257915
5224500	 78.30395927288825
5225000	 78.29549100968188
5225500	 78.2922140782741
5226000	 78.29618054595237
5226500	 78.30334375086429
5227000	 78.30472898230089
5227500	 78.30095396101203
5228000	 78.2950706366979
5228500	 78.29839935863765
5229000	 78.29981203007519
5229500	 78.30686090225564
5230000	 78.3055002763958
5230500	 78.30935271682051
5231000	 78.30016579165515
5231500	 78.29392750580175
5232000	 78.29348877040802
5232500	 78.29204762036295
5233000	 78.29370822515605
5233500	 78.29254349627175
5234000	 78.29343053599536
5234500	 78.29323245989453
5235000	 78.2944587095171
5235500	 78.29351516991966
5236000	 78.29299398222271
5236500	 78.29343895774103
5237000	 78.30094675536172
5237500	 78.30498744169358
5238000	 78.30778572019982
5238500	 78.31326930507258
5239000	 78.31773147509314
5239500	 78.31492825607064
5240000	 78.31187750034488
5240500	 78.30835862068966
5241000	 78.30420631637016
5241500	 78.30049641478213
5242000	 78.2989466137216
5242500	 78.29349324510615
5243000	 78.29131058058113
5243500	 78.28580485115766
5244000	 78.28923433107326
5244500	 78.2951795606758
5245000	 78.2982499655505
5245500	 78.29565433051337
5246000	 78.29385831978618
5246500	 78.29556975975314
5247000	 78.29800539974654
5247500	 78.30148760330579
5248000	 78.30363881772857
5248500	 78.30540406544372
5249000	 78.30191952851753
5249500	 78.29605969656085
5250000	 78.29422939265459
5250500	 78.29787468340491
5251000	 78.30017067665034
5251500	 78.30312706452324
5252000	 78.29806792535916
5252500	 78.30345397000137
5253000	 78.30353899499147
5253500	 78.30477972537905
5254000	 78.31074239172308
5254500	 78.31278029990371
5255000	 78.31249828055792
5255500	 78.31680008803059
5256000	 78.31894702096055
5256500	 78.32007591385428
5257000	 78.32570548435008
5257500	 78.31984930150699
5258000	 78.32097780955262
5258500	 78.32118995903329
5259000	 78.32392159019052
5259500	 78.32543435232022
5260000	 78.31900390302897
5260500	 78.30998378630905
5261000	 78.31395125168311
5261500	 78.31546408748694
5262000	 78.313973295236
5262500	 78.31187846821604
5263000	 78.31022358951822
5263500	 78.31513170544126
5264000	 78.31703699634706
5264500	 78.31998571860152
5265000	 78.3181930523136
5265500	 78.31959470591465
5266000	 78.31978803437578
5266500	 78.32474877821097
5267000	 78.3196716811244
5267500	 78.31562045398402
5268000	 78.31666483697443
5268500	 78.31963883857512
5269000	 78.32274972557629
5269500	 78.32423236286805
5270000	 78.32649197420771
5270500	 78.32682177348552
5271000	 78.32494787665972
5271500	 78.32161176180158
5272000	 78.32078110858177
5272500	 78.3229849436415
5273000	 78.32868034225538
5273500	 78.33167882411013
5274000	 78.32927531463355
5274500	 78.33406448782628
5275000	 78.32976944375908
5275500	 78.32668165122526
5276000	 78.32766890502947
5276500	 78.32794343345758
5277000	 78.32830012879889
5277500	 78.32662008494314
5278000	 78.33178978518194
5278500	 78.33723319724909
5279000	 78.33585381222433
5279500	 78.33219196844354
5280000	 78.33565245973486
5280500	 78.33669305140917
5281000	 78.33421881418595
5281500	 78.3315991237678
5282000	 78.32683567869462
5282500	 78.325349028196
5283000	 78.32482071495046
5283500	 78.32028791154657
5284000	 78.32121941875103
5284500	 78.32022656378263
5285000	 78.32308197438984
5285500	 78.32352056031299
5286000	 78.31837951691878
5286500	 78.312064108525
5287000	 78.31505538082867
5287500	 78.31781885801794
5288000	 78.32492889958434
5288500	 78.32605069590659
5289000	 78.31822406911259
5289500	 78.32017495899399
5290000	 78.31929258692324
5290500	 78.31964905567551
5291000	 78.31567009182335
5291500	 78.3163000409892
5292000	 78.31969833592917
5292500	 78.31865249583345
5293000	 78.325009562319
5293500	 78.32574784865456
5294000	 78.32445573492856
5294500	 78.3279069132228
5295000	 78.32642359688653
5295500	 78.3297102438758
5296000	 78.33266883311941
5296500	 78.33584555309795
5297000	 78.33282367716923
5297500	 78.3349623239052
5298000	 78.33701883701883
5298500	 78.32931189780822
5299000	 78.32842990093066
5299500	 78.33612619742911
5300000	 78.33521626415609
5300500	 78.33422467188737
5301000	 78.33413363162633
5301500	 78.32610474631751
5302000	 78.32435086188086
5302500	 78.32601521804347
5303000	 78.32929722654013
5303500	 78.32275391956374
5304000	 78.31251533407845
5304500	 78.30868403837768
5305000	 78.30788727788074
5305500	 78.31053277013217
5306000	 78.31562023108786
5306500	 78.32265097013298
5307000	 78.31417050377354
5307500	 78.3151528360486
5308000	 78.31391991283029
5308500	 78.31465693351129
5309000	 78.31733623859458
5309500	 78.31320806100217
5310000	 78.31720269055853
5310500	 78.32337563313546
5311000	 78.32638056856551
5311500	 78.32848663072483
5312000	 78.32703512115437
5312500	 78.31886109372023
5313000	 78.31557890152959
5313500	 78.31912693228827
5314000	 78.32163169782568
5314500	 78.32113411879949
5315000	 78.31604864379574
5315500	 78.31325825580763
5316000	 78.32076600837821
5316500	 78.31942555622042
5317000	 78.32621644409389
5317500	 78.32609937178755
5318000	 78.3264717878994
5318500	 78.32529432556622
5319000	 78.32045670789724
5319500	 78.31884530702112
5320000	 78.31966188301804
5320500	 78.31993477374644
5321000	 78.31573369565217
5321500	 78.31442234539723
5322000	 78.31919576144546
5322500	 78.30789916879448
5323000	 78.3111147327249
5323500	 78.31015752308528
5324000	 78.30925483380405
5324500	 78.31118472859586
5325000	 78.31210969318491
5325500	 78.31162272961747
5326000	 78.31203170811163
5326500	 78.3140778543895
5327000	 78.31712812160696
5327500	 78.31753657411177
5328000	 78.32203343828031
5328500	 78.32775139096213
5329000	 78.33581218618536
5329500	 78.33668041684759
5330000	 78.32624267419145
5330500	 78.32937218514299
5331000	 78.32975231274247
5331500	 78.32266464142346
5332000	 78.32968970380819
5332500	 78.32714994711577
5333000	 78.31715517475122
5333500	 78.31119364545775
5334000	 78.31222553537545
5334500	 78.30819058976583
5335000	 78.31507480485689
5335500	 78.31183436763231
5336000	 78.31012057986723
5336500	 78.31262362153521
5337000	 78.31172279266343
5337500	 78.31343121850789
5338000	 78.31198873178396
5338500	 78.31361555754178
5339000	 78.31728191100399
5339500	 78.3190705735796
5340000	 78.32085894554415
5340500	 78.32713241267263
5341000	 78.32747603833866
5341500	 78.3239394677712
5342000	 78.31529800249012
5342500	 78.31866406842049
5343000	 78.32319350473612
5343500	 78.32025436341496
5344000	 78.32020130959468
5344500	 78.32329545454546
5345000	 78.32483835186538
5345500	 78.32529892333496
5346000	 78.32689550704644
5346500	 78.32819430920696
5347000	 78.3270229337949
5347500	 78.32995294499432
5348000	 78.3302236283497
5348500	 78.33478448975177
5349000	 78.3317652148052
5349500	 78.32535885167464
5350000	 78.3272874712799
5350500	 78.32654936619909
5351000	 78.32874787167914
5351500	 78.33327928220096
5352000	 78.33248662379074
5352500	 78.3346483287849
5353000	 78.33643142764508
5353500	 78.33604387291982
5354000	 78.34441862978171
5354500	 78.3459844944488
5355000	 78.34242653414002
5355500	 78.34122825969537
5356000	 78.34228079176906
5356500	 78.34002052057457
5357000	 78.34321507640801
5357500	 78.34488809697362
5358000	 78.34577799373717
5358500	 78.34316715700828
5359000	 78.34882591093117
5359500	 78.35220770808593
5360000	 78.35504938738057
5360500	 78.35759391191709
5361000	 78.35823956393858
5361500	 78.35527735808331
5362000	 78.35228897461491
5362500	 78.34675657451113
5363000	 78.34395900755123
5363500	 78.33707228948148
5364000	 78.34058615762086
5364500	 78.33825789232469
5365000	 78.33530109439862
5365500	 78.33039564467443
5366000	 78.32971326937587
5366500	 78.33381837779574
5367000	 78.3330010238724
5367500	 78.33467144435164
5368000	 78.33737439047388
5368500	 78.33677235137246
5369000	 78.33982491582492
5369500	 78.34100948071536
5370000	 78.3390875794463
5370500	 78.33575679241727
5371000	 78.33672590199247
5371500	 78.3449380721594
5372000	 78.34098801992192
5372500	 78.34033217583246
5373000	 78.3343829901763
5373500	 78.33310907182647
5374000	 78.33191615316309
5374500	 78.33212258186025
5375000	 78.33201506591337
5375500	 78.33425696761003
5376000	 78.33632817753868
5376500	 78.34255971594577
5377000	 78.34347346620405
5377500	 78.34646728167613
5378000	 78.34643932874354
5378500	 78.34575669570829
5379000	 78.34283332885221
5379500	 78.34225878431056
5380000	 78.33823450352132
5380500	 78.34050102139555
5381000	 78.34231038004623
5381500	 78.34668207595345
5382000	 78.34327636246373
5382500	 78.34575697318213
5383000	 78.33965609887157
5383500	 78.34224383429155
5384000	 78.3452342574683
5384500	 78.3486004405523
5385000	 78.33909867325562
5385500	 78.34190031152647
5386000	 78.33701197572633
5386500	 78.33393293419604
5387000	 78.33554362416108
5387500	 78.33421914425297
5388000	 78.33464852242531
5388500	 78.34006119491116
5389000	 78.34113416172406
5389500	 78.33350327358592
5390000	 78.33398620911701
5390500	 78.32845109716186
5391000	 78.33173283261803
5391500	 78.33221575516991
5392000	 78.33232312396073
5392500	 78.33224275255438
5393000	 78.32940955649703
5393500	 78.32986567284232
5394000	 78.32805211516809
5394500	 78.32689111671044
5395000	 78.32618600911285
5395500	 78.32951865351629
5396000	 78.32933136808253
5396500	 78.33317254870434
5397000	 78.33567351751118
5397500	 78.33956753570376
5398000	 78.33641429566522
5398500	 78.33855715395536
5399000	 78.34035144112289
5399500	 78.34553879945356
5400000	 78.3523692175823
5400500	 78.35104587942256
5401000	 78.34977638520661
5401500	 78.3493908153702
5402000	 78.35712946846968
5402500	 78.35004819019062
5403000	 78.34751184516958
5403500	 78.34839400428265
5404000	 78.34940984396327
5404500	 78.35228154690218
5405000	 78.34899652127375
5405500	 78.3481029592765
5406000	 78.34540784932716
5406500	 78.34978598180845
5407000	 78.34685034104588
5407500	 78.35096025250094
5408000	 78.34698189403868
5408500	 78.33709457472125
5409000	 78.33805678840703
5409500	 78.33769983425118
5410000	 78.33635391606522
5410500	 78.3363179558454
5411000	 78.343400865986
5411500	 78.34049547021567
5412000	 78.33284347779619
5412500	 78.33624559153574
5413000	 78.32910377988513
5413500	 78.32906861828575
5414000	 78.33021740291652
5414500	 78.32704889577269
5415000	 78.32736982643524
5415500	 78.33015593292748
5416000	 78.33514004218621
5416500	 78.33660828705682
5417000	 78.34148490268842
5417500	 78.3430592632141
5418000	 78.3466979872938
5418500	 78.34974909246209
5419000	 78.34583255491206
5419500	 78.35036028823059
5420000	 78.35102607210526
5420500	 78.35704755297006
5421000	 78.35964350517665
5421500	 78.36046852904293
5422000	 78.36338411461807
5422500	 78.36207448511365
5423000	 78.36464279997865
5423500	 78.36665066154502
5424000	 78.36631814787155
5424500	 78.3700325385395
5425000	 78.37726036165786
5425500	 78.37580670969119
5426000	 78.37443336355395
5426500	 78.37402015677492
5427000	 78.37618641356511
5427500	 78.37103481366957
5428000	 78.37429363471585
5428500	 78.37246801705757
5429000	 78.37409055779122
5429500	 78.36883476777959
5430000	 78.3738076205702
5430500	 78.37259551340118
5431000	 78.3665858661197
5431500	 78.37206328911618
5432000	 78.3669702780441
5432500	 78.36574974036695
5433000	 78.3628254965653
5433500	 78.3686466625842
5434000	 78.36590884889787
5434500	 78.37106348995076
5435000	 78.37616461694086
5435500	 78.38036042271142
5436000	 78.37837693966091
5436500	 78.38107151411918
5437000	 78.38181285927188
5437500	 78.37084929757343
5438000	 78.36560255387072
5438500	 78.36962651628006
5439000	 78.36710375827859
5439500	 78.37030240165961
5440000	 78.3759674459427
5440500	 78.37216785448356
5441000	 78.37480721161516
5441500	 78.37752605828547
5442000	 78.3787455797506
5442500	 78.36572658887323
5443000	 78.36575058473315
5443500	 78.37215607059323
5444000	 78.369422519865
5444500	 78.36749661201605
5445000	 78.36730789669465
5445500	 78.36928104575163
5446000	 78.35910853742762
5446500	 78.36307373565661
5447000	 78.36893410183538
5447500	 78.37080024434943
5448000	 78.37314423817492
5448500	 78.36996123001752
5449000	 78.3717373410159
5449500	 78.36937821908353
5450000	 78.37637720020177
5450500	 78.37890573150335
5451000	 78.37401459854014
5451500	 78.37757783262998
5452000	 78.37591889811841
5452500	 78.38076535215752
5453000	 78.387081365108
5453500	 78.38587273788674
5454000	 78.38777892753853
5454500	 78.3865173904969
5455000	 78.39130896163846
5455500	 78.39268376793909
5456000	 78.39427055702917
5456500	 78.3954857703631
5457000	 78.40070019096117
5457500	 78.4015169597157
5458000	 78.40614723666066
5458500	 78.40411540093339
5459000	 78.40727581269554
5459500	 78.4016967126193
5460000	 78.40602301044483
5460500	 78.40942105821227
5461000	 78.40879452926208
5461500	 78.40702851690872
5462000	 78.40914270571088
5462500	 78.4173843911488
5463000	 78.41356650768415
5463500	 78.42050874403816
5464000	 78.41980182280628
5464500	 78.42016584099399
5465000	 78.41366249039811
5465500	 78.40830000794513
5466000	 78.40853238705577
5466500	 78.41032702237521
5467000	 78.41214785003177
5467500	 78.41948210124974
5468000	 78.41901408450704
5468500	 78.41620562776292
5469000	 78.41581747439189
5469500	 78.41716070294305
5470000	 78.42076430423967
5470500	 78.42564903273613
5471000	 78.42163892784379
5471500	 78.4262581362121
5472000	 78.42207465805974
5472500	 78.41448447336401
5473000	 78.41354139116636
5473500	 78.41624352057548
5474000	 78.41535328961287
5474500	 78.41359069275515
5475000	 78.41012557832121
5475500	 78.40564616319949
5476000	 78.40656552307448
5476500	 78.40766974125856
5477000	 78.40715097381147
5477500	 78.41128904391945
5478000	 78.40819615821597
5478500	 78.40803170409511
5479000	 78.40558461457178
5479500	 78.40852176669485
5480000	 78.41583896872359
5480500	 78.40977761343828
5481000	 78.4170936559083
5481500	 78.41030922390345
5482000	 78.4153683654608
5482500	 78.41780207013096
5483000	 78.41290458841544
5483500	 78.41830565748832
5484000	 78.42439281942978
5484500	 78.42716857610475
5485000	 78.42540780235443
5485500	 78.42782865739396
5486000	 78.43338611770916
5486500	 78.43273341426084
5487000	 78.43176420919309
5487500	 78.43344502783567
5488000	 78.43690473049627
5488500	 78.42938538644157
5489000	 78.4323846701659
5489500	 78.42897832164144
5490000	 78.43089580970965
5490500	 78.43409013000026
5491000	 78.4374159525379
5491500	 78.43435275507514
5492000	 78.43097403453275
5492500	 78.42881994781096
5493000	 78.43347390616763
5493500	 78.42821377747325
5494000	 78.42160040049535
5494500	 78.42601570321969
5495000	 78.42031085353003
5495500	 78.42313365997576
5496000	 78.42118155240077
5496500	 78.41370411334071
5497000	 78.41615757320413
5497500	 78.42093898938832
5498000	 78.42436609705364
5498500	 78.42223041280539
5499000	 78.42380287993261
5499500	 78.42019372499473
5500000	 78.42547311346827
5500500	 78.42680808506158
5501000	 78.43221833302628
5501500	 78.4301728901871
5502000	 78.43108620145247
5502500	 78.43295795400726
5503000	 78.42861276998764
5503500	 78.42453177609427
5504000	 78.4184945557835
5504500	 78.42416432159483
5505000	 78.4244201335928
5505500	 78.41925220866639
5506000	 78.41786728362604
5506500	 78.42126294757874
5507000	 78.4149405951004
5507500	 78.41086493731767
5508000	 78.41634691195794
5508500	 78.42182859845997
5509000	 78.42160031533307
5509500	 78.42129325520902
5510000	 78.42424003573211
5510500	 78.42562526271543
5511000	 78.41673670939272
5511500	 78.41984031097337
5512000	 78.41365546218488
5512500	 78.41894908221948
5513000	 78.4126759084226
5513500	 78.41234379922294
5514000	 78.41520974431668
5514500	 78.41433708690973
5515000	 78.4178324890417
5515500	 78.41705377529328
5516000	 78.41648516020679
5516500	 78.4157854687623
5517000	 78.41896465772834
5517500	 78.42269447723993
5518000	 78.42170571106273
5518500	 78.41964168612124
5519000	 78.4181288850421
5519500	 78.40964992788777
5520000	 78.40986916279924
5520500	 78.40626556560493
5521000	 78.40512202154709
5521500	 78.40982961992137
5522000	 78.41129137944591
5522500	 78.41285774190166
5523000	 78.41548299177106
5523500	 78.41339552434358
5524000	 78.41323201886546
5524500	 78.40800607791255
5525000	 78.39565217391305
5525500	 78.40056572640842
5526000	 78.40498140485046
5526500	 78.40700293316573
5527000	 78.413393044207
5527500	 78.41411998847775
5528000	 78.41758097881589
5528500	 78.41227909412227
5529000	 78.41558237557923
5529500	 78.41459647653203
5530000	 78.40961080430287
5530500	 78.4087566407579
5531000	 78.40564161607703
5531500	 78.39532754290498
5532000	 78.3936643298106
5532500	 78.38921873773965
5533000	 78.39170916699359
5533500	 78.39378089285248
5534000	 78.38215761125346
5534500	 78.38191848152893
5535000	 78.37989177319426
5535500	 78.37786548866875
5536000	 78.37867224255096
5536500	 78.37662032197366
5537000	 78.37317410959263
5537500	 78.37673434192992
5538000	 78.37820395579129
5538500	 78.3773806724665
5539000	 78.3740138968706
5539500	 78.37253826463981
5540000	 78.37124575607208
5540500	 78.3683770727249
5541000	 78.36613577023499
5541500	 78.36442669172932
5542000	 78.3641275973687
5542500	 78.35778044579006
5543000	 78.36071093015973
5543500	 78.35207702745016
5544000	 78.35513750456609
5544500	 78.35141269468576
5545000	 78.35007173601147
5545500	 78.34762649973918
5546000	 78.34688608387232
5546500	 78.35038856725603
5547000	 78.34705744309144
5547500	 78.34993351237192
5548000	 78.350653075058
5548500	 78.3537109935087
5549000	 78.35177123791154
5549500	 78.35082232126567
5550000	 78.34560758866911
5550500	 78.34452927534721
5551000	 78.33962952348696
5551500	 78.34726311127322
5552000	 78.34586329061165
5552500	 78.34060009376465
5553000	 78.34626904544862
5553500	 78.35088678803031
5554000	 78.34609275317032
5554500	 78.34940762921495
5555000	 78.35426756236005
5555500	 78.36101130031766
5556000	 78.35838692041342
5556500	 78.35012233848717
5557000	 78.35231650182197
5557500	 78.34632800707854
5558000	 78.34705560904526
5558500	 78.34101730193834
5559000	 78.33555318540101
5559500	 78.33029885296642
5560000	 78.32439601591554
5560500	 78.32494279176201
5561000	 78.32402496099844
5561500	 78.32462366430076
5562000	 78.32712855842973
5562500	 78.32263263237243
5563000	 78.32220922677062
5563500	 78.32348354904101
5564000	 78.32261836702874
5564500	 78.32358061582434
5565000	 78.32678566788786
5565500	 78.31376470893836
5566000	 78.31295291031402
5566500	 78.31738610981247
5567000	 78.31999272802825
5567500	 78.3181676534746
5568000	 78.32298943104209
5568500	 78.3190704920161
5569000	 78.31267846944603
5569500	 78.31637420828575
5570000	 78.32181700194678
5570500	 78.32429205492252
5571000	 78.32342788923205
5571500	 78.32295315946543
5572000	 78.32576484936554
5572500	 78.32328369051943
5573000	 78.31858981010689
5573500	 78.31700041502387
5574000	 78.32392612575224
5574500	 78.32259570494864
5575000	 78.32605425592614
5575500	 78.32177678664038
5576000	 78.31578128645874
5576500	 78.3170010888163
5577000	 78.3198880132725
5577500	 78.32381989268217
5578000	 78.32660255579461
5578500	 78.32795935823333
5579000	 78.32944561076121
5579500	 78.33094904887783
5580000	 78.33362703431118
5580500	 78.34007981755987
5581000	 78.33372198471305
5581500	 78.33655465450683
5582000	 78.3378238341969
5582500	 78.33417951042611
5583000	 78.33888514738642
5583500	 78.33297076114262
5584000	 78.33252194629308
5584500	 78.33620756622388
5585000	 78.33906423966236
5585500	 78.34106620407529
5586000	 78.34715066152293
5586500	 78.34693349211692
5587000	 78.33410979113285
5587500	 78.33408385093168
5588000	 78.33696496040578
5588500	 78.33935410413001
5589000	 78.33815462637135
5589500	 78.34461434965976
5590000	 78.3474166257018
5590500	 78.34592301324503
5591000	 78.34059283016916
5591500	 78.33749709054233
5592000	 78.3422468190752
5592500	 78.34410798789791
5593000	 78.34452086673217
5593500	 78.34222704826908
5594000	 78.34463948708668
5594500	 78.34910294193682
5595000	 78.35172164202254
5595500	 78.35608116841154
5596000	 78.35908703181947
5596500	 78.35643026982322
5597000	 78.35938388380627
5597500	 78.35904592087242
5598000	 78.35787188961525
5598500	 78.35789582472096
5599000	 78.35046885898065
5599500	 78.35144908818515
5600000	 78.35062117416122
5600500	 78.3494227938328
5601000	 78.34925758553906
5601500	 78.35189919177834
5602000	 78.35466962741098
5602500	 78.35427155139028
5603000	 78.3462223484164
5603500	 78.3448186862821
5604000	 78.34561783834005
5604500	 78.33894981292737
5605000	 78.33389231443977
5605500	 78.33565513505147
5606000	 78.33573234277459
5606500	 78.33451122001547
5607000	 78.33696997833488
5607500	 78.34020219734875
5608000	 78.34240251702084
5608500	 78.34136152656008
5609000	 78.34153259075907
5609500	 78.34038878003506
5610000	 78.34328435163702
5610500	 78.33487125293193
5611000	 78.33957935976082
5611500	 78.33538643919285
5612000	 78.32526860941486
5612500	 78.32151690024732
5613000	 78.31913961875323
5613500	 78.31546683837733
5614000	 78.32004326997372
5614500	 78.31647395122454
5615000	 78.31215078404614
5615500	 78.3144519683823
5616000	 78.31882080329557
5616500	 78.31902788147157
5617000	 78.32220362981079
5617500	 78.32292524711697
5618000	 78.32088438175641
5618500	 78.31982190652666
5619000	 78.32576693432159
5619500	 78.32894127335426
5620000	 78.32961066364736
5620500	 78.33072588323084
5621000	 78.33124067308187
5621500	 78.3335391581764
5622000	 78.33527141754567
5622500	 78.33746655690472
5623000	 78.33619713962342
5623500	 78.33549382716049
5624000	 78.33641951495513
5624500	 78.34042279600864
5625000	 78.34506879259355
5625500	 78.34578790372352
5626000	 78.34129534877742
5626500	 78.33916910895162
5627000	 78.33634938179574
5627500	 78.33528670933251
5628000	 78.33032662606327
5628500	 78.33182577412309
5629000	 78.32768942216285
5629500	 78.31677369637812
5630000	 78.31527713566548
5630500	 78.32104790034673
5631000	 78.32653585370865
5631500	 78.32616846430406
5632000	 78.3302860664578
5632500	 78.33067145975093
5633000	 78.32146432880651
5633500	 78.3171025950358
5634000	 78.31942198608866
5634500	 78.3183626331323
5635000	 78.32132317088819
5635500	 78.32042596869387
5636000	 78.31437294745484
5636500	 78.31697367745907
5637000	 78.32196823930835
5637500	 78.3086768062787
5638000	 78.3132854578097
5638500	 78.31120172334205
5639000	 78.30721300546168
5639500	 78.30224330214075
5640000	 78.3015022559475
5640500	 78.29800322969267
5641000	 78.30291690162505
5641500	 78.303885386232
5642000	 78.30025882172052
5642500	 78.3037540038437
5643000	 78.30889663301389
5643500	 78.3138852589233
5644000	 78.3174050065336
5644500	 78.31770553121717
5645000	 78.31162909836065
5645500	 78.3165902512743
5646000	 78.3211413349726
5646500	 78.32191061595594
5647000	 78.32162978897767
5647500	 78.32338028169013
5648000	 78.3174160180254
5648500	 78.32001126529777
5649000	 78.32217101894521
5649500	 78.32101167315174
5650000	 78.32252284536821
5650500	 78.31778977810764
5651000	 78.31020982599796
5651500	 78.30725342202891
5652000	 78.30653124920055
5652500	 78.30645656400287
5653000	 78.30224825434176
5653500	 78.30769624267846
5654000	 78.31367333367436
5654500	 78.31451881026061
5655000	 78.30911833895878
5655500	 78.3117361288673
5656000	 78.31029810298104
5656500	 78.30942277212536
5657000	 78.3070139563417
5657500	 78.30062102277084
5658000	 78.30449004625488
5658500	 78.30690210308435
5659000	 78.30744071954211
5659500	 78.3069238630557
5660000	 78.31156587721316
5660500	 78.31063992847108
5661000	 78.3111014611219
5661500	 78.31002247650184
5662000	 78.31273943913776
5662500	 78.30840930565132
5663000	 78.31261491317672
5663500	 78.30530803993157
5664000	 78.3049194557198
5664500	 78.30350989151245
5665000	 78.29692205604614
5665500	 78.30229946660542
5666000	 78.30304190272037
5666500	 78.29976270062004
5667000	 78.30726442295425
5667500	 78.30434227982447
5668000	 78.30713301699066
5668500	 78.30403285462847
5669000	 78.30379779121076
5669500	 78.30776097324593
5670000	 78.29738895405171
5670500	 78.29549742491459
5671000	 78.30056344491753
5671500	 78.2952917484514
5672000	 78.28792435518402
5672500	 78.29193638819511
5673000	 78.28383233532934
5673500	 78.28741782602049
5674000	 78.29141080846944
5674500	 78.29271337579618
5675000	 78.2887784995542
5675500	 78.29227908398502
5676000	 78.28882889307728
5676500	 78.28941805679358
5677000	 78.29498803035705
5677500	 78.29007944591567
5678000	 78.28885324371117
5678500	 78.29002775019731
5679000	 78.29470468431772
5679500	 78.29419101924448
5680000	 78.29735783739754
5680500	 78.29615678289642
5681000	 78.29845770131324
5681500	 78.30167455591184
5682000	 78.30353462096343
5682500	 78.29582230816202
5683000	 78.29079114729076
5683500	 78.29248066748067
5684000	 78.29511115633107
5684500	 78.29955487727331
5685000	 78.29005925285456
5685500	 78.2943749364256
5686000	 78.29501360388537
5686500	 78.30019324654191
5687000	 78.30705858421481
5687500	 78.3122123623789
5688000	 78.31141789337198
5688500	 78.31001347332028
5689000	 78.30998983223182
5689500	 78.31165166997103
5690000	 78.3163714002491
5690500	 78.31710974431962
5691000	 78.31432492185714
5691500	 78.31597804543375
5692000	 78.31931598739709
5692500	 78.31589644572038
5693000	 78.31624539565604
5693500	 78.31509563362036
5694000	 78.31540180839175
5694500	 78.31829841269841
5695000	 78.32018691114102
5695500	 78.31984967370052
5696000	 78.32346443897113
5696500	 78.31793140216811
5697000	 78.3073252449363
5697500	 78.31267291047996
5698000	 78.3094102121612
5698500	 78.31430021570867
5699000	 78.31430166463662
5699500	 78.3119275365996
5700000	 78.31279175969149
5700500	 78.30945435174145
5701000	 78.3126347563605
5701500	 78.31163923199837
5702000	 78.30578449521974
5702500	 78.30222120797201
5703000	 78.2966737653382
5703500	 78.28959975666017
5704000	 78.29257597647835
5704500	 78.29303527980535
5705000	 78.29211860111505
5705500	 78.28466820381584
5706000	 78.28756745800501
5706500	 78.28736098092367
5707000	 78.28123812659895
5707500	 78.28670212765958
5708000	 78.290385492123
5708500	 78.28207855352123
5709000	 78.27910568693979
5709500	 78.27771026381083
5710000	 78.2730356419603
5710500	 78.27085653538524
5711000	 78.27456340167046
5711500	 78.27496583489396
5712000	 78.27928634695685
5712500	 78.27796755990789
5713000	 78.27456735148264
5713500	 78.2781207306583
5714000	 78.28340121941963
5714500	 78.27393448842797
5715000	 78.27644990768141
5715500	 78.28257075650656
5716000	 78.28203636731494
5716500	 78.27741674463297
5717000	 78.27516371267477
5717500	 78.28061792071198
5718000	 78.28406735096324
5718500	 78.28708666194761
5719000	 78.2834862617224
5719500	 78.28980561664265
5720000	 78.2855662547072
5720500	 78.28632802628253
5721000	 78.2824510423247
5721500	 78.2755798090041
5722000	 78.27819320937752
5722500	 78.2728214195504
5723000	 78.273962569141
5723500	 78.2750277805839
5724000	 78.27049138932377
5724500	 78.27241509910365
5725000	 78.2753048703512
5725500	 78.2755547701396
5726000	 78.27702327459988
5726500	 78.27725471388545
5727000	 78.27844522968198
5727500	 78.27930747293239
5728000	 78.28262460567824
5728500	 78.2817885891645
5729000	 78.27829641217137
5729500	 78.27401614530777
5730000	 78.27140875268003
5730500	 78.26877679697351
5731000	 78.27176434984364
5731500	 78.27480203762546
5732000	 78.27318573806042
5732500	 78.2737702024659
5733000	 78.26689018856509
5733500	 78.25594172946543
5734000	 78.25473148358157
5734500	 78.24909920124978
5735000	 78.2550961271953
5735500	 78.25479969765684
5736000	 78.25232397027334
5736500	 78.25250642349741
5737000	 78.25998790871077
5737500	 78.25905495944788
5738000	 78.25984132980733
5738500	 78.25726517250062
5739000	 78.25408535817701
5739500	 78.24906220890713
5740000	 78.24161800241643
5740500	 78.24619295728561
5741000	 78.24667774086379
5741500	 78.24849628790739
5742000	 78.24761569239287
5742500	 78.24325072336143
5743000	 78.24459092281373
5743500	 78.24466693499699
5744000	 78.2425736348316
5744500	 78.23561512926265
5745000	 78.23599969824227
5745500	 78.23176526789531
5746000	 78.23290426387771
5746500	 78.22403478785441
5747000	 78.23034385682686
5747500	 78.23173398346194
5748000	 78.23259612968083
5748500	 78.23176860833291
5749000	 78.2312930298005
5749500	 78.22643452919304
5750000	 78.22523110932475
5750500	 78.22362604239927
5751000	 78.22272453285112
5751500	 78.2202606664825
5752000	 78.22082161510647
5752500	 78.21853423384971
5753000	 78.22334923424555
5753500	 78.21902299427653
5754000	 78.22401285237342
5754500	 78.2233879671695
5755000	 78.2229137909399
5755500	 78.22807810068765
5756000	 78.22093694326651
5756500	 78.21996136186868
5757000	 78.22293584886725
5757500	 78.22478111437245
5758000	 78.2221943510761
5758500	 78.22099322799097
5759000	 78.21914029191954
5759500	 78.22181261911928
5760000	 78.21945287229508
5760500	 78.21646693075265
5761000	 78.2092096357757
5761500	 78.20356399909772
5762000	 78.20688704543745
5762500	 78.20764835605453
5763000	 78.20597373960108
5763500	 78.20743654631555
5764000	 78.20146804619586
5764500	 78.198587245128
5765000	 78.19904821540388
5765500	 78.19777605249318
5766000	 78.20029550975433
5766500	 78.2033155535522
5767000	 78.20522836538461
5767500	 78.20192283618337
5768000	 78.20345984378129
5768500	 78.20053067661269
5769000	 78.20698372966208
5769500	 78.21531914893617
5770000	 78.22008910692831
5770500	 78.22069828557127
5771000	 78.21038935041537
5771500	 78.20783607295654
5772000	 78.20528343423226
5772500	 78.20488768822852
5773000	 78.20840941494285
5773500	 78.20194568098835
5774000	 78.19926983571304
5774500	 78.1983747968496
5775000	 78.194925
5775500	 78.20115
5776000	 78.209
5776500	 78.21178941052948
5777000	 78.21467853214679
5777500	 78.21355728854229
5778000	 78.20860198930374
5778500	 78.20537744571328
5779000	 78.2090652407486
5779500	 78.20699562773267
5780000	 78.2001898481215
5780500	 78.20395164110506
5781000	 78.21067092970975
5781500	 78.21551142750094
5782000	 78.22002697572185
5782500	 78.21650308433856
5783000	 78.2190145593487
5783500	 78.21764426798512
5784000	 78.21477079796264
5784500	 78.21815549008838
5785000	 78.21100322008937
5785500	 78.20828133579593
5786000	 78.21276861257394
5786500	 78.20671757249089
5787000	 78.21030042918454
5787500	 78.1999002120494
5788000	 78.20500923015517
5788500	 78.20771283893338
5789000	 78.21174328402883
5789500	 78.21057488464896
5790000	 78.20878326142797
5790500	 78.21203960000997
5791000	 78.21622362974415
5791500	 78.2117034008178
5792000	 78.21150777822098
5792500	 78.2145385650895
5793000	 78.21487150085999
5793500	 78.21675515341857
5794000	 78.2172125018693
5794500	 78.21229565390749
5795000	 78.20473402267348
5795500	 78.20551596990383
5796000	 78.20319856512967
5796500	 78.20233143198745
5797000	 78.2077064860018
5797500	 78.20856267589848
5798000	 78.19883463233646
5798500	 78.19794338072356
5799000	 78.20232048600737
5799500	 78.20153359723156
5800000	 78.20458562573128
5800500	 78.20337042292087
5801000	 78.2020310127685
5801500	 78.20273768043803
5802000	 78.20703815236057
5802500	 78.1996864735742
5803000	 78.20004478614615
5803500	 78.19967657668865
5804000	 78.20536869340233
5804500	 78.20897081871782
5805000	 78.21204507574815
5805500	 78.21165087182548
5806000	 78.21340629274965
5806500	 78.21201721007735
5807000	 78.20893221266226
5807500	 78.20043757147829
5808000	 78.20280919825979
5808500	 78.19877706246427
5809000	 78.20015409852364
5809500	 78.20467254877595
5810000	 78.20542770515434
5810500	 78.20877236580517
5811000	 78.20745949706789
5811500	 78.20492434594648
5812000	 78.19937895913552
5812500	 78.20391991255961
5813000	 78.2032041728763
5813500	 78.20675095005092
5814000	 78.21101783319259
5814500	 78.21277071329227
5815000	 78.21091189033476
5815500	 78.21044920662511
5816000	 78.21384053832593
5816500	 78.21461912801668
5817000	 78.21011866342288
5817500	 78.20631965646487
5818000	 78.21187450357426
5818500	 78.21185872775558
5819000	 78.21149025933738
5819500	 78.21605122096486
5820000	 78.21598550832528
5820500	 78.21133854360501
5821000	 78.21082663491119
5821500	 78.21339617960804
5822000	 78.20758507788472
5822500	 78.2081648850418
5823000	 78.20446880269814
5823500	 78.20422535211267
5824000	 78.2030893583259
5824500	 78.20620320325284
5825000	 78.2111813561423
5825500	 78.20982176057909
5826000	 78.2133862171542
5826500	 78.21558177581677
5827000	 78.2169042012641
5827500	 78.21494956504499
5828000	 78.21667368838443
5828500	 78.21595836947094
5829000	 78.21465384805987
5829500	 78.21749256689792
5830000	 78.21682687543355
5830500	 78.22068623807755
5831000	 78.22148731668648
5831500	 78.22434976467675
5832000	 78.2272614683444
5832500	 78.22694736842105
5833000	 78.23023008148203
5833500	 78.22914241846414
5834000	 78.23342083106334
5834500	 78.23854097021024
5835000	 78.23750216653873
5835500	 78.24063482631409
5836000	 78.23863045577204
5836500	 78.24099517266988
5837000	 78.23886729869551
5837500	 78.23412943942581
5838000	 78.23244246473645
5838500	 78.23048943435442
5839000	 78.2280858012321
5839500	 78.22806887338578
5840000	 78.22137574513344
5840500	 78.21847949745263
5841000	 78.21419386745796
5841500	 78.2085249468427
5842000	 78.20687268232386
5842500	 78.21024918421833
5843000	 78.20760313419186
5843500	 78.20671757989174
5844000	 78.20580748795255
5844500	 78.2119362411961
5845000	 78.21762016557518
5845500	 78.21497405485545
5846000	 78.21909515455512
5846500	 78.21927115503397
5847000	 78.21761901232738
5847500	 78.22270256916995
5848000	 78.22161841715246
5848500	 78.22373166032703
5849000	 78.22646216162813
5849500	 78.22602553653898
5850000	 78.22070770674371
5850500	 78.21526800483915
5851000	 78.22156383477767
5851500	 78.21775945492249
5852000	 78.21432626564312
5852500	 78.2150261625037
5853000	 78.21268509378085
5853500	 78.21417466623893
5854000	 78.21581739666873
5854500	 78.21898980926296
5855000	 78.21971379225265
5855500	 78.2223181683608
5856000	 78.22670416697505
5856500	 78.22723011643971
5857000	 78.23109751584971
5857500	 78.2293974001628
5858000	 78.22757430016031
5858500	 78.22805070533688
5859000	 78.22991368680641
5859500	 78.22626063370731
5860000	 78.22095115998127
5860500	 78.21482978775852
5861000	 78.21948333662
5861500	 78.22069951443149
5862000	 78.22547569752538
5862500	 78.2251084384858
5863000	 78.22729065010597
5863500	 78.2252667373038
5864000	 78.22996747486694
5864500	 78.2332824126546
5865000	 78.21651312872555
5865500	 78.2210399270918
5866000	 78.22776423064607
5866500	 78.2306347134307
5867000	 78.23619526131718
5867500	 78.22930877391711
5868000	 78.22447371660716

