Contact	NrofDelivered
500	0
1000	0
1500	0
2000	1
2500	1
3000	3
3500	4
4000	5
4500	5
5000	6
5500	10
6000	17
6500	23
7000	25
7500	29
8000	33
8500	36
9000	37
9500	42
10000	45
10500	46
11000	48
11500	50
12000	54
12500	55
13000	58
13500	61
14000	64
14500	66
15000	71
15500	72
16000	77
16500	83
17000	87
17500	92
18000	99
18500	102
19000	107
19500	108
20000	113
20500	115
21000	118
21500	119
22000	130
22500	133
23000	137
23500	140
24000	143
24500	144
25000	146
25500	149
26000	157
26500	161
27000	163
27500	167
28000	170
28500	172
29000	177
29500	182
30000	184
30500	186
31000	187
31500	190
32000	192
32500	195
33000	197
33500	200
34000	204
34500	205
35000	209
35500	210
36000	214
36500	219
37000	222
37500	228
38000	231
38500	237
39000	242
39500	245
40000	247
40500	250
41000	256
41500	264
42000	269
42500	271
43000	277
43500	284
44000	287
44500	291
45000	293
45500	297
46000	301
46500	306
47000	309
47500	310
48000	313
48500	314
49000	318
49500	320
50000	326
50500	330
51000	332
51500	335
52000	338
52500	340
53000	344
53500	349
54000	355
54500	357
55000	358
55500	359
56000	362
56500	367
57000	369
57500	371
58000	375
58500	376
59000	380
59500	386
60000	389
60500	394
61000	398
61500	403
62000	407
62500	413
63000	415
63500	419
64000	422
64500	429
65000	434
65500	437
66000	439
66500	443
67000	446
67500	448
68000	458
68500	462
69000	464
69500	466
70000	471
70500	475
71000	476
71500	478
72000	481
72500	490
73000	492
73500	496
74000	499
74500	503
75000	506
75500	510
76000	514
76500	516
77000	516
77500	521
78000	525
78500	527
79000	531
79500	533
80000	536
80500	541
81000	547
81500	549
82000	553
82500	560
83000	560
83500	563
84000	565
84500	569
85000	575
85500	580
86000	584
86500	590
87000	592
87500	594
88000	603
88500	603
89000	607
89500	612
90000	620
90500	626
91000	628
91500	631
92000	636
92500	640
93000	642
93500	644
94000	646
94500	652
95000	658
95500	659
96000	663
96500	665
97000	669
97500	675
98000	681
98500	685
99000	693
99500	695
100000	697
100500	698
101000	700
101500	703
102000	708
102500	709
103000	713
103500	721
104000	724
104500	724
105000	725
105500	726
106000	729
106500	733
107000	738
107500	746
108000	747
108500	750
109000	754
109500	757
110000	761
110500	762
111000	763
111500	763
112000	765
112500	767
113000	770
113500	773
114000	777
114500	782
115000	787
115500	789
116000	790
116500	795
117000	798
117500	801
118000	806
118500	813
119000	816
119500	819
120000	823
120500	827
121000	828
121500	830
122000	834
122500	835
123000	838
123500	841
124000	842
124500	848
125000	852
125500	858
126000	863
126500	868
127000	871
127500	878
128000	883
128500	888
129000	892
129500	894
130000	895
130500	897
131000	901
131500	904
132000	910
132500	913
133000	915
133500	918
134000	919
134500	922
135000	924
135500	929
136000	934
136500	937
137000	942
137500	946
138000	950
138500	953
139000	953
139500	956
140000	961
140500	965
141000	972
141500	978
142000	981
142500	984
143000	988
143500	993
144000	995
144500	1000
145000	1005
145500	1009
146000	1012
146500	1015
147000	1018
147500	1022
148000	1024
148500	1033
149000	1036
149500	1036
150000	1040
150500	1043
151000	1051
151500	1059
152000	1059
152500	1062
153000	1064
153500	1069
154000	1074
154500	1077
155000	1081
155500	1085
156000	1085
156500	1085
157000	1086
157500	1091
158000	1096
158500	1099
159000	1101
159500	1101
160000	1104
160500	1104
161000	1106
161500	1110
162000	1115
162500	1116
163000	1120
163500	1125
164000	1130
164500	1131
165000	1138
165500	1143
166000	1147
166500	1148
167000	1150
167500	1152
168000	1156
168500	1160
169000	1165
169500	1169
170000	1172
170500	1178
171000	1184
171500	1191
172000	1196
172500	1198
173000	1202
173500	1206
174000	1209
174500	1213
175000	1218
175500	1222
176000	1223
176500	1228
177000	1230
177500	1234
178000	1236
178500	1238
179000	1239
179500	1245
180000	1246
180500	1248
181000	1251
181500	1256
182000	1258
182500	1261
183000	1267
183500	1270
184000	1274
184500	1278
185000	1279
185500	1283
186000	1285
186500	1286
187000	1290
187500	1294
188000	1298
188500	1303
189000	1308
189500	1314
190000	1318
190500	1322
191000	1324
191500	1325
192000	1329
192500	1332
193000	1337
193500	1340
194000	1341
194500	1345
195000	1350
195500	1357
196000	1362
196500	1363
197000	1368
197500	1372
198000	1377
198500	1379
199000	1382
199500	1385
200000	1385
200500	1388
201000	1389
201500	1393
202000	1396
202500	1401
203000	1403
203500	1407
204000	1410
204500	1416
205000	1419
205500	1422
206000	1424
206500	1428
207000	1434
207500	1437
208000	1440
208500	1441
209000	1443
209500	1446
210000	1449
210500	1453
211000	1454
211500	1460
212000	1464
212500	1466
213000	1467
213500	1467
214000	1469
214500	1472
215000	1480
215500	1484
216000	1487
216500	1491
217000	1495
217500	1497
218000	1504
218500	1507
219000	1508
219500	1516
220000	1520
220500	1521
221000	1527
221500	1531
222000	1533
222500	1535
223000	1539
223500	1545
224000	1552
224500	1554
225000	1556
225500	1557
226000	1558
226500	1563
227000	1566
227500	1572
228000	1575
228500	1579
229000	1582
229500	1584
230000	1587
230500	1589
231000	1589
231500	1593
232000	1596
232500	1599
233000	1602
233500	1606
234000	1611
234500	1614
235000	1617
235500	1620
236000	1623
236500	1626
237000	1629
237500	1632
238000	1633
238500	1633
239000	1636
239500	1641
240000	1643
240500	1647
241000	1650
241500	1653
242000	1656
242500	1660
243000	1662
243500	1664
244000	1671
244500	1671
245000	1675
245500	1678
246000	1681
246500	1687
247000	1692
247500	1693
248000	1695
248500	1698
249000	1701
249500	1706
250000	1709
250500	1711
251000	1713
251500	1714
252000	1719
252500	1725
253000	1730
253500	1732
254000	1734
254500	1741
255000	1743
255500	1744
256000	1746
256500	1749
257000	1749
257500	1751
258000	1752
258500	1755
259000	1756
259500	1757
260000	1759
260500	1761
261000	1766
261500	1770
262000	1777
262500	1778
263000	1780
263500	1782
264000	1786
264500	1789
265000	1794
265500	1802
266000	1803
266500	1809
267000	1814
267500	1818
268000	1819
268500	1821
269000	1824
269500	1825
270000	1830
270500	1835
271000	1838
271500	1841
272000	1842
272500	1846
273000	1854
273500	1854
274000	1856
274500	1862
275000	1865
275500	1868
276000	1872
276500	1875
277000	1876
277500	1877
278000	1882
278500	1885
279000	1888
279500	1894
280000	1898
280500	1902
281000	1908
281500	1911
282000	1918
282500	1923
283000	1925
283500	1933
284000	1934
284500	1940
285000	1942
285500	1946
286000	1948
286500	1949
287000	1953
287500	1956
288000	1961
288500	1965
289000	1968
289500	1970
290000	1976
290500	1979
291000	1981
291500	1991
292000	1992
292500	1994
293000	1995
293500	2001
294000	2003
294500	2005
295000	2013
295500	2013
296000	2018
296500	2019
297000	2022
297500	2023
298000	2026
298500	2033
299000	2036
299500	2043
300000	2046
300500	2053
301000	2056
301500	2060
302000	2060
302500	2061
303000	2064
303500	2070
304000	2072
304500	2072
305000	2073
305500	2077
306000	2083
306500	2086
307000	2088
307500	2095
308000	2101
308500	2108
309000	2109
309500	2111
310000	2115
310500	2119
311000	2124
311500	2129
312000	2134
312500	2136
313000	2139
313500	2140
314000	2142
314500	2147
315000	2152
315500	2157
316000	2160
316500	2165
317000	2166
317500	2172
318000	2177
318500	2178
319000	2183
319500	2188
320000	2193
320500	2197
321000	2202
321500	2205
322000	2206
322500	2210
323000	2217
323500	2217
324000	2220
324500	2224
325000	2224
325500	2232
326000	2235
326500	2238
327000	2241
327500	2244
328000	2248
328500	2251
329000	2257
329500	2262
330000	2263
330500	2268
331000	2270
331500	2273
332000	2279
332500	2282
333000	2284
333500	2290
334000	2298
334500	2307
335000	2311
335500	2315
336000	2319
336500	2324
337000	2326
337500	2329
338000	2331
338500	2334
339000	2335
339500	2338
340000	2339
340500	2340
341000	2348
341500	2349
342000	2352
342500	2358
343000	2363
343500	2366
344000	2369
344500	2372
345000	2374
345500	2377
346000	2378
346500	2381
347000	2385
347500	2386
348000	2394
348500	2396
349000	2398
349500	2401
350000	2402
350500	2404
351000	2409
351500	2409
352000	2409
352500	2412
353000	2418
353500	2421
354000	2423
354500	2428
355000	2431
355500	2437
356000	2438
356500	2441
357000	2443
357500	2448
358000	2450
358500	2453
359000	2457
359500	2462
360000	2466
360500	2471
361000	2472
361500	2475
362000	2478
362500	2480
363000	2483
363500	2487
364000	2489
364500	2491
365000	2494
365500	2501
366000	2506
366500	2506
367000	2507
367500	2510
368000	2513
368500	2518
369000	2521
369500	2522
370000	2529
370500	2536
371000	2539
371500	2543
372000	2544
372500	2548
373000	2552
373500	2555
374000	2561
374500	2564
375000	2567
375500	2568
376000	2573
376500	2579
377000	2580
377500	2581
378000	2583
378500	2586
379000	2593
379500	2598
380000	2599
380500	2602
381000	2604
381500	2605
382000	2609
382500	2610
383000	2614
383500	2621
384000	2623
384500	2624
385000	2625
385500	2627
386000	2636
386500	2640
387000	2642
387500	2647
388000	2649
388500	2652
389000	2655
389500	2660
390000	2661
390500	2663
391000	2667
391500	2668
392000	2671
392500	2675
393000	2681
393500	2684
394000	2685
394500	2688
395000	2692
395500	2692
396000	2696
396500	2706
397000	2708
397500	2712
398000	2722
398500	2728
399000	2731
399500	2735
400000	2742
400500	2745
401000	2746
401500	2752
402000	2755
402500	2759
403000	2762
403500	2766
404000	2767
404500	2771
405000	2777
405500	2780
406000	2781
406500	2784
407000	2787
407500	2791
408000	2797
408500	2800
409000	2807
409500	2810
410000	2814
410500	2819
411000	2823
411500	2827
412000	2831
412500	2835
413000	2836
413500	2837
414000	2840
414500	2843
415000	2849
415500	2850
416000	2856
416500	2859
417000	2861
417500	2864
418000	2868
418500	2874
419000	2876
419500	2881
420000	2884
420500	2888
421000	2889
421500	2893
422000	2896
422500	2899
423000	2903
423500	2908
424000	2914
424500	2918
425000	2919
425500	2922
426000	2926
426500	2930
427000	2935
427500	2938
428000	2944
428500	2944
429000	2951
429500	2953
430000	2959
430500	2964
431000	2970
431500	2973
432000	2974
432500	2976
433000	2979
433500	2981
434000	2984
434500	2985
435000	2990
435500	2994
436000	2999
436500	3001
437000	3007
437500	3009
438000	3013
438500	3017
439000	3024
439500	3025
440000	3027
440500	3030
441000	3036
441500	3040
442000	3045
442500	3049
443000	3053
443500	3056
444000	3059
444500	3061
445000	3062
445500	3064
446000	3067
446500	3070
447000	3073
447500	3078
448000	3082
448500	3084
449000	3091
449500	3093
450000	3097
450500	3106
451000	3110
451500	3115
452000	3122
452500	3127
453000	3129
453500	3132
454000	3139
454500	3144
455000	3147
455500	3152
456000	3152
456500	3155
457000	3158
457500	3167
458000	3171
458500	3176
459000	3178
459500	3180
460000	3184
460500	3185
461000	3185
461500	3190
462000	3195
462500	3197
463000	3204
463500	3206
464000	3206
464500	3208
465000	3211
465500	3214
466000	3219
466500	3222
467000	3226
467500	3227
468000	3232
468500	3236
469000	3242
469500	3245
470000	3249
470500	3252
471000	3256
471500	3258
472000	3265
472500	3271
473000	3274
473500	3276
474000	3278
474500	3278
475000	3281
475500	3283
476000	3286
476500	3295
477000	3299
477500	3306
478000	3311
478500	3313
479000	3319
479500	3324
480000	3327
480500	3330
481000	3334
481500	3337
482000	3341
482500	3346
483000	3348
483500	3351
484000	3352
484500	3355
485000	3356
485500	3359
486000	3362
486500	3364
487000	3364
487500	3369
488000	3373
488500	3375
489000	3378
489500	3380
490000	3383
490500	3388
491000	3389
491500	3390
492000	3395
492500	3398
493000	3404
493500	3405
494000	3409
494500	3413
495000	3416
495500	3420
496000	3423
496500	3427
497000	3430
497500	3432
498000	3435
498500	3440
499000	3441
499500	3447
500000	3453
500500	3457
501000	3465
501500	3471
502000	3476
502500	3482
503000	3488
503500	3492
504000	3496
504500	3498
505000	3498
505500	3503
506000	3510
506500	3515
507000	3517
507500	3517
508000	3520
508500	3522
509000	3525
509500	3527
510000	3532
510500	3537
511000	3541
511500	3544
512000	3546
512500	3546
513000	3549
513500	3553
514000	3558
514500	3561
515000	3563
515500	3569
516000	3573
516500	3575
517000	3578
517500	3582
518000	3588
518500	3594
519000	3600
519500	3603
520000	3605
520500	3609
521000	3613
521500	3618
522000	3622
522500	3626
523000	3632
523500	3638
524000	3644
524500	3651
525000	3656
525500	3662
526000	3664
526500	3666
527000	3667
527500	3670
528000	3675
528500	3679
529000	3680
529500	3683
530000	3684
530500	3690
531000	3694
531500	3698
532000	3700
532500	3704
533000	3707
533500	3710
534000	3713
534500	3716
535000	3720
535500	3723
536000	3728
536500	3732
537000	3736
537500	3743
538000	3747
538500	3749
539000	3749
539500	3749
540000	3756
540500	3759
541000	3763
541500	3768
542000	3769
542500	3770
543000	3778
543500	3782
544000	3786
544500	3787
545000	3790
545500	3793
546000	3799
546500	3806
547000	3809
547500	3812
548000	3818
548500	3820
549000	3825
549500	3828
550000	3831
550500	3833
551000	3835
551500	3839
552000	3843
552500	3847
553000	3852
553500	3857
554000	3859
554500	3868
555000	3871
555500	3874
556000	3879
556500	3880
557000	3884
557500	3893
558000	3893
558500	3897
559000	3900
559500	3905
560000	3910
560500	3914
561000	3916
561500	3919
562000	3924
562500	3928
563000	3932
563500	3936
564000	3941
564500	3944
565000	3948
565500	3948
566000	3952
566500	3957
567000	3962
567500	3964
568000	3969
568500	3974
569000	3975
569500	3978
570000	3982
570500	3986
571000	3987
571500	3989
572000	3995
572500	3997
573000	4002
573500	4007
574000	4009
574500	4012
575000	4016
575500	4025
576000	4030
576500	4032
577000	4035
577500	4038
578000	4042
578500	4047
579000	4050
579500	4054
580000	4056
580500	4060
581000	4063
581500	4065
582000	4070
582500	4076
583000	4080
583500	4083
584000	4090
584500	4094
585000	4099
585500	4104
586000	4107
586500	4111
587000	4115
587500	4119
588000	4120
588500	4124
589000	4129
589500	4133
590000	4136
590500	4138
591000	4139
591500	4143
592000	4144
592500	4148
593000	4151
593500	4153
594000	4153
594500	4156
595000	4160
595500	4161
596000	4162
596500	4163
597000	4166
597500	4170
598000	4174
598500	4178
599000	4183
599500	4186
600000	4192
600500	4195
601000	4199
601500	4200
602000	4205
602500	4211
603000	4214
603500	4218
604000	4222
604500	4223
605000	4224
605500	4229
606000	4235
606500	4236
607000	4243
607500	4244
608000	4245
608500	4249
609000	4252
609500	4256
610000	4258
610500	4267
611000	4272
611500	4275
612000	4276
612500	4278
613000	4281
613500	4283
614000	4285
614500	4291
615000	4292
615500	4294
616000	4299
616500	4306
617000	4310
617500	4317
618000	4319
618500	4322
619000	4325
619500	4328
620000	4330
620500	4334
621000	4339
621500	4345
622000	4352
622500	4354
623000	4357
623500	4360
624000	4365
624500	4367
625000	4373
625500	4374
626000	4376
626500	4381
627000	4382
627500	4388
628000	4391
628500	4397
629000	4400
629500	4403
630000	4406
630500	4408
631000	4414
631500	4418
632000	4424
632500	4427
633000	4429
633500	4433
634000	4434
634500	4438
635000	4440
635500	4443
636000	4447
636500	4449
637000	4451
637500	4453
638000	4459
638500	4463
639000	4465
639500	4467
640000	4468
640500	4469
641000	4473
641500	4479
642000	4480
642500	4482
643000	4484
643500	4485
644000	4488
644500	4491
645000	4493
645500	4497
646000	4500
646500	4504
647000	4509
647500	4511
648000	4511
648500	4515
649000	4520
649500	4525
650000	4526
650500	4531
651000	4533
651500	4534
652000	4539
652500	4545
653000	4547
653500	4549
654000	4552
654500	4554
655000	4561
655500	4566
656000	4567
656500	4568
657000	4570
657500	4571
658000	4572
658500	4575
659000	4577
659500	4583
660000	4586
660500	4588
661000	4591
661500	4595
662000	4601
662500	4603
663000	4603
663500	4607
664000	4610
664500	4614
665000	4618
665500	4622
666000	4625
666500	4626
667000	4629
667500	4634
668000	4639
668500	4642
669000	4647
669500	4648
670000	4651
670500	4654
671000	4655
671500	4658
672000	4661
672500	4666
673000	4670
673500	4677
674000	4679
674500	4684
675000	4687
675500	4688
676000	4689
676500	4691
677000	4693
677500	4697
678000	4700
678500	4704
679000	4706
679500	4711
680000	4716
680500	4717
681000	4721
681500	4726
682000	4730
682500	4731
683000	4733
683500	4742
684000	4746
684500	4750
685000	4752
685500	4754
686000	4757
686500	4761
687000	4765
687500	4771
688000	4775
688500	4780
689000	4781
689500	4782
690000	4784
690500	4791
691000	4793
691500	4794
692000	4796
692500	4799
693000	4802
693500	4803
694000	4808
694500	4813
695000	4817
695500	4819
696000	4824
696500	4831
697000	4835
697500	4837
698000	4841
698500	4845
699000	4849
699500	4851
700000	4854
700500	4856
701000	4861
701500	4865
702000	4872
702500	4877
703000	4880
703500	4884
704000	4889
704500	4890
705000	4894
705500	4896
706000	4897
706500	4897
707000	4898
707500	4902
708000	4907
708500	4913
709000	4915
709500	4920
710000	4923
710500	4924
711000	4927
711500	4931
712000	4933
712500	4937
713000	4940
713500	4940
714000	4943
714500	4946
715000	4950
715500	4952
716000	4955
716500	4962
717000	4964
717500	4967
718000	4970
718500	4973
719000	4977
719500	4981
720000	4985
720500	4989
721000	4989
721500	4997
722000	4998
722500	5002
723000	5008
723500	5013
724000	5016
724500	5021
725000	5026
725500	5029
726000	5035
726500	5036
727000	5039
727500	5040
728000	5044
728500	5044
729000	5048
729500	5054
730000	5060
730500	5063
731000	5065
731500	5069
732000	5072
732500	5076
733000	5082
733500	5085
734000	5092
734500	5095
735000	5098
735500	5102
736000	5106
736500	5109
737000	5113
737500	5120
738000	5122
738500	5123
739000	5125
739500	5127
740000	5130
740500	5132
741000	5138
741500	5143
742000	5149
742500	5150
743000	5153
743500	5155
744000	5157
744500	5159
745000	5164
745500	5168
746000	5170
746500	5174
747000	5179
747500	5184
748000	5187
748500	5191
749000	5195
749500	5197
750000	5197
750500	5201
751000	5203
751500	5207
752000	5212
752500	5213
753000	5216
753500	5219
754000	5222
754500	5226
755000	5231
755500	5238
756000	5239
756500	5242
757000	5248
757500	5252
758000	5256
758500	5259
759000	5259
759500	5263
760000	5266
760500	5269
761000	5271
761500	5275
762000	5277
762500	5279
763000	5283
763500	5285
764000	5286
764500	5289
765000	5293
765500	5293
766000	5299
766500	5301
767000	5308
767500	5312
768000	5313
768500	5317
769000	5322
769500	5326
770000	5328
770500	5330
771000	5335
771500	5339
772000	5345
772500	5346
773000	5349
773500	5351
774000	5357
774500	5360
775000	5366
775500	5371
776000	5375
776500	5376
777000	5381
777500	5384
778000	5389
778500	5391
779000	5397
779500	5400
780000	5401
780500	5404
781000	5406
781500	5407
782000	5411
782500	5412
783000	5414
783500	5418
784000	5419
784500	5422
785000	5425
785500	5428
786000	5433
786500	5436
787000	5437
787500	5439
788000	5441
788500	5442
789000	5444
789500	5447
790000	5452
790500	5455
791000	5458
791500	5464
792000	5468
792500	5472
793000	5474
793500	5476
794000	5478
794500	5480
795000	5485
795500	5490
796000	5494
796500	5498
797000	5501
797500	5509
798000	5513
798500	5517
799000	5520
799500	5527
800000	5527
800500	5536
801000	5537
801500	5546
802000	5550
802500	5554
803000	5558
803500	5561
804000	5565
804500	5570
805000	5573
805500	5577
806000	5582
806500	5585
807000	5590
807500	5593
808000	5595
808500	5600
809000	5602
809500	5604
810000	5606
810500	5610
811000	5613
811500	5616
812000	5619
812500	5621
813000	5626
813500	5633
814000	5639
814500	5644
815000	5649
815500	5651
816000	5654
816500	5656
817000	5661
817500	5668
818000	5673
818500	5675
819000	5678
819500	5681
820000	5684
820500	5687
821000	5692
821500	5697
822000	5700
822500	5701
823000	5703
823500	5707
824000	5709
824500	5712
825000	5713
825500	5716
826000	5719
826500	5724
827000	5728
827500	5730
828000	5731
828500	5733
829000	5737
829500	5742
830000	5749
830500	5750
831000	5756
831500	5756
832000	5763
832500	5765
833000	5769
833500	5775
834000	5778
834500	5783
835000	5785
835500	5787
836000	5788
836500	5791
837000	5794
837500	5796
838000	5799
838500	5799
839000	5804
839500	5805
840000	5811
840500	5813
841000	5818
841500	5820
842000	5823
842500	5824
843000	5828
843500	5831
844000	5836
844500	5841
845000	5842
845500	5845
846000	5847
846500	5851
847000	5856
847500	5858
848000	5862
848500	5865
849000	5872
849500	5878
850000	5886
850500	5888
851000	5889
851500	5894
852000	5897
852500	5901
853000	5905
853500	5908
854000	5913
854500	5917
855000	5922
855500	5927
856000	5929
856500	5930
857000	5931
857500	5940
858000	5944
858500	5949
859000	5955
859500	5958
860000	5964
860500	5969
861000	5974
861500	5978
862000	5983
862500	5989
863000	5990
863500	5993
864000	5997
864500	5997
865000	6003
865500	6007
866000	6014
866500	6019
867000	6022
867500	6029
868000	6036
868500	6037
869000	6040
869500	6046
870000	6050
870500	6052
871000	6054
871500	6057
872000	6063
872500	6065
873000	6066
873500	6070
874000	6076
874500	6079
875000	6082
875500	6084
876000	6085
876500	6091
877000	6091
877500	6094
878000	6099
878500	6102
879000	6103
879500	6105
880000	6107
880500	6114
881000	6118
881500	6119
882000	6125
882500	6128
883000	6131
883500	6135
884000	6140
884500	6146
885000	6151
885500	6154
886000	6161
886500	6167
887000	6168
887500	6168
888000	6168
888500	6170
889000	6174
889500	6177
890000	6179
890500	6184
891000	6189
891500	6193
892000	6195
892500	6198
893000	6201
893500	6204
894000	6209
894500	6214
895000	6220
895500	6221
896000	6223
896500	6224
897000	6226
897500	6229
898000	6236
898500	6241
899000	6244
899500	6249
900000	6254
900500	6257
901000	6261
901500	6266
902000	6271
902500	6276
903000	6278
903500	6281
904000	6282
904500	6285
905000	6285
905500	6285
906000	6288
906500	6291
907000	6296
907500	6299
908000	6302
908500	6310
909000	6312
909500	6318
910000	6321
910500	6323
911000	6327
911500	6332
912000	6338
912500	6343
913000	6346
913500	6350
914000	6352
914500	6356
915000	6359
915500	6365
916000	6367
916500	6375
917000	6377
917500	6379
918000	6384
918500	6389
919000	6391
919500	6392
920000	6392
920500	6396
921000	6399
921500	6401
922000	6407
922500	6412
923000	6416
923500	6417
924000	6420
924500	6421
925000	6427
925500	6432
926000	6437
926500	6440
927000	6440
927500	6443
928000	6450
928500	6454
929000	6456
929500	6459
930000	6463
930500	6466
931000	6472
931500	6476
932000	6477
932500	6481
933000	6486
933500	6489
934000	6489
934500	6495
935000	6500
935500	6507
936000	6513
936500	6516
937000	6517
937500	6521
938000	6522
938500	6524
939000	6525
939500	6528
940000	6532
940500	6534
941000	6535
941500	6537
942000	6541
942500	6547
943000	6551
943500	6556
944000	6556
944500	6557
945000	6558
945500	6562
946000	6567
946500	6571
947000	6574
947500	6575
948000	6579
948500	6579
949000	6585
949500	6588
950000	6591
950500	6595
951000	6596
951500	6598
952000	6604
952500	6606
953000	6613
953500	6621
954000	6622
954500	6625
955000	6633
955500	6635
956000	6638
956500	6642
957000	6644
957500	6647
958000	6655
958500	6658
959000	6661
959500	6664
960000	6667
960500	6671
961000	6676
961500	6680
962000	6683
962500	6684
963000	6688
963500	6690
964000	6692
964500	6693
965000	6697
965500	6704
966000	6709
966500	6712
967000	6714
967500	6720
968000	6723
968500	6728
969000	6732
969500	6736
970000	6740
970500	6742
971000	6746
971500	6751
972000	6756
972500	6760
973000	6765
973500	6766
974000	6769
974500	6772
975000	6775
975500	6778
976000	6783
976500	6786
977000	6787
977500	6790
978000	6795
978500	6796
979000	6797
979500	6797
980000	6800
980500	6805
981000	6808
981500	6809
982000	6810
982500	6813
983000	6819
983500	6821
984000	6825
984500	6830
985000	6831
985500	6833
986000	6834
986500	6837
987000	6841
987500	6846
988000	6846
988500	6848
989000	6850
989500	6854
990000	6858
990500	6862
991000	6867
991500	6869
992000	6874
992500	6876
993000	6880
993500	6882
994000	6885
994500	6886
995000	6891
995500	6896
996000	6899
996500	6904
997000	6908
997500	6914
998000	6917
998500	6919
999000	6920
999500	6923
1000000	6928
1000500	6930
1001000	6934
1001500	6938
1002000	6942
1002500	6947
1003000	6955
1003500	6964
1004000	6968
1004500	6971
1005000	6975
1005500	6981
1006000	6984
1006500	6986
1007000	6991
1007500	6992
1008000	6995
1008500	6998
1009000	7002
1009500	7006
1010000	7010
1010500	7014
1011000	7021
1011500	7025
1012000	7027
1012500	7029
1013000	7034
1013500	7037
1014000	7038
1014500	7039
1015000	7040
1015500	7043
1016000	7046
1016500	7048
1017000	7049
1017500	7050
1018000	7050
1018500	7051
1019000	7055
1019500	7058
1020000	7061
1020500	7065
1021000	7067
1021500	7072
1022000	7078
1022500	7081
1023000	7086
1023500	7092
1024000	7094
1024500	7099
1025000	7106
1025500	7110
1026000	7119
1026500	7121
1027000	7122
1027500	7128
1028000	7131
1028500	7134
1029000	7138
1029500	7140
1030000	7142
1030500	7142
1031000	7143
1031500	7146
1032000	7151
1032500	7157
1033000	7159
1033500	7165
1034000	7167
1034500	7168
1035000	7176
1035500	7180
1036000	7188
1036500	7193
1037000	7197
1037500	7201
1038000	7206
1038500	7208
1039000	7210
1039500	7216
1040000	7221
1040500	7225
1041000	7228
1041500	7232
1042000	7239
1042500	7241
1043000	7244
1043500	7248
1044000	7253
1044500	7258
1045000	7258
1045500	7261
1046000	7264
1046500	7266
1047000	7266
1047500	7268
1048000	7269
1048500	7274
1049000	7275
1049500	7276
1050000	7277
1050500	7280
1051000	7284
1051500	7288
1052000	7289
1052500	7292
1053000	7296
1053500	7300
1054000	7303
1054500	7307
1055000	7308
1055500	7311
1056000	7315
1056500	7317
1057000	7322
1057500	7326
1058000	7329
1058500	7333
1059000	7340
1059500	7345
1060000	7349
1060500	7351
1061000	7354
1061500	7355
1062000	7356
1062500	7365
1063000	7370
1063500	7372
1064000	7372
1064500	7373
1065000	7377
1065500	7379
1066000	7384
1066500	7388
1067000	7394
1067500	7397
1068000	7400
1068500	7404
1069000	7406
1069500	7409
1070000	7414
1070500	7419
1071000	7421
1071500	7426
1072000	7429
1072500	7430
1073000	7436
1073500	7440
1074000	7444
1074500	7452
1075000	7454
1075500	7458
1076000	7468
1076500	7471
1077000	7477
1077500	7478
1078000	7482
1078500	7486
1079000	7492
1079500	7499
1080000	7501
1080500	7503
1081000	7508
1081500	7512
1082000	7517
1082500	7519
1083000	7522
1083500	7527
1084000	7532
1084500	7533
1085000	7539
1085500	7541
1086000	7546
1086500	7550
1087000	7553
1087500	7555
1088000	7558
1088500	7567
1089000	7568
1089500	7569
1090000	7570
1090500	7575
1091000	7579
1091500	7583
1092000	7588
1092500	7591
1093000	7594
1093500	7597
1094000	7599
1094500	7603
1095000	7604
1095500	7608
1096000	7612
1096500	7615
1097000	7621
1097500	7629
1098000	7631
1098500	7634
1099000	7636
1099500	7638
1100000	7644
1100500	7647
1101000	7651
1101500	7655
1102000	7662
1102500	7667
1103000	7669
1103500	7673
1104000	7678
1104500	7680
1105000	7682
1105500	7684
1106000	7685
1106500	7687
1107000	7688
1107500	7691
1108000	7699
1108500	7702
1109000	7710
1109500	7716
1110000	7718
1110500	7721
1111000	7724
1111500	7726
1112000	7730
1112500	7733
1113000	7738
1113500	7740
1114000	7741
1114500	7744
1115000	7749
1115500	7753
1116000	7758
1116500	7760
1117000	7760
1117500	7764
1118000	7768
1118500	7771
1119000	7773
1119500	7776
1120000	7780
1120500	7782
1121000	7785
1121500	7787
1122000	7789
1122500	7796
1123000	7798
1123500	7799
1124000	7804
1124500	7807
1125000	7810
1125500	7813
1126000	7818
1126500	7821
1127000	7824
1127500	7831
1128000	7832
1128500	7833
1129000	7835
1129500	7838
1130000	7841
1130500	7846
1131000	7848
1131500	7854
1132000	7856
1132500	7862
1133000	7867
1133500	7871
1134000	7878
1134500	7882
1135000	7885
1135500	7890
1136000	7892
1136500	7894
1137000	7896
1137500	7901
1138000	7904
1138500	7906
1139000	7912
1139500	7920
1140000	7925
1140500	7926
1141000	7929
1141500	7935
1142000	7939
1142500	7944
1143000	7947
1143500	7951
1144000	7956
1144500	7960
1145000	7965
1145500	7970
1146000	7971
1146500	7974
1147000	7976
1147500	7980
1148000	7982
1148500	7987
1149000	7991
1149500	7995
1150000	8002
1150500	8003
1151000	8008
1151500	8011
1152000	8014
1152500	8018
1153000	8022
1153500	8025
1154000	8030
1154500	8034
1155000	8037
1155500	8040
1156000	8047
1156500	8052
1157000	8055
1157500	8058
1158000	8060
1158500	8064
1159000	8067
1159500	8071
1160000	8077
1160500	8082
1161000	8085
1161500	8090
1162000	8094
1162500	8100
1163000	8106
1163500	8108
1164000	8110
1164500	8111
1165000	8114
1165500	8116
1166000	8119
1166500	8123
1167000	8128
1167500	8130
1168000	8131
1168500	8133
1169000	8137
1169500	8141
1170000	8146
1170500	8151
1171000	8154
1171500	8157
1172000	8162
1172500	8165
1173000	8169
1173500	8176
1174000	8180
1174500	8181
1175000	8184
1175500	8184
1176000	8188
1176500	8193
1177000	8198
1177500	8200
1178000	8203
1178500	8211
1179000	8215
1179500	8216
1180000	8219
1180500	8220
1181000	8223
1181500	8225
1182000	8231
1182500	8233
1183000	8236
1183500	8238
1184000	8240
1184500	8243
1185000	8248
1185500	8250
1186000	8254
1186500	8261
1187000	8262
1187500	8265
1188000	8268
1188500	8271
1189000	8275
1189500	8279
1190000	8285
1190500	8290
1191000	8293
1191500	8294
1192000	8297
1192500	8301
1193000	8307
1193500	8311
1194000	8312
1194500	8315
1195000	8318
1195500	8323
1196000	8324
1196500	8330
1197000	8334
1197500	8339
1198000	8340
1198500	8346
1199000	8350
1199500	8351
1200000	8352
1200500	8353
1201000	8358
1201500	8360
1202000	8363
1202500	8367
1203000	8376
1203500	8378
1204000	8382
1204500	8384
1205000	8385
1205500	8387
1206000	8387
1206500	8391
1207000	8395
1207500	8396
1208000	8398
1208500	8403
1209000	8407
1209500	8412
1210000	8413
1210500	8416
1211000	8422
1211500	8424
1212000	8426
1212500	8428
1213000	8430
1213500	8431
1214000	8433
1214500	8435
1215000	8437
1215500	8439
1216000	8441
1216500	8444
1217000	8447
1217500	8449
1218000	8454
1218500	8455
1219000	8460
1219500	8463
1220000	8468
1220500	8473
1221000	8478
1221500	8480
1222000	8484
1222500	8485
1223000	8490
1223500	8493
1224000	8497
1224500	8498
1225000	8499
1225500	8503
1226000	8506
1226500	8510
1227000	8515
1227500	8516
1228000	8518
1228500	8518
1229000	8518
1229500	8519
1230000	8524
1230500	8530
1231000	8532
1231500	8534
1232000	8535
1232500	8537
1233000	8541
1233500	8544
1234000	8548
1234500	8557
1235000	8561
1235500	8565
1236000	8569
1236500	8571
1237000	8575
1237500	8582
1238000	8588
1238500	8596
1239000	8599
1239500	8604
1240000	8607
1240500	8611
1241000	8613
1241500	8615
1242000	8618
1242500	8620
1243000	8621
1243500	8627
1244000	8632
1244500	8632
1245000	8632
1245500	8635
1246000	8636
1246500	8637
1247000	8640
1247500	8644
1248000	8646
1248500	8652
1249000	8657
1249500	8661
1250000	8664
1250500	8667
1251000	8668
1251500	8677
1252000	8677
1252500	8681
1253000	8685
1253500	8686
1254000	8687
1254500	8689
1255000	8696
1255500	8698
1256000	8705
1256500	8710
1257000	8714
1257500	8718
1258000	8720
1258500	8723
1259000	8723
1259500	8728
1260000	8730
1260500	8738
1261000	8740
1261500	8742
1262000	8749
1262500	8749
1263000	8754
1263500	8757
1264000	8758
1264500	8761
1265000	8766
1265500	8768
1266000	8772
1266500	8776
1267000	8777
1267500	8778
1268000	8784
1268500	8787
1269000	8788
1269500	8795
1270000	8800
1270500	8806
1271000	8810
1271500	8815
1272000	8817
1272500	8820
1273000	8822
1273500	8826
1274000	8828
1274500	8830
1275000	8833
1275500	8839
1276000	8840
1276500	8845
1277000	8848
1277500	8850
1278000	8853
1278500	8854
1279000	8858
1279500	8861
1280000	8863
1280500	8867
1281000	8870
1281500	8873
1282000	8874
1282500	8881
1283000	8883
1283500	8884
1284000	8885
1284500	8887
1285000	8889
1285500	8891
1286000	8891
1286500	8894
1287000	8897
1287500	8899
1288000	8904
1288500	8908
1289000	8910
1289500	8911
1290000	8914
1290500	8917
1291000	8920
1291500	8923
1292000	8930
1292500	8935
1293000	8940
1293500	8943
1294000	8947
1294500	8950
1295000	8952
1295500	8957
1296000	8961
1296500	8963
1297000	8965
1297500	8971
1298000	8972
1298500	8973
1299000	8976
1299500	8982
1300000	8988
1300500	8990
1301000	8994
1301500	8996
1302000	9003
1302500	9007
1303000	9009
1303500	9010
1304000	9014
1304500	9017
1305000	9022
1305500	9030
1306000	9038
1306500	9044
1307000	9047
1307500	9053
1308000	9054
1308500	9057
1309000	9059
1309500	9059
1310000	9063
1310500	9066
1311000	9070
1311500	9071
1312000	9073
1312500	9076
1313000	9078
1313500	9079
1314000	9083
1314500	9085
1315000	9089
1315500	9091
1316000	9093
1316500	9096
1317000	9100
1317500	9102
1318000	9112
1318500	9119
1319000	9121
1319500	9127
1320000	9130
1320500	9133
1321000	9137
1321500	9138
1322000	9139
1322500	9140
1323000	9144
1323500	9148
1324000	9153
1324500	9156
1325000	9159
1325500	9166
1326000	9170
1326500	9175
1327000	9180
1327500	9180
1328000	9181
1328500	9183
1329000	9189
1329500	9192
1330000	9196
1330500	9196
1331000	9198
1331500	9201
1332000	9204
1332500	9210
1333000	9211
1333500	9215
1334000	9216
1334500	9220
1335000	9225
1335500	9226
1336000	9229
1336500	9233
1337000	9238
1337500	9241
1338000	9242
1338500	9246
1339000	9248
1339500	9250
1340000	9253
1340500	9257
1341000	9257
1341500	9262
1342000	9265
1342500	9266
1343000	9271
1343500	9274
1344000	9282
1344500	9283
1345000	9285
1345500	9287
1346000	9291
1346500	9292
1347000	9294
1347500	9296
1348000	9300
1348500	9304
1349000	9307
1349500	9309
1350000	9312
1350500	9315
1351000	9318
1351500	9319
1352000	9324
1352500	9326
1353000	9330
1353500	9332
1354000	9334
1354500	9338
1355000	9340
1355500	9345
1356000	9348
1356500	9352
1357000	9352
1357500	9354
1358000	9358
1358500	9361
1359000	9365
1359500	9368
1360000	9371
1360500	9375
1361000	9377
1361500	9377
1362000	9381
1362500	9389
1363000	9392
1363500	9392
1364000	9395
1364500	9400
1365000	9402
1365500	9406
1366000	9407
1366500	9411
1367000	9416
1367500	9420
1368000	9425
1368500	9428
1369000	9430
1369500	9431
1370000	9432
1370500	9433
1371000	9438
1371500	9442
1372000	9443
1372500	9446
1373000	9451
1373500	9456
1374000	9459
1374500	9460
1375000	9463
1375500	9465
1376000	9469
1376500	9474
1377000	9477
1377500	9481
1378000	9485
1378500	9493
1379000	9497
1379500	9501
1380000	9506
1380500	9506
1381000	9513
1381500	9518
1382000	9521
1382500	9524
1383000	9527
1383500	9528
1384000	9534
1384500	9536
1385000	9539
1385500	9544
1386000	9550
1386500	9554
1387000	9558
1387500	9561
1388000	9569
1388500	9571
1389000	9574
1389500	9576
1390000	9582
1390500	9587
1391000	9589
1391500	9592
1392000	9593
1392500	9595
1393000	9601
1393500	9605
1394000	9610
1394500	9614
1395000	9617
1395500	9618
1396000	9623
1396500	9627
1397000	9628
1397500	9632
1398000	9635
1398500	9639
1399000	9639
1399500	9642
1400000	9647
1400500	9649
1401000	9651
1401500	9652
1402000	9654
1402500	9657
1403000	9659
1403500	9661
1404000	9669
1404500	9673
1405000	9676
1405500	9679
1406000	9682
1406500	9685
1407000	9687
1407500	9691
1408000	9696
1408500	9697
1409000	9698
1409500	9700
1410000	9701
1410500	9705
1411000	9709
1411500	9717
1412000	9720
1412500	9721
1413000	9725
1413500	9730
1414000	9733
1414500	9736
1415000	9739
1415500	9743
1416000	9744
1416500	9748
1417000	9751
1417500	9759
1418000	9763
1418500	9771
1419000	9776
1419500	9782
1420000	9783
1420500	9783
1421000	9785
1421500	9786
1422000	9789
1422500	9793
1423000	9798
1423500	9802
1424000	9806
1424500	9809
1425000	9810
1425500	9814
1426000	9816
1426500	9820
1427000	9825
1427500	9832
1428000	9835
1428500	9836
1429000	9841
1429500	9845
1430000	9848
1430500	9849
1431000	9854
1431500	9857
1432000	9862
1432500	9867
1433000	9870
1433500	9873
1434000	9878
1434500	9881
1435000	9884
1435500	9888
1436000	9893
1436500	9895
1437000	9900
1437500	9905
1438000	9907
1438500	9908
1439000	9910
1439500	9917
1440000	9921
1440500	9923
1441000	9929
1441500	9936
1442000	9940
1442500	9943
1443000	9944
1443500	9946
1444000	9947
1444500	9950
1445000	9955
1445500	9958
1446000	9963
1446500	9966
1447000	9969
1447500	9972
1448000	9976
1448500	9978
1449000	9978
1449500	9980
1450000	9982
1450500	9988
1451000	9993
1451500	10000
1452000	10005
1452500	10013
1453000	10016
1453500	10019
1454000	10026
1454500	10027
1455000	10030
1455500	10035
1456000	10038
1456500	10042
1457000	10044
1457500	10051
1458000	10054
1458500	10060
1459000	10064
1459500	10065
1460000	10070
1460500	10075
1461000	10080
1461500	10083
1462000	10090
1462500	10095
1463000	10098
1463500	10102
1464000	10108
1464500	10111
1465000	10114
1465500	10116
1466000	10121
1466500	10125
1467000	10127
1467500	10129
1468000	10134
1468500	10137
1469000	10141
1469500	10148
1470000	10153
1470500	10153
1471000	10159
1471500	10161
1472000	10163
1472500	10167
1473000	10171
1473500	10176
1474000	10183
1474500	10192
1475000	10198
1475500	10198
1476000	10203
1476500	10205
1477000	10210
1477500	10211
1478000	10212
1478500	10215
1479000	10220
1479500	10223
1480000	10229
1480500	10230
1481000	10236
1481500	10239
1482000	10241
1482500	10243
1483000	10245
1483500	10247
1484000	10253
1484500	10258
1485000	10261
1485500	10263
1486000	10266
1486500	10268
1487000	10271
1487500	10276
1488000	10277
1488500	10277
1489000	10278
1489500	10281
1490000	10284
1490500	10285
1491000	10287
1491500	10298
1492000	10301
1492500	10304
1493000	10310
1493500	10313
1494000	10315
1494500	10319
1495000	10320
1495500	10322
1496000	10326
1496500	10329
1497000	10336
1497500	10342
1498000	10346
1498500	10347
1499000	10351
1499500	10360
1500000	10362
1500500	10366
1501000	10371
1501500	10373
1502000	10373
1502500	10375
1503000	10377
1503500	10380
1504000	10381
1504500	10384
1505000	10388
1505500	10391
1506000	10396
1506500	10401
1507000	10407
1507500	10408
1508000	10409
1508500	10411
1509000	10416
1509500	10421
1510000	10426
1510500	10429
1511000	10432
1511500	10436
1512000	10441
1512500	10446
1513000	10447
1513500	10450
1514000	10455
1514500	10459
1515000	10462
1515500	10466
1516000	10471
1516500	10473
1517000	10474
1517500	10477
1518000	10480
1518500	10480
1519000	10482
1519500	10483
1520000	10489
1520500	10493
1521000	10495
1521500	10496
1522000	10500
1522500	10504
1523000	10510
1523500	10513
1524000	10515
1524500	10519
1525000	10519
1525500	10522
1526000	10525
1526500	10529
1527000	10534
1527500	10545
1528000	10549
1528500	10550
1529000	10556
1529500	10559
1530000	10563
1530500	10567
1531000	10570
1531500	10576
1532000	10577
1532500	10581
1533000	10585
1533500	10589
1534000	10595
1534500	10601
1535000	10603
1535500	10611
1536000	10613
1536500	10615
1537000	10617
1537500	10622
1538000	10625
1538500	10628
1539000	10629
1539500	10634
1540000	10639
1540500	10640
1541000	10643
1541500	10646
1542000	10649
1542500	10651
1543000	10657
1543500	10659
1544000	10663
1544500	10667
1545000	10670
1545500	10671
1546000	10673
1546500	10675
1547000	10681
1547500	10686
1548000	10687
1548500	10689
1549000	10696
1549500	10701
1550000	10707
1550500	10709
1551000	10713
1551500	10716
1552000	10719
1552500	10721
1553000	10722
1553500	10726
1554000	10731
1554500	10731
1555000	10734
1555500	10737
1556000	10740
1556500	10744
1557000	10750
1557500	10753
1558000	10755
1558500	10757
1559000	10763
1559500	10767
1560000	10771
1560500	10775
1561000	10776
1561500	10781
1562000	10786
1562500	10791
1563000	10791
1563500	10793
1564000	10799
1564500	10805
1565000	10808
1565500	10813
1566000	10815
1566500	10818
1567000	10819
1567500	10824
1568000	10828
1568500	10829
1569000	10833
1569500	10840
1570000	10841
1570500	10845
1571000	10850
1571500	10853
1572000	10854
1572500	10858
1573000	10864
1573500	10866
1574000	10872
1574500	10874
1575000	10876
1575500	10877
1576000	10878
1576500	10881
1577000	10886
1577500	10889
1578000	10891
1578500	10894
1579000	10899
1579500	10903
1580000	10910
1580500	10911
1581000	10914
1581500	10920
1582000	10928
1582500	10930
1583000	10931
1583500	10936
1584000	10937
1584500	10940
1585000	10941
1585500	10945
1586000	10950
1586500	10953
1587000	10960
1587500	10964
1588000	10968
1588500	10972
1589000	10975
1589500	10983
1590000	10983
1590500	10983
1591000	10988
1591500	10993
1592000	10998
1592500	11002
1593000	11008
1593500	11011
1594000	11018
1594500	11023
1595000	11026
1595500	11029
1596000	11035
1596500	11037
1597000	11044
1597500	11047
1598000	11049
1598500	11050
1599000	11055
1599500	11059
1600000	11065
1600500	11068
1601000	11070
1601500	11074
1602000	11080
1602500	11083
1603000	11086
1603500	11088
1604000	11092
1604500	11095
1605000	11097
1605500	11100
1606000	11106
1606500	11106
1607000	11110
1607500	11114
1608000	11116
1608500	11117
1609000	11117
1609500	11121
1610000	11128
1610500	11134
1611000	11138
1611500	11142
1612000	11146
1612500	11150
1613000	11153
1613500	11156
1614000	11160
1614500	11163
1615000	11166
1615500	11173
1616000	11176
1616500	11178
1617000	11182
1617500	11183
1618000	11185
1618500	11189
1619000	11190
1619500	11197
1620000	11198
1620500	11201
1621000	11202
1621500	11203
1622000	11208
1622500	11211
1623000	11212
1623500	11215
1624000	11220
1624500	11226
1625000	11231
1625500	11231
1626000	11233
1626500	11236
1627000	11242
1627500	11243
1628000	11243
1628500	11246
1629000	11249
1629500	11250
1630000	11253
1630500	11258
1631000	11260
1631500	11263
1632000	11267
1632500	11269
1633000	11271
1633500	11272
1634000	11276
1634500	11280
1635000	11282
1635500	11283
1636000	11285
1636500	11288
1637000	11295
1637500	11302
1638000	11303
1638500	11310
1639000	11314
1639500	11318
1640000	11323
1640500	11327
1641000	11330
1641500	11332
1642000	11334
1642500	11336
1643000	11339
1643500	11344
1644000	11347
1644500	11347
1645000	11352
1645500	11359
1646000	11363
1646500	11366
1647000	11370
1647500	11373
1648000	11377
1648500	11383
1649000	11385
1649500	11387
1650000	11391
1650500	11395
1651000	11399
1651500	11406
1652000	11410
1652500	11413
1653000	11414
1653500	11418
1654000	11422
1654500	11425
1655000	11426
1655500	11429
1656000	11435
1656500	11439
1657000	11442
1657500	11448
1658000	11451
1658500	11454
1659000	11457
1659500	11461
1660000	11464
1660500	11468
1661000	11471
1661500	11474
1662000	11475
1662500	11482
1663000	11483
1663500	11486
1664000	11494
1664500	11498
1665000	11503
1665500	11506
1666000	11511
1666500	11514
1667000	11520
1667500	11522
1668000	11525
1668500	11529
1669000	11536
1669500	11539
1670000	11543
1670500	11548
1671000	11552
1671500	11555
1672000	11557
1672500	11559
1673000	11562
1673500	11565
1674000	11568
1674500	11576
1675000	11581
1675500	11584
1676000	11587
1676500	11593
1677000	11594
1677500	11599
1678000	11599
1678500	11606
1679000	11614
1679500	11615
1680000	11617
1680500	11619
1681000	11620
1681500	11624
1682000	11626
1682500	11631
1683000	11633
1683500	11634
1684000	11636
1684500	11639
1685000	11643
1685500	11646
1686000	11650
1686500	11651
1687000	11656
1687500	11664
1688000	11667
1688500	11672
1689000	11673
1689500	11678
1690000	11679
1690500	11682
1691000	11682
1691500	11686
1692000	11691
1692500	11693
1693000	11696
1693500	11699
1694000	11705
1694500	11705
1695000	11708
1695500	11709
1696000	11712
1696500	11717
1697000	11721
1697500	11725
1698000	11728
1698500	11730
1699000	11735
1699500	11743
1700000	11747
1700500	11750
1701000	11751
1701500	11756
1702000	11757
1702500	11759
1703000	11764
1703500	11767
1704000	11769
1704500	11771
1705000	11778
1705500	11781
1706000	11790
1706500	11791
1707000	11798
1707500	11803
1708000	11810
1708500	11813
1709000	11815
1709500	11819
1710000	11821
1710500	11827
1711000	11832
1711500	11837
1712000	11838
1712500	11841
1713000	11844
1713500	11849
1714000	11850
1714500	11854
1715000	11856
1715500	11860
1716000	11864
1716500	11866
1717000	11873
1717500	11877
1718000	11878
1718500	11882
1719000	11888
1719500	11891
1720000	11897
1720500	11902
1721000	11907
1721500	11908
1722000	11910
1722500	11916
1723000	11925
1723500	11929
1724000	11932
1724500	11933
1725000	11938
1725500	11942
1726000	11944
1726500	11946
1727000	11949
1727500	11952
1728000	11958
1728500	11962
1729000	11966
1729500	11967
1730000	11974
1730500	11979
1731000	11983
1731500	11990
1732000	11991
1732500	11995
1733000	11997
1733500	11997
1734000	12001
1734500	12004
1735000	12006
1735500	12007
1736000	12010
1736500	12011
1737000	12012
1737500	12016
1738000	12019
1738500	12024
1739000	12028
1739500	12034
1740000	12042
1740500	12044
1741000	12049
1741500	12052
1742000	12061
1742500	12063
1743000	12065
1743500	12065
1744000	12065
1744500	12070
1745000	12076
1745500	12083
1746000	12086
1746500	12088
1747000	12090
1747500	12093
1748000	12099
1748500	12100
1749000	12105
1749500	12108
1750000	12109
1750500	12111
1751000	12113
1751500	12119
1752000	12120
1752500	12124
1753000	12126
1753500	12130
1754000	12136
1754500	12140
1755000	12146
1755500	12150
1756000	12153
1756500	12156
1757000	12158
1757500	12161
1758000	12161
1758500	12165
1759000	12171
1759500	12173
1760000	12179
1760500	12182
1761000	12183
1761500	12188
1762000	12190
1762500	12193
1763000	12194
1763500	12195
1764000	12199
1764500	12203
1765000	12207
1765500	12211
1766000	12218
1766500	12221
1767000	12226
1767500	12230
1768000	12230
1768500	12235
1769000	12237
1769500	12242
1770000	12244
1770500	12246
1771000	12249
1771500	12252
1772000	12255
1772500	12256
1773000	12262
1773500	12268
1774000	12268
1774500	12274
1775000	12278
1775500	12284
1776000	12290
1776500	12292
1777000	12299
1777500	12302
1778000	12307
1778500	12311
1779000	12312
1779500	12315
1780000	12317
1780500	12322
1781000	12329
1781500	12335
1782000	12336
1782500	12339
1783000	12340
1783500	12346
1784000	12350
1784500	12353
1785000	12356
1785500	12360
1786000	12364
1786500	12368
1787000	12369
1787500	12374
1788000	12381
1788500	12389
1789000	12391
1789500	12397
1790000	12401
1790500	12404
1791000	12405
1791500	12408
1792000	12411
1792500	12413
1793000	12421
1793500	12422
1794000	12425
1794500	12427
1795000	12431
1795500	12433
1796000	12438
1796500	12442
1797000	12445
1797500	12452
1798000	12452
1798500	12458
1799000	12459
1799500	12461
1800000	12463
1800500	12464
1801000	12467
1801500	12471
1802000	12476
1802500	12479
1803000	12481
1803500	12484
1804000	12487
1804500	12490
1805000	12491
1805500	12498
1806000	12502
1806500	12503
1807000	12504
1807500	12506
1808000	12508
1808500	12511
1809000	12516
1809500	12522
1810000	12526
1810500	12528
1811000	12531
1811500	12537
1812000	12539
1812500	12541
1813000	12542
1813500	12545
1814000	12546
1814500	12548
1815000	12551
1815500	12557
1816000	12559
1816500	12561
1817000	12563
1817500	12569
1818000	12572
1818500	12581
1819000	12584
1819500	12587
1820000	12591
1820500	12592
1821000	12596
1821500	12600
1822000	12602
1822500	12606
1823000	12612
1823500	12613
1824000	12615
1824500	12618
1825000	12621
1825500	12625
1826000	12626
1826500	12628
1827000	12631
1827500	12633
1828000	12634
1828500	12636
1829000	12642
1829500	12643
1830000	12648
1830500	12655
1831000	12658
1831500	12666
1832000	12670
1832500	12674
1833000	12677
1833500	12679
1834000	12683
1834500	12684
1835000	12689
1835500	12695
1836000	12696
1836500	12698
1837000	12701
1837500	12704
1838000	12707
1838500	12709
1839000	12710
1839500	12714
1840000	12717
1840500	12723
1841000	12725
1841500	12728
1842000	12733
1842500	12734
1843000	12743
1843500	12751
1844000	12756
1844500	12759
1845000	12762
1845500	12766
1846000	12767
1846500	12772
1847000	12775
1847500	12785
1848000	12786
1848500	12791
1849000	12796
1849500	12796
1850000	12797
1850500	12803
1851000	12808
1851500	12811
1852000	12818
1852500	12819
1853000	12821
1853500	12822
1854000	12825
1854500	12828
1855000	12831
1855500	12832
1856000	12836
1856500	12840
1857000	12842
1857500	12845
1858000	12850
1858500	12851
1859000	12854
1859500	12859
1860000	12861
1860500	12865
1861000	12872
1861500	12873
1862000	12880
1862500	12883
1863000	12884
1863500	12886
1864000	12889
1864500	12890
1865000	12891
1865500	12892
1866000	12898
1866500	12900
1867000	12903
1867500	12910
1868000	12911
1868500	12914
1869000	12916
1869500	12920
1870000	12923
1870500	12928
1871000	12930
1871500	12934
1872000	12937
1872500	12940
1873000	12943
1873500	12945
1874000	12949
1874500	12950
1875000	12955
1875500	12958
1876000	12963
1876500	12968
1877000	12971
1877500	12972
1878000	12974
1878500	12976
1879000	12982
1879500	12986
1880000	12990
1880500	12991
1881000	12995
1881500	13001
1882000	13008
1882500	13011
1883000	13017
1883500	13018
1884000	13022
1884500	13029
1885000	13033
1885500	13037
1886000	13039
1886500	13045
1887000	13049
1887500	13051
1888000	13052
1888500	13055
1889000	13057
1889500	13063
1890000	13065
1890500	13068
1891000	13070
1891500	13076
1892000	13081
1892500	13082
1893000	13084
1893500	13087
1894000	13090
1894500	13093
1895000	13101
1895500	13103
1896000	13105
1896500	13108
1897000	13114
1897500	13118
1898000	13122
1898500	13125
1899000	13128
1899500	13128
1900000	13133
1900500	13139
1901000	13143
1901500	13147
1902000	13150
1902500	13150
1903000	13154
1903500	13156
1904000	13161
1904500	13166
1905000	13169
1905500	13172
1906000	13174
1906500	13178
1907000	13180
1907500	13182
1908000	13188
1908500	13191
1909000	13192
1909500	13193
1910000	13195
1910500	13200
1911000	13205
1911500	13210
1912000	13213
1912500	13220
1913000	13225
1913500	13230
1914000	13232
1914500	13233
1915000	13236
1915500	13242
1916000	13244
1916500	13245
1917000	13250
1917500	13253
1918000	13259
1918500	13263
1919000	13270
1919500	13275
1920000	13278
1920500	13280
1921000	13283
1921500	13285
1922000	13291
1922500	13293
1923000	13295
1923500	13298
1924000	13302
1924500	13304
1925000	13308
1925500	13310
1926000	13313
1926500	13317
1927000	13321
1927500	13324
1928000	13327
1928500	13329
1929000	13331
1929500	13333
1930000	13335
1930500	13338
1931000	13345
1931500	13346
1932000	13347
1932500	13350
1933000	13351
1933500	13358
1934000	13368
1934500	13373
1935000	13375
1935500	13378
1936000	13381
1936500	13385
1937000	13391
1937500	13395
1938000	13400
1938500	13409
1939000	13412
1939500	13414
1940000	13418
1940500	13425
1941000	13434
1941500	13437
1942000	13443
1942500	13448
1943000	13455
1943500	13461
1944000	13464
1944500	13467
1945000	13472
1945500	13475
1946000	13479
1946500	13484
1947000	13488
1947500	13490
1948000	13493
1948500	13496
1949000	13501
1949500	13504
1950000	13507
1950500	13511
1951000	13513
1951500	13517
1952000	13521
1952500	13527
1953000	13528
1953500	13534
1954000	13540
1954500	13544
1955000	13548
1955500	13553
1956000	13558
1956500	13562
1957000	13567
1957500	13574
1958000	13577
1958500	13582
1959000	13589
1959500	13590
1960000	13594
1960500	13596
1961000	13597
1961500	13600
1962000	13606
1962500	13610
1963000	13613
1963500	13615
1964000	13617
1964500	13620
1965000	13622
1965500	13626
1966000	13632
1966500	13635
1967000	13635
1967500	13638
1968000	13641
1968500	13646
1969000	13653
1969500	13662
1970000	13666
1970500	13669
1971000	13672
1971500	13676
1972000	13680
1972500	13681
1973000	13686
1973500	13690
1974000	13694
1974500	13696
1975000	13697
1975500	13702
1976000	13706
1976500	13708
1977000	13717
1977500	13719
1978000	13722
1978500	13724
1979000	13725
1979500	13729
1980000	13731
1980500	13734
1981000	13738
1981500	13742
1982000	13745
1982500	13749
1983000	13750
1983500	13752
1984000	13754
1984500	13759
1985000	13762
1985500	13764
1986000	13770
1986500	13774
1987000	13778
1987500	13780
1988000	13780
1988500	13784
1989000	13784
1989500	13785
1990000	13787
1990500	13791
1991000	13793
1991500	13796
1992000	13800
1992500	13802
1993000	13808
1993500	13813
1994000	13818
1994500	13822
1995000	13825
1995500	13827
1996000	13830
1996500	13831
1997000	13832
1997500	13836
1998000	13840
1998500	13843
1999000	13848
1999500	13855
2000000	13862
2000500	13864
2001000	13870
2001500	13873
2002000	13874
2002500	13880
2003000	13882
2003500	13884
2004000	13892
2004500	13898
2005000	13903
2005500	13907
2006000	13913
2006500	13915
2007000	13917
2007500	13920
2008000	13922
2008500	13924
2009000	13926
2009500	13930
2010000	13934
2010500	13942
2011000	13944
2011500	13949
2012000	13950
2012500	13954
2013000	13957
2013500	13964
2014000	13966
2014500	13971
2015000	13973
2015500	13975
2016000	13977
2016500	13981
2017000	13984
2017500	13989
2018000	13991
2018500	13997
2019000	14006
2019500	14008
2020000	14012
2020500	14015
2021000	14019
2021500	14021
2022000	14026
2022500	14030
2023000	14034
2023500	14038
2024000	14041
2024500	14043
2025000	14046
2025500	14051
2026000	14054
2026500	14057
2027000	14060
2027500	14064
2028000	14068
2028500	14073
2029000	14075
2029500	14078
2030000	14082
2030500	14087
2031000	14089
2031500	14092
2032000	14095
2032500	14100
2033000	14103
2033500	14109
2034000	14114
2034500	14118
2035000	14119
2035500	14123
2036000	14123
2036500	14125
2037000	14127
2037500	14131
2038000	14135
2038500	14137
2039000	14140
2039500	14142
2040000	14146
2040500	14151
2041000	14154
2041500	14157
2042000	14160
2042500	14166
2043000	14168
2043500	14169
2044000	14171
2044500	14173
2045000	14173
2045500	14176
2046000	14180
2046500	14181
2047000	14182
2047500	14182
2048000	14189
2048500	14191
2049000	14192
2049500	14193
2050000	14196
2050500	14199
2051000	14202
2051500	14205
2052000	14208
2052500	14215
2053000	14219
2053500	14220
2054000	14223
2054500	14225
2055000	14228
2055500	14231
2056000	14234
2056500	14237
2057000	14243
2057500	14246
2058000	14247
2058500	14251
2059000	14254
2059500	14256
2060000	14259
2060500	14263
2061000	14267
2061500	14269
2062000	14272
2062500	14279
2063000	14282
2063500	14284
2064000	14289
2064500	14291
2065000	14295
2065500	14297
2066000	14302
2066500	14304
2067000	14306
2067500	14311
2068000	14311
2068500	14312
2069000	14317
2069500	14318
2070000	14324
2070500	14328
2071000	14331
2071500	14334
2072000	14337
2072500	14338
2073000	14340
2073500	14345
2074000	14346
2074500	14351
2075000	14354
2075500	14355
2076000	14359
2076500	14362
2077000	14365
2077500	14368
2078000	14369
2078500	14375
2079000	14379
2079500	14381
2080000	14382
2080500	14385
2081000	14386
2081500	14386
2082000	14389
2082500	14391
2083000	14392
2083500	14393
2084000	14400
2084500	14402
2085000	14408
2085500	14411
2086000	14413
2086500	14418
2087000	14421
2087500	14424
2088000	14431
2088500	14434
2089000	14438
2089500	14442
2090000	14446
2090500	14453
2091000	14460
2091500	14461
2092000	14468
2092500	14475
2093000	14479
2093500	14485
2094000	14489
2094500	14494
2095000	14496
2095500	14500
2096000	14506
2096500	14508
2097000	14508
2097500	14516
2098000	14519
2098500	14522
2099000	14523
2099500	14527
2100000	14533
2100500	14537
2101000	14543
2101500	14547
2102000	14550
2102500	14554
2103000	14556
2103500	14559
2104000	14560
2104500	14565
2105000	14565
2105500	14568
2106000	14573
2106500	14576
2107000	14579
2107500	14582
2108000	14583
2108500	14586
2109000	14590
2109500	14594
2110000	14596
2110500	14599
2111000	14602
2111500	14605
2112000	14608
2112500	14613
2113000	14617
2113500	14621
2114000	14623
2114500	14627
2115000	14629
2115500	14633
2116000	14637
2116500	14639
2117000	14646
2117500	14650
2118000	14654
2118500	14658
2119000	14661
2119500	14665
2120000	14671
2120500	14674
2121000	14679
2121500	14681
2122000	14684
2122500	14687
2123000	14690
2123500	14697
2124000	14700
2124500	14705
2125000	14710
2125500	14712
2126000	14716
2126500	14722
2127000	14725
2127500	14731
2128000	14733
2128500	14734
2129000	14741
2129500	14745
2130000	14748
2130500	14750
2131000	14754
2131500	14756
2132000	14756
2132500	14758
2133000	14759
2133500	14763
2134000	14766
2134500	14770
2135000	14771
2135500	14776
2136000	14779
2136500	14785
2137000	14786
2137500	14789
2138000	14791
2138500	14794
2139000	14797
2139500	14798
2140000	14800
2140500	14804
2141000	14806
2141500	14811
2142000	14815
2142500	14819
2143000	14823
2143500	14825
2144000	14827
2144500	14831
2145000	14836
2145500	14837
2146000	14841
2146500	14844
2147000	14849
2147500	14854
2148000	14855
2148500	14857
2149000	14860
2149500	14864
2150000	14868
2150500	14874
2151000	14879
2151500	14882
2152000	14885
2152500	14889
2153000	14891
2153500	14893
2154000	14895
2154500	14897
2155000	14900
2155500	14903
2156000	14906
2156500	14910
2157000	14913
2157500	14915
2158000	14920
2158500	14925
2159000	14933
2159500	14934
2160000	14935
2160500	14936
2161000	14939
2161500	14943
2162000	14945
2162500	14948
2163000	14950
2163500	14951
2164000	14953
2164500	14955
2165000	14955
2165500	14960
2166000	14963
2166500	14968
2167000	14971
2167500	14974
2168000	14976
2168500	14983
2169000	14985
2169500	14990
2170000	14994
2170500	14997
2171000	15006
2171500	15008
2172000	15011
2172500	15013
2173000	15015
2173500	15016
2174000	15019
2174500	15025
2175000	15025
2175500	15029
2176000	15032
2176500	15037
2177000	15041
2177500	15046
2178000	15051
2178500	15052
2179000	15057
2179500	15064
2180000	15066
2180500	15073
2181000	15076
2181500	15076
2182000	15081
2182500	15082
2183000	15086
2183500	15090
2184000	15093
2184500	15094
2185000	15098
2185500	15099
2186000	15101
2186500	15102
2187000	15105
2187500	15106
2188000	15110
2188500	15115
2189000	15121
2189500	15124
2190000	15131
2190500	15133
2191000	15138
2191500	15139
2192000	15142
2192500	15143
2193000	15147
2193500	15150
2194000	15151
2194500	15155
2195000	15157
2195500	15159
2196000	15163
2196500	15167
2197000	15171
2197500	15173
2198000	15176
2198500	15179
2199000	15186
2199500	15192
2200000	15195
2200500	15195
2201000	15199
2201500	15200
2202000	15209
2202500	15214
2203000	15216
2203500	15217
2204000	15218
2204500	15223
2205000	15228
2205500	15234
2206000	15239
2206500	15244
2207000	15245
2207500	15245
2208000	15250
2208500	15257
2209000	15257
2209500	15260
2210000	15262
2210500	15264
2211000	15269
2211500	15274
2212000	15275
2212500	15279
2213000	15285
2213500	15287
2214000	15293
2214500	15297
2215000	15303
2215500	15305
2216000	15306
2216500	15307
2217000	15308
2217500	15313
2218000	15318
2218500	15319
2219000	15322
2219500	15327
2220000	15328
2220500	15331
2221000	15336
2221500	15341
2222000	15343
2222500	15345
2223000	15350
2223500	15354
2224000	15358
2224500	15360
2225000	15363
2225500	15366
2226000	15369
2226500	15370
2227000	15372
2227500	15375
2228000	15377
2228500	15381
2229000	15385
2229500	15387
2230000	15390
2230500	15394
2231000	15396
2231500	15396
2232000	15398
2232500	15401
2233000	15404
2233500	15407
2234000	15410
2234500	15413
2235000	15416
2235500	15417
2236000	15425
2236500	15426
2237000	15427
2237500	15430
2238000	15435
2238500	15439
2239000	15440
2239500	15446
2240000	15452
2240500	15457
2241000	15461
2241500	15467
2242000	15470
2242500	15472
2243000	15479
2243500	15484
2244000	15488
2244500	15491
2245000	15493
2245500	15496
2246000	15500
2246500	15506
2247000	15507
2247500	15508
2248000	15512
2248500	15514
2249000	15518
2249500	15521
2250000	15526
2250500	15528
2251000	15530
2251500	15534
2252000	15536
2252500	15542
2253000	15546
2253500	15547
2254000	15549
2254500	15551
2255000	15554
2255500	15557
2256000	15561
2256500	15562
2257000	15569
2257500	15571
2258000	15572
2258500	15580
2259000	15580
2259500	15583
2260000	15589
2260500	15591
2261000	15598
2261500	15603
2262000	15604
2262500	15607
2263000	15613
2263500	15614
2264000	15618
2264500	15621
2265000	15623
2265500	15624
2266000	15624
2266500	15626
2267000	15632
2267500	15634
2268000	15636
2268500	15638
2269000	15638
2269500	15641
2270000	15647
2270500	15655
2271000	15657
2271500	15660
2272000	15664
2272500	15667
2273000	15667
2273500	15669
2274000	15672
2274500	15676
2275000	15681
2275500	15683
2276000	15686
2276500	15692
2277000	15698
2277500	15699
2278000	15702
2278500	15708
2279000	15708
2279500	15712
2280000	15714
2280500	15717
2281000	15725
2281500	15727
2282000	15727
2282500	15734
2283000	15741
2283500	15746
2284000	15747
2284500	15750
2285000	15756
2285500	15762
2286000	15765
2286500	15769
2287000	15770
2287500	15774
2288000	15779
2288500	15787
2289000	15792
2289500	15795
2290000	15798
2290500	15801
2291000	15807
2291500	15812
2292000	15818
2292500	15821
2293000	15823
2293500	15823
2294000	15825
2294500	15827
2295000	15831
2295500	15831
2296000	15836
2296500	15839
2297000	15841
2297500	15844
2298000	15848
2298500	15849
2299000	15850
2299500	15859
2300000	15861
2300500	15866
2301000	15871
2301500	15875
2302000	15879
2302500	15881
2303000	15885
2303500	15889
2304000	15890
2304500	15895
2305000	15899
2305500	15900
2306000	15906
2306500	15909
2307000	15913
2307500	15914
2308000	15922
2308500	15928
2309000	15930
2309500	15931
2310000	15935
2310500	15937
2311000	15941
2311500	15943
2312000	15947
2312500	15947
2313000	15951
2313500	15953
2314000	15958
2314500	15969
2315000	15974
2315500	15979
2316000	15986
2316500	15990
2317000	15992
2317500	15996
2318000	15999
2318500	16004
2319000	16006
2319500	16009
2320000	16012
2320500	16014
2321000	16018
2321500	16021
2322000	16024
2322500	16031
2323000	16034
2323500	16038
2324000	16043
2324500	16045
2325000	16047
2325500	16053
2326000	16064
2326500	16067
2327000	16067
2327500	16069
2328000	16071
2328500	16072
2329000	16072
2329500	16075
2330000	16077
2330500	16080
2331000	16083
2331500	16084
2332000	16085
2332500	16087
2333000	16090
2333500	16094
2334000	16097
2334500	16101
2335000	16102
2335500	16105
2336000	16109
2336500	16113
2337000	16119
2337500	16121
2338000	16124
2338500	16130
2339000	16133
2339500	16137
2340000	16139
2340500	16141
2341000	16148
2341500	16153
2342000	16156
2342500	16159
2343000	16162
2343500	16162
2344000	16166
2344500	16168
2345000	16171
2345500	16173
2346000	16176
2346500	16176
2347000	16179
2347500	16182
2348000	16189
2348500	16192
2349000	16193
2349500	16195
2350000	16198
2350500	16205
2351000	16207
2351500	16209
2352000	16214
2352500	16215
2353000	16217
2353500	16217
2354000	16222
2354500	16222
2355000	16223
2355500	16225
2356000	16227
2356500	16228
2357000	16233
2357500	16236
2358000	16237
2358500	16241
2359000	16245
2359500	16248
2360000	16251
2360500	16253
2361000	16259
2361500	16261
2362000	16264
2362500	16266
2363000	16271
2363500	16276
2364000	16276
2364500	16280
2365000	16284
2365500	16289
2366000	16292
2366500	16293
2367000	16296
2367500	16302
2368000	16304
2368500	16305
2369000	16308
2369500	16312
2370000	16312
2370500	16312
2371000	16314
2371500	16317
2372000	16322
2372500	16327
2373000	16329
2373500	16334
2374000	16337
2374500	16339
2375000	16345
2375500	16354
2376000	16357
2376500	16363
2377000	16365
2377500	16369
2378000	16375
2378500	16377
2379000	16379
2379500	16381
2380000	16388
2380500	16390
2381000	16392
2381500	16398
2382000	16401
2382500	16406
2383000	16408
2383500	16410
2384000	16416
2384500	16418
2385000	16420
2385500	16426
2386000	16428
2386500	16430
2387000	16432
2387500	16437
2388000	16443
2388500	16448
2389000	16450
2389500	16454
2390000	16455
2390500	16459
2391000	16462
2391500	16467
2392000	16468
2392500	16472
2393000	16475
2393500	16478
2394000	16480
2394500	16485
2395000	16492
2395500	16497
2396000	16502
2396500	16506
2397000	16511
2397500	16511
2398000	16517
2398500	16522
2399000	16524
2399500	16528
2400000	16533
2400500	16537
2401000	16537
2401500	16541
2402000	16542
2402500	16546
2403000	16550
2403500	16555
2404000	16563
2404500	16565
2405000	16568
2405500	16574
2406000	16577
2406500	16579
2407000	16585
2407500	16588
2408000	16594
2408500	16599
2409000	16603
2409500	16608
2410000	16611
2410500	16617
2411000	16622
2411500	16627
2412000	16630
2412500	16632
2413000	16637
2413500	16643
2414000	16646
2414500	16650
2415000	16654
2415500	16655
2416000	16659
2416500	16660
2417000	16664
2417500	16669
2418000	16673
2418500	16678
2419000	16685
2419500	16687
2420000	16692
2420500	16696
2421000	16700
2421500	16706
2422000	16706
2422500	16708
2423000	16710
2423500	16714
2424000	16715
2424500	16718
2425000	16719
2425500	16722
2426000	16725
2426500	16727
2427000	16729
2427500	16734
2428000	16741
2428500	16744
2429000	16747
2429500	16747
2430000	16750
2430500	16753
2431000	16757
2431500	16759
2432000	16764
2432500	16764
2433000	16766
2433500	16767
2434000	16771
2434500	16778
2435000	16781
2435500	16782
2436000	16786
2436500	16792
2437000	16794
2437500	16797
2438000	16804
2438500	16808
2439000	16812
2439500	16814
2440000	16817
2440500	16818
2441000	16826
2441500	16829
2442000	16830
2442500	16833
2443000	16838
2443500	16847
2444000	16852
2444500	16856
2445000	16859
2445500	16863
2446000	16866
2446500	16868
2447000	16872
2447500	16877
2448000	16882
2448500	16885
2449000	16891
2449500	16895
2450000	16896
2450500	16898
2451000	16901
2451500	16904
2452000	16909
2452500	16911
2453000	16915
2453500	16919
2454000	16925
2454500	16930
2455000	16935
2455500	16936
2456000	16939
2456500	16943
2457000	16945
2457500	16951
2458000	16954
2458500	16959
2459000	16962
2459500	16963
2460000	16965
2460500	16966
2461000	16971
2461500	16978
2462000	16983
2462500	16986
2463000	16990
2463500	16990
2464000	16994
2464500	16997
2465000	17001
2465500	17002
2466000	17010
2466500	17013
2467000	17014
2467500	17015
2468000	17017
2468500	17021
2469000	17024
2469500	17029
2470000	17034
2470500	17038
2471000	17042
2471500	17047
2472000	17052
2472500	17056
2473000	17058
2473500	17065
2474000	17070
2474500	17073
2475000	17074
2475500	17079
2476000	17083
2476500	17088
2477000	17091
2477500	17099
2478000	17102
2478500	17104
2479000	17107
2479500	17108
2480000	17113
2480500	17117
2481000	17119
2481500	17123
2482000	17126
2482500	17132
2483000	17138
2483500	17142
2484000	17144
2484500	17146
2485000	17150
2485500	17152
2486000	17157
2486500	17159
2487000	17165
2487500	17168
2488000	17172
2488500	17179
2489000	17185
2489500	17190
2490000	17191
2490500	17193
2491000	17196
2491500	17199
2492000	17202
2492500	17202
2493000	17205
2493500	17207
2494000	17208
2494500	17213
2495000	17214
2495500	17216
2496000	17218
2496500	17227
2497000	17228
2497500	17231
2498000	17235
2498500	17240
2499000	17241
2499500	17244
2500000	17249
2500500	17254
2501000	17259
2501500	17261
2502000	17263
2502500	17266
2503000	17269
2503500	17272
2504000	17274
2504500	17276
2505000	17278
2505500	17280
2506000	17282
2506500	17284
2507000	17286
2507500	17290
2508000	17297
2508500	17303
2509000	17303
2509500	17304
2510000	17306
2510500	17313
2511000	17314
2511500	17317
2512000	17320
2512500	17321
2513000	17323
2513500	17323
2514000	17324
2514500	17329
2515000	17330
2515500	17334
2516000	17339
2516500	17342
2517000	17345
2517500	17348
2518000	17349
2518500	17351
2519000	17351
2519500	17354
2520000	17356
2520500	17357
2521000	17361
2521500	17365
2522000	17371
2522500	17372
2523000	17377
2523500	17380
2524000	17382
2524500	17386
2525000	17389
2525500	17390
2526000	17397
2526500	17400
2527000	17402
2527500	17406
2528000	17407
2528500	17417
2529000	17422
2529500	17425
2530000	17430
2530500	17433
2531000	17436
2531500	17438
2532000	17439
2532500	17443
2533000	17447
2533500	17452
2534000	17455
2534500	17458
2535000	17461
2535500	17467
2536000	17471
2536500	17477
2537000	17484
2537500	17485
2538000	17490
2538500	17490
2539000	17495
2539500	17497
2540000	17501
2540500	17508
2541000	17514
2541500	17516
2542000	17520
2542500	17521
2543000	17531
2543500	17535
2544000	17538
2544500	17540
2545000	17547
2545500	17554
2546000	17556
2546500	17558
2547000	17564
2547500	17569
2548000	17570
2548500	17575
2549000	17576
2549500	17578
2550000	17580
2550500	17582
2551000	17584
2551500	17587
2552000	17591
2552500	17593
2553000	17600
2553500	17603
2554000	17609
2554500	17611
2555000	17617
2555500	17622
2556000	17630
2556500	17632
2557000	17637
2557500	17639
2558000	17649
2558500	17656
2559000	17659
2559500	17664
2560000	17668
2560500	17674
2561000	17676
2561500	17681
2562000	17685
2562500	17689
2563000	17696
2563500	17699
2564000	17704
2564500	17708
2565000	17710
2565500	17714
2566000	17720
2566500	17723
2567000	17725
2567500	17730
2568000	17732
2568500	17736
2569000	17739
2569500	17745
2570000	17750
2570500	17756
2571000	17756
2571500	17759
2572000	17762
2572500	17764
2573000	17768
2573500	17774
2574000	17777
2574500	17782
2575000	17783
2575500	17785
2576000	17786
2576500	17787
2577000	17790
2577500	17794
2578000	17798
2578500	17800
2579000	17804
2579500	17804
2580000	17810
2580500	17813
2581000	17817
2581500	17821
2582000	17827
2582500	17828
2583000	17831
2583500	17832
2584000	17837
2584500	17844
2585000	17845
2585500	17848
2586000	17851
2586500	17852
2587000	17855
2587500	17858
2588000	17861
2588500	17863
2589000	17868
2589500	17869
2590000	17874
2590500	17880
2591000	17884
2591500	17885
2592000	17891
2592500	17895
2593000	17899
2593500	17902
2594000	17905
2594500	17909
2595000	17910
2595500	17915
2596000	17920
2596500	17923
2597000	17928
2597500	17929
2598000	17931
2598500	17933
2599000	17938
2599500	17947
2600000	17953
2600500	17957
2601000	17963
2601500	17965
2602000	17969
2602500	17970
2603000	17971
2603500	17975
2604000	17978
2604500	17983
2605000	17989
2605500	17992
2606000	17996
2606500	18001
2607000	18002
2607500	18005
2608000	18007
2608500	18012
2609000	18016
2609500	18022
2610000	18026
2610500	18027
2611000	18031
2611500	18036
2612000	18039
2612500	18041
2613000	18042
2613500	18045
2614000	18049
2614500	18056
2615000	18059
2615500	18059
2616000	18063
2616500	18070
2617000	18074
2617500	18079
2618000	18082
2618500	18088
2619000	18092
2619500	18097
2620000	18099
2620500	18106
2621000	18115
2621500	18115
2622000	18118
2622500	18127
2623000	18131
2623500	18134
2624000	18139
2624500	18141
2625000	18144
2625500	18146
2626000	18151
2626500	18152
2627000	18158
2627500	18163
2628000	18165
2628500	18168
2629000	18170
2629500	18173
2630000	18178
2630500	18185
2631000	18191
2631500	18195
2632000	18200
2632500	18200
2633000	18203
2633500	18209
2634000	18211
2634500	18212
2635000	18215
2635500	18216
2636000	18219
2636500	18224
2637000	18228
2637500	18229
2638000	18236
2638500	18237
2639000	18242
2639500	18247
2640000	18250
2640500	18255
2641000	18259
2641500	18261
2642000	18264
2642500	18269
2643000	18271
2643500	18275
2644000	18278
2644500	18282
2645000	18283
2645500	18284
2646000	18288
2646500	18293
2647000	18294
2647500	18296
2648000	18298
2648500	18300
2649000	18302
2649500	18307
2650000	18311
2650500	18316
2651000	18317
2651500	18321
2652000	18323
2652500	18330
2653000	18330
2653500	18336
2654000	18340
2654500	18342
2655000	18344
2655500	18347
2656000	18352
2656500	18355
2657000	18358
2657500	18359
2658000	18362
2658500	18367
2659000	18371
2659500	18376
2660000	18381
2660500	18384
2661000	18389
2661500	18394
2662000	18395
2662500	18398
2663000	18401
2663500	18405
2664000	18406
2664500	18407
2665000	18408
2665500	18410
2666000	18414
2666500	18419
2667000	18420
2667500	18423
2668000	18427
2668500	18430
2669000	18435
2669500	18439
2670000	18443
2670500	18446
2671000	18453
2671500	18457
2672000	18461
2672500	18467
2673000	18473
2673500	18477
2674000	18481
2674500	18482
2675000	18485
2675500	18486
2676000	18489
2676500	18493
2677000	18497
2677500	18501
2678000	18504
2678500	18508
2679000	18517
2679500	18521
2680000	18524
2680500	18528
2681000	18531
2681500	18536
2682000	18541
2682500	18545
2683000	18545
2683500	18551
2684000	18553
2684500	18558
2685000	18560
2685500	18564
2686000	18566
2686500	18571
2687000	18577
2687500	18580
2688000	18581
2688500	18584
2689000	18586
2689500	18593
2690000	18599
2690500	18601
2691000	18605
2691500	18609
2692000	18615
2692500	18621
2693000	18622
2693500	18623
2694000	18632
2694500	18637
2695000	18642
2695500	18644
2696000	18648
2696500	18654
2697000	18656
2697500	18659
2698000	18661
2698500	18665
2699000	18671
2699500	18676
2700000	18678
2700500	18681
2701000	18682
2701500	18685
2702000	18689
2702500	18691
2703000	18693
2703500	18696
2704000	18698
2704500	18703
2705000	18707
2705500	18714
2706000	18716
2706500	18720
2707000	18726
2707500	18730
2708000	18736
2708500	18739
2709000	18744
2709500	18745
2710000	18746
2710500	18750
2711000	18753
2711500	18762
2712000	18765
2712500	18767
2713000	18770
2713500	18773
2714000	18774
2714500	18776
2715000	18779
2715500	18783
2716000	18787
2716500	18789
2717000	18793
2717500	18797
2718000	18799
2718500	18802
2719000	18805
2719500	18806
2720000	18812
2720500	18813
2721000	18818
2721500	18820
2722000	18823
2722500	18829
2723000	18834
2723500	18836
2724000	18841
2724500	18842
2725000	18848
2725500	18851
2726000	18853
2726500	18853
2727000	18855
2727500	18857
2728000	18862
2728500	18866
2729000	18868
2729500	18874
2730000	18880
2730500	18882
2731000	18894
2731500	18900
2732000	18905
2732500	18905
2733000	18910
2733500	18910
2734000	18912
2734500	18916
2735000	18918
2735500	18919
2736000	18923
2736500	18924
2737000	18927
2737500	18929
2738000	18932
2738500	18934
2739000	18936
2739500	18941
2740000	18947
2740500	18950
2741000	18953
2741500	18955
2742000	18956
2742500	18961
2743000	18965
2743500	18966
2744000	18972
2744500	18974
2745000	18979
2745500	18984
2746000	18987
2746500	18992
2747000	18998
2747500	19004
2748000	19009
2748500	19017
2749000	19021
2749500	19022
2750000	19028
2750500	19030
2751000	19032
2751500	19035
2752000	19039
2752500	19046
2753000	19048
2753500	19051
2754000	19051
2754500	19058
2755000	19064
2755500	19068
2756000	19069
2756500	19074
2757000	19078
2757500	19081
2758000	19082
2758500	19086
2759000	19090
2759500	19091
2760000	19095
2760500	19102
2761000	19104
2761500	19109
2762000	19112
2762500	19116
2763000	19117
2763500	19121
2764000	19124
2764500	19130
2765000	19130
2765500	19132
2766000	19133
2766500	19135
2767000	19137
2767500	19139
2768000	19141
2768500	19148
2769000	19149
2769500	19152
2770000	19156
2770500	19163
2771000	19166
2771500	19168
2772000	19169
2772500	19174
2773000	19176
2773500	19182
2774000	19186
2774500	19188
2775000	19189
2775500	19191
2776000	19191
2776500	19193
2777000	19194
2777500	19196
2778000	19201
2778500	19204
2779000	19207
2779500	19209
2780000	19212
2780500	19217
2781000	19220
2781500	19225
2782000	19228
2782500	19231
2783000	19234
2783500	19236
2784000	19238
2784500	19244
2785000	19249
2785500	19255
2786000	19260
2786500	19263
2787000	19268
2787500	19270
2788000	19271
2788500	19272
2789000	19274
2789500	19278
2790000	19282
2790500	19283
2791000	19290
2791500	19293
2792000	19294
2792500	19297
2793000	19300
2793500	19301
2794000	19303
2794500	19312
2795000	19317
2795500	19318
2796000	19321
2796500	19324
2797000	19326
2797500	19328
2798000	19331
2798500	19333
2799000	19337
2799500	19342
2800000	19346
2800500	19350
2801000	19354
2801500	19358
2802000	19360
2802500	19363
2803000	19367
2803500	19370
2804000	19372
2804500	19375
2805000	19377
2805500	19377
2806000	19380
2806500	19380
2807000	19386
2807500	19391
2808000	19398
2808500	19400
2809000	19404
2809500	19406
2810000	19411
2810500	19413
2811000	19416
2811500	19419
2812000	19421
2812500	19424
2813000	19427
2813500	19434
2814000	19440
2814500	19445
2815000	19450
2815500	19451
2816000	19456
2816500	19458
2817000	19459
2817500	19464
2818000	19469
2818500	19473
2819000	19478
2819500	19481
2820000	19488
2820500	19491
2821000	19496
2821500	19496
2822000	19501
2822500	19507
2823000	19510
2823500	19515
2824000	19519
2824500	19524
2825000	19524
2825500	19527
2826000	19530
2826500	19536
2827000	19541
2827500	19547
2828000	19554
2828500	19556
2829000	19562
2829500	19567
2830000	19570
2830500	19572
2831000	19578
2831500	19583
2832000	19586
2832500	19592
2833000	19597
2833500	19602
2834000	19605
2834500	19607
2835000	19612
2835500	19613
2836000	19615
2836500	19620
2837000	19626
2837500	19627
2838000	19632
2838500	19636
2839000	19642
2839500	19645
2840000	19650
2840500	19651
2841000	19652
2841500	19655
2842000	19662
2842500	19665
2843000	19670
2843500	19674
2844000	19682
2844500	19685
2845000	19690
2845500	19693
2846000	19696
2846500	19698
2847000	19704
2847500	19708
2848000	19711
2848500	19714
2849000	19719
2849500	19723
2850000	19727
2850500	19728
2851000	19728
2851500	19735
2852000	19739
2852500	19746
2853000	19748
2853500	19752
2854000	19755
2854500	19760
2855000	19766
2855500	19767
2856000	19770
2856500	19773
2857000	19774
2857500	19776
2858000	19781
2858500	19783
2859000	19785
2859500	19788
2860000	19794
2860500	19797
2861000	19799
2861500	19801
2862000	19804
2862500	19807
2863000	19809
2863500	19812
2864000	19819
2864500	19822
2865000	19829
2865500	19830
2866000	19833
2866500	19836
2867000	19838
2867500	19841
2868000	19845
2868500	19846
2869000	19847
2869500	19851
2870000	19854
2870500	19860
2871000	19862
2871500	19865
2872000	19869
2872500	19871
2873000	19877
2873500	19881
2874000	19885
2874500	19886
2875000	19892
2875500	19894
2876000	19899
2876500	19901
2877000	19901
2877500	19905
2878000	19910
2878500	19914
2879000	19915
2879500	19917
2880000	19921
2880500	19923
2881000	19924
2881500	19927
2882000	19932
2882500	19933
2883000	19944
2883500	19948
2884000	19951
2884500	19956
2885000	19958
2885500	19963
2886000	19967
2886500	19968
2887000	19971
2887500	19972
2888000	19979
2888500	19986
2889000	19986
2889500	19988
2890000	19990
2890500	19994
2891000	20000
2891500	20005
2892000	20010
2892500	20011
2893000	20013
2893500	20017
2894000	20019
2894500	20024
2895000	20028
2895500	20033
2896000	20035
2896500	20039
2897000	20044
2897500	20049
2898000	20051
2898500	20053
2899000	20054
2899500	20055
2900000	20061
2900500	20064
2901000	20065
2901500	20066
2902000	20072
2902500	20079
2903000	20082
2903500	20087
2904000	20092
2904500	20098
2905000	20105
2905500	20107
2906000	20110
2906500	20114
2907000	20117
2907500	20118
2908000	20120
2908500	20125
2909000	20126
2909500	20132
2910000	20132
2910500	20134
2911000	20138
2911500	20141
2912000	20147
2912500	20150
2913000	20154
2913500	20157
2914000	20162
2914500	20162
2915000	20166
2915500	20168
2916000	20170
2916500	20175
2917000	20181
2917500	20181
2918000	20187
2918500	20196
2919000	20199
2919500	20205
2920000	20212
2920500	20213
2921000	20215
2921500	20217
2922000	20218
2922500	20220
2923000	20222
2923500	20224
2924000	20228
2924500	20229
2925000	20231
2925500	20234
2926000	20237
2926500	20241
2927000	20249
2927500	20252
2928000	20253
2928500	20257
2929000	20264
2929500	20266
2930000	20270
2930500	20274
2931000	20276
2931500	20279
2932000	20280
2932500	20283
2933000	20285
2933500	20290
2934000	20290
2934500	20292
2935000	20297
2935500	20299
2936000	20299
2936500	20301
2937000	20304
2937500	20307
2938000	20311
2938500	20313
2939000	20318
2939500	20322
2940000	20326
2940500	20330
2941000	20334
2941500	20343
2942000	20347
2942500	20349
2943000	20354
2943500	20357
2944000	20360
2944500	20364
2945000	20371
2945500	20373
2946000	20377
2946500	20382
2947000	20385
2947500	20388
2948000	20391
2948500	20397
2949000	20400
2949500	20403
2950000	20408
2950500	20414
2951000	20416
2951500	20423
2952000	20424
2952500	20426
2953000	20427
2953500	20429
2954000	20430
2954500	20433
2955000	20440
2955500	20446
2956000	20447
2956500	20452
2957000	20456
2957500	20463
2958000	20468
2958500	20471
2959000	20474
2959500	20477
2960000	20478
2960500	20484
2961000	20486
2961500	20489
2962000	20493
2962500	20495
2963000	20497
2963500	20503
2964000	20506
2964500	20511
2965000	20513
2965500	20516
2966000	20516
2966500	20522
2967000	20525
2967500	20525
2968000	20528
2968500	20531
2969000	20535
2969500	20538
2970000	20540
2970500	20543
2971000	20547
2971500	20555
2972000	20561
2972500	20566
2973000	20569
2973500	20571
2974000	20575
2974500	20579
2975000	20582
2975500	20585
2976000	20588
2976500	20592
2977000	20593
2977500	20595
2978000	20598
2978500	20602
2979000	20608
2979500	20610
2980000	20615
2980500	20617
2981000	20620
2981500	20621
2982000	20624
2982500	20630
2983000	20634
2983500	20638
2984000	20642
2984500	20646
2985000	20647
2985500	20649
2986000	20652
2986500	20654
2987000	20662
2987500	20666
2988000	20667
2988500	20670
2989000	20673
2989500	20675
2990000	20677
2990500	20680
2991000	20689
2991500	20693
2992000	20698
2992500	20704
2993000	20704
2993500	20705
2994000	20709
2994500	20713
2995000	20718
2995500	20721
2996000	20724
2996500	20728
2997000	20730
2997500	20732
2998000	20737
2998500	20739
2999000	20743
2999500	20747
3000000	20749
3000500	20751
3001000	20754
3001500	20756
3002000	20759
3002500	20761
3003000	20766
3003500	20768
3004000	20772
3004500	20776
3005000	20779
3005500	20781
3006000	20784
3006500	20785
3007000	20792
3007500	20796
3008000	20799
3008500	20800
3009000	20804
3009500	20807
3010000	20811
3010500	20815
3011000	20821
3011500	20827
3012000	20833
3012500	20834
3013000	20838
3013500	20841
3014000	20845
3014500	20849
3015000	20852
3015500	20855
3016000	20858
3016500	20860
3017000	20862
3017500	20864
3018000	20871
3018500	20875
3019000	20879
3019500	20886
3020000	20890
3020500	20894
3021000	20897
3021500	20901
3022000	20904
3022500	20914
3023000	20917
3023500	20922
3024000	20927
3024500	20930
3025000	20930
3025500	20932
3026000	20934
3026500	20938
3027000	20939
3027500	20941
3028000	20947
3028500	20951
3029000	20956
3029500	20959
3030000	20963
3030500	20968
3031000	20971
3031500	20977
3032000	20978
3032500	20979
3033000	20982
3033500	20986
3034000	20991
3034500	20994
3035000	20996
3035500	20999
3036000	21000
3036500	21004
3037000	21006
3037500	21010
3038000	21014
3038500	21016
3039000	21018
3039500	21020
3040000	21026
3040500	21031
3041000	21032
3041500	21035
3042000	21042
3042500	21048
3043000	21049
3043500	21054
3044000	21057
3044500	21063
3045000	21067
3045500	21070
3046000	21075
3046500	21081
3047000	21083
3047500	21088
3048000	21092
3048500	21098
3049000	21099
3049500	21105
3050000	21108
3050500	21113
3051000	21116
3051500	21120
3052000	21128
3052500	21131
3053000	21132
3053500	21137
3054000	21144
3054500	21144
3055000	21147
3055500	21150
3056000	21153
3056500	21156
3057000	21158
3057500	21160
3058000	21166
3058500	21172
3059000	21177
3059500	21181
3060000	21186
3060500	21192
3061000	21194
3061500	21199
3062000	21201
3062500	21205
3063000	21206
3063500	21210
3064000	21216
3064500	21218
3065000	21219
3065500	21223
3066000	21225
3066500	21231
3067000	21233
3067500	21235
3068000	21238
3068500	21242
3069000	21247
3069500	21249
3070000	21252
3070500	21256
3071000	21261
3071500	21266
3072000	21269
3072500	21274
3073000	21278
3073500	21278
3074000	21282
3074500	21286
3075000	21290
3075500	21294
3076000	21295
3076500	21297
3077000	21302
3077500	21307
3078000	21311
3078500	21313
3079000	21316
3079500	21319
3080000	21321
3080500	21325
3081000	21327
3081500	21332
3082000	21334
3082500	21336
3083000	21340
3083500	21344
3084000	21347
3084500	21351
3085000	21355
3085500	21360
3086000	21367
3086500	21371
3087000	21374
3087500	21376
3088000	21380
3088500	21383
3089000	21388
3089500	21389
3090000	21391
3090500	21395
3091000	21400
3091500	21402
3092000	21407
3092500	21413
3093000	21415
3093500	21422
3094000	21424
3094500	21426
3095000	21430
3095500	21432
3096000	21434
3096500	21436
3097000	21440
3097500	21442
3098000	21445
3098500	21447
3099000	21452
3099500	21458
3100000	21460
3100500	21463
3101000	21467
3101500	21468
3102000	21474
3102500	21477
3103000	21480
3103500	21486
3104000	21488
3104500	21491
3105000	21493
3105500	21494
3106000	21499
3106500	21501
3107000	21504
3107500	21506
3108000	21510
3108500	21512
3109000	21513
3109500	21514
3110000	21517
3110500	21519
3111000	21523
3111500	21526
3112000	21533
3112500	21538
3113000	21546
3113500	21548
3114000	21551
3114500	21554
3115000	21555
3115500	21556
3116000	21559
3116500	21562
3117000	21565
3117500	21570
3118000	21574
3118500	21582
3119000	21583
3119500	21588
3120000	21591
3120500	21597
3121000	21603
3121500	21607
3122000	21609
3122500	21613
3123000	21615
3123500	21618
3124000	21624
3124500	21626
3125000	21630
3125500	21634
3126000	21636
3126500	21639
3127000	21642
3127500	21644
3128000	21649
3128500	21652
3129000	21655
3129500	21662
3130000	21664
3130500	21668
3131000	21674
3131500	21675
3132000	21677
3132500	21678
3133000	21684
3133500	21689
3134000	21692
3134500	21696
3135000	21701
3135500	21706
3136000	21711
3136500	21713
3137000	21717
3137500	21720
3138000	21722
3138500	21725
3139000	21729
3139500	21731
3140000	21731
3140500	21735
3141000	21741
3141500	21744
3142000	21747
3142500	21747
3143000	21750
3143500	21757
3144000	21759
3144500	21761
3145000	21766
3145500	21770
3146000	21771
3146500	21772
3147000	21773
3147500	21777
3148000	21781
3148500	21784
3149000	21787
3149500	21793
3150000	21797
3150500	21801
3151000	21804
3151500	21808
3152000	21812
3152500	21817
3153000	21819
3153500	21826
3154000	21828
3154500	21830
3155000	21835
3155500	21838
3156000	21846
3156500	21851
3157000	21855
3157500	21858
3158000	21862
3158500	21864
3159000	21868
3159500	21872
3160000	21874
3160500	21879
3161000	21881
3161500	21881
3162000	21887
3162500	21891
3163000	21896
3163500	21897
3164000	21899
3164500	21903
3165000	21905
3165500	21911
3166000	21913
3166500	21920
3167000	21926
3167500	21929
3168000	21932
3168500	21935
3169000	21937
3169500	21938
3170000	21941
3170500	21944
3171000	21946
3171500	21946
3172000	21948
3172500	21949
3173000	21951
3173500	21955
3174000	21956
3174500	21958
3175000	21958
3175500	21963
3176000	21965
3176500	21967
3177000	21970
3177500	21974
3178000	21978
3178500	21981
3179000	21982
3179500	21984
3180000	21988
3180500	21992
3181000	21995
3181500	22000
3182000	22004
3182500	22008
3183000	22012
3183500	22015
3184000	22019
3184500	22024
3185000	22027
3185500	22030
3186000	22031
3186500	22033
3187000	22036
3187500	22036
3188000	22038
3188500	22044
3189000	22046
3189500	22049
3190000	22056
3190500	22057
3191000	22061
3191500	22067
3192000	22068
3192500	22073
3193000	22076
3193500	22080
3194000	22084
3194500	22087
3195000	22091
3195500	22096
3196000	22097
3196500	22099
3197000	22104
3197500	22111
3198000	22115
3198500	22119
3199000	22125
3199500	22130
3200000	22136
3200500	22138
3201000	22143
3201500	22148
3202000	22152
3202500	22154
3203000	22157
3203500	22159
3204000	22164
3204500	22167
3205000	22174
3205500	22178
3206000	22180
3206500	22184
3207000	22186
3207500	22190
3208000	22193
3208500	22196
3209000	22197
3209500	22200
3210000	22204
3210500	22208
3211000	22210
3211500	22216
3212000	22216
3212500	22216
3213000	22220
3213500	22224
3214000	22229
3214500	22238
3215000	22239
3215500	22242
3216000	22243
3216500	22245
3217000	22246
3217500	22247
3218000	22250
3218500	22252
3219000	22253
3219500	22256
3220000	22260
3220500	22260
3221000	22263
3221500	22267
3222000	22273
3222500	22275
3223000	22277
3223500	22281
3224000	22284
3224500	22289
3225000	22294
3225500	22297
3226000	22299
3226500	22304
3227000	22304
3227500	22308
3228000	22317
3228500	22318
3229000	22322
3229500	22326
3230000	22327
3230500	22331
3231000	22332
3231500	22335
3232000	22337
3232500	22339
3233000	22341
3233500	22345
3234000	22349
3234500	22352
3235000	22355
3235500	22358
3236000	22363
3236500	22364
3237000	22369
3237500	22372
3238000	22375
3238500	22382
3239000	22389
3239500	22392
3240000	22397
3240500	22398
3241000	22398
3241500	22401
3242000	22403
3242500	22404
3243000	22407
3243500	22409
3244000	22412
3244500	22417
3245000	22420
3245500	22425
3246000	22426
3246500	22428
3247000	22432
3247500	22439
3248000	22441
3248500	22443
3249000	22448
3249500	22451
3250000	22454
3250500	22456
3251000	22459
3251500	22463
3252000	22468
3252500	22469
3253000	22473
3253500	22476
3254000	22480
3254500	22483
3255000	22485
3255500	22487
3256000	22491
3256500	22492
3257000	22494
3257500	22496
3258000	22500
3258500	22505
3259000	22506
3259500	22510
3260000	22515
3260500	22518
3261000	22522
3261500	22525
3262000	22529
3262500	22530
3263000	22530
3263500	22534
3264000	22537
3264500	22540
3265000	22543
3265500	22545
3266000	22549
3266500	22550
3267000	22558
3267500	22563
3268000	22565
3268500	22570
3269000	22571
3269500	22575
3270000	22577
3270500	22583
3271000	22590
3271500	22594
3272000	22596
3272500	22598
3273000	22599
3273500	22601
3274000	22603
3274500	22609
3275000	22612
3275500	22617
3276000	22623
3276500	22627
3277000	22634
3277500	22638
3278000	22641
3278500	22644
3279000	22650
3279500	22650
3280000	22650
3280500	22654
3281000	22658
3281500	22665
3282000	22669
3282500	22674
3283000	22678
3283500	22680
3284000	22686
3284500	22688
3285000	22690
3285500	22694
3286000	22698
3286500	22699
3287000	22701
3287500	22702
3288000	22709
3288500	22715
3289000	22719
3289500	22723
3290000	22727
3290500	22730
3291000	22734
3291500	22736
3292000	22740
3292500	22743
3293000	22745
3293500	22745
3294000	22750
3294500	22754
3295000	22757
3295500	22763
3296000	22766
3296500	22770
3297000	22776
3297500	22779
3298000	22787
3298500	22788
3299000	22793
3299500	22800
3300000	22807
3300500	22807
3301000	22809
3301500	22811
3302000	22815
3302500	22819
3303000	22821
3303500	22827
3304000	22828
3304500	22830
3305000	22835
3305500	22840
3306000	22844
3306500	22848
3307000	22853
3307500	22856
3308000	22862
3308500	22863
3309000	22866
3309500	22866
3310000	22871
3310500	22872
3311000	22875
3311500	22875
3312000	22883
3312500	22887
3313000	22890
3313500	22894
3314000	22900
3314500	22900
3315000	22905
3315500	22908
3316000	22911
3316500	22914
3317000	22916
3317500	22919
3318000	22922
3318500	22926
3319000	22927
3319500	22931
3320000	22934
3320500	22937
3321000	22940
3321500	22948
3322000	22952
3322500	22955
3323000	22959
3323500	22965
3324000	22968
3324500	22974
3325000	22976
3325500	22979
3326000	22982
3326500	22984
3327000	22985
3327500	22988
3328000	22992
3328500	22993
3329000	22999
3329500	23001
3330000	23004
3330500	23010
3331000	23011
3331500	23013
3332000	23015
3332500	23018
3333000	23024
3333500	23029
3334000	23034
3334500	23038
3335000	23041
3335500	23045
3336000	23048
3336500	23053
3337000	23056
3337500	23058
3338000	23062
3338500	23064
3339000	23069
3339500	23073
3340000	23078
3340500	23087
3341000	23091
3341500	23091
3342000	23093
3342500	23097
3343000	23100
3343500	23104
3344000	23109
3344500	23112
3345000	23117
3345500	23121
3346000	23124
3346500	23127
3347000	23130
3347500	23132
3348000	23134
3348500	23134
3349000	23139
3349500	23140
3350000	23144
3350500	23151
3351000	23157
3351500	23157
3352000	23161
3352500	23162
3353000	23169
3353500	23174
3354000	23176
3354500	23179
3355000	23181
3355500	23185
3356000	23188
3356500	23191
3357000	23196
3357500	23201
3358000	23205
3358500	23209
3359000	23212
3359500	23217
3360000	23220
3360500	23225
3361000	23227
3361500	23228
3362000	23234
3362500	23235
3363000	23238
3363500	23240
3364000	23242
3364500	23243
3365000	23245
3365500	23249
3366000	23254
3366500	23256
3367000	23258
3367500	23261
3368000	23264
3368500	23267
3369000	23271
3369500	23275
3370000	23277
3370500	23281
3371000	23286
3371500	23287
3372000	23295
3372500	23299
3373000	23300
3373500	23301
3374000	23306
3374500	23311
3375000	23314
3375500	23316
3376000	23322
3376500	23328
3377000	23329
3377500	23332
3378000	23334
3378500	23336
3379000	23340
3379500	23345
3380000	23349
3380500	23351
3381000	23354
3381500	23357
3382000	23361
3382500	23364
3383000	23365
3383500	23367
3384000	23372
3384500	23376
3385000	23385
3385500	23389
3386000	23391
3386500	23394
3387000	23395
3387500	23399
3388000	23401
3388500	23403
3389000	23404
3389500	23408
3390000	23411
3390500	23413
3391000	23415
3391500	23419
3392000	23425
3392500	23430
3393000	23433
3393500	23438
3394000	23441
3394500	23445
3395000	23446
3395500	23451
3396000	23459
3396500	23463
3397000	23465
3397500	23471
3398000	23478
3398500	23489
3399000	23493
3399500	23493
3400000	23494
3400500	23496
3401000	23498
3401500	23499
3402000	23502
3402500	23508
3403000	23509
3403500	23512
3404000	23514
3404500	23516
3405000	23517
3405500	23523
3406000	23527
3406500	23529
3407000	23530
3407500	23532
3408000	23537
3408500	23541
3409000	23543
3409500	23544
3410000	23548
3410500	23552
3411000	23557
3411500	23562
3412000	23566
3412500	23571
3413000	23574
3413500	23578
3414000	23579
3414500	23587
3415000	23590
3415500	23593
3416000	23599
3416500	23600
3417000	23606
3417500	23612
3418000	23618
3418500	23622
3419000	23625
3419500	23629
3420000	23635
3420500	23638
3421000	23639
3421500	23645
3422000	23646
3422500	23651
3423000	23654
3423500	23657
3424000	23666
3424500	23671
3425000	23674
3425500	23682
3426000	23687
3426500	23689
3427000	23690
3427500	23693
3428000	23697
3428500	23699
3429000	23700
3429500	23706
3430000	23709
3430500	23711
3431000	23712
3431500	23717
3432000	23720
3432500	23722
3433000	23726
3433500	23729
3434000	23736
3434500	23739
3435000	23740
3435500	23744
3436000	23745
3436500	23748
3437000	23751
3437500	23757
3438000	23761
3438500	23762
3439000	23766
3439500	23769
3440000	23774
3440500	23779
3441000	23781
3441500	23788
3442000	23789
3442500	23796
3443000	23799
3443500	23805
3444000	23807
3444500	23812
3445000	23820
3445500	23821
3446000	23825
3446500	23829
3447000	23834
3447500	23836
3448000	23838
3448500	23842
3449000	23844
3449500	23847
3450000	23851
3450500	23856
3451000	23859
3451500	23867
3452000	23869
3452500	23870
3453000	23875
3453500	23876
3454000	23876
3454500	23880
3455000	23881
3455500	23884
3456000	23886
3456500	23888
3457000	23889
3457500	23892
3458000	23894
3458500	23899
3459000	23902
3459500	23903
3460000	23906
3460500	23913
3461000	23916
3461500	23918
3462000	23922
3462500	23926
3463000	23931
3463500	23933
3464000	23935
3464500	23939
3465000	23946
3465500	23950
3466000	23954
3466500	23960
3467000	23961
3467500	23965
3468000	23969
3468500	23972
3469000	23976
3469500	23980
3470000	23982
3470500	23982
3471000	23986
3471500	23990
3472000	23993
3472500	23998
3473000	24001
3473500	24004
3474000	24012
3474500	24016
3475000	24018
3475500	24024
3476000	24029
3476500	24035
3477000	24038
3477500	24044
3478000	24047
3478500	24053
3479000	24054
3479500	24058
3480000	24060
3480500	24064
3481000	24068
3481500	24070
3482000	24076
3482500	24079
3483000	24081
3483500	24087
3484000	24093
3484500	24095
3485000	24098
3485500	24104
3486000	24105
3486500	24109
3487000	24113
3487500	24116
3488000	24118
3488500	24120
3489000	24121
3489500	24125
3490000	24130
3490500	24132
3491000	24136
3491500	24140
3492000	24143
3492500	24145
3493000	24148
3493500	24153
3494000	24154
3494500	24157
3495000	24162
3495500	24163
3496000	24166
3496500	24169
3497000	24175
3497500	24181
3498000	24181
3498500	24185
3499000	24186
3499500	24189
3500000	24191
3500500	24195
3501000	24197
3501500	24199
3502000	24205
3502500	24207
3503000	24211
3503500	24216
3504000	24220
3504500	24227
3505000	24230
3505500	24235
3506000	24238
3506500	24245
3507000	24250
3507500	24252
3508000	24256
3508500	24259
3509000	24261
3509500	24264
3510000	24268
3510500	24270
3511000	24272
3511500	24275
3512000	24279
3512500	24285
3513000	24287
3513500	24293
3514000	24297
3514500	24301
3515000	24307
3515500	24309
3516000	24314
3516500	24316
3517000	24322
3517500	24324
3518000	24328
3518500	24332
3519000	24337
3519500	24343
3520000	24345
3520500	24348
3521000	24351
3521500	24353
3522000	24355
3522500	24359
3523000	24365
3523500	24365
3524000	24371
3524500	24380
3525000	24383
3525500	24389
3526000	24392
3526500	24400
3527000	24404
3527500	24408
3528000	24417
3528500	24422
3529000	24425
3529500	24425
3530000	24428
3530500	24431
3531000	24434
3531500	24438
3532000	24441
3532500	24444
3533000	24447
3533500	24452
3534000	24458
3534500	24463
3535000	24469
3535500	24474
3536000	24475
3536500	24480
3537000	24484
3537500	24487
3538000	24492
3538500	24493
3539000	24497
3539500	24504
3540000	24508
3540500	24512
3541000	24518
3541500	24520
3542000	24521
3542500	24522
3543000	24524
3543500	24528
3544000	24535
3544500	24541
3545000	24545
3545500	24548
3546000	24549
3546500	24553
3547000	24554
3547500	24560
3548000	24564
3548500	24565
3549000	24572
3549500	24578
3550000	24583
3550500	24586
3551000	24587
3551500	24590
3552000	24591
3552500	24593
3553000	24595
3553500	24598
3554000	24603
3554500	24603
3555000	24605
3555500	24609
3556000	24614
3556500	24617
3557000	24621
3557500	24624
3558000	24629
3558500	24632
3559000	24633
3559500	24638
3560000	24639
3560500	24644
3561000	24647
3561500	24655
3562000	24657
3562500	24661
3563000	24666
3563500	24671
3564000	24678
3564500	24685
3565000	24692
3565500	24694
3566000	24699
3566500	24701
3567000	24703
3567500	24704
3568000	24708
3568500	24714
3569000	24714
3569500	24718
3570000	24725
3570500	24727
3571000	24730
3571500	24732
3572000	24734
3572500	24735
3573000	24735
3573500	24737
3574000	24743
3574500	24747
3575000	24751
3575500	24753
3576000	24755
3576500	24759
3577000	24762
3577500	24766
3578000	24769
3578500	24774
3579000	24775
3579500	24781
3580000	24784
3580500	24786
3581000	24790
3581500	24795
3582000	24798
3582500	24801
3583000	24804
3583500	24809
3584000	24811
3584500	24814
3585000	24816
3585500	24821
3586000	24822
3586500	24827
3587000	24829
3587500	24832
3588000	24840
3588500	24842
3589000	24848
3589500	24852
3590000	24856
3590500	24857
3591000	24861
3591500	24863
3592000	24864
3592500	24867
3593000	24869
3593500	24873
3594000	24876
3594500	24877
3595000	24881
3595500	24888
3596000	24889
3596500	24893
3597000	24896
3597500	24897
3598000	24897
3598500	24899
3599000	24901
3599500	24909
3600000	24912
3600500	24913
3601000	24915
3601500	24920
3602000	24923
3602500	24927
3603000	24930
3603500	24932
3604000	24934
3604500	24940
3605000	24944
3605500	24954
3606000	24956
3606500	24960
3607000	24966
3607500	24969
3608000	24975
3608500	24981
3609000	24982
3609500	24987
3610000	24989
3610500	24993
3611000	24998
3611500	25002
3612000	25006
3612500	25009
3613000	25014
3613500	25017
3614000	25022
3614500	25026
3615000	25031
3615500	25035
3616000	25038
3616500	25038
3617000	25040
3617500	25041
3618000	25043
3618500	25045
3619000	25049
3619500	25053
3620000	25057
3620500	25061
3621000	25064
3621500	25064
3622000	25069
3622500	25071
3623000	25077
3623500	25080
3624000	25084
3624500	25089
3625000	25095
3625500	25097
3626000	25100
3626500	25103
3627000	25108
3627500	25110
3628000	25114
3628500	25118
3629000	25124
3629500	25126
3630000	25130
3630500	25133
3631000	25134
3631500	25135
3632000	25138
3632500	25144
3633000	25145
3633500	25151
3634000	25153
3634500	25155
3635000	25157
3635500	25159
3636000	25159
3636500	25164
3637000	25168
3637500	25172
3638000	25175
3638500	25179
3639000	25182
3639500	25184
3640000	25185
3640500	25190
3641000	25193
3641500	25197
3642000	25205
3642500	25207
3643000	25207
3643500	25208
3644000	25210
3644500	25211
3645000	25214
3645500	25221
3646000	25224
3646500	25231
3647000	25235
3647500	25241
3648000	25247
3648500	25249
3649000	25252
3649500	25255
3650000	25259
3650500	25262
3651000	25264
3651500	25266
3652000	25270
3652500	25274
3653000	25282
3653500	25286
3654000	25290
3654500	25300
3655000	25305
3655500	25307
3656000	25309
3656500	25312
3657000	25318
3657500	25324
3658000	25326
3658500	25330
3659000	25333
3659500	25339
3660000	25343
3660500	25349
3661000	25349
3661500	25352
3662000	25352
3662500	25358
3663000	25362
3663500	25364
3664000	25369
3664500	25374
3665000	25378
3665500	25379
3666000	25380
3666500	25384
3667000	25389
3667500	25390
3668000	25391
3668500	25396
3669000	25397
3669500	25399
3670000	25403
3670500	25403
3671000	25407
3671500	25412
3672000	25417
3672500	25421
3673000	25427
3673500	25430
3674000	25434
3674500	25439
3675000	25442
3675500	25447
3676000	25447
3676500	25452
3677000	25456
3677500	25458
3678000	25460
3678500	25464
3679000	25467
3679500	25469
3680000	25475
3680500	25479
3681000	25483
3681500	25488
3682000	25490
3682500	25496
3683000	25501
3683500	25505
3684000	25508
3684500	25508
3685000	25514
3685500	25519
3686000	25524
3686500	25527
3687000	25530
3687500	25534
3688000	25538
3688500	25541
3689000	25542
3689500	25546
3690000	25548
3690500	25551
3691000	25558
3691500	25561
3692000	25563
3692500	25565
3693000	25570
3693500	25573
3694000	25575
3694500	25577
3695000	25584
3695500	25587
3696000	25591
3696500	25593
3697000	25595
3697500	25596
3698000	25598
3698500	25602
3699000	25603
3699500	25605
3700000	25605
3700500	25608
3701000	25613
3701500	25616
3702000	25619
3702500	25625
3703000	25634
3703500	25636
3704000	25639
3704500	25640
3705000	25642
3705500	25645
3706000	25647
3706500	25653
3707000	25656
3707500	25658
3708000	25666
3708500	25670
3709000	25676
3709500	25678
3710000	25678
3710500	25682
3711000	25690
3711500	25693
3712000	25695
3712500	25702
3713000	25708
3713500	25711
3714000	25714
3714500	25718
3715000	25722
3715500	25724
3716000	25724
3716500	25724
3717000	25725
3717500	25728
3718000	25733
3718500	25735
3719000	25736
3719500	25741
3720000	25745
3720500	25748
3721000	25752
3721500	25753
3722000	25756
3722500	25758
3723000	25761
3723500	25767
3724000	25769
3724500	25774
3725000	25779
3725500	25783
3726000	25785
3726500	25793
3727000	25799
3727500	25803
3728000	25807
3728500	25812
3729000	25815
3729500	25818
3730000	25824
3730500	25825
3731000	25827
3731500	25830
3732000	25835
3732500	25842
3733000	25847
3733500	25848
3734000	25849
3734500	25853
3735000	25857
3735500	25859
3736000	25863
3736500	25865
3737000	25871
3737500	25880
3738000	25883
3738500	25885
3739000	25886
3739500	25891
3740000	25894
3740500	25896
3741000	25899
3741500	25904
3742000	25906
3742500	25912
3743000	25915
3743500	25920
3744000	25922
3744500	25924
3745000	25926
3745500	25928
3746000	25929
3746500	25932
3747000	25936
3747500	25940
3748000	25942
3748500	25949
3749000	25954
3749500	25956
3750000	25959
3750500	25960
3751000	25963
3751500	25966
3752000	25966
3752500	25968
3753000	25973
3753500	25975
3754000	25977
3754500	25981
3755000	25986
3755500	25988
3756000	25992
3756500	25999
3757000	26000
3757500	26001
3758000	26003
3758500	26009
3759000	26012
3759500	26014
3760000	26019
3760500	26025
3761000	26029
3761500	26034
3762000	26034
3762500	26039
3763000	26041
3763500	26048
3764000	26049
3764500	26052
3765000	26059
3765500	26063
3766000	26068
3766500	26069
3767000	26070
3767500	26076
3768000	26080
3768500	26084
3769000	26090
3769500	26095
3770000	26099
3770500	26103
3771000	26106
3771500	26106
3772000	26111
3772500	26115
3773000	26115
3773500	26118
3774000	26120
3774500	26122
3775000	26129
3775500	26131
3776000	26132
3776500	26139
3777000	26142
3777500	26145
3778000	26148
3778500	26152
3779000	26155
3779500	26156
3780000	26159
3780500	26163
3781000	26166
3781500	26169
3782000	26174
3782500	26176
3783000	26180
3783500	26182
3784000	26189
3784500	26192
3785000	26195
3785500	26200
3786000	26207
3786500	26209
3787000	26213
3787500	26214
3788000	26221
3788500	26225
3789000	26228
3789500	26228
3790000	26230
3790500	26230
3791000	26234
3791500	26237
3792000	26238
3792500	26244
3793000	26247
3793500	26250
3794000	26254
3794500	26256
3795000	26259
3795500	26266
3796000	26269
3796500	26273
3797000	26275
3797500	26279
3798000	26281
3798500	26284
3799000	26289
3799500	26292
3800000	26295
3800500	26299
3801000	26302
3801500	26305
3802000	26307
3802500	26309
3803000	26310
3803500	26313
3804000	26318
3804500	26323
3805000	26327
3805500	26331
3806000	26334
3806500	26337
3807000	26339
3807500	26340
3808000	26345
3808500	26349
3809000	26355
3809500	26358
3810000	26362
3810500	26365
3811000	26368
3811500	26371
3812000	26376
3812500	26384
3813000	26385
3813500	26392
3814000	26396
3814500	26398
3815000	26403
3815500	26405
3816000	26406
3816500	26407
3817000	26412
3817500	26413
3818000	26417
3818500	26421
3819000	26425
3819500	26428
3820000	26432
3820500	26439
3821000	26442
3821500	26447
3822000	26451
3822500	26452
3823000	26454
3823500	26459
3824000	26466
3824500	26470
3825000	26473
3825500	26477
3826000	26478
3826500	26482
3827000	26487
3827500	26491
3828000	26494
3828500	26502
3829000	26504
3829500	26505
3830000	26506
3830500	26506
3831000	26509
3831500	26513
3832000	26515
3832500	26519
3833000	26521
3833500	26524
3834000	26527
3834500	26529
3835000	26533
3835500	26535
3836000	26539
3836500	26541
3837000	26544
3837500	26546
3838000	26548
3838500	26550
3839000	26556
3839500	26562
3840000	26568
3840500	26573
3841000	26574
3841500	26578
3842000	26583
3842500	26587
3843000	26588
3843500	26593
3844000	26595
3844500	26599
3845000	26606
3845500	26611
3846000	26613
3846500	26615
3847000	26618
3847500	26619
3848000	26625
3848500	26627
3849000	26633
3849500	26637
3850000	26639
3850500	26644
3851000	26646
3851500	26649
3852000	26650
3852500	26654
3853000	26658
3853500	26662
3854000	26666
3854500	26671
3855000	26679
3855500	26681
3856000	26684
3856500	26687
3857000	26690
3857500	26695
3858000	26699
3858500	26704
3859000	26706
3859500	26707
3860000	26710
3860500	26713
3861000	26717
3861500	26720
3862000	26725
3862500	26726
3863000	26731
3863500	26733
3864000	26737
3864500	26744
3865000	26745
3865500	26750
3866000	26751
3866500	26755
3867000	26760
3867500	26768
3868000	26772
3868500	26777
3869000	26780
3869500	26783
3870000	26786
3870500	26789
3871000	26793
3871500	26797
3872000	26801
3872500	26807
3873000	26812
3873500	26815
3874000	26820
3874500	26825
3875000	26828
3875500	26834
3876000	26836
3876500	26838
3877000	26843
3877500	26845
3878000	26847
3878500	26853
3879000	26858
3879500	26859
3880000	26864
3880500	26867
3881000	26870
3881500	26874
3882000	26879
3882500	26880
3883000	26883
3883500	26889
3884000	26890
3884500	26894
3885000	26899
3885500	26903
3886000	26908
3886500	26911
3887000	26912
3887500	26916
3888000	26920
3888500	26923
3889000	26926
3889500	26928
3890000	26931
3890500	26933
3891000	26939
3891500	26942
3892000	26945
3892500	26948
3893000	26951
3893500	26953
3894000	26958
3894500	26961
3895000	26963
3895500	26968
3896000	26974
3896500	26976
3897000	26980
3897500	26981
3898000	26986
3898500	26993
3899000	26996
3899500	26998
3900000	26999
3900500	27005
3901000	27007
3901500	27009
3902000	27014
3902500	27016
3903000	27020
3903500	27025
3904000	27029
3904500	27035
3905000	27040
3905500	27044
3906000	27046
3906500	27049
3907000	27052
3907500	27053
3908000	27053
3908500	27057
3909000	27063
3909500	27069
3910000	27072
3910500	27083
3911000	27087
3911500	27092
3912000	27096
3912500	27102
3913000	27104
3913500	27106
3914000	27110
3914500	27111
3915000	27112
3915500	27116
3916000	27116
3916500	27118
3917000	27123
3917500	27125
3918000	27127
3918500	27130
3919000	27133
3919500	27138
3920000	27141
3920500	27146
3921000	27153
3921500	27154
3922000	27157
3922500	27159
3923000	27160
3923500	27160
3924000	27164
3924500	27165
3925000	27168
3925500	27170
3926000	27173
3926500	27178
3927000	27181
3927500	27185
3928000	27192
3928500	27193
3929000	27197
3929500	27204
3930000	27206
3930500	27211
3931000	27213
3931500	27219
3932000	27221
3932500	27230
3933000	27232
3933500	27233
3934000	27238
3934500	27246
3935000	27251
3935500	27255
3936000	27260
3936500	27263
3937000	27271
3937500	27275
3938000	27276
3938500	27278
3939000	27280
3939500	27282
3940000	27284
3940500	27288
3941000	27291
3941500	27292
3942000	27297
3942500	27297
3943000	27303
3943500	27304
3944000	27305
3944500	27307
3945000	27309
3945500	27314
3946000	27316
3946500	27320
3947000	27323
3947500	27326
3948000	27330
3948500	27333
3949000	27335
3949500	27337
3950000	27341
3950500	27345
3951000	27348
3951500	27351
3952000	27353
3952500	27359
3953000	27364
3953500	27367
3954000	27374
3954500	27376
3955000	27382
3955500	27386
3956000	27389
3956500	27392
3957000	27397
3957500	27398
3958000	27398
3958500	27403
3959000	27405
3959500	27407
3960000	27409
3960500	27411
3961000	27415
3961500	27416
3962000	27419
3962500	27423
3963000	27425
3963500	27430
3964000	27433
3964500	27439
3965000	27441
3965500	27445
3966000	27447
3966500	27450
3967000	27456
3967500	27460
3968000	27466
3968500	27468
3969000	27468
3969500	27470
3970000	27473
3970500	27474
3971000	27478
3971500	27481
3972000	27483
3972500	27484
3973000	27484
3973500	27488
3974000	27495
3974500	27499
3975000	27499
3975500	27501
3976000	27506
3976500	27509
3977000	27513
3977500	27516
3978000	27518
3978500	27521
3979000	27527
3979500	27530
3980000	27532
3980500	27535
3981000	27538
3981500	27544
3982000	27547
3982500	27550
3983000	27553
3983500	27555
3984000	27555
3984500	27558
3985000	27560
3985500	27562
3986000	27563
3986500	27566
3987000	27571
3987500	27574
3988000	27578
3988500	27582
3989000	27583
3989500	27585
3990000	27589
3990500	27593
3991000	27598
3991500	27603
3992000	27608
3992500	27610
3993000	27615
3993500	27619
3994000	27624
3994500	27627
3995000	27632
3995500	27634
3996000	27641
3996500	27645
3997000	27648
3997500	27650
3998000	27657
3998500	27660
3999000	27661
3999500	27664
4000000	27665
4000500	27671
4001000	27671
4001500	27672
4002000	27676
4002500	27682
4003000	27682
4003500	27685
4004000	27687
4004500	27689
4005000	27692
4005500	27697
4006000	27700
4006500	27702
4007000	27706
4007500	27708
4008000	27716
4008500	27718
4009000	27720
4009500	27724
4010000	27724
4010500	27728
4011000	27734
4011500	27735
4012000	27735
4012500	27738
4013000	27741
4013500	27745
4014000	27752
4014500	27756
4015000	27762
4015500	27768
4016000	27774
4016500	27776
4017000	27780
4017500	27781
4018000	27784
4018500	27788
4019000	27794
4019500	27797
4020000	27800
4020500	27805
4021000	27807
4021500	27811
4022000	27813
4022500	27819
4023000	27823
4023500	27825
4024000	27829
4024500	27834
4025000	27841
4025500	27845
4026000	27847
4026500	27849
4027000	27850
4027500	27851
4028000	27852
4028500	27854
4029000	27855
4029500	27859
4030000	27865
4030500	27871
4031000	27874
4031500	27880
4032000	27883
4032500	27885
4033000	27889
4033500	27893
4034000	27895
4034500	27899
4035000	27899
4035500	27905
4036000	27906
4036500	27906
4037000	27908
4037500	27912
4038000	27915
4038500	27917
4039000	27921
4039500	27926
4040000	27930
4040500	27930
4041000	27932
4041500	27935
4042000	27943
4042500	27946
4043000	27949
4043500	27953
4044000	27954
4044500	27958
4045000	27959
4045500	27960
4046000	27964
4046500	27968
4047000	27973
4047500	27979
4048000	27980
4048500	27986
4049000	27988
4049500	27990
4050000	27991
4050500	27991
4051000	27995
4051500	28000
4052000	28001
4052500	28005
4053000	28009
4053500	28010
4054000	28015
4054500	28018
4055000	28023
4055500	28026
4056000	28027
4056500	28027
4057000	28028
4057500	28034
4058000	28036
4058500	28038
4059000	28041
4059500	28044
4060000	28045
4060500	28052
4061000	28054
4061500	28057
4062000	28059
4062500	28061
4063000	28063
4063500	28068
4064000	28075
4064500	28078
4065000	28081
4065500	28082
4066000	28082
4066500	28087
4067000	28090
4067500	28095
4068000	28101
4068500	28104
4069000	28105
4069500	28109
4070000	28113
4070500	28115
4071000	28120
4071500	28125
4072000	28130
4072500	28132
4073000	28133
4073500	28134
4074000	28139
4074500	28145
4075000	28147
4075500	28152
4076000	28156
4076500	28160
4077000	28163
4077500	28168
4078000	28177
4078500	28178
4079000	28180
4079500	28185
4080000	28190
4080500	28194
4081000	28198
4081500	28201
4082000	28205
4082500	28207
4083000	28211
4083500	28218
4084000	28219
4084500	28222
4085000	28226
4085500	28227
4086000	28231
4086500	28237
4087000	28242
4087500	28244
4088000	28248
4088500	28252
4089000	28261
4089500	28262
4090000	28267
4090500	28270
4091000	28273
4091500	28276
4092000	28278
4092500	28283
4093000	28286
4093500	28294
4094000	28295
4094500	28299
4095000	28304
4095500	28308
4096000	28311
4096500	28314
4097000	28316
4097500	28320
4098000	28322
4098500	28322
4099000	28325
4099500	28326
4100000	28332
4100500	28335
4101000	28337
4101500	28341
4102000	28349
4102500	28353
4103000	28364
4103500	28368
4104000	28371
4104500	28374
4105000	28378
4105500	28378
4106000	28381
4106500	28385
4107000	28389
4107500	28392
4108000	28394
4108500	28398
4109000	28403
4109500	28407
4110000	28409
4110500	28411
4111000	28413
4111500	28415
4112000	28419
4112500	28425
4113000	28433
4113500	28438
4114000	28441
4114500	28445
4115000	28450
4115500	28453
4116000	28459
4116500	28463
4117000	28465
4117500	28468
4118000	28473
4118500	28480
4119000	28483
4119500	28485
4120000	28491
4120500	28500
4121000	28505
4121500	28510
4122000	28514
4122500	28516
4123000	28519
4123500	28522
4124000	28522
4124500	28524
4125000	28526
4125500	28530
4126000	28535
4126500	28539
4127000	28543
4127500	28544
4128000	28547
4128500	28549
4129000	28553
4129500	28559
4130000	28563
4130500	28563
4131000	28565
4131500	28569
4132000	28575
4132500	28577
4133000	28579
4133500	28582
4134000	28584
4134500	28588
4135000	28588
4135500	28593
4136000	28599
4136500	28601
4137000	28605
4137500	28607
4138000	28611
4138500	28616
4139000	28620
4139500	28624
4140000	28628
4140500	28631
4141000	28634
4141500	28636
4142000	28640
4142500	28648
4143000	28651
4143500	28655
4144000	28659
4144500	28659
4145000	28662
4145500	28668
4146000	28673
4146500	28676
4147000	28680
4147500	28681
4148000	28685
4148500	28689
4149000	28690
4149500	28695
4150000	28695
4150500	28696
4151000	28698
4151500	28700
4152000	28702
4152500	28706
4153000	28711
4153500	28714
4154000	28717
4154500	28722
4155000	28724
4155500	28728
4156000	28731
4156500	28734
4157000	28734
4157500	28737
4158000	28740
4158500	28741
4159000	28745
4159500	28747
4160000	28750
4160500	28755
4161000	28759
4161500	28762
4162000	28766
4162500	28770
4163000	28775
4163500	28778
4164000	28782
4164500	28783
4165000	28787
4165500	28790
4166000	28792
4166500	28795
4167000	28796
4167500	28801
4168000	28804
4168500	28806
4169000	28807
4169500	28813
4170000	28816
4170500	28822
4171000	28825
4171500	28828
4172000	28832
4172500	28835
4173000	28838
4173500	28844
4174000	28846
4174500	28853
4175000	28862
4175500	28865
4176000	28869
4176500	28872
4177000	28876
4177500	28880
4178000	28884
4178500	28888
4179000	28892
4179500	28896
4180000	28899
4180500	28900
4181000	28906
4181500	28913
4182000	28918
4182500	28921
4183000	28924
4183500	28925
4184000	28927
4184500	28931
4185000	28935
4185500	28938
4186000	28943
4186500	28947
4187000	28950
4187500	28952
4188000	28957
4188500	28966
4189000	28969
4189500	28972
4190000	28973
4190500	28977
4191000	28981
4191500	28984
4192000	28986
4192500	28989
4193000	28992
4193500	28995
4194000	28999
4194500	29002
4195000	29003
4195500	29008
4196000	29010
4196500	29013
4197000	29018
4197500	29022
4198000	29025
4198500	29032
4199000	29034
4199500	29036
4200000	29038
4200500	29045
4201000	29047
4201500	29051
4202000	29052
4202500	29057
4203000	29060
4203500	29063
4204000	29066
4204500	29071
4205000	29075
4205500	29076
4206000	29076
4206500	29080
4207000	29083
4207500	29085
4208000	29087
4208500	29089
4209000	29093
4209500	29096
4210000	29098
4210500	29102
4211000	29106
4211500	29109
4212000	29114
4212500	29117
4213000	29122
4213500	29126
4214000	29129
4214500	29133
4215000	29137
4215500	29143
4216000	29143
4216500	29144
4217000	29146
4217500	29148
4218000	29155
4218500	29158
4219000	29160
4219500	29165
4220000	29170
4220500	29172
4221000	29176
4221500	29181
4222000	29184
4222500	29193
4223000	29197
4223500	29201
4224000	29204
4224500	29209
4225000	29212
4225500	29216
4226000	29219
4226500	29221
4227000	29225
4227500	29230
4228000	29231
4228500	29234
4229000	29237
4229500	29239
4230000	29240
4230500	29245
4231000	29247
4231500	29252
4232000	29257
4232500	29260
4233000	29264
4233500	29266
4234000	29270
4234500	29272
4235000	29275
4235500	29279
4236000	29282
4236500	29285
4237000	29286
4237500	29291
4238000	29292
4238500	29296
4239000	29300
4239500	29305
4240000	29309
4240500	29316
4241000	29319
4241500	29323
4242000	29324
4242500	29329
4243000	29331
4243500	29334
4244000	29336
4244500	29338
4245000	29339
4245500	29342
4246000	29346
4246500	29350
4247000	29355
4247500	29361
4248000	29363
4248500	29367
4249000	29369
4249500	29371
4250000	29376
4250500	29381
4251000	29387
4251500	29393
4252000	29394
4252500	29402
4253000	29406
4253500	29409
4254000	29414
4254500	29418
4255000	29419
4255500	29420
4256000	29420
4256500	29424
4257000	29428
4257500	29430
4258000	29437
4258500	29442
4259000	29447
4259500	29448
4260000	29450
4260500	29450
4261000	29457
4261500	29459
4262000	29463
4262500	29464
4263000	29467
4263500	29472
4264000	29474
4264500	29476
4265000	29481
4265500	29484
4266000	29485
4266500	29489
4267000	29491
4267500	29495
4268000	29498
4268500	29502
4269000	29506
4269500	29507
4270000	29510
4270500	29511
4271000	29514
4271500	29519
4272000	29521
4272500	29525
4273000	29529
4273500	29530
4274000	29533
4274500	29540
4275000	29546
4275500	29546
4276000	29548
4276500	29553
4277000	29557
4277500	29563
4278000	29563
4278500	29565
4279000	29568
4279500	29574
4280000	29578
4280500	29581
4281000	29584
4281500	29585
4282000	29592
4282500	29596
4283000	29599
4283500	29604
4284000	29610
4284500	29613
4285000	29616
4285500	29619
4286000	29624
4286500	29624
4287000	29628
4287500	29632
4288000	29636
4288500	29641
4289000	29643
4289500	29648
4290000	29652
4290500	29654
4291000	29656
4291500	29658
4292000	29659
4292500	29661
4293000	29662
4293500	29664
4294000	29667
4294500	29670
4295000	29674
4295500	29677
4296000	29678
4296500	29679
4297000	29682
4297500	29692
4298000	29694
4298500	29702
4299000	29703
4299500	29704
4300000	29710
4300500	29714
4301000	29719
4301500	29725
4302000	29732
4302500	29736
4303000	29738
4303500	29739
4304000	29741
4304500	29744
4305000	29747
4305500	29751
4306000	29754
4306500	29759
4307000	29761
4307500	29764
4308000	29768
4308500	29770
4309000	29773
4309500	29776
4310000	29781
4310500	29789
4311000	29794
4311500	29798
4312000	29799
4312500	29806
4313000	29809
4313500	29810
4314000	29812
4314500	29813
4315000	29814
4315500	29817
4316000	29819
4316500	29822
4317000	29827
4317500	29831
4318000	29837
4318500	29840
4319000	29843
4319500	29845
4320000	29849
4320500	29854
4321000	29858
4321500	29865
4322000	29868
4322500	29869
4323000	29870
4323500	29874
4324000	29876
4324500	29879
4325000	29881
4325500	29885
4326000	29887
4326500	29890
4327000	29899
4327500	29904
4328000	29907
4328500	29913
4329000	29915
4329500	29922
4330000	29925
4330500	29930
4331000	29933
4331500	29938
4332000	29944
4332500	29952
4333000	29953
4333500	29957
4334000	29957
4334500	29957
4335000	29960
4335500	29964
4336000	29966
4336500	29976
4337000	29977
4337500	29979
4338000	29981
4338500	29983
4339000	29987
4339500	29992
4340000	29997
4340500	30000
4341000	30003
4341500	30008
4342000	30010
4342500	30013
4343000	30018
4343500	30023
4344000	30025
4344500	30029
4345000	30034
4345500	30037
4346000	30040
4346500	30041
4347000	30047
4347500	30051
4348000	30055
4348500	30060
4349000	30064
4349500	30069
4350000	30070
4350500	30073
4351000	30077
4351500	30080
4352000	30084
4352500	30090
4353000	30094
4353500	30096
4354000	30096
4354500	30101
4355000	30104
4355500	30105
4356000	30108
4356500	30112
4357000	30113
4357500	30120
4358000	30124
4358500	30131
4359000	30132
4359500	30134
4360000	30138
4360500	30142
4361000	30146
4361500	30148
4362000	30150
4362500	30152
4363000	30156
4363500	30160
4364000	30163
4364500	30168
4365000	30172
4365500	30177
4366000	30183
4366500	30188
4367000	30195
4367500	30201
4368000	30202
4368500	30205
4369000	30208
4369500	30211
4370000	30212
4370500	30214
4371000	30217
4371500	30221
4372000	30227
4372500	30229
4373000	30232
4373500	30237
4374000	30238
4374500	30245
4375000	30250
4375500	30255
4376000	30259
4376500	30260
4377000	30262
4377500	30264
4378000	30264
4378500	30272
4379000	30280
4379500	30283
4380000	30284
4380500	30285
4381000	30293
4381500	30296
4382000	30299
4382500	30302
4383000	30306
4383500	30309
4384000	30316
4384500	30319
4385000	30320
4385500	30325
4386000	30327
4386500	30331
4387000	30333
4387500	30341
4388000	30343
4388500	30347
4389000	30350
4389500	30356
4390000	30358
4390500	30362
4391000	30368
4391500	30369
4392000	30372
4392500	30376
4393000	30379
4393500	30384
4394000	30386
4394500	30387
4395000	30392
4395500	30396
4396000	30396
4396500	30401
4397000	30401
4397500	30407
4398000	30407
4398500	30410
4399000	30411
4399500	30412
4400000	30417
4400500	30420
4401000	30425
4401500	30427
4402000	30429
4402500	30433
4403000	30437
4403500	30445
4404000	30450
4404500	30454
4405000	30459
4405500	30460
4406000	30464
4406500	30466
4407000	30468
4407500	30469
4408000	30470
4408500	30472
4409000	30473
4409500	30478
4410000	30478
4410500	30482
4411000	30487
4411500	30491
4412000	30499
4412500	30502
4413000	30505
4413500	30507
4414000	30508
4414500	30512
4415000	30519
4415500	30526
4416000	30529
4416500	30532
4417000	30538
4417500	30539
4418000	30545
4418500	30549
4419000	30554
4419500	30560
4420000	30561
4420500	30565
4421000	30571
4421500	30573
4422000	30576
4422500	30577
4423000	30581
4423500	30586
4424000	30590
4424500	30594
4425000	30599
4425500	30606
4426000	30607
4426500	30608
4427000	30614
4427500	30619
4428000	30622
4428500	30626
4429000	30628
4429500	30630
4430000	30635
4430500	30637
4431000	30639
4431500	30645
4432000	30647
4432500	30652
4433000	30657
4433500	30657
4434000	30661
4434500	30664
4435000	30670
4435500	30677
4436000	30679
4436500	30681
4437000	30682
4437500	30689
4438000	30694
4438500	30699
4439000	30704
4439500	30711
4440000	30713
4440500	30716
4441000	30717
4441500	30722
4442000	30724
4442500	30726
4443000	30727
4443500	30733
4444000	30735
4444500	30739
4445000	30744
4445500	30747
4446000	30751
4446500	30753
4447000	30757
4447500	30764
4448000	30767
4448500	30769
4449000	30774
4449500	30777
4450000	30778
4450500	30780
4451000	30785
4451500	30788
4452000	30792
4452500	30796
4453000	30799
4453500	30804
4454000	30812
4454500	30816
4455000	30820
4455500	30822
4456000	30824
4456500	30827
4457000	30831
4457500	30834
4458000	30838
4458500	30841
4459000	30849
4459500	30853
4460000	30856
4460500	30861
4461000	30863
4461500	30868
4462000	30871
4462500	30874
4463000	30877
4463500	30882
4464000	30885
4464500	30887
4465000	30890
4465500	30892
4466000	30895
4466500	30898
4467000	30900
4467500	30903
4468000	30907
4468500	30910
4469000	30912
4469500	30914
4470000	30919
4470500	30924
4471000	30928
4471500	30931
4472000	30932
4472500	30932
4473000	30934
4473500	30937
4474000	30942
4474500	30948
4475000	30952
4475500	30955
4476000	30956
4476500	30959
4477000	30964
4477500	30965
4478000	30969
4478500	30972
4479000	30975
4479500	30976
4480000	30981
4480500	30986
4481000	30987
4481500	30994
4482000	30996
4482500	30999
4483000	31000
4483500	31002
4484000	31007
4484500	31011
4485000	31015
4485500	31025
4486000	31025
4486500	31025
4487000	31034
4487500	31037
4488000	31038
4488500	31044
4489000	31047
4489500	31049
4490000	31051
4490500	31053
4491000	31059
4491500	31064
4492000	31065
4492500	31070
4493000	31079
4493500	31081
4494000	31083
4494500	31086
4495000	31088
4495500	31093
4496000	31095
4496500	31101
4497000	31107
4497500	31111
4498000	31117
4498500	31123
4499000	31130
4499500	31136
4500000	31139
4500500	31139
4501000	31145
4501500	31149
4502000	31149
4502500	31150
4503000	31152
4503500	31156
4504000	31163
4504500	31168
4505000	31175
4505500	31177
4506000	31178
4506500	31179
4507000	31181
4507500	31183
4508000	31188
4508500	31192
4509000	31196
4509500	31203
4510000	31204
4510500	31207
4511000	31211
4511500	31212
4512000	31214
4512500	31218
4513000	31221
4513500	31226
4514000	31231
4514500	31235
4515000	31236
4515500	31237
4516000	31242
4516500	31243
4517000	31246
4517500	31251
4518000	31254
4518500	31260
4519000	31264
4519500	31265
4520000	31271
4520500	31275
4521000	31279
4521500	31281
4522000	31284
4522500	31291
4523000	31296
4523500	31301
4524000	31306
4524500	31311
4525000	31313
4525500	31317
4526000	31325
4526500	31327
4527000	31328
4527500	31330
4528000	31332
4528500	31333
4529000	31334
4529500	31337
4530000	31341
4530500	31346
4531000	31347
4531500	31349
4532000	31352
4532500	31355
4533000	31359
4533500	31363
4534000	31367
4534500	31368
4535000	31375
4535500	31377
4536000	31378
4536500	31381
4537000	31386
4537500	31391
4538000	31391
4538500	31394
4539000	31401
4539500	31406
4540000	31413
4540500	31419
4541000	31420
4541500	31426
4542000	31430
4542500	31433
4543000	31436
4543500	31441
4544000	31444
4544500	31445
4545000	31448
4545500	31451
4546000	31457
4546500	31462
4547000	31464
4547500	31471
4548000	31474
4548500	31476
4549000	31479
4549500	31482
4550000	31488
4550500	31490
4551000	31494
4551500	31498
4552000	31503
4552500	31508
4553000	31512
4553500	31515
4554000	31520
4554500	31522
4555000	31525
4555500	31532
4556000	31537
4556500	31541
4557000	31543
4557500	31550
4558000	31551
4558500	31556
4559000	31560
4559500	31562
4560000	31566
4560500	31568
4561000	31573
4561500	31580
4562000	31583
4562500	31585
4563000	31588
4563500	31589
4564000	31592
4564500	31597
4565000	31597
4565500	31600
4566000	31605
4566500	31608
4567000	31612
4567500	31616
4568000	31624
4568500	31625
4569000	31628
4569500	31631
4570000	31634
4570500	31639
4571000	31642
4571500	31645
4572000	31647
4572500	31650
4573000	31651
4573500	31655
4574000	31658
4574500	31661
4575000	31663
4575500	31666
4576000	31667
4576500	31672
4577000	31673
4577500	31680
4578000	31684
4578500	31687
4579000	31689
4579500	31692
4580000	31695
4580500	31697
4581000	31701
4581500	31706
4582000	31709
4582500	31709
4583000	31712
4583500	31715
4584000	31720
4584500	31728
4585000	31731
4585500	31736
4586000	31739
4586500	31742
4587000	31745
4587500	31751
4588000	31755
4588500	31760
4589000	31763
4589500	31769
4590000	31772
4590500	31776
4591000	31777
4591500	31778
4592000	31779
4592500	31786
4593000	31789
4593500	31791
4594000	31798
4594500	31801
4595000	31803
4595500	31805
4596000	31808
4596500	31809
4597000	31814
4597500	31816
4598000	31818
4598500	31820
4599000	31823
4599500	31826
4600000	31829
4600500	31832
4601000	31836
4601500	31840
4602000	31845
4602500	31850
4603000	31851
4603500	31851
4604000	31855
4604500	31858
4605000	31861
4605500	31863
4606000	31866
4606500	31869
4607000	31876
4607500	31880
4608000	31884
4608500	31886
4609000	31888
4609500	31892
4610000	31894
4610500	31902
4611000	31906
4611500	31909
4612000	31913
4612500	31915
4613000	31917
4613500	31920
4614000	31923
4614500	31929
4615000	31930
4615500	31934
4616000	31938
4616500	31941
4617000	31946
4617500	31949
4618000	31954
4618500	31956
4619000	31958
4619500	31961
4620000	31963
4620500	31964
4621000	31969
4621500	31973
4622000	31975
4622500	31983
4623000	31989
4623500	31991
4624000	31994
4624500	31998
4625000	32003
4625500	32008
4626000	32010
4626500	32013
4627000	32016
4627500	32020
4628000	32027
4628500	32031
4629000	32041
4629500	32043
4630000	32048
4630500	32050
4631000	32053
4631500	32058
4632000	32063
4632500	32065
4633000	32067
4633500	32071
4634000	32076
4634500	32081
4635000	32084
4635500	32086
4636000	32089
4636500	32095
4637000	32098
4637500	32102
4638000	32106
4638500	32108
4639000	32111
4639500	32112
4640000	32117
4640500	32121
4641000	32127
4641500	32130
4642000	32134
4642500	32138
4643000	32140
4643500	32142
4644000	32146
4644500	32147
4645000	32157
4645500	32161
4646000	32164
4646500	32167
4647000	32170
4647500	32179
4648000	32182
4648500	32185
4649000	32189
4649500	32193
4650000	32198
4650500	32198
4651000	32199
4651500	32203
4652000	32205
4652500	32209
4653000	32210
4653500	32211
4654000	32214
4654500	32217
4655000	32221
4655500	32225
4656000	32229
4656500	32235
4657000	32238
4657500	32242
4658000	32244
4658500	32245
4659000	32248
4659500	32252
4660000	32255
4660500	32257
4661000	32259
4661500	32262
4662000	32265
4662500	32269
4663000	32273
4663500	32279
4664000	32282
4664500	32285
4665000	32285
4665500	32290
4666000	32294
4666500	32297
4667000	32298
4667500	32299
4668000	32306
4668500	32310
4669000	32311
4669500	32313
4670000	32315
4670500	32322
4671000	32329
4671500	32330
4672000	32335
4672500	32338
4673000	32339
4673500	32341
4674000	32344
4674500	32346
4675000	32349
4675500	32353
4676000	32355
4676500	32359
4677000	32363
4677500	32366
4678000	32370
4678500	32378
4679000	32379
4679500	32384
4680000	32385
4680500	32386
4681000	32390
4681500	32395
4682000	32396
4682500	32401
4683000	32404
4683500	32408
4684000	32411
4684500	32415
4685000	32420
4685500	32422
4686000	32426
4686500	32429
4687000	32433
4687500	32437
4688000	32439
4688500	32445
4689000	32452
4689500	32454
4690000	32461
4690500	32462
4691000	32466
4691500	32469
4692000	32471
4692500	32478
4693000	32481
4693500	32483
4694000	32487
4694500	32490
4695000	32495
4695500	32496
4696000	32499
4696500	32500
4697000	32506
4697500	32508
4698000	32512
4698500	32517
4699000	32524
4699500	32531
4700000	32539
4700500	32542
4701000	32543
4701500	32546
4702000	32549
4702500	32555
4703000	32557
4703500	32560
4704000	32565
4704500	32568
4705000	32571
4705500	32575
4706000	32578
4706500	32585
4707000	32590
4707500	32596
4708000	32600
4708500	32600
4709000	32603
4709500	32605
4710000	32605
4710500	32608
4711000	32613
4711500	32615
4712000	32619
4712500	32621
4713000	32624
4713500	32626
4714000	32629
4714500	32631
4715000	32634
4715500	32641
4716000	32644
4716500	32649
4717000	32656
4717500	32660
4718000	32668
4718500	32670
4719000	32675
4719500	32677
4720000	32678
4720500	32682
4721000	32687
4721500	32692
4722000	32694
4722500	32695
4723000	32697
4723500	32701
4724000	32703
4724500	32707
4725000	32708
4725500	32711
4726000	32711
4726500	32712
4727000	32716
4727500	32723
4728000	32727
4728500	32731
4729000	32734
4729500	32736
4730000	32737
4730500	32740
4731000	32742
4731500	32743
4732000	32745
4732500	32747
4733000	32749
4733500	32752
4734000	32757
4734500	32760
4735000	32766
4735500	32769
4736000	32771
4736500	32772
4737000	32774
4737500	32780
4738000	32782
4738500	32788
4739000	32788
4739500	32792
4740000	32794
4740500	32801
4741000	32804
4741500	32806
4742000	32808
4742500	32810
4743000	32815
4743500	32820
4744000	32824
4744500	32829
4745000	32830
4745500	32833
4746000	32837
4746500	32842
4747000	32843
4747500	32845
4748000	32847
4748500	32851
4749000	32854
4749500	32856
4750000	32860
4750500	32861
4751000	32867
4751500	32873
4752000	32879
4752500	32883
4753000	32889
4753500	32892
4754000	32895
4754500	32897
4755000	32900
4755500	32904
4756000	32905
4756500	32907
4757000	32909
4757500	32911
4758000	32914
4758500	32915
4759000	32919
4759500	32922
4760000	32926
4760500	32931
4761000	32935
4761500	32939
4762000	32942
4762500	32947
4763000	32950
4763500	32956
4764000	32960
4764500	32960
4765000	32965
4765500	32965
4766000	32968
4766500	32973
4767000	32976
4767500	32980
4768000	32985
4768500	32989
4769000	32992
4769500	32994
4770000	32995
4770500	32997
4771000	33000
4771500	33007
4772000	33013
4772500	33014
4773000	33017
4773500	33018
4774000	33024
4774500	33025
4775000	33027
4775500	33030
4776000	33032
4776500	33036
4777000	33038
4777500	33045
4778000	33049
4778500	33057
4779000	33061
4779500	33065
4780000	33066
4780500	33069
4781000	33073
4781500	33075
4782000	33077
4782500	33083
4783000	33088
4783500	33095
4784000	33097
4784500	33101
4785000	33105
4785500	33107
4786000	33110
4786500	33115
4787000	33116
4787500	33118
4788000	33120
4788500	33123
4789000	33126
4789500	33132
4790000	33136
4790500	33141
4791000	33147
4791500	33149
4792000	33153
4792500	33157
4793000	33162
4793500	33163
4794000	33167
4794500	33171
4795000	33175
4795500	33178
4796000	33179
4796500	33179
4797000	33180
4797500	33184
4798000	33187
4798500	33191
4799000	33192
4799500	33196
4800000	33199
4800500	33202
4801000	33207
4801500	33211
4802000	33211
4802500	33213
4803000	33217
4803500	33223
4804000	33227
4804500	33233
4805000	33233
4805500	33237
4806000	33242
4806500	33247
4807000	33252
4807500	33254
4808000	33258
4808500	33260
4809000	33263
4809500	33269
4810000	33272
4810500	33275
4811000	33279
4811500	33282
4812000	33285
4812500	33288
4813000	33290
4813500	33293
4814000	33293
4814500	33294
4815000	33300
4815500	33305
4816000	33305
4816500	33308
4817000	33310
4817500	33313
4818000	33316
4818500	33322
4819000	33326
4819500	33335
4820000	33340
4820500	33341
4821000	33342
4821500	33347
4822000	33348
4822500	33351
4823000	33357
4823500	33360
4824000	33363
4824500	33363
4825000	33369
4825500	33378
4826000	33379
4826500	33380
4827000	33380
4827500	33381
4828000	33383
4828500	33387
4829000	33397
4829500	33400
4830000	33406
4830500	33409
4831000	33415
4831500	33418
4832000	33424
4832500	33431
4833000	33433
4833500	33435
4834000	33439
4834500	33444
4835000	33447
4835500	33447
4836000	33449
4836500	33452
4837000	33455
4837500	33456
4838000	33461
4838500	33464
4839000	33467
4839500	33469
4840000	33471
4840500	33476
4841000	33481
4841500	33484
4842000	33487
4842500	33490
4843000	33498
4843500	33501
4844000	33503
4844500	33509
4845000	33511
4845500	33515
4846000	33519
4846500	33522
4847000	33531
4847500	33537
4848000	33541
4848500	33546
4849000	33549
4849500	33551
4850000	33554
4850500	33557
4851000	33561
4851500	33566
4852000	33572
4852500	33575
4853000	33583
4853500	33586
4854000	33590
4854500	33595
4855000	33598
4855500	33607
4856000	33609
4856500	33611
4857000	33615
4857500	33624
4858000	33627
4858500	33630
4859000	33632
4859500	33635
4860000	33636
4860500	33638
4861000	33639
4861500	33642
4862000	33648
4862500	33649
4863000	33657
4863500	33663
4864000	33665
4864500	33667
4865000	33673
4865500	33676
4866000	33678
4866500	33687
4867000	33691
4867500	33691
4868000	33697
4868500	33700
4869000	33701
4869500	33705
4870000	33709
4870500	33710
4871000	33711
4871500	33714
4872000	33716
4872500	33717
4873000	33721
4873500	33726
4874000	33733
4874500	33735
4875000	33737
4875500	33742
4876000	33749
4876500	33752
4877000	33757
4877500	33760
4878000	33765
4878500	33770
4879000	33772
4879500	33777
4880000	33781
4880500	33785
4881000	33787
4881500	33789
4882000	33795
4882500	33798
4883000	33802
4883500	33802
4884000	33806
4884500	33810
4885000	33813
4885500	33820
4886000	33822
4886500	33823
4887000	33827
4887500	33831
4888000	33834
4888500	33837
4889000	33839
4889500	33844
4890000	33846
4890500	33849
4891000	33849
4891500	33851
4892000	33855
4892500	33857
4893000	33863
4893500	33866
4894000	33868
4894500	33872
4895000	33875
4895500	33880
4896000	33880
4896500	33884
4897000	33884
4897500	33890
4898000	33891
4898500	33893
4899000	33898
4899500	33902
4900000	33903
4900500	33906
4901000	33912
4901500	33917
4902000	33920
4902500	33921
4903000	33928
4903500	33930
4904000	33932
4904500	33934
4905000	33937
4905500	33939
4906000	33943
4906500	33947
4907000	33948
4907500	33953
4908000	33957
4908500	33963
4909000	33965
4909500	33966
4910000	33969
4910500	33973
4911000	33976
4911500	33981
4912000	33986
4912500	33991
4913000	33992
4913500	33994
4914000	33996
4914500	33998
4915000	34001
4915500	34006
4916000	34010
4916500	34011
4917000	34011
4917500	34013
4918000	34017
4918500	34024
4919000	34028
4919500	34034
4920000	34036
4920500	34041
4921000	34042
4921500	34044
4922000	34051
4922500	34054
4923000	34059
4923500	34062
4924000	34067
4924500	34069
4925000	34072
4925500	34078
4926000	34081
4926500	34081
4927000	34088
4927500	34091
4928000	34094
4928500	34101
4929000	34104
4929500	34108
4930000	34110
4930500	34112
4931000	34119
4931500	34121
4932000	34122
4932500	34126
4933000	34129
4933500	34133
4934000	34141
4934500	34144
4935000	34144
4935500	34148
4936000	34152
4936500	34154
4937000	34159
4937500	34160
4938000	34167
4938500	34169
4939000	34172
4939500	34176
4940000	34183
4940500	34187
4941000	34190
4941500	34195
4942000	34199
4942500	34202
4943000	34208
4943500	34212
4944000	34216
4944500	34219
4945000	34221
4945500	34225
4946000	34226
4946500	34228
4947000	34232
4947500	34237
4948000	34243
4948500	34247
4949000	34249
4949500	34251
4950000	34253
4950500	34258
4951000	34262
4951500	34263
4952000	34267
4952500	34273
4953000	34278
4953500	34278
4954000	34282
4954500	34289
4955000	34292
4955500	34296
4956000	34299
4956500	34304
4957000	34311
4957500	34318
4958000	34321
4958500	34325
4959000	34327
4959500	34329
4960000	34330
4960500	34332
4961000	34335
4961500	34339
4962000	34346
4962500	34351
4963000	34353
4963500	34356
4964000	34359
4964500	34362
4965000	34362
4965500	34366
4966000	34371
4966500	34372
4967000	34378
4967500	34378
4968000	34379
4968500	34382
4969000	34387
4969500	34390
4970000	34395
4970500	34397
4971000	34399
4971500	34400
4972000	34404
4972500	34407
4973000	34409
4973500	34410
4974000	34414
4974500	34417
4975000	34420
4975500	34427
4976000	34429
4976500	34434
4977000	34438
4977500	34441
4978000	34443
4978500	34444
4979000	34448
4979500	34452
4980000	34455
4980500	34457
4981000	34459
4981500	34464
4982000	34469
4982500	34471
4983000	34475
4983500	34480
4984000	34485
4984500	34487
4985000	34489
4985500	34495
4986000	34499
4986500	34502
4987000	34506
4987500	34510
4988000	34511
4988500	34514
4989000	34517
4989500	34520
4990000	34525
4990500	34528
4991000	34530
4991500	34531
4992000	34535
4992500	34539
4993000	34543
4993500	34544
4994000	34550
4994500	34555
4995000	34558
4995500	34562
4996000	34566
4996500	34570
4997000	34576
4997500	34579
4998000	34580
4998500	34581
4999000	34584
4999500	34587
5000000	34588
5000500	34593
5001000	34595
5001500	34597
5002000	34600
5002500	34601
5003000	34606
5003500	34609
5004000	34612
5004500	34614
5005000	34617
5005500	34621
5006000	34625
5006500	34628
5007000	34632
5007500	34635
5008000	34640
5008500	34645
5009000	34646
5009500	34654
5010000	34656
5010500	34659
5011000	34660
5011500	34665
5012000	34671
5012500	34674
5013000	34678
5013500	34681
5014000	34685
5014500	34689
5015000	34691
5015500	34691
5016000	34693
5016500	34697
5017000	34699
5017500	34703
5018000	34708
5018500	34708
5019000	34710
5019500	34712
5020000	34715
5020500	34719
5021000	34719
5021500	34720
5022000	34724
5022500	34728
5023000	34731
5023500	34731
5024000	34732
5024500	34734
5025000	34735
5025500	34741
5026000	34749
5026500	34754
5027000	34758
5027500	34760
5028000	34764
5028500	34766
5029000	34769
5029500	34771
5030000	34772
5030500	34778
5031000	34778
5031500	34781
5032000	34786
5032500	34791
5033000	34797
5033500	34801
5034000	34805
5034500	34809
5035000	34810
5035500	34818
5036000	34824
5036500	34829
5037000	34833
5037500	34834
5038000	34839
5038500	34843
5039000	34848
5039500	34849
5040000	34851
5040500	34858
5041000	34862
5041500	34863
5042000	34867
5042500	34872
5043000	34877
5043500	34881
5044000	34882
5044500	34885
5045000	34888
5045500	34892
5046000	34897
5046500	34899
5047000	34903
5047500	34905
5048000	34908
5048500	34914
5049000	34915
5049500	34917
5050000	34919
5050500	34922
5051000	34925
5051500	34926
5052000	34930
5052500	34933
5053000	34938
5053500	34938
5054000	34941
5054500	34943
5055000	34947
5055500	34951
5056000	34956
5056500	34957
5057000	34964
5057500	34970
5058000	34970
5058500	34973
5059000	34974
5059500	34979
5060000	34983
5060500	34987
5061000	34997
5061500	34999
5062000	35002
5062500	35006
5063000	35008
5063500	35012
5064000	35013
5064500	35015
5065000	35018
5065500	35023
5066000	35027
5066500	35029
5067000	35033
5067500	35036
5068000	35038
5068500	35038
5069000	35041
5069500	35049
5070000	35053
5070500	35057
5071000	35064
5071500	35068
5072000	35071
5072500	35073
5073000	35074
5073500	35075
5074000	35081
5074500	35085
5075000	35087
5075500	35090
5076000	35095
5076500	35100
5077000	35102
5077500	35103
5078000	35108
5078500	35115
5079000	35117
5079500	35120
5080000	35125
5080500	35129
5081000	35131
5081500	35133
5082000	35135
5082500	35135
5083000	35138
5083500	35141
5084000	35144
5084500	35149
5085000	35154
5085500	35156
5086000	35160
5086500	35164
5087000	35168
5087500	35169
5088000	35171
5088500	35176
5089000	35179
5089500	35183
5090000	35184
5090500	35188
5091000	35194
5091500	35197
5092000	35198
5092500	35200
5093000	35203
5093500	35206
5094000	35210
5094500	35213
5095000	35220
5095500	35228
5096000	35232
5096500	35237
5097000	35240
5097500	35241
5098000	35246
5098500	35251
5099000	35253
5099500	35256
5100000	35259
5100500	35264
5101000	35268
5101500	35273
5102000	35276
5102500	35280
5103000	35281
5103500	35286
5104000	35288
5104500	35290
5105000	35294
5105500	35296
5106000	35301
5106500	35308
5107000	35312
5107500	35317
5108000	35319
5108500	35321
5109000	35325
5109500	35329
5110000	35332
5110500	35334
5111000	35335
5111500	35339
5112000	35342
5112500	35346
5113000	35348
5113500	35352
5114000	35357
5114500	35360
5115000	35365
5115500	35368
5116000	35370
5116500	35372
5117000	35376
5117500	35381
5118000	35384
5118500	35388
5119000	35390
5119500	35392
5120000	35397
5120500	35398
5121000	35402
5121500	35403
5122000	35406
5122500	35408
5123000	35415
5123500	35416
5124000	35420
5124500	35425
5125000	35430
5125500	35434
5126000	35436
5126500	35442
5127000	35443
5127500	35446
5128000	35452
5128500	35454
5129000	35455
5129500	35460
5130000	35461
5130500	35463
5131000	35469
5131500	35476
5132000	35479
5132500	35485
5133000	35489
5133500	35493
5134000	35494
5134500	35496
5135000	35500
5135500	35503
5136000	35508
5136500	35512
5137000	35518
5137500	35519
5138000	35522
5138500	35524
5139000	35534
5139500	35537
5140000	35542
5140500	35542
5141000	35542
5141500	35545
5142000	35546
5142500	35550
5143000	35551
5143500	35554
5144000	35557
5144500	35561
5145000	35564
5145500	35568
5146000	35573
5146500	35577
5147000	35578
5147500	35580
5148000	35583
5148500	35585
5149000	35590
5149500	35591
5150000	35595
5150500	35600
5151000	35608
5151500	35610
5152000	35615
5152500	35622
5153000	35626
5153500	35628
5154000	35633
5154500	35636
5155000	35638
5155500	35639
5156000	35642
5156500	35643
5157000	35644
5157500	35646
5158000	35654
5158500	35655
5159000	35659
5159500	35660
5160000	35665
5160500	35673
5161000	35677
5161500	35682
5162000	35682
5162500	35685
5163000	35687
5163500	35689
5164000	35692
5164500	35698
5165000	35701
5165500	35704
5166000	35708
5166500	35710
5167000	35715
5167500	35720
5168000	35723
5168500	35726
5169000	35733
5169500	35738
5170000	35740
5170500	35741
5171000	35744
5171500	35749
5172000	35749
5172500	35754
5173000	35755
5173500	35761
5174000	35763
5174500	35766
5175000	35769
5175500	35775
5176000	35779
5176500	35780
5177000	35783
5177500	35783
5178000	35786
5178500	35789
5179000	35795
5179500	35797
5180000	35800
5180500	35802
5181000	35808
5181500	35811
5182000	35816
5182500	35819
5183000	35821
5183500	35830
5184000	35831
5184500	35835
5185000	35838
5185500	35840
5186000	35840
5186500	35842
5187000	35846
5187500	35851
5188000	35857
5188500	35861
5189000	35866
5189500	35870
5190000	35870
5190500	35877
5191000	35883
5191500	35885
5192000	35891
5192500	35896
5193000	35899
5193500	35904
5194000	35911
5194500	35914
5195000	35917
5195500	35921
5196000	35928
5196500	35931
5197000	35932
5197500	35935
5198000	35936
5198500	35939
5199000	35946
5199500	35949
5200000	35953
5200500	35957
5201000	35958
5201500	35962
5202000	35968
5202500	35974
5203000	35976
5203500	35977
5204000	35980
5204500	35984
5205000	35986
5205500	35988
5206000	35993
5206500	35996
5207000	35999
5207500	36004
5208000	36009
5208500	36014
5209000	36018
5209500	36023
5210000	36026
5210500	36029
5211000	36035
5211500	36042
5212000	36045
5212500	36053
5213000	36056
5213500	36059
5214000	36065
5214500	36068
5215000	36068
5215500	36071
5216000	36072
5216500	36075
5217000	36082
5217500	36086
5218000	36093
5218500	36098
5219000	36102
5219500	36107
5220000	36115
5220500	36116
5221000	36120
5221500	36127
5222000	36129
5222500	36131
5223000	36131
5223500	36136
5224000	36136
5224500	36143
5225000	36150
5225500	36155
5226000	36157
5226500	36157
5227000	36160
5227500	36165
5228000	36171
5228500	36173
5229000	36176
5229500	36176
5230000	36180
5230500	36182
5231000	36190
5231500	36196
5232000	36199
5232500	36203
5233000	36206
5233500	36210
5234000	36213
5234500	36217
5235000	36219
5235500	36223
5236000	36226
5236500	36229
5237000	36229
5237500	36231
5238000	36233
5238500	36234
5239000	36235
5239500	36240
5240000	36245
5240500	36250
5241000	36255
5241500	36260
5242000	36264
5242500	36270
5243000	36274
5243500	36280
5244000	36282
5244500	36283
5245000	36285
5245500	36289
5246000	36293
5246500	36296
5247000	36298
5247500	36300
5248000	36303
5248500	36306
5249000	36311
5249500	36317
5250000	36322
5250500	36324
5251000	36326
5251500	36328
5252000	36334
5252500	36335
5253000	36338
5253500	36341
5254000	36342
5254500	36345
5255000	36349
5255500	36351
5256000	36354
5256500	36357
5257000	36358
5257500	36364
5258000	36367
5258500	36371
5259000	36373
5259500	36376
5260000	36382
5260500	36389
5261000	36391
5261500	36394
5262000	36398
5262500	36402
5263000	36406
5263500	36407
5264000	36409
5264500	36411
5265000	36415
5265500	36418
5266000	36421
5266500	36422
5267000	36428
5267500	36433
5268000	36436
5268500	36438
5269000	36440
5269500	36443
5270000	36445
5270500	36448
5271000	36452
5271500	36457
5272000	36461
5272500	36463
5273000	36464
5273500	36466
5274000	36471
5274500	36472
5275000	36477
5275500	36482
5276000	36485
5276500	36488
5277000	36491
5277500	36495
5278000	36496
5278500	36497
5279000	36501
5279500	36506
5280000	36508
5280500	36511
5281000	36515
5281500	36520
5282000	36526
5282500	36530
5283000	36534
5283500	36539
5284000	36542
5284500	36546
5285000	36548
5285500	36551
5286000	36557
5286500	36563
5287000	36565
5287500	36568
5288000	36568
5288500	36571
5289000	36578
5289500	36580
5290000	36584
5290500	36587
5291000	36592
5291500	36595
5292000	36597
5292500	36601
5293000	36602
5293500	36605
5294000	36609
5294500	36611
5295000	36615
5295500	36617
5296000	36619
5296500	36621
5297000	36626
5297500	36628
5298000	36630
5298500	36637
5299000	36641
5299500	36641
5300000	36645
5300500	36649
5301000	36653
5301500	36660
5302000	36664
5302500	36667
5303000	36669
5303500	36675
5304000	36683
5304500	36688
5305000	36692
5305500	36695
5306000	36696
5306500	36696
5307000	36703
5307500	36706
5308000	36710
5308500	36713
5309000	36715
5309500	36720
5310000	36721
5310500	36722
5311000	36724
5311500	36726
5312000	36730
5312500	36737
5313000	36742
5313500	36744
5314000	36747
5314500	36751
5315000	36757
5315500	36762
5316000	36762
5316500	36766
5317000	36767
5317500	36771
5318000	36775
5318500	36779
5319000	36785
5319500	36789
5320000	36792
5320500	36795
5321000	36800
5321500	36804
5322000	36805
5322500	36814
5323000	36816
5323500	36820
5324000	36824
5324500	36827
5325000	36830
5325500	36833
5326000	36836
5326500	36838
5327000	36840
5327500	36843
5328000	36844
5328500	36845
5329000	36845
5329500	36848
5330000	36856
5330500	36858
5331000	36861
5331500	36868
5332000	36868
5332500	36873
5333000	36881
5333500	36887
5334000	36890
5334500	36896
5335000	36896
5335500	36901
5336000	36905
5336500	36907
5337000	36911
5337500	36914
5338000	36918
5338500	36921
5339000	36923
5339500	36926
5340000	36929
5340500	36930
5341000	36934
5341500	36939
5342000	36946
5342500	36948
5343000	36950
5343500	36955
5344000	36958
5344500	36960
5345000	36963
5345500	36966
5346000	36969
5346500	36972
5347000	36976
5347500	36978
5348000	36981
5348500	36982
5349000	36987
5349500	36993
5350000	36995
5350500	36999
5351000	37001
5351500	37002
5352000	37006
5352500	37009
5353000	37012
5353500	37016
5354000	37016
5354500	37019
5355000	37024
5355500	37028
5356000	37031
5356500	37036
5357000	37038
5357500	37041
5358000	37044
5358500	37049
5359000	37050
5359500	37052
5360000	37054
5360500	37056
5361000	37059
5361500	37064
5362000	37069
5362500	37075
5363000	37080
5363500	37087
5364000	37089
5364500	37093
5365000	37098
5365500	37104
5366000	37108
5366500	37110
5367000	37114
5367500	37117
5368000	37119
5368500	37123
5369000	37125
5369500	37128
5370000	37132
5370500	37137
5371000	37140
5371500	37140
5372000	37145
5372500	37149
5373000	37155
5373500	37159
5374000	37163
5374500	37167
5375000	37170
5375500	37172
5376000	37175
5376500	37176
5377000	37179
5377500	37181
5378000	37184
5378500	37188
5379000	37193
5379500	37197
5380000	37202
5380500	37204
5381000	37206
5381500	37207
5382000	37212
5382500	37214
5383000	37220
5383500	37222
5384000	37224
5384500	37226
5385000	37234
5385500	37236
5386000	37242
5386500	37247
5387000	37250
5387500	37254
5388000	37257
5388500	37258
5389000	37261
5389500	37268
5390000	37271
5390500	37278
5391000	37280
5391500	37283
5392000	37286
5392500	37289
5393000	37294
5393500	37297
5394000	37302
5394500	37306
5395000	37310
5395500	37312
5396000	37315
5396500	37317
5397000	37319
5397500	37321
5398000	37326
5398500	37329
5399000	37332
5399500	37333
5400000	37333
5400500	37337
5401000	37341
5401500	37345
5402000	37345
5402500	37352
5403000	37357
5403500	37360
5404000	37363
5404500	37365
5405000	37370
5405500	37374
5406000	37379
5406500	37380
5407000	37385
5407500	37386
5408000	37391
5408500	37399
5409000	37402
5409500	37406
5410000	37410
5410500	37414
5411000	37414
5411500	37419
5412000	37426
5412500	37428
5413000	37435
5413500	37439
5414000	37442
5414500	37447
5415000	37450
5415500	37452
5416000	37453
5416500	37456
5417000	37457
5417500	37460
5418000	37462
5418500	37464
5419000	37469
5419500	37470
5420000	37473
5420500	37474
5421000	37476
5421500	37479
5422000	37481
5422500	37484
5423000	37486
5423500	37488
5424000	37492
5424500	37494
5425000	37494
5425500	37498
5426000	37502
5426500	37506
5427000	37508
5427500	37514
5428000	37516
5428500	37520
5429000	37523
5429500	37529
5430000	37530
5430500	37534
5431000	37541
5431500	37542
5432000	37548
5432500	37553
5433000	37558
5433500	37559
5434000	37564
5434500	37565
5435000	37566
5435500	37567
5436000	37571
5436500	37573
5437000	37576
5437500	37584
5438000	37590
5438500	37592
5439000	37597
5439500	37599
5440000	37599
5440500	37604
5441000	37606
5441500	37608
5442000	37611
5442500	37621
5443000	37624
5443500	37624
5444000	37629
5444500	37633
5445000	37636
5445500	37638
5446000	37646
5446500	37648
5447000	37649
5447500	37651
5448000	37653
5448500	37658
5449000	37661
5449500	37666
5450000	37667
5450500	37669
5451000	37675
5451500	37677
5452000	37681
5452500	37682
5453000	37682
5453500	37686
5454000	37689
5454500	37693
5455000	37694
5455500	37697
5456000	37700
5456500	37703
5457000	37704
5457500	37707
5458000	37708
5458500	37712
5459000	37714
5459500	37720
5460000	37722
5460500	37724
5461000	37728
5461500	37732
5462000	37735
5462500	37735
5463000	37740
5463500	37740
5464000	37744
5464500	37747
5465000	37753
5465500	37759
5466000	37762
5466500	37765
5467000	37768
5467500	37768
5468000	37772
5468500	37777
5469000	37781
5469500	37784
5470000	37786
5470500	37787
5471000	37793
5471500	37794
5472000	37799
5472500	37806
5473000	37810
5473500	37812
5474000	37816
5474500	37820
5475000	37825
5475500	37831
5476000	37834
5476500	37837
5477000	37841
5477500	37842
5478000	37847
5478500	37850
5479000	37854
5479500	37856
5480000	37856
5480500	37862
5481000	37862
5481500	37869
5482000	37870
5482500	37872
5483000	37878
5483500	37879
5484000	37880
5484500	37882
5485000	37886
5485500	37889
5486000	37890
5486500	37894
5487000	37898
5487500	37901
5488000	37903
5488500	37910
5489000	37913
5489500	37918
5490000	37921
5490500	37923
5491000	37925
5491500	37930
5492000	37935
5492500	37939
5493000	37940
5493500	37946
5494000	37953
5494500	37954
5495000	37960
5495500	37962
5496000	37967
5496500	37974
5497000	37976
5497500	37977
5498000	37979
5498500	37984
5499000	37987
5499500	37992
5500000	37993
5500500	37996
5501000	37997
5501500	38001
5502000	38004
5502500	38006
5503000	38011
5503500	38016
5504000	38022
5504500	38023
5505000	38026
5505500	38032
5506000	38036
5506500	38038
5507000	38044
5507500	38049
5508000	38050
5508500	38051
5509000	38055
5509500	38059
5510000	38061
5510500	38064
5511000	38072
5511500	38074
5512000	38080
5512500	38081
5513000	38088
5513500	38092
5514000	38094
5514500	38097
5515000	38099
5515500	38103
5516000	38107
5516500	38111
5517000	38113
5517500	38115
5518000	38119
5518500	38123
5519000	38127
5519500	38135
5520000	38139
5520500	38145
5521000	38149
5521500	38150
5522000	38153
5522500	38156
5523000	38158
5523500	38162
5524000	38165
5524500	38171
5525000	38180
5525500	38181
5526000	38182
5526500	38184
5527000	38184
5527500	38187
5528000	38189
5528500	38195
5529000	38197
5529500	38201
5530000	38207
5530500	38211
5531000	38216
5531500	38224
5532000	38228
5532500	38233
5533000	38235
5533500	38237
5534000	38246
5534500	38249
5535000	38253
5535500	38257
5536000	38260
5536500	38264
5537000	38269
5537500	38271
5538000	38273
5538500	38277
5539000	38282
5539500	38286
5540000	38290
5540500	38295
5541000	38300
5541500	38304
5542000	38308
5542500	38314
5543000	38316
5543500	38324
5544000	38326
5544500	38331
5545000	38335
5545500	38340
5546000	38344
5546500	38346
5547000	38351
5547500	38353
5548000	38357
5548500	38359
5549000	38363
5549500	38367
5550000	38373
5550500	38377
5551000	38383
5551500	38383
5552000	38388
5552500	38394
5553000	38395
5553500	38397
5554000	38403
5554500	38405
5555000	38406
5555500	38406
5556000	38411
5556500	38418
5557000	38420
5557500	38426
5558000	38429
5558500	38435
5559000	38441
5559500	38447
5560000	38453
5560500	38456
5561000	38460
5561500	38463
5562000	38465
5562500	38471
5563000	38475
5563500	38478
5564000	38482
5564500	38485
5565000	38487
5565500	38497
5566000	38501
5566500	38502
5567000	38504
5567500	38508
5568000	38509
5568500	38515
5569000	38522
5569500	38524
5570000	38525
5570500	38527
5571000	38531
5571500	38535
5572000	38537
5572500	38542
5573000	38548
5573500	38552
5574000	38552
5574500	38556
5575000	38558
5575500	38564
5576000	38571
5576500	38574
5577000	38576
5577500	38577
5578000	38579
5578500	38581
5579000	38583
5579500	38586
5580000	38588
5580500	38588
5581000	38595
5581500	38597
5582000	38600
5582500	38605
5583000	38606
5583500	38613
5584000	38617
5584500	38619
5585000	38621
5585500	38623
5586000	38623
5586500	38627
5587000	38637
5587500	38640
5588000	38642
5588500	38644
5589000	38648
5589500	38649
5590000	38651
5590500	38656
5591000	38662
5591500	38667
5592000	38668
5592500	38671
5593000	38674
5593500	38679
5594000	38681
5594500	38682
5595000	38684
5595500	38685
5596000	38687
5596500	38692
5597000	38694
5597500	38697
5598000	38701
5598500	38704
5599000	38711
5599500	38714
5600000	38717
5600500	38721
5601000	38725
5601500	38727
5602000	38729
5602500	38733
5603000	38741
5603500	38745
5604000	38748
5604500	38755
5605000	38761
5605500	38763
5606000	38766
5606500	38770
5607000	38772
5607500	38774
5608000	38776
5608500	38780
5609000	38784
5609500	38788
5610000	38790
5610500	38797
5611000	38798
5611500	38803
5612000	38811
5612500	38816
5613000	38820
5613500	38825
5614000	38826
5614500	38831
5615000	38837
5615500	38839
5616000	38840
5616500	38843
5617000	38845
5617500	38848
5618000	38852
5618500	38856
5619000	38856
5619500	38858
5620000	38861
5620500	38863
5621000	38866
5621500	38868
5622000	38870
5622500	38872
5623000	38876
5623500	38880
5624000	38883
5624500	38884
5625000	38885
5625500	38888
5626000	38893
5626500	38898
5627000	38903
5627500	38907
5628000	38913
5628500	38915
5629000	38921
5629500	38930
5630000	38934
5630500	38935
5631000	38936
5631500	38940
5632000	38942
5632500	38945
5633000	38953
5633500	38959
5634000	38961
5634500	38965
5635000	38967
5635500	38970
5636000	38976
5636500	38978
5637000	38979
5637500	38989
5638000	38990
5638500	38994
5639000	38999
5639500	39005
5640000	39008
5640500	39013
5641000	39014
5641500	39018
5642000	39023
5642500	39025
5643000	39026
5643500	39027
5644000	39029
5644500	39033
5645000	39040
5645500	39041
5646000	39042
5646500	39045
5647000	39048
5647500	39050
5648000	39056
5648500	39058
5649000	39060
5649500	39064
5650000	39067
5650500	39073
5651000	39080
5651500	39085
5652000	39089
5652500	39092
5653000	39097
5653500	39097
5654000	39098
5654500	39101
5655000	39108
5655500	39110
5656000	39114
5656500	39118
5657000	39122
5657500	39129
5658000	39131
5658500	39133
5659000	39136
5659500	39140
5660000	39141
5660500	39145
5661000	39148
5661500	39152
5662000	39154
5662500	39159
5663000	39160
5663500	39167
5664000	39171
5664500	39175
5665000	39182
5665500	39183
5666000	39186
5666500	39191
5667000	39191
5667500	39196
5668000	39198
5668500	39203
5669000	39207
5669500	39209
5670000	39218
5670500	39222
5671000	39223
5671500	39229
5672000	39236
5672500	39238
5673000	39245
5673500	39246
5674000	39247
5674500	39250
5675000	39255
5675500	39257
5676000	39262
5676500	39265
5677000	39266
5677500	39272
5678000	39276
5678500	39279
5679000	39280
5679500	39284
5680000	39286
5680500	39290
5681000	39292
5681500	39294
5682000	39297
5682500	39304
5683000	39310
5683500	39312
5684000	39314
5684500	39315
5685000	39323
5685500	39324
5686000	39327
5686500	39328
5687000	39328
5687500	39329
5688000	39333
5688500	39337
5689000	39340
5689500	39342
5690000	39343
5690500	39346
5691000	39351
5691500	39354
5692000	39356
5692500	39361
5693000	39365
5693500	39369
5694000	39372
5694500	39375
5695000	39377
5695500	39381
5696000	39383
5696500	39389
5697000	39398
5697500	39399
5698000	39404
5698500	39405
5699000	39408
5699500	39413
5700000	39416
5700500	39421
5701000	39423
5701500	39427
5702000	39433
5702500	39438
5703000	39444
5703500	39451
5704000	39453
5704500	39456
5705000	39460
5705500	39467
5706000	39469
5706500	39473
5707000	39479
5707500	39480
5708000	39482
5708500	39489
5709000	39494
5709500	39498
5710000	39504
5710500	39508
5711000	39510
5711500	39514
5712000	39515
5712500	39519
5713000	39524
5713500	39526
5714000	39527
5714500	39535
5715000	39537
5715500	39537
5716000	39541
5716500	39547
5717000	39551
5717500	39552
5718000	39554
5718500	39556
5719000	39561
5719500	39561
5720000	39567
5720500	39570
5721000	39575
5721500	39582
5722000	39584
5722500	39590
5723000	39593
5723500	39596
5724000	39602
5724500	39605
5725000	39607
5725500	39611
5726000	39614
5726500	39617
5727000	39620
5727500	39623
5728000	39625
5728500	39629
5729000	39634
5729500	39640
5730000	39645
5730500	39650
5731000	39652
5731500	39654
5732000	39658
5732500	39661
5733000	39668
5733500	39677
5734000	39681
5734500	39687
5735000	39687
5735500	39690
5736000	39695
5736500	39698
5737000	39698
5737500	39702
5738000	39705
5738500	39710
5739000	39715
5739500	39721
5740000	39728
5740500	39729
5741000	39732
5741500	39735
5742000	39739
5742500	39745
5743000	39748
5743500	39752
5744000	39757
5744500	39764
5745000	39767
5745500	39773
5746000	39776
5746500	39784
5747000	39784
5747500	39787
5748000	39790
5748500	39794
5749000	39798
5749500	39804
5750000	39808
5750500	39812
5751000	39816
5751500	39821
5752000	39824
5752500	39829
5753000	39830
5753500	39836
5754000	39837
5754500	39841
5755000	39845
5755500	39846
5756000	39853
5756500	39857
5757000	39859
5757500	39861
5758000	39866
5758500	39870
5759000	39874
5759500	39876
5760000	39881
5760500	39886
5761000	39893
5761500	39899
5762000	39901
5762500	39904
5763000	39908
5763500	39911
5764000	39917
5764500	39922
5765000	39925
5765500	39929
5766000	39931
5766500	39933
5767000	39936
5767500	39941
5768000	39944
5768500	39949
5769000	39950
5769500	39950
5770000	39952
5770500	39955
5771000	39964
5771500	39969
5772000	39974
5772500	39978
5773000	39979
5773500	39986
5774000	39991
5774500	39995
5775000	40000
5775500	40000
5776000	40000
5776500	40002
5777000	40004
5777500	40008
5778000	40014
5778500	40019
5779000	40021
5779500	40025
5780000	40032
5780500	40034
5781000	40034
5781500	40035
5782000	40036
5782500	40041
5783000	40043
5783500	40047
5784000	40052
5784500	40054
5785000	40061
5785500	40066
5786000	40067
5786500	40074
5787000	40076
5787500	40085
5788000	40086
5788500	40089
5789000	40091
5789500	40095
5790000	40099
5790500	40101
5791000	40102
5791500	40108
5792000	40112
5792500	40114
5793000	40117
5793500	40119
5794000	40122
5794500	40128
5795000	40135
5795500	40138
5796000	40143
5796500	40147
5797000	40148
5797500	40151
5798000	40159
5798500	40163
5799000	40164
5799500	40167
5800000	40169
5800500	40173
5801000	40177
5801500	40180
5802000	40181
5802500	40188
5803000	40191
5803500	40195
5804000	40196
5804500	40197
5805000	40199
5805500	40203
5806000	40205
5806500	40209
5807000	40214
5807500	40222
5808000	40225
5808500	40231
5809000	40234
5809500	40235
5810000	40238
5810500	40240
5811000	40244
5811500	40249
5812000	40255
5812500	40256
5813000	40260
5813500	40261
5814000	40262
5814500	40264
5815000	40268
5815500	40271
5816000	40273
5816500	40276
5817000	40282
5817500	40287
5818000	40288
5818500	40291
5819000	40295
5819500	40296
5820000	40299
5820500	40305
5821000	40308
5821500	40310
5822000	40316
5822500	40319
5823000	40324
5823500	40328
5824000	40332
5824500	40334
5825000	40335
5825500	40339
5826000	40340
5826500	40342
5827000	40345
5827500	40349
5828000	40351
5828500	40355
5829000	40358
5829500	40360
5830000	40364
5830500	40365
5831000	40368
5831500	40370
5832000	40372
5832500	40375
5833000	40377
5833500	40381
5834000	40382
5834500	40383
5835000	40387
5835500	40389
5836000	40393
5836500	40395
5837000	40399
5837500	40405
5838000	40410
5838500	40414
5839000	40419
5839500	40422
5840000	40429
5840500	40434
5841000	40440
5841500	40446
5842000	40450
5842500	40452
5843000	40457
5843500	40461
5844000	40465
5844500	40465
5845000	40465
5845500	40470
5846000	40471
5846500	40475
5847000	40479
5847500	40480
5848000	40484
5848500	40486
5849000	40488
5849500	40491
5850000	40497
5850500	40503
5851000	40503
5851500	40508
5852000	40513
5852500	40516
5853000	40520
5853500	40523
5854000	40525
5854500	40527
5855000	40530
5855500	40532
5856000	40533
5856500	40536
5857000	40537
5857500	40541
5858000	40545
5858500	40548
5859000	40550
5859500	40555
5860000	40561
5860500	40567
5861000	40568
5861500	40571
5862000	40572
5862500	40576
5863000	40578
5863500	40583
5864000	40584
5864500	40586
5865000	40598
5865500	40599
5866000	40599
5866500	40601
5867000	40602
5867500	40609
5868000	40615

