Contacts	TotalForwards
0.0	0
7144800.0	3552
9046800.0	4503
4261200.0	2078
762000.0	442
1.4814E7	6025
1.21926E7	5079
6882600.0	3538
1.2717E7	5281
9571200.0	4534
3572400.0	1690
2130600.0	1058
1524000.0	803
1.53384E7	6250
1.00956E7	4539
1.37652E7	5629
4785600.0	2419
1.06194E7	4660
7669200.0	3916
1.11438E7	4808
1.63866E7	6529
5047800.0	2665
2392800.0	1119
4523400.0	2216
1.42896E7	5835
8522400.0	4381
381000.0	41
3834600.0	1888
7407000.0	3801
1.16682E7	4930
2785800.0	1329
1196400.0	618
5833800.0	2988
1.53378E7	6250
1.27164E7	5281
9570600.0	4534
1.2192E7	5079
1.0095E7	4539
5571600.0	2909
598200.0	216
1.32408E7	5445
1.58622E7	6387
1.11432E7	4808
1786200.0	882
6620400.0	3423
1.4289E7	5835
3048000.0	1417
8521800.0	4381
1.16676E7	4930
3310200.0	1579
6358200.0	3333
9046200.0	4503
6096000.0	3165
1.48134E7	6025
1.1145E7	4808
1.42908E7	5835
8523600.0	4381
1.37664E7	5629
6621000.0	3423
3179400.0	1495
1.48152E7	6025
1.16694E7	4930
9048000.0	4503
6358800.0	3333
1458600.0	774
7407600.0	3801
1.58634E7	6387
4524000.0	2219
3441600.0	1621
1.00962E7	4539
1.27176E7	5282
2048400.0	1024
3703800.0	1802
1.06206E7	4660
1.63878E7	6529
7145400.0	3552
2262000.0	1063
4261800.0	2078
6883200.0	3538
1.3242E7	5446
1024200.0	522
2655000.0	1287
1.42902E7	5835
1131000.0	544
860400.0	482
9047400.0	4503
1.16688E7	4930
5572200.0	2909
8193600.0	4247
1.21932E7	5079
1.5339E7	6250
5310000.0	2726
9571800.0	4534
1720800.0	823
7931400.0	4078
1.48146E7	6025
4096800.0	1986
6096600.0	3165
1.062E7	4660
1.58628E7	6387
2917200.0	1337
1.32414E7	5446
430200.0	42
5834400.0	2988
8523000.0	4381
1.11444E7	4808
1.37658E7	5629
1.63872E7	6529
5046600.0	2665
1.37634E7	5629
1.06176E7	4660
3834000.0	1886
2392200.0	1119
7930200.0	4078
1.1142E7	4808
1.63848E7	6529
8520600.0	4381
7668000.0	3916
4784400.0	2417
1065000.0	525
1.16664E7	4930
1.42878E7	5835
2654400.0	1287
1.27146E7	5281
1.5336E7	6250
9568800.0	4534
1654800.0	816
5833200.0	2988
4096200.0	1986
1.00932E7	4539
1.3239E7	5445
5308800.0	2726
1.58604E7	6385
827400.0	482
2916600.0	1337
5571000.0	2909
8192400.0	4247
663600.0	379
6881400.0	3538
1.11414E7	4808
1.42872E7	5835
8520000.0	4381
6619200.0	3423
1327200.0	696
1.48116E7	6025
9044400.0	4503
1.16658E7	4930
1.21902E7	5078
3309600.0	1579
6357000.0	3333
1.00926E7	4539
1.58598E7	6385
7405800.0	3801
3571800.0	1689
4522200.0	2215
2130000.0	1058
1.2714E7	5281
1.0617E7	4660
331800.0	40
1.37628E7	5628
1917000.0	941
1.63842E7	6529
7143600.0	3552
4260000.0	2077
1.32384E7	5442
1.58616E7	6385
7668600.0	3916
4785000.0	2417
1.00944E7	4539
1.27158E7	5281
7406400.0	3801
2261400.0	1062
1.06188E7	4660
1.37646E7	5629
1.6386E7	6529
1.32402E7	5445
7144200.0	3552
3703200.0	1802
4522800.0	2216
1589400.0	804
1.1667E7	4930
3965400.0	1976
5309400.0	2726
8193000.0	4247
1.42884E7	5835
2523600.0	1181
9045600.0	4503
7930800.0	4078
1.21914E7	5078
1.53372E7	6250
9570000.0	4534
5047200.0	2665
1.48128E7	6025
6357600.0	3333
1.63854E7	6529
1.06182E7	4660
1.32396E7	5445
1.5861E7	6385
3178800.0	1495
1261800.0	661
1.11426E7	4808
6095400.0	3165
8521200.0	4381
1.3764E7	5629
9045000.0	4503
1.48122E7	6025
1851600.0	923
9569400.0	4534
1.21908E7	5078
4260600.0	2078
6882000.0	3538
1.27152E7	5281
925800.0	521
3441000.0	1621
1.00938E7	4539
1.53366E7	6250
6619800.0	3423
8526600.0	4381
2524800.0	1185
5574000.0	2909
3966600.0	1976
1.16724E7	4930
8195400.0	4247
9051000.0	4503
1.42938E7	5835
5049600.0	2666
1852200.0	923
2787000.0	1332
5311800.0	2726
7933200.0	4079
9575400.0	4534
1.21968E7	5082
1.48182E7	6025
1.3245E7	5450
1.00992E7	4539
1.06236E7	4660
1.58664E7	6387
6098400.0	3166
1.1148E7	4808
5836200.0	2988
1.37694E7	5629
1.63908E7	6529
3049200.0	1421
7146600.0	3552
157800.0	9
1.48176E7	6025
9050400.0	4503
3442200.0	1621
4263000.0	2080
1.21962E7	5082
1524600.0	803
9574800.0	4534
315600.0	40
1.27206E7	5283
6884400.0	3538
1.5342E7	6250
4787400.0	2423
631200.0	275
3704400.0	1802
2262600.0	1063
1.37688E7	5629
1.0623E7	4660
1.63902E7	6529
7671000.0	3916
66600.0	1
1.42932E7	5835
1262400.0	661
7408800.0	3801
1.11474E7	4808
4525200.0	2219
8526000.0	4381
1.16718E7	4930
1.06248E7	4660
3835800.0	1906
7933800.0	4079
5050200.0	2666
1.37706E7	5629
1.6392E7	6529
2394000.0	1119
1786800.0	882
1.4295E7	5835
7671600.0	3916
8527800.0	4381
1.11492E7	4809
4788000.0	2423
893400.0	518
2656200.0	1287
1.53432E7	6253
1.21974E7	5082
4098000.0	1986
5574600.0	2909
9576000.0	4534
5312400.0	2726
1.58676E7	6387
1.01004E7	4539
1.32462E7	5451
8196000.0	4247
1.27218E7	5287
1.11486E7	4809
1.377E7	5629
8527200.0	4381
6622800.0	3423
1.48188E7	6025
1.1673E7	4931
2049000.0	1024
9051600.0	4503
1.42944E7	5835
3311400.0	1582
6360600.0	3333
1.5867E7	6387
7409400.0	3801
1.00998E7	4539
4525800.0	2219
7147200.0	3552
2131800.0	1058
1.53426E7	6253
1.27212E7	5285
1.63914E7	6529
6885000.0	3538
1197000.0	618
3573600.0	1692
4263600.0	2082
1.06242E7	4660
1.32456E7	5450
1.32432E7	5448
6359400.0	3333
1393200.0	715
1.06218E7	4660
3048600.0	1419
1.58646E7	6387
696600.0	389
6097200.0	3165
1.37676E7	5629
1.11462E7	4808
1.6389E7	6529
3310800.0	1582
9048600.0	4503
1983000.0	976
1.21944E7	5082
1.48158E7	6025
6883800.0	3538
6621600.0	3423
1.27188E7	5282
9573000.0	4534
1.53402E7	6250
1.00974E7	4539
1.3767E7	5629
7932000.0	4078
1.06212E7	4660
5048400.0	2665
1.63884E7	6529
1655400.0	816
1.42914E7	5835
4786200.0	2423
8524200.0	4381
1.11456E7	4808
3966000.0	1976
2524200.0	1184
7669800.0	3916
1.167E7	4930
9572400.0	4534
5572800.0	2909
1.21938E7	5081
1.27182E7	5282
1.53396E7	6250
5835000.0	2988
1.32426E7	5446
2786400.0	1329
5310600.0	2726
1.5864E7	6387
1.00968E7	4539
8194200.0	4247
133200.0	9
5835600.0	2988
9574200.0	4534
1.21956E7	5082
1.53414E7	6250
1327800.0	697
958800.0	522
266400.0	33
2917800.0	1337
5573400.0	2909
1.00986E7	4539
1.32444E7	5450
1.58658E7	6387
1.272E7	5282
1917600.0	941
532800.0	59
1.11468E7	4808
1.42926E7	5835
6622200.0	3423
6360000.0	3333
8525400.0	4381
1.37682E7	5629
1065600.0	526
1.4817E7	6025
1.16712E7	4930
6097800.0	3165
3180000.0	1495
9049800.0	4503
479400.0	45
2131200.0	1058
1.58652E7	6387
1590000.0	804
1.0098E7	4539
1.27194E7	5282
1.53408E7	6250
4786800.0	2423
7408200.0	3801
3573000.0	1691
4262400.0	2078
1.63896E7	6529
795000.0	475
1.32438E7	5448
1.06224E7	4660
2393400.0	1119
4524600.0	2219
7146000.0	3552
8524800.0	4381
8194800.0	4247
5311200.0	2726
3835200.0	1891
9049200.0	4503
1.16706E7	4930
1.4292E7	5835
7932600.0	4079
1.2195E7	5082
4097400.0	1986
5049000.0	2666
2655600.0	1287
7670400.0	3916
9573600.0	4534
1.48164E7	6025
3181200.0	1495
1.11522E7	4810
8530800.0	4381
1.37736E7	5629
6624600.0	3423
6362400.0	3333
1.16766E7	4936
1.4298E7	5835
9055200.0	4503
1.27248E7	5289
1328400.0	697
7149000.0	3552
4527600.0	2220
3443400.0	1621
1.01034E7	4539
1.53462E7	6253
1.6395E7	6529
664200.0	379
2263800.0	1063
4265400.0	2086
6886800.0	3538
1.06278E7	4660
1.32492E7	5454
1.58706E7	6387
8530200.0	4381
5313600.0	2726
1.1676E7	4936
5575800.0	2911
8197200.0	4247
1.42974E7	5835
9054600.0	4503
5051400.0	2667
2656800.0	1287
7935000.0	4079
1.48218E7	6026
4098600.0	1986
9579000.0	4534
1.22004E7	5084
1.01028E7	4539
1.32486E7	5454
1.587E7	6387
2919000.0	1337
6100200.0	3166
1590600.0	804
1.3773E7	5629
1.06272E7	4660
5838000.0	2988
1.11516E7	4809
1.63944E7	6529
1.01046E7	4539
1.32504E7	5456
6363000.0	3333
6100800.0	3167
1.58718E7	6387
231600.0	28
1.37748E7	5629
5838600.0	2988
1.0629E7	4660
3050400.0	1421
1.11534E7	4813
1.63962E7	6529
463200.0	45
6887400.0	3538
1.16772E7	4937
3312600.0	1582
9055800.0	4503
1.4823E7	6026
1263000.0	661
926400.0	521
1.53474E7	6253
6625200.0	3423
1.2726E7	5291
9580200.0	4534
1.22016E7	5089
1852800.0	923
7935600.0	4079
1.06284E7	4660
1.37742E7	5629
1.63956E7	6529
11400.0	0
1.32498E7	5454
5052000.0	2667
3705600.0	1802
1.11528E7	4813
3967800.0	1976
7673400.0	3916
22800.0	0
1.42986E7	5835
4789800.0	2425
8531400.0	4381
2526000.0	1188
7411200.0	3801
5576400.0	2911
1.2201E7	5086
1.53468E7	6253
45600.0	1
1525200.0	803
9579600.0	4534
1.48224E7	6026
2788200.0	1332
5314200.0	2726
1.58712E7	6387
8197800.0	4247
91200.0	1
762600.0	442
1.0104E7	4539
1.27254E7	5289
4526400.0	2219
1721400.0	823
182400.0	14
7410000.0	3801
4788600.0	2424
1.01016E7	4539
1.2723E7	5287
1.53444E7	6253
2263200.0	1063
1.63932E7	6529
4264200.0	2083
364800.0	40
3705000.0	1802
1.32474E7	5452
7147800.0	3552
1.0626E7	4660
1.58688E7	6387
8196600.0	4247
8528400.0	4381
729600.0	442
1.16742E7	4933
1.42956E7	5835
5313000.0	2726
7934400.0	4079
2525400.0	1188
9052800.0	4503
1459200.0	774
1.482E7	6026
9577200.0	4534
3967200.0	1976
1.21986E7	5083
5050800.0	2666
7672200.0	3916
1.0101E7	4539
1.32468E7	5451
6361200.0	3333
2918400.0	1337
1.06254E7	4660
1.58682E7	6387
1983600.0	976
1.37712E7	5629
3180600.0	1495
5836800.0	2988
1.11498E7	4809
6099000.0	3166
1.63926E7	6529
991800.0	522
1131600.0	544
6885600.0	3538
9052200.0	4503
1.48194E7	6026
1.16736E7	4932
1.2198E7	5083
565800.0	187
9576600.0	4534
3442800.0	1621
6623400.0	3423
1.27224E7	5287
1.53438E7	6253
115800.0	7
1.48212E7	6026
7148400.0	3552
9054000.0	4503
1.16754E7	4934
4264800.0	2083
1.21998E7	5084
3312000.0	1582
6886200.0	3538
1.27242E7	5289
1.53456E7	6253
9578400.0	4534
3574200.0	1692
2132400.0	1058
6624000.0	3423
1.06266E7	4660
1.37724E7	5629
7672800.0	3916
4789200.0	2424
1.63938E7	6529
1.3248E7	5453
3836400.0	1910
2394600.0	1119
7410600.0	3801
1.1151E7	4809
4527000.0	2219
1.42968E7	5835
8529600.0	4381
1393800.0	717
5837400.0	2988
1.5345E7	6253
1.21992E7	5083
1918200.0	942
207000.0	26
9577800.0	4534
2787600.0	1332
1.01022E7	4539
1.58694E7	6387
414000.0	42
1.27236E7	5287
5575200.0	2909
3049800.0	1421
1066200.0	526
828000.0	482
1.37718E7	5629
6361800.0	3333
8529000.0	4381
1.11504E7	4809
1.16748E7	4934
6099600.0	3166
1.48206E7	6026
1656000.0	816
9053400.0	4503
1.42962E7	5835
1066800.0	526
7937400.0	4080
1.63992E7	6529
5053800.0	2668
1.32534E7	5459
1.0632E7	4660
7675200.0	3916
2395800.0	1119
533400.0	59
1.11564E7	4817
1.43022E7	5835
8535000.0	4381
1.37778E7	5629
3837600.0	1914
4791600.0	2428
7413000.0	3801
1.22046E7	5092
1656600.0	816
4099800.0	1986
5578200.0	2911
2658000.0	1287
9583200.0	4534
1.4826E7	6026
1.58748E7	6387
8199600.0	4247
1.01076E7	4539
5316000.0	2726
1.2729E7	5295
1.53504E7	6253
6626400.0	3423
1.37772E7	5629
1.11558E7	4817
1.63986E7	6529
8534400.0	4381
3313200.0	1583
6364200.0	3333
1329000.0	697
9058800.0	4503
1.16802E7	4941
1.43016E7	5835
4267200.0	2086
1.27284E7	5295
9582600.0	4534
1.53498E7	6253
1.0107E7	4539
1918800.0	942
4529400.0	2220
7150800.0	3554
2133600.0	1058
1.32528E7	5457
1.06314E7	4660
6888600.0	3538
959400.0	522
1.58742E7	6387
3575400.0	1693
9584400.0	4534
1.27302E7	5295
7413600.0	3801
4530000.0	2220
795600.0	475
1.53516E7	6253
1.32546E7	5460
7151400.0	3554
1.01088E7	4539
3706800.0	1802
2265000.0	1063
4267800.0	2086
1591200.0	804
1.06332E7	4660
1.5876E7	6387
1.43028E7	5835
5054400.0	2669
1.1157E7	4817
8535600.0	4381
1.16814E7	4944
5316600.0	2726
7938000.0	4080
4792200.0	2429
2527200.0	1190
1.48272E7	6026
9060000.0	4503
397800.0	41
3969000.0	1976
1.22058E7	5093
7675800.0	3916
2920200.0	1337
1263600.0	661
6102600.0	3167
1.01082E7	4539
1.3254E7	5459
1.58754E7	6387
1.27296E7	5295
5840400.0	2988
631800.0	275
1.37784E7	5629
1.06326E7	4660
1.63998E7	6529
1.48266E7	6026
1.16808E7	4943
1853400.0	923
6889200.0	3538
3182400.0	1495
9059400.0	4503
9583800.0	4534
1.22052E7	5092
3444600.0	1621
1.5351E7	6253
6627000.0	3423
6364800.0	3333
1.22028E7	5092
598800.0	216
1.53486E7	6253
9581400.0	4534
1.48242E7	6026
5839200.0	2988
4099200.0	1986
1197600.0	618
1.5873E7	6387
1.01058E7	4539
1.27272E7	5294
2919600.0	1337
5577000.0	2911
8198400.0	4247
6363600.0	3333
8532600.0	4381
1.1154E7	4813
1.37754E7	5629
1.63968E7	6529
6101400.0	3167
299400.0	40
1787400.0	882
1.42998E7	5835
3181800.0	1495
9057000.0	4503
1.16784E7	4937
1.27266E7	5294
9580800.0	4534
3574800.0	1692
4528200.0	2220
2133000.0	1058
1.5348E7	6253
7411800.0	3801
1.01052E7	4539
256200.0	28
7149600.0	3552
4266000.0	2086
1.06296E7	4660
1.58724E7	6387
1.3251E7	5456
512400.0	45
2395200.0	1119
1.42992E7	5835
8532000.0	4381
5314800.0	2726
3837000.0	1913
1.16778E7	4937
7936200.0	4079
1459800.0	774
1024800.0	522
4790400.0	2425
9056400.0	4503
2657400.0	1287
7674000.0	3916
1.48236E7	6026
1.22022E7	5092
5052600.0	2667
2049600.0	1024
1.4301E7	5835
8533800.0	4381
1.11552E7	4817
3968400.0	1976
5315400.0	2726
2526600.0	1188
1.16796E7	4941
8199000.0	4247
9058200.0	4503
7936800.0	4079
5053200.0	2667
1132200.0	549
1.2204E7	5092
1.48254E7	6026
1.32522E7	5457
2788800.0	1332
1.58736E7	6387
1.01064E7	4539
1722000.0	823
6102000.0	3167
1.37766E7	5629
5577600.0	2911
1.06308E7	4660
5839800.0	2988
1.6398E7	6529
861000.0	482
3051000.0	1421
1.48248E7	6026
697200.0	390
7150200.0	3554
1.1679E7	4937
9057600.0	4503
4266600.0	2086
6888000.0	3538
9582000.0	4534
1394400.0	720
1.22034E7	5092
1.27278E7	5295
1.53492E7	6253
3444000.0	1621
6625800.0	3423
3706200.0	1802
1.06302E7	4660
4791000.0	2428
1.63974E7	6529
7674600.0	3916
2264400.0	1063
1.32516E7	5456
7412400.0	3801
1.11546E7	4814
348600.0	40
1.43004E7	5835
1984200.0	976
4528800.0	2220
8533200.0	4381
1.3776E7	5629
141600.0	9
6104400.0	3167
1.01118E7	4539
1.5879E7	6388
1.27332E7	5299
1395000.0	720
992400.0	522
5842200.0	2988
283200.0	36
1.06362E7	4660
3052200.0	1421
1.3782E7	5629
1.64034E7	6529
1.32576E7	5461
1984800.0	976
1.16844E7	4946
566400.0	187
1.48302E7	6028
6891000.0	3538
6628800.0	3423
9063000.0	4503
1.43058E7	5835
1.53546E7	6253
1132800.0	549
1.22088E7	5094
3314400.0	1592
6366600.0	3333
9587400.0	4534
496200.0	45
2265600.0	1063
1.64028E7	6529
3707400.0	1802
1657200.0	816
1.3257E7	5461
1.06356E7	4660
1.58784E7	6388
5055600.0	2669
7677000.0	3916
4531200.0	2220
7414800.0	3801
828600.0	482
1.37814E7	5629
4793400.0	2430
8538600.0	4381
1.116E7	4820
2527800.0	1190
9062400.0	4503
1.48296E7	6027
9586800.0	4534
5580000.0	2911
3969600.0	1976
1.22082E7	5094
8201400.0	4247
2790000.0	1332
5317800.0	2726
7939200.0	4080
1.01112E7	4539
1.27326E7	5299
1.5354E7	6253
9064200.0	4503
2659200.0	1287
1.48314E7	6028
5842800.0	2988
4101000.0	1986
9588600.0	4534
1.221E7	5094
1.27344E7	5299
5318400.0	2726
1919400.0	942
2921400.0	1337
5580600.0	2911
8202000.0	4247
1.0113E7	4539
1.53558E7	6253
6367200.0	3333
1.37826E7	5629
1.06368E7	4660
1.11612E7	4824
1.6404E7	6529
3183600.0	1495
8539800.0	4381
1067400.0	526
1.16856E7	4946
1.4307E7	5835
6105000.0	3167
1591800.0	804
166200.0	9
1.27338E7	5299
1.53552E7	6253
7415400.0	3801
9588000.0	4534
3576600.0	1693
4531800.0	2220
2134800.0	1058
1.01124E7	4539
1.32582E7	5461
332400.0	40
7153200.0	3554
4269600.0	2089
1.58796E7	6388
5056200.0	2669
664800.0	379
3838800.0	1916
2397000.0	1119
1.11606E7	4822
1.43064E7	5835
7939800.0	4080
8539200.0	4381
1329600.0	697
7677600.0	3916
4794000.0	2431
1.48308E7	6028
9063600.0	4503
1.1685E7	4946
1.22094E7	5094
1.48284E7	6027
1.16826E7	4946
6889800.0	3538
9061200.0	4503
1.4304E7	5835
4268400.0	2086
3313800.0	1592
1.53528E7	6253
1.2207E7	5094
9585600.0	4534
2134200.0	1058
6627600.0	3423
1525800.0	803
7676400.0	3916
1.6401E7	6529
4792800.0	2429
3576000.0	1693
1.06338E7	4660
1.32552E7	5460
3838200.0	1916
7414200.0	3801
1.11582E7	4819
1.37796E7	5629
2396400.0	1119
4530600.0	2220
7152000.0	3554
8536800.0	4381
2789400.0	1332
1198200.0	618
894000.0	518
5841000.0	2988
9585000.0	4534
1.22064E7	5093
1.48278E7	6026
1.58766E7	6387
1.01094E7	4539
5578800.0	2911
1788000.0	882
1.53522E7	6253
8200200.0	4247
1.27308E7	5295
1.11576E7	4817
1.3779E7	5629
1.64004E7	6529
6365400.0	3333
3051600.0	1421
8536200.0	4381
447000.0	43
1.1682E7	4945
9060600.0	4503
1.43034E7	5835
6103200.0	3167
1.37808E7	5629
6628200.0	3423
3183000.0	1495
1460400.0	774
1.11594E7	4820
1.64022E7	6529
8538000.0	4381
6366000.0	3333
730200.0	442
1.16838E7	4946
1.43052E7	5835
9586200.0	4534
3445200.0	1621
4269000.0	2089
1.2732E7	5299
2050200.0	1024
1.53534E7	6253
7152600.0	3554
6890400.0	3538
1.01106E7	4539
1.32564E7	5461
1.0635E7	4660
1.58778E7	6388
5317200.0	2726
1.43046E7	5835
8200800.0	4247
8537400.0	4381
1.11588E7	4820
2658600.0	1287
1722600.0	823
7938600.0	4080
9061800.0	4503
5055000.0	2669
1.4829E7	6027
1.16832E7	4946
4100400.0	1986
1.22076E7	5094
35400.0	1
1.58772E7	6387
1.011E7	4539
5841600.0	2988
1.32558E7	5460
6103800.0	3167
1.27314E7	5299
1.06344E7	4660
70800.0	1
2920800.0	1337
5579400.0	2911
1.37802E7	5629
1.64016E7	6529
7417200.0	3801
9591600.0	4534
1.2213E7	5096
1.27374E7	5299
1.53588E7	6253
4533600.0	2221
3446400.0	1621
3708600.0	1802
1.32618E7	5464
7155000.0	3554
1.58832E7	6388
1.0116E7	4539
2266800.0	1063
4271400.0	2089
6892800.0	3538
1.11642E7	4829
1.431E7	5835
7941600.0	4080
5058000.0	2669
8542800.0	4381
1.37856E7	5629
1.48344E7	6036
4795800.0	2432
1.16886E7	4951
3970800.0	1976
2529000.0	1192
7679400.0	3916
9067200.0	4503
1461000.0	774
6106200.0	3167
1.58826E7	6388
1985400.0	976
215400.0	28
1.01154E7	4539
1.27368E7	5299
2922000.0	1337
1.06398E7	4660
1.6407E7	6529
430800.0	42
1.32612E7	5464
5844000.0	2988
1.43094E7	5835
1133400.0	549
861600.0	482
6630600.0	3423
3184200.0	1495
9066600.0	4503
1.1688E7	4950
1.22124E7	5096
1.53582E7	6253
95400.0	1
9591000.0	4534
1723200.0	823
6368400.0	3333
1.48338E7	6036
8544000.0	4381
3315600.0	1592
6893400.0	3538
9068400.0	4503
1.16898E7	4953
1.43112E7	5835
1.22142E7	5097
6631200.0	3423
9592800.0	4534
1.48356E7	6036
2136000.0	1058
1.32624E7	5464
1395600.0	721
1.0641E7	4660
1.58838E7	6388
4796400.0	2432
7417800.0	3801
3577800.0	1693
4272000.0	2090
697800.0	390
1.37868E7	5629
2398200.0	1119
1.11654E7	4830
1.64082E7	6529
4534200.0	2221
7155600.0	3554
534000.0	60
9067800.0	4503
5582400.0	2911
5844600.0	2989
1.22136E7	5097
1.4835E7	6036
1068000.0	526
1.2738E7	5299
9592200.0	4534
2791200.0	1333
5320200.0	2726
1.53594E7	6253
8203800.0	4247
1.01166E7	4539
1.37862E7	5629
6369000.0	3333
1.06404E7	4660
1.64076E7	6529
3053400.0	1421
267000.0	33
1657800.0	816
1.43106E7	5835
8543400.0	4381
1.11648E7	4830
1.16892E7	4951
6106800.0	3167
1.11624E7	4827
3970200.0	1976
5319000.0	2726
8202600.0	4247
1.43082E7	5835
8541000.0	4381
2528400.0	1190
1854000.0	924
7940400.0	4080
1.16868E7	4947
9065400.0	4503
1.48326E7	6036
5056800.0	2669
927000.0	521
2790600.0	1333
1.58808E7	6388
5843400.0	2988
1.01136E7	4539
1.2735E7	5299
5581200.0	2911
1.0638E7	4660
1.37838E7	5629
1.64052E7	6529
1.32594E7	5464
1.16862E7	4946
1.43076E7	5835
9064800.0	4503
4270200.0	2089
6891600.0	3538
1.22106E7	5094
1.53564E7	6253
9589200.0	4534
1.4832E7	6036
3445800.0	1621
6629400.0	3423
1.64046E7	6529
7678200.0	3916
4794600.0	2431
7416000.0	3801
2266200.0	1063
1.06374E7	4660
1.32588E7	5462
1.58802E7	6388
7153800.0	3554
1264200.0	661
3708000.0	1802
1.11618E7	4827
4532400.0	2221
8540400.0	4381
1.37832E7	5629
4795200.0	2432
1788600.0	882
190800.0	17
1.06392E7	4660
7678800.0	3916
1.5882E7	6388
5057400.0	2669
1.32606E7	5464
2397600.0	1119
4533000.0	2221
381600.0	41
3839400.0	1917
7416600.0	3801
8542200.0	4381
1.11636E7	4829
1.3785E7	5629
1.64064E7	6529
9066000.0	4503
763200.0	442
2659800.0	1287
1.48332E7	6036
1.22118E7	5096
5581800.0	2911
8203200.0	4247
1.27362E7	5299
9590400.0	4534
1526400.0	803
5319600.0	2726
1.53576E7	6253
7941000.0	4080
1.01148E7	4539
4101600.0	1986
1.37844E7	5629
6630000.0	3423
1.06386E7	4660
3052800.0	1421
1.1163E7	4829
1.64058E7	6529
2050800.0	1024
1.43088E7	5835
8541600.0	4381
3315000.0	1592
6367800.0	3333
6105600.0	3167
1.16874E7	4950
1025400.0	522
1198800.0	618
7154400.0	3554
4270800.0	2089
1.5357E7	6253
1.27356E7	5299
9589800.0	4534
1.22112E7	5094
6892200.0	3538
1.01142E7	4539
599400.0	216
3577200.0	1693
2135400.0	1058
1.326E7	5464
1.58814E7	6388
2661000.0	1287
9071400.0	4503
1.48386E7	6036
1.16928E7	4953
4102800.0	1986
5584200.0	2911
1.22172E7	5099
5322000.0	2726
9595800.0	4534
1.27416E7	5299
8205600.0	4247
1199400.0	618
1.5363E7	6253
1.0644E7	4660
6370800.0	3333
2923200.0	1337
1.37898E7	5629
1.64112E7	6529
1789200.0	882
1.43142E7	5835
3185400.0	1495
5846400.0	2989
8547000.0	4381
1.11684E7	4832
6108600.0	3167
894600.0	518
1.53624E7	6253
7419000.0	3801
1.22166E7	5099
730800.0	442
9595200.0	4534
4535400.0	2221
7156800.0	3554
2136600.0	1058
1.58868E7	6388
1.01196E7	4539
1461600.0	774
1.32654E7	5464
6894600.0	3538
1.2741E7	5299
3578400.0	1693
4273200.0	2090
3840600.0	1920
1.11678E7	4831
7943400.0	4080
5059800.0	2669
1.37892E7	5629
2398800.0	1119
8546400.0	4381
7681200.0	3916
1.4838E7	6036
1.16922E7	4953
365400.0	40
2051400.0	1024
4797600.0	2432
9070800.0	4503
1.43136E7	5835
1134000.0	549
8206200.0	4247
1.3791E7	5629
8548200.0	4381
1.11696E7	4833
5322600.0	2726
7944000.0	4080
2530200.0	1198
1.1694E7	4953
567000.0	187
1.48398E7	6036
9072600.0	4503
1.43154E7	5835
3972000.0	1976
5060400.0	2669
7681800.0	3916
5847000.0	2989
1723800.0	823
2792400.0	1333
1.01208E7	4539
1.27422E7	5299
1.53636E7	6253
1.64124E7	6529
1.32666E7	5466
5584800.0	2911
1.06452E7	4660
1.5888E7	6388
6895200.0	3538
8547600.0	4381
15000.0	0
1.16934E7	4953
1.43148E7	5835
9072000.0	4503
3447600.0	1621
6633000.0	3423
1.48392E7	6036
9596400.0	4534
30000.0	1
1396200.0	721
1.22178E7	5099
4536000.0	2221
1.01202E7	4539
1.3266E7	5466
7419600.0	3801
1.06446E7	4660
1.58874E7	6388
4798200.0	2432
60000.0	1
1986000.0	976
2268000.0	1063
4273800.0	2090
1.37904E7	5629
3709800.0	1802
1.1169E7	4832
1.64118E7	6529
120000.0	8
7157400.0	3554
993000.0	522
1.3788E7	5629
6631800.0	3423
1.06422E7	4660
6369600.0	3333
1.64094E7	6529
240000.0	28
1.43124E7	5835
1.11666E7	4831
6107400.0	3167
8545200.0	4381
3184800.0	1495
1.1691E7	4953
480000.0	45
7156200.0	3554
9593400.0	4534
1.22148E7	5097
3447000.0	1621
4272600.0	2090
1.53606E7	6253
1330200.0	697
960000.0	522
6894000.0	3538
1.01178E7	4539
1.32636E7	5464
1.5885E7	6388
1.27392E7	5299
1920000.0	942
8204400.0	4247
1.1166E7	4831
1.43118E7	5835
8544600.0	4381
1.37874E7	5629
5320800.0	2726
3840000.0	1917
7942200.0	4080
1.48362E7	6036
1.16904E7	4953
4102200.0	1986
9069000.0	4503
5058600.0	2669
2660400.0	1287
7680000.0	3916
1.58844E7	6388
5845200.0	2989
1592400.0	804
1.01172E7	4539
1.27386E7	5299
1.536E7	6253
2922600.0	1337
5583000.0	2911
1.64088E7	6529
796200.0	477
1.3263E7	5464
1.06416E7	4660
1.58862E7	6388
632400.0	275
1.0119E7	4539
1.53618E7	6253
1.27404E7	5299
6108000.0	3167
1.64106E7	6529
1264800.0	661
5845800.0	2989
1.06434E7	4660
1.32648E7	5464
3054000.0	1422
8545800.0	4381
1.16916E7	4953
6632400.0	3423
9070200.0	4503
1.4313E7	5835
316200.0	40
1854600.0	924
3316200.0	1592
6370200.0	3333
9594600.0	4534
1.2216E7	5099
1.48374E7	6036
4797000.0	2432
1.32642E7	5464
1.01184E7	4539
3709200.0	1802
2267400.0	1063
1.06428E7	4660
1.58856E7	6388
7680600.0	3916
7418400.0	3801
4534800.0	2221
1.11672E7	4831
1.37886E7	5629
1.641E7	6529
2529600.0	1195
1.48368E7	6036
9069600.0	4503
5583600.0	2911
3971400.0	1976
1.22154E7	5098
8205000.0	4247
1527000.0	803
9594000.0	4534
5059200.0	2669
1.27398E7	5299
2791800.0	1333
5321400.0	2726
7942800.0	4080
1.53612E7	6253
6897000.0	3538
1.43184E7	5837
8551200.0	4381
3317400.0	1592
1527600.0	803
1.1697E7	4953
9075600.0	4503
6634800.0	3423
763800.0	442
1.48428E7	6036
1.22214E7	5099
1.01238E7	4539
3579600.0	1693
4537800.0	2221
2137800.0	1058
1.32696E7	5467
1.5891E7	6388
7421400.0	3801
1.3794E7	5629
7159200.0	3554
4275600.0	2090
1.06482E7	4660
1.11726E7	4834
1.64154E7	6529
5586000.0	2911
1.16964E7	4953
9075000.0	4503
1.48422E7	6036
2793000.0	1333
5323800.0	2726
1789800.0	882
1.53666E7	6253
8207400.0	4247
1.27452E7	5300
9599400.0	4534
1.22208E7	5099
1.06476E7	4660
1.37934E7	5629
1.64148E7	6529
6372600.0	3333
6110400.0	3167
1.3269E7	5467
1.1172E7	4834
5848200.0	2989
1.43178E7	5837
3055200.0	1423
8550600.0	4381
150000.0	9
1.06494E7	4660
1.64166E7	6529
1.32708E7	5467
6373200.0	3333
1462200.0	774
1026000.0	522
1.11738E7	4835
6111000.0	3167
300000.0	40
1.43196E7	5837
8552400.0	4381
1.37952E7	5629
3186600.0	1495
2052000.0	1024
1.2222E7	5100
600000.0	216
1.53678E7	6253
7159800.0	3554
9600600.0	4534
4276200.0	2090
6897600.0	3538
1.48434E7	6036
1200000.0	618
1.58922E7	6388
3448800.0	1621
1.0125E7	4539
6635400.0	3423
1.27464E7	5301
513000.0	45
2400000.0	1119
5324400.0	2726
3841800.0	1921
1724400.0	823
7945800.0	4080
8551800.0	4381
1.11732E7	4835
1.37946E7	5629
1.6416E7	6529
4800000.0	2432
2662200.0	1287
1.4319E7	5837
7683600.0	3917
862200.0	482
9076200.0	4503
5062200.0	2669
1.16976E7	4954
1.27458E7	5301
9600000.0	4534
1.53672E7	6253
1.01244E7	4539
5848800.0	2989
4104000.0	1987
1.06488E7	4660
1.58916E7	6388
2924400.0	1337
1.32702E7	5467
5586600.0	2911
8208000.0	4247
1.0122E7	4539
1.32678E7	5466
7682400.0	3916
4798800.0	2432
1068600.0	526
1.58892E7	6388
829200.0	482
1.37922E7	5629
1.06464E7	4660
3841200.0	1921
2399400.0	1119
7420200.0	3801
4536600.0	2221
1658400.0	816
1.11708E7	4833
1.64136E7	6529
5323200.0	2726
1.48404E7	6036
9073200.0	4503
1.16946E7	4953
1.2219E7	5099
5585400.0	2911
8206800.0	4247
5061000.0	2669
2661600.0	1287
1.27434E7	5300
1.53648E7	6253
9597600.0	4534
7944600.0	4080
414600.0	42
4103400.0	1987
1.06458E7	4660
3054600.0	1423
1330800.0	697
1.37916E7	5629
1.6413E7	6529
1.32672E7	5466
6371400.0	3333
6109200.0	3167
665400.0	379
1.11702E7	4833
1.4316E7	5837
8548800.0	4381
1.53642E7	6253
1.22184E7	5099
1920600.0	947
7158000.0	3554
4274400.0	2090
3316800.0	1592
9597000.0	4534
75000.0	1
6895800.0	3538
1.01214E7	4539
1.58886E7	6388
3579000.0	1693
2137200.0	1058
6633600.0	3423
1.27428E7	5300
1.22202E7	5099
1.5366E7	6253
9598800.0	4534
7158600.0	3554
1.48416E7	6036
4537200.0	2221
3448200.0	1621
1593000.0	804
1.58904E7	6388
1.01232E7	4539
1.27446E7	5300
2268600.0	1063
4275000.0	2090
6896400.0	3538
7945200.0	4080
5061600.0	2669
3710400.0	1802
1.11714E7	4833
8550000.0	4381
1.37928E7	5629
1.16958E7	4953
3972600.0	1976
7683000.0	3917
4799400.0	2432
1.43172E7	5837
2530800.0	1202
7420800.0	3801
9074400.0	4503
1.2744E7	5300
2923800.0	1337
1265400.0	661
927600.0	521
6109800.0	3167
1.01226E7	4539
1.53654E7	6253
1.64142E7	6529
5847600.0	2989
1855200.0	924
1.0647E7	4660
1.32684E7	5467
1.58898E7	6388
3186000.0	1495
8549400.0	4381
1.16952E7	4953
1.43166E7	5837
6634200.0	3423
6372000.0	3333
9073800.0	4503
1.4841E7	6036
463800.0	45
9598200.0	4534
1.22196E7	5099
5064000.0	2669
1855800.0	924
199200.0	24
1.11768E7	4838
5326200.0	2726
7947600.0	4081
1.37982E7	5629
1.64196E7	6529
4801800.0	2432
8555400.0	4383
2532000.0	1208
398400.0	41
3973800.0	1976
7685400.0	3917
1.17012E7	4954
9079800.0	4503
1.43226E7	5837
9603600.0	4534
1.27494E7	5301
796800.0	477
2794200.0	1333
1.53708E7	6253
5850600.0	2989
1.32738E7	5467
1.0128E7	4539
1593600.0	804
5588400.0	2912
1.06524E7	4660
1.58952E7	6388
8209800.0	4247
1.4322E7	5837
1.11762E7	4838
6898800.0	3538
8554800.0	4382
3187200.0	1495
1.17006E7	4954
1.48464E7	6036
9079200.0	4503
3449400.0	1621
6636600.0	3423
6374400.0	3333
1.2225E7	5100
1266000.0	661
7423200.0	3801
4539600.0	2221
1.01274E7	4539
1.32732E7	5467
1.58946E7	6388
1.27488E7	5301
7161000.0	3554
633000.0	275
3711600.0	1802
2269800.0	1063
4277400.0	2090
1.37976E7	5629
1.06518E7	4660
1.6419E7	6529
7686000.0	3917
1.58964E7	6388
1.01292E7	4539
1.3275E7	5467
1.27506E7	5301
4802400.0	2432
3580800.0	1693
1.06536E7	4660
3843000.0	1922
7423800.0	3801
1.37994E7	5629
1.64208E7	6532
2401200.0	1119
4540200.0	2221
7161600.0	3554
5326800.0	2726
1.48476E7	6036
1.17018E7	4954
8210400.0	4247
9080400.0	4503
1.43232E7	5837
2663400.0	1287
1.5372E7	6253
7948200.0	4082
1.22262E7	5100
5064600.0	2669
4105200.0	1987
9604800.0	4534
1528200.0	803
1.64202E7	6531
2052600.0	1024
223800.0	28
1.0653E7	4660
1.32744E7	5467
6375000.0	3333
3056400.0	1423
1.11774E7	4838
1.37988E7	5629
447600.0	43
8556000.0	4384
6112800.0	3167
6899400.0	3538
1200600.0	618
895200.0	518
4278000.0	2093
3318600.0	1592
9604200.0	4534
1.22256E7	5100
1.4847E7	6036
1.58958E7	6388
1.01286E7	4539
1790400.0	882
2139000.0	1058
1.53714E7	6253
6637200.0	3423
1.275E7	5301
1.27476E7	5301
9601800.0	4534
2793600.0	1333
1.5369E7	6253
6111600.0	3167
1.01262E7	4539
1.3272E7	5467
5587200.0	2911
1986600.0	976
5849400.0	2989
1.06506E7	4660
3055800.0	1423
1.58934E7	6388
6636000.0	3423
1.43202E7	5837
8553000.0	4381
1.11744E7	4835
1.16988E7	4954
3318000.0	1592
6373800.0	3333
9077400.0	4503
1134600.0	549
1.22232E7	5100
1.48446E7	6036
3711000.0	1802
1659000.0	816
4800600.0	2432
1.32714E7	5467
174600.0	9
1.58928E7	6388
7684200.0	3917
1.01256E7	4539
2269200.0	1063
7422000.0	3801
1.37958E7	5629
349200.0	40
1.065E7	4660
4538400.0	2221
1.64172E7	6529
1.4844E7	6036
698400.0	390
1.16982E7	4954
3973200.0	1976
5325000.0	2726
2531400.0	1206
8208600.0	4247
9076800.0	4503
9601200.0	4534
1396800.0	723
7946400.0	4081
1.22226E7	5100
5062800.0	2669
1.2747E7	5301
1.53684E7	6253
1.48458E7	6036
1.17E7	4954
4104600.0	1987
5587800.0	2911
9078600.0	4503
2662800.0	1287
1921200.0	949
8209200.0	4247
9603000.0	4534
1.22244E7	5100
1.53702E7	6253
5325600.0	2726
960600.0	522
1069200.0	526
2925000.0	1337
1.64184E7	6529
6112200.0	3167
1.32726E7	5467
1.06512E7	4660
534600.0	61
5850000.0	2989
1.11756E7	4837
1.43214E7	5837
8554200.0	4381
1.3797E7	5629
4276800.0	2090
1.22238E7	5100
9602400.0	4534
1.48452E7	6036
4539000.0	2221
7160400.0	3554
2138400.0	1058
1.5894E7	6388
1.01268E7	4539
6898200.0	3538
1.27482E7	5301
1.53696E7	6253
3580200.0	1693
7947000.0	4081
49800.0	1
5063400.0	2669
1.37964E7	5629
7684800.0	3917
2400600.0	1119
1.1175E7	4835
1.64178E7	6529
8553600.0	4381
99600.0	2
1331400.0	697
3842400.0	1921
4801200.0	2432
7422600.0	3801
9078000.0	4503
1.16994E7	4954
1.43208E7	5837
6376800.0	3333
1.64238E7	6532
666000.0	379
1.06566E7	4660
1.3278E7	5467
1.58994E7	6390
3188400.0	1495
1332000.0	697
1.1181E7	4840
6114600.0	3167
8559600.0	4384
1.38024E7	5629
9083400.0	4503
1.48506E7	6036
9607800.0	4534
1.22292E7	5100
4279800.0	2093
6901200.0	3538
1.27536E7	5301
333000.0	40
1921800.0	949
3450600.0	1621
1.01322E7	4539
1.5375E7	6253
6639000.0	3423
5065800.0	2669
1.38018E7	5629
1.0656E7	4660
3843600.0	1922
2401800.0	1119
7949400.0	4091
1.11804E7	4840
1.64232E7	6532
8559000.0	4384
7687200.0	3917
4803600.0	2432
1.17048E7	4954
1.43262E7	5837
1594200.0	804
2664000.0	1287
1.2753E7	5301
1.53744E7	6253
9607200.0	4534
5852400.0	2989
4105800.0	1987
1.01316E7	4539
1.32774E7	5467
5328000.0	2726
1.58988E7	6390
2926200.0	1337
5590200.0	2912
8211600.0	4248
124200.0	9
2795400.0	1333
5853000.0	2989
1.53762E7	6253
1.27548E7	5301
9609000.0	4534
1.22304E7	5100
1.01334E7	4539
5590800.0	2912
1.32792E7	5467
1.59006E7	6390
1266600.0	661
1.11816E7	4840
6639600.0	3423
1.43274E7	5837
3057600.0	1423
8560200.0	4384
1856400.0	925
1.1706E7	4955
3319800.0	1593
6377400.0	3333
9084600.0	4504
6115200.0	3167
1.48518E7	6036
928200.0	521
1.59E7	6390
7687800.0	3917
764400.0	442
4804200.0	2432
1.01328E7	4539
1.27542E7	5301
7425600.0	3801
2271000.0	1063
1.06572E7	4660
1.3803E7	5629
1.64244E7	6532
1528800.0	803
1.32786E7	5467
7163400.0	3554
3712800.0	1802
4542000.0	2221
1.17054E7	4954
3975000.0	1976
5328600.0	2726
8212200.0	4248
1.43268E7	5837
2533200.0	1208
9084000.0	4504
7950000.0	4092
1.22298E7	5100
1.53756E7	6253
382200.0	41
9608400.0	4534
5066400.0	2669
1.48512E7	6036
9081600.0	4503
3450000.0	1621
4278600.0	2093
1.48488E7	6036
9606000.0	4534
7162200.0	3554
1.22274E7	5100
6900000.0	3538
1.01304E7	4539
1.27518E7	5301
1.53732E7	6253
2270400.0	1063
1.38E7	5629
1462800.0	774
3712200.0	1802
1.11786E7	4839
1.64214E7	6532
5065200.0	2669
7686600.0	3917
4540800.0	2221
8557200.0	4384
731400.0	442
7424400.0	3801
4803000.0	2432
1.1703E7	4954
1.43244E7	5837
2532600.0	1208
567600.0	187
9605400.0	4534
1.27512E7	5301
5851200.0	2989
6113400.0	3167
1.53726E7	6253
1135200.0	549
1.01298E7	4539
1.32756E7	5467
2925600.0	1337
5589000.0	2912
1.06542E7	4660
1.5897E7	6388
1.43238E7	5837
6637800.0	3423
3187800.0	1495
8556600.0	4384
1.1178E7	4839
283800.0	36
1725000.0	823
6375600.0	3333
9081000.0	4503
1.48482E7	6036
1.17024E7	4954
1.22268E7	5100
6900600.0	3538
1.11798E7	4840
1.43256E7	5837
8558400.0	4384
6638400.0	3423
248400.0	28
1.485E7	6036
9082800.0	4503
1.17042E7	4954
1.22286E7	5100
3319200.0	1592
6376200.0	3333
496800.0	45
1.0131E7	4539
1.58982E7	6390
7425000.0	3801
3581400.0	1693
4541400.0	2221
2139600.0	1058
1.27524E7	5301
1397400.0	723
993600.0	522
1.06554E7	4660
1.38012E7	5629
1.64226E7	6532
7162800.0	3554
4279200.0	2093
1.32768E7	5467
1987200.0	976
1.17036E7	4954
1.48494E7	6036
9082200.0	4503
1.4325E7	5837
5589600.0	2912
3974400.0	1976
1.53738E7	6253
8211000.0	4248
1.2228E7	5100
1069800.0	526
9606600.0	4534
2794800.0	1333
5327400.0	2726
7948800.0	4087
1.6422E7	6532
6114000.0	3167
1659600.0	816
1.32762E7	5467
1.06548E7	4660
1.58976E7	6388
5851800.0	2989
3057000.0	1423
829800.0	482
1.38006E7	5629
8557800.0	4384
1.11792E7	4840
2140800.0	1058
1.59036E7	6390
1.01364E7	4539
1.27578E7	5301
1.53792E7	6253
4806000.0	2432
7427400.0	3801
3582600.0	1693
4281600.0	2093
1660200.0	816
1.6428E7	6532
1.32822E7	5467
1.06608E7	4660
2403000.0	1119
4543800.0	2221
7165200.0	3554
8563200.0	4386
8214000.0	4248
5330400.0	2726
3844800.0	1922
9087600.0	4504
1.1709E7	4955
1.43304E7	5837
7951800.0	4092
1.22334E7	5100
4107000.0	1987
5068200.0	2669
2665200.0	1287
7689600.0	3917
9612000.0	4534
1.48548E7	6036
133800.0	9
1.32816E7	5467
6378600.0	3333
1.06602E7	4660
3058200.0	1423
1332600.0	698
961200.0	522
1.5903E7	6390
267600.0	33
6116400.0	3167
1.3806E7	5629
1922400.0	949
1.11846E7	4841
1.64274E7	6532
535200.0	61
3320400.0	1593
9087000.0	4504
1.22328E7	5100
1.48542E7	6036
6903000.0	3538
1070400.0	526
6640800.0	3423
1.27572E7	5301
9611400.0	4534
1.53786E7	6253
1.01358E7	4539
480600.0	45
7165800.0	3554
1.4856E7	6036
9088800.0	4504
3451800.0	1621
4282200.0	2093
1594800.0	804
1.22346E7	5100
9613200.0	4534
1.2759E7	5301
6903600.0	3538
797400.0	477
1.53804E7	6253
4806600.0	2432
3714000.0	1802
2272200.0	1063
1.38072E7	5629
1.06614E7	4660
1.64286E7	6535
7690200.0	3917
1.43316E7	5837
7428000.0	3801
1.11858E7	4841
4544400.0	2221
8564400.0	4387
1.17102E7	4955
5854800.0	2990
9612600.0	4534
1.2234E7	5100
1.53798E7	6253
2927400.0	1337
5592600.0	2912
1857000.0	925
1.0137E7	4539
1.32828E7	5467
1.59042E7	6390
1.27584E7	5301
1.11852E7	4841
1.4331E7	5837
6641400.0	3423
6379200.0	3333
8563800.0	4386
1.38066E7	5629
1.48554E7	6036
1.17096E7	4955
6117000.0	3167
3189600.0	1495
9088200.0	4504
1201200.0	618
2664600.0	1287
1.43286E7	5837
9085800.0	4504
1.17072E7	4955
5591400.0	2912
8212800.0	4248
1.22316E7	5100
600600.0	216
1.53774E7	6253
5329200.0	2726
9610200.0	4534
7950600.0	4092
1.4853E7	6036
4106400.0	1987
6115800.0	3167
1791000.0	882
1.06584E7	4660
1.59012E7	6390
2926800.0	1337
1.32798E7	5467
5853600.0	2990
8561400.0	4384
1.11828E7	4840
1.38042E7	5629
1.64256E7	6532
7164000.0	3554
9085200.0	4504
4280400.0	2093
1.48524E7	6036
1.2231E7	5100
6901800.0	3538
1.27554E7	5301
9609600.0	4534
3582000.0	1693
2140200.0	1058
1.53768E7	6253
1.0134E7	4539
1463400.0	774
1.38036E7	5629
4804800.0	2432
1.06578E7	4660
7688400.0	3917
1.11822E7	4840
1.6425E7	6532
5067000.0	2669
2053200.0	1024
2402400.0	1119
4542600.0	2221
1.4328E7	5837
8560800.0	4384
3844200.0	1922
7426200.0	3801
1.17066E7	4955
1026600.0	522
1.38054E7	5629
7951200.0	4092
1.06596E7	4660
5067600.0	2669
1135800.0	549
1.64268E7	6532
862800.0	482
1.43298E7	5837
4805400.0	2432
8562600.0	4384
1.1184E7	4841
3975600.0	1976
2533800.0	1208
7689000.0	3917
1.17084E7	4955
1725600.0	824
9610800.0	4534
5592000.0	2912
1.22322E7	5100
1.27566E7	5301
1.5378E7	6253
5854200.0	2990
1.3281E7	5467
2796000.0	1333
5329800.0	2726
1.59024E7	6390
1.01352E7	4539
8213400.0	4248
431400.0	42
1.11834E7	4840
1398000.0	723
1.43292E7	5837
8562000.0	4384
1.38048E7	5629
6640200.0	3423
3189000.0	1495
1.48536E7	6036
699000.0	390
1.17078E7	4955
9086400.0	4504
6378000.0	3333
7426800.0	3801
1.59018E7	6390
1987800.0	976
4543200.0	2221
3451200.0	1621
1.01346E7	4539
1.2756E7	5301
3713400.0	1802
1.0659E7	4660
1.64262E7	6532
7164600.0	3554
2271600.0	1063
4281000.0	2093
6902400.0	3538
1.32804E7	5467
5856600.0	2990
1.53834E7	6253
1.22376E7	5100
9616200.0	4535
2797200.0	1333
1988400.0	976
1.01406E7	4540
1.59078E7	6390
1.2762E7	5301
5594400.0	2912
994200.0	522
1136400.0	550
3059400.0	1423
1.38102E7	5629
6381000.0	3333
8567400.0	4388
1.11888E7	4841
1.17132E7	4955
568200.0	187
6118800.0	3167
1.4859E7	6036
9091800.0	4505
1.43346E7	5837
4545600.0	2221
7429200.0	3801
4807800.0	2432
1.014E7	4540
1.27614E7	5301
1.53828E7	6253
2272800.0	1063
1.64316E7	6540
4283400.0	2093
3714600.0	1802
1.32858E7	5467
7167000.0	3554
1.06644E7	4660
1.59072E7	6390
8215800.0	4248
8566800.0	4387
1.17126E7	4955
1.4334E7	5837
5332200.0	2726
7953600.0	4094
2535000.0	1211
9091200.0	4505
1.48584E7	6036
9615600.0	4535
1398600.0	723
3976800.0	1976
1.2237E7	5100
5070000.0	2669
7691400.0	3917
8568600.0	4395
5332800.0	2726
1923000.0	949
207600.0	26
1.17144E7	4955
5595000.0	2912
8216400.0	4248
1.43358E7	5837
9093000.0	4519
5070600.0	2669
2666400.0	1287
7954200.0	4095
415200.0	42
1.48602E7	6036
4108200.0	1987
9617400.0	4535
1.22388E7	5100
1.01412E7	4540
1.3287E7	5467
1071000.0	526
1.59084E7	6390
830400.0	482
2928600.0	1337
6119400.0	3167
1.38114E7	5629
1.06656E7	4660
1660800.0	816
5857200.0	2990
1.119E7	4841
1.64328E7	6540
1.48596E7	6036
7167600.0	3554
9092400.0	4509
1.17138E7	4955
4284000.0	2093
1.22382E7	5100
3321600.0	1599
19800.0	0
6905400.0	3538
1.27626E7	5301
1.5384E7	6253
9616800.0	4535
3583800.0	1693
2142000.0	1058
6643200.0	3423
1.0665E7	4660
39600.0	1
1333200.0	698
1.38108E7	5629
7692000.0	3917
4808400.0	2432
1.64322E7	6540
1.32864E7	5467
79200.0	1
666600.0	379
3846000.0	1923
2404200.0	1119
7429800.0	3801
1.11894E7	4841
4546200.0	2221
1.43352E7	5837
8568000.0	4389
1.1187E7	4841
158400.0	9
1.38084E7	5629
8565600.0	4387
6642000.0	3423
1529400.0	803
1.48572E7	6036
316800.0	40
1.17114E7	4955
9090000.0	4504
1.43328E7	5837
3321000.0	1598
6379800.0	3333
1.59054E7	6390
7428600.0	3801
633600.0	275
1.01382E7	4540
4545000.0	2221
7166400.0	3554
2141400.0	1058
1.5381E7	6253
1.27596E7	5301
1.64298E7	6540
1267200.0	661
6904200.0	3538
3583200.0	1693
4282800.0	2093
1.06626E7	4660
1.3284E7	5467
8565000.0	4387
2534400.0	1211
5593200.0	2912
3976200.0	1976
1791600.0	882
1.17108E7	4955
8214600.0	4248
9089400.0	4504
1.43322E7	5837
5068800.0	2669
2796600.0	1333
5331000.0	2726
7952400.0	4092
895800.0	518
9613800.0	4534
1.22352E7	5100
1.48566E7	6036
1.32834E7	5467
1.01376E7	4539
1.0662E7	4660
1.59048E7	6390
6117600.0	3167
103800.0	3
1.11864E7	4841
5855400.0	2990
1.38078E7	5629
1.64292E7	6537
3058800.0	1423
1.01394E7	4540
1.32852E7	5467
6380400.0	3333
2928000.0	1337
1.06638E7	4660
1.59066E7	6390
1.38096E7	5629
3190200.0	1495
5856000.0	2990
2053800.0	1024
1.11882E7	4841
6118200.0	3167
1.6431E7	6540
6904800.0	3538
9090600.0	4505
1.48578E7	6036
1.1712E7	4955
1.22364E7	5100
9615000.0	4535
3452400.0	1621
6642600.0	3423
1.27608E7	5301
1201800.0	618
1.53822E7	6253
1.06632E7	4660
3845400.0	1922
1726200.0	824
7953000.0	4094
5069400.0	2669
183000.0	14
1.3809E7	5629
1.64304E7	6540
2403600.0	1119
1.43334E7	5837
7690800.0	3917
366000.0	40
8566200.0	4387
1.11876E7	4841
4807200.0	2432
2665800.0	1287
1.53816E7	6253
1.22358E7	5100
732000.0	442
4107600.0	1987
5593800.0	2912
9614400.0	4535
5331600.0	2726
1.5906E7	6390
1.01388E7	4540
1464000.0	774
1.32846E7	5467
8215200.0	4248
1.27602E7	5301
1.48632E7	6036
7169400.0	3554
1.17174E7	4955
9096000.0	4523
4285800.0	2093
6907200.0	3538
256800.0	28
9620400.0	4535
1.22418E7	5100
1.27662E7	5301
1.53876E7	6253
3453600.0	1621
6645000.0	3423
513600.0	45
3715800.0	1802
1.06686E7	4660
4810200.0	2432
1.64358E7	6540
7693800.0	3917
2274000.0	1063
1.329E7	5467
1464600.0	774
1027200.0	522
7431600.0	3804
1.1193E7	4841
1.43388E7	5837
4548000.0	2221
8571600.0	4412
1.38144E7	5629
2054400.0	1024
1.22412E7	5100
1.5387E7	6253
9619800.0	4535
1.48626E7	6036
5858400.0	2990
4108800.0	1987
1.59114E7	6395
1137000.0	550
1.01442E7	4540
1.27656E7	5301
2929200.0	1337
5596200.0	2912
8217600.0	4248
1726800.0	824
6382800.0	3333
8571000.0	4412
1.11924E7	4841
1.38138E7	5629
1.64352E7	6540
6120600.0	3167
1.43382E7	5837
863400.0	482
3191400.0	1495
9095400.0	4523
1.17168E7	4955
6645600.0	3423
699600.0	390
1.38156E7	5629
1.11942E7	4841
1.6437E7	6541
8572800.0	4412
3322800.0	1600
6383400.0	3333
1399200.0	723
9097200.0	4523
1.17186E7	4955
1.434E7	5837
4286400.0	2093
1.27668E7	5301
9621000.0	4535
1.53882E7	6253
1.01454E7	4540
4548600.0	2221
7170000.0	3554
2143200.0	1058
1.32912E7	5467
349800.0	40
1989000.0	976
1.06698E7	4660
6907800.0	3538
1.59126E7	6396
3585000.0	1694
1071600.0	526
1.43394E7	5837
8572200.0	4412
1.11936E7	4841
3978000.0	1976
5334600.0	2726
2536200.0	1213
1.1718E7	4955
8218200.0	4248
535800.0	61
9096600.0	4523
7956000.0	4100
5072400.0	2669
1.22424E7	5100
1.48638E7	6036
1661400.0	817
1.32906E7	5467
2798400.0	1333
1.5912E7	6395
1.01448E7	4540
6121200.0	3167
1.3815E7	5629
5596800.0	2912
1.06692E7	4660
5859000.0	2990
1.64364E7	6541
3060600.0	1423
7954800.0	4096
1.06668E7	4660
1.38126E7	5629
1.6434E7	6540
1.32882E7	5467
5071200.0	2669
3715200.0	1802
1.11912E7	4841
3977400.0	1976
7692600.0	3917
1.4337E7	5837
4809000.0	2432
8569800.0	4403
2535600.0	1212
7430400.0	3801
5595600.0	2912
1.22394E7	5100
1.53852E7	6253
9618000.0	4535
1.48608E7	6036
1595400.0	804
2797800.0	1333
5333400.0	2726
1.59096E7	6393
8217000.0	4248
1.01424E7	4540
1.27638E7	5301
3190800.0	1495
232200.0	28
1.11906E7	4841
8569200.0	4398
1.3812E7	5629
6643800.0	3423
6381600.0	3333
1.1715E7	4955
1.43364E7	5837
464400.0	45
9093600.0	4522
1.27632E7	5301
7168200.0	3554
1267800.0	661
928800.0	521
4546800.0	2221
3453000.0	1621
1.01418E7	4540
1.53846E7	6253
1.64334E7	6540
1857600.0	925
2273400.0	1063
4284600.0	2093
6906000.0	3538
1.06662E7	4660
1.32876E7	5467
1.5909E7	6390
1.2765E7	5301
9619200.0	4535
3584400.0	1693
4547400.0	2221
2142600.0	1058
1.53864E7	6253
7431000.0	3803
1.01436E7	4540
7168800.0	3554
4285200.0	2093
1.0668E7	4660
1.59108E7	6393
1.32894E7	5467
2404800.0	1119
1.43376E7	5837
8570400.0	4408
1530000.0	803
5334000.0	2726
3846600.0	1923
1.17162E7	4955
7955400.0	4097
4809600.0	2432
9094800.0	4523
765000.0	442
2667000.0	1287
7693200.0	3917
1.4862E7	6036
1.22406E7	5100
5071800.0	2669
1.0143E7	4540
601200.0	216
1.32888E7	5467
6382200.0	3333
6120000.0	3167
1.59102E7	6393
1.38132E7	5629
1202400.0	618
5857800.0	2990
1.06674E7	4660
3060000.0	1423
1.11918E7	4841
1.64346E7	6540
6906600.0	3538
1.17156E7	4955
3322200.0	1599
9094200.0	4523
1.48614E7	6036
64200.0	1
300600.0	40
1792200.0	882
1.53858E7	6253
6644400.0	3423
1.27644E7	5301
9618600.0	4535
1.224E7	5100
128400.0	9
5336400.0	2726
1.4343E7	5837
8220000.0	4248
8575800.0	4417
1.11972E7	4841
1203000.0	618
896400.0	518
2668200.0	1287
7957800.0	4105
9100200.0	4525
5074200.0	2669
1.48674E7	6036
1.17216E7	4955
4110000.0	1987
1.2246E7	5100
1792800.0	882
1.59156E7	6399
1.01484E7	4540
5860800.0	2990
1.32942E7	5467
6123000.0	3167
1.27698E7	5301
1.06728E7	4660
2930400.0	1337
5598600.0	2912
1.38186E7	5629
1.644E7	6543
448200.0	43
1.48668E7	6036
1.1721E7	4955
1465200.0	775
6909000.0	3538
9099600.0	4523
1.43424E7	5837
4287600.0	2093
3323400.0	1600
1.53912E7	6255
1.22454E7	5100
732600.0	442
9624000.0	4536
2143800.0	1058
6646800.0	3423
7695600.0	3917
1.64394E7	6543
2055000.0	1024
4812000.0	2432
3585600.0	1694
1.06722E7	4660
1.32936E7	5467
3847800.0	1923
7433400.0	3804
1.11966E7	4841
1.3818E7	5629
2406000.0	1119
4549800.0	2221
7171200.0	3554
8575200.0	4417
2275200.0	1063
1.64412E7	6544
3717000.0	1802
1.32954E7	5467
1.0674E7	4660
1.59168E7	6400
5074800.0	2669
7696200.0	3917
4550400.0	2221
1727400.0	824
7434000.0	3804
1.38198E7	5629
4812600.0	2432
8577000.0	4417
1.11984E7	4841
2537400.0	1217
9100800.0	4525
1.4868E7	6036
9625200.0	4536
5599200.0	2912
3979200.0	1976
1.22466E7	5100
8220600.0	4248
2799600.0	1333
5337000.0	2726
7958400.0	4107
1.01496E7	4540
1.2771E7	5301
1.53924E7	6255
142200.0	9
1.38192E7	5629
6647400.0	3423
3192600.0	1495
1.11978E7	4841
1.64406E7	6543
1399800.0	723
994800.0	522
284400.0	38
8576400.0	4417
6385200.0	3333
1.17222E7	4955
1.43436E7	5837
1989600.0	976
568800.0	187
9624600.0	4536
3454800.0	1621
4288200.0	2093
1.27704E7	5301
1.53918E7	6255
7171800.0	3554
1137600.0	551
6909600.0	3538
1.0149E7	4540
1.32948E7	5467
1.06734E7	4660
1.59162E7	6399
497400.0	45
2929800.0	1337
6121800.0	3167
1.01466E7	4540
1.32924E7	5467
1.59138E7	6396
1.2768E7	5301
5859600.0	2990
1.38168E7	5629
1.0671E7	4660
1.64382E7	6543
1333800.0	698
1.4865E7	6036
1.17192E7	4955
6908400.0	3538
3192000.0	1495
9097800.0	4523
1923600.0	952
9622200.0	4535
1.22436E7	5100
3454200.0	1621
1.53894E7	6253
6646200.0	3423
6384000.0	3333
961800.0	522
7956600.0	4103
1.64376E7	6543
798000.0	477
5073000.0	2669
1.32918E7	5467
1.06704E7	4660
7694400.0	3917
2405400.0	1119
1.11948E7	4841
1.43406E7	5837
1596000.0	804
8573400.0	4413
1.38162E7	5629
3847200.0	1923
4810800.0	2432
7432200.0	3804
1.2243E7	5100
4109400.0	1987
5597400.0	2912
2667600.0	1287
9621600.0	4535
1.48644E7	6036
1.59132E7	6396
8218800.0	4248
399000.0	41
1.0146E7	4540
5335200.0	2726
1.27674E7	5301
1.53888E7	6253
1268400.0	661
2799000.0	1333
5860200.0	2990
9623400.0	4536
1.22448E7	5100
1.48662E7	6036
1.5915E7	6397
634200.0	275
1.01478E7	4540
5598000.0	2912
1.53906E7	6254
8219400.0	4248
1.27692E7	5301
1858200.0	925
1.1196E7	4841
1.38174E7	5629
1.64388E7	6543
6384600.0	3333
3061200.0	1424
8574600.0	4415
1.17204E7	4955
9099000.0	4523
1.43418E7	5837
6122400.0	3167
9622800.0	4536
1.27686E7	5301
7432800.0	3804
4549200.0	2221
1.539E7	6253
1.3293E7	5467
7170600.0	3554
1.01472E7	4540
3716400.0	1802
2274600.0	1063
4287000.0	2093
1.06716E7	4660
1.59144E7	6397
1530600.0	803
1.43412E7	5837
5073600.0	2669
1.11954E7	4841
8574000.0	4414
1.17198E7	4955
5335800.0	2726
7957200.0	4103
4811400.0	2432
2536800.0	1217
1.48656E7	6036
9098400.0	4523
3978600.0	1976
1.22442E7	5100
7695000.0	3917
1.38228E7	5629
6649200.0	3423
1.0677E7	4660
3062400.0	1424
1.12014E7	4841
1.64442E7	6551
1.43472E7	5837
8580000.0	4424
3324600.0	1600
6387000.0	3333
6124800.0	3167
1.17258E7	4955
7173600.0	3554
4290000.0	2093
1.53954E7	6255
1.2774E7	5301
9628200.0	4536
1.22496E7	5100
6911400.0	3538
1.01526E7	4540
3586800.0	1694
2145000.0	1058
1.32984E7	5467
1.59198E7	6401
1269000.0	661
1.12008E7	4841
3979800.0	1976
5338200.0	2726
1793400.0	882
8221800.0	4248
1.43466E7	5837
191400.0	17
8579400.0	4423
2538000.0	1217
7959600.0	4111
1.17252E7	4955
9103800.0	4525
382800.0	41
1.4871E7	6036
5076000.0	2669
2800200.0	1333
1.59192E7	6401
5862600.0	2990
765600.0	442
1.0152E7	4540
1.27734E7	5301
5600400.0	2912
1.06764E7	4660
83400.0	1
1.38222E7	5629
1.64436E7	6551
1531200.0	803
1.32978E7	5467
6125400.0	3167
1.5921E7	6401
1.01538E7	4540
1.27752E7	5301
2931600.0	1337
2055600.0	1024
1.06782E7	4660
1.64454E7	6551
1.32996E7	5467
5863200.0	2990
1027800.0	522
1203600.0	618
1.43478E7	5837
6649800.0	3423
3193800.0	1497
9105000.0	4525
1.17264E7	4955
1.22508E7	5100
601800.0	216
1.53966E7	6261
9629400.0	4536
6387600.0	3333
1.48722E7	6036
4814400.0	2432
1.06776E7	4660
7698000.0	3917
1.59204E7	6401
5076600.0	2669
1.3299E7	5467
2407200.0	1119
4552200.0	2221
3849000.0	1924
7435800.0	3804
8580600.0	4425
1.1202E7	4841
1.38234E7	5629
1.64448E7	6551
9104400.0	4525
2669400.0	1287
1.48716E7	6036
1.22502E7	5100
5601000.0	2912
8222400.0	4248
1.27746E7	5301
9628800.0	4536
5338800.0	2726
1.5396E7	6259
7960200.0	4111
1.01532E7	4540
1465800.0	778
4111200.0	1987
1.27722E7	5301
1.53936E7	6255
7434600.0	3804
9626400.0	4536
3586200.0	1694
4551000.0	2221
2144400.0	1058
1662000.0	817
1.01508E7	4540
1.32966E7	5467
7172400.0	3554
4288800.0	2093
1.5918E7	6400
831000.0	482
5075400.0	2669
3848400.0	1924
2406600.0	1119
1.1199E7	4841
1.43448E7	5837
7959000.0	4109
8577600.0	4418
7696800.0	3917
4813200.0	2432
1.48692E7	6036
9102000.0	4525
1.17234E7	4955
1.22478E7	5100
6123600.0	3167
1.01502E7	4540
1.59174E7	6400
1.27716E7	5301
5861400.0	2990
1.06746E7	4660
3061800.0	1424
1.38204E7	5629
1924200.0	953
1.64418E7	6546
1.3296E7	5467
1.17228E7	4955
1.48686E7	6036
6910200.0	3538
6648000.0	3423
9101400.0	4525
1.43442E7	5837
1.5393E7	6255
1.22472E7	5100
1072200.0	526
3324000.0	1600
6385800.0	3333
9625800.0	4536
1596600.0	804
1.17246E7	4955
166800.0	9
1.4346E7	5837
9103200.0	4525
4289400.0	2093
6910800.0	3538
1.2249E7	5100
1.53948E7	6255
333600.0	40
9627600.0	4536
1.48704E7	6036
3455400.0	1621
6648600.0	3423
1.6443E7	6548
7697400.0	3917
667200.0	379
4813800.0	2432
7435200.0	3804
2275800.0	1063
1.06758E7	4660
1.32972E7	5467
1.59186E7	6401
1334400.0	698
7173000.0	3554
3717600.0	1804
1.12002E7	4841
4551600.0	2221
8578800.0	4420
1.38216E7	5629
9102600.0	4525
2668800.0	1287
1.48698E7	6036
5862000.0	2990
4110600.0	1987
1858800.0	925
9627000.0	4536
1.22484E7	5100
1.27728E7	5301
5337600.0	2726
2931000.0	1337
5599800.0	2912
8221200.0	4248
929400.0	521
1.01514E7	4540
1.53942E7	6255
6386400.0	3333
1.3821E7	5629
1.06752E7	4660
1.11996E7	4841
1.64424E7	6547
3193200.0	1496
8578200.0	4419
1.1724E7	4955
1.43454E7	5837
6124200.0	3167
4816200.0	2432
1.33026E7	5467
1.01568E7	4540
3718800.0	1808
2277000.0	1063
1.06812E7	4660
1.5924E7	6404
7699800.0	3917
7437600.0	3805
4554000.0	2222
1.12056E7	4841
1.3827E7	5629
1.64484E7	6557
2539200.0	1222
1.48752E7	6036
9108000.0	4525
1597200.0	804
5602800.0	2912
3981000.0	1976
1.22538E7	5100
8224200.0	4250
9632400.0	4536
5078400.0	2669
1.27782E7	5301
798600.0	477
2801400.0	1334
5340600.0	2726
7962000.0	4112
1.53996E7	6263
634800.0	275
1.38264E7	5629
6651000.0	3423
1.06806E7	4660
6388800.0	3333
1.64478E7	6557
1.43508E7	5837
1269600.0	661
1.1205E7	4841
6126600.0	3167
8583600.0	4429
3194400.0	1497
1.17294E7	4955
7175400.0	3554
9631800.0	4536
1.22532E7	5100
3456600.0	1621
4291800.0	2093
1.5399E7	6261
317400.0	40
1859400.0	925
6913200.0	3538
1.01562E7	4540
1.3302E7	5467
1.59234E7	6404
1.27776E7	5301
1.54008E7	6264
7438200.0	3805
1.2255E7	5100
9633600.0	4536
4554600.0	2222
7176000.0	3554
2146200.0	1058
1.59252E7	6407
1.0158E7	4540
1.33038E7	5467
6913800.0	3538
1.27794E7	5301
3588000.0	1694
4292400.0	2093
3850200.0	1924
1.12062E7	4841
7962600.0	4112
5079000.0	2669
1.38276E7	5629
2408400.0	1119
8584800.0	4437
1531800.0	803
7700400.0	3917
1.48764E7	6036
1.17306E7	4955
4816800.0	2433
9109200.0	4525
1.4352E7	5837
1.59246E7	6404
1.01574E7	4540
1.54002E7	6264
1.27788E7	5301
6127200.0	3167
1.6449E7	6557
27000.0	1
1204200.0	618
5865000.0	2990
1.06818E7	4660
1.33032E7	5467
3063600.0	1426
8584200.0	4429
54000.0	1
1794000.0	882
1.173E7	4955
6651600.0	3423
9108600.0	4525
1.43514E7	5837
108000.0	4
897000.0	518
3325800.0	1600
6389400.0	3333
9633000.0	4536
1.22544E7	5100
1.48758E7	6036
9106200.0	4525
5601600.0	2912
1990200.0	976
5863800.0	2990
216000.0	28
1.2252E7	5100
1.48734E7	6036
1.27764E7	5301
9630600.0	4536
2800800.0	1333
5339400.0	2726
1.53978E7	6261
8223000.0	4248
432000.0	42
1.0155E7	4540
1.38246E7	5629
6388200.0	3333
1.06788E7	4660
1138200.0	556
1.6446E7	6551
864000.0	482
3063000.0	1424
1.4349E7	5837
8581800.0	4426
1.12032E7	4841
1.17276E7	4955
1728000.0	824
6126000.0	3167
7436400.0	3804
9630000.0	4536
1.22514E7	5100
1.27758E7	5301
1.53972E7	6261
4552800.0	2221
3456000.0	1621
3718200.0	1808
1.33002E7	5467
7174200.0	3554
1.59216E7	6404
1.01544E7	4540
2276400.0	1063
4290600.0	2093
6912000.0	3538
1.12026E7	4841
1400400.0	729
1.43484E7	5837
7960800.0	4111
5077200.0	2669
8581200.0	4425
1.3824E7	5629
1.48728E7	6036
4815000.0	2432
700200.0	390
1.1727E7	4955
3980400.0	1976
2538600.0	1221
7698600.0	3917
9105600.0	4525
536400.0	61
8223600.0	4248
1.12044E7	4841
1.43502E7	5837
8583000.0	4427
1.38258E7	5629
5340000.0	2726
3849600.0	1924
1072800.0	526
7961400.0	4112
1.48746E7	6036
1.17288E7	4955
4111800.0	1987
9107400.0	4525
5077800.0	2669
2670000.0	1287
7699200.0	3917
1.59228E7	6404
5864400.0	2990
1.01556E7	4540
1.2777E7	5301
1.53984E7	6261
268200.0	33
1662600.0	817
2932200.0	1337
5602200.0	2912
1.64472E7	6557
1.33014E7	5467
1.068E7	4660
8582400.0	4426
3325200.0	1600
6912600.0	3538
240600.0	28
9106800.0	4525
1.17282E7	4955
1.43496E7	5837
1.22526E7	5100
6650400.0	3423
481200.0	45
9631200.0	4536
1.4874E7	6036
2145600.0	1058
1.33008E7	5467
1.06794E7	4660
1335000.0	698
962400.0	522
1.59222E7	6404
4815600.0	2432
7437000.0	3804
3587400.0	1694
4291200.0	2093
1.38252E7	5629
1924800.0	957
2407800.0	1119
1.12038E7	4841
1.64466E7	6551
4553400.0	2222
7174800.0	3554
1.27824E7	5301
1335600.0	698
2933400.0	1338
6129000.0	3167
1.0161E7	4540
1.54038E7	6265
1.64526E7	6557
667800.0	379
5866800.0	2990
1.06854E7	4660
1.33068E7	5467
1.59282E7	6410
3195600.0	1499
8587800.0	4439
1925400.0	959
1.17336E7	4955
1.4355E7	5837
6653400.0	3425
6391200.0	3333
9112200.0	4525
1.48794E7	6036
9636600.0	4536
1.2258E7	5100
1.01604E7	4540
1.33062E7	5467
7701600.0	3917
4818000.0	2433
1.59276E7	6410
1597800.0	804
1.38306E7	5630
1.06848E7	4660
3850800.0	1924
2409000.0	1119
7439400.0	3805
4555800.0	2222
1.12092E7	4841
1.6452E7	6557
5342400.0	2726
1.48788E7	6036
9111600.0	4525
1.1733E7	4955
1.22574E7	5100
5604600.0	2912
8226000.0	4250
5080200.0	2669
2671200.0	1287
1.27818E7	5301
1.54032E7	6264
9636000.0	4536
7963800.0	4113
4113000.0	1987
5605200.0	2912
1.17348E7	4955
9113400.0	4525
1.48806E7	6036
1270200.0	661
930000.0	521
2802600.0	1334
5343000.0	2726
1.5405E7	6266
8226600.0	4250
1.27836E7	5301
9637800.0	4536
1.22592E7	5100
1860000.0	925
1.0686E7	4660
1.38318E7	5632
1.64532E7	6559
6391800.0	3333
6129600.0	3167
1.33074E7	5467
1.12104E7	4842
5867400.0	2990
1.43562E7	5837
3064800.0	1427
8589000.0	4440
465000.0	45
1.22586E7	5100
1.54044E7	6266
1532400.0	803
9637200.0	4536
7177800.0	3559
1.488E7	6036
4556400.0	2222
3457800.0	1621
1.59288E7	6411
766200.0	442
1.01616E7	4540
1.2783E7	5301
2278200.0	1063
4294200.0	2093
6915600.0	3538
7964400.0	4115
5080800.0	2669
3720000.0	1808
1.12098E7	4842
8588400.0	4439
1.38312E7	5632
1.17342E7	4955
3982200.0	1976
7702200.0	3917
4818600.0	2433
1.43556E7	5837
2540400.0	1225
7440000.0	3806
9112800.0	4525
6914400.0	3538
8586000.0	4438
733200.0	442
1.17318E7	4955
1.43532E7	5837
9110400.0	4525
3457200.0	1621
6652200.0	3423
1466400.0	778
1.48776E7	6036
9634800.0	4536
1.22562E7	5100
4555200.0	2222
1.01586E7	4540
1.33044E7	5467
7438800.0	3805
1.0683E7	4660
1.59258E7	6407
4817400.0	2433
2277600.0	1063
4293000.0	2093
1.38288E7	5629
366600.0	40
2056200.0	1024
3719400.0	1808
1.12074E7	4841
1.64502E7	6557
7176600.0	3554
2670600.0	1287
1138800.0	556
9109800.0	4525
1.4877E7	6036
1.17312E7	4955
4112400.0	1987
5603400.0	2912
1.22556E7	5100
5341200.0	2726
569400.0	187
9634200.0	4536
1.278E7	5301
8224800.0	4250
1.54014E7	6264
1.06824E7	4660
1728600.0	824
6390000.0	3333
2932800.0	1337
1.38282E7	5629
1.64496E7	6557
1.43526E7	5837
3195000.0	1497
5865600.0	2990
8585400.0	4438
1.12068E7	4841
6127800.0	3167
1.06842E7	4660
3064200.0	1426
1.383E7	5630
1.64514E7	6557
1.33056E7	5467
6390600.0	3333
6128400.0	3167
1.12086E7	4841
1.43544E7	5837
8587200.0	4439
1401000.0	730
1.54026E7	6264
1.22568E7	5100
7177200.0	3555
4293600.0	2093
3326400.0	1600
9635400.0	4536
1990800.0	976
6915000.0	3538
1.01598E7	4540
1.5927E7	6410
3588600.0	1696
2146800.0	1058
6652800.0	3423
1.27812E7	5301
995400.0	522
8225400.0	4250
1073400.0	526
831600.0	482
1.38294E7	5629
8586600.0	4439
1.1208E7	4841
5341800.0	2726
7963200.0	4113
2539800.0	1223
1.17324E7	4955
1.48782E7	6036
1663200.0	817
9111000.0	4525
1.43538E7	5837
3981600.0	1976
5079600.0	2669
7701000.0	3917
5866200.0	2990
2802000.0	1334
1.01592E7	4540
1.27806E7	5301
1.5402E7	6264
1.64508E7	6557
415800.0	42
1.3305E7	5467
5604000.0	2912
1.06836E7	4660
1.59264E7	6408
4296000.0	2093
1.22622E7	5100
1663800.0	817
175200.0	9
9640800.0	4536
1.48836E7	6036
4558200.0	2222
7179600.0	3561
2148000.0	1058
1.59324E7	6415
350400.0	40
1.01652E7	4540
6917400.0	3538
1.27866E7	5301
1.5408E7	6269
3589800.0	1696
7966200.0	4122
700800.0	390
5082600.0	2669
1.38348E7	5633
7704000.0	3917
2410200.0	1119
1.12134E7	4842
1.64562E7	6560
8592000.0	4440
1401600.0	736
3852000.0	1924
4820400.0	2433
7441800.0	3807
9116400.0	4525
1.17378E7	4955
1.43592E7	5837
1.2786E7	5301
9640200.0	4536
2803200.0	1334
1.54074E7	6268
6130800.0	3167
1.01646E7	4540
1926000.0	959
1.33104E7	5467
5606400.0	2912
5868600.0	2990
1.0689E7	4660
3065400.0	1427
963000.0	522
1.59318E7	6415
1074000.0	527
6655200.0	3428
1.43586E7	5837
8591400.0	4440
1.12128E7	4842
1.17372E7	4955
537000.0	61
3327600.0	1600
6393000.0	3333
9115800.0	4525
1.22616E7	5100
1.4883E7	6036
1.43604E7	5837
1.12146E7	4842
6918000.0	3538
8593200.0	4440
3196800.0	1499
1.1739E7	4955
1.48848E7	6036
9117600.0	4525
3459000.0	1621
6655800.0	3428
6393600.0	3333
1.22634E7	5100
7442400.0	3807
4558800.0	2222
1.01658E7	4540
1.33116E7	5469
1.5933E7	6415
1.27872E7	5301
7180200.0	3562
3721200.0	1808
2279400.0	1063
4296600.0	2093
1.3836E7	5634
1.06902E7	4660
1.64574E7	6560
1336200.0	698
1.48842E7	6036
1.17384E7	4955
4114200.0	1987
5607000.0	2912
1860600.0	925
199800.0	24
9117000.0	4525
2672400.0	1287
8228400.0	4250
9641400.0	4536
1.22628E7	5100
1.54086E7	6269
399600.0	41
5344800.0	2726
2934600.0	1338
1.64568E7	6560
6131400.0	3167
799200.0	477
1.3311E7	5467
1.06896E7	4660
5869200.0	2990
1.1214E7	4842
1.43598E7	5837
1598400.0	804
8592600.0	4440
1.38354E7	5633
2409600.0	1119
5343600.0	2726
3851400.0	1924
7965000.0	4117
8590200.0	4440
1.12116E7	4842
1.3833E7	5632
1.64544E7	6560
4819200.0	2433
1794600.0	882
2671800.0	1287
1.43574E7	5837
7702800.0	3917
9114600.0	4525
5081400.0	2669
1.1736E7	4955
1.27842E7	5301
9638400.0	4536
1.54056E7	6266
1.01628E7	4540
5868000.0	2990
4113600.0	1987
1.06872E7	4660
1.593E7	6414
2934000.0	1338
1.33086E7	5467
5605800.0	2912
8227200.0	4250
6916200.0	3538
150600.0	9
1.43568E7	5837
8589600.0	4440
3327000.0	1600
1.17354E7	4955
1467000.0	778
1028400.0	522
301200.0	40
9114000.0	4525
6654000.0	3427
1.48812E7	6036
1.22598E7	5100
2056800.0	1024
1.01622E7	4540
602400.0	216
3589200.0	1696
4557000.0	2222
2147400.0	1058
1.3308E7	5467
1.59294E7	6414
7440600.0	3806
1.38324E7	5632
1204800.0	618
7178400.0	3560
4294800.0	2093
1.06866E7	4660
1.1211E7	4842
1.64538E7	6560
514200.0	45
3720600.0	1808
4819800.0	2433
1.33098E7	5467
1.59312E7	6415
7703400.0	3917
1.0164E7	4540
2278800.0	1063
1729200.0	824
7441200.0	3806
1.38342E7	5633
1.06884E7	4660
4557600.0	2222
1.64556E7	6560
864600.0	482
1.48824E7	6036
1.17366E7	4955
3982800.0	1976
5344200.0	2726
2541000.0	1226
8227800.0	4250
9115200.0	4525
9639600.0	4536
7965600.0	4122
1.2261E7	5100
5082000.0	2669
1.27854E7	5301
1.54068E7	6266
1.06878E7	4660
1.6455E7	6560
1.33092E7	5467
6392400.0	3333
1.12122E7	4842
6130200.0	3167
1.4358E7	5837
1991400.0	977
8590800.0	4440
1.38336E7	5633
3196200.0	1499
1.22604E7	5100
1.54062E7	6266
43800.0	1
7179000.0	3561
9639000.0	4536
4295400.0	2093
6916800.0	3538
1.48818E7	6036
1.59306E7	6415
87600.0	1
1139400.0	556
3458400.0	1621
1.01634E7	4540
6654600.0	3427
1.27848E7	5301
1.1742E7	4955
570000.0	187
1.48878E7	6036
9120600.0	4525
1.43634E7	5838
5608800.0	2912
3984000.0	1976
1.54122E7	6270
1140000.0	558
8230200.0	4250
1.22664E7	5100
9645000.0	4536
2804400.0	1334
5346600.0	2726
7968000.0	4128
1.64604E7	6560
6133200.0	3167
1.33146E7	5469
1.06932E7	4660
1.5936E7	6417
5871000.0	2990
285000.0	38
1729800.0	824
3066600.0	1428
1.3839E7	5635
8596200.0	4440
1.12176E7	4842
9120000.0	4525
3459600.0	1621
4297800.0	2093
1.48872E7	6036
9644400.0	4536
7181400.0	3562
249000.0	28
1.22658E7	5100
6919200.0	3538
498000.0	45
1.01688E7	4540
1.27902E7	5301
1.54116E7	6270
2280000.0	1063
1.38384E7	5635
3721800.0	1808
1.1217E7	4842
1.64598E7	6560
1402200.0	739
996000.0	522
5084400.0	2669
7705800.0	3917
4560000.0	2222
8595600.0	4440
7443600.0	3808
112200.0	5
4822200.0	2433
1.17414E7	4955
1.43628E7	5838
1992000.0	977
2542200.0	1226
5085000.0	2669
1.38402E7	5636
1.06944E7	4660
3853200.0	1924
2411400.0	1119
7968600.0	4130
1.12188E7	4842
1.64616E7	6561
8597400.0	4440
7706400.0	3917
4822800.0	2433
1074600.0	527
1.17432E7	4955
1.43646E7	5838
2673600.0	1287
1.27914E7	5301
1.54128E7	6270
9645600.0	4536
1664400.0	817
5871600.0	2990
4115400.0	1987
1.017E7	4540
1.33158E7	5471
5347200.0	2726
1.59372E7	6424
832200.0	482
2935800.0	1338
5609400.0	2912
8230800.0	4250
668400.0	379
6919800.0	3538
1.12182E7	4842
1.4364E7	5838
8596800.0	4440
6657600.0	3428
1336800.0	698
1.48884E7	6036
9121200.0	4525
1.17426E7	4955
1.2267E7	5100
3328800.0	1600
6395400.0	3333
1.01694E7	4540
1.59366E7	6419
7444200.0	3810
3591000.0	1697
4560600.0	2222
2149200.0	1058
1.27908E7	5301
1.06938E7	4660
334200.0	40
1.38396E7	5636
1926600.0	959
1.6461E7	6560
7182000.0	3563
4298400.0	2093
1.33152E7	5470
1.64586E7	6560
1.06914E7	4660
1.33128E7	5469
6394200.0	3333
3066000.0	1427
1.12158E7	4842
1.38372E7	5634
8594400.0	4440
6132000.0	3167
1270800.0	661
6918600.0	3538
4297200.0	2093
3328200.0	1600
9642600.0	4536
1.2264E7	5100
1.48854E7	6036
1.59342E7	6416
635400.0	275
1.0167E7	4540
2148600.0	1058
1.54098E7	6269
6656400.0	3428
1.27884E7	5301
5083200.0	2669
1.12152E7	4842
5345400.0	2726
7966800.0	4123
1.38366E7	5634
1.6458E7	6560
4821000.0	2433
8593800.0	4440
2541600.0	1226
3983400.0	1976
7704600.0	3917
1.17396E7	4955
9118200.0	4525
1.4361E7	5837
9642000.0	4536
1.27878E7	5301
2803800.0	1334
1.54092E7	6269
5869800.0	2990
1.33122E7	5469
1.01664E7	4540
5607600.0	2912
1.06908E7	4660
1.59336E7	6416
8229000.0	4250
1533000.0	803
9643800.0	4536
1.27896E7	5301
5870400.0	2990
2057400.0	1024
6132600.0	3167
1.5411E7	6270
224400.0	28
1.01682E7	4540
1.3314E7	5469
2935200.0	1338
5608200.0	2912
448800.0	43
1.06926E7	4660
1.59354E7	6417
1.43622E7	5838
6657000.0	3428
3197400.0	1499
8595000.0	4440
1.12164E7	4842
1205400.0	618
897600.0	520
6394800.0	3333
9119400.0	4525
1.48866E7	6036
1.17408E7	4955
1.22652E7	5100
1795200.0	882
7705200.0	3917
1.59348E7	6416
1.01676E7	4540
1.33134E7	5469
1.2789E7	5301
4821600.0	2433
3590400.0	1697
1.0692E7	4660
3852600.0	1924
7443000.0	3807
1.38378E7	5635
1.64592E7	6560
2410800.0	1119
4559400.0	2222
7180800.0	3562
5346000.0	2726
1.4886E7	6036
1.17402E7	4955
1467600.0	778
8229600.0	4250
9118800.0	4525
1.43616E7	5838
2673000.0	1287
1.54104E7	6269
7967400.0	4124
1.22646E7	5100
5083800.0	2669
733800.0	442
4114800.0	1987
9643200.0	4536
1.12218E7	4842
1.43676E7	5839
8600400.0	4441
1.38432E7	5642
6659400.0	3442
3198600.0	1499
1.4892E7	6036
1.17462E7	4955
9124800.0	4525
6397200.0	3333
1468200.0	778
7446000.0	3812
1.59402E7	6431
4562400.0	2222
3460800.0	1621
1.0173E7	4540
1.27944E7	5301
2058000.0	1024
3723000.0	1808
1.06974E7	4660
1.64646E7	6561
7183800.0	3565
2281200.0	1065
4300200.0	2093
6921600.0	3538
1.33188E7	5476
1029000.0	522
2674200.0	1287
1.4367E7	5839
1140600.0	561
865200.0	482
9124200.0	4525
1.17456E7	4955
5610600.0	2912
8232000.0	4251
1.227E7	5100
1.54158E7	6271
5348400.0	2726
9648600.0	4536
1730400.0	826
7969800.0	4134
1.48914E7	6036
4116000.0	1987
6135000.0	3167
1.06968E7	4660
1.59396E7	6431
2936400.0	1338
1.33182E7	5475
432600.0	42
5872800.0	2990
8599800.0	4441
1.12212E7	4842
1.38426E7	5639
1.6464E7	6561
1.332E7	5478
6397800.0	3333
1402800.0	739
1.06986E7	4660
3067800.0	1428
1.59414E7	6431
701400.0	390
6135600.0	3168
1.38444E7	5649
1.1223E7	4842
1.64658E7	6561
3330000.0	1600
9125400.0	4525
1992600.0	977
1.22712E7	5100
1.48926E7	6036
6922200.0	3539
6660000.0	3443
1.27956E7	5301
9649800.0	4536
1.5417E7	6271
1.01742E7	4540
1.38438E7	5644
7970400.0	4136
1.0698E7	4660
5086800.0	2669
1.64652E7	6561
1665000.0	817
1.43682E7	5839
4824600.0	2433
8601000.0	4441
1.12224E7	4842
3985200.0	1976
2543400.0	1227
7708200.0	3919
1.17468E7	4955
9649200.0	4536
5611200.0	2912
1.22706E7	5100
1.2795E7	5301
1.54164E7	6271
5873400.0	2990
1.33194E7	5478
2805600.0	1334
5349000.0	2726
1.59408E7	6431
1.01736E7	4540
8232600.0	4251
1.59384E7	6426
7707000.0	3918
4823400.0	2433
1.01712E7	4540
1.27926E7	5301
7444800.0	3810
2280600.0	1063
1.06956E7	4660
1.38414E7	5637
1.64628E7	6561
1.3317E7	5474
7182600.0	3564
3722400.0	1808
4561200.0	2222
1599000.0	807
1.17438E7	4955
3984600.0	1976
5347800.0	2726
8231400.0	4250
1.43652E7	5838
2542800.0	1227
9122400.0	4525
7969200.0	4131
1.22682E7	5100
1.5414E7	6270
9646800.0	4536
5085600.0	2669
1.48896E7	6036
6396000.0	3333
1.64622E7	6561
1.0695E7	4660
1.33164E7	5474
1.59378E7	6426
3198000.0	1499
1271400.0	661
1.12194E7	4842
6133800.0	3167
8598000.0	4440
1.38408E7	5637
9121800.0	4525
1.4889E7	6036
1861200.0	925
9646200.0	4536
1.22676E7	5100
4299000.0	2093
6920400.0	3538
1.2792E7	5301
930600.0	521
3460200.0	1621
1.01706E7	4540
1.54134E7	6270
6658200.0	3432
7183200.0	3565
9123600.0	4525
4299600.0	2093
766800.0	442
1.48908E7	6036
1.22694E7	5100
6921000.0	3538
1.27938E7	5301
9648000.0	4536
3591600.0	1697
2149800.0	1058
1533600.0	803
1.54152E7	6270
1.01724E7	4540
1.3842E7	5637
4824000.0	2433
1.06962E7	4660
7707600.0	3918
1.12206E7	4842
1.64634E7	6561
5086200.0	2669
2412000.0	1119
4561800.0	2222
1.43664E7	5838
8599200.0	4440
383400.0	41
3853800.0	1924
7445400.0	3812
1.1745E7	4955
2805000.0	1334
1206000.0	618
5872200.0	2990
1.54146E7	6270
1.27932E7	5301
9647400.0	4536
1.22688E7	5100
1.01718E7	4540
5610000.0	2912
603000.0	216
1.33176E7	5474
1.5939E7	6430
1.122E7	4842
1795800.0	882
6658800.0	3442
1.43658E7	5838
3067200.0	1428
8598600.0	4440
1.17444E7	4955
3329400.0	1600
6396600.0	3333
9123000.0	4525
6134400.0	3167
1.48902E7	6036
1.07016E7	4660
3855000.0	1924
7972200.0	4138
5088600.0	2669
1.38474E7	5656
1.64688E7	6561
2413200.0	1119
1796400.0	882
1.43718E7	5839
7710000.0	3919
8604600.0	4441
1.1226E7	4842
4826400.0	2433
898200.0	520
2675400.0	1287
1.542E7	6271
1.22742E7	5100
4117200.0	1987
5613000.0	2912
9652800.0	4536
5350800.0	2726
1.59444E7	6431
1.01772E7	4540
1.3323E7	5482
8234400.0	4252
1.27986E7	5304
1.12254E7	4842
1.38468E7	5655
8604000.0	4441
6661200.0	3445
1.48956E7	6036
1.17498E7	4955
2058600.0	1024
9128400.0	4525
1.43712E7	5839
3330600.0	1600
6399000.0	3333
1.59438E7	6431
7447800.0	3814
1.01766E7	4540
4564200.0	2222
7185600.0	3571
2151000.0	1058
1.54194E7	6271
1.2798E7	5304
1.64682E7	6561
6923400.0	3539
1206600.0	618
3592800.0	1697
4302000.0	2093
1.0701E7	4660
1.33224E7	5481
4564800.0	2222
1731000.0	828
183600.0	14
7448400.0	3823
4827000.0	2433
1.01784E7	4540
1.27998E7	5305
1.54212E7	6271
2282400.0	1065
1.647E7	6561
4302600.0	2093
367200.0	41
3724200.0	1814
1.33242E7	5483
7186200.0	3579
1.07028E7	4660
1.59456E7	6431
8235000.0	4252
8605200.0	4441
734400.0	442
1.1751E7	4955
1.43724E7	5839
5351400.0	2726
7972800.0	4138
2544600.0	1227
4200.0	0
9129600.0	4525
1468800.0	778
1.48968E7	6036
9654000.0	4536
3986400.0	1976
1.22754E7	5101
5089200.0	2669
7710600.0	3920
8400.0	0
1.01778E7	4540
1.33236E7	5483
6399600.0	3333
2937600.0	1338
1.07022E7	4660
1.5945E7	6431
1993200.0	977
16800.0	0
1.3848E7	5661
3199800.0	1500
5875200.0	2990
1.12266E7	4842
6137400.0	3168
1.64694E7	6561
996600.0	522
33600.0	1
1141200.0	561
6924000.0	3539
9129000.0	4525
1.48962E7	6036
1.17504E7	4955
1.22748E7	5101
67200.0	1
570600.0	187
9653400.0	4536
3462000.0	1621
6661800.0	3445
1.27992E7	5304
1.54206E7	6271
134400.0	9
5874000.0	2990
9651000.0	4536
1.22724E7	5100
1.54182E7	6271
1337400.0	699
963600.0	522
268800.0	34
2937000.0	1338
5611800.0	2912
1.01754E7	4540
1.33212E7	5479
1.59426E7	6431
1.27968E7	5301
1927200.0	959
537600.0	62
1.12236E7	4842
1.43694E7	5839
6660600.0	3445
6398400.0	3333
8602200.0	4441
1.3845E7	5652
1075200.0	527
1.48938E7	6036
1.1748E7	4955
6136200.0	3168
3199200.0	1499
9126600.0	4525
481800.0	45
2150400.0	1058
1.5942E7	6431
1599600.0	807
1.01748E7	4540
1.27962E7	5301
1.54176E7	6271
4825200.0	2433
7446600.0	3813
3592200.0	1697
4300800.0	2093
1.64664E7	6561
799800.0	478
1.33206E7	5479
1.06992E7	4660
2412600.0	1119
4563000.0	2222
7184400.0	3567
8601600.0	4441
8233200.0	4252
5349600.0	2726
3854400.0	1924
9126000.0	4525
1.17474E7	4955
1.43688E7	5839
7971000.0	4136
1.22718E7	5100
4116600.0	1987
91800.0	1
5087400.0	2669
2674800.0	1287
7708800.0	3919
9650400.0	4536
1.48932E7	6036
8603400.0	4441
2544000.0	1227
5612400.0	2912
3985800.0	1976
1.17492E7	4955
8233800.0	4252
9127800.0	4525
1.43706E7	5839
5088000.0	2669
1861800.0	925
2806200.0	1335
5350200.0	2726
7971600.0	4138
9652200.0	4536
1.22736E7	5100
1.4895E7	6036
1.33218E7	5480
1.0176E7	4540
1.07004E7	4660
1.59432E7	6431
6136800.0	3168
1.12248E7	4842
5874600.0	2990
1.38462E7	5655
1.64676E7	6561
3068400.0	1428
7185000.0	3568
159000.0	9
1.48944E7	6036
9127200.0	4525
3461400.0	1621
4301400.0	2093
1.2273E7	5100
1534200.0	803
9651600.0	4536
318000.0	40
1.27974E7	5304
6922800.0	3539
1.54188E7	6271
4825800.0	2433
636000.0	277
3723600.0	1808
2281800.0	1065
1.38456E7	5653
1.06998E7	4660
1.6467E7	6561
7709400.0	3919
1.437E7	5839
1272000.0	661
7447200.0	3814
1.12242E7	4842
4563600.0	2222
8602800.0	4441
1.17486E7	4955
1.01814E7	4540
1.33272E7	5487
6401400.0	3333
6139200.0	3168
1.59486E7	6434
232800.0	28
1.38516E7	5678
5877000.0	2990
1.07058E7	4660
3069600.0	1428
1.12302E7	4842
1.6473E7	6561
465600.0	45
6925800.0	3539
1.1754E7	4955
3331800.0	1600
9132600.0	4525
1.48998E7	6036
1272600.0	661
931200.0	521
1.54242E7	6271
6663600.0	3446
1.28028E7	5306
9657000.0	4536
1.22784E7	5104
1862400.0	925
7974000.0	4144
1.07052E7	4660
1.3851E7	5674
1.64724E7	6561
1.33266E7	5487
5090400.0	2669
3724800.0	1814
1.12296E7	4842
3987000.0	1976
7711800.0	3920
1.43754E7	5841
4828200.0	2433
8608200.0	4441
2545200.0	1227
7449600.0	3825
5614800.0	2912
1.22778E7	5104
1.54236E7	6271
1534800.0	803
9656400.0	4536
1.48992E7	6036
2807400.0	1335
5352600.0	2726
1.5948E7	6431
8236200.0	4252
767400.0	442
1.01808E7	4540
1.28022E7	5306
1.22796E7	5107
603600.0	216
1.54254E7	6272
9658200.0	4536
1.4901E7	6036
5877600.0	2990
4118400.0	1987
1207200.0	618
1.59498E7	6434
1.01826E7	4540
1.2804E7	5306
2938800.0	1338
5615400.0	2912
8236800.0	4252
6402000.0	3333
8609400.0	4441
1.12308E7	4842
1.38522E7	5679
1.64736E7	6561
6139800.0	3168
301800.0	40
1797000.0	882
1.43766E7	5841
3201000.0	1500
9133800.0	4525
1.17552E7	4955
1.28034E7	5306
9657600.0	4536
3594000.0	1697
4566600.0	2222
2152200.0	1058
1.54248E7	6271
7450200.0	3826
1.0182E7	4540
257400.0	28
7188000.0	3586
4304400.0	2093
1.07064E7	4660
1.59492E7	6434
1.33278E7	5491
514800.0	45
2414400.0	1119
1.4376E7	5841
8608800.0	4441
5353200.0	2726
3856200.0	1924
1.17546E7	4955
7974600.0	4147
1469400.0	778
1029600.0	522
4828800.0	2433
9133200.0	4525
2676600.0	1287
7712400.0	3921
1.49004E7	6036
1.2279E7	5104
5091000.0	2669
2059200.0	1024
1.4898E7	6036
7186800.0	3580
9130800.0	4525
1.17522E7	4955
4303200.0	2093
1.22766E7	5104
3331200.0	1600
6924600.0	3539
1.2801E7	5305
1.54224E7	6271
9655200.0	4536
3593400.0	1697
2151600.0	1058
6662400.0	3445
1.07034E7	4660
1.38492E7	5672
7711200.0	3920
4827600.0	2433
1.64706E7	6561
1.33248E7	5483
3855600.0	1924
2413800.0	1119
7449000.0	3825
1.12278E7	4842
4565400.0	2222
1.43736E7	5839
8606400.0	4441
1403400.0	741
5875800.0	2990
1.54218E7	6271
1.2276E7	5101
1927800.0	960
208200.0	26
9654600.0	4536
2806800.0	1335
1.0179E7	4540
1.59462E7	6431
416400.0	42
1.28004E7	5305
5613600.0	2912
3069000.0	1428
1075800.0	527
832800.0	482
1.38486E7	5669
6400200.0	3333
8605800.0	4441
1.12272E7	4842
1.17516E7	4955
6138000.0	3168
1.48974E7	6036
1665600.0	817
9130200.0	4525
1.4373E7	5839
3200400.0	1500
1.1229E7	4842
8607600.0	4441
1.38504E7	5673
6663000.0	3445
6400800.0	3333
1.17534E7	4955
1.43748E7	5841
9132000.0	4525
1.28016E7	5305
1338000.0	699
7187400.0	3585
4566000.0	2222
3462600.0	1621
1.01802E7	4540
1.5423E7	6271
1.64718E7	6561
669000.0	379
2283000.0	1065
4303800.0	2093
6925200.0	3539
1.07046E7	4660
1.3326E7	5486
1.59474E7	6431
8607000.0	4441
5352000.0	2726
1.17528E7	4955
5614200.0	2912
8235600.0	4252
1.43742E7	5839
9131400.0	4525
5089800.0	2669
2676000.0	1287
7973400.0	4142
1.48986E7	6036
4117800.0	1987
9655800.0	4536
1.22772E7	5104
1.01796E7	4540
1.33254E7	5484
1.59468E7	6431
2938200.0	1338
58200.0	1
6138600.0	3168
1600200.0	807
1.38498E7	5673
1.0704E7	4660
5876400.0	2990
1.12284E7	4842
1.64712E7	6561
116400.0	7
9661200.0	4536
1.2807E7	5309
7452000.0	3831
4568400.0	2222
800400.0	480
1.54284E7	6274
1.33314E7	5493
7189800.0	3594
1.01856E7	4540
3726000.0	1814
2284200.0	1065
4306200.0	2093
1600800.0	807
1.071E7	4660
1.59528E7	6434
1.43796E7	5841
5092800.0	2669
1.12338E7	4842
8612400.0	4441
1.17582E7	4955
5355000.0	2726
7976400.0	4157
4830600.0	2433
2546400.0	1227
1.4904E7	6036
9136800.0	4525
400200.0	41
3988200.0	1976
1.22826E7	5110
7714200.0	3921
2939400.0	1338
1273200.0	661
6141000.0	3170
1.0185E7	4540
1.33308E7	5493
1.59522E7	6434
1.28064E7	5309
5878800.0	2990
636600.0	308
1.38552E7	5684
1.07094E7	4660
1.64766E7	6561
1.49034E7	6036
1.17576E7	4955
1863000.0	925
6927600.0	3539
3201600.0	1501
9136200.0	4525
9660600.0	4536
1.2282E7	5108
3463800.0	1621
1.54278E7	6274
6665400.0	3447
6403200.0	3333
1.49052E7	6036
1.17594E7	4956
6928200.0	3539
9138000.0	4525
1.43808E7	5841
4306800.0	2093
3333000.0	1600
1.54296E7	6274
1.22838E7	5110
9662400.0	4536
2153400.0	1058
6666000.0	3447
1535400.0	803
7714800.0	3921
1.64778E7	6561
4831200.0	2433
3595200.0	1697
1.07106E7	4660
1.3332E7	5493
3857400.0	1924
7452600.0	3833
1.1235E7	4842
1.38564E7	5684
2415600.0	1119
4569000.0	2222
7190400.0	3595
8613600.0	4441
2808600.0	1335
1207800.0	618
898800.0	520
5879400.0	2990
9661800.0	4536
1.22832E7	5110
1.49046E7	6036
1.59534E7	6434
1.01862E7	4540
5617200.0	2912
1797600.0	882
1.5429E7	6274
8238600.0	4252
1.28076E7	5312
1.12344E7	4842
1.38558E7	5684
1.64772E7	6561
6403800.0	3333
3070800.0	1429
8613000.0	4441
449400.0	43
1.17588E7	4955
9137400.0	4525
1.43802E7	5841
6141600.0	3171
1.43778E7	5841
8610600.0	4441
1.1232E7	4842
3987600.0	1976
5353800.0	2726
2545800.0	1227
1.17564E7	4955
8237400.0	4252
9135000.0	4525
7975200.0	4151
5091600.0	2669
1141800.0	564
1.22808E7	5108
1.49022E7	6036
1.3329E7	5492
2808000.0	1335
1.59504E7	6434
1.01832E7	4540
1731600.0	832
6140400.0	3170
1.38534E7	5681
5616000.0	2912
1.07076E7	4660
5878200.0	2990
1.64748E7	6561
865800.0	482
3070200.0	1428
1.49016E7	6036
702000.0	390
7188600.0	3593
1.17558E7	4955
9134400.0	4525
4305000.0	2093
6926400.0	3539
9658800.0	4536
1404000.0	742
1.22802E7	5108
1.28046E7	5306
1.5426E7	6272
3463200.0	1621
6664200.0	3446
3725400.0	1814
1.0707E7	4660
4829400.0	2433
1.64742E7	6561
7713000.0	3921
2283600.0	1065
1.33284E7	5491
7450800.0	3830
1.12314E7	4842
351000.0	40
1.43772E7	5841
1993800.0	977
4567200.0	2222
8610000.0	4441
1.38528E7	5680
1076400.0	527
7975800.0	4154
1.6476E7	6561
5092200.0	2669
1.33302E7	5493
1.07088E7	4660
7713600.0	3921
2415000.0	1119
538200.0	63
1.12332E7	4842
1.4379E7	5841
8611800.0	4441
1.38546E7	5683
3856800.0	1924
4830000.0	2433
7451400.0	3831
1.22814E7	5108
1666200.0	817
4119000.0	1987
5616600.0	2912
2677200.0	1287
9660000.0	4536
1.49028E7	6036
1.59516E7	6434
8238000.0	4252
1.01844E7	4540
5354400.0	2726
1.28058E7	5309
1.54272E7	6274
6664800.0	3447
1.3854E7	5681
1.12326E7	4842
1.64754E7	6561
8611200.0	4441
3332400.0	1600
6402600.0	3333
1338600.0	699
9135600.0	4525
1.1757E7	4955
1.43784E7	5841
4305600.0	2093
1.28052E7	5307
9659400.0	4536
1.54266E7	6274
1.01838E7	4540
1928400.0	960
4567800.0	2222
7189200.0	3593
2152800.0	1058
1.33296E7	5492
1.07082E7	4660
6927000.0	3539
964200.0	522
1.5951E7	6434
3594600.0	1697
9141000.0	4525
2678400.0	1287
1.49082E7	6036
5881200.0	2990
4120200.0	1987
9665400.0	4536
1.22868E7	5112
1.28112E7	5318
5356800.0	2726
1929000.0	960
2940600.0	1338
5619000.0	2912
8240400.0	4253
1.01898E7	4540
1.54326E7	6275
6405600.0	3333
1.38594E7	5689
1.07136E7	4660
1.1238E7	4842
1.64808E7	6561
3202800.0	1506
8616600.0	4441
1077000.0	527
1.17624E7	4960
1.43838E7	5841
6143400.0	3172
1601400.0	807
167400.0	9
1.28106E7	5318
1.5432E7	6275
7453800.0	3833
9664800.0	4536
3595800.0	1697
4570200.0	2222
2154000.0	1058
1.01892E7	4540
1.3335E7	5500
334800.0	40
7191600.0	3598
4308000.0	2093
1.59564E7	6434
5094600.0	2669
669600.0	379
3858000.0	1924
2416200.0	1120
1.12374E7	4842
1.43832E7	5841
7978200.0	4160
8616000.0	4441
71400.0	1
1339200.0	699
7716000.0	3921
4832400.0	2433
1.49076E7	6036
9140400.0	4525
1.17618E7	4959
1.22862E7	5111
1.12392E7	4842
3989400.0	1976
5357400.0	2730
8241000.0	4253
1.4385E7	5841
8617800.0	4441
2547600.0	1227
1863600.0	925
7978800.0	4161
1.17636E7	4963
9142200.0	4525
1.49094E7	6036
5095200.0	2669
931800.0	521
2809800.0	1335
1.59576E7	6434
5881800.0	2990
1.01904E7	4540
1.28118E7	5319
5619600.0	2912
1.07148E7	4660
1.38606E7	5691
1.6482E7	6561
1.33362E7	5500
1.1763E7	4962
1.43844E7	5841
9141600.0	4525
4308600.0	2093
6930000.0	3541
1.22874E7	5112
1.54332E7	6275
9666000.0	4536
1.49088E7	6036
3465000.0	1621
6667800.0	3450
1.64814E7	6561
7716600.0	3921
4833000.0	2433
7454400.0	3834
2285400.0	1065
1.07142E7	4660
1.33356E7	5500
1.5957E7	6434
7192200.0	3598
1273800.0	661
3727200.0	1814
1.12386E7	4842
4570800.0	2222
8617200.0	4441
1.386E7	5691
1.38576E7	5688
6666600.0	3447
3202200.0	1501
1470000.0	778
1.12362E7	4842
1.6479E7	6561
8614800.0	4441
6404400.0	3333
735000.0	442
1.17606E7	4956
1.4382E7	5841
9663000.0	4536
3464400.0	1621
4307400.0	2093
1.28088E7	5313
2059800.0	1024
1.54302E7	6274
7191000.0	3597
6928800.0	3539
1.01874E7	4540
1.33332E7	5494
1.07118E7	4660
1.59546E7	6434
5355600.0	2726
1.43814E7	5841
8239200.0	4253
8614200.0	4441
1.12356E7	4842
2677800.0	1287
1732200.0	833
7977000.0	4158
9138600.0	4525
5093400.0	2669
1.49058E7	6036
1.176E7	4956
4119600.0	1987
1.22844E7	5110
1.5954E7	6434
1.01868E7	4540
5880000.0	2990
1.33326E7	5493
6142200.0	3171
1.28082E7	5312
1.07112E7	4660
2940000.0	1338
5617800.0	2912
1.3857E7	5687
1.64784E7	6561
142800.0	9
6142800.0	3172
1.01886E7	4540
1.59558E7	6434
1.281E7	5316
1404600.0	743
997200.0	522
5880600.0	2990
285600.0	38
1.0713E7	4660
3071400.0	1429
1.38588E7	5688
1.64802E7	6561
1.33344E7	5500
1994400.0	977
1.17612E7	4957
571200.0	187
1.4907E7	6036
6929400.0	3541
6667200.0	3449
9139800.0	4525
1.43826E7	5841
1.54314E7	6275
1142400.0	564
1.22856E7	5111
3333600.0	1600
6405000.0	3333
9664200.0	4536
498600.0	45
2284800.0	1065
1.64796E7	6561
3726600.0	1814
1666800.0	817
1.33338E7	5499
1.07124E7	4660
1.59552E7	6434
5094000.0	2669
7715400.0	3921
4569600.0	2222
7453200.0	3833
833400.0	482
1.38582E7	5688
4831800.0	2433
8615400.0	4441
1.12368E7	4842
2547000.0	1227
9139200.0	4525
1.49064E7	6036
9663600.0	4536
5618400.0	2912
3988800.0	1976
1.2285E7	5111
8239800.0	4253
2809200.0	1335
5356200.0	2726
7977600.0	4160
1.0188E7	4540
1.28094E7	5316
1.54308E7	6275
8620800.0	4441
3334800.0	1600
6931800.0	3541
9145200.0	4525
1.17666E7	4970
1.4388E7	5841
1.2291E7	5129
6669600.0	3461
9669600.0	4536
1.49124E7	6036
2155200.0	1058
1.33392E7	5508
1405200.0	744
1.07178E7	4660
1.59606E7	6434
4834800.0	2433
7456200.0	3834
3597000.0	1697
4310400.0	2093
702600.0	390
1.38636E7	5691
2417400.0	1120
1.12422E7	4842
1.6485E7	6561
4572600.0	2222
7194000.0	3605
538800.0	64
9144600.0	4525
5620800.0	2912
5883000.0	2990
1.22904E7	5128
1.49118E7	6036
1077600.0	527
1.28148E7	5320
9669000.0	4536
2810400.0	1335
5358600.0	2730
1.54362E7	6277
8242200.0	4253
1.01934E7	4540
1.3863E7	5691
6407400.0	3333
1.07172E7	4660
1.64844E7	6561
3072600.0	1429
269400.0	34
1667400.0	817
1.43874E7	5841
8620200.0	4441
1.12416E7	4842
1.1766E7	4969
6145200.0	3175
1.38648E7	5691
6670200.0	3465
1.0719E7	4660
6408000.0	3333
1.64862E7	6561
241200.0	28
1.43892E7	5841
1.12434E7	4842
6145800.0	3175
8622000.0	4441
3204000.0	1510
1.17678E7	4971
482400.0	45
7194600.0	3606
9670200.0	4536
1.22916E7	5129
3466200.0	1621
4311000.0	2093
1.54374E7	6277
3000.0	0
1339800.0	699
964800.0	522
6932400.0	3541
1.01946E7	4540
6000.0	0
1.33404E7	5509
1.59618E7	6434
1.2816E7	5320
1929600.0	960
8242800.0	4253
1.12428E7	4842
1.43886E7	5841
12000.0	0
8621400.0	4441
1.38642E7	5691
5359200.0	2730
3859200.0	1924
7980600.0	4163
1.4913E7	6036
1.17672E7	4971
4121400.0	1987
24000.0	1
9145800.0	4525
5097000.0	2669
2679600.0	1287
7718400.0	3921
1.59612E7	6434
5883600.0	2990
48000.0	1
1602000.0	807
1.0194E7	4540
1.28154E7	5320
1.54368E7	6277
2941800.0	1338
5621400.0	2912
1.64856E7	6561
96000.0	1
801000.0	481
1.33398E7	5508
1.07184E7	4660
4833600.0	2433
1798200.0	882
192000.0	17
1.0716E7	4660
7717200.0	3921
1.59588E7	6434
5095800.0	2669
1.33374E7	5508
2416800.0	1120
4571400.0	2222
384000.0	41
3858600.0	1924
7455000.0	3834
8619000.0	4441
1.12404E7	4842
1.38618E7	5691
1.64832E7	6561
9142800.0	4525
768000.0	442
2679000.0	1287
1.491E7	6036
1.22886E7	5119
5620200.0	2912
8241600.0	4253
1.2813E7	5319
9667200.0	4536
1536000.0	803
5358000.0	2730
1.54344E7	6275
7979400.0	4162
1.01916E7	4540
4120800.0	1987
1.38612E7	5691
6668400.0	3450
1.07154E7	4660
3072000.0	1429
1.12398E7	4842
1.64826E7	6561
2060400.0	1024
1.43856E7	5841
8618400.0	4441
3334200.0	1600
6406200.0	3333
6144000.0	3174
1.17642E7	4963
1030200.0	522
1208400.0	618
7192800.0	3598
4309200.0	2093
1.54338E7	6275
1.28124E7	5319
9666600.0	4536
1.2288E7	5115
6930600.0	3541
1.0191E7	4540
604200.0	216
3596400.0	1697
2154600.0	1058
1.33368E7	5500
1.59582E7	6434
120600.0	8
7455600.0	3834
9668400.0	4536
1.22898E7	5121
1.28142E7	5319
1.54356E7	6277
4572000.0	2222
3465600.0	1621
3727800.0	1817
1.33386E7	5508
7193400.0	3604
1.596E7	6434
1.01928E7	4540
2286000.0	1065
4309800.0	2093
6931200.0	3541
1.1241E7	4842
1.43868E7	5841
7980000.0	4162
5096400.0	2669
8619600.0	4441
1.38624E7	5691
1.49112E7	6036
4834200.0	2433
1.17654E7	4967
3990000.0	1976
2548200.0	1227
7717800.0	3921
9144000.0	4525
1470600.0	778
6144600.0	3174
1.59594E7	6434
1995000.0	979
216600.0	28
1.01922E7	4540
1.28136E7	5319
2941200.0	1338
1.07166E7	4660
1.64838E7	6561
433200.0	42
1.3338E7	5508
5882400.0	2990
1.43862E7	5841
1143000.0	564
866400.0	482
6669000.0	3454
3203400.0	1507
9143400.0	4525
1.17648E7	4966
1.22892E7	5120
1.5435E7	6277
9667800.0	4536
1732800.0	835
6406800.0	3333
1.49106E7	6036
1143600.0	567
8244600.0	4253
1.38678E7	5693
8625000.0	4441
1.12464E7	4842
5361000.0	2731
7982400.0	4164
2549400.0	1227
1.17708E7	4972
571800.0	187
1.49166E7	6036
9149400.0	4525
1.43922E7	5841
3991200.0	1976
5098800.0	2670
7720200.0	3925
5885400.0	2991
1733400.0	835
2811600.0	1335
1.01976E7	4540
1.2819E7	5324
1.54404E7	6277
1.64892E7	6561
1.33434E7	5511
5623200.0	2912
1.0722E7	4660
1.59648E7	6434
6933600.0	3541
8624400.0	4441
1.17702E7	4972
1.43916E7	5841
9148800.0	4525
3466800.0	1621
6671400.0	3474
1.4916E7	6036
9673200.0	4536
1405800.0	747
1.22946E7	5132
4574400.0	2222
1.0197E7	4540
1.33428E7	5511
7458000.0	3837
1.07214E7	4660
1.59642E7	6434
4836600.0	2433
1995600.0	979
2287200.0	1065
4312200.0	2093
1.38672E7	5693
3729000.0	1820
1.12458E7	4842
1.64886E7	6561
7195800.0	3613
997800.0	522
1.01988E7	4540
1.33446E7	5512
7720800.0	3925
4837200.0	2433
1078200.0	527
1.5966E7	6434
834000.0	482
1.3869E7	5693
1.07232E7	4663
3860400.0	1924
2418600.0	1122
7458600.0	3837
4575000.0	2222
1668000.0	817
1.12476E7	4842
1.64904E7	6561
5361600.0	2731
1.49172E7	6036
9150000.0	4525
1.17714E7	4974
1.22958E7	5132
5623800.0	2912
8245200.0	4253
5099400.0	2670
2680800.0	1287
1.28202E7	5324
1.54416E7	6277
9674400.0	4536
7983000.0	4166
417000.0	42
4122600.0	1987
1.07226E7	4663
3073800.0	1430
1340400.0	699
1.38684E7	5693
1.64898E7	6561
1.3344E7	5511
6409800.0	3333
6147600.0	3178
670200.0	379
1.1247E7	4842
1.43928E7	5841
8625600.0	4441
1.5441E7	6277
1.22952E7	5132
1930200.0	960
7196400.0	3622
4312800.0	2093
3336000.0	1600
9673800.0	4536
6934200.0	3541
1.01982E7	4540
1.59654E7	6434
3598200.0	1697
2156400.0	1058
6672000.0	3476
1.28196E7	5324
1.5963E7	6434
637200.0	341
1.01958E7	4540
1.54386E7	6277
1.28172E7	5323
6146400.0	3175
1.64874E7	6561
1274400.0	661
5884200.0	2990
1.07202E7	4660
1.33416E7	5511
3073200.0	1429
8622600.0	4441
1.17684E7	4971
6670800.0	3471
9147000.0	4525
1.43898E7	5841
318600.0	40
1864200.0	925
3335400.0	1600
6408600.0	3333
9671400.0	4536
1.22928E7	5129
1.49142E7	6036
4835400.0	2433
1.3341E7	5511
1.01952E7	4540
3728400.0	1818
2286600.0	1065
1.07196E7	4660
1.59624E7	6434
7719000.0	3922
7456800.0	3835
4573200.0	2222
1.1244E7	4842
1.38654E7	5693
1.64868E7	6561
2548800.0	1227
1.49136E7	6036
9146400.0	4525
5622000.0	2912
3990600.0	1976
1.22922E7	5129
8243400.0	4253
1536600.0	803
9670800.0	4536
5097600.0	2669
1.28166E7	5320
2811000.0	1335
5359800.0	2730
7981200.0	4163
1.5438E7	6277
2680200.0	1287
9148200.0	4525
1.49154E7	6036
1.17696E7	4972
4122000.0	1987
5622600.0	2912
1.2294E7	5130
5360400.0	2730
9672600.0	4536
1.28184E7	5323
8244000.0	4253
1209000.0	618
1.54398E7	6277
1.07208E7	4660
6409200.0	3333
2942400.0	1338
1.38666E7	5693
1.6488E7	6561
1798800.0	882
1.4391E7	5841
3204600.0	1510
5884800.0	2990
8623800.0	4441
1.12452E7	4842
6147000.0	3177
899400.0	520
1.54392E7	6277
7457400.0	3835
1.22934E7	5130
735600.0	442
9672000.0	4536
4573800.0	2222
7195200.0	3606
2155800.0	1058
1.59636E7	6434
1.01964E7	4540
1471200.0	778
1.33422E7	5511
6933000.0	3541
1.28178E7	5323
3597600.0	1697
4311600.0	2093
3859800.0	1924
1.12446E7	4842
7981800.0	4164
5098200.0	2669
1.3866E7	5693
2418000.0	1120
8623200.0	4441
7719600.0	3925
1.49148E7	6036
1.1769E7	4972
367800.0	41
2061000.0	1024
4836000.0	2433
9147600.0	4525
1.43904E7	5841
151200.0	9
1.07262E7	4663
1.64934E7	6561
1.33476E7	5512
6411600.0	3333
1471800.0	778
1030800.0	522
1.12506E7	4842
6149400.0	3184
302400.0	40
1.43964E7	5841
8629200.0	4441
1.3872E7	5693
3205800.0	1510
2061600.0	1024
1.22988E7	5145
604800.0	216
1.54446E7	6277
7198200.0	3627
9677400.0	4536
4314600.0	2093
6936000.0	3541
1.49202E7	6036
1209600.0	618
1.5969E7	6434
3468000.0	1621
1.02018E7	4540
6673800.0	3478
1.28232E7	5325
515400.0	45
2419200.0	1122
5362800.0	2733
3861000.0	1924
1734000.0	836
7984200.0	4168
8628600.0	4441
1.125E7	4842
1.38714E7	5693
1.64928E7	6561
4838400.0	2433
2681400.0	1288
1.43958E7	5841
7722000.0	3926
867000.0	483
9153000.0	4525
5100600.0	2670
1.17744E7	4975
1.28226E7	5325
9676800.0	4536
1.5444E7	6277
1.02012E7	4540
5887200.0	2991
4123200.0	1987
1.07256E7	4663
1.59684E7	6434
2943600.0	1338
1.3347E7	5512
5625000.0	2912
8246400.0	4253
1.28244E7	5325
9678600.0	4536
2812800.0	1335
1.54458E7	6277
6150000.0	3185
1.0203E7	4540
1.33488E7	5512
5625600.0	2912
1996200.0	979
5887800.0	2991
1.07274E7	4663
3075000.0	1430
1.59702E7	6434
6674400.0	3478
1.4397E7	5841
8629800.0	4441
1.12512E7	4842
1.17756E7	4976
3337200.0	1600
6412200.0	3333
9154200.0	4525
1144200.0	573
1.23E7	5146
1.49214E7	6036
3730200.0	1825
1668600.0	817
4839000.0	2440
1.33482E7	5512
175800.0	9
1.59696E7	6434
7722600.0	3926
1.02024E7	4540
2288400.0	1065
7460400.0	3842
1.38726E7	5693
351600.0	40
1.07268E7	4663
4576800.0	2222
1.6494E7	6561
1.49208E7	6036
703200.0	390
1.1775E7	4975
3992400.0	1976
5363400.0	2739
2550600.0	1227
8247000.0	4253
9153600.0	4525
9678000.0	4536
1406400.0	756
7984800.0	4169
1.22994E7	5146
5101200.0	2670
1.28238E7	5325
1.54452E7	6277
1.2297E7	5138
1.54428E7	6277
9675600.0	4536
7197000.0	3624
1.49184E7	6036
4575600.0	2222
3467400.0	1621
1602600.0	807
1.59672E7	6434
1.02E7	4540
1.28214E7	5325
2287800.0	1065
4313400.0	2093
6934800.0	3541
7983600.0	4168
5100000.0	2670
3729600.0	1824
1.12482E7	4842
8626800.0	4441
1.38696E7	5693
1.17726E7	4975
3991800.0	1976
7721400.0	3926
4837800.0	2433
1.4394E7	5841
2550000.0	1227
7459200.0	3838
9151200.0	4525
1.28208E7	5324
2943000.0	1338
1275000.0	661
932400.0	521
6148200.0	3178
1.01994E7	4540
1.54422E7	6277
1.6491E7	6561
5886000.0	2991
1864800.0	925
1.07238E7	4663
1.33452E7	5512
1.59666E7	6434
3205200.0	1510
8626200.0	4441
1.1772E7	4975
1.43934E7	5841
6672600.0	3476
6410400.0	3333
9150600.0	4525
1.49178E7	6036
466200.0	45
9675000.0	4536
1.22964E7	5135
6935400.0	3541
1.43952E7	5841
8628000.0	4441
3336600.0	1600
1537200.0	803
1.17738E7	4975
9152400.0	4525
6673200.0	3478
768600.0	442
1.49196E7	6036
1.22982E7	5142
1.02006E7	4540
3598800.0	1697
4576200.0	2222
2157000.0	1058
1.33464E7	5512
1.59678E7	6434
7459800.0	3842
1.38708E7	5693
7197600.0	3626
4314000.0	2093
1.0725E7	4663
1.12494E7	4842
1.64922E7	6561
5624400.0	2912
1.17732E7	4975
9151800.0	4525
1.4919E7	6036
2812200.0	1335
5362200.0	2731
1799400.0	882
1.54434E7	6277
8245800.0	4253
1.2822E7	5325
9676200.0	4536
1.22976E7	5141
37800.0	1
1.07244E7	4663
1.38702E7	5693
1.64916E7	6561
6411000.0	3333
6148800.0	3181
1.33458E7	5512
1.12488E7	4842
75600.0	1
5886600.0	2991
1.43946E7	5841
3074400.0	1430
8627400.0	4441
7724400.0	3926
1.59732E7	6434
1.0206E7	4545
1.33518E7	5512
1.28274E7	5329
4840800.0	2444
3600000.0	1697
1.07304E7	4663
3862200.0	1924
7462200.0	3846
1.38762E7	5693
1.64976E7	6561
2420400.0	1122
4578600.0	2222
7200000.0	3632
5365200.0	2739
1.49244E7	6036
1.17786E7	4976
8248800.0	4253
9157200.0	4525
1.44E7	5841
2682600.0	1291
1.54488E7	6277
7986600.0	4170
1.2303E7	5149
5103000.0	2670
4124400.0	1987
9681600.0	4536
1537800.0	803
1.6497E7	6561
2062200.0	1024
225000.0	28
1.07298E7	4663
1.33512E7	5512
6413400.0	3333
3075600.0	1430
1.12542E7	4842
1.38756E7	5693
450000.0	44
8632800.0	4441
6151200.0	3189
6937800.0	3542
1210200.0	618
900000.0	520
4316400.0	2094
3337800.0	1600
9681000.0	4536
1.23024E7	5149
1.49238E7	6036
1.59726E7	6434
100200.0	2
1.02054E7	4542
1800000.0	882
2158200.0	1058
1.54482E7	6277
6675600.0	3481
1.28268E7	5329
9158400.0	4525
3469200.0	1621
4317000.0	2094
1.49256E7	6036
9682800.0	4536
7200600.0	3635
1.23042E7	5150
6938400.0	3542
1.02072E7	4547
1.28286E7	5329
1.545E7	6277
2289600.0	1065
1.38768E7	5693
1472400.0	778
3731400.0	1825
1.12554E7	4842
1.64982E7	6561
5103600.0	2670
7725000.0	3926
4579200.0	2222
8634000.0	4441
736200.0	442
7462800.0	3846
4841400.0	2445
1.17798E7	4976
1.44012E7	5841
2551800.0	1227
572400.0	187
9682200.0	4536
1.2828E7	5329
5889600.0	2991
6151800.0	3190
1.54494E7	6277
1144800.0	582
1.02066E7	4545
1.33524E7	5512
2944800.0	1338
5627400.0	2912
1.0731E7	4663
1.59738E7	6434
1.44006E7	5841
6676200.0	3483
3207000.0	1510
8633400.0	4441
1.12548E7	4842
286200.0	38
1734600.0	836
6414000.0	3333
9157800.0	4525
1.4925E7	6036
1.17792E7	4976
1.23036E7	5149
1.49226E7	6036
1.17768E7	4976
4123800.0	1987
5626200.0	2912
9155400.0	4525
2682000.0	1290
1930800.0	961
8247600.0	4253
9679800.0	4536
1.23012E7	5149
1.5447E7	6277
5364000.0	2739
965400.0	522
1078800.0	527
2944200.0	1338
1.64952E7	6561
6150600.0	3187
1.33494E7	5512
1.0728E7	4663
539400.0	64
5888400.0	2991
1.12524E7	4842
1.43982E7	5841
8631000.0	4441
1.38738E7	5693
4315200.0	2093
1.23006E7	5149
9679200.0	4536
1.4922E7	6036
4577400.0	2222
7198800.0	3628
2157600.0	1058
1.59708E7	6434
1.02036E7	4542
6936600.0	3541
1.2825E7	5325
1.54464E7	6277
3599400.0	1697
7985400.0	4170
5101800.0	2670
1.38732E7	5693
7723200.0	3926
2419800.0	1122
1.12518E7	4842
1.64946E7	6561
8630400.0	4441
1341000.0	699
3861600.0	1924
4839600.0	2443
7461000.0	3845
9154800.0	4525
1.17762E7	4976
1.43976E7	5841
5102400.0	2670
1865400.0	925
200400.0	24
1.12536E7	4842
5364600.0	2739
7986000.0	4170
1.3875E7	5693
1.64964E7	6561
4840200.0	2444
8632200.0	4441
2551200.0	1227
400800.0	41
3993000.0	1976
7723800.0	3926
1.1778E7	4976
9156600.0	4525
1.43994E7	5841
9680400.0	4536
1.28262E7	5327
801600.0	481
2813400.0	1335
1.54476E7	6277
5889000.0	2991
1.33506E7	5512
1.02048E7	4542
1603200.0	808
5626800.0	2912
1.07292E7	4663
1.5972E7	6434
8248200.0	4253
1.43988E7	5841
1.1253E7	4842
6937200.0	3542
8631600.0	4441
3206400.0	1510
1.17774E7	4976
1.49232E7	6036
9156000.0	4525
3468600.0	1621
6675000.0	3478
6412800.0	3333
1.23018E7	5149
1275600.0	661
7461600.0	3846
4578000.0	2222
1.02042E7	4542
1.335E7	5512
1.59714E7	6434
1.28256E7	5327
7199400.0	3629
637800.0	345
3730800.0	1825
2289000.0	1065
4315800.0	2093
1.38744E7	5693
1.07286E7	4663
1.64958E7	6561
2814600.0	1335
5891400.0	2991
1.5453E7	6277
1.28316E7	5333
9685800.0	4536
1.23072E7	5162
1.02102E7	4549
5629200.0	2912
1.3356E7	5512
1.59774E7	6434
1276200.0	661
1.12584E7	4842
6678000.0	3488
1.44042E7	5841
3076800.0	1430
8637000.0	4441
1866000.0	925
1.17828E7	4978
3339000.0	1600
6415800.0	3333
9161400.0	4525
6153600.0	3195
1.49286E7	6036
933000.0	521
1.59768E7	6434
7726200.0	3926
769200.0	442
4842600.0	2445
1.02096E7	4549
1.2831E7	5333
7464000.0	3846
2290200.0	1067
1.0734E7	4663
1.38798E7	5693
1.65012E7	6561
1538400.0	803
1.33554E7	5512
7201800.0	3637
3732000.0	1825
4580400.0	2222
1.17822E7	4978
3994200.0	1976
5367000.0	2744
8250600.0	4254
1.44036E7	5841
2552400.0	1229
9160800.0	4525
7988400.0	4170
1.23066E7	5156
1.54524E7	6277
384600.0	41
9685200.0	4536
5104800.0	2671
1.4928E7	6036
1210800.0	623
2683800.0	1294
1.44054E7	5841
9162600.0	4525
1.1784E7	4980
5629800.0	2912
8251200.0	4254
1.23084E7	5164
605400.0	216
1.54542E7	6277
5367600.0	2744
9687000.0	4536
7989000.0	4171
1.49298E7	6036
4125600.0	1987
6154200.0	3196
1800600.0	882
1.07352E7	4663
1.5978E7	6434
2946000.0	1338
1.33566E7	5512
7800.0	0
5892000.0	2992
8638200.0	4441
1.12596E7	4842
1.3881E7	5693
1.65024E7	6563
7202400.0	3637
9162000.0	4525
4318800.0	2095
1.49292E7	6036
1.23078E7	5164
15600.0	0
6940200.0	3542
1.28322E7	5333
9686400.0	4536
3601200.0	1697
2159400.0	1058
1.54536E7	6277
1.02108E7	4549
31200.0	1
1473000.0	778
1.38804E7	5693
4843200.0	2445
1.07346E7	4663
7726800.0	3926
1.1259E7	4842
1.65018E7	6561
5105400.0	2671
62400.0	1
2062800.0	1024
2421600.0	1122
4581000.0	2222
1.44048E7	5841
8637600.0	4441
3863400.0	1924
7464600.0	3846
1.17834E7	4979
124800.0	9
1031400.0	522
6939000.0	3542
1.12566E7	4842
1.44024E7	5841
8635200.0	4441
6676800.0	3485
249600.0	28
1.49268E7	6036
9159600.0	4525
1.1781E7	4978
1.23054E7	5150
3338400.0	1600
6414600.0	3333
499200.0	45
1.02078E7	4547
1.5975E7	6434
7463400.0	3846
3600600.0	1697
4579800.0	2222
2158800.0	1058
1.28292E7	5329
1407000.0	761
998400.0	522
1.07322E7	4663
1.3878E7	5693
1.64994E7	6561
7201200.0	3635
4317600.0	2095
1.33536E7	5512
1996800.0	979
1.17804E7	4976
1.49262E7	6036
9159000.0	4525
1.44018E7	5841
5628000.0	2912
3993600.0	1976
1.54506E7	6277
8249400.0	4253
1.23048E7	5150
1079400.0	527
9683400.0	4536
2814000.0	1335
5365800.0	2741
7987200.0	4170
1.64988E7	6561
6152400.0	3192
1669200.0	817
1.3353E7	5512
1.07316E7	4663
1.59744E7	6434
5890200.0	2991
3076200.0	1430
834600.0	482
1.38774E7	5693
8634600.0	4441
1.1256E7	4842
6415200.0	3333
1.65006E7	6561
670800.0	379
1.07334E7	4663
1.33548E7	5512
1.59762E7	6434
3207600.0	1510
1341600.0	699
1.12578E7	4842
6153000.0	3194
8636400.0	4441
1.38792E7	5693
9160200.0	4525
1.49274E7	6036
9684600.0	4536
1.2306E7	5151
4318200.0	2095
6939600.0	3542
1.28304E7	5333
335400.0	40
1931400.0	961
3469800.0	1621
1.0209E7	4547
1.54518E7	6277
6677400.0	3488
5104200.0	2670
1.38786E7	5693
1.07328E7	4663
3862800.0	1924
2421000.0	1122
7987800.0	4170
1.12572E7	4842
1.65E7	6561
8635800.0	4441
7725600.0	3926
4842000.0	2445
1.17816E7	4978
1.4403E7	5841
1603800.0	808
2683200.0	1294
1.28298E7	5331
1.54512E7	6277
9684000.0	4536
5890800.0	2991
4125000.0	1987
1.02084E7	4547
1.33542E7	5512
5366400.0	2742
1.59756E7	6434
2945400.0	1338
5628600.0	2912
8250000.0	4254
7204200.0	3639
1.49328E7	6036
9165600.0	4525
3471000.0	1622
4320600.0	2095
1604400.0	808
1.23114E7	5168
9690000.0	4536
1.28358E7	5333
6942000.0	3542
802200.0	481
1.54572E7	6277
4845000.0	2448
3733200.0	1825
2291400.0	1067
1.3884E7	5693
1.07382E7	4663
1.65054E7	6564
7728600.0	3926
1.44084E7	5841
7466400.0	3846
1.12626E7	4842
4582800.0	2222
8641200.0	4442
1.1787E7	4981
5893200.0	2993
9689400.0	4536
1.23108E7	5167
1.54566E7	6277
2946600.0	1338
5631000.0	2913
1866600.0	925
1.02138E7	4550
1.33596E7	5512
1.5981E7	6434
1.28352E7	5333
1.1262E7	4842
1.44078E7	5841
6679800.0	3492
6417600.0	3333
8640600.0	4441
1.38834E7	5693
1.49322E7	6036
1.17864E7	4981
6155400.0	3200
3208800.0	1510
9165000.0	4525
1.12638E7	4842
159600.0	9
1.38852E7	5693
8642400.0	4443
6680400.0	3492
1539000.0	803
1.4934E7	6036
319200.0	40
1.17882E7	4981
9166800.0	4525
1.44096E7	5841
3340200.0	1600
6418200.0	3333
1.59822E7	6434
7467000.0	3846
638400.0	345
1.0215E7	4550
4583400.0	2222
7204800.0	3639
2160600.0	1058
1.54578E7	6277
1.28364E7	5333
1.65066E7	6564
1276800.0	661
6942600.0	3542
3602400.0	1697
4321200.0	2095
1.07394E7	4663
1.33608E7	5512
8641800.0	4442
2553600.0	1229
5631600.0	2915
3995400.0	1976
1801200.0	882
1.17876E7	4981
8253000.0	4254
9166200.0	4525
1.4409E7	5841
5107200.0	2672
2815800.0	1335
5369400.0	2749
7990800.0	4172
900600.0	520
9690600.0	4536
1.2312E7	5168
1.49334E7	6036
1.33602E7	5512
1.02144E7	4550
1.07388E7	4663
1.59816E7	6434
6156000.0	3200
1.12632E7	4842
5893800.0	2993
1.38846E7	5693
1.6506E7	6564
3078000.0	1432
1.38822E7	5693
7989600.0	4171
1.07364E7	4663
5106000.0	2672
1145400.0	583
1.65036E7	6564
867600.0	486
1.44066E7	5841
4843800.0	2446
8639400.0	4441
1.12608E7	4842
3994800.0	1976
2553000.0	1229
7727400.0	3926
1.17852E7	4981
1735200.0	836
9687600.0	4536
5630400.0	2912
1.2309E7	5164
1.28334E7	5333
1.54548E7	6277
5892600.0	2993
1.33578E7	5512
2815200.0	1335
5368200.0	2745
1.59792E7	6434
1.0212E7	4549
8251800.0	4254
433800.0	42
1.12602E7	4842
1407600.0	761
1.4406E7	5841
8638800.0	4441
1.38816E7	5693
6678600.0	3490
3208200.0	1510
1.49304E7	6036
703800.0	391
1.17846E7	4981
9163200.0	4525
6416400.0	3333
7465200.0	3846
1.59786E7	6434
1997400.0	981
4581600.0	2222
3470400.0	1622
1.02114E7	4549
1.28328E7	5333
3732600.0	1825
79800.0	1
1.07358E7	4663
1.6503E7	6564
7203000.0	3637
2290800.0	1067
4319400.0	2095
6940800.0	3542
1.33572E7	5512
2160000.0	1058
1.59804E7	6434
1.02132E7	4550
1.28346E7	5333
1.5456E7	6277
4844400.0	2448
7465800.0	3846
3601800.0	1697
4320000.0	2095
1669800.0	817
1.65048E7	6564
1.3359E7	5512
1.07376E7	4663
2422200.0	1122
4582200.0	2222
7203600.0	3637
8640000.0	4441
8252400.0	4254
5368800.0	2746
3864000.0	1924
9164400.0	4525
1.17858E7	4981
1.44072E7	5841
7990200.0	4171
1.23102E7	5165
4126200.0	1987
5106600.0	2672
2684400.0	1296
7728000.0	3926
9688800.0	4536
1.49316E7	6036
135000.0	9
1.33584E7	5512
6417000.0	3333
1.0737E7	4663
3077400.0	1432
1342200.0	699
966000.0	522
1.59798E7	6434
270000.0	34
6154800.0	3198
1.38828E7	5693
1932000.0	965
1.12614E7	4842
1.65042E7	6564
540000.0	64
3339600.0	1600
9163800.0	4525
1.23096E7	5165
1.4931E7	6036
6941400.0	3542
1080000.0	527
6679200.0	3492
1.2834E7	5333
9688200.0	4536
1.54554E7	6277
1.02126E7	4550
483000.0	45
8645400.0	4445
5371200.0	2754
1932600.0	967
208800.0	26
1.17912E7	4981
5633400.0	2917
8254800.0	4254
1.44126E7	5841
9169800.0	4525
5109000.0	2673
2685600.0	1296
7992600.0	4172
417600.0	42
1.4937E7	6036
4127400.0	1987
9694200.0	4536
1.23156E7	5175
1.0218E7	4550
1.33638E7	5514
1080600.0	527
1.59852E7	6434
835200.0	482
2947800.0	1338
6157800.0	3200
1.38882E7	5693
1.07424E7	4663
1670400.0	817
5895600.0	2993
1.12668E7	4842
1.65096E7	6564
1.49364E7	6036
7206000.0	3644
9169200.0	4525
1.17906E7	4981
4322400.0	2096
1.2315E7	5175
3340800.0	1600
6943800.0	3542
1.28394E7	5333
1.54608E7	6277
9693600.0	4536
3603000.0	1697
2161200.0	1058
6681600.0	3492
1.07418E7	4663
1342800.0	699
1.38876E7	5693
7730400.0	3928
4846800.0	2459
1.6509E7	6564
1.33632E7	5514
671400.0	379
3865200.0	1924
2423400.0	1123
7468200.0	3846
1.12662E7	4842
4584600.0	2222
1.4412E7	5841
8644800.0	4443
7993200.0	4172
1.07436E7	4663
1.38894E7	5693
1.65108E7	6566
1.3365E7	5514
5109600.0	2673
3734400.0	1825
1.1268E7	4842
3996600.0	1977
7731000.0	3928
1.44138E7	5841
4847400.0	2459
8646600.0	4445
2554800.0	1229
7468800.0	3846
5634000.0	2917
1.23162E7	5175
1.5462E7	6277
9694800.0	4536
1.49376E7	6036
1605000.0	810
2817000.0	1335
5371800.0	2754
1.59864E7	6434
8255400.0	4254
1.02192E7	4550
1.28406E7	5333
3210000.0	1513
233400.0	28
1.12674E7	4842
8646000.0	4445
1.38888E7	5693
6682200.0	3492
6420000.0	3333
1.17918E7	4982
1.44132E7	5841
466800.0	45
9170400.0	4525
1.284E7	5333
7206600.0	3644
1277400.0	661
933600.0	521
4585200.0	2222
3472200.0	1622
1.02186E7	4550
1.54614E7	6277
1.65102E7	6564
1867200.0	925
2292600.0	1067
4323000.0	2096
6944400.0	3542
1.0743E7	4663
1.33644E7	5514
1.59858E7	6434
1.02162E7	4550
1.3362E7	5514
6418800.0	3333
2947200.0	1338
1.07406E7	4663
1.59834E7	6434
1.38864E7	5693
3209400.0	1512
5894400.0	2993
2063400.0	1024
1.1265E7	4842
6156600.0	3200
1.65078E7	6564
6943200.0	3542
9167400.0	4525
1.49346E7	6036
1.17888E7	4981
1.23132E7	5169
9691800.0	4536
3471600.0	1622
6681000.0	3492
1.28376E7	5333
1211400.0	623
1.5459E7	6277
1.074E7	4663
3864600.0	1924
1735800.0	836
7991400.0	4172
5107800.0	2673
184200.0	15
1.38858E7	5693
1.65072E7	6564
2422800.0	1123
1.44102E7	5841
7729200.0	3927
368400.0	41
8643000.0	4443
1.12644E7	4842
4845600.0	2451
2685000.0	1296
1.54584E7	6277
1.23126E7	5169
736800.0	442
4126800.0	1987
5632200.0	2916
9691200.0	4536
5370000.0	2750
1.59828E7	6434
1.02156E7	4550
1473600.0	778
1.33614E7	5514
8253600.0	4254
1.2837E7	5333
5895000.0	2993
1.54602E7	6277
1.23144E7	5171
9693000.0	4536
2816400.0	1335
1998000.0	981
1.02174E7	4550
1.59846E7	6434
1.28388E7	5333
5632800.0	2917
999000.0	522
1146000.0	585
3078600.0	1432
1.3887E7	5693
6419400.0	3333
8644200.0	4443
1.12656E7	4842
1.179E7	4981
573000.0	187
6157200.0	3200
1.49358E7	6036
9168600.0	4525
1.44114E7	5841
4584000.0	2222
7467600.0	3846
4846200.0	2455
1.02168E7	4550
1.28382E7	5333
1.54596E7	6277
2292000.0	1067
1.65084E7	6564
4321800.0	2095
3733800.0	1825
1.33626E7	5514
7205400.0	3640
1.07412E7	4663
1.5984E7	6434
8254200.0	4254
8643600.0	4443
52200.0	1
1.17894E7	4981
1.44108E7	5841
5370600.0	2752
7992000.0	4172
2554200.0	1229
9168000.0	4525
1.49352E7	6036
104400.0	3
9692400.0	4536
1408200.0	761
3996000.0	1977
1.23138E7	5170
5108400.0	2673
7729800.0	3928
6684000.0	3494
704400.0	391
1.38924E7	5693
1.1271E7	4842
1.65138E7	6567
8649600.0	4445
3342000.0	1600
6421800.0	3333
1408800.0	764
9174000.0	4525
1.17954E7	4982
1.44168E7	5841
4324800.0	2096
1.28436E7	5333
9697800.0	4536
1.5465E7	6277
1.02222E7	4550
4587000.0	2222
7208400.0	3645
2162400.0	1059
1.3368E7	5514
352200.0	40
1998600.0	981
1.07466E7	4664
6946200.0	3542
1.59894E7	6435
3604200.0	1697
1081200.0	527
1.44162E7	5841
8649000.0	4445
1.12704E7	4842
3997200.0	1977
5373000.0	2757
2555400.0	1229
1.17948E7	4982
8256600.0	4254
540600.0	65
9173400.0	4525
7994400.0	4172
5110800.0	2673
1.23192E7	5175
1.49406E7	6036
1671000.0	817
1.33674E7	5514
2817600.0	1335
1.59888E7	6435
1.02216E7	4550
6159600.0	3202
1.38918E7	5693
5635200.0	2917
1.0746E7	4664
5897400.0	2994
1.65132E7	6567
3079800.0	1432
129000.0	9
2949000.0	1338
6160200.0	3203
1.02234E7	4550
1.33692E7	5514
1.59906E7	6435
1.28448E7	5333
5898000.0	2994
1.38936E7	5693
1.07478E7	4664
1.6515E7	6569
1343400.0	699
1.49418E7	6036
1.1796E7	4982
6946800.0	3542
3211200.0	1513
9174600.0	4525
1933200.0	969
9699000.0	4536
1.23204E7	5175
3473400.0	1622
1.54662E7	6277
6684600.0	3495
6422400.0	3333
966600.0	522
7995000.0	4172
1.65144E7	6567
802800.0	481
5111400.0	2673
1.33686E7	5514
1.07472E7	4664
7732800.0	3928
2424600.0	1123
1.12716E7	4842
1.44174E7	5841
1605600.0	810
8650200.0	4445
1.3893E7	5693
3866400.0	1924
4849200.0	2463
7470600.0	3846
1.23198E7	5175
4128600.0	1987
5635800.0	2917
2686800.0	1296
9698400.0	4536
1.49412E7	6036
1.599E7	6435
8257200.0	4254
401400.0	42
1.02228E7	4550
5373600.0	2764
1.28442E7	5333
1.54656E7	6277
1.28418E7	5333
9696000.0	4536
3603600.0	1697
4585800.0	2222
2161800.0	1058
1.54632E7	6277
7469400.0	3846
1.02204E7	4550
7207200.0	3645
4323600.0	2096
1.07448E7	4663
1.59876E7	6434
1.33662E7	5514
2424000.0	1123
1.44144E7	5841
8647200.0	4445
1539600.0	803
5372400.0	2757
3865800.0	1924
1.1793E7	4982
7993800.0	4172
4848000.0	2459
9171600.0	4525
769800.0	442
2686200.0	1296
7731600.0	3928
1.49388E7	6036
1.23174E7	5175
5110200.0	2673
1.02198E7	4550
606000.0	226
1.33656E7	5514
6420600.0	3333
6158400.0	3200
1.5987E7	6434
1.389E7	5693
1212000.0	623
5896200.0	2994
1.07442E7	4663
3079200.0	1432
1.12686E7	4842
1.65114E7	6566
6945000.0	3542
1.17924E7	4982
3341400.0	1600
9171000.0	4525
1.49382E7	6036
303000.0	40
1801800.0	882
1.54626E7	6277
6682800.0	3493
1.28412E7	5333
9695400.0	4536
1.23168E7	5175
1.494E7	6036
7207800.0	3645
1.17942E7	4982
9172800.0	4525
4324200.0	2096
6945600.0	3542
258000.0	29
9697200.0	4536
1.23186E7	5175
1.2843E7	5333
1.54644E7	6277
3472800.0	1622
6683400.0	3494
516000.0	45
3735000.0	1827
1.07454E7	4664
4848600.0	2460
1.65126E7	6567
7732200.0	3928
2293200.0	1067
1.33668E7	5514
1474200.0	778
1032000.0	522
7470000.0	3846
1.12698E7	4842
1.44156E7	5841
4586400.0	2222
8648400.0	4445
1.38912E7	5693
2064000.0	1024
1.2318E7	5175
1.54638E7	6277
9696600.0	4536
1.49394E7	6036
5896800.0	2994
4128000.0	1987
1.59882E7	6434
1146600.0	590
1.0221E7	4550
1.28424E7	5333
2948400.0	1338
5634600.0	2917
8256000.0	4254
1736400.0	836
6421200.0	3333
8647800.0	4445
1.12692E7	4842
1.38906E7	5693
1.6512E7	6566
6159000.0	3200
1.4415E7	5841
868200.0	486
3210600.0	1513
9172200.0	4525
1.17936E7	4982
1.36344E7	5628
1.67832E7	6625
6555000.0	3343
1.04886E7	4630
6292800.0	3287
1.62558E7	6481
237600.0	28
1.41588E7	5799
1.1013E7	4779
6030600.0	3101
8391600.0	4283
3146400.0	1489
1.15374E7	4907
475200.0	45
7079400.0	3550
9439800.0	4534
1.20612E7	5020
3408600.0	1615
4195800.0	2042
1.5207E7	6131
1311000.0	671
950400.0	521
6817200.0	3538
9964200.0	4539
1.311E7	5429
1.57314E7	6326
1.25856E7	5205
1900800.0	925
8127600.0	4218
1.10124E7	4779
1.41582E7	5799
8391000.0	4283
1.36338E7	5628
5244000.0	2723
3801600.0	1846
7865400.0	4008
1.46826E7	5945
1.15368E7	4907
4063800.0	1981
8915400.0	4489
4981800.0	2601
1.6782E7	6625
2622000.0	1271
7603200.0	3894
1.57308E7	6326
5768400.0	2978
1573200.0	804
9963600.0	4539
1.2585E7	5205
1.52064E7	6131
2884200.0	1336
5506200.0	2858
1.62552E7	6481
786600.0	447
1.31094E7	5429
1.0488E7	4626
1.57326E7	6326
622800.0	270
9965400.0	4539
1.52082E7	6131
1.25868E7	5205
6031200.0	3101
1.6257E7	6483
1245600.0	660
5769000.0	2978
1.04898E7	4630
1.31112E7	5429
3015600.0	1353
8392200.0	4285
1.1538E7	4907
6555600.0	3343
8916600.0	4489
1.41594E7	5799
1.67844E7	6625
311400.0	40
1835400.0	916
3277800.0	1541
6293400.0	3287
9441000.0	4534
1.20624E7	5020
1.46838E7	5945
4720200.0	2256
1.31106E7	5429
9964800.0	4539
3670800.0	1801
2229000.0	1062
1.04892E7	4630
1.5732E7	6326
7603800.0	3894
7341600.0	3742
4458000.0	2178
1.10136E7	4779
1.3635E7	5628
1.62564E7	6482
2491200.0	1160
1.46832E7	5945
8916000.0	4489
5506800.0	2858
3933000.0	1969
1.20618E7	5020
8128200.0	4218
1507800.0	803
9440400.0	4534
4982400.0	2601
1.25862E7	5205
2753400.0	1312
5244600.0	2723
7866000.0	4011
1.52076E7	6131
7340400.0	3742
9438000.0	4534
1.20594E7	5020
1.25838E7	5205
1.52052E7	6131
4456800.0	2178
3408000.0	1613
3670200.0	1801
1.31082E7	5429
7078200.0	3550
1.57296E7	6326
9962400.0	4539
2228400.0	1062
4194600.0	2042
6816000.0	3538
1.10106E7	4779
1.41564E7	5799
7864800.0	4008
4981200.0	2601
8389200.0	4283
1.3632E7	5628
1.46808E7	5945
4719000.0	2256
1.1535E7	4907
3932400.0	1969
2490600.0	1160
7602600.0	3894
8913600.0	4489
1.67784E7	6625
1441800.0	774
6029400.0	3101
1.5729E7	6326
1966200.0	976
213000.0	28
9961800.0	4539
1.25832E7	5205
2883600.0	1336
1.04862E7	4626
1.62534E7	6480
426000.0	42
1.31076E7	5429
5767200.0	2978
1.41558E7	5799
1114200.0	529
852000.0	482
6553800.0	3343
3145800.0	1489
8913000.0	4489
1.15344E7	4907
1.20588E7	5020
1.52046E7	6131
9437400.0	4534
1704000.0	823
6291600.0	3287
1.46802E7	5945
8390400.0	4283
3277200.0	1541
6816600.0	3538
8914800.0	4489
1.15362E7	4907
1.41576E7	5799
1.20606E7	5020
1.67808E7	6625
6554400.0	3343
9439200.0	4534
1.4682E7	5945
2097600.0	1043
1.31088E7	5429
1376400.0	699
1.04874E7	4626
1.57302E7	6326
4719600.0	2256
7341000.0	3742
3539400.0	1645
4195200.0	2042
688200.0	379
1.36332E7	5628
2359800.0	1115
1.10118E7	4779
1.62546E7	6480
4457400.0	2178
7078800.0	3550
524400.0	45
8914200.0	4489
5505600.0	2858
5767800.0	2978
1.206E7	5020
1.46814E7	5945
1048800.0	522
1.25844E7	5205
9438600.0	4534
2752800.0	1312
5243400.0	2723
1.52058E7	6131
8127000.0	4218
9963000.0	4539
1.36326E7	5628
6292200.0	3287
1.67796E7	6625
1.04868E7	4626
1.6254E7	6480
3015000.0	1353
59400.0	1
262200.0	30
1638600.0	815
1.4157E7	5799
8389800.0	4283
1.10112E7	4779
1.15356E7	4907
6030000.0	3101
118800.0	8
9968400.0	4539
1.31142E7	5429
7605600.0	3894
4722000.0	2256
1049400.0	522
1.57356E7	6326
819600.0	482
1.36386E7	5628
1.04928E7	4631
3802800.0	1848
2361000.0	1115
7343400.0	3742
4459800.0	2178
1639200.0	815
1.10172E7	4779
1.626E7	6484
5246400.0	2723
1.46868E7	5945
8919600.0	4489
1.1541E7	4907
1.20654E7	5020
5508600.0	2858
8130000.0	4218
4984200.0	2601
2623200.0	1271
1.25898E7	5205
1.52112E7	6131
9444000.0	4534
7867800.0	4013
409800.0	42
4065000.0	1981
1.04922E7	4631
3016200.0	1353
1311600.0	671
1.3638E7	5628
1.62594E7	6484
1.67904E7	6625
1.31136E7	5429
6294600.0	3287
6032400.0	3101
655800.0	379
1.10166E7	4779
1.41624E7	5799
8395200.0	4296
1.52106E7	6131
1.20648E7	5020
1901400.0	925
7081200.0	3550
4197600.0	2042
3278400.0	1541
9443400.0	4534
6819000.0	3538
9967800.0	4539
1.5735E7	6326
3540600.0	1645
2098800.0	1046
6556800.0	3343
1.25892E7	5205
1.20666E7	5020
1.52124E7	6132
9445200.0	4534
7081800.0	3550
1.4688E7	5945
4460400.0	2178
3409800.0	1615
1573800.0	804
1.57368E7	6327
9969600.0	4539
1.2591E7	5205
2230200.0	1062
4198200.0	2042
6819600.0	3538
7868400.0	4014
4984800.0	2601
3672000.0	1802
1.10178E7	4779
8396400.0	4296
1.36392E7	5628
1.15422E7	4907
3934200.0	1972
7606200.0	3894
4722600.0	2256
1.41636E7	5799
2492400.0	1160
7344000.0	3742
8920800.0	4489
1.67928E7	6625
1.25904E7	5205
2885400.0	1336
1246200.0	660
918000.0	521
6033000.0	3101
9969000.0	4539
1.52118E7	6132
1.62606E7	6484
5770800.0	2978
1836000.0	917
1.04934E7	4631
1.31148E7	5429
1.57362E7	6327
3147600.0	1489
8395800.0	4296
1.15416E7	4907
1.4163E7	5799
6557400.0	3343
6295200.0	3287
8920200.0	4489
1.67916E7	6625
1.46874E7	5945
459000.0	44
9444600.0	4534
1.2066E7	5020
2622600.0	1271
8917800.0	4489
1.4685E7	5945
1.15392E7	4907
4064400.0	1981
5507400.0	2858
1.20636E7	5020
5245200.0	2723
9442200.0	4534
1.2588E7	5205
8128800.0	4218
1180200.0	616
1.52094E7	6131
1.04904E7	4630
6294000.0	3287
2884800.0	1336
1.36362E7	5628
1.62576E7	6483
1.67868E7	6625
1770000.0	879
1.41606E7	5799
3147000.0	1489
5769600.0	2978
8393400.0	4291
1.10148E7	4779
6031800.0	3101
885000.0	506
1.52088E7	6131
7342200.0	3742
1.2063E7	5020
721200.0	438
9441600.0	4534
4458600.0	2178
7080000.0	3550
2098200.0	1045
1.57332E7	6326
9966000.0	4539
1442400.0	774
1.31118E7	5429
6817800.0	3538
1.25874E7	5205
3540000.0	1645
4196400.0	2042
3802200.0	1848
1.10142E7	4779
7866600.0	4011
4983000.0	2601
1.36356E7	5628
2360400.0	1115
8392800.0	4290
7604400.0	3894
1.46844E7	5945
1.15386E7	4907
360600.0	40
2032200.0	1023
4720800.0	2256
8917200.0	4489
1.416E7	5799
1.67856E7	6625
1114800.0	529
8129400.0	4218
1.36374E7	5628
8394600.0	4294
1.1016E7	4779
5245800.0	2723
7867200.0	4011
2491800.0	1160
1.15404E7	4907
557400.0	78
1.46862E7	5945
8919000.0	4489
1.41618E7	5799
1.67892E7	6625
3933600.0	1972
4983600.0	2601
7605000.0	3894
5770200.0	2978
1704600.0	823
2754000.0	1312
9967200.0	4539
1.25886E7	5205
1.521E7	6131
1.62588E7	6484
1.3113E7	5429
5508000.0	2858
1.04916E7	4630
1.57344E7	6326
6818400.0	3538
8394000.0	4291
1.15398E7	4907
1.41612E7	5799
8918400.0	4489
3409200.0	1615
1.6788E7	6625
6556200.0	3343
1.46856E7	5945
9442800.0	4534
1377000.0	699
1.20642E7	5020
4459200.0	2178
9966600.0	4539
1.31124E7	5429
7342800.0	3742
1.0491E7	4630
1.57338E7	6326
4721400.0	2256
1966800.0	976
2229600.0	1062
4197000.0	2042
1.36368E7	5628
3671400.0	1802
1.10154E7	4779
1.62582E7	6483
7080600.0	3550
983400.0	522
1.2594E7	5205
9448200.0	4534
2755200.0	1312
1.52154E7	6134
6034800.0	3101
9972600.0	4539
1.31184E7	5429
5510400.0	2858
1967400.0	976
5772600.0	2978
1.0497E7	4631
3017400.0	1353
1.57398E7	6334
6559200.0	3343
1.41666E7	5799
8399400.0	4300
1.10208E7	4779
1.15452E7	4907
3279600.0	1541
6297000.0	3287
8923800.0	4489
1.67988E7	6625
1115400.0	529
1.20696E7	5020
1.4691E7	5950
3672600.0	1802
1639800.0	815
4723800.0	2256
1.31178E7	5429
172200.0	9
1.57392E7	6333
7607400.0	3894
9972000.0	4539
2230800.0	1062
7345200.0	3747
1.36422E7	5628
344400.0	40
1.04964E7	4631
4461600.0	2178
1.62636E7	6489
1.46904E7	5950
688800.0	379
1.15446E7	4907
3934800.0	1972
5248200.0	2723
2493000.0	1160
8131800.0	4219
8923200.0	4489
73800.0	1
9447600.0	4534
1377600.0	699
7869600.0	4020
1.2069E7	5020
4986000.0	2601
1.25934E7	5205
1.52148E7	6133
1.46922E7	5950
1.15464E7	4907
4066200.0	1981
5511000.0	2858
8925000.0	4489
2624400.0	1271
1902000.0	925
8132400.0	4219
9449400.0	4534
1.20708E7	5020
1.52166E7	6136
5248800.0	2723
951000.0	521
1050000.0	522
2886600.0	1336
1.62648E7	6489
6035400.0	3101
1.3119E7	5429
1.68012E7	6625
1.04976E7	4631
525000.0	48
5773200.0	2978
1.1022E7	4779
1.41678E7	5799
8400600.0	4303
1.36434E7	5628
4200000.0	2045
1.20702E7	5020
9448800.0	4534
1.46916E7	5950
4462200.0	2178
7083600.0	3550
2100000.0	1047
1.57404E7	6334
9973200.0	4539
6821400.0	3538
1.25946E7	5205
1.5216E7	6136
3541800.0	1645
7870200.0	4021
1.68E7	6625
4986600.0	2601
1.36428E7	5628
7608000.0	3894
2362200.0	1117
1.10214E7	4779
1.62642E7	6489
8400000.0	4303
1312200.0	672
3804000.0	1848
4724400.0	2256
7345800.0	3747
8924400.0	4489
1.15458E7	4907
1.41672E7	5799
6820200.0	3538
1.41648E7	5799
8397600.0	4296
3279000.0	1541
1508400.0	803
1.15434E7	4907
8922000.0	4489
1.67952E7	6625
6558000.0	3343
754200.0	442
1.46892E7	5950
1.20678E7	5020
9970200.0	4539
3541200.0	1645
4461000.0	2178
2099400.0	1046
1.3116E7	5429
1.57374E7	6327
7344600.0	3745
1.36404E7	5628
7082400.0	3550
4198800.0	2042
1.04946E7	4631
1.1019E7	4779
1.62618E7	6486
5509200.0	2858
1.15428E7	4907
8921400.0	4489
1.46886E7	5950
2754600.0	1312
5247000.0	2723
1770600.0	879
1.5213E7	6132
8130600.0	4219
1.25916E7	5205
9445800.0	4534
1.20672E7	5020
1.0494E7	4631
1.36398E7	5628
1.62612E7	6486
6295800.0	3287
6033600.0	3101
1.31154E7	5429
1.6794E7	6625
1.10184E7	4779
5771400.0	2978
1.41642E7	5799
3016800.0	1353
8397000.0	4296
147600.0	9
1.04958E7	4631
1.6263E7	6488
1.67976E7	6625
1.31172E7	5429
6296400.0	3287
1443000.0	774
1016400.0	522
1.10202E7	4779
6034200.0	3101
295200.0	39
1.4166E7	5799
8398800.0	4299
1.36416E7	5628
3148200.0	1489
2032800.0	1023
1.20684E7	5020
590400.0	187
1.52142E7	6132
7083000.0	3550
9447000.0	4534
4199400.0	2045
6820800.0	3538
1.46898E7	5950
1180800.0	616
1.57386E7	6327
3410400.0	1616
9971400.0	4539
6558600.0	3343
1.25928E7	5205
508200.0	45
2361600.0	1116
5247600.0	2723
3803400.0	1848
1705200.0	823
7869000.0	4019
8398200.0	4298
1.10196E7	4779
1.3641E7	5628
1.62624E7	6488
4723200.0	2256
2623800.0	1271
1.41654E7	5799
7606800.0	3894
852600.0	482
8922600.0	4489
4985400.0	2601
1.1544E7	4907
1.67964E7	6625
1.25922E7	5205
9446400.0	4534
1.52136E7	6132
9970800.0	4539
5772000.0	2978
4065600.0	1981
1.04952E7	4631
1.5738E7	6327
2886000.0	1336
1.31166E7	5429
5509800.0	2858
8131200.0	4219
8928000.0	4489
3411600.0	1616
4201800.0	2045
1.46952E7	5953
9452400.0	4534
7085400.0	3550
1.20738E7	5020
6823200.0	3538
9976800.0	4539
1.25982E7	5205
1.52196E7	6137
2232000.0	1062
1.36464E7	5628
1.68072E7	6625
1443600.0	774
3673800.0	1802
1.1025E7	4779
1.62678E7	6490
4988400.0	2601
7609800.0	3897
4464000.0	2178
8403600.0	4303
721800.0	438
7347600.0	3747
4726200.0	2256
1.15494E7	4907
1.41708E7	5799
2494200.0	1160
558000.0	79
9451800.0	4534
1.25976E7	5205
5774400.0	2978
6036600.0	3101
1.5219E7	6137
1116000.0	529
9976200.0	4539
1.3122E7	5429
2887200.0	1336
5512200.0	2858
1.05006E7	4632
1.57434E7	6340
1.41702E7	5799
6561000.0	3343
3149400.0	1489
8403000.0	4303
1.10244E7	4779
279000.0	36
1705800.0	823
6298800.0	3287
8927400.0	4489
1.46946E7	5953
1.15488E7	4907
1.6806E7	6625
1.20732E7	5020
6823800.0	3538
1.10262E7	4779
1.4172E7	5799
8404800.0	4305
6561600.0	3343
246000.0	28
1.46964E7	5954
8929200.0	4489
1.15506E7	4907
1.2075E7	5020
1.68096E7	6625
3280800.0	1541
6299400.0	3287
492000.0	45
9977400.0	4539
1.57446E7	6340
7348200.0	3747
3543000.0	1645
4464600.0	2178
2101200.0	1047
1.25988E7	5205
1378200.0	699
984000.0	522
1.05018E7	4633
1.36476E7	5628
1.6269E7	6491
7086000.0	3550
4202400.0	2045
1.31232E7	5429
1968000.0	976
1.155E7	4907
1.46958E7	5954
8928600.0	4489
1.41714E7	5799
5512800.0	2858
3936000.0	1972
1.52202E7	6137
8134200.0	4220
1.20744E7	5020
24600.0	1
1050600.0	522
9453000.0	4534
2756400.0	1312
5250600.0	2723
7872000.0	4022
1.62684E7	6490
6037200.0	3101
49200.0	1
1640400.0	815
1.31226E7	5429
1.68084E7	6625
1.05012E7	4633
1.5744E7	6340
5775000.0	2978
3018600.0	1353
98400.0	2
820200.0	482
1.3647E7	5628
8404200.0	4303
1.10256E7	4779
1.68036E7	6625
4987200.0	2601
1836600.0	917
196800.0	19
1.10232E7	4779
5249400.0	2723
7870800.0	4022
1.36446E7	5628
1.6266E7	6490
4725000.0	2256
8401800.0	4303
2493600.0	1160
393600.0	41
3935400.0	1972
7608600.0	3894
1.15476E7	4907
8926200.0	4489
1.4169E7	5799
9450000.0	4534
1.25958E7	5205
787200.0	447
2755800.0	1312
1.52172E7	6136
5773800.0	2978
1.31202E7	5429
9974400.0	4539
1574400.0	804
5511600.0	2858
1.04988E7	4631
1.57416E7	6339
8133000.0	4219
1.41684E7	5799
1.10226E7	4779
6822000.0	3538
8401200.0	4303
3148800.0	1489
1.1547E7	4907
1.46928E7	5950
8925600.0	4489
3411000.0	1616
1.68024E7	6625
6559800.0	3343
6297600.0	3287
1.20714E7	5020
1246800.0	660
7346400.0	3747
4462800.0	2178
9973800.0	4539
1.31196E7	5429
1.5741E7	6334
1.25952E7	5205
7084200.0	3550
623400.0	270
3673200.0	1802
2231400.0	1062
4200600.0	2045
1.3644E7	5628
1.04982E7	4631
1.62654E7	6489
123000.0	9
7609200.0	3896
1.57428E7	6340
9975600.0	4539
1.31214E7	5429
1.2597E7	5205
4725600.0	2256
3542400.0	1645
1.05E7	4632
3804600.0	1848
7347000.0	3747
1.36458E7	5628
1.62672E7	6490
2362800.0	1117
4463400.0	2178
7084800.0	3550
5250000.0	2723
1.4694E7	5950
1.15482E7	4907
8133600.0	4219
8926800.0	4489
1.41696E7	5799
2625000.0	1271
1.52184E7	6136
7871400.0	4022
1.20726E7	5020
4987800.0	2601
4066800.0	1981
9451200.0	4534
1509000.0	803
1.62666E7	6490
2033400.0	1023
221400.0	28
1.68048E7	6625
1.04994E7	4631
1.31208E7	5429
6298200.0	3287
3018000.0	1353
1.10238E7	4779
1.36452E7	5628
442800.0	42
8402400.0	4303
6036000.0	3101
6822600.0	3538
1181400.0	616
885600.0	507
4201200.0	2045
3280200.0	1541
9450600.0	4534
1.2072E7	5020
1.46934E7	5950
1.57422E7	6339
9975000.0	4539
1771200.0	879
2100600.0	1047
1.52178E7	6136
6560400.0	3343
1.25964E7	5205
1182000.0	616
2626200.0	1272
1.4175E7	5799
8932200.0	4489
1.15536E7	4907
5514600.0	2858
8136000.0	4221
1.2078E7	5020
591000.0	187
1.52238E7	6143
5252400.0	2723
9456600.0	4534
7873800.0	4026
1.46994E7	5955
4068000.0	1981
6039000.0	3101
1771800.0	880
1.05048E7	4633
1.57476E7	6341
2888400.0	1336
1.31262E7	5429
1.68156E7	6625
5776800.0	2978
8407800.0	4314
1.10292E7	4779
1.36506E7	5628
1.6272E7	6495
7087200.0	3550
8931600.0	4489
4203600.0	2045
1.46988E7	5955
1.20774E7	5020
6825000.0	3538
1.26018E7	5205
9456000.0	4534
3543600.0	1645
2101800.0	1047
1.52232E7	6143
9980400.0	4539
1444200.0	774
1.365E7	5628
4728000.0	2256
1.68144E7	6625
1.05042E7	4633
7611600.0	3897
1.10286E7	4779
1.62714E7	6495
4990200.0	2601
2034000.0	1023
2364000.0	1118
4465800.0	2178
1.41744E7	5799
8407200.0	4311
3805800.0	1851
7349400.0	3748
1.1553E7	4907
1017000.0	522
1.36518E7	5628
1.6818E7	6625
7874400.0	4026
1.0506E7	4633
4990800.0	2601
1116600.0	529
1.62732E7	6496
853200.0	482
1.41762E7	5799
4728600.0	2256
8409000.0	4322
1.10304E7	4779
3937200.0	1975
2495400.0	1160
7612200.0	3898
1.15548E7	4907
1706400.0	823
9457200.0	4534
5515200.0	2858
1.20786E7	5020
1.2603E7	5205
1.52244E7	6145
5777400.0	2978
1.31274E7	5429
2757600.0	1312
5253000.0	2723
1.57488E7	6341
9981600.0	4539
8136600.0	4222
426600.0	42
1.10298E7	4779
1378800.0	699
1.41756E7	5799
8408400.0	4322
1.36512E7	5628
6563400.0	3343
3150600.0	1489
1.47E7	5955
689400.0	379
1.15542E7	4907
8932800.0	4489
1.68168E7	6625
6301200.0	3287
7350000.0	3750
1.57482E7	6341
1968600.0	976
4466400.0	2178
3412800.0	1618
9981000.0	4539
1.26024E7	5205
3675000.0	1802
1.05054E7	4633
1.62726E7	6495
7087800.0	3550
2233200.0	1062
4204200.0	2045
6825600.0	3538
1.31268E7	5429
6300000.0	3287
1.62702E7	6494
656400.0	379
1.6812E7	6625
1.0503E7	4633
1.31244E7	5429
1.57458E7	6341
3150000.0	1489
1312800.0	672
1.10274E7	4779
6037800.0	3101
8406000.0	4309
1.36488E7	5628
8929800.0	4489
1.4697E7	5954
9454200.0	4534
1.20756E7	5020
4203000.0	2045
6824400.0	3538
1.26E7	5205
328200.0	40
1902600.0	925
3412200.0	1618
9978600.0	4539
1.52214E7	6141
6562200.0	3343
4989000.0	2601
1.36482E7	5628
1.68108E7	6625
1.05024E7	4633
3805200.0	1850
2363400.0	1117
7872600.0	4022
1.10268E7	4779
1.62696E7	6492
8405400.0	4308
7610400.0	3897
4726800.0	2256
1.15512E7	4907
1.41726E7	5799
1575000.0	804
2625600.0	1272
1.25994E7	5205
1.52208E7	6140
9453600.0	4534
5775600.0	2978
4067400.0	1981
9978000.0	4539
1.31238E7	5429
5251200.0	2723
1.57452E7	6340
2887800.0	1336
5513400.0	2858
8134800.0	4221
2757000.0	1312
5776200.0	2978
1.52226E7	6143
1.26012E7	5205
9455400.0	4534
1.20768E7	5020
9979800.0	4539
5514000.0	2858
1.31256E7	5429
1.5747E7	6341
1247400.0	660
1.1028E7	4779
6562800.0	3343
1.41738E7	5799
3019200.0	1353
8406600.0	4309
1837200.0	917
1.15524E7	4907
3281400.0	1541
6300600.0	3287
8931000.0	4489
6038400.0	3101
1.46982E7	5955
1.68132E7	6625
918600.0	521
1.57464E7	6341
7611000.0	3897
754800.0	442
4727400.0	2256
9979200.0	4539
1.26006E7	5205
7348800.0	3748
2232600.0	1062
1.05036E7	4633
1.36494E7	5628
1.62708E7	6495
1509600.0	803
1.3125E7	5429
7086600.0	3550
3674400.0	1802
4465200.0	2178
1.15518E7	4907
3936600.0	1974
5251800.0	2723
8135400.0	4221
1.41732E7	5799
2494800.0	1160
8930400.0	4489
7873200.0	4022
1.20762E7	5020
1.5222E7	6143
377400.0	41
9454800.0	4534
4989600.0	2601
1.46976E7	5955
1.10334E7	4779
156000.0	9
1.36548E7	5628
8412000.0	4330
6565200.0	3343
1510200.0	803
1.47036E7	5959
312000.0	40
1.15578E7	4907
8936400.0	4489
1.41792E7	5800
1.6824E7	6625
3282600.0	1541
6303000.0	3287
1.57518E7	6341
7351800.0	3754
624000.0	272
9984600.0	4539
4468200.0	2178
7089600.0	3550
2103000.0	1048
1.52274E7	6150
1.2606E7	5205
1.62762E7	6499
1248000.0	660
6827400.0	3538
3544800.0	1645
4206000.0	2045
1.0509E7	4633
1.31304E7	5429
8411400.0	4328
2496000.0	1160
5516400.0	2858
3937800.0	1975
1772400.0	880
1.15572E7	4907
8137800.0	4222
8935800.0	4489
1.41786E7	5800
1.68228E7	6625
4992000.0	2601
2758200.0	1312
5254200.0	2723
7875600.0	4026
886200.0	507
9460200.0	4534
1.20816E7	5020
1.4703E7	5959
1.31298E7	5429
9984000.0	4539
1.05084E7	4633
1.57512E7	6341
6040800.0	3101
1.10328E7	4779
5778600.0	2978
1.36542E7	5628
1.62756E7	6496
3020400.0	1354
9985800.0	4539
1.31316E7	5429
6303600.0	3287
2889600.0	1336
1.05102E7	4633
1.5753E7	6342
1.3656E7	5628
3151800.0	1490
5779200.0	2978
2034600.0	1023
1.10346E7	4779
6041400.0	3101
1.62774E7	6500
6828000.0	3538
8937000.0	4489
1.47042E7	5960
1.15584E7	4907
1.20828E7	5020
9461400.0	4534
3414000.0	1619
6565800.0	3346
1.26072E7	5205
1182600.0	616
1.52286E7	6150
1.05096E7	4633
3807000.0	1853
1707000.0	823
7876200.0	4026
4992600.0	2601
180600.0	13
1.36554E7	5628
1.62768E7	6500
1.68252E7	6625
2365200.0	1118
1.41798E7	5800
7614000.0	3898
361200.0	40
8412600.0	4332
1.1034E7	4779
4730400.0	2256
2627400.0	1273
1.5228E7	6150
1.20822E7	5020
722400.0	438
4069200.0	1981
5517000.0	2858
9460800.0	4534
5254800.0	2723
1.57524E7	6342
9985200.0	4539
1444800.0	774
1.3131E7	5429
8138400.0	4223
1.26066E7	5205
2102400.0	1048
1.575E7	6341
9982800.0	4539
1.26042E7	5205
1.52256E7	6145
4729200.0	2256
7350600.0	3752
3544200.0	1645
4204800.0	2045
1641000.0	815
1.62744E7	6496
1.31286E7	5429
1.05072E7	4633
2364600.0	1118
4467000.0	2178
7088400.0	3550
8409600.0	4323
8137200.0	4222
5253600.0	2723
3806400.0	1851
8934000.0	4489
1.15554E7	4907
1.41768E7	5799
7875000.0	4026
1.20798E7	5020
1.68192E7	6625
4068600.0	1981
4991400.0	2601
2626800.0	1272
7612800.0	3898
9458400.0	4534
1.47012E7	5956
131400.0	9
1.3128E7	5429
6301800.0	3287
1.05066E7	4633
3019800.0	1354
1313400.0	674
951600.0	521
1.57494E7	6341
262800.0	30
6039600.0	3101
1.36524E7	5628
1903200.0	925
1.1031E7	4779
1.62738E7	6496
525600.0	48
3282000.0	1541
8933400.0	4489
1.20792E7	5020
1.47006E7	5956
6826200.0	3538
1051200.0	522
6564000.0	3343
1.26036E7	5205
9457800.0	4534
1.5225E7	6145
9982200.0	4539
475800.0	45
7089000.0	3550
1.47024E7	5959
8935200.0	4489
3413400.0	1618
4205400.0	2045
1575600.0	804
1.2081E7	5020
9459600.0	4534
1.26054E7	5205
6826800.0	3538
787800.0	447
1.52268E7	6150
4729800.0	2256
3675600.0	1802
2233800.0	1062
1.36536E7	5628
1.68216E7	6625
1.05078E7	4633
1.6275E7	6496
7613400.0	3898
1.4178E7	5800
7351200.0	3753
1.10322E7	4779
4467600.0	2178
8410800.0	4324
1.15566E7	4907
5778000.0	2978
9459000.0	4534
1.20804E7	5020
1.52262E7	6149
2889000.0	1336
5515800.0	2858
1837800.0	917
9983400.0	4539
1.31292E7	5429
1.57506E7	6341
1.26048E7	5205
39000.0	1
1.10316E7	4779
1.41774E7	5799
6564600.0	3343
6302400.0	3287
8410200.0	4324
1.3653E7	5628
1.47018E7	5957
1.1556E7	4907
78000.0	1
6040200.0	3101
3151200.0	1489
8934600.0	4489
1.68204E7	6625
7878000.0	4029
1.05132E7	4633
1.3659E7	5628
1.62804E7	6503
1.31346E7	5429
1.68324E7	6625
4994400.0	2601
3676800.0	1802
1.10376E7	4779
3939000.0	1975
7615800.0	3898
1.41834E7	5804
4732200.0	2256
8416200.0	4334
2497200.0	1160
7353600.0	3754
5518800.0	2858
1.20858E7	5020
1.52316E7	6160
9464400.0	4534
1.47072E7	5970
1576200.0	804
2759400.0	1312
5256600.0	2723
1.5756E7	6347
8140200.0	4230
9988800.0	4539
1.26102E7	5205
3152400.0	1493
229800.0	28
1.1037E7	4779
8415600.0	4333
1.36584E7	5628
6567000.0	3347
6304800.0	3287
1.15614E7	4907
1.41828E7	5804
459600.0	45
8940000.0	4489
1.68312E7	6625
1.26096E7	5205
7091400.0	3550
1248600.0	660
919200.0	521
4470000.0	2178
3414600.0	1619
9988200.0	4539
1.5231E7	6160
1.62798E7	6503
102600.0	2
1838400.0	917
2235000.0	1062
4207800.0	2045
6829200.0	3538
1.05126E7	4633
1.3134E7	5429
1.57554E7	6347
1.26114E7	5206
9465600.0	4534
3546000.0	1645
4470600.0	2178
2104200.0	1048
1.52328E7	6160
7354200.0	3754
9990000.0	4539
7092000.0	3550
4208400.0	2045
1.05144E7	4633
1.57572E7	6348
1.31358E7	5429
2366400.0	1118
1.4184E7	5804
8416800.0	4337
1510800.0	803
5257200.0	2723
3808200.0	1855
1.15626E7	4907
7878600.0	4029
4732800.0	2256
8941200.0	4489
1.68336E7	6625
755400.0	442
2628600.0	1276
7616400.0	3898
1.47084E7	5970
1.2087E7	5020
4995000.0	2601
9989400.0	4539
591600.0	187
1.31352E7	5429
6305400.0	3287
6043200.0	3101
1.57566E7	6348
1.36596E7	5628
1183200.0	616
5781000.0	2978
1.05138E7	4633
3021600.0	1354
1.10382E7	4779
1.6281E7	6503
6829800.0	3538
1.1562E7	4907
3283800.0	1541
8940600.0	4489
1.47078E7	5970
295800.0	39
1773000.0	880
1.52322E7	6160
6567600.0	3347
1.26108E7	5205
9465000.0	4534
1.20864E7	5020
5779800.0	2978
1.52298E7	6154
1.2084E7	5020
9462600.0	4534
2758800.0	1312
1969200.0	976
9987000.0	4539
1.57542E7	6342
1.26084E7	5205
5517600.0	2858
984600.0	522
1117200.0	529
3021000.0	1354
1.36566E7	5628
6304200.0	3287
8413800.0	4333
1.10352E7	4779
1.15596E7	4907
558600.0	80
6042000.0	3101
1.47054E7	5970
8938200.0	4489
1.4181E7	5804
1.68276E7	6625
4468800.0	2178
7352400.0	3754
4731000.0	2256
9986400.0	4539
1.26078E7	5205
1.52292E7	6151
2234400.0	1062
1.6278E7	6500
4206600.0	2045
3676200.0	1802
1.31322E7	5429
7090200.0	3550
1.05108E7	4633
1.57536E7	6342
8139000.0	4223
8413200.0	4332
1.1559E7	4907
1.41804E7	5803
5255400.0	2723
7876800.0	4027
2496600.0	1160
8937600.0	4489
1.68264E7	6625
1.47048E7	5966
9462000.0	4534
1379400.0	699
3938400.0	1975
1.20834E7	5020
4993200.0	2601
7614600.0	3898
8415000.0	4333
5256000.0	2723
1903800.0	925
205200.0	26
1.15608E7	4907
5518200.0	2858
8139600.0	4228
1.41822E7	5804
8939400.0	4489
4993800.0	2601
1.683E7	6625
2628000.0	1276
7877400.0	4029
410400.0	42
1.47066E7	5970
4069800.0	1981
9463800.0	4534
1.20852E7	5020
9987600.0	4539
1.31334E7	5429
1051800.0	522
1.57548E7	6343
820800.0	482
2890200.0	1336
6042600.0	3101
1.36578E7	5628
1.0512E7	4633
1641600.0	815
5780400.0	2978
1.10364E7	4779
1.62792E7	6501
1.4706E7	5970
7090800.0	3550
8938800.0	4489
1.15602E7	4907
4207200.0	2045
1.20846E7	5020
3283200.0	1541
6828600.0	3538
1.2609E7	5205
1.52304E7	6159
9463200.0	4534
3545400.0	1645
2103600.0	1048
6566400.0	3347
1.05114E7	4633
1314000.0	678
1.36572E7	5628
7615200.0	3898
4731600.0	2256
1.62786E7	6500
1.68288E7	6625
1.31328E7	5429
657000.0	379
3807600.0	1854
2365800.0	1118
7353000.0	3754
1.10358E7	4779
4469400.0	2178
1.41816E7	5804
8414400.0	4333
2891400.0	1336
6045000.0	3102
9993000.0	4539
1.31388E7	5429
1.57602E7	6349
1.26144E7	5207
5782800.0	2978
1.36632E7	5628
1.05174E7	4633
1.62846E7	6504
1314600.0	678
1.47114E7	5973
1.15656E7	4907
6831600.0	3538
3153600.0	1493
8944200.0	4489
1904400.0	925
9468600.0	4534
1.209E7	5020
3415800.0	1620
1.52358E7	6165
6569400.0	3347
6307200.0	3287
952200.0	521
7879800.0	4043
1.6284E7	6503
788400.0	452
4996200.0	2601
1.31382E7	5429
1.68396E7	6625
1.05168E7	4633
7617600.0	3898
2367000.0	1118
1.10412E7	4779
1.4187E7	5813
1576800.0	804
8419800.0	4337
1.36626E7	5628
3808800.0	1855
4734000.0	2256
7355400.0	3754
1.20894E7	5020
4071000.0	1981
5520600.0	2858
2629200.0	1276
9468000.0	4534
1.47108E7	5973
1.57596E7	6349
8142000.0	4232
394200.0	41
9992400.0	4539
5258400.0	2723
1.26138E7	5207
1.52352E7	6165
1249200.0	660
2760600.0	1312
5783400.0	2978
9469800.0	4534
1.20912E7	5020
1.47126E7	5973
1.57614E7	6349
624600.0	272
9994200.0	4539
5521200.0	2858
1.5237E7	6168
8142600.0	4232
1.26156E7	5207
1.6842E7	6625
1839000.0	917
1.10424E7	4779
1.36638E7	5628
1.62852E7	6504
6307800.0	3287
3022800.0	1354
8421000.0	4337
1.15668E7	4907
8945400.0	4489
1.41882E7	5815
6045600.0	3102
9469200.0	4534
1.2615E7	5207
7356000.0	3754
4472400.0	2178
1.52364E7	6165
1.31394E7	5429
7093800.0	3550
9993600.0	4539
3678000.0	1802
2236200.0	1062
4210200.0	2045
1.0518E7	4633
1.57608E7	6349
31800.0	1
1511400.0	803
1.41876E7	5813
4996800.0	2601
1.10418E7	4779
8420400.0	4337
1.15662E7	4907
5259000.0	2723
7880400.0	4043
63600.0	1
4734600.0	2256
2498400.0	1160
1.4712E7	5973
8944800.0	4489
1.68408E7	6625
3940200.0	1975
1.20906E7	5020
7618200.0	3898
127200.0	9
1.47096E7	5972
7092600.0	3550
1.15638E7	4907
8942400.0	4489
4209000.0	2045
6830400.0	3538
254400.0	28
9466800.0	4534
1.20882E7	5020
1.26126E7	5207
1.5234E7	6161
3415200.0	1619
6568200.0	3347
508800.0	45
3677400.0	1802
1.0515E7	4633
4733400.0	2256
1.62822E7	6503
7617000.0	3898
2235600.0	1062
1.6836E7	6625
1.31364E7	5429
1445400.0	774
1017600.0	522
7354800.0	3754
1.10394E7	4779
1.41852E7	5804
4471200.0	2178
8418000.0	4337
1.36608E7	5628
2035200.0	1023
1.20876E7	5020
1.52334E7	6160
9466200.0	4534
1.4709E7	5971
5781600.0	2978
4070400.0	1981
1.57578E7	6349
1117800.0	529
9990600.0	4539
1.2612E7	5207
2890800.0	1336
5519400.0	2858
8140800.0	4232
1707600.0	823
6306000.0	3287
8417400.0	4337
1.10388E7	4779
1.36602E7	5628
1.62816E7	6503
6043800.0	3101
1.41846E7	5804
853800.0	482
3153000.0	1493
8941800.0	4489
1.15632E7	4907
1.68348E7	6625
1.68384E7	6625
6568800.0	3347
690000.0	379
1.3662E7	5628
1.10406E7	4779
1.62834E7	6503
8419200.0	4337
3284400.0	1541
6306600.0	3287
1380000.0	699
8943600.0	4489
1.1565E7	4907
1.41864E7	5813
4209600.0	2045
1.26132E7	5207
9467400.0	4534
1.52346E7	6161
9991800.0	4539
4471800.0	2178
7093200.0	3550
2104800.0	1056
1.31376E7	5429
345000.0	40
1969800.0	976
1.05162E7	4633
6831000.0	3538
1.5759E7	6349
3546600.0	1645
1052400.0	522
1.41858E7	5804
8418600.0	4337
1.104E7	4779
3939600.0	1975
5257800.0	2723
2497800.0	1160
1.15644E7	4907
8141400.0	4232
526200.0	48
8943000.0	4489
1.68372E7	6625
7879200.0	4034
4995600.0	2601
1.20888E7	5020
1.47102E7	5973
1642200.0	815
1.3137E7	5429
2760000.0	1312
1.57584E7	6349
9991200.0	4539
6044400.0	3101
1.36614E7	5628
5520000.0	2858
1.05156E7	4633
5782200.0	2978
1.62828E7	6503
3022200.0	1354
1.26186E7	5207
1.524E7	6176
7357800.0	3755
9472800.0	4534
3547800.0	1646
4474200.0	2178
2106000.0	1056
1642800.0	815
9997200.0	4539
1.3143E7	5429
7095600.0	3550
4212000.0	2045
1.57644E7	6351
821400.0	482
4998600.0	2601
3810000.0	1855
2368200.0	1118
1.10454E7	4779
1.41912E7	5820
7882200.0	4044
8424000.0	4337
7620000.0	3898
4736400.0	2256
1.47156E7	5977
8948400.0	4489
1.15698E7	4907
1.20942E7	5020
1.6848E7	6625
6046800.0	3102
9996600.0	4539
1.57638E7	6351
1.2618E7	5207
5784600.0	2978
1.0521E7	4633
3023400.0	1354
1.36668E7	5628
1905000.0	925
1.62882E7	6504
1.31424E7	5429
1.15692E7	4907
1.4715E7	5976
6833400.0	3538
6571200.0	3348
8947800.0	4489
1.41906E7	5815
1.52394E7	6176
1.20936E7	5020
1053000.0	522
3285600.0	1542
6309000.0	3287
9472200.0	4534
1577400.0	804
1.1571E7	4907
164400.0	9
1.41924E7	5825
8949600.0	4489
4212600.0	2045
6834000.0	3538
1.20954E7	5020
1.52412E7	6176
328800.0	40
9474000.0	4534
1.47168E7	5982
3417000.0	1620
6571800.0	3348
1.62894E7	6504
7620600.0	3898
657600.0	379
4737000.0	2256
7358400.0	3755
2237400.0	1062
1.68504E7	6625
1.05222E7	4633
1.31436E7	5429
1.5765E7	6351
1315200.0	678
7096200.0	3550
3679200.0	1802
1.10466E7	4779
4474800.0	2178
8425200.0	4338
1.3668E7	5628
8949000.0	4489
2630400.0	1276
1.47162E7	5980
5785200.0	2978
4072200.0	1982
1839600.0	917
9473400.0	4534
1.20948E7	5020
1.26192E7	5207
5260800.0	2723
2892600.0	1336
5523000.0	2858
8144400.0	4232
919800.0	521
9997800.0	4539
1.52406E7	6176
6309600.0	3287
1.36674E7	5628
1.68492E7	6625
1.05216E7	4633
1.1046E7	4779
1.62888E7	6504
3154800.0	1493
8424600.0	4338
1.15704E7	4907
1.41918E7	5825
6047400.0	3102
5259600.0	2723
1.41894E7	5815
8143200.0	4232
8422200.0	4337
1.10436E7	4779
1183800.0	616
886800.0	507
2629800.0	1276
7881000.0	4043
8946600.0	4489
4997400.0	2601
1.47138E7	5973
1.1568E7	4907
4071600.0	1981
1.68444E7	6625
1.20924E7	5020
1773600.0	881
1.5762E7	6349
9994800.0	4539
5784000.0	2978
1.31406E7	5429
6046200.0	3102
1.26162E7	5207
1.05192E7	4633
2892000.0	1336
5521800.0	2858
1.3665E7	5628
1.62864E7	6504
443400.0	42
1.47132E7	5973
1.15674E7	4907
1446000.0	774
6832200.0	3538
8946000.0	4489
1.41888E7	5815
4210800.0	2045
3285000.0	1541
1.52376E7	6168
1.20918E7	5020
723000.0	440
9470400.0	4534
2105400.0	1056
6570000.0	3347
7618800.0	3898
1.62858E7	6504
2035800.0	1023
4735200.0	2256
3547200.0	1646
1.68432E7	6625
1.05186E7	4633
1.314E7	5429
3809400.0	1855
7356600.0	3755
1.1043E7	4779
82200.0	1
1.36644E7	5628
2367600.0	1118
4473000.0	2178
7094400.0	3550
8421600.0	4337
2236800.0	1062
1.62876E7	6504
3678600.0	1802
1.31418E7	5429
1.68468E7	6625
1.05204E7	4633
1.57632E7	6350
4998000.0	2601
7619400.0	3898
4473600.0	2178
1708200.0	823
7357200.0	3755
1.36662E7	5628
4735800.0	2256
8423400.0	4337
1.10448E7	4779
2499000.0	1160
8947200.0	4489
1.47144E7	5975
9471600.0	4534
5522400.0	2858
3940800.0	1975
1.2093E7	5020
8143800.0	4232
2761200.0	1312
5260200.0	2723
7881600.0	4043
9996000.0	4539
1.26174E7	5207
1.52388E7	6175
139800.0	9
1.36656E7	5628
1.68456E7	6625
6570600.0	3347
3154200.0	1493
1.10442E7	4779
1.6287E7	6504
1380600.0	699
985200.0	522
279600.0	36
8422800.0	4337
6308400.0	3287
1.15686E7	4907
1.419E7	5815
1970400.0	976
559200.0	82
9471000.0	4534
3416400.0	1620
4211400.0	2045
1.26168E7	5207
1.52382E7	6168
7095000.0	3550
1118400.0	529
6832800.0	3538
9995400.0	4539
1.31412E7	5429
1.05198E7	4633
1.57626E7	6350
492600.0	45
8952600.0	4489
5524800.0	2858
1971000.0	976
5787000.0	2978
213600.0	28
1.20984E7	5020
1.47198E7	5985
1.26228E7	5218
9477000.0	4534
2762400.0	1312
5262600.0	2723
1.52442E7	6176
8146200.0	4235
427200.0	42
1.00014E7	4539
1.3671E7	5628
6311400.0	3287
1.68564E7	6627
1.05252E7	4633
1119000.0	529
1.62924E7	6504
854400.0	482
3024600.0	1354
1.41954E7	5829
8428200.0	4340
1.10496E7	4779
1.1574E7	4907
1708800.0	823
6049200.0	3104
7359600.0	3758
9476400.0	4534
1.20978E7	5020
1.26222E7	5217
1.52436E7	6176
4476000.0	2178
3417600.0	1620
3679800.0	1802
1.31466E7	5429
7097400.0	3550
1.5768E7	6351
1.00008E7	4539
2238000.0	1062
4213800.0	2045
6835200.0	3538
1.1049E7	4779
1381200.0	699
1.41948E7	5828
7884000.0	4048
5000400.0	2601
8427600.0	4340
1.36704E7	5628
1.47192E7	5985
4738200.0	2256
690600.0	379
1.15734E7	4907
3942000.0	1975
2500200.0	1160
7621800.0	3898
8952000.0	4489
1.68552E7	6627
526800.0	48
8146800.0	4235
1.10508E7	4779
1.41966E7	5832
8429400.0	4340
1.36722E7	5628
5263200.0	2723
3811200.0	1855
1053600.0	522
7884600.0	4051
1.4721E7	5986
1.15752E7	4907
4073400.0	1983
8953800.0	4489
5001000.0	2601
1.68588E7	6628
2631600.0	1279
7622400.0	3898
1.57692E7	6351
5787600.0	2978
1.0002E7	4539
1.26234E7	5219
1.52448E7	6176
263400.0	31
1643400.0	815
2893800.0	1337
5525400.0	2858
1.62936E7	6504
1.31478E7	5429
1.05264E7	4633
8428800.0	4340
3286800.0	1547
6835800.0	3538
238200.0	28
8953200.0	4489
1.15746E7	4907
1.4196E7	5832
1.2099E7	5020
1.68576E7	6627
6573600.0	3357
476400.0	45
9477600.0	4534
1.47204E7	5985
2107200.0	1057
1.31472E7	5429
1.05258E7	4633
1315800.0	678
952800.0	521
1.57686E7	6351
4738800.0	2256
7360200.0	3760
3549000.0	1650
4214400.0	2045
1.36716E7	5628
1905600.0	925
2369400.0	1118
1.10502E7	4779
1.6293E7	6504
4476600.0	2178
7098000.0	3550
1.36692E7	5628
1.68528E7	6625
6572400.0	3350
1.05234E7	4633
3024000.0	1354
1.10478E7	4779
1.62906E7	6504
1.41936E7	5825
8426400.0	4340
3286200.0	1545
6310200.0	3287
6048000.0	3103
1.15722E7	4907
7096800.0	3550
4213200.0	2045
1.52418E7	6176
1.26204E7	5209
9474600.0	4534
1.2096E7	5020
6834600.0	3538
9999000.0	4539
3548400.0	1648
2106600.0	1056
1.31448E7	5429
1.57662E7	6351
1249800.0	660
1.10472E7	4779
3941400.0	1975
5261400.0	2723
1774200.0	881
8145000.0	4233
1.4193E7	5825
189000.0	16
8425800.0	4338
2499600.0	1160
7882800.0	4045
1.15716E7	4907
8950200.0	4489
378000.0	41
1.47174E7	5984
1.68516E7	6625
4999200.0	2601
2761800.0	1312
1.57656E7	6351
5785800.0	2978
756000.0	442
9998400.0	4539
1.26198E7	5207
5523600.0	2858
1.05228E7	4633
1.36686E7	5628
1.629E7	6504
1512000.0	803
1.31442E7	5429
6048600.0	3103
1.57674E7	6351
1.00002E7	4539
1.26216E7	5212
2893200.0	1337
2036400.0	1023
1.05246E7	4633
1.62918E7	6504
1.3146E7	5429
5786400.0	2978
1018200.0	522
1184400.0	616
1.41942E7	5827
6573000.0	3355
3155400.0	1495
8951400.0	4489
1.15728E7	4907
1.20972E7	5020
592200.0	187
1.5243E7	6176
9475800.0	4534
6310800.0	3287
1.47186E7	5984
4737600.0	2256
1.0524E7	4633
7621200.0	3898
1.57668E7	6351
4999800.0	2601
1.31454E7	5429
1.6854E7	6626
2368800.0	1118
4475400.0	2178
3810600.0	1855
7359000.0	3757
8427000.0	4340
1.10484E7	4779
1.36698E7	5628
1.62912E7	6504
8950800.0	4489
2631000.0	1278
53400.0	1
1.4718E7	5984
1.20966E7	5020
5524200.0	2858
8145600.0	4235
1.2621E7	5209
9475200.0	4534
5262000.0	2723
1.52424E7	6176
106800.0	4
7883400.0	4047
9999600.0	4539
1446600.0	774
4072800.0	1983
6837600.0	3538
8432400.0	4340
723600.0	440
1.15782E7	4908
1.41996E7	5832
8956800.0	4489
3418800.0	1620
1.68648E7	6635
6575400.0	3360
1447200.0	774
1.4724E7	5993
9481200.0	4534
1.21026E7	5021
4478400.0	2178
1.0005E7	4539
1.31508E7	5429
7362000.0	3763
1.05294E7	4633
1.57722E7	6351
4740600.0	2256
2239200.0	1062
4216200.0	2045
1.36752E7	5628
361800.0	40
2037000.0	1023
3681000.0	1802
1.10538E7	4779
1.62966E7	6504
7099800.0	3550
2632200.0	1285
1119600.0	529
8956200.0	4489
1.47234E7	5990
1.15776E7	4907
4074000.0	1983
5526600.0	2858
1.2102E7	5021
5264400.0	2723
559800.0	84
9480600.0	4534
1.26264E7	5223
8148000.0	4236
1.52478E7	6176
1.05288E7	4633
1709400.0	823
6313200.0	3289
2894400.0	1337
1.36746E7	5628
1.6296E7	6504
1.68636E7	6633
1.4199E7	5832
3156600.0	1495
5788800.0	2978
8431800.0	4340
1.10532E7	4779
6051000.0	3104
1.05306E7	4633
3025800.0	1354
1.36764E7	5628
1.62978E7	6504
1.68672E7	6639
1.3152E7	5429
6313800.0	3289
6051600.0	3104
1.1055E7	4779
1.42008E7	5832
8433600.0	4340
1381800.0	700
1.5249E7	6176
1.21032E7	5021
7100400.0	3550
4216800.0	2045
3288000.0	1548
9481800.0	4534
1971600.0	976
6838200.0	3538
1.00062E7	4539
1.57734E7	6351
3550200.0	1653
2108400.0	1057
6576000.0	3361
1.26276E7	5226
985800.0	522
8148600.0	4239
1054200.0	522
822000.0	482
1.36758E7	5628
8433000.0	4340
1.10544E7	4779
5265000.0	2723
7886400.0	4053
2501400.0	1160
1.15788E7	4908
1.47246E7	5993
1644000.0	815
8957400.0	4489
1.42002E7	5832
1.6866E7	6639
3943200.0	1976
5002800.0	2601
7624200.0	3898
5789400.0	2978
2763600.0	1312
1.00056E7	4539
1.2627E7	5223
1.52484E7	6176
1.62972E7	6504
411000.0	42
1.31514E7	5429
5527200.0	2858
1.053E7	4633
1.57728E7	6351
4739400.0	2256
1.3149E7	5429
1.00032E7	4539
3680400.0	1802
2238600.0	1062
1.05276E7	4633
1.57704E7	6351
7623000.0	3898
7360800.0	3761
4477200.0	2178
1.1052E7	4779
1.36734E7	5628
1.62948E7	6504
2500800.0	1160
1.47216E7	5990
8954400.0	4489
1578000.0	804
5526000.0	2858
3942600.0	1975
1.21002E7	5020
8147400.0	4236
9478800.0	4534
5001600.0	2601
1.26246E7	5221
789000.0	454
2763000.0	1312
5263800.0	2723
7885200.0	4051
1.5246E7	6176
625200.0	273
1.36728E7	5628
1.686E7	6628
6574200.0	3360
1.0527E7	4633
6312000.0	3287
1.62942E7	6504
1.41972E7	5832
1250400.0	661
1.10514E7	4779
6049800.0	3104
8430000.0	4340
3156000.0	1495
1.15758E7	4907
7098600.0	3550
9478200.0	4534
1.20996E7	5020
3418200.0	1620
4215000.0	2045
1.52454E7	6176
312600.0	40
1840200.0	919
6836400.0	3538
1.00026E7	4539
1.31484E7	5429
1.57698E7	6351
1.2624E7	5221
1.52472E7	6176
7361400.0	3761
1.21014E7	5020
9480000.0	4534
4477800.0	2178
7099200.0	3550
2107800.0	1057
1.57716E7	6351
1.00044E7	4539
1.31502E7	5429
6837000.0	3538
1.26258E7	5223
3549600.0	1651
4215600.0	2045
3811800.0	1856
1.10526E7	4779
7885800.0	4051
5002200.0	2601
1.3674E7	5628
2370000.0	1118
8431200.0	4340
1512600.0	803
7623600.0	3898
1.47228E7	5990
1.1577E7	4907
4740000.0	2256
8955600.0	4489
1.41984E7	5832
1.68624E7	6630
1.5771E7	6351
1.00038E7	4539
1.52466E7	6176
1.26252E7	5221
6050400.0	3104
1.62954E7	6504
1185000.0	616
5788200.0	2978
1.05282E7	4633
1.31496E7	5429
3025200.0	1354
8430600.0	4340
1774800.0	881
1.15764E7	4907
6574800.0	3360
8955000.0	4489
1.41978E7	5832
1.68612E7	6630
887400.0	507
3287400.0	1547
6312600.0	3289
9479400.0	4534
1.21008E7	5020
1.47222E7	5990
2371200.0	1118
5266800.0	2723
3813000.0	1857
7888200.0	4058
8436600.0	4340
1.1058E7	4779
1.36794E7	5628
1.63008E7	6504
4742400.0	2256
1775400.0	881
2633400.0	1285
1.42038E7	5833
7626000.0	3898
8961000.0	4489
5004600.0	2601
1.15824E7	4913
1.68732E7	6647
1.26306E7	5237
9484800.0	4534
1.5252E7	6176
1.00092E7	4539
5791200.0	2978
4075200.0	1983
1.05336E7	4633
1.57764E7	6352
2895600.0	1337
1.3155E7	5429
5529000.0	2858
8150400.0	4243
6839400.0	3538
148200.0	9
1.42032E7	5833
8436000.0	4340
3288600.0	1548
1.15818E7	4913
1447800.0	774
1018800.0	522
296400.0	39
8960400.0	4489
1.6872E7	6647
6577200.0	3362
1.47276E7	5993
1.21062E7	5024
2037600.0	1023
1.00086E7	4539
592800.0	187
3550800.0	1653
4480200.0	2178
2109000.0	1057
1.31544E7	5429
1.57758E7	6352
7363800.0	3769
1.36788E7	5628
1185600.0	616
7101600.0	3550
4218000.0	2045
1.0533E7	4633
1.10574E7	4779
1.63002E7	6504
509400.0	45
3682200.0	1802
4743000.0	2256
1.31562E7	5429
1.57776E7	6352
7626600.0	3898
1.00104E7	4539
2240400.0	1062
1710000.0	823
7364400.0	3769
1.36806E7	5628
1.05348E7	4633
4480800.0	2178
1.6302E7	6504
855000.0	482
1.47288E7	5995
1.1583E7	4913
3944400.0	1976
5267400.0	2723
2502600.0	1161
8151000.0	4243
8961600.0	4489
9486000.0	4534
7888800.0	4058
1.21074E7	5028
5005200.0	2601
1.26318E7	5237
1.52532E7	6176
1.05342E7	4633
1.63014E7	6504
1.68744E7	6647
1.31556E7	5429
6315600.0	3301
1.10586E7	4779
6053400.0	3105
1.42044E7	5833
1972200.0	976
8437200.0	4340
1.368E7	5628
3157800.0	1495
1.21068E7	5026
1.52526E7	6176
7102200.0	3550
9485400.0	4534
4218600.0	2045
6840000.0	3538
1.47282E7	5995
1.5777E7	6352
1120200.0	529
3420000.0	1620
1.00098E7	4539
6577800.0	3362
1.26312E7	5237
1.26288E7	5229
1316400.0	680
2895000.0	1337
6052200.0	3104
1.00074E7	4539
1.52502E7	6176
1.6299E7	6504
658200.0	379
5790000.0	2978
1.05318E7	4633
1.31532E7	5429
1.57746E7	6351
3157200.0	1495
8434200.0	4340
1906200.0	925
1.158E7	4908
1.42014E7	5832
6576600.0	3362
6314400.0	3298
8958600.0	4489
1.68684E7	6639
1.47258E7	5993
9483000.0	4534
1.21044E7	5021
1.00068E7	4539
1.31526E7	5429
7624800.0	3898
4741200.0	2256
1.5774E7	6351
1578600.0	804
1.3677E7	5628
1.05312E7	4633
3812400.0	1856
2370600.0	1118
7362600.0	3769
4479000.0	2178
1.10556E7	4779
1.62984E7	6504
5265600.0	2723
1.47252E7	5993
8958000.0	4489
1.15794E7	4908
1.21038E7	5021
5527800.0	2858
8149200.0	4240
5003400.0	2601
2632800.0	1285
1.26282E7	5226
1.52496E7	6176
9482400.0	4534
7887000.0	4054
4074600.0	1983
5528400.0	2858
1.15812E7	4909
8959800.0	4489
1.4727E7	5993
1251000.0	661
920400.0	521
2764200.0	1312
5266200.0	2723
1.52514E7	6176
8149800.0	4243
1.263E7	5234
9484200.0	4534
1.21056E7	5024
1840800.0	920
1.05324E7	4633
1.36782E7	5628
1.62996E7	6504
6315000.0	3300
6052800.0	3105
1.31538E7	5429
1.68708E7	6647
1.10568E7	4779
5790600.0	2978
1.42026E7	5832
3026400.0	1355
8435400.0	4340
460200.0	45
1.2105E7	5022
1.52508E7	6176
1513200.0	803
9483600.0	4534
7101000.0	3550
1.47264E7	5993
4479600.0	2178
3419400.0	1620
1.57752E7	6351
756600.0	442
1.0008E7	4539
1.26294E7	5232
2239800.0	1062
4217400.0	2045
6838800.0	3538
7887600.0	4054
5004000.0	2601
3681600.0	1802
1.10562E7	4779
8434800.0	4340
1.36776E7	5628
1.15806E7	4909
3943800.0	1976
7625400.0	3898
4741800.0	2256
1.4202E7	5832
2502000.0	1161
7363200.0	3769
8959200.0	4489
1.68696E7	6640
1.6305E7	6504
1.68816E7	6656
1.05378E7	4633
1.31592E7	5429
6317400.0	3303
3027600.0	1359
1.10622E7	4779
1.36836E7	5628
8440800.0	4340
6055200.0	3111
1251600.0	661
6841800.0	3538
4220400.0	2045
3289800.0	1548
9489000.0	4534
1.21104E7	5033
1.47318E7	5995
1.57806E7	6353
625800.0	274
1.00134E7	4539
2110200.0	1057
1.52562E7	6176
6579600.0	3364
1.26348E7	5246
1.68804E7	6656
5006400.0	2601
1.10616E7	4779
5268600.0	2723
7890000.0	4061
1.3683E7	5628
1.63044E7	6504
4744200.0	2256
8440200.0	4340
2503200.0	1161
3945000.0	1976
7627800.0	3898
1.1586E7	4916
8964600.0	4489
1.42074E7	5833
9488400.0	4534
1.26342E7	5242
2765400.0	1312
1.52556E7	6176
5793000.0	2978
1.31586E7	5429
1.00128E7	4539
5530800.0	2859
1.05372E7	4633
1.578E7	6353
8152200.0	4244
1513800.0	803
9490200.0	4534
1.2636E7	5253
5793600.0	2978
2038200.0	1024
6055800.0	3112
1.52574E7	6176
222000.0	28
1.00146E7	4539
1.31604E7	5429
2896800.0	1337
5531400.0	2859
444000.0	42
1.0539E7	4633
1.57818E7	6353
1.42086E7	5833
6580200.0	3367
3159000.0	1495
8441400.0	4340
1.10628E7	4779
1186200.0	616
888000.0	507
6318000.0	3303
8965800.0	4489
5400.0	0
1.4733E7	5996
1.15872E7	4916
1.68828E7	6657
1.21116E7	5038
1776000.0	881
7628400.0	3898
1.57812E7	6353
10800.0	0
1.0014E7	4539
1.31598E7	5429
1.26354E7	5251
4744800.0	2256
3552000.0	1655
1.05384E7	4633
3814200.0	1860
7366200.0	3772
21600.0	0
1.36842E7	5628
1.63056E7	6504
2372400.0	1118
4482600.0	2178
7104000.0	3550
5269200.0	2723
1.47324E7	5995
1.15866E7	4916
43200.0	1
1448400.0	774
8152800.0	4245
8965200.0	4489
1.4208E7	5833
2634600.0	1287
1.52568E7	6176
7890600.0	4061
1.2111E7	5035
86400.0	1
5007000.0	2601
724200.0	440
4076400.0	1983
9489600.0	4534
4219200.0	2045
1.21086E7	5028
1644600.0	815
172800.0	9
9487200.0	4534
1.473E7	5995
4481400.0	2178
7102800.0	3550
2109600.0	1057
1.57788E7	6353
345600.0	40
1.00116E7	4539
6840600.0	3538
1.2633E7	5237
1.52544E7	6176
3551400.0	1653
7889400.0	4059
1.68768E7	6649
691200.0	379
5005800.0	2601
1.36812E7	5628
7627200.0	3898
2371800.0	1118
1.10598E7	4779
1.63026E7	6504
8438400.0	4340
1382400.0	701
3813600.0	1858
4743600.0	2256
7365000.0	3770
8962800.0	4489
1.15842E7	4916
1.42056E7	5833
1.26324E7	5237
9486600.0	4534
2764800.0	1312
1.52538E7	6176
6054000.0	3107
1.0011E7	4539
1906800.0	925
1.31568E7	5429
5529600.0	2858
5791800.0	2978
1.05354E7	4633
3027000.0	1359
953400.0	521
1.57782E7	6352
1054800.0	522
6578400.0	3362
1.4205E7	5833
8437800.0	4340
1.10592E7	4779
1.15836E7	4915
527400.0	48
3289200.0	1548
6316200.0	3302
8962200.0	4489
1.68756E7	6647
111000.0	5
1.2108E7	5028
1.47294E7	5995
1.42068E7	5833
1.1061E7	4779
6841200.0	3538
8439600.0	4340
3158400.0	1495
1.15854E7	4916
1.47312E7	5995
8964000.0	4489
3420600.0	1620
1.68792E7	6656
6579000.0	3363
6316800.0	3302
1.21098E7	5030
7365600.0	3770
4482000.0	2178
1.00122E7	4539
1.3158E7	5429
1.57794E7	6353
1.26336E7	5242
7103400.0	3550
3682800.0	1802
2241000.0	1062
4219800.0	2045
1.36824E7	5628
1.05366E7	4633
1.63038E7	6504
1317000.0	685
1.47306E7	5995
1.15848E7	4916
4075800.0	1983
5530200.0	2859
1841400.0	921
197400.0	23
8963400.0	4489
2634000.0	1286
8151600.0	4243
9487800.0	4534
1.21092E7	5029
1.5255E7	6176
394800.0	41
5268000.0	2723
2896200.0	1337
1.63032E7	6504
6054600.0	3111
789600.0	454
1.31574E7	5429
1.6878E7	6655
1.0536E7	4633
5792400.0	2978
1.10604E7	4779
1.42062E7	5833
1579200.0	804
8439000.0	4340
1.36818E7	5628
1.57848E7	6353
7630200.0	3902
4746600.0	2256
1.00176E7	4539
1.2639E7	5256
7368000.0	3773
2242200.0	1062
1.0542E7	4633
1.36878E7	5628
1.63092E7	6504
1.31634E7	5429
7105800.0	3550
3684000.0	1802
4484400.0	2178
1579800.0	804
1.15902E7	4919
3946200.0	1976
5271000.0	2723
8154600.0	4245
1.42116E7	5833
2504400.0	1161
8968800.0	4489
7892400.0	4066
1.21146E7	5051
1.52604E7	6177
9493200.0	4534
5008800.0	2601
1.4736E7	5996
6319200.0	3305
1.63086E7	6504
1.68888E7	6657
1.05414E7	4633
1.31628E7	5429
1.57842E7	6353
3159600.0	1495
1252200.0	661
1.10658E7	4779
6057000.0	3112
8444400.0	4340
1.36872E7	5628
8968200.0	4489
1.47354E7	5996
1842000.0	921
9492600.0	4534
1.2114E7	5049
4222200.0	2045
6843600.0	3538
1.26384E7	5256
921000.0	521
3421800.0	1620
1.0017E7	4539
1.52598E7	6177
6581400.0	3370
7106400.0	3550
8970000.0	4489
4222800.0	2045
757200.0	442
1.47372E7	5996
1.21158E7	5053
6844200.0	3538
1.26402E7	5256
9494400.0	4534
3553200.0	1655
2111400.0	1057
1514400.0	803
1.52616E7	6177
1.00188E7	4539
1.36884E7	5628
4747200.0	2256
1.68912E7	6657
1.05426E7	4633
7630800.0	3902
1.1067E7	4779
1.63098E7	6504
5009400.0	2601
2373600.0	1119
4485000.0	2178
1.42128E7	5833
8445600.0	4340
378600.0	41
3815400.0	1862
7368600.0	3773
1.15914E7	4920
2766600.0	1312
1186800.0	616
5795400.0	2978
1.5261E7	6177
1.26396E7	5256
9493800.0	4534
1.21152E7	5051
1.00182E7	4539
5533200.0	2859
593400.0	187
1.3164E7	5429
1.57854E7	6353
1.10664E7	4779
1776600.0	881
6582000.0	3372
1.42122E7	5833
3028800.0	1362
8445000.0	4340
1.15908E7	4919
3291000.0	1548
6319800.0	3311
8969400.0	4489
6057600.0	3113
1.47366E7	5996
1.689E7	6657
1.15884E7	4918
560400.0	90
1.47342E7	5996
8967000.0	4489
1.42098E7	5833
5532000.0	2859
3945600.0	1976
1.52586E7	6177
1120800.0	529
8153400.0	4245
1.21128E7	5044
9491400.0	4534
2766000.0	1312
5269800.0	2723
7891200.0	4063
1.63068E7	6504
6056400.0	3112
1.3161E7	5429
1.68852E7	6657
1.05396E7	4633
1.57824E7	6353
5794200.0	2978
280200.0	36
1710600.0	823
3028200.0	1362
1.36854E7	5628
8442600.0	4340
1.1064E7	4779
8966400.0	4489
3421200.0	1620
4221000.0	2045
1.47336E7	5996
9490800.0	4534
7104600.0	3550
246600.0	28
1.21122E7	5043
6842400.0	3538
493200.0	45
1.00152E7	4539
1.26366E7	5254
1.5258E7	6176
2241600.0	1062
1.36848E7	5628
1.6884E7	6657
3683400.0	1802
1.10634E7	4779
1.63062E7	6504
1383000.0	701
986400.0	522
5007600.0	2601
7629000.0	3901
4483200.0	2178
8442000.0	4340
7366800.0	3772
4745400.0	2256
1.15878E7	4917
1.42092E7	5833
1972800.0	976
2503800.0	1161
5008200.0	2601
1.36866E7	5628
1.68876E7	6657
1.05408E7	4633
3814800.0	1862
2373000.0	1119
7891800.0	4066
1.10652E7	4779
1.6308E7	6504
8443800.0	4340
7629600.0	3901
4746000.0	2256
1055400.0	522
1.15896E7	4918
1.4211E7	5833
2635200.0	1287
1.26378E7	5256
1.52592E7	6177
9492000.0	4534
1645200.0	815
5794800.0	2978
4077000.0	1983
1.00164E7	4539
1.31622E7	5429
5270400.0	2723
1.57836E7	6353
822600.0	482
2897400.0	1337
5532600.0	2859
8154000.0	4245
658800.0	379
6843000.0	3538
1.10646E7	4779
1.42104E7	5833
8443200.0	4340
6580800.0	3367
1317600.0	687
1.47348E7	5996
8967600.0	4489
1.1589E7	4918
1.21134E7	5045
1.68864E7	6657
3290400.0	1548
6318600.0	3305
1.00158E7	4539
1.5783E7	6353
7367400.0	3772
3552600.0	1655
4483800.0	2178
2110800.0	1057
1.26372E7	5254
1.05402E7	4633
329400.0	40
1.3686E7	5628
1907400.0	925
1.63074E7	6504
7105200.0	3550
4221600.0	2045
1.31616E7	5429
132000.0	9
5797200.0	2978
9497400.0	4534
1.21188E7	5060
1.52646E7	6177
1318200.0	687
954000.0	521
264000.0	33
2898600.0	1337
5535000.0	2859
1.00218E7	4539
1.31676E7	5430
1.5789E7	6353
1.26432E7	5258
1908000.0	925
528000.0	48
1.107E7	4779
1.42158E7	5833
6583800.0	3385
6321600.0	3313
8448600.0	4340
1.36914E7	5628
1056000.0	522
1.47402E7	5997
1.15944E7	4921
6059400.0	3115
3160800.0	1495
8973000.0	4489
1.68972E7	6660
477000.0	45
2112000.0	1057
1.57884E7	6353
1580400.0	804
1.00212E7	4539
1.26426E7	5257
1.5264E7	6177
4748400.0	2256
7369800.0	3776
3553800.0	1658
4224000.0	2045
1.63128E7	6504
790200.0	454
1.3167E7	5430
1.05456E7	4633
2374200.0	1119
4486200.0	2178
7107600.0	3550
8448000.0	4340
8156400.0	4246
5272800.0	2723
3816000.0	1862
8972400.0	4489
1.15938E7	4920
1.42152E7	5833
7894200.0	4067
1.21182E7	5058
1.6896E7	6660
4078200.0	1983
5010600.0	2603
2636400.0	1287
7632000.0	3902
9496800.0	4534
1.47396E7	5996
8449800.0	4340
2505600.0	1161
5535600.0	2859
3947400.0	1976
1.15956E7	4921
8157000.0	4246
8974200.0	4489
1.4217E7	5833
1.68996E7	6660
5011200.0	2603
1842600.0	922
2767800.0	1312
5273400.0	2723
7894800.0	4067
9498600.0	4534
1.212E7	5065
1.47414E7	5997
1.31682E7	5430
1.00224E7	4539
1.05468E7	4633
1.57896E7	6353
6060000.0	3116
1.10712E7	4779
5797800.0	2978
1.36926E7	5628
1.6314E7	6504
3030000.0	1362
7108200.0	3550
156600.0	9
1.47408E7	5997
8973600.0	4489
3423000.0	1621
4224600.0	2045
1.21194E7	5065
1515000.0	803
9498000.0	4534
313200.0	40
1.26438E7	5258
6846000.0	3538
1.52652E7	6177
4749000.0	2256
626400.0	274
3685200.0	1802
2243400.0	1062
1.3692E7	5628
1.68984E7	6660
1.05462E7	4633
1.63134E7	6504
7632600.0	3906
1.42164E7	5833
1252800.0	661
7370400.0	3778
1.10706E7	4779
4486800.0	2178
8449200.0	4340
1.1595E7	4921
1.10682E7	4779
1.4214E7	5833
8446800.0	4340
1.36896E7	5628
6582600.0	3376
3160200.0	1495
1.47384E7	5996
1.15926E7	4920
8971200.0	4489
1.68936E7	6657
6320400.0	3313
1449000.0	774
7369200.0	3773
1.57866E7	6353
4485600.0	2178
3422400.0	1620
1.00194E7	4539
1.26408E7	5256
2038800.0	1024
3684600.0	1802
1.05438E7	4633
1.6311E7	6504
7107000.0	3550
2242800.0	1062
4223400.0	2045
6844800.0	3538
1.31652E7	5429
1019400.0	522
2635800.0	1287
1.42134E7	5833
1121400.0	529
855600.0	482
8970600.0	4489
1.1592E7	4920
5533800.0	2859
8155200.0	4246
1.21164E7	5054
1.52622E7	6177
5271600.0	2723
9495000.0	4534
1711200.0	823
7893000.0	4067
1.47378E7	5996
4077600.0	1983
6058200.0	3114
1.05432E7	4633
1.5786E7	6353
2898000.0	1337
1.31646E7	5429
1.68924E7	6657
427800.0	42
5796000.0	2978
8446200.0	4340
1.10676E7	4779
1.3689E7	5628
1.63104E7	6504
1.31664E7	5429
6321000.0	3313
1383600.0	701
1.0545E7	4633
3029400.0	1362
1.57878E7	6353
691800.0	379
6058800.0	3115
1.36908E7	5628
1.10694E7	4779
1.63122E7	6504
3291600.0	1549
8971800.0	4489
1973400.0	976
1.21176E7	5058
1.4739E7	5996
6845400.0	3538
6583200.0	3376
1.2642E7	5257
9496200.0	4534
1.52634E7	6177
1.00206E7	4539
1.36902E7	5628
1.68948E7	6657
7893600.0	4067
1.05444E7	4633
5010000.0	2601
1.63116E7	6504
1645800.0	815
1.42146E7	5833
4747800.0	2256
8447400.0	4340
1.10688E7	4779
3946800.0	1976
2505000.0	1161
7631400.0	3902
1.15932E7	4920
33000.0	1
9495600.0	4534
5534400.0	2859
1.2117E7	5058
1.26414E7	5257
1.52628E7	6177
5796600.0	2978
66000.0	1
1.31658E7	5429
2767200.0	1312
5272200.0	2723
1.57872E7	6353
1.002E7	4539
8155800.0	4246
1.47444E7	5997
7110000.0	3551
8977200.0	4489
1.15986E7	4921
4226400.0	2045
1.2123E7	5065
3292800.0	1551
6847800.0	3538
1.26474E7	5262
1.52688E7	6177
9501600.0	4534
3555000.0	1660
2113200.0	1058
6585600.0	3390
1.05498E7	4633
1.36956E7	5628
7634400.0	3906
4750800.0	2256
1.6317E7	6504
1.69056E7	6660
1.31712E7	5430
3817200.0	1862
2375400.0	1119
7372200.0	3779
1.10742E7	4783
4488600.0	2178
1.422E7	5833
8452800.0	4340
1384200.0	701
5799000.0	2978
1.52682E7	6177
1.21224E7	5065
1908600.0	925
205800.0	26
9501000.0	4534
2768400.0	1314
1.00254E7	4539
1.57926E7	6353
411600.0	42
1.26468E7	5261
5536800.0	2861
3030600.0	1363
1056600.0	522
823200.0	482
1.3695E7	5628
6323400.0	3314
8452200.0	4340
1.10736E7	4783
1.1598E7	4921
6061200.0	3118
1.47438E7	5997
90600.0	1
1646400.0	815
8976600.0	4489
1.42194E7	5833
1.69044E7	6660
3162000.0	1495
1.10754E7	4783
8454000.0	4340
1.36968E7	5628
6586200.0	3393
6324000.0	3314
1.15998E7	4923
1.42212E7	5833
8978400.0	4489
1.6908E7	6660
1.2648E7	5262
1318800.0	687
7110600.0	3551
4489200.0	2178
3424200.0	1621
1.00266E7	4539
1.52694E7	6177
1.63182E7	6504
659400.0	379
2244600.0	1062
4227000.0	2045
6848400.0	3538
1.0551E7	4633
1.31724E7	5430
1.57938E7	6353
8453400.0	4340
5275200.0	2723
1.15992E7	4922
5537400.0	2861
8158800.0	4246
1.42206E7	5833
8977800.0	4489
5013000.0	2609
1.69068E7	6660
2637600.0	1287
7896600.0	4067
1.4745E7	5997
4079400.0	1983
9502200.0	4534
1.21236E7	5065
1.0026E7	4539
1.31718E7	5430
1.57932E7	6353
2899800.0	1337
6061800.0	3119
1581000.0	804
1.36962E7	5628
1.05504E7	4633
5799600.0	2978
1.10748E7	4783
1.63176E7	6504
1.0548E7	4633
3816600.0	1862
7895400.0	4067
5011800.0	2606
1.36938E7	5628
1.63152E7	6504
1.6902E7	6660
2374800.0	1119
1777200.0	881
1.42182E7	5833
7633200.0	3906
8451000.0	4340
1.10724E7	4782
4749600.0	2256
888600.0	508
2637000.0	1287
1.52664E7	6177
1.21206E7	5065
4078800.0	1983
5536200.0	2859
9499200.0	4534
5274000.0	2723
1.57908E7	6353
1.00236E7	4539
1.31694E7	5430
8157600.0	4246
1.2645E7	5258
1.10718E7	4779
1.36932E7	5628
8450400.0	4340
6584400.0	3387
1.4742E7	5997
1.15962E7	4921
2039400.0	1024
8974800.0	4489
1.42176E7	5833
1.69008E7	6660
3292200.0	1551
6322200.0	3314
1.57902E7	6353
7371000.0	3779
1.0023E7	4539
4487400.0	2178
7108800.0	3550
2112600.0	1057
1.52658E7	6177
1.26444E7	5258
1.63146E7	6504
6846600.0	3538
1187400.0	616
3554400.0	1659
4225200.0	2045
1.05474E7	4633
1.31688E7	5430
4488000.0	2178
1711800.0	823
181200.0	13
7371600.0	3779
4750200.0	2256
1.00248E7	4539
1.26462E7	5259
1.52676E7	6177
2244000.0	1062
1.63164E7	6504
4225800.0	2045
362400.0	40
3685800.0	1802
1.31706E7	5430
7109400.0	3551
1.05492E7	4633
1.5792E7	6353
8158200.0	4246
8451600.0	4340
724800.0	440
1.15974E7	4921
1.42188E7	5833
5274600.0	2723
7896000.0	4067
2506200.0	1161
8976000.0	4489
1.69032E7	6660
1449600.0	774
1.47432E7	5997
9500400.0	4534
3948000.0	1976
1.21218E7	5065
5012400.0	2609
7633800.0	3906
1.00242E7	4539
1.317E7	5430
6322800.0	3314
2899200.0	1337
1.05486E7	4633
1.57914E7	6353
1974000.0	976
1.36944E7	5628
3161400.0	1495
5798400.0	2978
1.1073E7	4783
6060600.0	3118
1.63158E7	6504
987000.0	522
1122000.0	529
6847200.0	3538
8975400.0	4489
1.47426E7	5997
1.15968E7	4921
1.21212E7	5065
561000.0	96
9499800.0	4534
3423600.0	1621
6585000.0	3390
1.26456E7	5258
1.5267E7	6177
1.42242E7	5833
8457000.0	4340
1.10784E7	4786
3949200.0	1976
5277000.0	2723
2507400.0	1161
1.16028E7	4924
8160600.0	4246
8981400.0	4489
1.6914E7	6660
7898400.0	4068
5014800.0	2609
1122600.0	529
1.21272E7	5065
1.47486E7	5997
1.31754E7	5430
2769600.0	1314
1.57968E7	6353
1.00296E7	4539
1712400.0	823
6063600.0	3119
1.36998E7	5628
5539200.0	2863
1.0554E7	4639
5801400.0	2979
1.63212E7	6504
856200.0	482
3031800.0	1367
1.4748E7	5997
692400.0	379
7111800.0	3551
1.16022E7	4924
8980800.0	4489
4228200.0	2045
6849600.0	3538
9505200.0	4534
1384800.0	703
1.21266E7	5065
1.2651E7	5262
1.52724E7	6177
3424800.0	1621
6587400.0	3394
3687000.0	1802
1.05534E7	4639
4752600.0	2262
1.63206E7	6504
7636200.0	3908
2245200.0	1062
1.69128E7	6660
1.31748E7	5430
7374000.0	3780
1.10778E7	4785
346200.0	40
1.42236E7	5833
1974600.0	976
4490400.0	2178
8456400.0	4340
1.36992E7	5628
1057200.0	522
7899000.0	4068
1.63224E7	6504
5015400.0	2609
1.31766E7	5430
1.69164E7	6660
1.05552E7	4640
7636800.0	3908
2376600.0	1119
528600.0	48
1.10796E7	4788
1.42254E7	5833
8458200.0	4340
1.3701E7	5628
1800.0	0
3818400.0	1865
4753200.0	2262
7374600.0	3780
1.21278E7	5065
1647000.0	815
4080600.0	1984
5539800.0	2863
3600.0	0
2638800.0	1287
9506400.0	4534
1.47492E7	5997
1.5798E7	6353
8161200.0	4246
1.00308E7	4539
7200.0	0
5277600.0	2723
1.26522E7	5262
1.52736E7	6177
1.69152E7	6660
6588000.0	3395
14400.0	0
1.37004E7	5628
1.1079E7	4787
1.63218E7	6504
8457600.0	4340
3294000.0	1552
6325800.0	3314
28800.0	1
1319400.0	688
8982000.0	4489
1.16034E7	4924
1.42248E7	5833
4228800.0	2045
1.26516E7	5262
9505800.0	4534
1.5273E7	6177
57600.0	1
1.00302E7	4539
1909200.0	925
4491000.0	2178
7112400.0	3551
2114400.0	1058
1.3176E7	5430
1.05546E7	4640
115200.0	6
6850200.0	3538
954600.0	521
1.57974E7	6353
3556200.0	1663
1.00278E7	4539
1.31736E7	5430
6324600.0	3314
6062400.0	3119
1.5795E7	6353
230400.0	28
1.3698E7	5628
5800200.0	2978
1.05522E7	4638
3031200.0	1366
1.10766E7	4783
1.63194E7	6504
460800.0	45
6849000.0	3538
1.16004E7	4923
3293400.0	1552
8979000.0	4489
1.47462E7	5997
1253400.0	661
921600.0	521
1.52706E7	6177
6586800.0	3394
1.26492E7	5262
9503400.0	4534
1.21248E7	5065
1843200.0	922
7897200.0	4068
1.05516E7	4635
1.36974E7	5628
1.63188E7	6504
1.3173E7	5430
1.69092E7	6660
5013600.0	2609
3686400.0	1802
1.1076E7	4783
3948600.0	1976
7635000.0	3908
1.42218E7	5833
4751400.0	2256
8454600.0	4340
2506800.0	1161
7372800.0	3780
5538000.0	2861
1.21242E7	5065
1.527E7	6177
1515600.0	803
9502800.0	4534
1.47456E7	5997
2769000.0	1314
5275800.0	2723
1.57944E7	6353
8159400.0	4246
757800.0	442
1.00272E7	4539
1.26486E7	5262
1.2126E7	5065
594000.0	216
1.52718E7	6177
9504600.0	4534
1.47474E7	5997
5800800.0	2979
4080000.0	1984
1188000.0	616
1.57962E7	6353
1.0029E7	4539
1.26504E7	5262
2900400.0	1337
5538600.0	2863
8160000.0	4246
6325200.0	3314
8455800.0	4340
1.10772E7	4784
1.36986E7	5628
1.632E7	6504
6063000.0	3119
297000.0	39
1777800.0	881
1.4223E7	5833
3162600.0	1495
8980200.0	4489
1.16016E7	4924
1.69116E7	6660
1.26498E7	5262
9504000.0	4534
3555600.0	1662
4489800.0	2178
2113800.0	1058
1.52712E7	6177
7373400.0	3780
1.00284E7	4539
255000.0	28
7111200.0	3551
4227600.0	2045
1.05528E7	4638
1.57956E7	6353
1.31742E7	5430
510000.0	45
2376000.0	1119
1.42224E7	5833
8455200.0	4340
5276400.0	2723
3817800.0	1864
1.1601E7	4923
7897800.0	4068
1450200.0	774
1020000.0	522
4752000.0	2258
8979600.0	4489
1.69104E7	6660
2638200.0	1287
7635600.0	3908
1.47468E7	5997
1.21254E7	5065
5014200.0	2609
2040000.0	1024
1.3704E7	5628
1.69224E7	6660
6589800.0	3401
3163800.0	1495
1450800.0	774
1.10826E7	4791
1.63254E7	6504
8461200.0	4340
6327600.0	3315
725400.0	440
1.1607E7	4924
1.42284E7	5833
9509400.0	4534
3426000.0	1621
4230600.0	2046
1.26552E7	5262
2040600.0	1024
1.52766E7	6177
7114200.0	3551
6852000.0	3538
1.00338E7	4539
1.31796E7	5430
1.05582E7	4644
1.5801E7	6353
5278800.0	2723
1.42278E7	5833
8162400.0	4246
8460600.0	4340
1.1082E7	4790
2639400.0	1287
1713000.0	823
7900200.0	4069
8985000.0	4489
5016600.0	2609
1.47522E7	5997
1.16064E7	4924
4081200.0	1984
1.69212E7	6660
1.21308E7	5072
1.58004E7	6353
1.00332E7	4539
5803200.0	2979
1.3179E7	5430
6065400.0	3126
1.26546E7	5262
1.05576E7	4642
2901600.0	1337
5541000.0	2863
1.37034E7	5628
1.63248E7	6504
140400.0	9
6066000.0	3128
1.0035E7	4539
1.58022E7	6353
1.26564E7	5262
1385400.0	703
987600.0	522
5803800.0	2979
280800.0	36
1.05594E7	4644
3033000.0	1371
1.37052E7	5628
1.63266E7	6504
1.31808E7	5430
1975200.0	976
1.16076E7	4924
561600.0	110
1.47534E7	5997
6852600.0	3538
6590400.0	3404
8986200.0	4489
1.4229E7	5833
1.52778E7	6177
1123200.0	529
1.2132E7	5072
3295200.0	1557
6328200.0	3316
9510600.0	4534
493800.0	45
2246400.0	1062
1.6326E7	6504
3688200.0	1802
1647600.0	815
1.31802E7	5430
1.69236E7	6660
1.05588E7	4644
1.58016E7	6353
5017200.0	2611
7638600.0	3908
4492800.0	2179
7376400.0	3786
823800.0	482
1.37046E7	5628
4755000.0	2262
8461800.0	4340
1.10832E7	4793
2508600.0	1165
8985600.0	4489
1.47528E7	5997
9510000.0	4534
5541600.0	2863
3950400.0	1976
1.21314E7	5072
8163000.0	4247
2770800.0	1314
5279400.0	2723
7900800.0	4069
1.00344E7	4539
1.26558E7	5262
1.52772E7	6177
9507600.0	4534
1.26534E7	5262
7375200.0	3784
4491600.0	2179
790800.0	457
1.52748E7	6177
1.31778E7	5430
7113000.0	3551
1.0032E7	4539
3687600.0	1802
2245800.0	1062
4229400.0	2045
1581600.0	804
1.05564E7	4640
1.57992E7	6353
1.4226E7	5833
5016000.0	2609
1.10802E7	4788
8458800.0	4340
1.16046E7	4924
5278200.0	2723
7899600.0	4068
4753800.0	2262
2508000.0	1165
1.47504E7	5997
8983200.0	4489
1.69176E7	6660
395400.0	41
3949800.0	1976
1.2129E7	5065
7637400.0	3908
2901000.0	1337
1254000.0	661
6064200.0	3121
1.00314E7	4539
1.31772E7	5430
1.57986E7	6353
1.26528E7	5262
5802000.0	2979
627000.0	274
1.37016E7	5628
1.05558E7	4640
1.6323E7	6504
1.47498E7	5997
1.1604E7	4924
1843800.0	922
6850800.0	3538
3163200.0	1495
8982600.0	4489
70200.0	1
9507000.0	4534
1.21284E7	5065
3425400.0	1621
1.52742E7	6177
6588600.0	3397
6326400.0	3314
1.47516E7	5997
1.16058E7	4924
6851400.0	3538
8984400.0	4489
1.42272E7	5833
4230000.0	2045
3294600.0	1553
1.5276E7	6177
1.21302E7	5072
9508800.0	4534
2115000.0	1058
6589200.0	3399
1516200.0	803
7638000.0	3908
1.63242E7	6504
4754400.0	2262
3556800.0	1663
1.692E7	6660
1.0557E7	4641
1.31784E7	5430
3819000.0	1866
7375800.0	3785
1.10814E7	4790
1.37028E7	5628
2377200.0	1119
4492200.0	2179
7113600.0	3551
8460000.0	4340
2770200.0	1314
1188600.0	616
889200.0	509
5802600.0	2979
9508200.0	4534
1.21296E7	5065
1.4751E7	5997
1.57998E7	6353
1.00326E7	4539
5540400.0	2863
1778400.0	881
1.52754E7	6177
8161800.0	4246
1.2654E7	5262
1.69188E7	6660
1.10808E7	4789
1.37022E7	5628
1.63236E7	6504
6327000.0	3314
3032400.0	1370
8459400.0	4340
444600.0	42
1.16052E7	4924
8983800.0	4489
1.42266E7	5833
6064800.0	3121
4756800.0	2263
1779000.0	881
189600.0	17
1.05624E7	4647
7640400.0	3908
1.58052E7	6353
5019000.0	2617
1.31838E7	5430
1.69308E7	6660
2378400.0	1119
4494600.0	2179
379200.0	41
3820200.0	1869
7378200.0	3786
8465400.0	4340
1.10868E7	4799
1.37082E7	5628
1.63296E7	6504
8989200.0	4489
758400.0	442
2640600.0	1287
1.47564E7	5997
1.2135E7	5072
5543400.0	2865
8164800.0	4247
1.26594E7	5263
9513600.0	4534
1516800.0	803
5281200.0	2723
1.52808E7	6177
7902600.0	4072
1.0038E7	4539
4082400.0	1984
1.37076E7	5628
1.69296E7	6660
6591600.0	3408
1.05618E7	4647
3033600.0	1374
1.10862E7	4798
1.6329E7	6504
2041200.0	1024
1.4232E7	5833
8464800.0	4340
3295800.0	1560
6329400.0	3317
6067200.0	3132
1.16106E7	4924
1020600.0	522
1189200.0	616
7116000.0	3551
4232400.0	2046
1.52802E7	6177
1.26588E7	5263
9513000.0	4534
1.21344E7	5072
6853800.0	3538
1.00374E7	4539
594600.0	216
3558000.0	1665
2116200.0	1058
1.31832E7	5430
1.58046E7	6353
7378800.0	3786
9514800.0	4534
1.21362E7	5072
1.26606E7	5263
1.5282E7	6177
4495200.0	2180
3427200.0	1621
3689400.0	1802
1.3185E7	5430
7116600.0	3551
1.58064E7	6353
1.00392E7	4539
2247600.0	1062
4233000.0	2046
6854400.0	3538
1.10874E7	4799
1.42332E7	5833
7903200.0	4072
5019600.0	2617
8466000.0	4340
1.37088E7	5628
1.47576E7	5997
4757400.0	2263
1.16118E7	4930
3951600.0	1976
2509800.0	1165
7641000.0	3908
8990400.0	4489
1.6932E7	6660
1451400.0	774
6067800.0	3134
1.58058E7	6353
1975800.0	976
214200.0	28
1.00386E7	4539
1.266E7	5263
2902800.0	1337
1.0563E7	4648
1.63302E7	6504
428400.0	42
1.31844E7	5430
5805600.0	2979
1.42326E7	5833
1123800.0	530
856800.0	482
6592200.0	3408
3165000.0	1495
8989800.0	4489
1.16112E7	4925
1.21356E7	5072
1.52814E7	6177
9514200.0	4534
1713600.0	823
6330000.0	3317
1.4757E7	5997
8987400.0	4489
2640000.0	1287
1.47546E7	5997
5804400.0	2979
4081800.0	1984
9511800.0	4534
1.21332E7	5072
1.26576E7	5263
5280000.0	2723
1909800.0	927
2902200.0	1337
5542200.0	2865
8163600.0	4247
1.00362E7	4539
1.5279E7	6177
6328800.0	3317
1.37058E7	5628
1.6926E7	6660
1.056E7	4645
1.10844E7	4795
1.63272E7	6504
3164400.0	1495
8463000.0	4340
1057800.0	522
1.16088E7	4924
1.42302E7	5833
6066600.0	3129
1582200.0	804
165000.0	9
1.2657E7	5262
1.52784E7	6177
7377000.0	3786
9511200.0	4534
3557400.0	1663
4493400.0	2179
2115600.0	1058
1.00356E7	4539
1.31814E7	5430
330000.0	40
7114800.0	3551
4231200.0	2046
1.58028E7	6353
5017800.0	2616
660000.0	379
3819600.0	1866
2377800.0	1119
1.10838E7	4794
1.42296E7	5833
7901400.0	4072
8462400.0	4340
1320000.0	688
7639200.0	3908
4755600.0	2262
1.4754E7	5997
8986800.0	4489
1.16082E7	4924
1.21326E7	5072
1.69248E7	6660
1.10856E7	4797
3951000.0	1976
5280600.0	2723
8164200.0	4247
1.42314E7	5833
8464200.0	4340
2509200.0	1165
1844400.0	922
7902000.0	4072
1.161E7	4924
8988600.0	4489
1.47558E7	5997
1.69284E7	6660
5018400.0	2617
922200.0	521
2771400.0	1314
1.5804E7	6353
5805000.0	2979
1.00368E7	4539
1.26582E7	5263
5542800.0	2865
1.05612E7	4645
1.3707E7	5628
1.63284E7	6504
1.31826E7	5430
1.16094E7	4924
1.42308E7	5833
8988000.0	4489
4231800.0	2046
6853200.0	3538
1.21338E7	5072
1.52796E7	6177
9512400.0	4534
1.47552E7	5997
3426600.0	1621
6591000.0	3404
1.63278E7	6504
7639800.0	3908
47400.0	1
4756200.0	2263
7377600.0	3786
2247000.0	1062
1.69272E7	6660
1.05606E7	4645
1.3182E7	5430
1.58034E7	6353
94800.0	1
7115400.0	3551
1254600.0	661
3688800.0	1802
1.1085E7	4795
4494000.0	2179
8463600.0	4340
1.37064E7	5628
1.58094E7	6353
627600.0	274
1.00422E7	4539
1.5285E7	6177
1.26636E7	5263
6069600.0	3138
1.63338E7	6505
1255200.0	661
5807400.0	2980
1.05666E7	4648
1.3188E7	5430
3034800.0	1376
8469000.0	4343
1.16148E7	4930
6594000.0	3411
8993400.0	4490
1.42362E7	5833
1.6938E7	6660
313800.0	40
1845000.0	922
3297000.0	1563
6331800.0	3319
9517800.0	4534
1.21392E7	5073
1.47606E7	5997
4758600.0	2271
1.31874E7	5430
1.00416E7	4539
3690000.0	1802
2248200.0	1062
1.0566E7	4648
1.58088E7	6353
7642200.0	3908
7380000.0	3787
4496400.0	2181
1.10904E7	4804
1.37118E7	5628
1.63332E7	6504
2510400.0	1165
1.476E7	5997
8992800.0	4490
5545200.0	2867
3952200.0	1976
1.21386E7	5073
8166600.0	4247
1517400.0	803
9517200.0	4534
5020800.0	2618
1.2663E7	5263
2772600.0	1314
5283000.0	2723
7904400.0	4072
1.52844E7	6177
119400.0	8
2641800.0	1287
8994600.0	4490
1.47618E7	5997
1.1616E7	4930
4083600.0	1984
5545800.0	2869
1.21404E7	5073
5283600.0	2723
9519000.0	4534
1.26648E7	5263
8167200.0	4247
1189800.0	616
1.52862E7	6177
1.05672E7	4650
6332400.0	3319
2904000.0	1337
1.3713E7	5628
1.63344E7	6505
1.69404E7	6660
1779600.0	881
1.42374E7	5833
3166200.0	1495
5808000.0	2980
8470200.0	4344
1.10916E7	4804
6070200.0	3143
889800.0	512
1.52856E7	6177
7380600.0	3787
1.21398E7	5073
726000.0	440
9518400.0	4534
4497000.0	2181
7118400.0	3551
2117400.0	1058
1.581E7	6353
1.00428E7	4539
1452000.0	774
1.31886E7	5430
6856200.0	3538
1.26642E7	5263
3559200.0	1666
4234800.0	2046
3821400.0	1869
1.1091E7	4804
7905000.0	4072
5021400.0	2618
1.37124E7	5628
2379600.0	1119
8469600.0	4344
7642800.0	3908
1.47612E7	5997
1.16154E7	4930
363000.0	40
2041800.0	1024
4759200.0	2272
8994000.0	4490
1.42368E7	5833
1.69392E7	6660
8467200.0	4340
3296400.0	1561
6855000.0	3538
8991600.0	4489
1.1613E7	4930
1.42344E7	5833
1.21374E7	5073
1.69344E7	6660
6592800.0	3408
9516000.0	4534
1.47588E7	5997
2116800.0	1058
1.31856E7	5430
1386000.0	704
1.05642E7	4648
1.5807E7	6353
4758000.0	2268
7379400.0	3787
3558600.0	1665
4233600.0	2046
693000.0	379
1.371E7	5628
2379000.0	1119
1.10886E7	4801
1.63314E7	6504
4495800.0	2181
7117200.0	3551
529200.0	48
8991000.0	4489
5544000.0	2865
5806200.0	2979
1.21368E7	5072
1.47582E7	5997
1058400.0	522
1.26612E7	5263
9515400.0	4534
2772000.0	1314
5281800.0	2723
1.52826E7	6177
8165400.0	4247
1.00398E7	4539
1.37094E7	5628
6330600.0	3319
1.69332E7	6660
1.05636E7	4648
1.63308E7	6504
3034200.0	1376
264600.0	33
1648200.0	815
1.42338E7	5833
8466600.0	4340
1.1088E7	4800
1.16124E7	4930
6068400.0	3136
1.37112E7	5628
1.69368E7	6660
6593400.0	3409
1.05654E7	4648
6331200.0	3319
1.63326E7	6504
238800.0	28
1.42356E7	5833
1.10898E7	4804
6069000.0	3136
8468400.0	4340
3165600.0	1495
1.16142E7	4930
477600.0	45
7117800.0	3551
9516600.0	4534
1.2138E7	5073
3427800.0	1621
4234200.0	2046
1.52838E7	6177
1320600.0	688
955200.0	521
6855600.0	3538
1.0041E7	4539
1.31868E7	5430
1.58082E7	6353
1.26624E7	5263
1910400.0	928
8166000.0	4247
1.10892E7	4801
1.4235E7	5833
8467800.0	4340
1.37106E7	5628
5282400.0	2723
3820800.0	1869
7903800.0	4072
1.47594E7	5997
1.16136E7	4930
4083000.0	1984
8992200.0	4489
5020200.0	2617
1.69356E7	6660
2641200.0	1287
7641600.0	3908
1.58076E7	6353
5806800.0	2980
1582800.0	804
1.00404E7	4539
1.26618E7	5263
1.52832E7	6177
2903400.0	1337
5544600.0	2865
1.6332E7	6504
791400.0	457
1.31862E7	5430
1.05648E7	4648
1.21434E7	5073
1.52892E7	6177
9522000.0	4534
7120200.0	3551
1.47648E7	5997
4498800.0	2182
3429000.0	1621
1583400.0	804
1.58136E7	6353
1.00464E7	4539
1.26678E7	5264
2249400.0	1062
4236600.0	2051
6858000.0	3538
7906800.0	4072
5023200.0	2620
3691200.0	1802
1.10946E7	4806
8473200.0	4346
1.3716E7	5628
1.1619E7	4930
3953400.0	1976
7644600.0	3908
4761000.0	2274
1.42404E7	5833
2511600.0	1166
7382400.0	3787
8997600.0	4492
1.69464E7	6663
1.26672E7	5264
2904600.0	1337
1255800.0	661
922800.0	521
6071400.0	3146
1.00458E7	4539
1.52886E7	6177
1.63374E7	6505
5809200.0	2980
1845600.0	922
1.05702E7	4652
1.31916E7	5430
1.5813E7	6353
3166800.0	1495
8472600.0	4346
1.16184E7	4930
1.42398E7	5833
6595800.0	3413
6333600.0	3321
8997000.0	4492
1.69452E7	6663
1.47642E7	5997
461400.0	45
9521400.0	4534
1.21428E7	5073
6858600.0	3538
1.42416E7	5833
8474400.0	4346
3298200.0	1563
1518000.0	803
1.16202E7	4930
8998800.0	4492
1.69488E7	6664
6596400.0	3414
759000.0	442
1.4766E7	5997
1.21446E7	5073
1.0047E7	4539
3560400.0	1667
4499400.0	2184
2118600.0	1058
1.31928E7	5430
1.58142E7	6353
7383000.0	3787
1.37172E7	5628
7120800.0	3551
4237200.0	2051
1.05714E7	4654
1.10958E7	4806
1.63386E7	6505
5547600.0	2874
1.16196E7	4930
8998200.0	4492
1.47654E7	5997
2773800.0	1314
5285400.0	2723
1780200.0	881
1.52898E7	6177
8169000.0	4247
1.26684E7	5264
9522600.0	4534
1.2144E7	5073
1.05708E7	4652
1.37166E7	5628
1.6338E7	6505
6334200.0	3321
6072000.0	3146
1.31922E7	5430
1.69476E7	6664
1.10952E7	4806
5809800.0	2980
1.4241E7	5833
3036000.0	1376
8473800.0	4346
1124400.0	530
8167800.0	4247
1.37142E7	5628
8471400.0	4346
1.10928E7	4804
5284200.0	2723
7905600.0	4072
2511000.0	1166
1.16172E7	4930
562200.0	118
1.4763E7	5997
8995800.0	4491
1.42386E7	5833
1.69428E7	6661
3952800.0	1976
5022000.0	2618
7643400.0	3908
5808600.0	2980
1714200.0	823
2773200.0	1314
1.0044E7	4539
1.26654E7	5263
1.52868E7	6177
1.63356E7	6505
1.31898E7	5430
5546400.0	2870
1.05684E7	4652
1.58112E7	6353
6856800.0	3538
8470800.0	4344
1.16166E7	4930
1.4238E7	5833
8995200.0	4491
3428400.0	1621
1.69416E7	6660
6594600.0	3412
1.47624E7	5997
9519600.0	4534
1386600.0	705
1.2141E7	5073
4497600.0	2182
1.00434E7	4539
1.31892E7	5430
7381200.0	3787
1.05678E7	4650
1.58106E7	6353
4759800.0	2272
1976400.0	976
2248800.0	1062
4235400.0	2047
1.37136E7	5628
3690600.0	1802
1.10922E7	4804
1.6335E7	6505
7119000.0	3551
988200.0	522
1.00452E7	4539
1.3191E7	5430
7644000.0	3908
4760400.0	2272
1059000.0	522
1.58124E7	6353
824400.0	482
1.37154E7	5628
1.05696E7	4652
3822000.0	1869
2380200.0	1119
7381800.0	3787
4498200.0	2182
1648800.0	815
1.1094E7	4806
1.63368E7	6505
5284800.0	2723
1.47636E7	5997
8996400.0	4491
1.16178E7	4930
1.21422E7	5073
5547000.0	2872
8168400.0	4247
5022600.0	2618
2642400.0	1287
1.26666E7	5263
1.5288E7	6177
9520800.0	4534
7906200.0	4072
412200.0	42
4084200.0	1984
1.0569E7	4652
3035400.0	1376
1321200.0	688
1.37148E7	5628
1.63362E7	6505
1.6944E7	6662
1.31904E7	5430
6333000.0	3319
6070800.0	3143
660600.0	379
1.10934E7	4806
1.42392E7	5833
8472000.0	4346
1.52874E7	6177
1.21416E7	5073
1911000.0	929
7119600.0	3551
4236000.0	2049
3297600.0	1563
9520200.0	4534
6857400.0	3538
1.00446E7	4539
1.58118E7	6353
3559800.0	1667
2118000.0	1058
6595200.0	3412
1.2666E7	5263
1.4769E7	5997
1.16232E7	4930
4085400.0	1984
5549400.0	2875
9001800.0	4495
2643600.0	1287
1911600.0	930
8170800.0	4247
9526200.0	4534
1.21476E7	5073
1.52934E7	6177
5287200.0	2723
955800.0	521
1059600.0	522
2905800.0	1337
1.63416E7	6506
6073800.0	3149
1.31958E7	5430
1.69548E7	6673
1.05744E7	4658
529800.0	50
5811600.0	2980
1.10988E7	4807
1.42446E7	5833
8477400.0	4346
1.37202E7	5628
4238400.0	2051
1.2147E7	5073
9525600.0	4534
1.47684E7	5997
4500600.0	2184
7122000.0	3551
2119200.0	1058
1.58172E7	6354
1.005E7	4539
6859800.0	3538
1.26714E7	5265
1.52928E7	6177
3561000.0	1667
7908600.0	4072
1.69536E7	6673
5025000.0	2626
1.37196E7	5628
7646400.0	3909
2381400.0	1119
1.10982E7	4806
1.6341E7	6506
8476800.0	4346
1321800.0	690
3823200.0	1874
4762800.0	2288
7384200.0	3790
9001200.0	4495
1.16226E7	4930
1.4244E7	5833
1.69572E7	6674
5025600.0	2626
1846200.0	922
198000.0	24
1.11E7	4807
5287800.0	2723
7909200.0	4072
1.37214E7	5628
1.63428E7	6508
4763400.0	2290
8478600.0	4347
2512800.0	1166
396000.0	41
3954600.0	1976
7647000.0	3909
1.16244E7	4930
9003000.0	4496
1.42458E7	5833
9526800.0	4534
1.26726E7	5265
792000.0	457
2775000.0	1315
1.5294E7	6178
5812200.0	2980
1.3197E7	5430
1.00512E7	4539
1584000.0	804
5550000.0	2875
1.05756E7	4658
1.58184E7	6354
8171400.0	4247
1.42452E7	5833
1.10994E7	4807
6860400.0	3538
8478000.0	4347
3168000.0	1495
1.16238E7	4930
18600.0	0
1.47696E7	5997
9002400.0	4496
3430200.0	1621
1.6956E7	6674
6598200.0	3414
6336000.0	3328
1.21482E7	5073
37200.0	1
1256400.0	661
7384800.0	3790
4501200.0	2184
1.00506E7	4539
1.31964E7	5430
1.58178E7	6354
1.2672E7	5265
7122600.0	3551
74400.0	1
628200.0	274
3692400.0	1802
2250600.0	1062
4239000.0	2051
1.37208E7	5628
1.0575E7	4658
1.63422E7	6507
148800.0	9
1.05726E7	4658
1.63398E7	6506
1.69512E7	6668
1.3194E7	5430
6334800.0	3325
1452600.0	774
1021200.0	522
1.1097E7	4806
6072600.0	3146
297600.0	39
1.42428E7	5833
8475600.0	4346
1.37184E7	5628
3167400.0	1495
2042400.0	1024
1.21452E7	5073
595200.0	216
1.5291E7	6177
7121400.0	3551
9523800.0	4534
4237800.0	2051
6859200.0	3538
1.47666E7	5997
1190400.0	616
1.58154E7	6354
3429600.0	1621
1.00482E7	4539
6597000.0	3414
1.26696E7	5264
510600.0	45
2380800.0	1119
5286000.0	2723
3822600.0	1870
1714800.0	823
7907400.0	4072
8475000.0	4346
1.10964E7	4806
1.37178E7	5628
1.63392E7	6505
4761600.0	2277
2643000.0	1287
1.42422E7	5833
7645200.0	3909
857400.0	482
8999400.0	4493
5023800.0	2626
1.16208E7	4930
1.695E7	6664
1.2669E7	5264
9523200.0	4534
1.52904E7	6177
1.00476E7	4539
5810400.0	2980
4084800.0	1984
99000.0	2
1.0572E7	4658
1.58148E7	6353
2905200.0	1337
1.31934E7	5430
5548200.0	2875
8169600.0	4247
1.26708E7	5264
9525000.0	4534
2774400.0	1315
1.52922E7	6177
6073200.0	3149
1.00494E7	4539
1.31952E7	5430
5548800.0	2875
1977000.0	976
5811000.0	2980
1.05738E7	4658
3036600.0	1379
1.58166E7	6354
6597600.0	3414
1.42434E7	5833
8476200.0	4346
1.10976E7	4806
1.1622E7	4930
3298800.0	1564
6335400.0	3327
9000600.0	4494
1.69524E7	6672
1125000.0	530
1.21464E7	5073
1.47678E7	5997
3691800.0	1802
1649400.0	815
4762200.0	2284
1.31946E7	5430
173400.0	9
1.5816E7	6354
7645800.0	3909
1.00488E7	4539
2250000.0	1062
7383600.0	3790
1.3719E7	5628
346800.0	40
1.05732E7	4658
4500000.0	2184
1.63404E7	6506
1.47672E7	5997
693600.0	381
1.16214E7	4930
3954000.0	1976
5286600.0	2723
2512200.0	1166
8170200.0	4247
9000000.0	4493
9524400.0	4534
1387200.0	705
7908000.0	4072
1.21458E7	5073
5024400.0	2626
1.26702E7	5264
1.52916E7	6177
6862200.0	3538
1.1103E7	4807
1.42488E7	5833
8481600.0	4349
6600000.0	3414
247200.0	28
1.47732E7	5997
9006000.0	4496
1.16274E7	4930
1.21518E7	5074
1.69632E7	6679
3300000.0	1565
6337800.0	3329
494400.0	45
1.00542E7	4539
1.58214E7	6355
7386600.0	3797
3562200.0	1669
4503000.0	2187
2120400.0	1058
1.26756E7	5265
1387800.0	707
988800.0	522
1.05786E7	4660
1.37244E7	5628
1.63458E7	6513
7124400.0	3552
4240800.0	2051
1.32E7	5430
1977600.0	976
1.16268E7	4930
1.47726E7	5997
9005400.0	4496
1.42482E7	5833
5551200.0	2880
3955200.0	1976
1.5297E7	6180
8172600.0	4247
1.21512E7	5074
1060200.0	522
9529800.0	4534
2775600.0	1315
5289000.0	2723
7910400.0	4073
1.63452E7	6511
6075600.0	3155
1650000.0	815
1.31994E7	5430
1.6962E7	6679
1.0578E7	4658
1.58208E7	6355
5813400.0	2980
3037800.0	1385
825000.0	482
1.37238E7	5628
8481000.0	4348
1.11024E7	4807
6338400.0	3329
1.6347E7	6517
661200.0	379
1.69656E7	6682
1.05798E7	4660
1.32012E7	5430
1.58226E7	6359
3169200.0	1495
1322400.0	690
1.11042E7	4807
6076200.0	3155
8482800.0	4354
1.37256E7	5628
9006600.0	4496
1.47738E7	5997
9531000.0	4534
1.21524E7	5075
4241400.0	2051
6862800.0	3538
1.26768E7	5265
330600.0	40
1912200.0	932
3431400.0	1621
1.00554E7	4539
1.52982E7	6180
6600600.0	3414
5027400.0	2633
1.3725E7	5628
1.69644E7	6679
1.05792E7	4660
3824400.0	1876
2382600.0	1119
7911000.0	4073
1.11036E7	4807
1.63464E7	6515
8482200.0	4354
7648800.0	3914
4765200.0	2307
1.1628E7	4930
1.42494E7	5833
1584600.0	804
2644800.0	1287
1.26762E7	5265
1.52976E7	6180
9530400.0	4534
5814000.0	2980
4086600.0	1984
1.00548E7	4539
1.32006E7	5430
5289600.0	2723
1.5822E7	6359
2907000.0	1337
5551800.0	2882
8173200.0	4247
7647600.0	3911
1.58196E7	6355
1.00524E7	4539
1.31982E7	5430
1.26738E7	5265
4764000.0	2294
3561600.0	1667
1.05768E7	4658
3823800.0	1875
7385400.0	3790
1.37226E7	5628
1.6344E7	6508
2382000.0	1119
4501800.0	2184
7123200.0	3552
5288400.0	2723
1.47708E7	5997
1.1625E7	4930
8172000.0	4247
9003600.0	4496
1.42464E7	5833
2644200.0	1287
1.52952E7	6178
7909800.0	4073
1.21494E7	5073
5026200.0	2632
4086000.0	1984
9528000.0	4534
1518600.0	803
1.63434E7	6508
2043000.0	1024
222600.0	28
1.69584E7	6676
1.05762E7	4658
1.31976E7	5430
6336600.0	3329
3037200.0	1383
1.11006E7	4807
1.3722E7	5628
445200.0	42
8479200.0	4347
6074400.0	3149
6861000.0	3538
1191000.0	616
890400.0	513
4239600.0	2051
3299400.0	1564
9527400.0	4534
1.21488E7	5073
1.47702E7	5997
1.5819E7	6354
1.00518E7	4539
1780800.0	881
2119800.0	1058
1.52946E7	6178
6598800.0	3414
1.26732E7	5265
9004800.0	4496
3430800.0	1621
4240200.0	2051
1.4772E7	5997
9529200.0	4534
7123800.0	3552
1.21506E7	5073
6861600.0	3538
1.00536E7	4539
1.2675E7	5265
1.52964E7	6178
2251200.0	1062
1.37232E7	5628
1.69608E7	6678
1453200.0	774
3693000.0	1802
1.11018E7	4807
1.63446E7	6511
5026800.0	2633
7648200.0	3914
4502400.0	2186
8480400.0	4348
726600.0	442
7386000.0	3794
4764600.0	2305
1.16262E7	4930
1.42476E7	5833
2513400.0	1167
562800.0	146
9528600.0	4534
1.26744E7	5265
5812800.0	2980
6075000.0	3150
1.52958E7	6178
1125600.0	532
1.0053E7	4539
1.31988E7	5430
2906400.0	1337
5550600.0	2875
1.05774E7	4658
1.58202E7	6355
1.4247E7	5833
6599400.0	3414
3168600.0	1495
8479800.0	4347
1.11012E7	4807
61800.0	1
281400.0	36
1715400.0	823
6337200.0	3329
9004200.0	4496
1.47714E7	5997
1.16256E7	4930
1.69596E7	6678
1.215E7	5073
123600.0	9
1.37286E7	5628
1.69716E7	6685
7912800.0	4073
1.05828E7	4660
5029200.0	2636
1126200.0	535
1.635E7	6518
858000.0	482
1.4253E7	5833
4767000.0	2320
8485800.0	4355
1.11072E7	4807
3956400.0	1976
2514600.0	1167
7650600.0	3915
1.16316E7	4930
1716000.0	823
9534000.0	4534
5553600.0	2890
1.21554E7	5075
1.26798E7	5265
1.53012E7	6181
5815800.0	2982
1.32042E7	5430
2776800.0	1315
5291400.0	2723
1.58256E7	6359
1.00584E7	4539
8175000.0	4247
429000.0	42
1.11066E7	4807
1388400.0	707
1.42524E7	5833
8485200.0	4355
1.3728E7	5628
6601800.0	3414
3169800.0	1495
1.47768E7	5997
694200.0	381
1.1631E7	4930
9009600.0	4496
1.69704E7	6685
6339600.0	3330
7388400.0	3798
1.5825E7	6359
1978200.0	976
4504800.0	2191
3432000.0	1621
1.00578E7	4539
1.26792E7	5265
3694200.0	1802
1.05822E7	4660
1.63494E7	6517
7126200.0	3552
2252400.0	1062
4242600.0	2051
6864000.0	3538
1.32036E7	5430
2121600.0	1058
1.58268E7	6361
1.00596E7	4539
1.2681E7	5265
1.53024E7	6181
4767600.0	2324
7389000.0	3800
3563400.0	1678
4243200.0	2051
1650600.0	815
1.63512E7	6518
1.32054E7	5430
1.0584E7	4660
2383800.0	1119
4505400.0	2192
7126800.0	3552
8486400.0	4356
8175600.0	4247
5292000.0	2723
3825600.0	1877
9010800.0	4497
1.16322E7	4930
1.42536E7	5833
7913400.0	4073
1.21566E7	5075
1.69728E7	6686
4087800.0	1984
5029800.0	2639
2646000.0	1287
7651200.0	3915
9535200.0	4534
1.4778E7	5997
132600.0	9
1.32048E7	5430
6340200.0	3330
1.05834E7	4660
3039000.0	1394
1323000.0	691
956400.0	521
1.58262E7	6359
265200.0	33
6078000.0	3156
1.37292E7	5628
1912800.0	935
1.11078E7	4807
1.63506E7	6518
530400.0	51
3301200.0	1567
9010200.0	4497
1.2156E7	5075
1.47774E7	5997
6864600.0	3538
1060800.0	522
6602400.0	3414
1.26804E7	5265
9534600.0	4534
1.53018E7	6181
1.0059E7	4539
478200.0	45
2776200.0	1315
5814600.0	2980
1.52994E7	6181
1.2678E7	5265
9532200.0	4534
1.21536E7	5075
1.00566E7	4539
5552400.0	2882
1.32024E7	5430
1.58238E7	6359
1257000.0	661
1.11048E7	4807
6601200.0	3414
1.42506E7	5833
3038400.0	1389
8483400.0	4354
1846800.0	923
1.16292E7	4930
3300600.0	1567
6339000.0	3330
9007800.0	4496
6076800.0	3155
1.4775E7	5997
1.69668E7	6683
923400.0	521
1.58232E7	6359
7649400.0	3914
759600.0	442
4765800.0	2312
1.0056E7	4539
1.26774E7	5265
7387200.0	3797
2251800.0	1062
1.05804E7	4660
1.37262E7	5628
1.63476E7	6517
1519200.0	803
1.32018E7	5430
7125000.0	3552
3693600.0	1802
4503600.0	2187
1.16286E7	4930
3955800.0	1976
5290200.0	2723
8173800.0	4247
1.425E7	5833
2514000.0	1167
9007200.0	4496
7911600.0	4073
1.2153E7	5075
1.52988E7	6181
379800.0	41
9531600.0	4534
5028000.0	2633
1.47744E7	5997
1191600.0	616
2645400.0	1287
1.42518E7	5833
9009000.0	4496
1.16304E7	4930
5553000.0	2890
8174400.0	4247
1.21548E7	5075
595800.0	216
1.53006E7	6181
5290800.0	2723
9533400.0	4534
7912200.0	4073
1.47762E7	5997
4087200.0	1984
6077400.0	3155
1781400.0	881
1.05816E7	4660
1.58244E7	6359
2907600.0	1337
1.3203E7	5430
1.69692E7	6685
5815200.0	2980
8484600.0	4354
1.1106E7	4807
1.37274E7	5628
1.63488E7	6517
7125600.0	3552
9008400.0	4496
4242000.0	2051
1.47756E7	5997
1.21542E7	5075
6863400.0	3538
1.26786E7	5265
9532800.0	4534
3562800.0	1671
2121000.0	1058
1.53E7	6181
1.00572E7	4539
1453800.0	774
1.37268E7	5628
4766400.0	2317
1.6968E7	6683
1.0581E7	4660
7650000.0	3915
1.11054E7	4807
1.63482E7	6517
5028600.0	2633
2043600.0	1024
2383200.0	1119
4504200.0	2188
1.42512E7	5833
8484000.0	4354
3825000.0	1876
7387800.0	3797
1.16298E7	4930
1021800.0	522
1.00626E7	4539
1.32084E7	5430
6342000.0	3330
2908800.0	1337
1.0587E7	4660
1.58298E7	6361
1.37328E7	5628
3171000.0	1495
5817600.0	2983
2044200.0	1024
1.11114E7	4807
6079800.0	3157
1.63542E7	6518
6866400.0	3538
9013800.0	4497
1.4781E7	5997
1.16352E7	4930
1.21596E7	5075
9538200.0	4534
3433200.0	1621
6604200.0	3414
1.2684E7	5265
1192200.0	616
1.53054E7	6183
1.05864E7	4660
3826200.0	1877
1716600.0	823
7914600.0	4073
5031000.0	2640
181800.0	13
1.37322E7	5628
1.63536E7	6518
1.69788E7	6686
2384400.0	1119
1.42566E7	5833
7652400.0	3915
363600.0	40
8489400.0	4363
1.11108E7	4807
4768800.0	2335
2646600.0	1287
1.53048E7	6182
1.2159E7	5075
727200.0	442
4088400.0	1984
5555400.0	2895
9537600.0	4534
5293200.0	2724
78600.0	1
1.58292E7	6361
1.0062E7	4539
1454400.0	774
1.32078E7	5430
8176800.0	4247
1.26834E7	5265
5818200.0	2984
1.53066E7	6194
1.21608E7	5075
9539400.0	4534
2778000.0	1315
1978800.0	976
1.00638E7	4539
1.5831E7	6363
1.26852E7	5265
5556000.0	2895
989400.0	522
1126800.0	537
3040200.0	1396
1.37334E7	5628
6342600.0	3330
8490600.0	4365
1.1112E7	4807
1.16364E7	4930
563400.0	169
6080400.0	3158
1.47822E7	5998
9015000.0	4497
1.42578E7	5833
1.69812E7	6686
4507200.0	2198
7390800.0	3800
4769400.0	2338
1.00632E7	4539
1.26846E7	5265
1.5306E7	6191
2253600.0	1062
1.63548E7	6518
4245000.0	2053
3695400.0	1802
1.3209E7	5430
7128600.0	3552
1.05876E7	4660
1.58304E7	6363
8177400.0	4247
8490000.0	4363
1.16358E7	4930
1.42572E7	5833
5293800.0	2724
7915200.0	4074
2515800.0	1169
9014400.0	4497
1.698E7	6686
1.47816E7	5997
9538800.0	4534
1389000.0	707
3957600.0	1976
1.21602E7	5075
5031600.0	2642
7653000.0	3915
7127400.0	3552
1.47792E7	5997
9012000.0	4497
3432600.0	1621
4243800.0	2051
1585200.0	804
1.21578E7	5075
9536400.0	4534
1.26822E7	5265
6865200.0	3538
792600.0	458
1.53036E7	6182
4768200.0	2330
3694800.0	1802
2253000.0	1062
1.37304E7	5628
1.69752E7	6686
1.05846E7	4660
1.63518E7	6518
7651800.0	3915
1.42548E7	5833
7389600.0	3800
1.1109E7	4807
4506000.0	2194
8487600.0	4362
1.16334E7	4930
5816400.0	2982
9535800.0	4534
1.21572E7	5075
1.5303E7	6182
2908200.0	1337
5554200.0	2890
1847400.0	923
1.00602E7	4539
1.3206E7	5430
1.58274E7	6361
1.26816E7	5265
1.11084E7	4807
1.42542E7	5833
6603000.0	3414
6340800.0	3330
8487000.0	4357
1.37298E7	5628
1.47786E7	5997
1.16328E7	4930
6078600.0	3156
3170400.0	1495
9011400.0	4497
1.6974E7	6686
1.11102E7	4807
157200.0	9
1.37316E7	5628
8488800.0	4363
6603600.0	3414
1519800.0	803
1.47804E7	5997
314400.0	40
1.16346E7	4930
9013200.0	4497
1.4256E7	5833
1.69776E7	6686
3301800.0	1567
6341400.0	3330
1.58286E7	6361
7390200.0	3800
628800.0	274
1.00614E7	4539
4506600.0	2194
7128000.0	3552
2122200.0	1058
1.53042E7	6182
1.26828E7	5265
1.6353E7	6518
1257600.0	661
6865800.0	3538
3564000.0	1683
4244400.0	2051
1.05858E7	4660
1.32072E7	5430
8488200.0	4362
2515200.0	1167
5554800.0	2894
3957000.0	1976
1782000.0	881
1.1634E7	4930
8176200.0	4247
9012600.0	4497
1.42554E7	5833
1.69764E7	6686
5030400.0	2640
2777400.0	1315
5292600.0	2724
7914000.0	4073
891000.0	513
9537000.0	4534
1.21584E7	5075
1.47798E7	5997
1.32066E7	5430
1.00608E7	4539
1.05852E7	4660
1.5828E7	6361
6079200.0	3157
1.11096E7	4807
5817000.0	2983
1.3731E7	5628
1.63524E7	6518
3039600.0	1395
1.26882E7	5265
9542400.0	4534
3565200.0	1683
4509000.0	2200
2123400.0	1058
1.53096E7	6203
7392600.0	3801
1.00668E7	4539
7130400.0	3552
4246800.0	2054
1.05912E7	4660
1.5834E7	6371
1.32126E7	5430
2385600.0	1119
1.42608E7	5833
8493600.0	4367
1520400.0	803
5295600.0	2724
3827400.0	1878
1.16394E7	4930
7917000.0	4076
4771200.0	2344
9018000.0	4501
760200.0	442
2647800.0	1287
7654800.0	3916
1.47852E7	5999
1.21638E7	5075
5033400.0	2643
1.00662E7	4539
596400.0	216
1.3212E7	5430
6343800.0	3330
6081600.0	3160
1.58334E7	6369
1.37364E7	5628
1192800.0	616
5819400.0	2984
1.05906E7	4660
3040800.0	1398
1.1115E7	4807
1.63578E7	6523
6868200.0	3538
1.16388E7	4930
3303000.0	1567
9017400.0	4501
1.47846E7	5999
298200.0	39
1782600.0	881
1.5309E7	6198
6606000.0	3420
1.26876E7	5265
9541800.0	4534
1.21632E7	5075
1.47864E7	5999
7131000.0	3552
1.16406E7	4930
9019200.0	4502
4247400.0	2057
6868800.0	3538
255600.0	28
9543600.0	4534
1.2165E7	5075
1.26894E7	5265
1.53108E7	6205
3434400.0	1621
6606600.0	3421
511200.0	45
3696600.0	1802
1.05918E7	4660
4771800.0	2346
1.6359E7	6523
7655400.0	3916
2254800.0	1062
1.32132E7	5430
1455000.0	774
1022400.0	522
7393200.0	3801
1.11162E7	4807
1.4262E7	5833
4509600.0	2201
8494800.0	4367
1.37376E7	5628
2044800.0	1024
1.21644E7	5075
1.53102E7	6204
9543000.0	4534
1.47858E7	5999
5820000.0	2984
4089600.0	1984
1.58346E7	6371
25800.0	1
1127400.0	540
1.00674E7	4539
1.26888E7	5265
2910000.0	1337
5557800.0	2899
8179200.0	4247
51600.0	1
1717200.0	823
6344400.0	3330
8494200.0	4367
1.11156E7	4807
1.3737E7	5628
1.63584E7	6523
6082200.0	3162
1.42614E7	5833
103200.0	3
858600.0	482
3172200.0	1495
9018600.0	4501
1.164E7	4930
8491800.0	4366
5294400.0	2724
1913400.0	936
206400.0	26
1.16376E7	4930
5556600.0	2898
8178000.0	4247
1.4259E7	5833
9016200.0	4497
5032200.0	2642
2647200.0	1287
7915800.0	4074
412800.0	42
1.47834E7	5998
4089000.0	1984
9540600.0	4534
1.2162E7	5075
1.00644E7	4539
1.32102E7	5430
1061400.0	522
1.58316E7	6363
825600.0	482
2909400.0	1337
6081000.0	3158
1.37346E7	5628
1.05888E7	4660
1651200.0	815
5818800.0	2984
1.11132E7	4807
1.6356E7	6523
1.47828E7	5998
7129200.0	3552
9015600.0	4497
1.1637E7	4930
4245600.0	2054
1.21614E7	5075
3302400.0	1567
6867000.0	3538
1.26858E7	5265
1.53072E7	6194
9540000.0	4534
3564600.0	1683
2122800.0	1058
6604800.0	3418
1.05882E7	4660
1323600.0	692
1.3734E7	5628
7653600.0	3915
4770000.0	2341
1.63554E7	6519
1.32096E7	5430
661800.0	379
3826800.0	1878
2385000.0	1119
7391400.0	3801
1.11126E7	4807
4507800.0	2200
1.42584E7	5833
8491200.0	4365
127800.0	9
7916400.0	4074
1.059E7	4660
1.37358E7	5628
1.63572E7	6523
1.32114E7	5430
5032800.0	2643
3696000.0	1802
1.11144E7	4807
3958200.0	1976
7654200.0	3915
1.42602E7	5833
4770600.0	2341
8493000.0	4367
2516400.0	1169
7392000.0	3801
5557200.0	2898
1.21626E7	5075
1.53084E7	6196
9541200.0	4534
1.4784E7	5998
1585800.0	804
2778600.0	1315
5295000.0	2724
1.58328E7	6364
8178600.0	4247
1.00656E7	4539
1.2687E7	5265
3171600.0	1495
231000.0	28
1.11138E7	4807
8492400.0	4366
1.37352E7	5628
6605400.0	3418
6343200.0	3330
1.16382E7	4930
1.42596E7	5833
462000.0	45
9016800.0	4499
1.26864E7	5265
7129800.0	3552
1258200.0	661
924000.0	521
4508400.0	2200
3433800.0	1621
1.0065E7	4539
1.53078E7	6194
1.63566E7	6523
1848000.0	923
2254200.0	1062
4246200.0	2054
6867600.0	3538
1.05894E7	4660
1.32108E7	5430
1.58322E7	6363
1258800.0	661
2779800.0	1315
5821800.0	2984
9546600.0	4534
1.2168E7	5075
1.47894E7	6000
1.58382E7	6376
629400.0	274
1.0071E7	4539
5559600.0	2899
1.53138E7	6226
8181000.0	4247
1.26924E7	5265
1848600.0	923
1.11192E7	4807
1.37406E7	5628
1.6362E7	6526
6346200.0	3331
3042000.0	1399
8497800.0	4371
1.16436E7	4930
9022200.0	4503
1.4265E7	5834
6084000.0	3164
9546000.0	4534
1.26918E7	5265
7394400.0	3801
4510800.0	2201
1.53132E7	6224
1.32162E7	5430
7132200.0	3552
1.00704E7	4539
3697200.0	1802
2255400.0	1062
4248600.0	2058
1.05948E7	4660
1.58376E7	6376
1521000.0	803
1.42644E7	5834
5035200.0	2645
1.11186E7	4807
8497200.0	4370
1.1643E7	4930
5297400.0	2724
7918800.0	4077
4773000.0	2351
2517600.0	1169
1.47888E7	6000
9021600.0	4503
3959400.0	1976
1.21674E7	5075
7656600.0	3916
5298000.0	2724
1.42662E7	5834
8181600.0	4247
8499000.0	4373
1.11204E7	4807
1193400.0	616
891600.0	514
2649000.0	1287
7919400.0	4077
9023400.0	4503
5035800.0	2645
1.47906E7	6002
1.16448E7	4930
4090800.0	1984
1.21692E7	5075
1783200.0	881
1.58388E7	6376
1.00716E7	4539
5822400.0	2984
1.32174E7	5430
6084600.0	3164
1.2693E7	5265
1.0596E7	4660
2911200.0	1337
5560200.0	2899
1.37418E7	5628
1.63632E7	6526
445800.0	42
1.479E7	6002
1.16442E7	4930
1455600.0	774
6870600.0	3538
9022800.0	4503
1.42656E7	5834
4249200.0	2058
3304200.0	1574
1.53144E7	6227
1.21686E7	5075
727800.0	442
9547200.0	4534
2124600.0	1058
6608400.0	3421
7657200.0	3916
1.63626E7	6526
2045400.0	1024
4773600.0	2354
3566400.0	1683
1.05954E7	4660
1.32168E7	5430
3828600.0	1878
7395000.0	3801
1.11198E7	4807
1.37412E7	5628
2386800.0	1119
4511400.0	2201
7132800.0	3552
8498400.0	4372
6607200.0	3421
694800.0	385
1.37388E7	5628
1.11174E7	4807
1.63602E7	6525
8496000.0	4370
3303600.0	1572
6345000.0	3330
1389600.0	707
9020400.0	4502
1.16418E7	4930
1.42632E7	5833
4248000.0	2058
1.269E7	5265
9544200.0	4534
1.53114E7	6207
1.00686E7	4539
4510200.0	2201
7131600.0	3552
2124000.0	1058
1.32144E7	5430
347400.0	40
1979400.0	976
1.0593E7	4660
6869400.0	3538
1.58358E7	6372
3565800.0	1683
1062000.0	522
1.42626E7	5833
8495400.0	4370
1.11168E7	4807
3958800.0	1976
5296200.0	2724
2517000.0	1169
1.16412E7	4930
8179800.0	4247
531000.0	52
9019800.0	4502
7917600.0	4077
5034000.0	2644
1.21656E7	5075
1.4787E7	5999
1651800.0	816
1.32138E7	5430
2779200.0	1315
1.58352E7	6372
1.0068E7	4539
6082800.0	3164
1.37382E7	5628
5558400.0	2899
1.05924E7	4660
5820600.0	2984
1.63596E7	6525
3041400.0	1399
2910600.0	1337
6083400.0	3164
1.00698E7	4539
1.32156E7	5430
1.5837E7	6375
1.26912E7	5265
5821200.0	2984
1.374E7	5628
1.05942E7	4660
1.63614E7	6526
1324200.0	692
1.47882E7	5999
1.16424E7	4930
6870000.0	3538
3172800.0	1495
9021000.0	4503
1914000.0	940
9545400.0	4534
1.21668E7	5075
3435000.0	1621
1.53126E7	6213
6607800.0	3421
6345600.0	3330
957000.0	521
7918200.0	4077
1.63608E7	6526
793200.0	459
5034600.0	2644
1.3215E7	5430
1.05936E7	4660
7656000.0	3916
2386200.0	1119
1.1118E7	4807
1.42638E7	5833
1586400.0	804
8496600.0	4370
1.37394E7	5628
3828000.0	1878
4772400.0	2350
7393800.0	3801
1.21662E7	5075
4090200.0	1984
5559000.0	2899
2648400.0	1287
9544800.0	4534
1.47876E7	5999
1.58364E7	6374
8180400.0	4247
396600.0	41
1.00692E7	4539
5296800.0	2724
1.26906E7	5265
1.5312E7	6207
1587000.0	804
1.16478E7	4930
165600.0	9
1.42692E7	5834
9026400.0	4503
4251000.0	2059
6872400.0	3538
1.21722E7	5075
1.5318E7	6235
331200.0	40
9550800.0	4534
1.47936E7	6006
3436200.0	1621
6610200.0	3421
1.63662E7	6527
7659000.0	3916
662400.0	379
4775400.0	2364
7396800.0	3801
2256600.0	1062
1.0599E7	4660
1.32204E7	5430
1.58418E7	6380
1324800.0	692
7134600.0	3552
3698400.0	1802
1.11234E7	4808
4513200.0	2201
8502000.0	4376
1.37448E7	5628
9025800.0	4503
2649600.0	1287
1.4793E7	6006
5823600.0	2984
4091400.0	1984
1849200.0	923
9550200.0	4534
1.21716E7	5075
1.2696E7	5265
5299200.0	2726
2911800.0	1337
5561400.0	2901
8182800.0	4247
924600.0	521
1.00746E7	4539
1.53174E7	6230
6348000.0	3331
1.37442E7	5628
1.05984E7	4660
1.11228E7	4808
1.63656E7	6526
3174000.0	1495
8501400.0	4376
1.16472E7	4930
1.42686E7	5834
6085800.0	3164
1.3746E7	5628
6610800.0	3421
1.06002E7	4660
3043200.0	1404
1.11246E7	4808
1.63674E7	6527
1.42704E7	5834
8503200.0	4379
3305400.0	1575
6348600.0	3332
6086400.0	3164
1.1649E7	4930
7135200.0	3552
4251600.0	2059
1.53186E7	6237
1.26972E7	5265
9551400.0	4534
1.21728E7	5075
6873000.0	3538
1.00758E7	4539
3567600.0	1685
2125800.0	1058
1.32216E7	5430
1.5843E7	6380
1259400.0	661
1.1124E7	4808
3960600.0	1976
5299800.0	2726
1783800.0	881
8183400.0	4247
1.42698E7	5834
190200.0	17
8502600.0	4376
2518800.0	1173
7921200.0	4077
1.16484E7	4930
9027000.0	4503
380400.0	41
1.47942E7	6006
5037600.0	2649
2781000.0	1315
1.58424E7	6380
5824200.0	2984
760800.0	442
1.00752E7	4539
1.26966E7	5265
5562000.0	2901
1.05996E7	4660
1.37454E7	5628
1.63668E7	6527
1521600.0	803
1.3221E7	5430
2256000.0	1062
1.63644E7	6526
3697800.0	1802
1.32186E7	5430
1.05972E7	4660
1.584E7	6376
5036400.0	2648
7657800.0	3916
4512000.0	2201
1717800.0	823
7395600.0	3801
1.3743E7	5628
4774200.0	2354
8500200.0	4373
1.11216E7	4808
2518200.0	1169
9024000.0	4503
1.47912E7	6002
9548400.0	4534
5560800.0	2901
3960000.0	1976
1.21698E7	5075
8182200.0	4247
2780400.0	1315
5298600.0	2725
7920000.0	4077
1.00728E7	4539
1.26942E7	5265
1.53156E7	6230
141000.0	9
1.37424E7	5628
6609000.0	3421
3173400.0	1495
1.1121E7	4807
1.63638E7	6526
1390200.0	709
990000.0	522
282000.0	36
8499600.0	4373
6346800.0	3331
1.16454E7	4930
1.42668E7	5834
1980000.0	976
564000.0	182
9547800.0	4534
3435600.0	1621
4249800.0	2058
1.26936E7	5265
1.5315E7	6230
7133400.0	3552
1128000.0	540
6871200.0	3538
1.00722E7	4539
1.3218E7	5430
1.05966E7	4660
1.58394E7	6376
495000.0	45
1.26954E7	5265
1.53168E7	6230
7396200.0	3801
9549600.0	4534
3567000.0	1684
4512600.0	2201
2125200.0	1058
1652400.0	816
1.0074E7	4539
1.32198E7	5430
7134000.0	3552
4250400.0	2058
1.58412E7	6380
826200.0	482
5037000.0	2648
3829200.0	1879
2387400.0	1119
1.11222E7	4808
1.4268E7	5834
7920600.0	4077
8500800.0	4375
7658400.0	3916
4774800.0	2358
1.47924E7	6005
9025200.0	4503
1.16466E7	4930
1.2171E7	5075
6085200.0	3164
1.00734E7	4539
1.58406E7	6380
1.26948E7	5265
5823000.0	2984
1.05978E7	4660
3042600.0	1401
1.37436E7	5628
1914600.0	940
1.6365E7	6526
1.32192E7	5430
1.1646E7	4930
1.47918E7	6005
41400.0	1
6871800.0	3538
6609600.0	3421
9024600.0	4503
1.42674E7	5834
1.53162E7	6230
1.21704E7	5075
82800.0	1
1062600.0	522
3304800.0	1575
6347400.0	3331
9549000.0	4534
531600.0	57
8185200.0	4247
1.11276E7	4808
1.42734E7	5834
8506200.0	4380
1.3749E7	5628
5301600.0	2726
3830400.0	1879
1063200.0	522
7923000.0	4078
1.47978E7	6013
1.1652E7	4930
4092600.0	1984
9030600.0	4503
5039400.0	2655
2650800.0	1287
7660800.0	3916
1.5846E7	6384
5826000.0	2984
1.00788E7	4539
1.27002E7	5265
1.53216E7	6246
265800.0	33
1653000.0	816
2913000.0	1337
5563800.0	2904
1.63704E7	6529
1.32246E7	5430
1.06032E7	4660
8505600.0	4380
3306000.0	1575
6874200.0	3538
239400.0	28
9030000.0	4503
1.16514E7	4930
1.42728E7	5834
1.21758E7	5075
6612000.0	3421
478800.0	45
9554400.0	4534
1.47972E7	6012
2126400.0	1058
1.3224E7	5430
1.06026E7	4660
1325400.0	692
957600.0	522
1.58454E7	6384
4777200.0	2372
7398600.0	3801
3568200.0	1685
4252800.0	2059
107400.0	4
1.37484E7	5628
1915200.0	940
2388600.0	1119
1.1127E7	4808
1.63698E7	6529
4515000.0	2201
7136400.0	3552
4777800.0	2373
1.32258E7	5431
1.008E7	4539
3699600.0	1802
2257800.0	1062
1.06044E7	4660
1.58472E7	6384
7661400.0	3916
7399200.0	3801
4515600.0	2201
1.11288E7	4808
1.37502E7	5628
1.63716E7	6529
2520000.0	1176
1.47984E7	6016
9031200.0	4503
1587600.0	804
5564400.0	2907
3961800.0	1976
1.2177E7	5075
8185800.0	4247
9555600.0	4534
5040000.0	2655
1.27014E7	5266
793800.0	459
2782200.0	1315
5302200.0	2726
7923600.0	4078
1.53228E7	6246
630000.0	274
1.37496E7	5628
6612600.0	3421
1.06038E7	4660
6350400.0	3332
1.6371E7	6529
1.4274E7	5834
1260000.0	661
1.11282E7	4808
6088200.0	3165
8506800.0	4380
3175200.0	1495
1.16526E7	4930
7137000.0	3552
9555000.0	4534
1.21764E7	5075
3437400.0	1621
4253400.0	2059
1.53222E7	6246
315000.0	40
1849800.0	923
6874800.0	3538
1.00794E7	4539
1.32252E7	5430
1.58466E7	6384
1.27008E7	5265
6087000.0	3165
1.58442E7	6383
1.0077E7	4539
1.26984E7	5265
2912400.0	1337
2046000.0	1024
1.06014E7	4660
1.63686E7	6529
1.32228E7	5430
5824800.0	2984
1023000.0	522
1194000.0	616
1.4271E7	5834
6611400.0	3421
3174600.0	1495
9028200.0	4503
1.16496E7	4930
1.2174E7	5075
597000.0	216
1.53198E7	6241
9552600.0	4534
6349200.0	3332
1.47954E7	6008
4776000.0	2369
1.06008E7	4660
7659600.0	3916
1.58436E7	6382
5038200.0	2650
1.32222E7	5430
2388000.0	1119
4513800.0	2201
3829800.0	1879
7397400.0	3801
8503800.0	4379
1.11252E7	4808
1.37466E7	5628
1.6368E7	6529
9027600.0	4503
2650200.0	1287
1.47948E7	6006
1.21734E7	5075
5562600.0	2904
8184000.0	4247
1.26978E7	5265
9552000.0	4534
5300400.0	2726
1.53192E7	6237
7921800.0	4077
1.00764E7	4539
1456200.0	774
4092000.0	1984
9029400.0	4503
5563200.0	2904
1980600.0	976
5825400.0	2984
214800.0	28
1.21752E7	5075
1.47966E7	6012
1.26996E7	5265
9553800.0	4534
2781600.0	1315
5301000.0	2726
1.5321E7	6245
8184600.0	4247
429600.0	42
1.00782E7	4539
1.37478E7	5628
6349800.0	3332
1.0602E7	4660
1128600.0	540
1.63692E7	6529
859200.0	482
3043800.0	1405
1.42722E7	5834
8505000.0	4380
1.11264E7	4808
1.16508E7	4930
1718400.0	823
6087600.0	3165
7398000.0	3801
9553200.0	4534
1.21746E7	5075
1.2699E7	5265
1.53204E7	6243
4514400.0	2201
3436800.0	1621
3699000.0	1802
1.32234E7	5430
7135800.0	3552
1.58448E7	6384
1.00776E7	4539
2257200.0	1062
4252200.0	2059
6873600.0	3538
1.11258E7	4808
1390800.0	709
1.42716E7	5834
7922400.0	4078
5038800.0	2653
8504400.0	4380
1.37472E7	5628
1.4796E7	6010
4776600.0	2369
695400.0	388
1.16502E7	4930
3961200.0	1976
2519400.0	1174
7660200.0	3916
9028800.0	4503
1.06074E7	4660
3045000.0	1408
1.37532E7	5628
1.63746E7	6529
1.32288E7	5431
6352200.0	3332
6090000.0	3165
1.11318E7	4808
1.42776E7	5834
8510400.0	4380
1391400.0	709
1.53258E7	6247
1.218E7	5075
7138800.0	3552
4255200.0	2059
3307200.0	1578
9558600.0	4534
1981200.0	976
6876600.0	3538
1.0083E7	4539
1.58502E7	6384
3569400.0	1688
2127600.0	1058
6614400.0	3421
1.27044E7	5266
990600.0	522
8187000.0	4247
1063800.0	523
826800.0	482
1.37526E7	5628
8509800.0	4380
1.11312E7	4808
5303400.0	2726
7924800.0	4078
2520600.0	1176
1.16556E7	4930
1.48014E7	6020
1653600.0	816
9034200.0	4503
1.4277E7	5834
3962400.0	1976
5041200.0	2655
7662600.0	3916
5827800.0	2986
2782800.0	1315
1.00824E7	4539
1.27038E7	5266
1.53252E7	6247
1.6374E7	6529
413400.0	42
1.32282E7	5431
5565600.0	2907
1.06068E7	4660
1.58496E7	6384
1.27056E7	5266
1326000.0	692
2914200.0	1337
6090600.0	3165
1.00842E7	4539
1.5327E7	6250
1.63758E7	6529
663000.0	379
5828400.0	2986
1.06086E7	4660
1.323E7	5432
1.58514E7	6384
3176400.0	1495
8511000.0	4380
1915800.0	940
1.16568E7	4930
1.42782E7	5834
6615000.0	3421
6352800.0	3332
9035400.0	4503
1.48026E7	6024
9559800.0	4534
1.21812E7	5075
1.00836E7	4539
1.32294E7	5431
7663200.0	3916
4779600.0	2391
1.58508E7	6384
1588200.0	804
1.37538E7	5628
1.0608E7	4660
3831600.0	1881
2389800.0	1119
7401000.0	3801
4517400.0	2202
1.11324E7	4808
1.63752E7	6529
5304000.0	2726
1.4802E7	6022
9034800.0	4503
1.16562E7	4930
1.21806E7	5075
5566200.0	2909
8187600.0	4247
5041800.0	2656
2652000.0	1287
1.2705E7	5266
1.53264E7	6250
9559200.0	4534
7925400.0	4078
4093800.0	1984
1.5324E7	6247
7399800.0	3801
1.21782E7	5075
9556800.0	4534
4516200.0	2201
7137600.0	3552
2127000.0	1058
1.58484E7	6384
1.00812E7	4539
1.3227E7	5431
6875400.0	3538
1.27026E7	5266
3568800.0	1685
4254000.0	2059
3831000.0	1881
1.11294E7	4808
7924200.0	4078
5040600.0	2655
1.37508E7	5628
2389200.0	1119
8508000.0	4380
1522200.0	803
7662000.0	3916
1.47996E7	6019
1.16538E7	4930
4778400.0	2376
9032400.0	4503
1.42752E7	5834
1.58478E7	6384
1.00806E7	4539
1.53234E7	6246
1.2702E7	5266
6088800.0	3165
1.63722E7	6529
1194600.0	616
5826600.0	2984
1.0605E7	4660
1.32264E7	5431
3044400.0	1406
8507400.0	4380
1784400.0	882
1.16532E7	4930
6613200.0	3421
9031800.0	4503
1.42746E7	5834
892200.0	514
3306600.0	1575
6351000.0	3332
9556200.0	4534
1.21776E7	5075
1.4799E7	6016
6876000.0	3538
8509200.0	4380
728400.0	442
1.1655E7	4930
1.42764E7	5834
9033600.0	4503
3438000.0	1621
6613800.0	3421
1456800.0	774
1.48008E7	6020
9558000.0	4534
1.21794E7	5075
4516800.0	2202
1.00818E7	4539
1.32276E7	5431
7400400.0	3801
1.06062E7	4660
1.5849E7	6384
4779000.0	2376
2258400.0	1062
4254600.0	2059
1.3752E7	5628
364200.0	40
2046600.0	1024
3700200.0	1802
1.11306E7	4808
1.63734E7	6529
7138200.0	3552
2651400.0	1287
1129200.0	541
9033000.0	4503
1.48002E7	6019
1.16544E7	4930
4093200.0	1984
5565000.0	2907
1.21788E7	5075
5302800.0	2726
564600.0	187
9557400.0	4534
1.27032E7	5266
8186400.0	4247
1.53246E7	6247
1.06056E7	4660
1719000.0	823
6351600.0	3332
2913600.0	1337
1.37514E7	5628
1.63728E7	6529
1.42758E7	5834
3175800.0	1495
5827200.0	2986
8508600.0	4380
1.113E7	4808
6089400.0	3165
3701400.0	1802
4781400.0	2410
1.3233E7	5436
1.58544E7	6384
7665000.0	3916
1.00872E7	4539
2259600.0	1062
1719600.0	823
7402800.0	3801
1.37574E7	5628
1.06116E7	4660
4519200.0	2214
1.63788E7	6529
859800.0	482
1.48056E7	6025
1.16598E7	4930
3963600.0	1976
5305800.0	2726
2521800.0	1177
8189400.0	4247
9038400.0	4503
9562800.0	4534
7927200.0	4078
1.21842E7	5076
5043600.0	2663
1.27086E7	5267
1.533E7	6250
1.0611E7	4660
1.63782E7	6529
1.32324E7	5435
6354000.0	3332
1.11354E7	4808
6091800.0	3165
1.42812E7	5835
1981800.0	976
8514000.0	4380
1.37568E7	5628
3177000.0	1495
1.21836E7	5075
1.53294E7	6250
7140600.0	3552
9562200.0	4534
4257000.0	2060
6878400.0	3538
1.4805E7	6025
1.58538E7	6384
1129800.0	544
3439200.0	1621
1.00866E7	4539
6616200.0	3423
1.2708E7	5267
4257600.0	2062
1.21854E7	5076
1654200.0	816
174000.0	9
9564000.0	4534
1.48068E7	6025
4519800.0	2214
7141200.0	3552
2128800.0	1058
1.58556E7	6385
348000.0	40
1.00884E7	4539
6879000.0	3538
1.27098E7	5268
1.53312E7	6250
3570600.0	1688
7927800.0	4078
696000.0	389
5044200.0	2663
1.3758E7	5628
7665600.0	3916
2391000.0	1119
1.11366E7	4808
1.63794E7	6529
8515200.0	4380
1392000.0	710
3832800.0	1884
4782000.0	2411
7403400.0	3801
9039600.0	4503
1.1661E7	4930
1.42824E7	5835
1.27092E7	5267
9563400.0	4534
2784000.0	1318
1.53306E7	6250
6092400.0	3165
1.00878E7	4539
1916400.0	941
1.32336E7	5437
5568000.0	2909
5830200.0	2988
1.06122E7	4660
3046200.0	1411
958200.0	522
1.5855E7	6384
1064400.0	523
6616800.0	3423
1.42818E7	5835
8514600.0	4380
1.1136E7	4808
1.16604E7	4930
532200.0	59
3308400.0	1578
6354600.0	3332
9039000.0	4503
1.21848E7	5076
1.48062E7	6025
5566800.0	2909
1.1658E7	4930
9036600.0	4503
1.48038E7	6025
1260600.0	661
925200.0	521
2783400.0	1318
5304600.0	2726
1.53282E7	6250
8188200.0	4247
1.27068E7	5267
9561000.0	4534
1.21824E7	5075
1850400.0	923
1.06092E7	4660
1.3755E7	5628
1.63764E7	6529
6353400.0	3332
6091200.0	3165
1.32306E7	5432
1.11336E7	4808
5829000.0	2988
1.42794E7	5834
3045600.0	1409
8512200.0	4380
462600.0	45
1.21818E7	5075
1.53276E7	6250
1522800.0	803
9560400.0	4534
7139400.0	3552
1.48032E7	6025
4518000.0	2207
3438600.0	1621
1.5852E7	6384
761400.0	442
1.00848E7	4539
1.27062E7	5266
2259000.0	1062
4255800.0	2060
6877200.0	3538
7926000.0	4078
5042400.0	2658
3700800.0	1802
1.1133E7	4808
8511600.0	4380
1.37544E7	5628
1.16574E7	4930
3963000.0	1976
7663800.0	3916
87000.0	1
4780200.0	2397
1.42788E7	5834
2521200.0	1176
7401600.0	3801
9036000.0	4503
2390400.0	1119
5305200.0	2726
3832200.0	1881
7926600.0	4078
8513400.0	4380
1.11348E7	4808
1.37562E7	5628
1.63776E7	6529
4780800.0	2407
1785000.0	882
2652600.0	1287
1.42806E7	5835
7664400.0	3916
9037800.0	4503
5043000.0	2658
1.16592E7	4930
1.27074E7	5267
9561600.0	4534
1.53288E7	6250
1.0086E7	4539
5829600.0	2988
4094400.0	1984
1.06104E7	4660
1.58532E7	6384
2914800.0	1337
1.32318E7	5435
5567400.0	2909
8188800.0	4247
6877800.0	3538
149400.0	9
1.428E7	5835
8512800.0	4380
3307800.0	1578
1.16586E7	4930
1457400.0	774
1023600.0	522
298800.0	40
9037200.0	4503
6615600.0	3421
1.48044E7	6025
1.2183E7	5075
2047200.0	1024
1.00854E7	4539
597600.0	216
3570000.0	1688
4518600.0	2214
2128200.0	1058
1.32312E7	5434
1.58526E7	6384
7402200.0	3801
1.37556E7	5628
1195200.0	618
7140000.0	3552
4256400.0	2060
1.06098E7	4660
1.11342E7	4808
1.6377E7	6529
511800.0	45
9567000.0	4534
1.27128E7	5274
5832000.0	2988
2047800.0	1024
6094200.0	3165
1.53342E7	6250
223200.0	28
1.00914E7	4539
1.32372E7	5441
2916000.0	1337
5569800.0	2909
446400.0	43
1.06158E7	4660
1.58586E7	6385
1.42854E7	5835
6618600.0	3423
3178200.0	1495
8518200.0	4381
1.11396E7	4808
1195800.0	618
892800.0	516
6356400.0	3332
9042600.0	4503
1.48098E7	6025
1.1664E7	4930
1.21884E7	5078
1785600.0	882
7666800.0	3916
1.5858E7	6385
1.00908E7	4539
1.32366E7	5441
1.27122E7	5270
4783200.0	2414
3571200.0	1688
1.06152E7	4660
3833400.0	1884
7404600.0	3801
1.3761E7	5628
1.63824E7	6529
2391600.0	1119
4521000.0	2215
7142400.0	3552
5307600.0	2726
1.48092E7	6025
1.16634E7	4930
1458000.0	774
8191200.0	4247
9042000.0	4503
1.42848E7	5835
2653800.0	1287
1.53336E7	6250
7929000.0	4078
1.21878E7	5076
5045400.0	2665
729000.0	442
4095600.0	1984
9566400.0	4534
1.16652E7	4930
565200.0	187
1.4811E7	6025
9043800.0	4503
1.42866E7	5835
5570400.0	2909
3964800.0	1976
1.53354E7	6250
1130400.0	544
8191800.0	4247
1.21896E7	5078
9568200.0	4534
2785200.0	1329
5308200.0	2726
7929600.0	4078
1.63836E7	6529
6094800.0	3165
1.32378E7	5442
1.06164E7	4660
1.58592E7	6385
5832600.0	2988
282600.0	36
1720200.0	823
3047400.0	1413
1.37622E7	5628
8519400.0	4381
1.11408E7	4808
9043200.0	4503
3440400.0	1621
4259400.0	2068
1.48104E7	6025
9567600.0	4534
7143000.0	3552
247800.0	28
1.2189E7	5078
6880800.0	3538
495600.0	45
1.0092E7	4539
1.27134E7	5275
1.53348E7	6250
2260800.0	1062
1.37616E7	5628
3702600.0	1802
1.11402E7	4808
1.6383E7	6529
1392600.0	714
991200.0	522
5046000.0	2665
7667400.0	3916
4521600.0	2215
8518800.0	4381
7405200.0	3801
4783800.0	2416
1.16646E7	4930
1.4286E7	5835
1982400.0	976
2523000.0	1180
1.42836E7	5835
1.11378E7	4808
6879600.0	3538
8516400.0	4381
3177600.0	1495
1.16622E7	4930
1.4808E7	6025
9040800.0	4503
3439800.0	1621
6617400.0	3423
6355200.0	3332
1.21866E7	5076
7404000.0	3801
4520400.0	2215
1.0089E7	4539
1.32348E7	5437
1.58562E7	6385
1.27104E7	5268
7141800.0	3552
3702000.0	1802
2260200.0	1062
4258200.0	2065
1.37592E7	5628
1.06134E7	4660
1.63806E7	6529
1326600.0	692
1.48074E7	6025
1.16616E7	4930
4095000.0	1984
5568600.0	2909
1851000.0	923
198600.0	24
9040200.0	4503
2653200.0	1287
8190000.0	4247
9564600.0	4534
1.2186E7	5076
1.53318E7	6250
397200.0	41
5306400.0	2726
2915400.0	1337
1.638E7	6529
6093000.0	3165
794400.0	460
1.32342E7	5437
1.06128E7	4660
5830800.0	2988
1.11372E7	4808
1.4283E7	5835
1588800.0	804
8515800.0	4381
1.37586E7	5628
1.63818E7	6529
1.06146E7	4660
1.3236E7	5440
6355800.0	3332
3046800.0	1411
1.1139E7	4808
1.37604E7	5628
8517600.0	4381
6093600.0	3165
1261200.0	661
6880200.0	3538
4258800.0	2067
3309000.0	1578
9565800.0	4534
1.21872E7	5076
1.48086E7	6025
1.58574E7	6385
630600.0	274
1.00902E7	4539
2129400.0	1058
1.5333E7	6250
6618000.0	3423
1.27116E7	5268
5044800.0	2663
1.11384E7	4808
5307000.0	2726
7928400.0	4078
1.37598E7	5628
1.63812E7	6529
4782600.0	2411
8517000.0	4381
2522400.0	1180
3964200.0	1976
7666200.0	3916
1.16628E7	4930
9041400.0	4503
1.42842E7	5835
9565200.0	4534
1.2711E7	5268
2784600.0	1320
55800.0	1
1.53324E7	6250
5831400.0	2988
1.32354E7	5438
1.00896E7	4539
5569200.0	2909
1.0614E7	4660
1.58568E7	6385
111600.0	5
8190600.0	4247
1523400.0	803
1.50762E7	6083
1.19304E7	4986
4162200.0	2014
5703000.0	2927
9309000.0	4534
2720400.0	1312
1950000.0	975
8324400.0	4262
9833400.0	4539
1.24548E7	5196
1.56006E7	6282
5440800.0	2821
975000.0	522
1098000.0	529
2982600.0	1353
1.66488E7	6624
6227400.0	3235
1.3503E7	5592
1.08816E7	4712
549000.0	70
5965200.0	3006
1.1406E7	4846
1.45518E7	5904
8784600.0	4488
1.40274E7	5772
4392000.0	2143
1.24542E7	5196
9832800.0	4539
1.50756E7	6083
4654200.0	2252
7275600.0	3684
2196000.0	1062
1.61244E7	6475
1.03572E7	4583
7013400.0	3543
1.29786E7	5389
1.56E7	6282
3637800.0	1723
8062200.0	4194
5178600.0	2717
1.40268E7	5772
7800000.0	3977
2458200.0	1159
1.14054E7	4846
1.66482E7	6624
8784000.0	4488
1360200.0	699
3900000.0	1936
4916400.0	2555
7537800.0	3861
9308400.0	4534
1.19298E7	4986
1.45512E7	5904
600.0	0
5179200.0	2717
1884600.0	925
202800.0	25
1.14072E7	4846
5441400.0	2821
8062800.0	4199
1.40286E7	5772
1.665E7	6624
4917000.0	2555
8785800.0	4488
1200.0	0
2589600.0	1232
405600.0	42
4031400.0	1981
7800600.0	3982
1.19316E7	4986
9310200.0	4534
1.4553E7	5904
9834000.0	4539
2400.0	0
1.29798E7	5393
811200.0	482
2851800.0	1335
1.56012E7	6282
5965800.0	3006
1.35042E7	5594
4800.0	0
1.03584E7	4583
1622400.0	815
5703600.0	2927
1.08828E7	4712
1.61256E7	6475
8325000.0	4262
1.45524E7	5904
9600.0	0
1.14066E7	4846
7014000.0	3543
8785200.0	4488
3244800.0	1541
1.1931E7	4986
19200.0	0
1.50768E7	6083
9309600.0	4534
3507000.0	1632
6751800.0	3511
6489600.0	3337
1.24554E7	5196
38400.0	1
1294800.0	662
7538400.0	3861
4654800.0	2252
1.03578E7	4583
1.35036E7	5592
1.6125E7	6475
1.29792E7	5389
7276200.0	3685
76800.0	1
647400.0	379
3769200.0	1832
2327400.0	1067
4392600.0	2143
1.4028E7	5772
1.08822E7	4712
1.66494E7	6624
153600.0	9
1.08798E7	4712
1.6647E7	6624
1.35012E7	5591
6488400.0	3337
1491000.0	794
1040400.0	522
1.14042E7	4846
6226200.0	3234
307200.0	40
1.455E7	5901
8782800.0	4488
1.40256E7	5771
3244200.0	1541
2080800.0	1028
1.24524E7	5196
614400.0	247
1.55982E7	6282
7275000.0	3681
9831000.0	4539
4391400.0	2143
7012800.0	3543
1.50738E7	6083
1228800.0	645
1.61226E7	6475
3506400.0	1632
1.03554E7	4583
6750600.0	3510
1.29768E7	5382
520200.0	45
2457600.0	1159
5439600.0	2821
3899400.0	1936
1753200.0	873
8061000.0	4194
8782200.0	4488
1.14036E7	4846
1.4025E7	5771
1.66464E7	6624
4915200.0	2555
2719800.0	1312
1.45494E7	5901
7798800.0	3970
876600.0	494
9306600.0	4534
5177400.0	2717
1.1928E7	4986
1.29762E7	5376
9830400.0	4539
1.55976E7	6282
1.03548E7	4583
5964000.0	3004
4161600.0	2013
101400.0	2
1.08792E7	4712
1.6122E7	6475
2982000.0	1353
1.35006E7	5591
5701800.0	2927
8323200.0	4261
1.2978E7	5387
9832200.0	4539
2851200.0	1335
1.55994E7	6282
6226800.0	3234
1.03566E7	4583
1.35024E7	5592
5702400.0	2927
2015400.0	1008
5964600.0	3005
1.0881E7	4712
3113400.0	1435
1.61238E7	6475
6751200.0	3510
1.45506E7	5904
8783400.0	4488
1.14048E7	4846
1.19292E7	4986
3375600.0	1600
6489000.0	3337
9307800.0	4534
1163400.0	616
1.24536E7	5196
1.5075E7	6083
3768600.0	1832
1687800.0	821
4915800.0	2555
1.35018E7	5592
178200.0	10
1.61232E7	6475
7799400.0	3972
1.0356E7	4583
2326800.0	1067
7537200.0	3860
1.40262E7	5772
356400.0	40
1.08804E7	4712
4653600.0	2252
1.66476E7	6624
1.50744E7	6083
712800.0	403
1.19286E7	4986
4030800.0	1981
5440200.0	2821
2589000.0	1232
8323800.0	4262
9307200.0	4534
9831600.0	4539
1425600.0	774
8061600.0	4194
1.2453E7	5196
5178000.0	2717
1.29774E7	5385
1.55988E7	6282
7015800.0	3543
1.14102E7	4847
1.4556E7	5904
8788800.0	4488
6753600.0	3511
252000.0	28
1.50804E7	6083
9313200.0	4534
1.19346E7	4986
1.2459E7	5196
3376800.0	1600
6491400.0	3337
504000.0	45
1.03614E7	4583
1.61286E7	6475
7540200.0	3863
3639000.0	1724
4656600.0	2252
2197200.0	1062
1.29828E7	5399
1426200.0	774
1008000.0	522
1.08858E7	4712
1.40316E7	5772
1.6653E7	6624
7278000.0	3690
4394400.0	2143
1.35072E7	5595
2016000.0	1012
1.1934E7	4986
1.50798E7	6083
9312600.0	4534
1.45554E7	5904
5704800.0	2927
4032000.0	1981
1.56042E7	6282
8326200.0	4262
1.24584E7	5196
1098600.0	529
9837000.0	4539
2852400.0	1335
5442600.0	2821
8064000.0	4199
1.66524E7	6624
6229200.0	3237
1688400.0	821
1.35066E7	5595
1.08852E7	4712
1.6128E7	6475
5967000.0	3006
3114600.0	1438
844200.0	482
1.4031E7	5772
8788200.0	4488
1.14096E7	4847
6492000.0	3337
1.66542E7	6624
680400.0	379
1.0887E7	4712
1.35084E7	5595
1.61298E7	6475
3246000.0	1541
1360800.0	699
1.14114E7	4847
6229800.0	3238
8790000.0	4488
1.40328E7	5772
9313800.0	4534
1.5081E7	6083
9838200.0	4539
1.24596E7	5196
4395000.0	2143
7016400.0	3543
1.2984E7	5399
340200.0	40
1950600.0	975
3508200.0	1632
1.03626E7	4583
1.56054E7	6282
6754200.0	3512
5181000.0	2717
1.40322E7	5772
1.08864E7	4712
3901200.0	1936
2459400.0	1160
8064600.0	4199
1.14108E7	4847
1.66536E7	6624
8789400.0	4488
7802400.0	3984
4918800.0	2555
1.19352E7	4986
1.45566E7	5904
1623000.0	815
2721600.0	1312
1.29834E7	5399
1.56048E7	6282
9837600.0	4539
5967600.0	3008
4163400.0	2016
1.0362E7	4583
1.35078E7	5595
5443200.0	2821
1.61292E7	6475
2983800.0	1353
5705400.0	2927
8326800.0	4262
7801200.0	3982
1.61268E7	6475
1.03596E7	4583
1.35054E7	5595
1.2981E7	5394
4917600.0	2555
3638400.0	1723
1.0884E7	4712
3900600.0	1936
7539000.0	3863
1.40298E7	5772
1.66512E7	6624
2458800.0	1160
4655400.0	2252
7276800.0	3686
5442000.0	2821
1.5078E7	6083
1.19322E7	4986
8325600.0	4262
9310800.0	4534
1.45536E7	5904
2721000.0	1312
1.56024E7	6282
8063400.0	4199
1.24566E7	5196
5179800.0	2717
4162800.0	2015
9835200.0	4539
1557000.0	803
1.66506E7	6624
2081400.0	1028
227400.0	28
1.08834E7	4712
1.35048E7	5595
6490200.0	3337
3114000.0	1437
1.14078E7	4846
1.40292E7	5772
454800.0	44
8786400.0	4488
6228000.0	3236
7014600.0	3543
1229400.0	646
909600.0	521
4393200.0	2143
3376200.0	1600
9834600.0	4539
1.2456E7	5196
1.50774E7	6083
1.61262E7	6475
1.0359E7	4583
1819200.0	886
2196600.0	1062
1.56018E7	6282
6752400.0	3511
1.29804E7	5394
9312000.0	4534
3507600.0	1632
4393800.0	2143
1.50792E7	6083
9836400.0	4539
7277400.0	3688
1.24578E7	5196
7015200.0	3543
1.03608E7	4583
1.29822E7	5397
1.56036E7	6282
2328000.0	1067
1.40304E7	5772
1491600.0	795
3769800.0	1832
1.1409E7	4846
1.66518E7	6624
5180400.0	2717
7801800.0	3983
4656000.0	2252
8787600.0	4488
745800.0	442
7539600.0	3863
4918200.0	2555
1.19334E7	4986
1.45548E7	5904
2590200.0	1232
582000.0	187
9835800.0	4539
1.29816E7	5394
5966400.0	3006
6228600.0	3237
1.5603E7	6282
1164000.0	616
1.03602E7	4583
1.3506E7	5595
2983200.0	1353
5704200.0	2927
1.08846E7	4712
1.61274E7	6475
1.45542E7	5904
6753000.0	3511
3245400.0	1541
8787000.0	4488
1.14084E7	4846
63000.0	1
291000.0	38
1753800.0	873
6490800.0	3337
9311400.0	4534
1.50786E7	6083
1.19328E7	4986
1.24572E7	5196
126000.0	9
1.40358E7	5772
8066400.0	4201
1.089E7	4712
5182800.0	2717
1164600.0	616
1.66572E7	6624
877200.0	497
1.45602E7	5905
4920600.0	2555
8793000.0	4488
1.14144E7	4849
4033200.0	1981
2591400.0	1232
7804200.0	3986
1.19388E7	4986
1754400.0	877
9841200.0	4539
5707200.0	2930
1.24626E7	5196
1.2987E7	5400
1.56084E7	6282
5969400.0	3012
1.35114E7	5598
2853600.0	1335
5445000.0	2823
1.61328E7	6476
1.03656E7	4583
8328600.0	4264
438600.0	42
1.14138E7	4849
1426800.0	774
1.45596E7	5905
8792400.0	4488
1.40352E7	5772
6755400.0	3514
3246600.0	1541
1.5084E7	6083
713400.0	403
1.19382E7	4986
9316800.0	4534
6493200.0	3337
7542000.0	3865
1.61322E7	6476
2016600.0	1012
4658400.0	2252
3508800.0	1632
1.0365E7	4583
1.29864E7	5399
3771000.0	1834
1.08894E7	4712
1.66566E7	6624
7279800.0	3704
2329200.0	1067
4396200.0	2143
7017600.0	3543
1.35108E7	5596
2198400.0	1062
1.6134E7	6476
1.03668E7	4583
1.29882E7	5403
1.56096E7	6282
4921200.0	2555
7542600.0	3866
3640200.0	1724
4396800.0	2143
1689000.0	821
1.66584E7	6624
1.35126E7	5598
1.08912E7	4713
2460600.0	1160
4659000.0	2252
7280400.0	3706
8793600.0	4488
8329200.0	4264
5445600.0	2823
3902400.0	1939
9318000.0	4534
1.19394E7	4986
1.45608E7	5905
8067000.0	4205
1.24638E7	5196
4164600.0	2019
5183400.0	2717
2722800.0	1312
7804800.0	3990
9842400.0	4539
1.50852E7	6083
137400.0	9
1.3512E7	5598
6493800.0	3337
1.08906E7	4713
3115800.0	1438
1361400.0	699
975600.0	522
1.61334E7	6476
274800.0	34
6231600.0	3240
1.40364E7	5772
1951200.0	975
1.1415E7	4849
1.66578E7	6624
549600.0	70
3378000.0	1600
9317400.0	4534
1.24632E7	5196
1.50846E7	6083
7018200.0	3543
1099200.0	529
6756000.0	3514
1.29876E7	5401
9841800.0	4539
1.5609E7	6282
1.03662E7	4583
487800.0	45
2853000.0	1335
5968200.0	3010
1.56066E7	6282
1.29852E7	5399
9839400.0	4539
1.24608E7	5196
1.03638E7	4583
5706000.0	2927
1.35096E7	5596
1.6131E7	6475
1295400.0	662
1.1412E7	4847
6754800.0	3514
1.45578E7	5904
3115200.0	1438
8790600.0	4488
1885200.0	925
1.19364E7	4986
3377400.0	1600
6492600.0	3337
9315000.0	4534
6230400.0	3239
1.50822E7	6083
942600.0	521
1.61304E7	6475
7803000.0	3984
778800.0	442
4919400.0	2555
1.03632E7	4583
1.29846E7	5399
7540800.0	3864
2328600.0	1067
1.08876E7	4712
1.40334E7	5772
1.66548E7	6624
1557600.0	803
1.3509E7	5595
7278600.0	3701
3770400.0	1834
4657200.0	2252
1.19358E7	4986
4032600.0	1981
5443800.0	2821
8327400.0	4264
1.45572E7	5904
2590800.0	1232
9314400.0	4534
8065200.0	4200
1.24602E7	5196
1.5606E7	6282
389400.0	41
9838800.0	4539
5181600.0	2717
1.50816E7	6083
1230000.0	647
2722200.0	1312
1.4559E7	5905
9316200.0	4534
1.19376E7	4986
5706600.0	2928
8328000.0	4264
1.2462E7	5196
615000.0	248
1.56078E7	6282
5444400.0	2823
9840600.0	4539
8065800.0	4200
1.50834E7	6083
4164000.0	2017
6231000.0	3239
1819800.0	887
1.08888E7	4712
1.61316E7	6475
2984400.0	1353
1.35102E7	5596
5968800.0	3011
8791800.0	4488
1.14132E7	4849
1.40346E7	5772
1.6656E7	6624
7279200.0	3703
9315600.0	4534
4395600.0	2143
1.50828E7	6083
1.24614E7	5196
7017000.0	3543
1.29858E7	5399
9840000.0	4539
3639600.0	1724
2197800.0	1062
1.56072E7	6282
1.03644E7	4583
1492200.0	795
1.4034E7	5772
4920000.0	2555
1.08882E7	4712
7803600.0	3986
1.14126E7	4849
1.66554E7	6624
5182200.0	2717
2082000.0	1029
2460000.0	1160
4657800.0	2252
1.45584E7	5905
8791200.0	4488
3901800.0	1936
7541400.0	3865
1.1937E7	4986
1041000.0	522
1.03698E7	4583
1.35156E7	5598
6495600.0	3337
2985600.0	1353
1.08942E7	4716
1.6137E7	6476
1.404E7	5772
3247800.0	1541
5971200.0	3014
2082600.0	1031
1.14186E7	4850
6233400.0	3242
1.66614E7	6624
7020000.0	3546
9321000.0	4534
1.50882E7	6085
1.19424E7	4986
1.24668E7	5196
9845400.0	4539
3510000.0	1632
6757800.0	3516
1.29912E7	5413
1230600.0	647
1.56126E7	6282
1.08936E7	4714
3903000.0	1942
1755000.0	877
8068200.0	4207
5184600.0	2717
186600.0	16
1.40394E7	5772
1.66608E7	6624
2461200.0	1160
1.45638E7	5905
7806000.0	3991
373200.0	41
8796600.0	4488
1.1418E7	4850
4922400.0	2555
2723400.0	1312
1.5612E7	6282
1.24662E7	5196
746400.0	442
4165200.0	2019
5709000.0	2930
9844800.0	4539
5446800.0	2823
81000.0	1
1.61364E7	6476
1.03692E7	4583
1492800.0	796
1.3515E7	5598
8330400.0	4264
1.29906E7	5411
5971800.0	3015
1.56138E7	6282
1.2468E7	5196
9846600.0	4539
2854800.0	1335
2017200.0	1012
1.0371E7	4583
1.61382E7	6476
1.29924E7	5413
5709600.0	2933
1008600.0	522
1165200.0	616
3117000.0	1438
1.40406E7	5772
6496200.0	3337
8797800.0	4488
1.14192E7	4851
1.19436E7	4986
582600.0	187
6234000.0	3242
1.50894E7	6085
9322200.0	4534
1.4565E7	5905
4660800.0	2252
7544400.0	3873
4923000.0	2555
1.03704E7	4583
1.29918E7	5413
1.56132E7	6282
2330400.0	1068
1.6662E7	6624
4398600.0	2143
3772200.0	1834
1.35162E7	5598
7282200.0	3713
1.08948E7	4719
1.61376E7	6476
8331000.0	4267
8797200.0	4488
1.1943E7	4986
1.45644E7	5905
5447400.0	2823
8068800.0	4207
2592600.0	1232
9321600.0	4534
1.50888E7	6085
9846000.0	4539
1427400.0	774
4034400.0	1981
1.24674E7	5196
5185200.0	2717
7806600.0	3991
7281000.0	3706
1.50864E7	6083
9319200.0	4534
3509400.0	1632
4397400.0	2143
1623600.0	815
1.2465E7	5196
9843600.0	4539
1.29894E7	5403
7018800.0	3543
811800.0	482
1.56108E7	6282
4921800.0	2555
3771600.0	1834
2329800.0	1068
1.40376E7	5772
1.08918E7	4713
1.6659E7	6624
7805400.0	3990
1.4562E7	5905
7543200.0	3868
1.14162E7	4850
4659600.0	2252
8794800.0	4488
1.19406E7	4986
5970000.0	3013
9843000.0	4539
1.24644E7	5196
1.56102E7	6282
2985000.0	1353
5707800.0	2930
1885800.0	925
1.03674E7	4583
1.35132E7	5598
1.61346E7	6476
1.29888E7	5403
1.14156E7	4850
1.45614E7	5905
6756600.0	3516
6494400.0	3337
8794200.0	4488
1.4037E7	5772
1.50858E7	6083
1.194E7	4986
6232200.0	3240
3247200.0	1541
9318600.0	4534
1.14174E7	4850
162000.0	9
1.40388E7	5772
8796000.0	4488
6757200.0	3516
1558200.0	803
1.50876E7	6083
324000.0	40
1.19418E7	4986
9320400.0	4534
1.45632E7	5905
3378600.0	1600
6495000.0	3337
1.61358E7	6476
7543800.0	3872
648000.0	379
1.03686E7	4583
4660200.0	2252
7281600.0	3707
2199000.0	1062
1.56114E7	6282
1.299E7	5404
1.66602E7	6624
1296000.0	662
7019400.0	3543
3640800.0	1724
4398000.0	2143
1.0893E7	4713
1.35144E7	5598
8795400.0	4488
2592000.0	1232
5708400.0	2930
4033800.0	1981
1820400.0	887
1.19412E7	4986
8329800.0	4264
9319800.0	4534
1.45626E7	5905
5184000.0	2717
2854200.0	1335
5446200.0	2823
8067600.0	4206
910200.0	521
9844200.0	4539
1.24656E7	5196
1.5087E7	6083
1.35138E7	5598
1.0368E7	4583
1.08924E7	4713
1.61352E7	6476
6232800.0	3240
1.14168E7	4850
5970600.0	3014
1.40382E7	5772
1.66596E7	6624
3116400.0	1438
1.29954E7	5416
9849600.0	4539
3642000.0	1728
4662600.0	2252
2200200.0	1062
1.56168E7	6282
7546200.0	3877
1.0374E7	4586
7284000.0	3713
4400400.0	2143
1.08984E7	4725
1.61412E7	6476
1.35198E7	5600
2462400.0	1160
1.4568E7	5905
8800800.0	4488
1558800.0	803
5449200.0	2825
3904200.0	1943
1.19466E7	4986
8070600.0	4208
4924800.0	2555
9325200.0	4534
779400.0	442
2724600.0	1312
7808400.0	3992
1.50924E7	6085
1.2471E7	5196
5187000.0	2717
1.03734E7	4586
615600.0	248
1.35192E7	5599
6497400.0	3337
6235200.0	3243
1.61406E7	6476
1.40436E7	5772
1231200.0	649
5973000.0	3017
1.08978E7	4725
3117600.0	1438
1.14222E7	4851
1.6665E7	6624
7021800.0	3546
1.1946E7	4986
3379800.0	1600
9324600.0	4534
1.50918E7	6085
307800.0	40
1821000.0	888
1.56162E7	6282
6759600.0	3521
1.29948E7	5416
9849000.0	4539
1.24704E7	5196
1.50936E7	6085
7284600.0	3718
1.19478E7	4986
9326400.0	4534
4401000.0	2143
7022400.0	3546
260400.0	30
9850800.0	4539
1.24722E7	5196
1.29966E7	5416
1.5618E7	6282
3511200.0	1632
6760200.0	3521
520800.0	45
3773400.0	1834
1.0899E7	4726
4925400.0	2557
1.66662E7	6624
7809000.0	3992
2331600.0	1068
1.35204E7	5600
1493400.0	797
1041600.0	522
7546800.0	3879
1.14234E7	4852
1.45692E7	5905
6600.0	0
4663200.0	2252
8802000.0	4488
1.40448E7	5772
2083200.0	1031
1.24716E7	5196
1.56174E7	6282
13200.0	0
9850200.0	4539
1.5093E7	6085
5973600.0	3019
4166400.0	2022
1.61418E7	6476
26400.0	1
1165800.0	616
1.03746E7	4587
1.2996E7	5416
2986800.0	1353
5711400.0	2933
8332800.0	4267
52800.0	1
1755600.0	877
6498000.0	3337
8801400.0	4488
1.14228E7	4852
1.40442E7	5772
1.66656E7	6624
6235800.0	3243
1.45686E7	5905
105600.0	4
877800.0	501
3249000.0	1541
9325800.0	4534
1.19472E7	4986
8799000.0	4488
5448000.0	2823
1951800.0	975
211200.0	28
1.19448E7	4986
5710200.0	2933
8331600.0	4267
1.45662E7	5905
9323400.0	4534
5185800.0	2717
2724000.0	1312
8069400.0	4207
422400.0	42
1.50906E7	6085
4165800.0	2020
9847800.0	4539
1.24692E7	5196
1.03716E7	4583
1.35174E7	5599
1099800.0	529
1.61388E7	6476
844800.0	482
2986200.0	1353
6234600.0	3243
1.40418E7	5772
1.0896E7	4724
1689600.0	821
5972400.0	3015
1.14204E7	4851
1.66632E7	6624
1.509E7	6085
7282800.0	3713
9322800.0	4534
1.19442E7	4986
4399200.0	2143
1.24686E7	5196
3379200.0	1600
7020600.0	3546
1.2993E7	5413
1.56144E7	6282
9847200.0	4539
3641400.0	1725
2199600.0	1062
6758400.0	3516
1.08954E7	4719
1362000.0	699
1.40412E7	5772
7807200.0	3992
4923600.0	2555
1.66626E7	6624
1.35168E7	5598
681000.0	379
3903600.0	1943
2461800.0	1160
7545000.0	3876
1.14198E7	4851
4661400.0	2252
1.45656E7	5905
8798400.0	4488
130200.0	9
8070000.0	4207
1.08972E7	4725
1.4043E7	5772
1.66644E7	6624
1.35186E7	5599
5186400.0	2717
3772800.0	1834
1.14216E7	4851
4035000.0	1981
7807800.0	3992
1.45674E7	5905
4924200.0	2555
8800200.0	4488
2593200.0	1233
7545600.0	3877
5710800.0	2933
1.24698E7	5196
1.56156E7	6282
9848400.0	4539
1.50912E7	6085
1624200.0	815
2855400.0	1335
5448600.0	2823
1.614E7	6476
8332200.0	4267
1.03728E7	4583
1.29942E7	5415
3248400.0	1541
235800.0	28
1.1421E7	4851
8799600.0	4488
1.40424E7	5772
6759000.0	3520
6496800.0	3337
1.19454E7	4986
1.45668E7	5905
471600.0	45
9324000.0	4534
1.29936E7	5415
7283400.0	3713
1296600.0	662
943200.0	521
4662000.0	2252
3510600.0	1632
1.03722E7	4583
1.5615E7	6282
1.66638E7	6624
1886400.0	925
2331000.0	1068
4399800.0	2143
7021200.0	3546
1.08966E7	4724
1.3518E7	5599
1.61394E7	6476
1297200.0	663
2856600.0	1335
5975400.0	3030
9853800.0	4539
1.24752E7	5196
1.50966E7	6085
1.61454E7	6476
648600.0	379
1.03782E7	4588
5713200.0	2933
1.5621E7	6282
8334600.0	4267
1.29996E7	5422
1887000.0	925
1.14264E7	4853
1.40478E7	5772
1.66692E7	6624
6499800.0	3337
3118800.0	1438
8805000.0	4488
1.19508E7	4986
9329400.0	4534
1.45722E7	5905
6237600.0	3253
9853200.0	4539
1.2999E7	5422
7548000.0	3882
4664400.0	2252
1.56204E7	6282
1.35234E7	5605
7285800.0	3719
1.03776E7	4588
3774000.0	1834
2332200.0	1068
4402200.0	2143
1.0902E7	4735
1.61448E7	6476
1559400.0	803
1.45716E7	5905
5188800.0	2717
1.14258E7	4853
8804400.0	4488
1.19502E7	4986
5451000.0	2830
8072400.0	4208
4926600.0	2557
2594400.0	1235
1.5096E7	6085
9328800.0	4534
4036200.0	1981
1.24746E7	5196
7810200.0	3992
5451600.0	2834
1.45734E7	5905
8335200.0	4267
8806200.0	4488
1.14276E7	4855
1231800.0	651
910800.0	521
2725800.0	1312
8073000.0	4208
9330600.0	4534
5189400.0	2717
1.50978E7	6085
1.1952E7	4986
4167600.0	2023
1.24764E7	5196
1821600.0	889
1.6146E7	6476
1.03788E7	4588
5976000.0	3031
1.35246E7	5605
6238200.0	3255
1.30002E7	5422
1.09032E7	4737
2988000.0	1353
5713800.0	2933
1.4049E7	5772
1.66704E7	6624
455400.0	44
1.50972E7	6085
1.19514E7	4986
1494000.0	800
7024200.0	3546
9330000.0	4534
1.45728E7	5905
4402800.0	2143
3381000.0	1600
1.56216E7	6282
1.24758E7	5196
747000.0	442
9854400.0	4539
2201400.0	1062
6762000.0	3523
7810800.0	3992
1.66698E7	6624
2083800.0	1032
4927200.0	2557
3643200.0	1732
1.09026E7	4735
1.3524E7	5605
3905400.0	1944
7548600.0	3883
1.1427E7	4853
1.40484E7	5772
2463600.0	1160
4665000.0	2252
7286400.0	3719
8805600.0	4488
6760800.0	3522
714000.0	403
1.4046E7	5772
1.14246E7	4853
1.66674E7	6624
8803200.0	4488
3380400.0	1600
6498600.0	3337
1428000.0	774
9327600.0	4534
1.1949E7	4986
1.45704E7	5905
4401600.0	2143
1.29972E7	5422
9851400.0	4539
1.56186E7	6282
1.03758E7	4587
4663800.0	2252
7285200.0	3719
2200800.0	1062
1.35216E7	5600
357000.0	40
2017800.0	1012
1.09002E7	4726
7023000.0	3546
1.6143E7	6476
3642600.0	1730
1100400.0	529
1.45698E7	5905
8802600.0	4488
1.1424E7	4853
4035600.0	1981
5449800.0	2827
2593800.0	1233
1.19484E7	4986
8333400.0	4267
550200.0	70
9327000.0	4534
8071200.0	4208
5187600.0	2717
1.24728E7	5196
1.50942E7	6085
1690200.0	821
1.3521E7	5600
2856000.0	1335
1.61424E7	6476
1.03752E7	4587
6236400.0	3247
1.40454E7	5772
5712000.0	2933
1.08996E7	4726
5974200.0	3025
1.66668E7	6624
3118200.0	1438
2987400.0	1353
6237000.0	3247
1.0377E7	4588
1.35228E7	5600
1.61442E7	6476
1.29984E7	5422
5974800.0	3025
1.40472E7	5772
1.09014E7	4733
1.66686E7	6624
1362600.0	699
1.50954E7	6085
1.19496E7	4986
7023600.0	3546
3249600.0	1541
9328200.0	4534
1952400.0	975
9852600.0	4539
1.2474E7	5196
3511800.0	1632
1.56198E7	6282
6761400.0	3523
6499200.0	3337
976200.0	522
8071800.0	4208
1.6668E7	6624
812400.0	482
5188200.0	2717
1.35222E7	5600
1.09008E7	4728
7809600.0	3992
2463000.0	1160
1.14252E7	4853
1.4571E7	5905
1624800.0	815
8803800.0	4488
1.40466E7	5772
3904800.0	1944
4926000.0	2557
7547400.0	3882
1.24734E7	5196
4167000.0	2022
5712600.0	2933
2725200.0	1312
9852000.0	4539
1.50948E7	6085
1.61436E7	6476
8334000.0	4267
406200.0	42
1.03764E7	4587
5450400.0	2829
1.29978E7	5422
1.56192E7	6282
1625400.0	815
1.1955E7	4986
170400.0	9
1.45764E7	5905
9333600.0	4534
4404600.0	2145
7026000.0	3546
1.24794E7	5196
1.56252E7	6282
340800.0	40
9858000.0	4539
1.51008E7	6085
3513000.0	1632
6763800.0	3527
1.66734E7	6624
7812600.0	3992
681600.0	379
4929000.0	2557
7550400.0	3887
2333400.0	1068
1.09062E7	4737
1.35276E7	5605
1.6149E7	6476
1363200.0	699
7288200.0	3726
3775200.0	1834
1.14306E7	4855
4666800.0	2252
8809200.0	4488
1.4052E7	5772
9333000.0	4534
2726400.0	1312
1.51002E7	6085
5977200.0	3034
4168200.0	2023
1887600.0	925
9857400.0	4539
1.24788E7	5196
1.30032E7	5422
5452800.0	2834
2988600.0	1353
5715000.0	2933
8336400.0	4267
943800.0	521
1.03818E7	4590
1.56246E7	6282
6501600.0	3339
1.40514E7	5772
1.09056E7	4737
1.143E7	4855
1.66728E7	6624
3250800.0	1541
8808600.0	4488
1.19544E7	4986
1.45758E7	5905
6239400.0	3255
1.40532E7	5772
6764400.0	3527
1.09074E7	4740
3120000.0	1442
1.14318E7	4855
1.66746E7	6624
1.45776E7	5905
8810400.0	4488
3382200.0	1600
6502200.0	3339
6240000.0	3255
1.19562E7	4986
7288800.0	3731
4405200.0	2145
1.56258E7	6282
1.30044E7	5422
9858600.0	4539
1.248E7	5196
7026600.0	3546
1.0383E7	4590
3644400.0	1735
2202600.0	1062
1.35288E7	5605
1.61502E7	6476
1297800.0	663
1.14312E7	4855
4037400.0	1981
5453400.0	2834
1822200.0	890
8337000.0	4267
1.4577E7	5905
195000.0	17
8809800.0	4488
2595600.0	1235
8074800.0	4208
1.19556E7	4986
9334200.0	4534
390000.0	41
1.51014E7	6085
5191200.0	2717
2857800.0	1335
1.61496E7	6476
5977800.0	3037
780000.0	442
1.03824E7	4590
1.30038E7	5422
5715600.0	2934
1.09068E7	4738
1.40526E7	5772
1.6674E7	6624
1560000.0	803
1.35282E7	5605
2332800.0	1068
1.66716E7	6624
3774600.0	1834
1.35258E7	5605
1.09044E7	4737
1.61472E7	6476
5190000.0	2717
7811400.0	3992
4665600.0	2252
1756200.0	877
7549200.0	3887
1.40502E7	5772
4927800.0	2557
8807400.0	4488
1.14288E7	4855
2595000.0	1235
9331200.0	4534
1.50984E7	6085
9855600.0	4539
5714400.0	2933
4036800.0	1981
1.2477E7	5196
8335800.0	4267
2857200.0	1335
5452200.0	2834
8073600.0	4208
1.038E7	4588
1.30014E7	5422
1.56228E7	6282
145800.0	9
1.40496E7	5772
6762600.0	3523
3250200.0	1541
1.14282E7	4855
1.6671E7	6624
1428600.0	774
1009200.0	522
291600.0	39
8806800.0	4488
6500400.0	3337
1.19526E7	4986
1.4574E7	5905
2018400.0	1012
583200.0	187
9855000.0	4539
3512400.0	1632
4403400.0	2144
1.30008E7	5422
1.56222E7	6282
7287000.0	3721
1166400.0	616
7024800.0	3546
1.03794E7	4588
1.35252E7	5605
1.09038E7	4737
1.61466E7	6476
504600.0	45
1.30026E7	5422
1.5624E7	6282
7549800.0	3887
9856800.0	4539
3643800.0	1735
4666200.0	2252
2202000.0	1062
1690800.0	821
1.03812E7	4589
1.3527E7	5605
7287600.0	3722
4404000.0	2145
1.61484E7	6476
845400.0	482
5190600.0	2717
3906000.0	1944
2464200.0	1160
1.14294E7	4855
1.45752E7	5905
8074200.0	4208
8808000.0	4488
7812000.0	3992
4928400.0	2557
1.50996E7	6085
9332400.0	4534
1.19538E7	4986
1.24782E7	5196
6238800.0	3255
1.03806E7	4588
1.61478E7	6476
1.3002E7	5422
5976600.0	3032
1.0905E7	4737
3119400.0	1441
1.40508E7	5772
1953000.0	975
1.66722E7	6624
1.35264E7	5605
1.19532E7	4986
1.5099E7	6085
42600.0	1
7025400.0	3546
6763200.0	3524
9331800.0	4534
1.45746E7	5905
1.56234E7	6282
1.24776E7	5196
85200.0	1
1101000.0	529
3381600.0	1600
6501000.0	3337
9856200.0	4539
550800.0	70
8338800.0	4267
1.14348E7	4856
1.45806E7	5905
8813400.0	4488
1.40562E7	5772
5455200.0	2834
3907200.0	1944
1101600.0	529
8076600.0	4211
1.5105E7	6085
1.19592E7	4986
4169400.0	2026
9337800.0	4534
5193000.0	2717
2727600.0	1312
7814400.0	3993
1.61532E7	6476
5979600.0	3053
1.0386E7	4590
1.30074E7	5422
1.56288E7	6282
275400.0	34
1691400.0	821
2989800.0	1353
5717400.0	2940
1.66776E7	6624
1.35318E7	5605
1.09104E7	4741
8812800.0	4488
3382800.0	1607
7027800.0	3546
244200.0	28
9337200.0	4534
1.19586E7	4986
1.458E7	5905
1.2483E7	5196
6765600.0	3532
488400.0	45
9861600.0	4539
1.51044E7	6085
2203200.0	1062
1.35312E7	5605
1.09098E7	4740
1363800.0	699
976800.0	522
1.61526E7	6476
4930800.0	2559
7552200.0	3891
3645000.0	1736
4406400.0	2146
109800.0	5
1.40556E7	5772
1953600.0	976
2465400.0	1160
1.14342E7	4855
1.6677E7	6624
4668600.0	2252
7290000.0	3731
4931400.0	2559
1.3533E7	5605
1.03872E7	4590
3776400.0	1834
2334600.0	1068
1.09116E7	4741
1.61544E7	6476
7815000.0	3993
7552800.0	3891
4669200.0	2252
1.1436E7	4856
1.40574E7	5772
1.66788E7	6624
2596800.0	1235
1.51056E7	6085
9338400.0	4534
1626000.0	815
5718000.0	2941
4038600.0	1981
1.24842E7	5196
8339400.0	4268
9862800.0	4539
5193600.0	2717
1.30086E7	5424
813000.0	482
2859000.0	1335
5455800.0	2834
8077200.0	4213
1.563E7	6282
649200.0	379
1.40568E7	5772
6766200.0	3535
1.0911E7	4741
6504000.0	3339
1.66782E7	6624
1.45812E7	5905
1298400.0	665
1.14354E7	4856
6241800.0	3256
8814000.0	4488
3252000.0	1541
1.19598E7	4986
7290600.0	3731
9862200.0	4539
1.24836E7	5196
3514200.0	1632
4407000.0	2146
1.56294E7	6282
324600.0	40
1888200.0	925
7028400.0	3546
1.03866E7	4590
1.35324E7	5605
1.61538E7	6476
1.3008E7	5422
6240600.0	3256
1.61514E7	6476
1.03842E7	4590
1.30056E7	5422
2989200.0	1353
2084400.0	1032
1.09086E7	4740
1.66758E7	6624
1.353E7	5605
5978400.0	3042
1042200.0	522
1232400.0	651
1.45782E7	5905
6765000.0	3532
3251400.0	1541
9335400.0	4534
1.19568E7	4986
1.24812E7	5196
616200.0	248
1.5627E7	6282
9859800.0	4539
6502800.0	3339
1.51026E7	6085
4929600.0	2557
1.0908E7	4740
7813200.0	3992
1.61508E7	6476
5191800.0	2717
1.35294E7	5605
2464800.0	1160
4667400.0	2252
3906600.0	1944
7551000.0	3887
8811000.0	4488
1.14324E7	4855
1.40538E7	5772
1.66752E7	6624
9334800.0	4534
2727000.0	1312
1.5102E7	6085
1.24806E7	5196
5716200.0	2934
8337600.0	4267
1.3005E7	5422
9859200.0	4539
5454000.0	2834
1.56264E7	6282
8075400.0	4209
1.03836E7	4590
1494600.0	801
4168800.0	2025
9336600.0	4534
5716800.0	2934
2019000.0	1013
5979000.0	3047
219600.0	28
1.24824E7	5196
1.51038E7	6085
1.30068E7	5422
9861000.0	4539
2858400.0	1335
5454600.0	2834
1.56282E7	6282
8338200.0	4267
439200.0	42
1.03854E7	4590
1.4055E7	5772
6503400.0	3339
1.09092E7	4740
1167000.0	616
1.66764E7	6624
878400.0	503
3120600.0	1444
1.45794E7	5905
8812200.0	4488
1.14336E7	4855
1.1958E7	4986
1756800.0	877
6241200.0	3256
7551600.0	3887
9860400.0	4539
1.24818E7	5196
1.30062E7	5422
1.56276E7	6282
4668000.0	2252
3513600.0	1632
3775800.0	1834
1.35306E7	5605
7289400.0	3731
1.6152E7	6476
1.03848E7	4590
2334000.0	1068
4405800.0	2145
7027200.0	3546
1.1433E7	4855
1429200.0	774
1.45788E7	5905
8076000.0	4211
5192400.0	2717
8811600.0	4488
1.40544E7	5772
1.51032E7	6085
4930200.0	2558
714600.0	403
1.19574E7	4986
4038000.0	1981
2596200.0	1235
7813800.0	3992
9336000.0	4534
1.09146E7	4742
3121800.0	1446
1.40604E7	5772
1.66818E7	6624
1.3536E7	5605
6505800.0	3339
6243600.0	3258
1.1439E7	4860
1.45848E7	5905
8817600.0	4488
1429800.0	774
1.5633E7	6282
1.24872E7	5200
7292400.0	3731
4408800.0	2147
3384000.0	1607
9865800.0	4539
2019600.0	1013
7030200.0	3546
1.03902E7	4593
1.61574E7	6476
3646200.0	1740
2204400.0	1062
6768000.0	3536
1.30116E7	5424
1009800.0	522
8340600.0	4268
1102200.0	529
846000.0	482
1.40598E7	5772
8817000.0	4488
1.14384E7	4860
5457000.0	2835
8078400.0	4214
2597400.0	1236
1.19628E7	4986
1.51086E7	6085
1692000.0	823
9341400.0	4534
1.45842E7	5905
4039200.0	1981
5194800.0	2720
7816200.0	3993
5981400.0	3058
2859600.0	1335
1.03896E7	4593
1.3011E7	5424
1.56324E7	6282
1.66812E7	6624
423000.0	42
1.35354E7	5605
5719200.0	2942
1.0914E7	4742
1.61568E7	6476
1.30128E7	5424
1364400.0	699
2991000.0	1353
6244200.0	3258
1.03914E7	4596
1.56342E7	6282
1.6683E7	6624
682200.0	379
5982000.0	3058
1.09158E7	4744
1.35372E7	5605
1.61586E7	6476
3253200.0	1541
8818200.0	4489
1954200.0	976
1.1964E7	4986
1.45854E7	5905
6768600.0	3536
6506400.0	3339
9342600.0	4534
1.51098E7	6085
9867000.0	4539
1.24884E7	5200
1.03908E7	4596
1.35366E7	5605
7816800.0	3993
4933200.0	2560
1.6158E7	6476
1626600.0	815
1.4061E7	5772
1.09152E7	4744
3908400.0	1946
2466600.0	1160
7554600.0	3891
4671000.0	2252
1.14396E7	4860
1.66824E7	6624
5457600.0	2836
1.51092E7	6085
9342000.0	4534
1.19634E7	4986
1.24878E7	5200
5719800.0	2944
8341200.0	4269
5195400.0	2720
2728800.0	1312
1.30122E7	5424
1.56336E7	6282
9866400.0	4539
8079000.0	4214
4170600.0	2030
1.56312E7	6282
7553400.0	3891
1.24854E7	5196
9864000.0	4539
4669800.0	2252
7291200.0	3731
2203800.0	1062
1.61556E7	6476
1.03884E7	4593
1.35342E7	5605
7029000.0	3546
1.30098E7	5424
3645600.0	1738
4407600.0	2147
3907800.0	1944
1.14366E7	4857
8077800.0	4214
5194200.0	2720
1.4058E7	5772
2466000.0	1160
8815200.0	4488
1560600.0	803
7815600.0	3993
1.51068E7	6085
1.1961E7	4986
4932000.0	2560
9339600.0	4534
1.45824E7	5905
1.6155E7	6476
1.03878E7	4593
1.56306E7	6282
1.30092E7	5424
6242400.0	3256
1.66794E7	6624
1233000.0	651
5980200.0	3054
1.09122E7	4742
1.35336E7	5605
3121200.0	1444
8814600.0	4488
1822800.0	890
1.19604E7	4986
6766800.0	3536
9339000.0	4534
1.45818E7	5905
911400.0	521
3383400.0	1607
6504600.0	3339
9863400.0	4539
1.24848E7	5196
1.51062E7	6085
7029600.0	3546
8816400.0	4488
747600.0	442
1.19622E7	4986
1.45836E7	5905
9340800.0	4534
3514800.0	1632
6767400.0	3536
1495200.0	803
1.5108E7	6085
9865200.0	4539
1.24866E7	5200
4670400.0	2252
1.0389E7	4593
1.35348E7	5605
7554000.0	3891
1.09134E7	4742
1.61562E7	6476
4932600.0	2560
2335200.0	1069
4408200.0	2147
1.40592E7	5772
373800.0	41
2085000.0	1032
3777000.0	1834
1.14378E7	4860
1.66806E7	6624
7291800.0	3731
2728200.0	1312
1167600.0	616
9340200.0	4534
1.51074E7	6085
1.19616E7	4986
4170000.0	2026
5718600.0	2941
1.2486E7	5200
5456400.0	2834
583800.0	187
9864600.0	4539
1.30104E7	5424
8340000.0	4268
1.56318E7	6282
1.09128E7	4742
1757400.0	877
6505200.0	3339
2990400.0	1353
1.40586E7	5772
1.668E7	6624
1.4583E7	5905
3252600.0	1541
5980800.0	3057
8815800.0	4488
1.14372E7	4859
6243000.0	3258
3778200.0	1834
4935000.0	2561
1.35402E7	5605
1.61616E7	6476
7818600.0	3993
1.03944E7	4603
2336400.0	1071
1758000.0	877
7556400.0	3892
1.40646E7	5772
1.09188E7	4747
4672800.0	2252
1.6686E7	6624
879000.0	503
1.51128E7	6085
1.1967E7	4986
4040400.0	1981
5459400.0	2836
2598600.0	1237
8343000.0	4269
9345600.0	4534
9870000.0	4539
8080800.0	4214
1.24914E7	5200
5197200.0	2720
1.30158E7	5424
1.56372E7	6282
1.09182E7	4745
1.66854E7	6624
1.35396E7	5605
6507600.0	3339
1.14426E7	4860
6245400.0	3260
1.45884E7	5905
2020200.0	1013
8821200.0	4489
1.4064E7	5772
3253800.0	1541
1.24908E7	5200
1.56366E7	6282
7294200.0	3731
9869400.0	4539
4410600.0	2152
7032000.0	3546
1.51122E7	6085
1.6161E7	6476
1168200.0	616
3516000.0	1632
1.03938E7	4603
6769800.0	3536
1.30152E7	5424
4411200.0	2152
1.24926E7	5200
1692600.0	823
178800.0	12
9871200.0	4539
1.5114E7	6085
4673400.0	2252
7294800.0	3732
2205600.0	1062
1.61628E7	6476
357600.0	40
1.03956E7	4604
7032600.0	3546
1.3017E7	5424
1.56384E7	6282
3647400.0	1746
8081400.0	4214
715200.0	407
5197800.0	2720
1.40652E7	5772
7819200.0	3993
2467800.0	1160
1.14438E7	4860
1.66866E7	6624
8822400.0	4489
1430400.0	774
3909600.0	1946
4935600.0	2562
7557000.0	3892
9346800.0	4534
1.19682E7	4986
1.45896E7	5906
1.30164E7	5424
9870600.0	4539
2860800.0	1335
1.56378E7	6282
6246000.0	3260
1.0395E7	4603
1954800.0	976
1.35408E7	5605
5721600.0	2950
5983800.0	3061
1.09194E7	4748
3123000.0	1446
977400.0	522
1.61622E7	6476
1102800.0	529
6770400.0	3536
1.4589E7	5906
8821800.0	4489
1.14432E7	4860
1.19676E7	4986
551400.0	70
3385200.0	1607
6508200.0	3339
9346200.0	4534
1.2492E7	5200
1.51134E7	6085
5720400.0	2947
1.19652E7	4986
9343800.0	4534
1.5111E7	6085
1299000.0	665
944400.0	521
2860200.0	1335
5458200.0	2836
1.56354E7	6282
8341800.0	4269
1.3014E7	5424
9868200.0	4539
1.24896E7	5200
1888800.0	925
1.09164E7	4744
1.40622E7	5772
1.66836E7	6624
6507000.0	3339
6244800.0	3259
1.35378E7	5605
1.14408E7	4860
5982600.0	3061
1.45866E7	5905
3122400.0	1446
8819400.0	4489
472200.0	45
1.2489E7	5200
1.56348E7	6282
1561200.0	803
9867600.0	4539
7293000.0	3731
1.51104E7	6085
4671600.0	2252
3515400.0	1632
1.61592E7	6476
780600.0	442
1.0392E7	4599
1.30134E7	5424
2335800.0	1070
4409400.0	2148
7030800.0	3546
8079600.0	4214
5196000.0	2720
3777600.0	1834
1.14402E7	4860
8818800.0	4489
1.40616E7	5772
1.19646E7	4986
4039800.0	1981
7817400.0	3993
89400.0	1
4933800.0	2560
1.4586E7	5905
2598000.0	1236
7555200.0	3891
9343200.0	4534
2467200.0	1160
5458800.0	2836
3909000.0	1946
8080200.0	4214
8820600.0	4489
1.1442E7	4860
1.40634E7	5772
1.66848E7	6624
4934400.0	2560
1823400.0	890
2729400.0	1312
1.45878E7	5905
7818000.0	3993
9345000.0	4534
5196600.0	2720
1.19664E7	4986
1.30146E7	5424
9868800.0	4539
1.5636E7	6282
1.03932E7	4603
5983200.0	3061
4171200.0	2031
1.09176E7	4745
1.61604E7	6476
2991600.0	1353
1.3539E7	5605
5721000.0	2949
8342400.0	4269
7031400.0	3546
154200.0	9
1.45872E7	5905
8820000.0	4489
3384600.0	1607
1.19658E7	4986
1495800.0	803
1042800.0	522
308400.0	40
9344400.0	4534
6769200.0	3536
1.51116E7	6085
1.24902E7	5200
2085600.0	1032
1.03926E7	4603
616800.0	248
3646800.0	1745
4672200.0	2252
2205000.0	1062
1.35384E7	5605
1.61598E7	6476
7555800.0	3892
1.40628E7	5772
1233600.0	651
7293600.0	3731
4410000.0	2150
1.0917E7	4744
1.14414E7	4860
1.66842E7	6624
521400.0	45
9874200.0	4539
1.302E7	5424
5985600.0	3062
2086200.0	1032
6247800.0	3270
1.56414E7	6282
228000.0	28
1.03986E7	4604
1.35444E7	5605
2992800.0	1353
5723400.0	2951
456000.0	44
1.0923E7	4749
1.61658E7	6476
1.45926E7	5906
6772200.0	3536
3255000.0	1541
8825400.0	4489
1.14468E7	4861
1234200.0	651
912000.0	521
6510000.0	3339
9349800.0	4534
1.5117E7	6085
1.19712E7	4986
1.24956E7	5200
1824000.0	893
7820400.0	3993
1.61652E7	6476
1.0398E7	4604
1.35438E7	5605
1.30194E7	5424
4936800.0	2562
3648000.0	1748
1.09224E7	4749
3910200.0	1946
7558200.0	3892
1.40682E7	5772
1.66896E7	6624
2468400.0	1160
4674600.0	2252
7296000.0	3733
5461200.0	2838
1.51164E7	6085
1.19706E7	4986
1496400.0	803
8344800.0	4269
9349200.0	4534
1.4592E7	5906
2730600.0	1312
1.56408E7	6282
8082600.0	4214
1.2495E7	5200
5199000.0	2720
748200.0	442
4172400.0	2035
9873600.0	4539
1.19724E7	4986
584400.0	187
1.51182E7	6085
9351000.0	4534
1.45938E7	5906
5724000.0	2952
4041600.0	1981
1.56426E7	6282
1168800.0	616
8345400.0	4269
1.24968E7	5200
9875400.0	4539
2862000.0	1335
5461800.0	2838
8083200.0	4214
1.66908E7	6624
6248400.0	3270
1.3545E7	5605
1.09236E7	4750
1.61664E7	6476
5986200.0	3064
292200.0	39
1758600.0	877
3124200.0	1453
1.40694E7	5772
8826600.0	4489
1.1448E7	4861
9350400.0	4534
3517200.0	1632
4413000.0	2154
1.51176E7	6085
9874800.0	4539
7296600.0	3734
252600.0	28
1.24962E7	5200
7034400.0	3547
505200.0	45
1.03992E7	4607
1.30206E7	5424
1.5642E7	6282
2337600.0	1073
1.40688E7	5772
3779400.0	1834
1.14474E7	4861
1.66902E7	6624
1431000.0	774
1010400.0	522
5199600.0	2720
7821000.0	3993
4675200.0	2252
8826000.0	4489
7558800.0	3892
4937400.0	2562
1.19718E7	4986
1.45932E7	5906
2020800.0	1014
2599800.0	1239
1.45908E7	5906
1.1445E7	4860
7033200.0	3546
8823600.0	4489
3254400.0	1541
1.19694E7	4986
1.51152E7	6085
9348000.0	4534
3516600.0	1632
6771000.0	3536
6508800.0	3339
1.24938E7	5200
7557600.0	3892
4674000.0	2252
1.03962E7	4604
1.3542E7	5605
1.61634E7	6476
1.30176E7	5424
7295400.0	3733
3778800.0	1834
2337000.0	1073
4411800.0	2152
1.40664E7	5772
1.09206E7	4748
1.66878E7	6624
1365000.0	699
1.51146E7	6085
1.19688E7	4986
4171800.0	2034
5722200.0	2951
1889400.0	925
203400.0	26
9347400.0	4534
2730000.0	1312
8343600.0	4269
9871800.0	4539
1.24932E7	5200
1.5639E7	6282
406800.0	42
5460000.0	2836
2992200.0	1353
1.66872E7	6624
6246600.0	3265
813600.0	482
1.35414E7	5605
1.092E7	4748
5984400.0	3061
1.14444E7	4860
1.45902E7	5906
1627200.0	815
8823000.0	4489
1.40658E7	5772
1.6689E7	6624
1.09218E7	4749
1.35432E7	5605
6509400.0	3339
3123600.0	1449
1.14462E7	4860
1.40676E7	5772
8824800.0	4489
6247200.0	3266
1299600.0	665
7033800.0	3546
4412400.0	2152
3385800.0	1607
9873000.0	4539
1.24944E7	5200
1.51158E7	6085
1.61646E7	6476
649800.0	379
1.03974E7	4604
2206200.0	1062
1.56402E7	6282
6771600.0	3536
1.30188E7	5424
5198400.0	2720
1.14456E7	4860
5460600.0	2838
8082000.0	4214
1.4067E7	5772
1.66884E7	6624
4936200.0	2562
8824200.0	4489
2599200.0	1239
4041000.0	1981
7819800.0	3993
1.197E7	4986
9348600.0	4534
1.45914E7	5906
9872400.0	4539
1.30182E7	5424
2861400.0	1335
57000.0	1
1.56396E7	6282
5985000.0	3062
1.35426E7	5605
1.03968E7	4604
5722800.0	2951
1.09212E7	4748
1.6164E7	6476
114000.0	5
8344200.0	4269
1561800.0	803
7298400.0	3735
9354000.0	4534
4414800.0	2155
781200.0	442
1.51212E7	6092
1.24998E7	5200
7036200.0	3548
1.30242E7	5424
9878400.0	4539
3649200.0	1750
2207400.0	1062
1562400.0	803
1.56456E7	6282
1.04028E7	4607
1.40724E7	5772
4939200.0	2562
1.09266E7	4750
7822800.0	3993
1.1451E7	4861
1.66938E7	6624
5201400.0	2720
2469600.0	1160
4677000.0	2252
1.45968E7	5906
8829600.0	4489
390600.0	41
3911400.0	1948
7560600.0	3893
1.19754E7	4986
2862600.0	1335
1234800.0	651
5987400.0	3064
1.5645E7	6282
1.30236E7	5424
9877800.0	4539
1.24992E7	5200
1.04022E7	4607
5725200.0	2955
617400.0	248
1.3548E7	5605
1.61694E7	6476
1.14504E7	4861
1824600.0	893
6774000.0	3537
1.45962E7	5906
3124800.0	1454
8829000.0	4489
1.19748E7	4986
3387000.0	1607
6511800.0	3340
9353400.0	4534
6249600.0	3270
1.51206E7	6090
1.14522E7	4861
1.4598E7	5906
8830800.0	4489
1.40736E7	5772
6774600.0	3537
3256200.0	1541
1.51224E7	6092
1.19766E7	4986
9355200.0	4534
6512400.0	3340
1497000.0	803
7561200.0	3893
1.61706E7	6476
4677600.0	2252
3518400.0	1632
1.04034E7	4608
1.30248E7	5424
2086800.0	1032
3780600.0	1834
1.09278E7	4750
1.6695E7	6624
7299000.0	3735
2338800.0	1073
4415400.0	2155
7036800.0	3548
1.35492E7	5605
1043400.0	522
2731800.0	1312
1.45974E7	5906
1169400.0	616
879600.0	503
9354600.0	4534
1.1976E7	4986
5725800.0	2955
8347200.0	4269
1.25004E7	5200
1.56462E7	6282
5463600.0	2842
9879000.0	4539
1759200.0	877
8085000.0	4214
1.51218E7	6092
4173600.0	2037
6250200.0	3270
1.09272E7	4750
1.617E7	6476
2994000.0	1353
1.35486E7	5605
439800.0	42
5988000.0	3064
8830200.0	4489
1.14516E7	4861
1.4073E7	5772
1.66944E7	6624
5200200.0	2720
1.40706E7	5772
1.09248E7	4750
3910800.0	1948
2469000.0	1160
8083800.0	4214
1.14492E7	4861
1.6692E7	6624
8827800.0	4489
7821600.0	3993
4938000.0	2562
1103400.0	529
1.19736E7	4986
1.4595E7	5906
2731200.0	1312
1.30218E7	5424
1.56432E7	6282
9876000.0	4539
1693200.0	823
5986800.0	3064
4173000.0	2037
1.04004E7	4607
1.35462E7	5605
5462400.0	2841
1.61676E7	6476
846600.0	482
2993400.0	1353
5724600.0	2953
8346000.0	4269
682800.0	379
7035000.0	3547
1.14486E7	4861
1.45944E7	5906
8827200.0	4489
6772800.0	3536
1365600.0	699
1.51188E7	6085
9351600.0	4534
1.1973E7	4986
1.24974E7	5200
3386400.0	1607
6510600.0	3339
1.03998E7	4607
1.6167E7	6476
7559400.0	3893
3648600.0	1750
4675800.0	2252
2206800.0	1062
1.30212E7	5424
1.09242E7	4750
341400.0	40
1.407E7	5772
1955400.0	976
1.66914E7	6624
7297200.0	3735
4413600.0	2155
1.35456E7	5605
1.61688E7	6476
7822200.0	3993
4938600.0	2562
1.04016E7	4607
1.3023E7	5424
7560000.0	3893
2338200.0	1073
1.0926E7	4750
1.40718E7	5772
1.66932E7	6624
1.35474E7	5605
7297800.0	3735
3780000.0	1834
4676400.0	2252
1627800.0	815
1.19742E7	4986
4042200.0	1981
5463000.0	2842
8346600.0	4269
1.45956E7	5906
2600400.0	1239
9352800.0	4534
8084400.0	4214
1.24986E7	5200
1.56444E7	6282
9877200.0	4539
5200800.0	2720
1.512E7	6085
6511200.0	3339
1.66926E7	6624
1.09254E7	4750
1.35468E7	5605
1.61682E7	6476
3255600.0	1541
1300200.0	665
1.14498E7	4861
6249000.0	3270
8828400.0	4489
1.40712E7	5772
9352200.0	4534
1.51194E7	6085
1890000.0	925
9876600.0	4539
1.2498E7	5200
4414200.0	2155
7035600.0	3548
1.30224E7	5424
945000.0	521
3517800.0	1632
1.0401E7	4607
1.56438E7	6282
6773400.0	3536
8833800.0	4489
2601600.0	1239
5727600.0	2959
4043400.0	1981
1.19796E7	4986
8349000.0	4269
9358200.0	4534
1.4601E7	5906
5203200.0	2721
1890600.0	925
2863800.0	1335
5465400.0	2842
8086800.0	4214
9882600.0	4539
1.2504E7	5201
1.51254E7	6092
1.35522E7	5605
1.04064E7	4610
1.09308E7	4753
1.61736E7	6476
6252000.0	3273
1.14552E7	4861
5989800.0	3071
1.40766E7	5772
1.6698E7	6624
3126000.0	1455
7300200.0	3735
162600.0	9
1.51248E7	6092
9357600.0	4534
3519000.0	1632
4416600.0	2155
1.25034E7	5201
1563000.0	803
9882000.0	4539
325200.0	40
1.30278E7	5424
7038000.0	3548
1.56492E7	6284
4941000.0	2563
650400.0	379
3781200.0	1834
2339400.0	1073
1.4076E7	5772
1.09302E7	4753
1.66974E7	6624
7824600.0	3993
69000.0	1
1.46004E7	5906
1300800.0	665
7562400.0	3893
1.14546E7	4861
4678800.0	2252
8833200.0	4489
1.1979E7	4986
1.0932E7	4753
3912600.0	1951
8087400.0	4214
5203800.0	2721
1.40778E7	5772
1.66992E7	6624
2470800.0	1160
1825200.0	895
1.46022E7	5906
7825200.0	3993
8835000.0	4489
1.14564E7	4861
4941600.0	2575
912600.0	521
2733000.0	1312
1.56504E7	6284
1.25046E7	5201
4174800.0	2037
5728200.0	2959
9883200.0	4539
5466000.0	2845
1.61748E7	6476
1.04076E7	4610
1.35534E7	5605
8349600.0	4269
1.3029E7	5424
1.14558E7	4861
1.40772E7	5772
8834400.0	4489
6776400.0	3538
1.5126E7	6093
1.19802E7	4986
2087400.0	1032
9358800.0	4534
1.46016E7	5906
3388200.0	1607
6514200.0	3340
1.61742E7	6476
7563000.0	3893
1.0407E7	4610
4679400.0	2252
7300800.0	3735
2208600.0	1062
1.56498E7	6284
1.30284E7	5424
1.66986E7	6624
7038600.0	3548
1235400.0	651
3650400.0	1751
4417200.0	2155
1.09314E7	4753
1.35528E7	5605
1.35504E7	5605
6513000.0	3340
1431600.0	774
1.0929E7	4753
3125400.0	1455
1.61718E7	6476
715800.0	415
6250800.0	3270
1.40748E7	5772
1.14534E7	4861
1.66962E7	6624
3387600.0	1607
9355800.0	4534
2021400.0	1015
1.25016E7	5201
1.5123E7	6092
7037400.0	3548
6775200.0	3538
1.3026E7	5424
9880200.0	4539
1.56474E7	6282
1.04046E7	4610
1.40742E7	5772
8085600.0	4214
1.09284E7	4751
5202000.0	2720
1.66956E7	6624
1693800.0	823
1.45986E7	5906
4939800.0	2562
8831400.0	4489
1.14528E7	4861
4042800.0	1981
2601000.0	1239
7823400.0	3993
1.19772E7	4986
9879600.0	4539
5726400.0	2956
1.2501E7	5200
1.30254E7	5424
1.56468E7	6282
5988600.0	3065
1.35498E7	5605
2863200.0	1335
5464200.0	2842
1.61712E7	6476
1.0404E7	4610
8347800.0	4269
138000.0	9
5989200.0	3065
9881400.0	4539
1.25028E7	5201
1.56486E7	6282
1366200.0	699
978000.0	522
276000.0	34
2994600.0	1353
5727000.0	2959
1.04058E7	4610
1.35516E7	5605
1.6173E7	6476
1.30272E7	5424
1956000.0	976
552000.0	70
1.1454E7	4861
1.45998E7	5906
6775800.0	3538
6513600.0	3340
8832600.0	4489
1.40754E7	5772
1104000.0	529
1.51242E7	6092
1.19784E7	4986
6251400.0	3270
3256800.0	1541
9357000.0	4534
489000.0	45
2208000.0	1062
1.61724E7	6476
1628400.0	815
1.04052E7	4610
1.30266E7	5424
1.5648E7	6282
4940400.0	2563
7561800.0	3893
3649800.0	1751
4416000.0	2155
1.66968E7	6624
814200.0	482
1.3551E7	5605
1.09296E7	4753
2470200.0	1160
4678200.0	2252
7299600.0	3735
8832000.0	4489
8348400.0	4269
5464800.0	2842
3912000.0	1951
9356400.0	4534
1.19778E7	4986
1.45992E7	5906
8086200.0	4214
1.25022E7	5201
4174200.0	2037
5202600.0	2721
2732400.0	1312
7824000.0	3993
9880800.0	4539
1.51236E7	6092
3258000.0	1541
1.14594E7	4861
8838000.0	4489
1.40808E7	5772
6778200.0	3538
6516000.0	3340
1.19838E7	4986
1.46052E7	5906
9362400.0	4534
1.3032E7	5424
1366800.0	699
7302600.0	3735
4681200.0	2252
3520200.0	1632
1.04106E7	4610
1.56534E7	6289
1.67022E7	6624
683400.0	379
2340600.0	1073
4419000.0	2155
7040400.0	3549
1.0935E7	4753
1.35564E7	5605
1.61778E7	6477
8837400.0	4489
5467200.0	2848
1.19832E7	4986
5729400.0	2959
8350800.0	4269
1.46046E7	5906
9361800.0	4534
5205000.0	2722
2733600.0	1312
8088600.0	4215
1.5129E7	6095
4175400.0	2037
9886200.0	4539
1.25076E7	5201
1.041E7	4610
1.35558E7	5605
1.61772E7	6477
2995800.0	1353
6253800.0	3276
1629000.0	815
1.40802E7	5772
1.09344E7	4753
5991600.0	3081
1.14588E7	4861
1.67016E7	6624
1.04118E7	4610
1.35576E7	5605
6516600.0	3340
6254400.0	3278
1.6179E7	6477
236400.0	28
1.4082E7	5772
5992200.0	3083
1.09362E7	4753
3127200.0	1455
1.14606E7	4861
1.67034E7	6624
472800.0	45
7041000.0	3549
1.19844E7	4986
3389400.0	1607
9363000.0	4534
1.51302E7	6095
1301400.0	665
945600.0	521
1.56546E7	6289
6778800.0	3538
1.30332E7	5424
9887400.0	4539
1.25088E7	5201
1891200.0	925
8089200.0	4215
1.09356E7	4753
1.40814E7	5772
1.67028E7	6624
1.3557E7	5605
5205600.0	2722
3782400.0	1834
1.146E7	4861
4044600.0	1981
7827000.0	3993
23400.0	1
1.46058E7	5906
4943400.0	2581
8838600.0	4489
2602800.0	1241
7564800.0	3893
5730000.0	2959
1.25082E7	5201
1.5654E7	6289
46800.0	1
1563600.0	803
9886800.0	4539
1.51296E7	6095
2865000.0	1335
5467800.0	2849
1.61784E7	6477
8351400.0	4269
93600.0	1
781800.0	442
1.04112E7	4610
1.30326E7	5424
4680000.0	2252
1759800.0	877
187200.0	16
7563600.0	3893
4942200.0	2576
1.04088E7	4610
1.30302E7	5424
1.56516E7	6285
2340000.0	1073
1.67004E7	6624
4417800.0	2155
374400.0	41
3781800.0	1834
1.35546E7	5605
7301400.0	3735
1.09332E7	4753
1.6176E7	6476
8350200.0	4269
8835600.0	4489
748800.0	442
1.19814E7	4986
1.46028E7	5906
5466600.0	2847
8088000.0	4215
2602200.0	1239
9360000.0	4534
1497600.0	803
1.51272E7	6093
9884400.0	4539
4044000.0	1981
1.25058E7	5201
5204400.0	2722
7825800.0	3993
1.04082E7	4610
1.3554E7	5605
6514800.0	3340
2995200.0	1353
1.09326E7	4753
1.61754E7	6476
2022000.0	1015
1.40784E7	5772
3257400.0	1541
5990400.0	3073
1.1457E7	4861
6252600.0	3276
1.66998E7	6624
1011000.0	522
1170000.0	616
7039200.0	3549
9359400.0	4534
1.51266E7	6093
1.19808E7	4986
1.25052E7	5201
585000.0	187
9883800.0	4539
3519600.0	1632
6777000.0	3538
1.30296E7	5424
1.5651E7	6284
118200.0	7
1.51284E7	6095
7302000.0	3735
9361200.0	4534
1.19826E7	4986
4418400.0	2155
1.2507E7	5201
3388800.0	1607
7039800.0	3549
1.30314E7	5424
1.56528E7	6288
9885600.0	4539
3651000.0	1755
2209200.0	1062
6777600.0	3538
1.09338E7	4753
1.40796E7	5772
7826400.0	3993
4942800.0	2581
1.6701E7	6624
1.35552E7	5605
3913200.0	1952
2471400.0	1160
7564200.0	3893
1.14582E7	4861
4680600.0	2252
1.4604E7	5906
8836800.0	4489
1432200.0	774
5991000.0	3080
1.56522E7	6286
1.25064E7	5201
1956600.0	976
211800.0	28
9885000.0	4539
2864400.0	1335
1.04094E7	4610
1.61766E7	6477
423600.0	42
1.30308E7	5424
5728800.0	2959
3126600.0	1455
1104600.0	529
847200.0	482
1.4079E7	5772
6515400.0	3340
8836200.0	4489
1.14576E7	4861
1.1982E7	4986
6253200.0	3276
1.51278E7	6095
1694400.0	823
9360600.0	4534
1.46034E7	5906
1105200.0	529
8091000.0	4215
1.67064E7	6625
5207400.0	2722
1.35606E7	5605
1.09392E7	4753
7828800.0	3993
2472600.0	1160
552600.0	70
1.14636E7	4861
1.46094E7	5908
8842200.0	4489
1.4085E7	5772
3914400.0	1956
4945200.0	2584
7566600.0	3893
1.25118E7	5201
1695000.0	823
4176600.0	2040
5731800.0	2967
2734800.0	1312
9890400.0	4539
1.51332E7	6096
1.6182E7	6477
8353200.0	4269
1.04148E7	4610
5469600.0	2850
1.30362E7	5424
1.56576E7	6293
6780000.0	3538
1.40844E7	5772
1.1463E7	4861
1.67058E7	6625
8841600.0	4489
3390000.0	1607
6517800.0	3340
1367400.0	699
9366000.0	4534
1.19874E7	4986
1.46088E7	5908
4420800.0	2157
1.30356E7	5424
9889800.0	4539
1.5657E7	6293
1.04142E7	4610
1957200.0	976
4683000.0	2252
7304400.0	3735
2210400.0	1062
1.356E7	5605
1.09386E7	4753
7042200.0	3549
978600.0	522
1.61814E7	6477
3652200.0	1760
9891600.0	4539
1.30374E7	5424
7567200.0	3893
4683600.0	2252
814800.0	482
1.56588E7	6296
1.35618E7	5605
7305000.0	3735
1.0416E7	4610
3783600.0	1834
2341800.0	1079
4421400.0	2163
1629600.0	815
1.09404E7	4753
1.61832E7	6477
1.461E7	5908
5208000.0	2722
1.14642E7	4861
8842800.0	4489
1.19886E7	4986
5470200.0	2852
8091600.0	4215
4945800.0	2584
2604000.0	1241
1.51344E7	6096
9367200.0	4534
407400.0	42
4045800.0	1981
1.2513E7	5201
7829400.0	3993
2997000.0	1353
1302000.0	666
6256200.0	3280
1.04154E7	4610
1.35612E7	5605
1.61826E7	6477
1.30368E7	5424
5994000.0	3089
651000.0	379
1.40856E7	5772
1.09398E7	4753
1.6707E7	6625
1.51338E7	6096
1.1988E7	4986
1891800.0	925
7042800.0	3550
3259200.0	1541
9366600.0	4534
9891000.0	4539
1.25124E7	5201
3521400.0	1632
1.56582E7	6293
6780600.0	3538
6518400.0	3340
1.251E7	5201
618000.0	250
1.56558E7	6293
9888600.0	4539
1.51314E7	6095
5992800.0	3084
4176000.0	2040
1236000.0	651
1.61802E7	6477
1.0413E7	4610
1.30344E7	5424
2996400.0	1353
5730600.0	2960
8352000.0	4269
6517200.0	3340
8839800.0	4489
1.14612E7	4861
1.40826E7	5772
1.6704E7	6624
6255000.0	3279
309000.0	40
1825800.0	899
1.4607E7	5907
3258600.0	1541
9364200.0	4534
1.19856E7	4986
1.30338E7	5424
9888000.0	4539
3651600.0	1756
4681800.0	2252
2209800.0	1062
1.56552E7	6291
7565400.0	3893
1.04124E7	4610
261000.0	30
7303200.0	3735
4419600.0	2155
1.09368E7	4753
1.61796E7	6477
1.35582E7	5605
522000.0	45
2472000.0	1160
1.46064E7	5906
8839200.0	4489
5468400.0	2849
3913800.0	1954
1.1985E7	4986
8089800.0	4215
1498200.0	803
1044000.0	522
4944000.0	2581
9363600.0	4534
2734200.0	1312
7827600.0	3993
1.51308E7	6095
1.25094E7	5201
5206200.0	2722
2088000.0	1034
1.46082E7	5908
8841000.0	4489
1.14624E7	4861
4045200.0	1981
5469000.0	2850
2603400.0	1241
1.19868E7	4986
8352600.0	4269
9365400.0	4534
8090400.0	4215
5206800.0	2722
1170600.0	616
1.25112E7	5201
1.51326E7	6095
1.35594E7	5605
2865600.0	1335
1.61808E7	6477
1.04136E7	4610
1760400.0	877
6255600.0	3279
1.40838E7	5772
5731200.0	2966
1.0938E7	4753
5993400.0	3085
1.67052E7	6625
880200.0	503
3127800.0	1456
1.5132E7	6095
716400.0	424
7303800.0	3735
1.19862E7	4986
9364800.0	4534
4420200.0	2157
7041600.0	3549
9889200.0	4539
1432800.0	774
1.25106E7	5201
1.3035E7	5424
1.56564E7	6293
3520800.0	1632
6779400.0	3538
3783000.0	1834
1.09374E7	4753
4944600.0	2583
1.67046E7	6624
7828200.0	3993
2341200.0	1076
1.35588E7	5605
7566000.0	3893
1.14618E7	4861
358200.0	40
1.46076E7	5907
2022600.0	1015
4682400.0	2252
8840400.0	4489
1.40832E7	5772
146400.0	9
6258000.0	3282
1.0419E7	4610
1.61862E7	6477
1.30404E7	5424
1433400.0	774
1011600.0	522
5995800.0	3097
292800.0	39
1.09434E7	4753
3129000.0	1457
1.40892E7	5772
1.67106E7	6625
1.35648E7	5605
2023200.0	1015
1.19916E7	4986
585600.0	187
1.51374E7	6104
7044600.0	3550
6782400.0	3538
9370200.0	4534
1.4613E7	5910
1.56618E7	6299
1171200.0	616
1.2516E7	5201
3391200.0	1608
6520200.0	3341
9894600.0	4539
505800.0	45
2342400.0	1081
1.671E7	6625
3784200.0	1834
1695600.0	823
1.35642E7	5605
1.09428E7	4753
1.61856E7	6477
5209200.0	2722
7830600.0	3993
4684800.0	2253
7568400.0	3893
847800.0	482
1.40886E7	5772
4947000.0	2585
8845800.0	4489
1.14672E7	4861
2604600.0	1241
9369600.0	4534
1.51368E7	6100
9894000.0	4539
5733600.0	2970
4046400.0	1981
1.25154E7	5201
8355000.0	4269
2866800.0	1335
5471400.0	2854
8092800.0	4215
1.04184E7	4610
1.30398E7	5424
1.56612E7	6299
9371400.0	4534
2736000.0	1312
1.51386E7	6105
5996400.0	3098
4177800.0	2040
9895800.0	4539
1.25172E7	5201
1.30416E7	5424
5472000.0	2854
1957800.0	976
2998200.0	1353
5734200.0	2970
8355600.0	4269
1.04202E7	4610
1.5663E7	6302
6520800.0	3341
1.40898E7	5772
1.0944E7	4753
1.14684E7	4861
1.67112E7	6625
3260400.0	1541
8847000.0	4489
1105800.0	529
1.19928E7	4986
1.46142E7	5912
6258600.0	3282
1630200.0	815
171000.0	9
1.3041E7	5424
1.56624E7	6301
7569000.0	3893
9895200.0	4539
3653400.0	1765
4685400.0	2253
2211600.0	1062
1.04196E7	4610
1.35654E7	5605
342000.0	40
7306800.0	3735
4423200.0	2165
1.61868E7	6477
5209800.0	2722
684000.0	379
3915600.0	1956
2473800.0	1160
1.14678E7	4861
1.46136E7	5910
8093400.0	4215
8846400.0	4489
1368000.0	699
7831200.0	3993
4947600.0	2585
1.5138E7	6104
9370800.0	4534
1.19922E7	4986
1.25166E7	5201
1.51356E7	6099
1.19898E7	4986
7043400.0	3550
9368400.0	4534
1.46112E7	5908
4422000.0	2164
3390600.0	1607
1.566E7	6297
1.25142E7	5201
9892800.0	4539
2211000.0	1062
6781200.0	3538
1564200.0	803
7830000.0	3993
1.67082E7	6625
4946400.0	2584
3652800.0	1763
1.0941E7	4753
1.35624E7	5605
3915000.0	1956
7567800.0	3893
1.14654E7	4861
1.40868E7	5772
2473200.0	1160
4684200.0	2253
7305600.0	3735
8844000.0	4489
2866200.0	1335
1236600.0	651
913200.0	521
5994600.0	3096
9892200.0	4539
1.25136E7	5201
1.5135E7	6099
1.61838E7	6477
1.04166E7	4610
5732400.0	2969
1826400.0	899
1.56594E7	6297
8353800.0	4269
1.3038E7	5424
1.14648E7	4861
1.40862E7	5772
1.67076E7	6625
6519000.0	3341
3128400.0	1457
8843400.0	4489
456600.0	44
1.19892E7	4986
9367800.0	4534
1.46106E7	5908
6256800.0	3280
1.4088E7	5772
6781800.0	3538
3259800.0	1541
1498800.0	803
1.14666E7	4861
1.67094E7	6625
8845200.0	4489
6519600.0	3341
749400.0	442
1.1991E7	4986
1.46124E7	5910
9893400.0	4539
3522000.0	1632
4422600.0	2164
1.30392E7	5424
2088600.0	1035
1.56606E7	6297
7306200.0	3735
7044000.0	3550
1.04178E7	4610
1.35636E7	5605
1.09422E7	4753
1.6185E7	6477
5470800.0	2854
1.46118E7	5908
8354400.0	4269
8844600.0	4489
1.1466E7	4861
2735400.0	1312
1761000.0	877
8092200.0	4215
9369000.0	4534
5208600.0	2722
1.51362E7	6100
1.19904E7	4986
4177200.0	2040
1.25148E7	5201
36600.0	1
1.61844E7	6477
1.04172E7	4610
5995200.0	3096
1.3563E7	5605
6257400.0	3281
1.30386E7	5424
1.09416E7	4753
73200.0	1
2997600.0	1353
5733000.0	2969
1.40874E7	5772
1.67088E7	6625
7570800.0	3893
9898800.0	4539
1.25202E7	5201
1.30446E7	5424
1.5666E7	6306
4687200.0	2253
3523200.0	1632
3785400.0	1834
1.3569E7	5605
7308600.0	3737
1.61904E7	6477
1.04232E7	4610
2343600.0	1083
4425000.0	2165
7046400.0	3550
1.14714E7	4861
1.46172E7	5918
8095200.0	4215
5211600.0	2722
8850000.0	4489
1.40928E7	5774
1.51416E7	6106
4949400.0	2591
1.19958E7	4986
4047600.0	1981
2605800.0	1246
7833000.0	3993
9374400.0	4534
1499400.0	803
6259800.0	3282
1.61898E7	6477
2023800.0	1016
220200.0	28
1.04226E7	4610
1.3044E7	5424
2998800.0	1353
1.0947E7	4753
1.67142E7	6625
440400.0	42
1.35684E7	5605
5997600.0	3098
1.46166E7	5917
1171800.0	616
880800.0	504
6784200.0	3538
3261000.0	1541
9373800.0	4534
1.19952E7	4986
1.25196E7	5201
1.56654E7	6304
97800.0	2
9898200.0	4539
1761600.0	877
6522000.0	3341
1.5141E7	6105
8851200.0	4489
3392400.0	1608
7047000.0	3550
9375600.0	4534
1.1997E7	4986
1.46184E7	5918
1.25214E7	5201
6784800.0	3538
9900000.0	4539
1.51428E7	6110
2212800.0	1062
1.35696E7	5605
1434000.0	774
1.09482E7	4753
1.6191E7	6477
4950000.0	2591
7571400.0	3893
3654600.0	1769
4425600.0	2165
717000.0	428
1.4094E7	5774
2475000.0	1160
1.14726E7	4861
1.67154E7	6625
4687800.0	2253
7309200.0	3738
553200.0	70
9375000.0	4534
5736000.0	2975
5998200.0	3098
1.25208E7	5201
1.51422E7	6108
1106400.0	529
1.30452E7	5424
9899400.0	4539
2868000.0	1335
5473800.0	2855
1.56666E7	6310
8357400.0	4269
1.04238E7	4610
1.40934E7	5774
6522600.0	3341
1.09476E7	4753
1.67148E7	6625
3130200.0	1457
276600.0	34
1696200.0	823
1.46178E7	5918
8850600.0	4489
1.1472E7	4861
1.19964E7	4986
6260400.0	3282
1.14696E7	4861
4047000.0	1981
5472600.0	2854
8356200.0	4269
1.46154E7	5914
8848200.0	4489
2605200.0	1242
1892400.0	925
8094000.0	4215
1.1994E7	4986
9372600.0	4534
1.51398E7	6105
5210400.0	2722
946200.0	521
2867400.0	1335
1.6188E7	6477
5997000.0	3098
1.04208E7	4610
1.30422E7	5424
5734800.0	2970
1.09452E7	4753
1.4091E7	5774
1.67124E7	6625
1.35666E7	5605
1.19934E7	4986
1.46148E7	5913
9372000.0	4534
4423800.0	2165
7045200.0	3550
1.25178E7	5201
1.56636E7	6302
9896400.0	4539
1.51392E7	6105
3522600.0	1632
6783000.0	3538
1.67118E7	6625
7831800.0	3993
4948200.0	2585
7569600.0	3893
2343000.0	1082
1.09446E7	4753
1.3566E7	5605
1.61874E7	6477
7307400.0	3737
1302600.0	666
3784800.0	1834
1.1469E7	4861
4686000.0	2253
8847600.0	4489
1.40904E7	5772
4948800.0	2585
1827000.0	899
195600.0	18
1.09464E7	4753
7832400.0	3993
1.61892E7	6477
5211000.0	2722
1.35678E7	5605
2474400.0	1160
4686600.0	2253
391200.0	41
3916200.0	1958
7570200.0	3893
8849400.0	4489
1.14708E7	4861
1.40922E7	5774
1.67136E7	6625
9373200.0	4534
782400.0	442
2736600.0	1312
1.51404E7	6105
1.2519E7	5201
5735400.0	2972
8356800.0	4269
1.30434E7	5424
9897600.0	4539
1564800.0	803
5473200.0	2854
1.56648E7	6303
8094600.0	4215
1.0422E7	4610
4178400.0	2040
1.40916E7	5774
6783600.0	3538
1.09458E7	4753
3129600.0	1457
1.14702E7	4861
1.6713E7	6625
2089200.0	1036
1.4616E7	5915
8848800.0	4489
3391800.0	1608
6521400.0	3341
6259200.0	3282
1.19946E7	4986
1044600.0	522
1237200.0	652
7308000.0	3737
4424400.0	2165
1.56642E7	6303
1.30428E7	5424
9897000.0	4539
1.25184E7	5201
7045800.0	3550
1.04214E7	4610
618600.0	250
3654000.0	1767
2212200.0	1062
1.35672E7	5605
1.61886E7	6477
2737800.0	1312
9378600.0	4534
1.51458E7	6115
1.2E7	4986
4179600.0	2040
5737800.0	2975
1.25244E7	5201
5475600.0	2856
9903000.0	4539
1.30488E7	5424
8359200.0	4269
1237800.0	655
1.56702E7	6310
1.09512E7	4753
6524400.0	3341
3000000.0	1353
1.4097E7	5776
1.67184E7	6625
1827600.0	900
1.46214E7	5929
3262200.0	1541
6000000.0	3098
8854200.0	4489
1.14756E7	4861
6262200.0	3283
913800.0	521
1.56696E7	6310
7572600.0	3893
1.25238E7	5201
750000.0	442
9902400.0	4539
4689000.0	2253
7310400.0	3740
2213400.0	1062
1.6194E7	6477
1.04268E7	4610
1500000.0	803
1.35726E7	5606
7048200.0	3550
1.30482E7	5424
3655200.0	1771
4426800.0	2167
3917400.0	1960
1.1475E7	4861
8097000.0	4215
5213400.0	2722
1.40964E7	5776
2475600.0	1160
8853600.0	4489
7834800.0	3993
1.51452E7	6112
1.19994E7	4986
375000.0	41
2089800.0	1036
4951200.0	2592
9378000.0	4534
1.46208E7	5929
1172400.0	616
8359800.0	4269
1.40982E7	5776
8855400.0	4489
1.14768E7	4861
5476200.0	2856
8097600.0	4215
2607000.0	1246
1.20012E7	4986
586200.0	187
1.5147E7	6116
9379800.0	4534
1.46226E7	5933
4048800.0	1981
5214000.0	2722
7835400.0	3993
6000600.0	3098
1762200.0	879
2869200.0	1335
1.0428E7	4610
1.30494E7	5424
1.56708E7	6310
1.67196E7	6625
1.35738E7	5606
5738400.0	2977
1.09524E7	4753
1.61952E7	6477
7048800.0	3550
8854800.0	4489
1.20006E7	4986
1.4622E7	5932
9379200.0	4534
3524400.0	1632
6786600.0	3538
1.51464E7	6116
9903600.0	4539
30600.0	1
1434600.0	774
1.2525E7	5201
4689600.0	2253
1.04274E7	4610
1.35732E7	5606
7573200.0	3894
1.09518E7	4753
1.61946E7	6477
4951800.0	2592
61200.0	1
2024400.0	1016
2344800.0	1085
4427400.0	2167
1.40976E7	5776
3786600.0	1834
1.14762E7	4861
1.6719E7	6625
122400.0	9
7311000.0	3742
1012200.0	522
1.40952E7	5776
6785400.0	3538
1.09494E7	4753
6523200.0	3341
1.67166E7	6625
244800.0	28
1.46196E7	5925
1.14738E7	4861
6261000.0	3283
8852400.0	4489
3261600.0	1541
1.19982E7	4986
489600.0	45
7309800.0	3740
9900600.0	4539
1.2522E7	5201
3523800.0	1632
4426200.0	2165
1.56678E7	6310
1368600.0	699
979200.0	522
7047600.0	3550
1.0425E7	4610
1.35708E7	5605
1.61922E7	6477
1.30464E7	5424
1958400.0	976
8358000.0	4269
1.14732E7	4861
1.4619E7	5922
8851800.0	4489
1.40946E7	5774
5474400.0	2855
3916800.0	1959
8095800.0	4215
1.51434E7	6110
1.19976E7	4986
4179000.0	2040
9376200.0	4534
5212200.0	2722
2737200.0	1312
7833600.0	3993
1.61916E7	6477
5998800.0	3098
1630800.0	815
1.04244E7	4610
1.30458E7	5424
1.56672E7	6310
2999400.0	1353
5736600.0	2975
1.6716E7	6625
815400.0	482
1.35702E7	5605
1.09488E7	4753
1.61934E7	6477
651600.0	379
1.04262E7	4610
1.5669E7	6310
1.30476E7	5424
6261600.0	3283
1.67178E7	6625
1303200.0	666
5999400.0	3098
1.09506E7	4753
1.3572E7	5606
3130800.0	1458
8853000.0	4489
1.19988E7	4986
6786000.0	3538
9377400.0	4534
1.46202E7	5928
325800.0	40
1893000.0	925
3393000.0	1608
6523800.0	3341
9901800.0	4539
1.25232E7	5201
1.51446E7	6112
4950600.0	2591
1.35714E7	5606
1.04256E7	4610
3786000.0	1834
2344200.0	1085
1.095E7	4753
1.61928E7	6477
7834200.0	3993
7572000.0	3893
4688400.0	2253
1.14744E7	4861
1.40958E7	5776
1.67172E7	6625
2606400.0	1246
1.5144E7	6111
9376800.0	4534
5737200.0	2975
4048200.0	1981
1.25226E7	5201
8358600.0	4269
1565400.0	803
9901200.0	4539
5212800.0	2722
1.3047E7	5424
2868600.0	1335
5475000.0	2855
8096400.0	4215
1.56684E7	6310
7050600.0	3550
1.46256E7	5936
8858400.0	4489
3394200.0	1608
1566000.0	803
1.20042E7	4986
9382800.0	4534
6788400.0	3538
783000.0	442
1.515E7	6118
1.25286E7	5201
1.0431E7	4610
3656400.0	1772
4691400.0	2253
2214600.0	1062
1.35768E7	5608
1.61982E7	6477
7575000.0	3894
1.41012E7	5778
7312800.0	3742
4429200.0	2168
1.09554E7	4753
1.14798E7	4861
1.67226E7	6625
5739600.0	2978
1.20036E7	4986
9382200.0	4534
1.51494E7	6118
2869800.0	1335
5477400.0	2856
1828200.0	900
1.56738E7	6313
8361000.0	4269
1.30524E7	5424
9906600.0	4539
1.2528E7	5201
1.09548E7	4753
1.41006E7	5778
1.6722E7	6625
6526200.0	3341
6264000.0	3283
1.35762E7	5608
1.14792E7	4861
6001800.0	3098
1.4625E7	5936
3132000.0	1460
8857800.0	4489
154800.0	9
1.09566E7	4753
1.67238E7	6625
1.3578E7	5608
6526800.0	3341
1500600.0	803
1045200.0	522
1.1481E7	4861
6264600.0	3283
309600.0	40
1.46268E7	5936
8859600.0	4489
1.41024E7	5778
3263400.0	1541
2090400.0	1036
1.25292E7	5201
619200.0	255
1.5675E7	6313
7313400.0	3742
9907800.0	4539
4429800.0	2169
7051200.0	3550
1.51506E7	6118
1238400.0	655
1.61994E7	6477
3525600.0	1635
1.04322E7	4610
6789000.0	3538
1.30536E7	5424
522600.0	45
2476800.0	1160
5478000.0	2856
3918600.0	1963
1762800.0	879
8099400.0	4215
8859000.0	4489
1.14804E7	4861
1.41018E7	5778
1.67232E7	6625
4953600.0	2593
2739000.0	1312
1.46262E7	5936
7837200.0	3993
881400.0	504
9383400.0	4534
5215800.0	2723
1.20048E7	4986
1.3053E7	5424
9907200.0	4539
1.56744E7	6313
1.04316E7	4610
6002400.0	3098
4180800.0	2040
1.0956E7	4753
1.61988E7	6477
3001200.0	1353
1.35774E7	5608
5740200.0	2978
8361600.0	4269
1.04292E7	4610
1.3575E7	5607
7836000.0	3993
4952400.0	2593
1107000.0	529
1.61964E7	6477
848400.0	482
1.40994E7	5776
1.09536E7	4753
3918000.0	1960
2476200.0	1160
7573800.0	3894
4690200.0	2253
1696800.0	823
1.1478E7	4861
1.67208E7	6625
5476800.0	2856
1.51476E7	6117
9380400.0	4534
1.20018E7	4986
1.25262E7	5201
5739000.0	2977
8360400.0	4269
5214600.0	2722
2738400.0	1312
1.30506E7	5424
1.5672E7	6311
9904800.0	4539
8098200.0	4215
424200.0	42
4180200.0	2040
1.0953E7	4753
3131400.0	1459
1369200.0	699
1.40988E7	5776
1.67202E7	6625
1.35744E7	5607
6525000.0	3341
6262800.0	3283
684600.0	379
1.14774E7	4861
1.46232E7	5935
8856000.0	4489
1.56714E7	6310
1.25256E7	5201
1959000.0	976
7311600.0	3742
4428000.0	2168
3393600.0	1608
9904200.0	4539
77400.0	1
7049400.0	3550
1.04286E7	4610
1.61958E7	6477
3655800.0	1772
2214000.0	1062
6787200.0	3538
1.305E7	5424
1.25274E7	5201
1.56732E7	6313
9906000.0	4539
7312200.0	3742
1.51488E7	6118
4690800.0	2253
3525000.0	1632
1631400.0	815
1.61976E7	6477
1.04304E7	4610
1.30518E7	5424
2345400.0	1085
4428600.0	2168
7050000.0	3550
8098800.0	4215
5215200.0	2722
3787200.0	1834
1.14786E7	4861
8857200.0	4489
1.41E7	5778
1.2003E7	4986
4049400.0	1981
7836600.0	3993
4953000.0	2593
1.46244E7	5936
2607600.0	1246
7574400.0	3894
9381600.0	4534
1.30512E7	5424
3000600.0	1353
1303800.0	666
946800.0	521
6263400.0	3283
1.04298E7	4610
1.56726E7	6311
1.67214E7	6625
6001200.0	3098
1893600.0	925
1.09542E7	4753
1.35756E7	5607
1.6197E7	6477
3262800.0	1541
8856600.0	4489
1.20024E7	4986
1.46238E7	5935
6787800.0	3538
6525600.0	3341
9381000.0	4534
1.51482E7	6117
473400.0	45
9905400.0	4539
1.25268E7	5201
5217600.0	2723
1894200.0	925
204000.0	26
1.1484E7	4861
5479800.0	2856
8101200.0	4215
1.41054E7	5783
1.67268E7	6625
4955400.0	2594
8862600.0	4489
2608800.0	1249
408000.0	42
4050600.0	1981
7839000.0	3993
1.20084E7	4986
9387000.0	4534
1.46298E7	5938
9910800.0	4539
1.30566E7	5424
816000.0	482
2871000.0	1335
1.5678E7	6313
6004200.0	3099
1.3581E7	5609
1.04352E7	4610
1632000.0	815
5742000.0	2978
1.09596E7	4753
1.62024E7	6477
8363400.0	4269
1.46292E7	5937
1.14834E7	4861
7052400.0	3550
8862000.0	4489
3264000.0	1541
1.20078E7	4986
1.51536E7	6123
9386400.0	4534
3526200.0	1636
6790200.0	3538
6528000.0	3341
1.25322E7	5201
1304400.0	666
7576800.0	3894
4693200.0	2254
1.04346E7	4610
1.35804E7	5609
1.62018E7	6477
1.3056E7	5424
7314600.0	3742
652200.0	379
3788400.0	1834
2346600.0	1091
4431000.0	2169
1.41048E7	5780
1.0959E7	4753
1.67262E7	6625
7839600.0	3993
1.62036E7	6477
1.04364E7	4610
1.35822E7	5616
1.30578E7	5424
4956000.0	2594
3657600.0	1772
1.09608E7	4753
3919800.0	1964
7577400.0	3894
1.41066E7	5788
1.6728E7	6625
2478000.0	1160
4693800.0	2254
7315200.0	3742
5480400.0	2857
1.51548E7	6123
1.2009E7	4986
8364000.0	4269
9387600.0	4534
1.46304E7	5938
2740200.0	1312
1.56792E7	6314
8101800.0	4215
1.25334E7	5201
5218200.0	2723
4182000.0	2040
9912000.0	4539
1566600.0	803
1.67274E7	6625
2091000.0	1036
228600.0	28
1.09602E7	4753
1.35816E7	5615
6528600.0	3341
3133200.0	1466
1.14846E7	4861
1.4106E7	5787
457200.0	44
8863200.0	4489
6266400.0	3284
7053000.0	3550
1239000.0	655
914400.0	521
4431600.0	2169
3395400.0	1610
9911400.0	4539
1.25328E7	5201
1.51542E7	6123
1.6203E7	6477
1.04358E7	4610
1828800.0	901
2215800.0	1062
1.56786E7	6314
6790800.0	3538
1.30572E7	5424
1.30548E7	5424
9909000.0	4539
2870400.0	1335
1.56762E7	6313
6265200.0	3283
1.04334E7	4610
1.35792E7	5609
5740800.0	2978
2025000.0	1016
6003000.0	3098
1.09578E7	4753
3132600.0	1460
1.62006E7	6477
6789600.0	3538
1.46274E7	5936
8860200.0	4489
1.14816E7	4861
1.2006E7	4986
3394800.0	1608
6527400.0	3341
9384600.0	4534
1173000.0	616
1.25304E7	5201
1.51518E7	6122
3787800.0	1834
1697400.0	823
4954200.0	2593
1.35786E7	5608
179400.0	13
1.62E7	6477
7837800.0	3993
1.04328E7	4610
2346000.0	1089
7575600.0	3894
1.4103E7	5778
358800.0	40
1.09572E7	4753
4692000.0	2253
1.67244E7	6625
1.51512E7	6118
717600.0	428
1.20054E7	4986
4050000.0	1981
5478600.0	2856
2608200.0	1246
8362200.0	4269
9384000.0	4534
9908400.0	4539
1435200.0	774
8100000.0	4215
1.25298E7	5201
5216400.0	2723
1.30542E7	5424
1.56756E7	6313
1.5153E7	6123
1.20072E7	4986
4181400.0	2040
5741400.0	2978
9385800.0	4534
2739600.0	1312
1959600.0	976
8362800.0	4269
9910200.0	4539
1.25316E7	5201
1.56774E7	6313
5479200.0	2856
979800.0	522
1107600.0	529
3001800.0	1353
1.67256E7	6625
6265800.0	3284
1.35798E7	5609
1.09584E7	4753
553800.0	70
6003600.0	3098
1.14828E7	4861
1.46286E7	5936
8861400.0	4489
1.41042E7	5780
4430400.0	2169
1.2531E7	5201
9909600.0	4539
1.51524E7	6122
4692600.0	2253
7314000.0	3742
2215200.0	1062
1.62012E7	6477
1.0434E7	4610
7051800.0	3550
1.30554E7	5424
1.56768E7	6313
3657000.0	1772
8100600.0	4215
51000.0	1
5217000.0	2723
1.41036E7	5780
7838400.0	3993
2477400.0	1160
1.14822E7	4861
1.6725E7	6625
8860800.0	4489
102000.0	2
1369800.0	699
3919200.0	1963
4954800.0	2593
7576200.0	3894
9385200.0	4534
1.20066E7	4986
1.4628E7	5936
6530400.0	3341
1.6731E7	6625
685200.0	379
1.09638E7	4753
1.35852E7	5620
1.62066E7	6477
3265200.0	1541
1370400.0	699
1.14882E7	4861
6268200.0	3284
8866800.0	4489
1.41096E7	5788
9390600.0	4534
1.51578E7	6124
9915000.0	4539
1.25364E7	5201
4433400.0	2169
7054800.0	3550
1.30608E7	5424
342600.0	40
1960200.0	976
3527400.0	1636
1.04394E7	4610
1.56822E7	6314
6792600.0	3538
5219400.0	2723
1.4109E7	5788
1.09632E7	4753
3920400.0	1964
2478600.0	1160
8103000.0	4215
1.14876E7	4861
1.67304E7	6625
8866200.0	4489
7840800.0	3993
4957200.0	2596
1.2012E7	4986
1.46334E7	5940
1632600.0	815
2740800.0	1312
1.30602E7	5424
1.56816E7	6314
9914400.0	4539
6006000.0	3099
4182600.0	2040
1.04388E7	4610
1.35846E7	5618
5481600.0	2857
1.6206E7	6477
3003000.0	1353
5743800.0	2978
8365200.0	4269
126600.0	9
2872200.0	1335
6006600.0	3100
1.56834E7	6314
1.3062E7	5424
9916200.0	4539
1.25376E7	5201
1.04406E7	4610
5744400.0	2978
1.35864E7	5622
1.62078E7	6477
1305000.0	666
1.14888E7	4861
6793200.0	3538
1.46346E7	5941
3134400.0	1471
8867400.0	4489
1894800.0	925
1.20132E7	4986
3396600.0	1610
6531000.0	3342
9391800.0	4534
6268800.0	3284
1.5159E7	6124
947400.0	521
1.62072E7	6477
7841400.0	3993
783600.0	442
4957800.0	2596
1.044E7	4610
1.30614E7	5424
7579200.0	3894
2347800.0	1091
1.09644E7	4753
1.41102E7	5790
1.67316E7	6625
1567200.0	803
1.35858E7	5621
7317000.0	3742
3789600.0	1834
4695600.0	2254
1.20126E7	4986
4051800.0	1981
5482200.0	2858
8365800.0	4269
1.4634E7	5940
2610000.0	1250
9391200.0	4534
8103600.0	4215
1.2537E7	5201
1.56828E7	6314
391800.0	41
9915600.0	4539
5220000.0	2723
1.51584E7	6124
9388800.0	4534
3526800.0	1636
4432200.0	2169
1.5156E7	6123
9913200.0	4539
7315800.0	3742
1.25346E7	5201
7053600.0	3550
1.04376E7	4610
1.3059E7	5424
1.56804E7	6314
2347200.0	1091
1.41072E7	5788
1501200.0	803
3789000.0	1834
1.14858E7	4861
1.67286E7	6625
5218800.0	2723
7840200.0	3993
4694400.0	2254
8864400.0	4489
750600.0	442
7578000.0	3894
4956600.0	2596
1.20102E7	4986
1.46316E7	5938
2609400.0	1250
586800.0	187
9912600.0	4539
1.30584E7	5424
6004800.0	3099
6267000.0	3284
1.56798E7	6314
1173600.0	616
1.0437E7	4610
1.35828E7	5618
3002400.0	1353
5742600.0	2978
1.09614E7	4753
1.62042E7	6477
1.4631E7	5938
6791400.0	3538
3264600.0	1541
8863800.0	4489
1.14852E7	4861
293400.0	39
1763400.0	879
6529200.0	3341
9388200.0	4534
1.51554E7	6123
1.20096E7	4986
1.2534E7	5201
7054200.0	3550
1.1487E7	4861
1.46328E7	5940
8865600.0	4489
6792000.0	3538
253200.0	28
1.51572E7	6123
9390000.0	4534
1.20114E7	4986
1.25358E7	5201
3396000.0	1610
6529800.0	3341
506400.0	45
1.04382E7	4610
1.62054E7	6477
7578600.0	3894
3658200.0	1772
4695000.0	2254
2216400.0	1062
1.30596E7	5424
1435800.0	774
1012800.0	522
1.09626E7	4753
1.41084E7	5788
1.67298E7	6625
7316400.0	3742
4432800.0	2169
1.3584E7	5618
2025600.0	1016
1.20108E7	4986
1.51566E7	6123
9389400.0	4534
1.46322E7	5938
5743200.0	2978
4051200.0	1981
1.5681E7	6314
8364600.0	4269
1.25352E7	5201
1108200.0	529
9913800.0	4539
2871600.0	1335
5481000.0	2857
8102400.0	4215
1.67292E7	6625
6267600.0	3284
1698000.0	823
1.35834E7	5618
1.0962E7	4753
1.62048E7	6477
6005400.0	3099
3133800.0	1468
849000.0	482
1.41078E7	5788
8865000.0	4489
1.14864E7	4861
2217600.0	1062
1.62108E7	6477
1.04436E7	4610
1.3065E7	5425
1.56864E7	6314
4959600.0	2597
7581000.0	3894
3659400.0	1774
4435200.0	2169
1698600.0	823
1.67352E7	6625
1.35894E7	5623
1.0968E7	4753
2479800.0	1160
4697400.0	2254
7318800.0	3742
8870400.0	4489
8367600.0	4269
5484000.0	2858
3921600.0	1964
9394800.0	4534
1.20162E7	4987
1.46376E7	5942
8105400.0	4215
1.25406E7	5201
4183800.0	2040
5221800.0	2723
2742000.0	1312
7843200.0	3993
9919200.0	4539
1.5162E7	6124
138600.0	9
1.35888E7	5623
6532200.0	3342
1.09674E7	4753
3135000.0	1475
1371000.0	699
980400.0	522
1.62102E7	6477
277200.0	34
6270000.0	3284
1.41132E7	5792
1960800.0	976
1.14918E7	4861
1.67346E7	6625
554400.0	70
3397200.0	1612
9394200.0	4534
1.254E7	5201
1.51614E7	6124
7056600.0	3550
1108800.0	529
6794400.0	3538
1.30644E7	5424
9918600.0	4539
1.56858E7	6314
1.0443E7	4610
490200.0	45
7319400.0	3742
1.51632E7	6130
9396000.0	4534
3528600.0	1637
4435800.0	2169
1633200.0	815
1.25418E7	5201
9920400.0	4539
1.30662E7	5425
7057200.0	3550
816600.0	482
1.56876E7	6315
4960200.0	2597
3790800.0	1834
2349000.0	1095
1.41144E7	5797
1.09686E7	4753
1.67358E7	6625
7843800.0	3993
1.46388E7	5942
7581600.0	3894
1.1493E7	4861
4698000.0	2254
8871600.0	4489
1.20174E7	4987
6008400.0	3101
9919800.0	4539
1.25412E7	5201
1.5687E7	6315
3004200.0	1353
5746200.0	2978
1895400.0	925
1.04442E7	4610
1.359E7	5623
1.62114E7	6477
1.30656E7	5425
1.14924E7	4861
1.46382E7	5942
6795000.0	3538
6532800.0	3342
8871000.0	4489
1.41138E7	5795
1.51626E7	6124
1.20168E7	4987
6270600.0	3286
3266400.0	1541
9395400.0	4534
1239600.0	656
2741400.0	1312
1.46358E7	5942
9393000.0	4534
1.20144E7	4986
5745000.0	2978
8366400.0	4269
1.25388E7	5201
619800.0	262
1.56846E7	6314
5482800.0	2858
9917400.0	4539
8104200.0	4215
1.51602E7	6124
4183200.0	2040
6269400.0	3284
1829400.0	901
1.09656E7	4753
1.62084E7	6477
3003600.0	1353
1.3587E7	5622
6007200.0	3100
8868600.0	4489
1.149E7	4861
1.41114E7	5790
1.67328E7	6625
7317600.0	3742
9392400.0	4534
4434000.0	2169
1.51596E7	6124
1.25382E7	5201
7055400.0	3550
1.30626E7	5424
9916800.0	4539
3658800.0	1772
2217000.0	1062
1.5684E7	6314
1.04412E7	4610
1501800.0	803
1.41108E7	5790
4958400.0	2597
1.0965E7	4753
7842000.0	3993
1.14894E7	4861
1.67322E7	6625
5220600.0	2723
2091600.0	1036
2479200.0	1160
4696200.0	2254
1.46352E7	5942
8868000.0	4489
3921000.0	1964
7579800.0	3894
1.20138E7	4986
1045800.0	522
1.41126E7	5791
8104800.0	4215
1.09668E7	4753
5221200.0	2723
1174200.0	616
1.6734E7	6625
882000.0	504
1.4637E7	5942
4959000.0	2597
8869800.0	4489
1.14912E7	4861
4052400.0	1981
2610600.0	1250
7842600.0	3993
1.20156E7	4986
1764000.0	879
9918000.0	4539
5745600.0	2978
1.25394E7	5201
1.30638E7	5424
1.56852E7	6314
6007800.0	3101
1.35882E7	5622
2872800.0	1335
5483400.0	2858
1.62096E7	6477
1.04424E7	4610
8367000.0	4269
441000.0	42
1.14906E7	4861
1436400.0	774
1.46364E7	5942
8869200.0	4489
1.4112E7	5791
6793800.0	3538
3265800.0	1541
1.51608E7	6124
718200.0	428
1.2015E7	4986
9393600.0	4534
6531600.0	3342
7580400.0	3894
1.6209E7	6477
2026200.0	1016
4696800.0	2254
3528000.0	1637
1.04418E7	4610
1.30632E7	5424
3790200.0	1834
1.09662E7	4753
1.67334E7	6625
7318200.0	3742
2348400.0	1093
4434600.0	2169
7056000.0	3550
1.35876E7	5622
6010200.0	3101
1.56906E7	6316
1.25448E7	5201
9923400.0	4539
2874000.0	1335
2026800.0	1016
1.04478E7	4610
1.6215E7	6477
1.30692E7	5426
5748000.0	2978
1013400.0	522
1174800.0	616
3136200.0	1479
1.41174E7	5797
6534600.0	3342
8874600.0	4489
1.1496E7	4861
1.20204E7	4989
587400.0	187
6272400.0	3286
1.51662E7	6131
9399000.0	4534
1.46418E7	5942
4699200.0	2254
7582800.0	3894
4961400.0	2598
1.04472E7	4610
1.30686E7	5426
1.569E7	6315
2349600.0	1095
1.67388E7	6625
4437000.0	2171
3791400.0	1834
1.3593E7	5626
7320600.0	3742
1.09716E7	4753
1.62144E7	6477
8369400.0	4269
8874000.0	4489
1.20198E7	4989
1.46412E7	5942
5485800.0	2858
8107200.0	4215
2611800.0	1250
9398400.0	4534
1.51656E7	6131
9922800.0	4539
1437000.0	774
4053600.0	1981
1.25442E7	5201
5223600.0	2723
7845000.0	3993
8875800.0	4489
5486400.0	2858
1961400.0	976
212400.0	28
1.20216E7	4991
5748600.0	2978
8370000.0	4269
1.4643E7	5942
9400200.0	4534
5224200.0	2723
2743200.0	1312
8107800.0	4215
424800.0	42
1.51674E7	6131
4185000.0	2040
9924600.0	4539
1.2546E7	5201
1.04484E7	4610
1.35942E7	5626
1109400.0	529
1.62156E7	6477
849600.0	482
3005400.0	1353
6273000.0	3286
1.41186E7	5797
1.09728E7	4753
1699200.0	823
6010800.0	3101
1.14972E7	4862
1.674E7	6625
10200.0	0
1.51668E7	6131
7321200.0	3742
9399600.0	4534
1.2021E7	4989
4437600.0	2171
1.25454E7	5201
3398400.0	1612
20400.0	0
7059000.0	3550
1.30698E7	5427
1.56912E7	6317
9924000.0	4539
3660600.0	1783
2218800.0	1062
6796800.0	3538
1.09722E7	4753
40800.0	1
1371600.0	699
1.4118E7	5797
7845600.0	3993
4962000.0	2598
1.67394E7	6625
1.35936E7	5626
81600.0	1
685800.0	379
3922800.0	1964
2481000.0	1160
7583400.0	3894
1.14966E7	4862
4699800.0	2254
1.46424E7	5942
8875200.0	4489
1.14942E7	4861
163200.0	9
1.41156E7	5797
8872800.0	4489
6795600.0	3538
1567800.0	803
1.51644E7	6131
326400.0	40
1.20186E7	4989
9397200.0	4534
1.464E7	5942
3397800.0	1612
6533400.0	3342
1.62126E7	6477
7582200.0	3894
652800.0	379
1.04454E7	4610
4698600.0	2254
7320000.0	3742
2218200.0	1062
1.56882E7	6315
1.30668E7	5425
1.6737E7	6625
1305600.0	666
7057800.0	3550
3660000.0	1775
4436400.0	2169
1.09698E7	4753
1.35912E7	5624
8872200.0	4489
2611200.0	1250
5746800.0	2978
4053000.0	1981
1830000.0	901
1.2018E7	4989
8368200.0	4269
9396600.0	4534
1.46394E7	5942
5222400.0	2723
2873400.0	1335
5484600.0	2858
8106000.0	4215
915000.0	521
9921000.0	4539
1.25424E7	5201
1.51638E7	6130
1.35906E7	5623
1.04448E7	4610
1.09692E7	4753
1.6212E7	6477
6271200.0	3286
106200.0	4
1.14936E7	4861
6009000.0	3101
1.4115E7	5797
1.67364E7	6625
3135600.0	1476
1.04466E7	4610
1.35924E7	5626
6534000.0	3342
3004800.0	1353
1.0971E7	4753
1.62138E7	6477
1.41168E7	5797
3267000.0	1541
6009600.0	3101
2092200.0	1036
1.14954E7	4861
6271800.0	3286
1.67382E7	6625
7058400.0	3550
9397800.0	4534
1.5165E7	6131
1.20192E7	4989
1.25436E7	5201
9922200.0	4539
3529200.0	1638
6796200.0	3538
1.3068E7	5426
1240200.0	656
1.56894E7	6315
1.09704E7	4753
3922200.0	1964
1764600.0	879
8106600.0	4215
5223000.0	2723
187800.0	16
1.41162E7	5797
1.67376E7	6625
2480400.0	1160
1.46406E7	5942
7844400.0	3993
375600.0	41
8873400.0	4489
1.14948E7	4861
4960800.0	2598
2742600.0	1312
1.56888E7	6315
1.2543E7	5201
751200.0	442
4184400.0	2040
5747400.0	2978
9921600.0	4539
5485200.0	2858
1.62132E7	6477
1.0446E7	4610
1502400.0	803
1.35918E7	5625
8368800.0	4269
1.30674E7	5426
1.51704E7	6131
7323000.0	3742
1.20246E7	4995
9403200.0	4534
4439400.0	2174
7060800.0	3550
261600.0	30
9927600.0	4539
1.2549E7	5201
1.30734E7	5428
1.56948E7	6317
3530400.0	1638
6798600.0	3538
523200.0	45
3792600.0	1834
1.09758E7	4755
4963800.0	2598
1.6743E7	6625
7847400.0	3993
2350800.0	1095
1.35972E7	5626
1503000.0	803
1046400.0	522
7585200.0	3894
1.15002E7	4862
1.4646E7	5943
4701600.0	2254
8878800.0	4489
1.41216E7	5797
2092800.0	1039
1.25484E7	5201
1.56942E7	6317
9927000.0	4539
1.51698E7	6131
6012000.0	3101
4185600.0	2040
1.62186E7	6477
1175400.0	616
1.04514E7	4610
1.30728E7	5428
3006000.0	1353
5749800.0	2978
8371200.0	4269
1765200.0	879
6536400.0	3343
8878200.0	4489
1.14996E7	4862
1.4121E7	5797
1.67424E7	6625
6274200.0	3286
1.46454E7	5943
882600.0	504
3268200.0	1541
9402600.0	4534
1.2024E7	4992
6799200.0	3538
718800.0	430
1.41228E7	5797
1.15014E7	4862
1.67442E7	6625
8880000.0	4489
3399600.0	1612
6537000.0	3343
1437600.0	774
9404400.0	4534
1.20258E7	4995
1.46472E7	5943
4440000.0	2174
1.3074E7	5428
9928200.0	4539
1.56954E7	6317
1.04526E7	4610
4702200.0	2254
7323600.0	3742
2220000.0	1062
1.35984E7	5626
359400.0	40
2027400.0	1019
1.0977E7	4755
7061400.0	3550
1.62198E7	6477
3661800.0	1790
1110000.0	529
1.46466E7	5943
8879400.0	4489
1.15008E7	4862
4054800.0	1981
5488200.0	2858
2613000.0	1254
1.20252E7	4995
8371800.0	4269
555000.0	73
9403800.0	4534
8109600.0	4215
5226000.0	2723
1.25496E7	5201
1.5171E7	6131
1699800.0	823
1.35978E7	5626
2875200.0	1335
1.62192E7	6477
1.0452E7	4610
6274800.0	3286
1.41222E7	5797
5750400.0	2978
1.09764E7	4755
6012600.0	3101
1.67436E7	6625
3137400.0	1486
8108400.0	4215
1.0974E7	4755
1.41198E7	5797
1.67412E7	6625
1.35954E7	5626
5224800.0	2723
3792000.0	1834
1.14984E7	4862
4054200.0	1981
7846200.0	3993
1.46442E7	5943
4962600.0	2598
8877000.0	4489
2612400.0	1253
7584000.0	3894
5749200.0	2978
1.25466E7	5201
1.56924E7	6317
9925200.0	4539
1.5168E7	6131
1633800.0	815
2874600.0	1335
5487000.0	2858
1.62168E7	6477
8370600.0	4269
1.04496E7	4610
1.3071E7	5428
3267600.0	1541
237000.0	28
1.14978E7	4862
8876400.0	4489
1.41192E7	5797
6797400.0	3538
6535200.0	3342
1.20222E7	4992
1.46436E7	5943
474000.0	45
9400800.0	4534
1.30704E7	5428
7321800.0	3742
1306200.0	667
948000.0	521
4700400.0	2254
3529800.0	1638
1.0449E7	4610
1.56918E7	6317
1.67406E7	6625
1896000.0	925
2350200.0	1095
4438200.0	2171
7059600.0	3550
1.09734E7	4753
1.35948E7	5626
1.62162E7	6477
1.30722E7	5428
9926400.0	4539
3661200.0	1790
4701000.0	2254
2219400.0	1062
1.56936E7	6317
7584600.0	3894
1.04508E7	4610
7322400.0	3742
4438800.0	2171
1.09752E7	4755
1.6218E7	6477
1.35966E7	5626
2481600.0	1160
1.46448E7	5943
8877600.0	4489
1568400.0	803
5487600.0	2858
3923400.0	1965
1.20234E7	4992
8109000.0	4215
4963200.0	2598
9402000.0	4534
784200.0	445
2743800.0	1312
7846800.0	3993
1.51692E7	6131
1.25478E7	5201
5225400.0	2723
1.04502E7	4610
620400.0	262
1.3596E7	5626
6535800.0	3342
6273600.0	3286
1.62174E7	6477
1.41204E7	5797
1240800.0	656
6011400.0	3101
1.09746E7	4755
3136800.0	1485
1.1499E7	4862
1.67418E7	6625
7060200.0	3550
1.20228E7	4992
3399000.0	1612
9401400.0	4534
1.51686E7	6131
65400.0	1
310200.0	40
1830600.0	901
1.5693E7	6317
6798000.0	3538
1.30716E7	5428
9925800.0	4539
1.25472E7	5201
130800.0	9
5490000.0	2858
1.46502E7	5943
8373600.0	4269
8883000.0	4489
1.15044E7	4870
1241400.0	656
915600.0	521
2745000.0	1312
8111400.0	4215
9407400.0	4534
5227800.0	2723
1.51746E7	6131
1.20288E7	4995
4186800.0	2040
1.25532E7	5204
1831200.0	906
1.62228E7	6477
1.04556E7	4610
6014400.0	3101
1.36014E7	5626
6276600.0	3287
1.3077E7	5428
1.098E7	4755
3007200.0	1353
5752200.0	2978
1.41258E7	5797
1.67472E7	6625
457800.0	44
1.5174E7	6131
1.20282E7	4995
1503600.0	803
7062600.0	3550
9406800.0	4534
1.46496E7	5943
4441200.0	2177
3400200.0	1612
1.56984E7	6317
1.25526E7	5203
751800.0	442
9931200.0	4539
2220600.0	1062
6800400.0	3538
7849200.0	3994
1.67466E7	6625
2093400.0	1039
4965600.0	2598
3662400.0	1791
1.09794E7	4755
1.36008E7	5626
3924600.0	1966
7587000.0	3894
1.15038E7	4870
1.41252E7	5797
2482800.0	1160
4703400.0	2254
7324800.0	3742
8882400.0	4489
2352000.0	1095
1.67484E7	6625
3793800.0	1837
1.36026E7	5626
1.09812E7	4755
1.6224E7	6477
5228400.0	2723
7849800.0	3994
4704000.0	2254
1765800.0	879
7587600.0	3894
1.4127E7	5797
4966200.0	2599
8884200.0	4489
1.15056E7	4871
2614200.0	1255
9408000.0	4534
1.51752E7	6131
9932400.0	4539
5752800.0	2978
4056000.0	1981
1.25538E7	5204
8374200.0	4269
2876400.0	1335
5490600.0	2858
8112000.0	4215
1.04568E7	4610
1.30782E7	5428
1.56996E7	6317
147000.0	9
1.41264E7	5797
6801000.0	3538
3269400.0	1541
1.1505E7	4871
1.67478E7	6625
1438200.0	774
1014000.0	522
294000.0	39
8883600.0	4489
6538800.0	3343
1.20294E7	4995
1.46508E7	5943
2028000.0	1019
588000.0	187
9931800.0	4539
3531600.0	1638
4441800.0	2177
1.30776E7	5428
1.5699E7	6317
7325400.0	3742
1176000.0	616
7063200.0	3550
1.04562E7	4610
1.3602E7	5626
1.09806E7	4755
1.62234E7	6477
507000.0	45
3006600.0	1353
6275400.0	3286
1.04538E7	4610
1.35996E7	5626
1.6221E7	6477
1.30752E7	5428
6013200.0	3101
1.4124E7	5797
1.09782E7	4755
1.67454E7	6625
1372200.0	699
1.51722E7	6131
1.20264E7	4995
7062000.0	3550
3268800.0	1541
9405000.0	4534
1962000.0	976
9929400.0	4539
1.25508E7	5203
3531000.0	1638
1.56966E7	6317
6799800.0	3538
6537600.0	3343
981000.0	522
8110200.0	4215
1.67448E7	6625
817200.0	482
5226600.0	2723
1.3599E7	5626
1.09776E7	4755
7848000.0	3993
2482200.0	1160
1.1502E7	4866
1.46478E7	5943
1634400.0	815
8880600.0	4489
1.41234E7	5797
3924000.0	1966
4964400.0	2598
7585800.0	3894
1.25502E7	5202
4186200.0	2040
5751000.0	2978
2744400.0	1312
9928800.0	4539
1.51716E7	6131
1.62204E7	6477
8372400.0	4269
408600.0	42
1.04532E7	4610
5488800.0	2858
1.30746E7	5428
1.5696E7	6317
1306800.0	667
2875800.0	1335
6013800.0	3101
9930600.0	4539
1.2552E7	5203
1.51734E7	6131
1.62222E7	6477
653400.0	379
1.0455E7	4610
5751600.0	2978
1.56978E7	6317
8373000.0	4269
1.30764E7	5428
1896600.0	925
1.15032E7	4869
1.41246E7	5797
1.6746E7	6625
6538200.0	3343
3138000.0	1487
8881800.0	4489
1.20276E7	4995
9406200.0	4534
1.4649E7	5943
6276000.0	3286
9930000.0	4539
1.30758E7	5428
7586400.0	3894
4702800.0	2254
1.56972E7	6317
1.36002E7	5626
7324200.0	3742
1.04544E7	4610
3793200.0	1834
2351400.0	1095
4440600.0	2175
1.09788E7	4755
1.62216E7	6477
1569000.0	804
1.46484E7	5943
5227200.0	2723
1.15026E7	4868
8881200.0	4489
1.2027E7	4995
5489400.0	2858
8110800.0	4215
4965000.0	2598
2613600.0	1255
1.51728E7	6131
9405600.0	4534
4055400.0	1981
1.25514E7	5203
7848600.0	3993
1.413E7	5797
6802800.0	3538
1.09842E7	4760
3139200.0	1488
1.15086E7	4874
1.67514E7	6625
1.46544E7	5944
8887200.0	4489
3401400.0	1612
6540600.0	3343
6278400.0	3287
1.2033E7	4998
7327200.0	3742
4443600.0	2177
1.57026E7	6317
1.30812E7	5428
9935400.0	4539
1.25568E7	5204
7065000.0	3550
1.04598E7	4610
3663600.0	1800
2221800.0	1062
1.36056E7	5626
1.6227E7	6477
1307400.0	667
1.1508E7	4872
4056600.0	1981
5491800.0	2858
1831800.0	908
8375400.0	4269
1.46538E7	5944
196200.0	18
8886600.0	4489
2614800.0	1255
8113200.0	4215
1.20324E7	4996
9411000.0	4534
392400.0	41
1.51782E7	6131
5229600.0	2723
2877000.0	1335
1.62264E7	6477
6016200.0	3101
784800.0	445
1.04592E7	4610
1.30806E7	5428
5754000.0	2978
1.09836E7	4760
85800.0	1
1.41294E7	5797
1.67508E7	6625
1569600.0	804
1.3605E7	5626
6279000.0	3287
1.62282E7	6477
1.0461E7	4610
1.30824E7	5428
3008400.0	1353
2094000.0	1039
1.09854E7	4761
1.67526E7	6625
1.36068E7	5626
6016800.0	3101
1047000.0	522
1242000.0	656
1.4655E7	5944
6803400.0	3538
3270600.0	1541
9412200.0	4534
1.20336E7	4999
1.2558E7	5204
621000.0	262
1.57038E7	6317
9936600.0	4539
6541200.0	3343
1.51794E7	6131
4968000.0	2599
1.09848E7	4761
7851600.0	3994
1.62276E7	6477
5230200.0	2723
1.36062E7	5626
2484000.0	1160
4705800.0	2255
3925800.0	1966
7589400.0	3894
8887800.0	4489
1.15092E7	4875
1.41306E7	5799
1.6752E7	6625
9411600.0	4534
2746200.0	1312
1.51788E7	6131
1.25574E7	5204
5754600.0	2978
8376000.0	4269
1.30818E7	5428
9936000.0	4539
5492400.0	2858
1.57032E7	6317
8113800.0	4215
1.04604E7	4610
1504200.0	803
4188000.0	2040
1.30794E7	5428
1.57008E7	6317
7588200.0	3894
9933600.0	4539
3663000.0	1796
4704600.0	2254
2221200.0	1062
1700400.0	823
1.0458E7	4610
1.36038E7	5626
7326000.0	3742
4442400.0	2177
1.62252E7	6477
850200.0	482
5229000.0	2723
3925200.0	1966
2483400.0	1160
1.15062E7	4871
1.4652E7	5944
8112600.0	4215
8884800.0	4489
7850400.0	3994
4966800.0	2599
1.51764E7	6131
9409200.0	4534
1.20306E7	4995
1.2555E7	5204
6277200.0	3287
1.04574E7	4610
1.62246E7	6477
1.30788E7	5428
6015000.0	3101
1.09818E7	4756
3138600.0	1488
1.41276E7	5797
1962600.0	976
1.6749E7	6625
1.36032E7	5626
1.203E7	4995
1.51758E7	6131
7063800.0	3550
6801600.0	3538
9408600.0	4534
1.46514E7	5943
1.57002E7	6317
1.25544E7	5204
1110600.0	529
3400800.0	1612
6539400.0	3343
9933000.0	4539
1635000.0	815
1.20318E7	4995
171600.0	9
1.46532E7	5944
9410400.0	4534
4443000.0	2177
7064400.0	3550
1.25562E7	5204
1.5702E7	6317
343200.0	40
9934800.0	4539
1.51776E7	6131
3532200.0	1638
6802200.0	3538
1.67502E7	6625
7851000.0	3994
686400.0	379
4967400.0	2599
7588800.0	3894
2352600.0	1095
1.0983E7	4760
1.36044E7	5626
1.62258E7	6477
1372800.0	699
7326600.0	3742
3794400.0	1840
1.15074E7	4871
4705200.0	2255
8886000.0	4489
1.41288E7	5797
9409800.0	4534
2745600.0	1312
1.5177E7	6131
6015600.0	3101
4187400.0	2040
1897200.0	925
9934200.0	4539
1.25556E7	5204
1.308E7	5428
5491200.0	2858
3007800.0	1353
5753400.0	2978
8374800.0	4269
948600.0	521
1.04586E7	4610
1.57014E7	6317
6540000.0	3343
1.41282E7	5797
1.09824E7	4756
1.15068E7	4871
1.67496E7	6625
3270000.0	1541
8885400.0	4489
1.20312E7	4995
1.46526E7	5944
6277800.0	3287
4969800.0	2601
1.36098E7	5626
1.0464E7	4614
3795600.0	1842
2353800.0	1097
1.09884E7	4761
1.62312E7	6477
7853400.0	3994
7591200.0	3894
4707600.0	2255
1.15128E7	4883
1.41342E7	5799
1.67556E7	6625
2616000.0	1258
1.51824E7	6131
9415200.0	4534
1635600.0	815
5756400.0	2978
4057800.0	1981
1.2561E7	5204
8377800.0	4270
9939600.0	4539
5232000.0	2723
1.30854E7	5428
817800.0	482
2878200.0	1335
5494200.0	2858
8115600.0	4215
1.57068E7	6317
654000.0	379
1.41336E7	5799
6804600.0	3538
1.09878E7	4761
6542400.0	3343
1.6755E7	6625
1.4658E7	5944
1308000.0	667
1.15122E7	4882
6280200.0	3287
8890800.0	4489
3271200.0	1541
1.20366E7	5002
7329000.0	3742
9939000.0	4539
1.25604E7	5204
3533400.0	1638
4445400.0	2178
1.57062E7	6317
327000.0	40
1897800.0	925
7066800.0	3550
1.04634E7	4612
1.36092E7	5626
1.62306E7	6477
1.30848E7	5428
1.5708E7	6317
7591800.0	3894
1.25622E7	5204
9940800.0	4539
4708200.0	2255
7329600.0	3742
2223000.0	1062
1.62324E7	6477
1.04652E7	4614
1.3611E7	5628
7067400.0	3550
1.30866E7	5428
3664800.0	1801
4446000.0	2178
3927000.0	1966
1.15134E7	4883
8116200.0	4215
5232600.0	2723
1.41348E7	5799
2485200.0	1160
8892000.0	4489
1570200.0	804
7854000.0	3994
1.51836E7	6131
1.20378E7	5006
4970400.0	2601
9416400.0	4534
1.46592E7	5944
1.62318E7	6477
1.04646E7	4614
13800.0	0
1.57074E7	6317
1.3086E7	5428
6280800.0	3287
1.67562E7	6625
27600.0	1
1242600.0	658
6018600.0	3101
1.0989E7	4761
1.36104E7	5628
3140400.0	1488
8891400.0	4489
55200.0	1
1832400.0	909
1.20372E7	5002
6805200.0	3538
9415800.0	4534
1.46586E7	5944
110400.0	5
916200.0	521
3402600.0	1613
6543000.0	3343
9940200.0	4539
1.25616E7	5204
1.5183E7	6131
9413400.0	4534
5755200.0	2978
2028600.0	1020
6017400.0	3101
220800.0	28
1.25592E7	5204
1.51806E7	6131
1.30836E7	5428
9937800.0	4539
2877600.0	1335
5493000.0	2858
1.5705E7	6317
8376600.0	4270
441600.0	42
1.04622E7	4611
1.41318E7	5799
6541800.0	3343
1.0986E7	4761
1176600.0	616
1.67532E7	6625
883200.0	504
3139800.0	1488
1.46562E7	5944
8889000.0	4489
1.15104E7	4880
1.20348E7	5001
1766400.0	879
6279600.0	3287
7590000.0	3894
9937200.0	4539
1.25586E7	5204
1.3083E7	5428
1.57044E7	6317
4706400.0	2255
3532800.0	1638
3795000.0	1840
1.36074E7	5626
7327800.0	3742
1.62288E7	6477
1.04616E7	4610
2353200.0	1097
4444200.0	2177
7065600.0	3550
1.15098E7	4880
1438800.0	774
1.46556E7	5944
8114400.0	4215
5230800.0	2723
8888400.0	4489
1.41312E7	5799
1.518E7	6131
4968600.0	2599
719400.0	430
1.20342E7	5000
4057200.0	1981
2615400.0	1256
7852200.0	3994
9412800.0	4534
555600.0	73
8377200.0	4270
1.15116E7	4882
1.46574E7	5944
8890200.0	4489
1.4133E7	5799
5493600.0	2858
3926400.0	1966
1111200.0	529
8115000.0	4215
1.51818E7	6131
1.2036E7	5002
4188600.0	2040
9414600.0	4534
5231400.0	2723
2746800.0	1312
7852800.0	3994
1.623E7	6477
6018000.0	3101
1.04628E7	4611
1.30842E7	5428
1.57056E7	6317
277800.0	34
1701000.0	823
3009000.0	1353
5755800.0	2978
1.67544E7	6625
1.36086E7	5626
1.09872E7	4761
8889600.0	4489
3402000.0	1613
7066200.0	3550
245400.0	28
9414000.0	4534
1.20354E7	5002
1.46568E7	5944
1.25598E7	5204
6804000.0	3538
490800.0	45
9938400.0	4539
1.51812E7	6131
2222400.0	1062
1.3608E7	5626
1.09866E7	4761
1373400.0	699
981600.0	522
1.62294E7	6477
4969200.0	2600
7590600.0	3894
3664200.0	1800
4444800.0	2178
1.41324E7	5799
1963200.0	976
2484600.0	1160
1.1511E7	4881
1.67538E7	6625
4707000.0	2255
7328400.0	3742
1.30896E7	5428
1374000.0	699
3010200.0	1353
6282600.0	3287
1.04682E7	4616
1.5711E7	6317
1.67598E7	6625
687000.0	379
6020400.0	3101
1.09926E7	4761
1.3614E7	5628
1.62354E7	6477
3272400.0	1541
8895000.0	4489
1963800.0	976
1.20408E7	5009
1.46622E7	5944
6807000.0	3538
6544800.0	3343
9419400.0	4534
1.51866E7	6131
9943800.0	4539
1.25652E7	5204
1.04676E7	4615
1.36134E7	5628
7855200.0	3995
4971600.0	2601
1.62348E7	6477
1636200.0	815
1.41378E7	5799
1.0992E7	4761
3927600.0	1966
2485800.0	1160
7593000.0	3894
4709400.0	2255
1.15164E7	4887
1.67592E7	6625
5496000.0	2858
1.5186E7	6131
9418800.0	4534
1.20402E7	5008
1.25646E7	5204
5758200.0	2978
8379600.0	4270
5233800.0	2723
2748000.0	1312
1.3089E7	5428
1.57104E7	6317
9943200.0	4539
8117400.0	4215
4189800.0	2040
5758800.0	2978
1.2042E7	5009
9420600.0	4534
1.51878E7	6131
1308600.0	669
949200.0	521
2879400.0	1335
5496600.0	2858
1.57122E7	6317
8380200.0	4270
1.30908E7	5428
9945000.0	4539
1.25664E7	5204
1898400.0	925
1.09932E7	4761
1.4139E7	5799
1.67604E7	6625
6545400.0	3343
6283200.0	3287
1.36146E7	5628
1.15176E7	4887
6021000.0	3101
1.46634E7	5944
3141600.0	1489
8896200.0	4489
474600.0	45
1.25658E7	5204
1.57116E7	6317
1570800.0	804
9944400.0	4539
7331400.0	3742
1.51872E7	6131
4710000.0	2255
3534600.0	1638
1.6236E7	6477
785400.0	447
1.04688E7	4616
1.30902E7	5428
2355000.0	1101
4447800.0	2178
7069200.0	3550
8118000.0	4215
5234400.0	2723
3796800.0	1844
1.1517E7	4887
8895600.0	4489
1.41384E7	5799
1.20414E7	5009
4059000.0	1981
7855800.0	3995
4972200.0	2601
1.46628E7	5944
2617200.0	1262
7593600.0	3894
9420000.0	4534
7068000.0	3550
8893200.0	4489
752400.0	442
1.2039E7	5008
1.46604E7	5944
9417600.0	4534
3534000.0	1638
6805800.0	3538
1504800.0	803
1.51848E7	6131
9942000.0	4539
1.25634E7	5204
4708800.0	2255
1.04658E7	4615
1.36116E7	5628
7592400.0	3894
1.09902E7	4761
1.6233E7	6477
4971000.0	2601
2354400.0	1100
4446600.0	2178
1.4136E7	5799
376200.0	41
2094600.0	1039
3796200.0	1844
1.15146E7	4883
1.67574E7	6625
7330200.0	3742
2747400.0	1312
1177200.0	616
9417000.0	4534
1.51842E7	6131
1.20384E7	5006
4189200.0	2040
5757000.0	2978
1.25628E7	5204
5494800.0	2858
588600.0	187
9941400.0	4539
1.30872E7	5428
8378400.0	4270
1.57086E7	6317
1.09896E7	4761
1767000.0	879
6543600.0	3343
3009600.0	1353
1.41354E7	5799
1.67568E7	6625
1.46598E7	5944
3271800.0	1541
6019200.0	3101
8892600.0	4489
1.1514E7	4883
6281400.0	3287
1.09914E7	4761
3141000.0	1488
1.41372E7	5799
1.67586E7	6625
1.36128E7	5628
6544200.0	3343
6282000.0	3287
1.15158E7	4885
1.46616E7	5944
8894400.0	4489
1439400.0	774
1.57098E7	6317
1.2564E7	5204
7330800.0	3742
4447200.0	2178
3403200.0	1613
9942600.0	4539
2029200.0	1021
7068600.0	3550
1.0467E7	4615
1.62342E7	6477
3665400.0	1801
2223600.0	1062
6806400.0	3538
1.30884E7	5428
1014600.0	522
8379000.0	4270
1111800.0	529
850800.0	482
1.41366E7	5799
8893800.0	4489
1.15152E7	4885
5495400.0	2858
8116800.0	4215
2616600.0	1262
1.20396E7	5008
1.51854E7	6131
1701600.0	823
9418200.0	4534
1.4661E7	5944
4058400.0	1981
5233200.0	2723
7854600.0	3995
6019800.0	3101
2878800.0	1335
1.04664E7	4615
1.30878E7	5428
1.57092E7	6317
1.6758E7	6625
425400.0	42
1.36122E7	5628
5757600.0	2978
1.09908E7	4761
1.62336E7	6477
4449600.0	2178
1.25694E7	5204
1702200.0	823
180000.0	13
9948000.0	4539
1.51908E7	6131
4711800.0	2255
7333200.0	3742
2224800.0	1062
1.62396E7	6477
360000.0	40
1.04724E7	4617
7071000.0	3550
1.30938E7	5428
1.57152E7	6317
3666600.0	1801
8119800.0	4215
720000.0	430
5236200.0	2723
1.4142E7	5799
7857600.0	3995
2487000.0	1160
1.15206E7	4890
1.67634E7	6625
8899200.0	4489
1440000.0	774
3928800.0	1968
4974000.0	2601
7595400.0	3894
9423600.0	4534
1.2045E7	5018
1.46664E7	5945
1.30932E7	5428
9947400.0	4539
2880000.0	1335
1.57146E7	6317
6284400.0	3287
1.04718E7	4617
1964400.0	976
1.36176E7	5628
5760000.0	2978
6022200.0	3101
1.09962E7	4773
3142200.0	1489
982200.0	522
1.6239E7	6477
1112400.0	529
6808800.0	3538
1.46658E7	5945
8898600.0	4489
1.152E7	4887
1.20444E7	5018
556200.0	73
3404400.0	1613
6546600.0	3343
9423000.0	4534
1.25688E7	5204
1.51902E7	6131
1.46676E7	5945
1.15218E7	4901
7071600.0	3550
8900400.0	4489
3273600.0	1541
1.20462E7	5018
1.5192E7	6131
9424800.0	4534
3535800.0	1642
6809400.0	3538
6547200.0	3343
1.25706E7	5204
7596000.0	3894
4712400.0	2255
1.0473E7	4617
1.36188E7	5628
1.62402E7	6477
1.30944E7	5428
7333800.0	3742
3798000.0	1845
2356200.0	1106
4450200.0	2178
1.41432E7	5799
1.09974E7	4776
1.67646E7	6625
1374600.0	699
1.51914E7	6131
1.20456E7	5018
4191000.0	2041
5760600.0	2978
1899000.0	925
204600.0	26
9424200.0	4534
2749200.0	1312
8382000.0	4271
9948600.0	4539
1.257E7	5204
1.57158E7	6317
409200.0	42
5498400.0	2858
3011400.0	1353
1.6764E7	6625
6285000.0	3287
818400.0	482
1.36182E7	5628
1.09968E7	4774
6022800.0	3101
1.15212E7	4899
1.4667E7	5945
1636800.0	815
8899800.0	4489
1.41426E7	5799
2486400.0	1160
5497200.0	2858
3928200.0	1968
8118600.0	4215
8897400.0	4489
1.15188E7	4887
1.41402E7	5799
1.67616E7	6625
4972800.0	2601
1833000.0	912
2748600.0	1312
1.46646E7	5945
7856400.0	3995
9421800.0	4534
5235000.0	2723
1.20432E7	5018
1.30914E7	5428
9945600.0	4539
1.57128E7	6317
1.047E7	4616
6021600.0	3101
4190400.0	2040
1.09944E7	4768
1.62372E7	6477
3010800.0	1353
1.36158E7	5628
5759400.0	2978
8380800.0	4270
7069800.0	3550
155400.0	9
1.4664E7	5944
8896800.0	4489
3403800.0	1613
1.20426E7	5017
1505400.0	803
1047600.0	522
310800.0	40
9421200.0	4534
6807600.0	3538
1.51884E7	6131
1.2567E7	5204
2095200.0	1039
1.04694E7	4616
621600.0	263
3666000.0	1801
4710600.0	2255
2224200.0	1062
1.36152E7	5628
1.62366E7	6477
7594200.0	3894
1.41396E7	5799
1243200.0	658
7332000.0	3742
4448400.0	2178
1.09938E7	4763
1.15182E7	4887
1.6761E7	6625
523800.0	45
3797400.0	1844
4973400.0	2601
1.3617E7	5628
1.62384E7	6477
7857000.0	3995
1.04712E7	4617
2355600.0	1105
1767600.0	879
7594800.0	3894
1.41414E7	5799
1.09956E7	4772
4711200.0	2255
1.67628E7	6625
883800.0	505
1.51896E7	6131
1.20438E7	5018
4059600.0	1981
5497800.0	2858
2617800.0	1262
8381400.0	4271
9422400.0	4534
9946800.0	4539
8119200.0	4215
1.25682E7	5204
5235600.0	2723
1.30926E7	5428
1.5714E7	6317
1.0995E7	4769
1.67622E7	6625
1.36164E7	5628
6546000.0	3343
1.15194E7	4887
6283800.0	3287
1.46652E7	5945
2029800.0	1021
8898000.0	4489
1.41408E7	5799
3273000.0	1541
1.25676E7	5204
1.57134E7	6317
45000.0	1
7332600.0	3742
9946200.0	4539
4449000.0	2178
7070400.0	3550
1.5189E7	6131
1.62378E7	6477
90000.0	1
1177800.0	616
3535200.0	1638
1.04706E7	4617
6808200.0	3538
1.3092E7	5428
1.20492E7	5019
589200.0	187
1.5195E7	6131
9427800.0	4534
1.46706E7	5945
5762400.0	2978
4060800.0	1981
1.57194E7	6317
1178400.0	616
8383800.0	4276
1.25736E7	5204
9952200.0	4539
2881200.0	1335
5500200.0	2858
8121600.0	4215
1.67676E7	6625
6286800.0	3287
1.36218E7	5628
1.10004E7	4777
1.62432E7	6477
6024600.0	3101
294600.0	39
1768200.0	879
3143400.0	1489
1.41462E7	5799
8903400.0	4489
1.15248E7	4907
9427200.0	4534
3536400.0	1642
4451400.0	2178
1.51944E7	6131
9951600.0	4539
7335000.0	3742
253800.0	28
1.2573E7	5204
7072800.0	3550
507600.0	45
1.0476E7	4617
1.30974E7	5428
1.57188E7	6317
2356800.0	1112
1.41456E7	5799
3798600.0	1846
1.15242E7	4907
1.6767E7	6625
1440600.0	774
1015200.0	522
5238000.0	2723
7859400.0	3995
4713600.0	2256
8902800.0	4489
7597200.0	3894
114600.0	6
4975800.0	2601
1.20486E7	5018
1.467E7	5945
2030400.0	1023
2619000.0	1262
5238600.0	2723
1.41474E7	5799
1.10016E7	4777
3930000.0	1969
2488200.0	1160
8122200.0	4215
1.1526E7	4907
1.67688E7	6625
8904600.0	4489
7860000.0	3995
4976400.0	2601
1113000.0	529
1.20504E7	5020
1.46718E7	5945
2750400.0	1312
1.30986E7	5429
1.572E7	6317
9952800.0	4539
1702800.0	823
6025200.0	3101
4192200.0	2041
1.04772E7	4624
1.3623E7	5628
5500800.0	2858
1.62444E7	6478
851400.0	482
3012600.0	1353
5763000.0	2978
8384400.0	4276
687600.0	379
7073400.0	3550
1.15254E7	4907
1.46712E7	5945
8904000.0	4489
6811200.0	3538
1375200.0	699
1.51956E7	6131
9428400.0	4534
1.20498E7	5020
1.25742E7	5204
3405600.0	1613
6549000.0	3343
1.04766E7	4624
1.62438E7	6478
7597800.0	3894
3667800.0	1801
4714200.0	2256
2226000.0	1062
1.3098E7	5428
1.1001E7	4777
343800.0	40
1.41468E7	5799
1965000.0	976
1.67682E7	6625
7335600.0	3742
4452000.0	2178
1.36224E7	5628
1.67658E7	6625
1.09986E7	4776
1.362E7	5628
6547800.0	3343
3142800.0	1489
1.1523E7	4907
1.41444E7	5799
8901600.0	4489
6285600.0	3287
1309200.0	670
7072200.0	3550
4450800.0	2178
3405000.0	1613
9949800.0	4539
1.25712E7	5204
1.51926E7	6131
1.62414E7	6477
654600.0	379
1.04742E7	4617
2225400.0	1062
1.5717E7	6317
6810000.0	3538
1.30956E7	5428
5236800.0	2723
1.15224E7	4907
5499000.0	2858
8120400.0	4215
1.41438E7	5799
1.67652E7	6625
4974600.0	2601
8901000.0	4489
2618400.0	1262
4060200.0	1981
7858200.0	3995
1.20468E7	5018
9425400.0	4534
1.46682E7	5945
9949200.0	4539
1.3095E7	5428
2880600.0	1335
1.57164E7	6317
6023400.0	3101
1.36194E7	5628
1.04736E7	4617
5761200.0	2978
1.0998E7	4776
1.62408E7	6477
8382600.0	4276
1571400.0	804
9951000.0	4539
1.30968E7	5428
6024000.0	3101
2095800.0	1043
6286200.0	3287
1.57182E7	6317
229200.0	28
1.04754E7	4617
1.36212E7	5628
3012000.0	1353
5761800.0	2978
458400.0	44
1.09998E7	4777
1.62426E7	6477
1.46694E7	5945
6810600.0	3538
3274200.0	1541
8902200.0	4489
1.15236E7	4907
1243800.0	660
916800.0	521
6548400.0	3343
9426600.0	4534
1.51938E7	6131
1.2048E7	5018
1.25724E7	5204
1833600.0	913
7858800.0	3995
1.6242E7	6477
1.04748E7	4617
1.36206E7	5628
1.30962E7	5428
4975200.0	2601
3667200.0	1801
1.09992E7	4776
3929400.0	1969
7596600.0	3894
1.4145E7	5799
1.67664E7	6625
2487600.0	1160
4713000.0	2256
7334400.0	3742
5499600.0	2858
1.51932E7	6131
1.20474E7	5018
1506000.0	803
8383200.0	4276
9426000.0	4534
1.46688E7	5945
2749800.0	1312
1.57176E7	6317
8121000.0	4215
1.25718E7	5204
5237400.0	2723
753000.0	442
4191600.0	2041
9950400.0	4539
1.1529E7	4907
1.46748E7	5945
8907600.0	4489
1.41504E7	5799
6813000.0	3538
3275400.0	1541
1.51992E7	6131
1.20534E7	5020
9432000.0	4534
6550800.0	3343
1506600.0	803
7599600.0	3894
1.62474E7	6478
4716000.0	2256
3537600.0	1642
1.04802E7	4624
1.31016E7	5429
2096400.0	1043
3799800.0	1846
1.10046E7	4777
1.67718E7	6625
7337400.0	3742
2358000.0	1114
4453800.0	2178
7075200.0	3550
1.3626E7	5628
1048200.0	522
2751000.0	1312
1.46742E7	5945
1179000.0	616
884400.0	505
9431400.0	4534
1.20528E7	5020
5764200.0	2978
8385600.0	4278
1.25772E7	5205
1.5723E7	6325
5502000.0	2858
9955800.0	4539
1768800.0	879
8123400.0	4215
1.51986E7	6131
4192800.0	2041
6288600.0	3287
1.1004E7	4777
1.62468E7	6478
3013200.0	1353
1.36254E7	5628
442200.0	42
6026400.0	3101
8907000.0	4489
1.15284E7	4907
1.41498E7	5799
1.67712E7	6625
1.36272E7	5628
6551400.0	3343
1441200.0	774
1.10058E7	4777
3144600.0	1489
1.62486E7	6478
720600.0	434
6289200.0	3287
1.41516E7	5799
1.15302E7	4907
1.6773E7	6625
3406800.0	1613
9432600.0	4534
2031000.0	1023
1.25784E7	5205
1.51998E7	6131
7075800.0	3550
6813600.0	3538
1.31028E7	5429
9957000.0	4539
1.57242E7	6325
1.04814E7	4624
1.4151E7	5799
8124000.0	4218
1.10052E7	4777
5240400.0	2723
1.67724E7	6625
1703400.0	823
1.46754E7	5945
4978200.0	2601
8908200.0	4489
1.15296E7	4907
4062000.0	1981
2620200.0	1266
7861800.0	3995
1.2054E7	5020
9956400.0	4539
5764800.0	2978
1.25778E7	5205
1.31022E7	5429
1.57236E7	6325
6027000.0	3101
1.36266E7	5628
2882400.0	1336
5502600.0	2858
1.6248E7	6478
1.04808E7	4624
8386200.0	4281
1.62456E7	6478
7860600.0	3995
4977000.0	2601
1.04784E7	4624
1.30998E7	5429
7598400.0	3894
2357400.0	1113
1.10028E7	4777
1.41486E7	5799
1.677E7	6625
1.36242E7	5628
7336200.0	3742
3799200.0	1846
4714800.0	2256
1637400.0	815
1.2051E7	5020
4061400.0	1981
5501400.0	2858
8385000.0	4278
1.46724E7	5945
2619600.0	1262
9429600.0	4534
8122800.0	4215
1.25754E7	5205
1.57212E7	6317
9954000.0	4539
5239200.0	2723
1.51968E7	6131
6549600.0	3343
1.67694E7	6625
1.10022E7	4777
1.36236E7	5628
1.6245E7	6478
3274800.0	1541
1309800.0	670
1.15266E7	4907
6287400.0	3287
8905200.0	4489
1.4148E7	5799
9429000.0	4534
1.51962E7	6131
1899600.0	925
9953400.0	4539
1.25748E7	5205
4452600.0	2178
7074000.0	3550
1.30992E7	5429
949800.0	521
3537000.0	1642
1.04778E7	4624
1.57206E7	6317
6811800.0	3538
7336800.0	3742
9430800.0	4534
4453200.0	2178
786000.0	447
1.5198E7	6131
1.25766E7	5205
7074600.0	3550
1.3101E7	5429
9955200.0	4539
3668400.0	1801
2226600.0	1062
1572000.0	804
1.57224E7	6322
1.04796E7	4624
1.41492E7	5799
4977600.0	2601
1.10034E7	4777
7861200.0	3995
1.15278E7	4907
1.67706E7	6625
5239800.0	2723
2488800.0	1160
4715400.0	2256
1.46736E7	5945
8906400.0	4489
393000.0	41
3930600.0	1969
7599000.0	3894
1.20522E7	5020
2881800.0	1335
1244400.0	660
6025800.0	3101
1.57218E7	6318
1.31004E7	5429
9954600.0	4539
1.2576E7	5205
1.0479E7	4624
5763600.0	2978
622200.0	270
1.36248E7	5628
1.62462E7	6478
1.15272E7	4907
1834200.0	914
6812400.0	3538
1.4673E7	5945
3144000.0	1489
8905800.0	4489
1.20516E7	5020
3406200.0	1613
6550200.0	3343
9430200.0	4534
6288000.0	3287
1.51974E7	6131
1.10088E7	4779
3931800.0	1969
8125800.0	4218
5242200.0	2723
1.41546E7	5799
1.6776E7	6625
2490000.0	1160
1834800.0	915
1.4679E7	5945
7863600.0	4005
8911800.0	4489
1.15332E7	4907
4980000.0	2601
917400.0	521
2752200.0	1312
1.57272E7	6325
1.25814E7	5205
4194000.0	2042
5766600.0	2978
9960000.0	4539
5504400.0	2858
1.62516E7	6479
1.04844E7	4625
1.36302E7	5628
8388000.0	4283
1.31058E7	5429
1.15326E7	4907
1.4154E7	5799
8911200.0	4489
6814800.0	3538
1.52028E7	6131
1.2057E7	5020
2097000.0	1043
9435600.0	4534
1.46784E7	5945
3407400.0	1613
6552600.0	3343
1.6251E7	6478
7601400.0	3894
1.04838E7	4625
4717800.0	2256
7339200.0	3742
2227800.0	1062
1.57266E7	6325
1.31052E7	5429
1.67754E7	6625
7077000.0	3550
1245000.0	660
3669600.0	1801
4455600.0	2178
1.10082E7	4778
1.36296E7	5628
4718400.0	2256
1769400.0	879
188400.0	16
7602000.0	3894
4980600.0	2601
1.04856E7	4625
1.3107E7	5429
1.57284E7	6325
2359200.0	1115
1.67772E7	6625
4456200.0	2178
376800.0	41
3801000.0	1846
1.36314E7	5628
7339800.0	3742
1.101E7	4779
1.62528E7	6480
8388600.0	4283
8912400.0	4489
753600.0	442
1.20582E7	5020
1.46796E7	5945
5505000.0	2858
8126400.0	4218
2621400.0	1269
9436800.0	4534
1507200.0	803
1.5204E7	6131
9961200.0	4539
4063200.0	1981
1.25826E7	5205
5242800.0	2723
7864200.0	4007
1.0485E7	4625
1.36308E7	5628
6553200.0	3343
3014400.0	1353
1.10094E7	4779
1.62522E7	6479
2031600.0	1023
17400.0	0
1.41552E7	5799
3276600.0	1541
6028800.0	3101
1.15338E7	4907
6291000.0	3287
1.67766E7	6625
1015800.0	522
34800.0	1
1179600.0	616
7077600.0	3550
9436200.0	4534
1.52034E7	6131
1.20576E7	5020
1.2582E7	5205
69600.0	1
589800.0	187
9960600.0	4539
3538800.0	1642
6815400.0	3538
1.31064E7	5429
1.57278E7	6325
139200.0	9
6027600.0	3101
9958200.0	4539
1.25796E7	5205
1.57254E7	6325
1375800.0	699
982800.0	522
278400.0	34
3013800.0	1353
5765400.0	2978
1.04826E7	4625
1.36284E7	5628
1.62498E7	6478
1.3104E7	5429
1965600.0	976
556800.0	73
1.15308E7	4907
1.46766E7	5945
6814200.0	3538
6552000.0	3343
8909400.0	4489
1.41522E7	5799
1113600.0	529
1.5201E7	6131
1.20552E7	5020
6289800.0	3287
3276000.0	1541
9433800.0	4534
491400.0	45
2227200.0	1062
1.62492E7	6478
1638000.0	815
1.0482E7	4624
1.31034E7	5429
1.57248E7	6325
4978800.0	2601
7600200.0	3894
3669000.0	1801
4454400.0	2178
1.67736E7	6625
819000.0	482
1.36278E7	5628
1.10064E7	4777
2489400.0	1160
4716600.0	2256
7338000.0	3742
8908800.0	4489
8386800.0	4281
5503200.0	2858
3931200.0	1969
9433200.0	4534
1.20546E7	5020
1.4676E7	5945
8124600.0	4218
1.2579E7	5205
4193400.0	2042
94200.0	1
5241000.0	2723
2751600.0	1312
7862400.0	4002
9957600.0	4539
1.52004E7	6131
8910600.0	4489
2620800.0	1267
5766000.0	2978
4062600.0	1981
1.20564E7	5020
8387400.0	4283
9435000.0	4534
1.46778E7	5945
5241600.0	2723
1900200.0	925
2883000.0	1336
5503800.0	2858
8125200.0	4218
9959400.0	4539
1.25808E7	5205
1.52022E7	6131
1.3629E7	5628
1.04832E7	4625
1.10076E7	4777
1.62504E7	6478
6290400.0	3287
1.1532E7	4907
6028200.0	3101
1.41534E7	5799
1.67748E7	6625
3145200.0	1489
7338600.0	3742
163800.0	9
1.52016E7	6131
9434400.0	4534
3538200.0	1642
4455000.0	2178
1.25802E7	5205
1572600.0	804
9958800.0	4539
327600.0	40
1.31046E7	5429
7076400.0	3550
1.5726E7	6325
4979400.0	2601
655200.0	379
3800400.0	1846
2358600.0	1115
1.41528E7	5799
1.1007E7	4777
1.67742E7	6625
7863000.0	4005
1.46772E7	5945
1310400.0	671
7600800.0	3894
1.15314E7	4907
4717200.0	2256
8910000.0	4489
1.20558E7	5020
2294400.0	1067
1.6518E7	6573
3736200.0	1827
1.33722E7	5514
1.07508E7	4664
1.59936E7	6435
5113200.0	2679
7734600.0	3928
4588800.0	2222
1737000.0	837
7472400.0	3846
1.38966E7	5693
4851000.0	2466
8653800.0	4448
1.12752E7	4842
2556600.0	1229
1.67826E7	6625
9177600.0	4525
1.49448E7	6036
9702000.0	4536
5637600.0	2917
3998400.0	1977
1.23234E7	5175
8259000.0	4254
2818800.0	1335
5375400.0	2776
7996800.0	4172
1.02264E7	4553
1.28478E7	5333
1.54692E7	6277
143400.0	9
1.3896E7	5693
6685800.0	3503
3211800.0	1513
1.12746E7	4842
1.65174E7	6572
1409400.0	764
999600.0	522
286800.0	38
8653200.0	4445
6423600.0	3334
1.1799E7	4983
1.44204E7	5841
1999200.0	982
573600.0	187
9701400.0	4536
3474000.0	1622
4326600.0	2096
1.28472E7	5333
1.54686E7	6277
7210200.0	3645
1147200.0	592
6948000.0	3542
1.02258E7	4553
1.33716E7	5514
1.67814E7	6625
1.07502E7	4664
1.5993E7	6435
499800.0	45
1.2849E7	5333
1.54704E7	6277
7473000.0	3846
9703200.0	4536
3605400.0	1697
4589400.0	2222
2163600.0	1059
1671600.0	817
1.02276E7	4553
1.33734E7	5514
1.6785E7	6625
7210800.0	3645
4327200.0	2096
1.59948E7	6435
835800.0	482
5113800.0	2679
3867600.0	1924
2425800.0	1123
1.12758E7	4843
1.44216E7	5841
7997400.0	4173
8654400.0	4448
7735200.0	3929
4851600.0	2466
1.4946E7	6036
9178800.0	4525
1.18002E7	4983
1.23246E7	5175
6162000.0	3211
1.0227E7	4553
1.59942E7	6435
1.28484E7	5333
5899800.0	2994
1.07514E7	4664
3081000.0	1432
1.38972E7	5693
1933800.0	969
1.65186E7	6574
1.33728E7	5514
1.17996E7	4983
1.49454E7	6036
6948600.0	3542
6686400.0	3503
9178200.0	4525
1.4421E7	5841
1.67838E7	6625
1.54698E7	6277
1.2324E7	5175
1081800.0	527
3343200.0	1600
6424200.0	3334
9702600.0	4536
1278000.0	661
2818200.0	1335
5898600.0	2994
9700200.0	4536
1.23216E7	5175
1.4943E7	6036
1.59918E7	6435
639000.0	345
1.02246E7	4553
5636400.0	2917
1.54674E7	6277
8257800.0	4254
1.2846E7	5333
1.6779E7	6625
1867800.0	925
1.12728E7	4842
1.38942E7	5693
1.65156E7	6570
6423000.0	3334
3080400.0	1432
8651400.0	4445
1.17972E7	4982
9175800.0	4525
1.44186E7	5841
6160800.0	3205
9699600.0	4536
1.28454E7	5333
7471200.0	3846
4587600.0	2222
1.54668E7	6277
1.33698E7	5514
7209000.0	3645
1.0224E7	4553
3735600.0	1827
1.67778E7	6625
2293800.0	1067
4325400.0	2096
1.07484E7	4664
1.59912E7	6435
1540200.0	803
1.4418E7	5841
5112000.0	2679
1.12722E7	4842
8650800.0	4445
1.17966E7	4982
5374200.0	2767
7995600.0	4172
4849800.0	2464
2556000.0	1229
1.49424E7	6036
9175200.0	4525
3997800.0	1977
1.2321E7	5175
7733400.0	3928
5374800.0	2772
1.44198E7	5841
8258400.0	4254
8652600.0	4445
1.1274E7	4842
1212600.0	623
901200.0	520
2687400.0	1298
7996200.0	4172
9177000.0	4525
5112600.0	2679
1.49442E7	6036
1.17984E7	4983
4129200.0	1987
1.23228E7	5175
1802400.0	882
1.59924E7	6435
1.02252E7	4553
5899200.0	2994
1.3371E7	5514
6161400.0	3208
1.28466E7	5333
1.07496E7	4664
2949600.0	1338
5637000.0	2917
1.38954E7	5693
1.65168E7	6572
450600.0	44
1.49436E7	6036
1.17978E7	4983
1474800.0	778
6947400.0	3542
1.67802E7	6625
9176400.0	4525
1.44192E7	5841
4326000.0	2096
3342600.0	1600
1.5468E7	6277
1.23222E7	5175
737400.0	442
9700800.0	4536
2163000.0	1059
6685200.0	3502
7734000.0	3928
1.65162E7	6572
2064600.0	1024
4850400.0	2465
3604800.0	1697
1.0749E7	4664
1.33704E7	5514
3867000.0	1924
7471800.0	3846
1.12734E7	4842
1.38948E7	5693
2425200.0	1123
4588200.0	2222
7209600.0	3645
8652000.0	4445
6163800.0	3212
1.59978E7	6435
1.02306E7	4553
1.2852E7	5333
2950800.0	1341
2065200.0	1024
1.0755E7	4665
1.65222E7	6583
1.33764E7	5514
5901600.0	2994
1032600.0	522
1213200.0	626
1.44246E7	5841
6688200.0	3505
3213000.0	1513
9181800.0	4527
1.6791E7	6625
1.18032E7	4983
1.23276E7	5175
606600.0	226
1.54734E7	6277
9706200.0	4536
6426000.0	3335
1.4949E7	6036
4852800.0	2476
1.07544E7	4664
7736400.0	3929
1.59972E7	6435
5115000.0	2682
1.33758E7	5514
2426400.0	1123
4590600.0	2222
3868200.0	1924
7474200.0	3846
8657400.0	4454
1.12788E7	4843
1.39002E7	5693
1.65216E7	6583
1.67898E7	6625
9181200.0	4527
2688600.0	1298
1.49484E7	6036
1.2327E7	5175
5639400.0	2919
8260800.0	4254
1.28514E7	5333
9705600.0	4536
5377200.0	2779
1.54728E7	6277
7998600.0	4174
1.023E7	4553
1475400.0	778
4130400.0	1987
9183000.0	4527
1.67934E7	6625
5640000.0	2919
1999800.0	983
5902200.0	2994
217200.0	28
1.23288E7	5175
1.49502E7	6036
1.28532E7	5333
9707400.0	4536
2820000.0	1335
5377800.0	2779
1.54746E7	6277
8261400.0	4254
434400.0	42
1.02318E7	4553
1.39014E7	5693
6426600.0	3335
1.07556E7	4665
1147800.0	594
1.65228E7	6583
868800.0	486
3082200.0	1432
1.44258E7	5841
8658600.0	4455
1.128E7	4845
1.18044E7	4983
1737600.0	839
6164400.0	3213
7474800.0	3846
9706800.0	4536
1.23282E7	5175
1.28526E7	5333
1.5474E7	6277
4591200.0	2222
3475200.0	1623
3737400.0	1827
21000.0	0
1.3377E7	5514
7212600.0	3645
1.59984E7	6437
1.02312E7	4553
1.67922E7	6625
2295600.0	1067
4329000.0	2096
6950400.0	3542
1.12794E7	4845
42000.0	1
1410000.0	764
1.44252E7	5841
7999200.0	4174
5115600.0	2682
8658000.0	4454
1.39008E7	5693
1.49496E7	6036
84000.0	1
4853400.0	2477
705000.0	392
1.18038E7	4983
3999600.0	1977
2557800.0	1230
7737000.0	3929
9182400.0	4527
1606200.0	810
1.18014E7	4983
168000.0	9
1.44228E7	5841
1.67874E7	6625
9180000.0	4527
4327800.0	2096
6949200.0	3542
1.23258E7	5175
1.54716E7	6277
336000.0	40
9704400.0	4536
1.49472E7	6036
3474600.0	1622
6687000.0	3505
1.65198E7	6575
7735800.0	3929
672000.0	379
4852200.0	2467
7473600.0	3846
2295000.0	1067
1.07526E7	4664
1.3374E7	5514
1.59954E7	6435
1344000.0	699
7211400.0	3645
3736800.0	1827
1.1277E7	4843
4590000.0	2222
8655600.0	4451
1.38984E7	5693
9179400.0	4527
1.67862E7	6625
2688000.0	1298
1.49466E7	6036
5900400.0	2994
4129800.0	1987
1868400.0	925
9703800.0	4536
1.23252E7	5175
1.28496E7	5333
5376000.0	2779
2950200.0	1339
5638200.0	2918
8259600.0	4254
934200.0	521
1.02282E7	4553
1.5471E7	6277
6424800.0	3335
1.38978E7	5693
1.0752E7	4664
1.12764E7	4843
1.65192E7	6575
3212400.0	1513
8655000.0	4449
108600.0	5
1.18008E7	4983
1.44222E7	5841
6162600.0	3211
1.38996E7	5693
6687600.0	3505
1.07538E7	4664
3081600.0	1432
1.12782E7	4843
1.6521E7	6583
1.4424E7	5841
8656800.0	4452
3343800.0	1600
6425400.0	3335
6163200.0	3211
1.18026E7	4983
7212000.0	3645
4328400.0	2096
1.54722E7	6277
1.28508E7	5333
9705000.0	4536
1.23264E7	5175
6949800.0	3542
1.02294E7	4553
3606000.0	1697
2164200.0	1059
1.33752E7	5514
1.67886E7	6625
1.59966E7	6435
1278600.0	661
1.12776E7	4843
3999000.0	1977
5376600.0	2779
1803000.0	882
8260200.0	4254
1.44234E7	5841
192600.0	17
8656200.0	4452
2557200.0	1229
7998000.0	4174
1.1802E7	4983
9180600.0	4527
385200.0	41
1.49478E7	6036
5114400.0	2679
2819400.0	1335
1.5996E7	6435
5901000.0	2994
770400.0	442
1.02288E7	4553
1.28502E7	5333
5638800.0	2919
1.07532E7	4664
1.3899E7	5693
1.65204E7	6579
1540800.0	803
1.33746E7	5514
1.54776E7	6277
7476600.0	3847
1.23318E7	5175
9710400.0	4536
4593000.0	2222
7214400.0	3648
2165400.0	1059
1.6002E7	6441
1.02348E7	4553
1.33806E7	5514
6952200.0	3542
1.28562E7	5333
1.67994E7	6625
3607200.0	1697
4330800.0	2096
3869400.0	1924
1.1283E7	4845
8001000.0	4174
5117400.0	2682
1.39044E7	5693
2427600.0	1123
8661600.0	4460
1541400.0	803
7738800.0	3929
1.49532E7	6036
1.18074E7	4984
4855200.0	2479
9186000.0	4527
1.44288E7	5841
1.60014E7	6441
1.02342E7	4553
1.5477E7	6277
1.28556E7	5333
6165600.0	3214
1.65258E7	6584
1213800.0	630
5903400.0	2997
1.07586E7	4665
1.338E7	5514
3082800.0	1432
8661000.0	4460
1803600.0	882
1.18068E7	4984
6690000.0	3507
9185400.0	4527
1.44282E7	5841
1.67982E7	6625
901800.0	520
3345000.0	1600
6427800.0	3336
9709800.0	4536
1.23312E7	5175
1.49526E7	6036
6952800.0	3542
8662800.0	4460
738000.0	442
1.18086E7	4984
1.443E7	5841
9187200.0	4527
3476400.0	1623
6690600.0	3508
1476000.0	778
1.49544E7	6036
9711600.0	4536
1.2333E7	5175
4593600.0	2222
1.02354E7	4553
1.33812E7	5514
7477200.0	3847
1.07598E7	4665
1.60026E7	6444
4855800.0	2481
2296800.0	1067
4331400.0	2098
1.39056E7	5693
369000.0	41
2065800.0	1024
3738600.0	1828
1.12842E7	4845
1.6527E7	6584
7215000.0	3648
2689800.0	1298
1148400.0	595
9186600.0	4527
1.49538E7	6036
1.68006E7	6625
1.1808E7	4984
4131600.0	1987
5641800.0	2920
1.23324E7	5175
5379600.0	2782
574200.0	187
9711000.0	4536
1.28568E7	5333
8263200.0	4254
1.54782E7	6277
1.07592E7	4665
1738200.0	839
6428400.0	3336
2952000.0	1341
1.3905E7	5693
1.65264E7	6584
1.44294E7	5841
3214200.0	1513
5904000.0	2997
8662200.0	4460
1.12836E7	4845
6166200.0	3217
541200.0	65
8262000.0	4254
1.12812E7	4845
1.4427E7	5841
8659800.0	4460
1.39026E7	5693
5378400.0	2780
3868800.0	1924
1082400.0	527
7999800.0	4174
1.49514E7	6036
1.18056E7	4983
4131000.0	1987
9184200.0	4527
5116200.0	2682
2689200.0	1298
7737600.0	3929
1.59996E7	6437
5902800.0	2994
1.02324E7	4553
1.28538E7	5333
1.54752E7	6277
270600.0	34
1672200.0	817
2951400.0	1341
5640600.0	2919
1.6524E7	6583
1.33782E7	5514
1.07568E7	4665
8659200.0	4460
3344400.0	1600
6951000.0	3542
241800.0	28
1.67946E7	6625
9183600.0	4527
1.1805E7	4983
1.44264E7	5841
1.23294E7	5175
6688800.0	3505
483600.0	45
9708000.0	4536
1.49508E7	6036
2164800.0	1059
1.33776E7	5514
1.07562E7	4665
1344600.0	699
967200.0	522
1.5999E7	6437
4854000.0	2477
7475400.0	3847
3606600.0	1697
4329600.0	2096
1.3902E7	5693
1934400.0	969
2427000.0	1123
1.12806E7	4845
1.65234E7	6583
4591800.0	2222
7213200.0	3645
4854600.0	2478
1.33794E7	5514
1.02336E7	4553
3738000.0	1828
2296200.0	1067
1.0758E7	4665
1.60008E7	6441
7738200.0	3929
7476000.0	3847
4592400.0	2222
1.12824E7	4845
1.39038E7	5693
1.65252E7	6583
2558400.0	1230
1.4952E7	6036
1.6797E7	6625
9184800.0	4527
1606800.0	812
5641200.0	2920
4000200.0	1977
1.23306E7	5175
8262600.0	4254
9709200.0	4536
5116800.0	2682
1.2855E7	5333
803400.0	481
2820600.0	1335
5379000.0	2782
8000400.0	4174
1.54764E7	6277
639600.0	353
1.39032E7	5693
6689400.0	3505
1.07574E7	4665
6427200.0	3335
1.65246E7	6583
1.44276E7	5841
1279200.0	661
1.12818E7	4845
6165000.0	3213
8660400.0	4460
3213600.0	1513
1.18062E7	4983
7213800.0	3648
9708600.0	4536
1.233E7	5175
3475800.0	1623
4330200.0	2096
1.54758E7	6277
319800.0	40
1869000.0	925
6951600.0	3542
1.0233E7	4553
1.33788E7	5514
1.60002E7	6437
1.28544E7	5333
1.67958E7	6625
5643600.0	2920
1.18116E7	4984
9190200.0	4527
1.49574E7	6036
1.68078E7	6625
1279800.0	661
934800.0	521
2821800.0	1335
5381400.0	2784
1.54818E7	6277
8265000.0	4254
1.28604E7	5333
9714600.0	4536
1.2336E7	5175
1869600.0	925
1.07628E7	4665
1.39086E7	5693
1.653E7	6585
6430200.0	3336
6168000.0	3219
1.33842E7	5514
1.12872E7	4845
5905800.0	2998
1.4433E7	5841
3084000.0	1432
8665800.0	4464
467400.0	45
1.23354E7	5175
1.54812E7	6277
1542000.0	803
9714000.0	4536
7216200.0	3649
1.49568E7	6036
4594800.0	2222
3477000.0	1624
1.60056E7	6450
771000.0	442
1.02384E7	4554
1.28598E7	5333
1.68066E7	6625
2297400.0	1067
4332600.0	2099
6954000.0	3542
8002800.0	4175
5119200.0	2684
3739200.0	1828
1.12866E7	4845
8665200.0	4464
1.3908E7	5693
1.1811E7	4984
4001400.0	1977
7740600.0	3929
4857000.0	2488
1.44324E7	5841
2559600.0	1230
7478400.0	3847
9189600.0	4527
2428800.0	1124
5382000.0	2784
3870600.0	1924
8003400.0	4175
8667000.0	4464
1.12884E7	4845
1.39098E7	5693
1.65312E7	6585
4857600.0	2501
1804200.0	882
2691000.0	1298
1.44342E7	5841
7741200.0	3930
9191400.0	4527
5119800.0	2684
1.18128E7	4984
1.2861E7	5333
9715200.0	4536
1.54824E7	6277
1.02396E7	4554
5906400.0	2998
4132800.0	1987
1.6809E7	6625
1.0764E7	4665
1.60068E7	6454
2953200.0	1342
1.33854E7	5514
5644200.0	2920
8265600.0	4254
6954600.0	3542
151800.0	9
1.44336E7	5841
8666400.0	4464
3346200.0	1600
1.18122E7	4984
1476600.0	778
1033200.0	522
303600.0	40
9190800.0	4527
6692400.0	3508
1.4958E7	6036
1.23366E7	5175
2066400.0	1024
1.0239E7	4554
607200.0	227
3608400.0	1697
4595400.0	2222
2166600.0	1059
1.33848E7	5514
1.60062E7	6453
7479000.0	3847
1.39092E7	5693
1214400.0	634
7216800.0	3649
4333200.0	2099
1.07634E7	4665
1.12878E7	4845
1.65306E7	6585
516600.0	45
1.0761E7	4665
3083400.0	1432
1.39068E7	5693
1.65282E7	6585
1.33824E7	5514
6429000.0	3336
6166800.0	3217
1.12854E7	4845
1.44312E7	5841
8664000.0	4462
1410600.0	764
1.54794E7	6277
1.23336E7	5175
7215600.0	3649
4332000.0	2098
3345600.0	1600
9712200.0	4536
2000400.0	985
6953400.0	3542
1.02366E7	4554
1.60038E7	6444
3607800.0	1697
2166000.0	1059
6691200.0	3508
1.2858E7	5333
1.6803E7	6625
1000200.0	522
8263800.0	4254
1083000.0	529
836400.0	482
1.39062E7	5693
8663400.0	4460
1.12848E7	4845
5380200.0	2782
8001600.0	4174
2559000.0	1230
1.18092E7	4984
1.4955E7	6036
1672800.0	817
9187800.0	4527
1.44306E7	5841
4000800.0	1977
5118000.0	2682
7739400.0	3929
5904600.0	2997
2821200.0	1335
1.0236E7	4554
1.28574E7	5333
1.54788E7	6277
1.68018E7	6625
1.65276E7	6585
418200.0	42
1.33818E7	5514
5642400.0	2920
1.07604E7	4665
1.60032E7	6444
1.28592E7	5333
1345200.0	699
2952600.0	1342
6167400.0	3218
1.02378E7	4554
1.54806E7	6277
1.65294E7	6585
1.68054E7	6625
672600.0	379
5905200.0	2997
1.07622E7	4665
1.33836E7	5514
1.6005E7	6450
3214800.0	1515
8664600.0	4463
1935000.0	969
1.18104E7	4984
1.44318E7	5841
6691800.0	3508
6429600.0	3336
9189000.0	4527
1.49562E7	6036
9713400.0	4536
1.23348E7	5175
1.02372E7	4554
1.3383E7	5514
7740000.0	3929
4856400.0	2483
1.60044E7	6449
1607400.0	812
1.39074E7	5693
1.07616E7	4665
3870000.0	1924
2428200.0	1124
7477800.0	3847
4594200.0	2222
1.1286E7	4845
1.65288E7	6585
5380800.0	2782
1.49556E7	6036
1.68042E7	6625
9188400.0	4527
1.18098E7	4984
1.23342E7	5175
5643000.0	2920
8264400.0	4254
5118600.0	2682
2690400.0	1298
1.28586E7	5333
1.548E7	6277
9712800.0	4536
8002200.0	4174
4132200.0	1987
1.44372E7	5841
1.12914E7	4845
6956400.0	3542
8670000.0	4464
3216000.0	1517
1.18158E7	4984
1.49616E7	6036
9194400.0	4527
3478200.0	1624
6694200.0	3508
6432000.0	3336
1.23402E7	5175
7480800.0	3847
4597200.0	2224
1.02426E7	4554
1.33884E7	5514
1.60098E7	6455
1.2864E7	5333
7218600.0	3650
3740400.0	1828
2298600.0	1067
4335000.0	2099
1.39128E7	5694
1.0767E7	4665
1.65342E7	6588
1345800.0	699
1.4961E7	6036
1.18152E7	4984
4133400.0	1987
5645400.0	2920
1870200.0	925
201000.0	24
9193800.0	4527
1.6815E7	6625
2691600.0	1298
8266800.0	4254
9718200.0	4536
1.23396E7	5175
1.54854E7	6277
402000.0	42
5383200.0	2789
2953800.0	1342
1.65336E7	6588
6169800.0	3226
804000.0	481
1.33878E7	5514
1.07664E7	4665
5907600.0	2998
1.12908E7	4845
1.44366E7	5841
88200.0	1
1608000.0	812
8669400.0	4464
1.39122E7	5694
1.65354E7	6592
1.07682E7	4665
1.33896E7	5514
6432600.0	3336
3085200.0	1432
1.12926E7	4845
1.3914E7	5694
8671200.0	4464
6170400.0	3226
1280400.0	661
6957000.0	3542
4335600.0	2099
3347400.0	1600
9719400.0	4536
1.23408E7	5177
1.49622E7	6036
1.6011E7	6455
640200.0	353
1.02438E7	4554
2167800.0	1059
1.54866E7	6277
6694800.0	3508
1.28652E7	5333
1.68174E7	6625
5121600.0	2686
1.1292E7	4845
5383800.0	2790
8005200.0	4175
1.39134E7	5694
1.65348E7	6592
4859400.0	2512
8670600.0	4464
2560800.0	1230
4002600.0	1977
7743000.0	3930
1.18164E7	4984
9195000.0	4527
1.44378E7	5841
9718800.0	4536
1.28646E7	5333
2823000.0	1335
1.5486E7	6277
5908200.0	2998
1.3389E7	5514
1.02432E7	4554
1.68162E7	6625
5646000.0	2920
1.07676E7	4665
1.60104E7	6455
8267400.0	4254
1542600.0	803
3739800.0	1828
4858200.0	2502
1.33866E7	5514
1.6008E7	6454
7741800.0	3930
1.02408E7	4554
2298000.0	1067
1738800.0	841
7479600.0	3847
1.3911E7	5694
1.07652E7	4665
4596000.0	2222
1.65324E7	6587
869400.0	486
1.49592E7	6036
1.18134E7	4984
4002000.0	1977
5382600.0	2785
2560200.0	1230
1.68114E7	6625
8266200.0	4254
9192000.0	4527
9716400.0	4536
8004000.0	4175
1.23378E7	5175
5120400.0	2684
1.28622E7	5333
1.54836E7	6277
1.07646E7	4665
1.65318E7	6586
1.3386E7	5514
6430800.0	3336
1.1289E7	4845
6168600.0	3221
1.44348E7	5841
2001000.0	985
8667600.0	4464
1.39104E7	5693
3215400.0	1515
1.23372E7	5175
1.5483E7	6277
7217400.0	3649
9715800.0	4536
4333800.0	2099
6955200.0	3542
1.49586E7	6036
1.60074E7	6454
1149000.0	595
3477600.0	1624
1.02402E7	4554
6693000.0	3508
1.28616E7	5333
1.68102E7	6625
4334400.0	2099
1.2339E7	5175
1673400.0	817
176400.0	9
9717600.0	4536
1.49604E7	6036
4596600.0	2224
7218000.0	3650
2167200.0	1059
1.60092E7	6454
352800.0	40
1.0242E7	4554
6955800.0	3542
1.28634E7	5333
1.54848E7	6277
1.68138E7	6625
3609000.0	1697
8004600.0	4175
705600.0	392
5121000.0	2684
1.39116E7	5694
7742400.0	3930
2429400.0	1125
1.12902E7	4845
1.6533E7	6588
8668800.0	4464
1411200.0	765
3871200.0	1924
4858800.0	2504
7480200.0	3847
9193200.0	4527
1.18146E7	4984
1.4436E7	5841
1.28628E7	5333
9717000.0	4536
2822400.0	1335
1.54842E7	6277
6169200.0	3224
1.02414E7	4554
1935600.0	969
1.33872E7	5514
1.68126E7	6625
5644800.0	2920
5907000.0	2998
1.07658E7	4665
3084600.0	1432
967800.0	522
1.60086E7	6454
1083600.0	529
6693600.0	3508
1.44354E7	5841
8668200.0	4464
1.12896E7	4845
1.1814E7	4984
541800.0	66
3346800.0	1600
6431400.0	3336
9192600.0	4527
1.23384E7	5175
1.49598E7	6036
5123400.0	2688
1.3917E7	5698
1.07712E7	4665
3872400.0	1924
2430600.0	1127
8007000.0	4175
1.12956E7	4845
1.65384E7	6593
8674200.0	4464
7744800.0	3930
4861200.0	2534
1084200.0	529
1.182E7	4984
1.44414E7	5841
2692800.0	1298
1.28682E7	5333
1.54896E7	6277
9722400.0	4537
1674000.0	817
5910000.0	2998
4134600.0	1987
1.02468E7	4554
1.33926E7	5514
5385600.0	2796
1.68234E7	6625
1.6014E7	6462
837000.0	482
2955000.0	1344
5647800.0	2920
8269200.0	4254
673200.0	379
6958200.0	3542
1.1295E7	4845
1.44408E7	5841
8673600.0	4464
6696000.0	3508
1346400.0	699
1.49652E7	6036
9198000.0	4527
1.18194E7	4984
1.23438E7	5178
3348000.0	1600
6433800.0	3336
1.02462E7	4554
1.60134E7	6461
7482600.0	3847
3610200.0	1697
4599000.0	2224
2168400.0	1059
1.28676E7	5333
1.07706E7	4665
336600.0	40
1.39164E7	5698
1936200.0	969
1.65378E7	6593
7220400.0	3650
4336800.0	2099
1.3392E7	5514
1.60152E7	6466
7745400.0	3930
4861800.0	2536
1.0248E7	4554
1.28694E7	5333
7483200.0	3847
2299800.0	1067
1.07724E7	4665
1.39182E7	5699
1.65396E7	6595
1.33938E7	5514
7221000.0	3650
3741600.0	1829
4599600.0	2224
1608600.0	813
1.18206E7	4984
4003800.0	1977
5386200.0	2796
8269800.0	4254
1.4442E7	5842
2562000.0	1230
1.68258E7	6625
9199200.0	4527
8007600.0	4175
1.2345E7	5178
1.54908E7	6278
9723600.0	4537
5124000.0	2689
1.49664E7	6036
6434400.0	3336
1.6539E7	6593
1.07718E7	4665
1.33932E7	5514
1.60146E7	6463
3217200.0	1517
28200.0	1
1281000.0	661
1.12962E7	4845
6172200.0	3226
8674800.0	4464
1.39176E7	5699
9198600.0	4527
1.68246E7	6625
1.49658E7	6036
56400.0	1
1870800.0	925
9723000.0	4537
1.23444E7	5178
4337400.0	2099
6958800.0	3542
1.28688E7	5333
112800.0	5
935400.0	521
3479400.0	1624
1.02474E7	4554
1.54902E7	6277
6696600.0	3508
9720600.0	4536
1.28664E7	5333
5908800.0	2998
2067000.0	1024
6171000.0	3226
1.54878E7	6277
225600.0	28
1.0245E7	4554
1.33908E7	5514
1.68198E7	6625
2954400.0	1342
5646600.0	2920
451200.0	44
1.07694E7	4665
1.60122E7	6455
1.4439E7	5841
6695400.0	3508
3216600.0	1517
8671800.0	4464
1.12932E7	4845
1215000.0	634
902400.0	520
6433200.0	3336
9196200.0	4527
1.49634E7	6036
1.18176E7	4984
1.2342E7	5178
1804800.0	882
7743600.0	3930
1.60116E7	6455
1.02444E7	4554
1.33902E7	5514
1.28658E7	5333
4860000.0	2526
3609600.0	1697
1.07688E7	4665
3871800.0	1924
7481400.0	3847
1.39146E7	5694
1.6536E7	6592
2430000.0	1127
4597800.0	2224
7219200.0	3650
5384400.0	2790
1.49628E7	6036
1.1817E7	4984
1477200.0	780
8268000.0	4254
1.68186E7	6625
9195600.0	4527
1.44384E7	5841
2692200.0	1298
1.54872E7	6277
8005800.0	4175
1.23414E7	5178
5122200.0	2687
738600.0	442
4134000.0	1987
9720000.0	4536
1.18188E7	4984
574800.0	187
1.49646E7	6036
9197400.0	4527
1.44402E7	5841
1.68222E7	6625
5647200.0	2920
4003200.0	1977
1.5489E7	6277
1149600.0	603
8268600.0	4254
1.23432E7	5178
9721800.0	4537
2823600.0	1335
5385000.0	2796
8006400.0	4175
1.65372E7	6593
6171600.0	3226
1.33914E7	5514
1.077E7	4665
1.60128E7	6457
5909400.0	2998
287400.0	38
1739400.0	841
3085800.0	1432
1.39158E7	5694
8673000.0	4464
1.12944E7	4845
1.6821E7	6625
9196800.0	4527
3478800.0	1624
4336200.0	2099
1.4964E7	6036
9721200.0	4537
7219800.0	3650
250200.0	28
1.23426E7	5178
6957600.0	3542
500400.0	45
1.02456E7	4554
1.2867E7	5333
1.54884E7	6277
2299200.0	1067
1.39152E7	5694
3741000.0	1828
1.12938E7	4845
1.65366E7	6592
1411800.0	766
1000800.0	522
5122800.0	2688
7744200.0	3930
4598400.0	2224
8672400.0	4464
7482000.0	3847
4860600.0	2528
1.18182E7	4984
1.44396E7	5841
2001600.0	985
2561400.0	1230
1.33968E7	5514
6436200.0	3336
1412400.0	767
1.07754E7	4665
3087000.0	1432
1.60182E7	6472
706200.0	392
6174000.0	3227
1.39212E7	5703
1.12998E7	4845
1.65426E7	6595
3349200.0	1600
9202200.0	4527
1.68318E7	6625
2002200.0	985
1.2348E7	5178
1.49694E7	6036
6960600.0	3542
6698400.0	3508
1.28724E7	5333
9726600.0	4537
1.54938E7	6278
1.0251E7	4554
1.39206E7	5703
8008800.0	4175
1.07748E7	4665
5125200.0	2691
1.6542E7	6595
1674600.0	817
1.4445E7	5842
4863000.0	2542
8677800.0	4464
1.12992E7	4845
4004400.0	1978
2562600.0	1230
7746600.0	3930
1.18236E7	4984
9726000.0	4537
5649600.0	2925
1.23474E7	5178
1.28718E7	5333
1.54932E7	6278
5911800.0	2999
1.33962E7	5514
2824800.0	1335
5387400.0	2800
1.60176E7	6471
1.02504E7	4554
1.68306E7	6625
8271000.0	4254
135600.0	9
5912400.0	2999
9727800.0	4537
1.23492E7	5178
1.5495E7	6278
1347000.0	699
968400.0	522
271200.0	34
2956200.0	1344
5650200.0	2926
1.02522E7	4554
1.3398E7	5514
1.60194E7	6472
1.28736E7	5333
1.68342E7	6625
1936800.0	969
542400.0	66
1.13004E7	4845
1.44462E7	5843
6699000.0	3508
6436800.0	3336
8679000.0	4464
1.39218E7	5703
1084800.0	529
1.49706E7	6036
1.18248E7	4984
6174600.0	3227
3218400.0	1517
9203400.0	4527
484200.0	45
2169600.0	1059
1.60188E7	6472
1609200.0	814
1.02516E7	4554
1.2873E7	5333
1.54944E7	6278
4863600.0	2543
7485000.0	3847
3611400.0	1697
4339200.0	2099
1.65432E7	6595
804600.0	481
1.33974E7	5514
1.0776E7	4665
2431800.0	1128
4601400.0	2224
7222800.0	3650
8678400.0	4464
8271600.0	4254
5388000.0	2801
3873600.0	1924
1.6833E7	6625
9202800.0	4527
1.18242E7	4984
1.44456E7	5843
8009400.0	4175
1.23486E7	5178
4135800.0	1987
5125800.0	2697
2694000.0	1298
7747200.0	3930
9727200.0	4537
1.497E7	6036
1.68282E7	6625
7221600.0	3650
9200400.0	4527
4338000.0	2099
771600.0	442
1.49676E7	6036
1.23462E7	5178
6959400.0	3542
1.28706E7	5333
9724800.0	4537
3610800.0	1697
2169000.0	1059
1543200.0	803
1.5492E7	6278
1.02492E7	4554
1.39188E7	5699
4862400.0	2541
1.0773E7	4665
7746000.0	3930
1.12974E7	4845
1.65402E7	6595
5124600.0	2690
2431200.0	1127
4600200.0	2224
1.44432E7	5842
8676000.0	4464
385800.0	41
3873000.0	1924
7483800.0	3847
1.18218E7	4984
2824200.0	1335
1215600.0	634
5910600.0	2998
1.54914E7	6278
1.287E7	5333
9724200.0	4537
1.23456E7	5178
1.02486E7	4554
5648400.0	2920
607800.0	228
1.33944E7	5514
1.6827E7	6625
1.60158E7	6471
1.12968E7	4845
1805400.0	882
6697200.0	3508
1.44426E7	5842
3086400.0	1432
8675400.0	4464
67800.0	1
1.18212E7	4984
3348600.0	1600
6435000.0	3336
9199800.0	4527
6172800.0	3227
1.4967E7	6036
1.12986E7	4845
1.44444E7	5842
8677200.0	4464
1.392E7	5702
6697800.0	3508
3217800.0	1517
1.49688E7	6036
1.1823E7	4984
9201600.0	4527
6435600.0	3336
1477800.0	780
7484400.0	3847
1.6017E7	6471
4600800.0	2224
3480000.0	1624
1.02498E7	4554
1.28712E7	5333
2067600.0	1024
3742200.0	1829
1.07742E7	4665
1.65414E7	6595
7222200.0	3650
2300400.0	1067
4338600.0	2099
6960000.0	3542
1.33956E7	5514
1033800.0	522
2693400.0	1298
1.44438E7	5842
1150200.0	603
870000.0	486
9201000.0	4527
1.68294E7	6625
1.18224E7	4984
5649000.0	2925
8270400.0	4254
1.23468E7	5178
1.54926E7	6278
5386800.0	2796
9725400.0	4537
1740000.0	842
8008200.0	4175
1.49682E7	6036
4135200.0	1987
6173400.0	3227
1.07736E7	4665
1.60164E7	6471
2955600.0	1344
1.3395E7	5514
435000.0	42
5911200.0	2999
8676600.0	4464
1.1298E7	4845
1.39194E7	5701
1.65408E7	6595
4603200.0	2224
1740600.0	842
184800.0	15
7486800.0	3849
4865400.0	2544
1.02552E7	4554
1.28766E7	5333
1.5498E7	6278
1.68402E7	6625
2301600.0	1067
1.65468E7	6595
4341000.0	2102
369600.0	41
3743400.0	1830
1.3401E7	5515
7224600.0	3650
1.07796E7	4665
1.60224E7	6472
8273400.0	4254
8682000.0	4464
739200.0	442
1.18278E7	4984
1.44492E7	5843
5389800.0	2807
8011200.0	4175
2563800.0	1230
9206400.0	4527
1478400.0	780
1.49736E7	6036
9730800.0	4537
4005600.0	1978
1.23522E7	5178
5127600.0	2704
7749000.0	3930
1.02546E7	4554
1.34004E7	5515
6438000.0	3336
2956800.0	1347
1.0779E7	4665
1.60218E7	6472
2002800.0	985
1.39248E7	5709
3219000.0	1517
5913600.0	2999
1.13034E7	4845
6175800.0	3227
1.65462E7	6595
1001400.0	522
1150800.0	603
6962400.0	3542
9205800.0	4527
1.4973E7	6036
1.6839E7	6625
1.18272E7	4984
1.23516E7	5178
575400.0	187
9730200.0	4537
3481200.0	1624
6700200.0	3508
1.2876E7	5333
1.54974E7	6278
1.49748E7	6036
1.68426E7	6625
7225200.0	3650
9207600.0	4527
1.1829E7	4984
4341600.0	2105
1.23534E7	5178
3350400.0	1600
6963000.0	3542
1.28778E7	5333
1.54992E7	6278
9732000.0	4537
3612600.0	1697
2170800.0	1059
6700800.0	3508
1.07802E7	4665
1.3926E7	5710
7749600.0	3930
4866000.0	2544
1.65474E7	6595
1.34016E7	5515
3874800.0	1924
2433000.0	1133
7487400.0	3849
1.13046E7	4845
4603800.0	2224
1.44504E7	5844
8683200.0	4464
1413000.0	769
5914200.0	2999
1.54986E7	6278
1.23528E7	5178
1937400.0	970
209400.0	27
9731400.0	4537
2826000.0	1335
1.02558E7	4554
1.6023E7	6473
418800.0	42
1.28772E7	5333
1.68414E7	6625
5652000.0	2926
3088200.0	1432
1085400.0	529
837600.0	482
1.39254E7	5709
6438600.0	3336
8682600.0	4464
1.1304E7	4845
1.18284E7	4984
6176400.0	3227
1.49742E7	6036
1675200.0	817
9207000.0	4527
1.44498E7	5844
8680200.0	4464
2563200.0	1230
5650800.0	2926
4005000.0	1978
1.1826E7	4984
8272200.0	4254
9204600.0	4527
1.44474E7	5843
1.68366E7	6625
5126400.0	2701
1871400.0	925
2825400.0	1335
5388600.0	2802
8010000.0	4175
9729000.0	4537
1.23504E7	5178
1.49718E7	6036
1.33986E7	5514
1.02528E7	4554
1.07772E7	4665
1.602E7	6472
6175200.0	3227
1.13016E7	4845
5913000.0	2999
1.3923E7	5704
1.65444E7	6595
3087600.0	1432
7223400.0	3650
160200.0	9
1.49712E7	6036
1.68354E7	6625
9204000.0	4527
3480600.0	1624
4339800.0	2101
1.23498E7	5178
1543800.0	803
9728400.0	4537
320400.0	40
1.28742E7	5333
6961200.0	3542
1.54956E7	6278
4864200.0	2543
640800.0	368
3742800.0	1830
2301000.0	1067
1.39224E7	5703
1.07766E7	4665
1.65438E7	6595
7747800.0	3930
1.44468E7	5843
1281600.0	661
7485600.0	3847
1.1301E7	4845
4602000.0	2224
8679600.0	4464
1.18254E7	4984
1.07784E7	4665
3874200.0	1924
8010600.0	4175
5127000.0	2703
1.39242E7	5708
1.65456E7	6595
2432400.0	1129
1806000.0	882
1.44486E7	5843
7748400.0	3930
8681400.0	4464
1.13028E7	4845
4864800.0	2544
903000.0	520
2694600.0	1298
1.54968E7	6278
1.2351E7	5178
4136400.0	1987
5651400.0	2926
9729600.0	4537
5389200.0	2807
1.60212E7	6472
1.0254E7	4554
1.33998E7	5515
8272800.0	4254
1.28754E7	5333
1.68378E7	6625
1.13022E7	4845
1.39236E7	5705
8680800.0	4464
6699600.0	3508
1.49724E7	6036
1.18266E7	4984
2068200.0	1024
9205200.0	4527
1.4448E7	5843
3349800.0	1600
6437400.0	3336
1.60206E7	6472
7486200.0	3849
46200.0	1
1.02534E7	4554
4602600.0	2224
7224000.0	3650
2170200.0	1059
1.54962E7	6278
1.28748E7	5333
1.6545E7	6595
92400.0	1
6961800.0	3542
1216200.0	634
3612000.0	1697
4340400.0	2102
1.07778E7	4665
1.33992E7	5514
1.23564E7	5178
608400.0	237
1.55022E7	6278
9735000.0	4537
1.49778E7	6036
5916000.0	2999
4137600.0	1987
1216800.0	634
1.60266E7	6473
1.02594E7	4554
1.28808E7	5334
1.68486E7	6625
2958000.0	1347
5653800.0	2926
8275200.0	4254
6440400.0	3336
8686200.0	4464
1.13076E7	4845
1.3929E7	5722
1.65504E7	6595
6178200.0	3227
304200.0	40
1806600.0	882
1.44534E7	5848
3220200.0	1517
9210600.0	4527
1.1832E7	4984
1.28802E7	5334
9734400.0	4537
3613200.0	1697
4605000.0	2224
2171400.0	1059
1.55016E7	6278
7488600.0	3849
1.02588E7	4554
258600.0	29
1.68474E7	6625
7226400.0	3650
4342800.0	2108
1.07832E7	4665
1.6026E7	6473
1.34046E7	5520
517200.0	45
2433600.0	1133
1.44528E7	5845
8685600.0	4464
5391600.0	2811
3875400.0	1924
1.18314E7	4984
8013000.0	4175
1479000.0	781
1034400.0	522
4867200.0	2544
9210000.0	4527
2695800.0	1298
7750800.0	3930
1.49772E7	6036
117000.0	7
1.23558E7	5178
5129400.0	2706
2068800.0	1024
1.44546E7	5848
8687400.0	4464
1.13088E7	4845
4006800.0	1978
5392200.0	2812
2565000.0	1230
1.18332E7	4984
8275800.0	4254
9211800.0	4527
8013600.0	4175
5130000.0	2706
1151400.0	603
1.23576E7	5178
1.4979E7	6036
1.34058E7	5528
2827200.0	1335
1.60272E7	6473
1.026E7	4554
1741200.0	847
6178800.0	3227
1.39302E7	5724
5654400.0	2926
1.07844E7	4665
5916600.0	2999
1.65516E7	6595
870600.0	486
3089400.0	1432
1.49784E7	6036
706800.0	392
7227000.0	3650
1.18326E7	4984
1.68498E7	6625
9211200.0	4527
4343400.0	2108
6964800.0	3542
9735600.0	4537
1413600.0	769
1.2357E7	5178
1.28814E7	5334
1.55028E7	6278
3482400.0	1625
6702600.0	3508
3744600.0	1830
1.07838E7	4665
4867800.0	2544
1.6551E7	6595
7751400.0	3930
2302800.0	1067
1.34052E7	5524
7489200.0	3849
1.13082E7	4845
353400.0	40
1.4454E7	5848
2003400.0	993
4605600.0	2224
8686800.0	4464
1.39296E7	5723
3219600.0	1517
1.13058E7	4845
8684400.0	4464
1.39272E7	5719
6701400.0	3508
6439200.0	3336
1.18302E7	4984
1.44516E7	5845
9208800.0	4527
1.28784E7	5333
1347600.0	699
7225800.0	3650
4604400.0	2224
3481800.0	1625
1.0257E7	4554
1.54998E7	6278
1.65486E7	6595
1.68438E7	6625
673800.0	379
2302200.0	1067
4342200.0	2105
6963600.0	3542
1.07814E7	4665
1.34028E7	5515
1.60242E7	6473
8683800.0	4464
5390400.0	2811
1.18296E7	4984
5652600.0	2926
8274000.0	4254
1.4451E7	5845
9208200.0	4527
5128200.0	2704
2695200.0	1298
8011800.0	4175
1.49754E7	6036
4137000.0	1987
9732600.0	4537
1.2354E7	5178
1.02564E7	4554
1.34022E7	5515
1.60236E7	6473
2957400.0	1347
6177000.0	3227
1609800.0	814
1.39266E7	5713
1.07808E7	4665
5914800.0	2999
1.13052E7	4845
1.6548E7	6595
1.02582E7	4554
1.3404E7	5517
6439800.0	3336
6177600.0	3227
1.60254E7	6473
234000.0	28
1.39284E7	5722
5915400.0	2999
1.07826E7	4665
3088800.0	1432
1.1307E7	4845
1.65498E7	6595
468000.0	45
6964200.0	3542
1.18308E7	4984
3351000.0	1600
9209400.0	4527
1.49766E7	6036
1.68462E7	6625
1282200.0	661
936000.0	521
1.5501E7	6278
6702000.0	3508
1.28796E7	5334
9733800.0	4537
1.23552E7	5178
1872000.0	925
8012400.0	4175
1.0782E7	4665
1.39278E7	5719
1.65492E7	6595
1.34034E7	5517
5128800.0	2705
3744000.0	1830
1.13064E7	4845
4006200.0	1978
7750200.0	3930
1.44522E7	5845
4866600.0	2544
8685000.0	4464
2564400.0	1230
7488000.0	3849
5653200.0	2926
1.23546E7	5178
1.55004E7	6278
1544400.0	803
9733200.0	4537
1.4976E7	6036
2826600.0	1335
5391000.0	2811
1.60248E7	6473
8274600.0	4254
772200.0	442
1.02576E7	4554
1.2879E7	5334
1.6845E7	6625
1.4982E7	6037
1.18362E7	4984
6966600.0	3542
1.6857E7	6627
9214800.0	4527
1.44576E7	5850
4345200.0	2109
3352200.0	1600
1.55064E7	6278
1.23606E7	5179
9739200.0	4537
2172600.0	1059
6704400.0	3508
1545000.0	803
7753200.0	3930
1.65546E7	6595
4869600.0	2546
3614400.0	1697
1.07874E7	4665
1.34088E7	5532
3876600.0	1924
7491000.0	3849
1.13118E7	4845
1.39332E7	5731
2434800.0	1138
4607400.0	2225
7228800.0	3650
8690400.0	4464
2827800.0	1335
1217400.0	634
903600.0	521
5917800.0	2999
9738600.0	4537
1.236E7	5179
1.49814E7	6037
1.60302E7	6475
1.0263E7	4554
5655600.0	2927
1807200.0	882
1.55058E7	6278
8277000.0	4254
1.28844E7	5334
1.68558E7	6627
1.13112E7	4845
1.39326E7	5729
1.6554E7	6595
6442200.0	3336
3090000.0	1432
8689800.0	4464
451800.0	44
1.18356E7	4984
9214200.0	4527
1.4457E7	5850
6180000.0	3228
1.39344E7	5731
6705000.0	3508
3221400.0	1519
1479600.0	784
1.1313E7	4845
1.65558E7	6596
8691600.0	4465
6442800.0	3336
739800.0	442
1.18374E7	4984
1.44588E7	5852
9739800.0	4537
3483600.0	1625
4345800.0	2109
1.28856E7	5336
2069400.0	1024
1.5507E7	6278
7229400.0	3650
6967200.0	3542
1.02642E7	4554
1.341E7	5536
1.68582E7	6627
1.07886E7	4665
1.60314E7	6475
5394000.0	2812
1.44582E7	5850
8277600.0	4254
8691000.0	4465
1.13124E7	4845
2697000.0	1298
1741800.0	851
8015400.0	4175
9215400.0	4527
5131800.0	2712
1.49826E7	6037
1.18368E7	4984
4138800.0	1987
1.23612E7	5179
1.60308E7	6475
1.02636E7	4554
5918400.0	2999
1.34094E7	5536
6180600.0	3228
1.2885E7	5335
1.0788E7	4665
2959200.0	1347
5656200.0	2927
1.39338E7	5731
1.65552E7	6595
1086000.0	529
8014200.0	4175
1.65528E7	6595
5130600.0	2708
1.3407E7	5528
1.07856E7	4665
7752000.0	3930
2434200.0	1135
543000.0	68
1.131E7	4845
1.44558E7	5849
8688600.0	4464
1.39314E7	5728
3876000.0	1924
4868400.0	2544
7489800.0	3849
1.23582E7	5178
1675800.0	817
4138200.0	1987
5655000.0	2927
2696400.0	1298
9736800.0	4537
1.49796E7	6036
1.60284E7	6475
8276400.0	4254
1.02612E7	4554
5392800.0	2812
1.28826E7	5334
1.5504E7	6278
1.68522E7	6625
6703200.0	3508
1.39308E7	5724
1.13094E7	4845
1.65522E7	6595
8688000.0	4464
3351600.0	1600
6441000.0	3336
1348200.0	699
9212400.0	4527
1.18338E7	4984
1.44552E7	5848
4344000.0	2109
1.2882E7	5334
9736200.0	4537
1.55034E7	6278
1.02606E7	4554
1938000.0	971
4606200.0	2224
7227600.0	3650
2172000.0	1059
1.34064E7	5528
1.6851E7	6625
1.0785E7	4665
6965400.0	3542
969000.0	522
1.60278E7	6473
3613800.0	1697
9738000.0	4537
1.28838E7	5334
7490400.0	3849
4606800.0	2224
805200.0	482
1.55052E7	6278
1.34082E7	5531
7228200.0	3650
1.02624E7	4554
3745200.0	1830
1.68546E7	6626
2303400.0	1067
4344600.0	2109
1610400.0	815
1.07868E7	4665
1.60296E7	6475
1.44564E7	5850
5131200.0	2708
1.13106E7	4845
8689200.0	4464
1.1835E7	4984
5393400.0	2812
8014800.0	4175
4869000.0	2544
2565600.0	1230
1.49808E7	6037
9213600.0	4527
402600.0	42
4007400.0	1978
1.23594E7	5178
7752600.0	3930
2958600.0	1347
1282800.0	661
6179400.0	3228
1.02618E7	4554
1.34076E7	5528
1.6029E7	6475
1.28832E7	5334
5917200.0	2999
641400.0	377
1.3932E7	5728
1.07862E7	4665
1.65534E7	6595
1.49802E7	6036
1.18344E7	4984
1872600.0	925
6966000.0	3542
3220800.0	1518
9213000.0	4527
1.68534E7	6625
9737400.0	4537
1.23588E7	5178
3483000.0	1625
1.55046E7	6278
6703800.0	3508
6441600.0	3336
1.1316E7	4845
4008600.0	1978
5395800.0	2817
8279400.0	4254
1.44618E7	5852
8694600.0	4465
2566800.0	1230
1873200.0	925
8017200.0	4175
1.18404E7	4984
9219000.0	4527
1.49862E7	6037
5133600.0	2714
936600.0	521
2829000.0	1335
1.60344E7	6475
5920200.0	2999
1.02672E7	4554
1.28886E7	5337
5658000.0	2927
1.07916E7	4665
1.39374E7	5740
1.65588E7	6596
1.3413E7	5543
1.18398E7	4984
1.44612E7	5852
1.68642E7	6635
9218400.0	4527
4347000.0	2110
6968400.0	3542
1.23642E7	5179
1.551E7	6278
9742800.0	4537
1.49856E7	6037
3484200.0	1625
6706200.0	3508
1.65582E7	6596
7755000.0	3930
4871400.0	2546
7492800.0	3849
2304600.0	1067
1.0791E7	4665
1.34124E7	5542
1.60338E7	6475
7230600.0	3651
1283400.0	661
3746400.0	1830
1.13154E7	4845
4609200.0	2225
8694000.0	4465
1.39368E7	5740
4872000.0	2546
1807800.0	882
193200.0	17
1.07928E7	4665
7755600.0	3930
1.60356E7	6475
5134200.0	2714
1.34142E7	5548
2436000.0	1141
4609800.0	2225
386400.0	41
3877800.0	1924
7493400.0	3849
8695800.0	4465
1.13172E7	4845
1.39386E7	5744
1.656E7	6596
1.68666E7	6639
9219600.0	4527
772800.0	442
2698200.0	1298
1.49868E7	6037
1.23654E7	5179
5658600.0	2927
8280000.0	4254
1.28898E7	5339
9744000.0	4537
1545600.0	803
5396400.0	2817
1.55112E7	6278
8017800.0	4175
1.02684E7	4554
4140000.0	1987
1.3938E7	5741
9000.0	0
6706800.0	3508
1.07922E7	4665
3091200.0	1432
1.13166E7	4845
1.65594E7	6596
2070000.0	1024
18000.0	0
1.44624E7	5852
8695200.0	4465
3353400.0	1600
6444600.0	3336
6182400.0	3228
1.1841E7	4984
1035000.0	522
36000.0	1
1218000.0	634
7231200.0	3651
4347600.0	2121
1.55106E7	6278
1.28892E7	5338
9743400.0	4537
1.23648E7	5179
6969000.0	3542
1.02678E7	4554
72000.0	1
609000.0	246
3615600.0	1697
2173800.0	1059
1.34136E7	5548
1.68654E7	6638
1.6035E7	6475
144000.0	9
6181200.0	3228
1.02654E7	4554
1.60326E7	6475
1.28868E7	5336
1414200.0	771
1002000.0	522
5919000.0	2999
288000.0	38
1.07898E7	4665
3090600.0	1432
1.39356E7	5737
1.6557E7	6596
1.34112E7	5542
2004000.0	994
1.1838E7	4984
576000.0	187
1.49838E7	6037
6967800.0	3542
6705600.0	3508
9216600.0	4527
1.44594E7	5852
1.68606E7	6628
1.55082E7	6278
1152000.0	604
1.23624E7	5179
3352800.0	1600
6443400.0	3336
9741000.0	4537
501000.0	45
2304000.0	1067
1.65564E7	6596
3745800.0	1830
1676400.0	817
1.34106E7	5538
1.07892E7	4665
1.6032E7	6475
5132400.0	2714
7753800.0	3930
4608000.0	2225
7491600.0	3849
838200.0	482
1.3935E7	5737
4870200.0	2546
8692200.0	4465
1.13136E7	4845
2566200.0	1230
1.68594E7	6628
9216000.0	4527
1.49832E7	6037
9740400.0	4537
5656800.0	2927
4008000.0	1978
1.23618E7	5179
8278200.0	4254
96600.0	1
2828400.0	1335
5394600.0	2812
8016000.0	4175
1.02648E7	4554
1.28862E7	5336
1.55076E7	6278
9217800.0	4527
1.6863E7	6632
2697600.0	1298
1.4985E7	6037
5919600.0	2999
4139400.0	1987
9742200.0	4537
1.23636E7	5179
1.2888E7	5336
5395200.0	2813
1938600.0	971
2959800.0	1347
5657400.0	2927
8278800.0	4254
1.02666E7	4554
1.55094E7	6278
6444000.0	3336
1.39362E7	5737
1.07904E7	4665
1.13148E7	4845
1.65576E7	6596
3222000.0	1519
8693400.0	4465
1086600.0	529
1.18392E7	4984
1.44606E7	5852
6181800.0	3228
1611000.0	815
168600.0	9
1.28874E7	5336
1.55088E7	6278
7492200.0	3849
9741600.0	4537
3615000.0	1697
4608600.0	2225
2173200.0	1059
1.0266E7	4554
1.34118E7	5542
337200.0	40
1.68618E7	6630
7230000.0	3650
4346400.0	2110
1.60332E7	6475
5133000.0	2714
674400.0	379
3877200.0	1924
2435400.0	1139
1.13142E7	4845
1.446E7	5852
8016600.0	4175
8692800.0	4465
1348800.0	699
7754400.0	3930
4870800.0	2546
1.49844E7	6037
9217200.0	4527
1.18386E7	4984
1.2363E7	5179
1.39416E7	5749
6708600.0	3508
1.07958E7	4665
6446400.0	3337
1.6563E7	6596
242400.0	28
1.4466E7	5854
1.13202E7	4845
6184200.0	3228
8698800.0	4465
3223200.0	1519
1.18446E7	4984
484800.0	45
7233000.0	3652
9747000.0	4537
1.23684E7	5179
3485400.0	1625
4349400.0	2126
1.55142E7	6278
1349400.0	699
969600.0	522
6970800.0	3542
1.02714E7	4554
1.34172E7	5554
1.60386E7	6475
1.28928E7	5343
1.68726E7	6647
1939200.0	971
8281200.0	4254
1.13196E7	4845
1.44654E7	5854
8698200.0	4465
1.3941E7	5747
5397600.0	2817
3878400.0	1924
8019000.0	4175
1.49898E7	6037
1.1844E7	4984
4140600.0	1987
9222600.0	4527
5135400.0	2714
2698800.0	1299
7756800.0	3930
1.6038E7	6475
5922000.0	2999
1611600.0	815
1.02708E7	4554
1.28922E7	5343
1.55136E7	6278
2961000.0	1348
5659800.0	2927
1.65624E7	6596
805800.0	482
1.34166E7	5553
1.07952E7	4665
1.60398E7	6475
642000.0	379
1.02726E7	4554
1.55154E7	6278
1.2894E7	5345
6184800.0	3228
1.65642E7	6596
1284000.0	661
5922600.0	2999
1.0797E7	4665
1.34184E7	5555
3092400.0	1432
8699400.0	4465
1.18452E7	4984
6709200.0	3508
9223800.0	4527
1.44666E7	5854
1.6875E7	6647
321000.0	40
1873800.0	925
3354600.0	1600
6447000.0	3337
9748200.0	4537
1.23696E7	5180
1.4991E7	6037
4873800.0	2549
1.34178E7	5555
1.0272E7	4554
3747600.0	1830
2305800.0	1067
1.07964E7	4665
1.60392E7	6475
7757400.0	3930
7495200.0	3849
4611600.0	2225
1.13208E7	4845
1.39422E7	5749
1.65636E7	6596
2568000.0	1230
1.49904E7	6037
1.68738E7	6647
9223200.0	4527
5660400.0	2927
4009800.0	1978
1.2369E7	5180
8281800.0	4254
1546200.0	803
9747600.0	4537
5136000.0	2714
1.28934E7	5343
2830200.0	1335
5398200.0	2818
8019600.0	4175
1.55148E7	6278
7494000.0	3849
9745200.0	4537
1.23666E7	5179
1.2891E7	5343
1.55124E7	6278
4610400.0	2225
3484800.0	1625
3747000.0	1830
1.34154E7	5553
7231800.0	3651
1.60368E7	6475
1.02696E7	4554
1.6869E7	6640
2305200.0	1067
4348200.0	2125
6969600.0	3542
1.13178E7	4845
1.44636E7	5852
8018400.0	4175
5134800.0	2714
8696400.0	4465
1.39392E7	5747
1.4988E7	6037
4872600.0	2549
1.18422E7	4984
4009200.0	1978
2567400.0	1230
7756200.0	3930
9220800.0	4527
1480200.0	784
6183000.0	3228
1.60362E7	6475
2004600.0	994
217800.0	28
1.0269E7	4554
1.28904E7	5341
2960400.0	1347
1.07934E7	4665
1.65606E7	6596
435600.0	42
1.34148E7	5551
5920800.0	2999
1.4463E7	5852
1152600.0	604
871200.0	486
6707400.0	3508
3222600.0	1519
9220200.0	4527
1.68678E7	6639
1.18416E7	4984
1.2366E7	5179
1.55118E7	6278
9744600.0	4537
1742400.0	853
6445200.0	3336
1.49874E7	6037
8697600.0	4465
3354000.0	1600
6970200.0	3542
1.68714E7	6647
9222000.0	4527
1.18434E7	4984
1.44648E7	5852
1.23678E7	5179
6708000.0	3508
9746400.0	4537
1.49892E7	6037
2174400.0	1059
1.3416E7	5553
1414800.0	771
1.07946E7	4665
1.60374E7	6475
4873200.0	2549
7494600.0	3849
3616200.0	1697
4348800.0	2126
707400.0	392
1.39404E7	5747
2436600.0	1143
1.1319E7	4845
1.65618E7	6596
4611000.0	2225
7232400.0	3652
543600.0	68
9221400.0	4527
1.68702E7	6647
5659200.0	2927
5921400.0	2999
1.23672E7	5179
1.49886E7	6037
1087200.0	529
1.28916E7	5343
9745800.0	4537
2829600.0	1335
5397000.0	2817
1.5513E7	6278
8280600.0	4254
1.02702E7	4554
1.39398E7	5747
6445800.0	3337
1.0794E7	4665
1.65612E7	6596
3091800.0	1432
60600.0	1
271800.0	34
1677000.0	817
1.44642E7	5852
8697000.0	4465
1.13184E7	4845
1.18428E7	4984
6183600.0	3228
121200.0	9
1.02756E7	4554
1.34214E7	5558
7759200.0	3930
4875600.0	2551
1087800.0	529
1.60428E7	6475
838800.0	482
1.39458E7	5750
1.08E7	4665
3879600.0	1924
2437800.0	1145
7497000.0	3849
4613400.0	2225
1677600.0	817
1.13244E7	4845
1.65672E7	6596
5400000.0	2819
1.4994E7	6038
1.6881E7	6656
9226800.0	4527
1.18482E7	4984
1.23726E7	5188
5662200.0	2927
8283600.0	4254
5137800.0	2716
2700000.0	1299
1.2897E7	5349
1.55184E7	6278
9751200.0	4537
8021400.0	4175
419400.0	42
4141800.0	1987
1.07994E7	4665
3093000.0	1432
1350000.0	699
1.39452E7	5750
1.65666E7	6596
1.34208E7	5558
6448200.0	3337
6186000.0	3228
675000.0	379
1.13238E7	4845
1.44696E7	5856
8702400.0	4468
1.55178E7	6278
1.2372E7	5185
1939800.0	971
7234800.0	3652
4351200.0	2128
3355200.0	1600
9750600.0	4537
6972600.0	3542
1.0275E7	4554
1.60422E7	6475
3617400.0	1697
2175600.0	1059
6710400.0	3508
1.28964E7	5349
1.68798E7	6656
1.23738E7	5188
1.55196E7	6279
9752400.0	4537
7235400.0	3652
1.49952E7	6038
4614000.0	2225
3486600.0	1625
1612200.0	815
1.6044E7	6475
1.02768E7	4554
1.28982E7	5353
1.68834E7	6657
2307000.0	1067
4351800.0	2128
6973200.0	3542
8022000.0	4175
5138400.0	2716
3748800.0	1830
1.1325E7	4845
8703600.0	4468
1.39464E7	5755
1.18494E7	4984
4011000.0	1978
7759800.0	3930
4876200.0	2551
1.44708E7	5856
2569200.0	1230
7497600.0	3849
9228000.0	4527
1.28976E7	5350
2962200.0	1348
1284600.0	661
937200.0	521
6186600.0	3228
1.02762E7	4554
1.5519E7	6278
1.65678E7	6596
1.68822E7	6656
5924400.0	2999
1874400.0	925
1.08006E7	4665
1.3422E7	5558
1.60434E7	6475
3224400.0	1522
8703000.0	4468
1.18488E7	4984
1.44702E7	5856
6711000.0	3508
6448800.0	3337
9227400.0	4527
1.49946E7	6038
468600.0	45
9751800.0	4537
1.23732E7	5188
2699400.0	1299
9225000.0	4527
1.49922E7	6037
1.68774E7	6654
1.18464E7	4984
4141200.0	1987
5661000.0	2927
1.23708E7	5181
5398800.0	2818
9749400.0	4537
1.28952E7	5347
8282400.0	4254
1218600.0	634
1.55166E7	6278
1.07976E7	4665
6447600.0	3337
2961600.0	1348
1.39434E7	5750
1.65648E7	6596
1808400.0	882
1.44678E7	5856
3223800.0	1520
5923200.0	2999
8700600.0	4466
1.1322E7	4845
6185400.0	3228
904200.0	521
1.5516E7	6278
7495800.0	3849
1.23702E7	5180
740400.0	442
9748800.0	4537
4612200.0	2225
7233600.0	3652
2175000.0	1059
1.60404E7	6475
1.02732E7	4554
1480800.0	784
1.3419E7	5555
6971400.0	3542
1.28946E7	5345
1.68762E7	6648
3616800.0	1697
4350000.0	2126
3879000.0	1924
1.13214E7	4845
8020200.0	4175
5136600.0	2714
1.39428E7	5749
2437200.0	1143
8700000.0	4465
7758000.0	3930
1.49916E7	6037
1.18458E7	4984
370200.0	41
2070600.0	1024
4874400.0	2551
9224400.0	4527
1.44672E7	5856
1153200.0	604
8283000.0	4254
1.39446E7	5750
8701800.0	4468
1.13232E7	4845
5399400.0	2819
8020800.0	4175
2568600.0	1230
1.18476E7	4984
576600.0	187
1.49934E7	6038
9226200.0	4527
1.4469E7	5856
4010400.0	1978
5137200.0	2715
7758600.0	3930
5923800.0	2999
1743000.0	853
2830800.0	1335
1.02744E7	4554
1.28958E7	5349
1.55172E7	6278
1.68786E7	6656
1.6566E7	6596
1.34202E7	5557
5661600.0	2927
1.07988E7	4665
1.60416E7	6475
6972000.0	3542
8701200.0	4468
1.1847E7	4984
1.44684E7	5856
9225600.0	4527
3486000.0	1625
6709800.0	3508
1.49928E7	6037
9750000.0	4537
1415400.0	771
1.23714E7	5181
4612800.0	2225
1.02738E7	4554
1.34196E7	5555
7496400.0	3849
1.07982E7	4665
1.6041E7	6475
4875000.0	2551
2005200.0	997
2306400.0	1067
4350600.0	2127
1.3944E7	5750
3748200.0	1830
1.13226E7	4845
1.65654E7	6596
7234200.0	3652
1002600.0	522
1.29012E7	5364
9755400.0	4537
2832000.0	1335
1.55226E7	6281
6188400.0	3228
1.02798E7	4554
1.34256E7	5559
1.68894E7	6657
5664000.0	2927
2005800.0	997
5926200.0	2999
1.08042E7	4665
3094200.0	1432
1.6047E7	6475
6712800.0	3508
1.44738E7	5856
8706600.0	4468
1.1328E7	4845
1.18524E7	4984
3356400.0	1600
6450600.0	3337
9231000.0	4527
1153800.0	607
1.23768E7	5192
1.49982E7	6038
3749400.0	1830
1678200.0	817
4877400.0	2551
1.3425E7	5559
177000.0	9
1.60464E7	6475
7761000.0	3930
1.02792E7	4554
2307600.0	1067
7498800.0	3849
1.39494E7	5756
354000.0	40
1.08036E7	4665
4615200.0	2225
1.65708E7	6596
1.49976E7	6038
708000.0	397
1.18518E7	4984
4011600.0	1978
5401800.0	2819
2569800.0	1230
1.68882E7	6657
8285400.0	4257
9230400.0	4527
76200.0	1
9754800.0	4537
1416000.0	771
8023200.0	4175
1.23762E7	5188
5139600.0	2716
1.29006E7	5363
1.5522E7	6281
1.49994E7	6038
1.18536E7	4984
4143000.0	1987
5664600.0	2927
9232200.0	4527
1.68918E7	6657
2701200.0	1300
1940400.0	971
8286000.0	4257
9756600.0	4537
1.2378E7	5192
1.55238E7	6281
5402400.0	2819
970200.0	522
1088400.0	529
2963400.0	1348
1.6572E7	6596
6189000.0	3228
1.34262E7	5563
1.08048E7	4665
544200.0	68
5926800.0	2999
1.13292E7	4845
1.4475E7	5856
8707800.0	4468
1.39506E7	5758
4353600.0	2128
1.23774E7	5192
9756000.0	4537
1.49988E7	6038
4615800.0	2225
7237200.0	3652
2176800.0	1059
1.60476E7	6475
1.02804E7	4554
6975000.0	3542
1.29018E7	5364
1.55232E7	6281
1.68906E7	6657
3618600.0	1697
8023800.0	4175
5140200.0	2716
1.395E7	5758
7761600.0	3930
2439000.0	1146
1.13286E7	4845
1.65714E7	6596
8707200.0	4468
1350600.0	699
3880800.0	1924
4878000.0	2551
7499400.0	3849
9231600.0	4527
1.1853E7	4984
1.44744E7	5856
6973800.0	3542
1.4472E7	5856
8704800.0	4468
3355800.0	1600
1546800.0	803
1.18506E7	4984
9229200.0	4527
6711600.0	3508
773400.0	442
1.49964E7	6038
1.2375E7	5188
1.02774E7	4554
3618000.0	1697
4614600.0	2225
2176200.0	1059
1.34232E7	5558
1.60446E7	6475
7498200.0	3849
1.39476E7	5756
7236000.0	3652
4352400.0	2128
1.08018E7	4665
1.13262E7	4845
1.6569E7	6596
5662800.0	2927
1.185E7	4984
9228600.0	4527
1.49958E7	6038
1.68846E7	6657
2831400.0	1335
5400600.0	2819
1809000.0	882
1.55202E7	6279
8284200.0	4254
1.28988E7	5353
9753000.0	4537
1.23744E7	5188
1.08012E7	4665
1.3947E7	5756
1.65684E7	6596
6449400.0	3337
6187200.0	3228
1.34226E7	5558
1.13256E7	4845
5925000.0	2999
1.44714E7	5856
3093600.0	1432
8704200.0	4468
152400.0	9
1.0803E7	4665
1.65702E7	6596
1.34244E7	5559
6450000.0	3337
1481400.0	784
1035600.0	522
1.13274E7	4845
6187800.0	3228
304800.0	40
1.44732E7	5856
8706000.0	4468
1.39488E7	5756
3225000.0	1522
2071200.0	1024
1.23756E7	5188
609600.0	246
1.55214E7	6281
7236600.0	3652
9754200.0	4537
4353000.0	2128
6974400.0	3542
1.4997E7	6038
1219200.0	635
1.60458E7	6475
3487200.0	1625
1.02786E7	4554
6712200.0	3508
1.29E7	5361
1.6887E7	6657
517800.0	45
2438400.0	1145
5401200.0	2819
3880200.0	1924
1743600.0	853
8022600.0	4175
8705400.0	4468
1.13268E7	4845
1.39482E7	5756
1.65696E7	6596
4876800.0	2551
2700600.0	1300
1.44726E7	5856
7760400.0	3930
871800.0	486
9229800.0	4527
5139000.0	2716
1.18512E7	4984
1.28994E7	5355
9753600.0	4537
1.55208E7	6279
1.0278E7	4554
5925600.0	2999
4142400.0	1987
1.68858E7	6657
1.08024E7	4665
1.60452E7	6475
2962800.0	1348
1.34238E7	5559
5663400.0	2927
8284800.0	4257
1.68978E7	6660
9235200.0	4527
3488400.0	1625
4355400.0	2136
1.50024E7	6038
9759600.0	4537
7239000.0	3652
1.2381E7	5194
6976800.0	3542
1.0284E7	4554
1.29054E7	5364
1.55268E7	6281
2308800.0	1067
1.39536E7	5760
1482000.0	786
3750600.0	1831
1.13322E7	4845
1.6575E7	6596
5142000.0	2716
7763400.0	3930
4617600.0	2229
8710800.0	4468
741000.0	442
7501200.0	3849
4879800.0	2551
1.18566E7	4984
1.4478E7	5858
2571000.0	1230
577200.0	187
9759000.0	4537
1.29048E7	5364
5928000.0	2999
6190200.0	3228
1.55262E7	6281
1154400.0	608
1.02834E7	4554
1.34292E7	5566
1.68966E7	6660
2964000.0	1349
5665800.0	2927
1.08078E7	4666
1.60506E7	6475
1.44774E7	5858
6714600.0	3508
3226200.0	1525
8710200.0	4468
1.13316E7	4845
288600.0	38
1744200.0	854
6452400.0	3337
9234600.0	4527
1.50018E7	6038
1.1856E7	4984
1.23804E7	5194
6977400.0	3542
1.13334E7	4845
1.44792E7	5858
8712000.0	4468
6715200.0	3508
250800.0	28
1.50036E7	6038
9236400.0	4527
1.18578E7	4984
1.23822E7	5194
3357600.0	1600
6453000.0	3337
501600.0	45
1.02846E7	4554
1.60518E7	6475
7501800.0	3849
3619800.0	1697
4618200.0	2229
2178000.0	1059
1.2906E7	5364
1416600.0	771
1003200.0	522
1.0809E7	4667
1.39548E7	5760
1.65762E7	6596
7239600.0	3652
4356000.0	2139
1.34304E7	5569
2006400.0	997
1.18572E7	4984
1.5003E7	6038
12600.0	0
9235800.0	4527
1.44786E7	5858
1.6899E7	6660
5666400.0	2927
4012800.0	1978
1.55274E7	6281
8287800.0	4257
1.23816E7	5194
25200.0	1
1089000.0	529
9760200.0	4537
2833200.0	1335
5404200.0	2819
8025600.0	4175
1.65756E7	6596
6190800.0	3228
50400.0	1
1678800.0	819
1.34298E7	5566
1.08084E7	4666
1.60512E7	6475
5928600.0	2999
3095400.0	1432
100800.0	2
839400.0	482
1.39542E7	5760
8711400.0	4468
1.13328E7	4845
5140800.0	2716
1875000.0	925
201600.0	24
1.13304E7	4845
5403000.0	2819
8024400.0	4175
1.39518E7	5758
1.65732E7	6596
4878600.0	2551
8709000.0	4468
2570400.0	1230
403200.0	42
4012200.0	1978
7762200.0	3930
1.18548E7	4984
9233400.0	4527
1.44762E7	5856
9757200.0	4537
1.2903E7	5364
806400.0	482
2832600.0	1335
1.55244E7	6281
5927400.0	2999
1.34274E7	5566
1.02816E7	4554
1.6893E7	6657
1612800.0	815
5665200.0	2927
1.0806E7	4666
1.60488E7	6475
8286600.0	4257
1.44756E7	5856
1.13298E7	4845
6975600.0	3542
8708400.0	4468
3225600.0	1524
1.18542E7	4984
1.5E7	6038
9232800.0	4527
3487800.0	1625
6713400.0	3508
6451200.0	3337
1.23786E7	5192
1285200.0	661
7500000.0	3849
4616400.0	2225
1.0281E7	4554
1.34268E7	5563
1.60482E7	6475
1.29024E7	5364
7237800.0	3652
642600.0	379
3750000.0	1831
2308200.0	1067
4354200.0	2130
1.39512E7	5758
1.08054E7	4665
1.65726E7	6596
125400.0	9
7762800.0	3930
1.605E7	6475
1.02828E7	4554
1.34286E7	5566
1.29042E7	5364
4879200.0	2551
3619200.0	1697
1.08072E7	4666
3881400.0	1924
7500600.0	3849
1.3953E7	5760
1.65744E7	6596
2439600.0	1150
4617000.0	2229
7238400.0	3652
5403600.0	2819
1.50012E7	6038
1.18554E7	4984
8287200.0	4257
1.68954E7	6657
9234000.0	4527
1.44768E7	5856
2701800.0	1302
1.55256E7	6281
8025000.0	4175
1.23798E7	5192
5141400.0	2716
4143600.0	1992
9758400.0	4537
1547400.0	803
1.65738E7	6596
2071800.0	1024
226200.0	28
1.08066E7	4666
1.3428E7	5566
6451800.0	3337
3094800.0	1432
1.1331E7	4845
1.39524E7	5758
452400.0	44
8709600.0	4468
6189600.0	3228
6976200.0	3542
1219800.0	635
904800.0	521
4354800.0	2136
3357000.0	1600
9757800.0	4537
1.23792E7	5192
1.50006E7	6038
1.60494E7	6475
1.02822E7	4554
1809600.0	882
2177400.0	1059
1.5525E7	6281
6714000.0	3508
1.29036E7	5364
1.68942E7	6657
1220400.0	636
2703000.0	1306
1.44822E7	5858
9239400.0	4527
1.69062E7	6660
1.18608E7	4984
5668200.0	2927
8289600.0	4257
1.23852E7	5195
610200.0	246
1.5531E7	6281
5406000.0	2819
9763800.0	4537
8027400.0	4175
1.50066E7	6038
4144800.0	1994
6192600.0	3228
1810200.0	882
1.0812E7	4676
1.60548E7	6475
2965200.0	1350
1.34334E7	5571
5930400.0	2999
8715000.0	4468
1.13364E7	4845
1.39578E7	5760
1.65792E7	6596
1.6905E7	6660
7240800.0	3652
9238800.0	4527
4357200.0	2141
1.5006E7	6038
1.23846E7	5195
6978600.0	3542
1.2909E7	5366
9763200.0	4537
3620400.0	1698
2178600.0	1059
1.55304E7	6281
1.02876E7	4554
1482600.0	786
1.39572E7	5760
4881600.0	2551
1.08114E7	4671
7765200.0	3930
1.13358E7	4845
1.65786E7	6596
5143800.0	2716
2072400.0	1024
2440800.0	1150
4619400.0	2229
1.44816E7	5858
8714400.0	4468
3882600.0	1924
7503000.0	3849
1.18602E7	4984
1036200.0	522
1.3959E7	5760
8028000.0	4175
1.08132E7	4677
5144400.0	2716
1155000.0	612
1.65804E7	6596
872400.0	487
1.44834E7	5858
4882200.0	2551
8716200.0	4468
1.13376E7	4845
4014000.0	1978
2572200.0	1230
7765800.0	3930
1.1862E7	4984
1744800.0	854
9764400.0	4537
5668800.0	2927
1.23858E7	5195
1.29102E7	5366
1.55316E7	6281
5931000.0	2999
1.34346E7	5571
2834400.0	1335
5406600.0	2819
1.6056E7	6475
1.02888E7	4555
1.69074E7	6660
8290200.0	4257
436200.0	42
1.1337E7	4845
1417200.0	771
1.44828E7	5858
8715600.0	4468
1.39584E7	5760
6717000.0	3508
3227400.0	1528
1.50072E7	6038
708600.0	397
1.18614E7	4984
9240000.0	4527
6454800.0	3337
7503600.0	3849
1.60554E7	6475
2007000.0	997
4620000.0	2229
3489600.0	1625
1.02882E7	4554
1.29096E7	5366
3751800.0	1831
1.08126E7	4676
1.65798E7	6596
7241400.0	3652
2310000.0	1067
4357800.0	2141
6979200.0	3542
1.3434E7	5571
6453600.0	3337
1.65774E7	6596
675600.0	379
1.08102E7	4667
1.34316E7	5569
1.6053E7	6475
3226800.0	1525
1351200.0	699
1.13346E7	4845
6191400.0	3228
8713200.0	4468
1.3956E7	5760
9237000.0	4527
1.69014E7	6660
1.50042E7	6038
9761400.0	4537
1.23828E7	5194
4356600.0	2141
6978000.0	3542
1.29072E7	5364
337800.0	40
1941000.0	971
3489000.0	1625
1.02858E7	4554
1.55286E7	6281
6715800.0	3508
5142600.0	2716
1.39554E7	5760
1.08096E7	4667
3882000.0	1924
2440200.0	1150
8026200.0	4175
1.1334E7	4845
1.65768E7	6596
8712600.0	4468
7764000.0	3930
4880400.0	2551
1.18584E7	4984
1.44798E7	5858
1613400.0	815
2702400.0	1305
1.29066E7	5364
1.5528E7	6281
9760800.0	4537
5929200.0	2999
4144200.0	1994
1.02852E7	4554
1.3431E7	5569
5404800.0	2819
1.69002E7	6660
1.60524E7	6475
2964600.0	1350
5667000.0	2927
8288400.0	4257
2833800.0	1335
5929800.0	2999
1.55298E7	6281
1.29084E7	5365
9762600.0	4537
1.2384E7	5195
1.0287E7	4554
5667600.0	2927
1.34328E7	5569
1.69038E7	6660
1.60542E7	6475
1285800.0	661
1.13352E7	4845
6716400.0	3508
1.4481E7	5858
3096000.0	1432
8713800.0	4468
1875600.0	925
1.18596E7	4984
3358200.0	1600
6454200.0	3337
9238200.0	4527
6192000.0	3228
1.50054E7	6038
937800.0	521
1.60536E7	6475
7764600.0	3930
774000.0	442
4881000.0	2551
1.02864E7	4554
1.29078E7	5365
7502400.0	3849
2309400.0	1067
1.08108E7	4671
1.39566E7	5760
1.6578E7	6596
1548000.0	803
1.34322E7	5569
7240200.0	3652
3751200.0	1831
4618800.0	2229
1.1859E7	4984
4013400.0	1978
5405400.0	2819
8289000.0	4257
1.44804E7	5858
2571600.0	1230
1.69026E7	6660
9237600.0	4527
8026800.0	4175
1.23834E7	5194
1.55292E7	6281
387000.0	41
9762000.0	4537
5143200.0	2716
1.50048E7	6038
1.13406E7	4845
160800.0	9
1.3962E7	5762
8719200.0	4468
6718800.0	3508
1548600.0	803
1.50108E7	6038
321600.0	40
1.1865E7	4984
9243600.0	4527
1.44864E7	5861
3359400.0	1600
6456600.0	3337
1.6059E7	6475
7505400.0	3849
643200.0	379
1.02918E7	4555
4621800.0	2229
7243200.0	3652
2179800.0	1059
1.55346E7	6281
1.29132E7	5366
1.65834E7	6596
1286400.0	661
6981000.0	3542
3621600.0	1698
4359600.0	2141
1.08162E7	4684
1.34376E7	5573
8718600.0	4468
2572800.0	1230
5670000.0	2927
4014600.0	1978
1810800.0	883
1.18644E7	4984
8291400.0	4257
9243000.0	4527
1.44858E7	5861
1.69134E7	6660
5145600.0	2716
2835000.0	1335
5407800.0	2819
8029200.0	4175
905400.0	521
9767400.0	4537
1.23888E7	5195
1.50102E7	6038
1.3437E7	5573
1.02912E7	4555
1.08156E7	4683
1.60584E7	6475
6194400.0	3228
1.134E7	4845
5932200.0	2999
1.39614E7	5762
1.65828E7	6596
3097200.0	1432
1.0293E7	4555
1.34388E7	5573
6457200.0	3337
2966400.0	1352
1.08174E7	4684
1.60602E7	6475
1.39632E7	5762
3228600.0	1529
5932800.0	2999
2073000.0	1024
1.13418E7	4845
6195000.0	3228
1.65846E7	6596
6981600.0	3542
9244200.0	4527
1.50114E7	6038
1.69158E7	6660
1.18656E7	4984
1.239E7	5195
9768600.0	4537
3490800.0	1625
6719400.0	3508
1.29144E7	5366
1221000.0	636
1.55358E7	6281
1.08168E7	4684
3883800.0	1924
1745400.0	855
8029800.0	4175
5146200.0	2716
185400.0	15
1.39626E7	5762
1.6584E7	6596
2442000.0	1150
1.4487E7	5861
7767600.0	3930
370800.0	41
8719800.0	4468
1.13412E7	4845
4884000.0	2552
2704200.0	1307
1.55352E7	6281
1.23894E7	5195
741600.0	442
4146000.0	1994
5670600.0	2927
9768000.0	4537
5408400.0	2819
1.60596E7	6475
1.02924E7	4555
1483200.0	786
1.34382E7	5573
8292000.0	4257
1.29138E7	5366
1.69146E7	6660
2179200.0	1059
1.60572E7	6475
1.029E7	4555
1.29114E7	5366
1.55328E7	6281
4882800.0	2552
7504200.0	3849
3621000.0	1698
4358400.0	2141
1679400.0	819
1.65816E7	6596
1.34358E7	5571
1.08144E7	4680
2441400.0	1150
4620600.0	2229
7242000.0	3652
8716800.0	4468
8290800.0	4257
5407200.0	2819
3883200.0	1924
1.69098E7	6660
9241200.0	4527
1.18626E7	4984
1.4484E7	5860
8028600.0	4175
1.2387E7	5195
4145400.0	1994
5145000.0	2716
2703600.0	1307
7766400.0	3930
9765600.0	4537
1.50084E7	6038
136200.0	9
1.34352E7	5571
6455400.0	3337
1.08138E7	4680
3096600.0	1432
1351800.0	699
970800.0	522
1.60566E7	6475
272400.0	34
6193200.0	3228
1.39596E7	5760
1941600.0	971
1.13382E7	4845
1.6581E7	6596
544800.0	70
3358800.0	1600
9240600.0	4527
1.69086E7	6660
1.23864E7	5195
1.50078E7	6038
6979800.0	3542
1089600.0	529
6717600.0	3508
1.29108E7	5366
9765000.0	4537
1.55322E7	6281
1.02894E7	4555
485400.0	45
7242600.0	3652
1.50096E7	6038
1.69122E7	6660
9242400.0	4527
3490200.0	1625
4359000.0	2141
1614000.0	815
1.23882E7	5195
9766800.0	4537
1.29126E7	5366
6980400.0	3542
807000.0	482
1.5534E7	6281
4883400.0	2552
3752400.0	1831
2310600.0	1067
1.39608E7	5760
1.0815E7	4683
1.65822E7	6596
7767000.0	3930
1.44852E7	5861
7504800.0	3849
1.13394E7	4845
4621200.0	2229
8718000.0	4468
1.18638E7	4984
5931600.0	2999
9766200.0	4537
1.23876E7	5195
1.55334E7	6281
2965800.0	1352
5669400.0	2927
1876200.0	925
1.02906E7	4555
1.34364E7	5571
1.60578E7	6475
1.2912E7	5366
1.6911E7	6660
40200.0	1
1.13388E7	4845
1.44846E7	5860
6718200.0	3508
6456000.0	3337
8717400.0	4468
1.39602E7	5760
1.5009E7	6038
1.18632E7	4984
80400.0	1
6193800.0	3228
3228000.0	1528
9241800.0	4527
8031600.0	4175
1.08204E7	4685
1.39662E7	5763
1.65876E7	6596
1.34418E7	5573
5148000.0	2716
3753600.0	1831
1.13448E7	4845
4015800.0	1978
7769400.0	3930
1.44906E7	5861
4885800.0	2552
8723400.0	4468
2574000.0	1230
7507200.0	3849
5672400.0	2927
1.2393E7	5195
1.55388E7	6281
9771600.0	4537
1.50144E7	6038
1614600.0	815
2836200.0	1335
5410200.0	2819
1.60632E7	6475
8293800.0	4257
1.0296E7	4556
1.29174E7	5366
1.69218E7	6660
3229200.0	1530
234600.0	28
1.13442E7	4845
8722800.0	4468
1.39656E7	5763
6720600.0	3509
6458400.0	3337
1.18686E7	4984
1.449E7	5861
469200.0	45
9247200.0	4527
1.29168E7	5366
7245000.0	3652
1287000.0	661
938400.0	521
4623600.0	2229
3491400.0	1625
1.02954E7	4556
1.55382E7	6281
1.6587E7	6596
1.69206E7	6660
105000.0	3
1876800.0	925
2311800.0	1067
4361400.0	2141
6982800.0	3542
1.08198E7	4685
1.34412E7	5573
1.60626E7	6475
1.29186E7	5366
9772800.0	4537
3622800.0	1698
4624200.0	2229
2181000.0	1059
1.554E7	6281
7507800.0	3849
1.02972E7	4562
1.69242E7	6660
7245600.0	3652
4362000.0	2141
1.08216E7	4685
1.60644E7	6475
1.3443E7	5573
2443200.0	1151
1.44912E7	5861
8724000.0	4468
1549200.0	803
5410800.0	2819
3885000.0	1924
1.18698E7	4984
8032200.0	4175
4886400.0	2552
9248400.0	4527
774600.0	442
2705400.0	1309
7770000.0	3930
1.50156E7	6038
1.23942E7	5196
5148600.0	2716
1.02966E7	4556
610800.0	247
1.34424E7	5573
6459000.0	3337
6196800.0	3228
1.60638E7	6475
1.39668E7	5763
1221600.0	636
5934600.0	2999
1.0821E7	4685
3098400.0	1432
1.13454E7	4845
1.65882E7	6596
6983400.0	3542
1.18692E7	4984
3360600.0	1600
9247800.0	4527
1.5015E7	6038
1.6923E7	6660
305400.0	40
1811400.0	883
1.55394E7	6281
6721200.0	3509
1.2918E7	5366
9772200.0	4537
1.23936E7	5195
5933400.0	2999
1.5537E7	6281
1.23912E7	5195
9769800.0	4537
2835600.0	1335
2007600.0	997
1.02942E7	4556
1.60614E7	6475
1.29156E7	5366
1.69182E7	6660
5671200.0	2927
1003800.0	522
1155600.0	613
3097800.0	1432
1.39638E7	5763
6457800.0	3337
8721000.0	4468
1.13424E7	4845
1.18668E7	4984
577800.0	187
6195600.0	3228
1.50126E7	6038
9245400.0	4527
1.44882E7	5861
4622400.0	2229
7506000.0	3849
4884600.0	2552
1.02936E7	4555
1.2915E7	5366
1.55364E7	6281
1.6917E7	6660
2311200.0	1067
1.65852E7	6596
4360200.0	2141
3753000.0	1831
1.34394E7	5573
7243800.0	3652
1.0818E7	4685
1.60608E7	6475
8292600.0	4257
8720400.0	4468
1.18662E7	4984
1.44876E7	5861
5409000.0	2819
8030400.0	4175
2573400.0	1230
9244800.0	4527
1.5012E7	6038
9769200.0	4537
1417800.0	771
4015200.0	1978
1.23906E7	5195
5146800.0	2716
7768200.0	3930
8722200.0	4468
5409600.0	2819
1942200.0	971
210000.0	27
1.1868E7	4984
5671800.0	2927
8293200.0	4257
1.44894E7	5861
9246600.0	4527
5147400.0	2716
2704800.0	1309
8031000.0	4175
420000.0	42
1.50138E7	6038
4146600.0	1994
9771000.0	4537
1.23924E7	5195
1.02948E7	4556
1.34406E7	5573
1090200.0	529
1.6062E7	6475
840000.0	482
2967000.0	1352
6196200.0	3228
1.3965E7	5763
1.08192E7	4685
1680000.0	819
5934000.0	2999
1.13436E7	4845
1.65864E7	6596
1.50132E7	6038
1.69194E7	6660
7244400.0	3652
9246000.0	4527
1.18674E7	4984
4360800.0	2141
1.23918E7	5195
3360000.0	1600
6982200.0	3542
1.29162E7	5366
1.55376E7	6281
9770400.0	4537
3622200.0	1698
2180400.0	1059
6720000.0	3508
1.08186E7	4685
1352400.0	699
1.39644E7	5763
7768800.0	3930
4885200.0	2552
1.65858E7	6596
1.344E7	5573
676200.0	379
3884400.0	1924
2442600.0	1151
7506600.0	3849
1.1343E7	4845
4623000.0	2229
1.44888E7	5861
8721600.0	4468
2968200.0	1352
6198600.0	3228
1.03002E7	4562
1.3446E7	5573
1.60674E7	6475
1.29216E7	5366
5936400.0	2999
1.39704E7	5763
1.08246E7	4690
1.65918E7	6596
1353000.0	699
1.50186E7	6038
1.18728E7	4984
6985200.0	3542
3230400.0	1530
9251400.0	4527
1.69302E7	6660
1942800.0	971
9775800.0	4537
1.23972E7	5196
3492600.0	1625
1.5543E7	6281
6723000.0	3509
6460800.0	3337
971400.0	522
8033400.0	4175
1.65912E7	6596
807600.0	482
5149800.0	2716
1.34454E7	5573
1.0824E7	4690
7771200.0	3930
2443800.0	1152
1.13484E7	4845
1.44942E7	5861
1615200.0	815
8727000.0	4468
1.39698E7	5763
3885600.0	1924
4887600.0	2552
7509000.0	3849
1.23966E7	5196
4147800.0	1994
5674200.0	2927
2706000.0	1309
9775200.0	4537
1.5018E7	6038
1.60668E7	6475
8295600.0	4257
403800.0	42
1.02996E7	4562
5412000.0	2819
1.2921E7	5366
1.55424E7	6281
1.6929E7	6660
1287600.0	661
2837400.0	1335
5937000.0	2999
9777000.0	4537
1.23984E7	5196
1.50198E7	6038
1.60686E7	6475
643800.0	379
1.03014E7	4564
5674800.0	2927
1.55442E7	6281
8296200.0	4257
1.29228E7	5366
1.69326E7	6660
1877400.0	925
1.13496E7	4845
1.3971E7	5763
1.65924E7	6596
6461400.0	3337
3099600.0	1432
8728200.0	4468
1.1874E7	4986
9252600.0	4527
1.44954E7	5861
6199200.0	3228
9776400.0	4537
1.29222E7	5366
7509600.0	3849
4626000.0	2229
1.55436E7	6281
16200.0	0
1.34466E7	5573
7247400.0	3652
1.03008E7	4564
3754800.0	1831
1.69314E7	6660
2313000.0	1067
4363800.0	2141
1.08252E7	4690
1.6068E7	6475
32400.0	1
1549800.0	803
1.44948E7	5861
5150400.0	2716
1.1349E7	4845
8727600.0	4468
1.18734E7	4986
5412600.0	2819
8034000.0	4175
64800.0	1
4888200.0	2552
2575200.0	1230
1.50192E7	6038
9252000.0	4527
4017000.0	1978
1.23978E7	5196
7771800.0	3930
129600.0	9
1.50168E7	6038
7246200.0	3652
1.1871E7	4984
1.69266E7	6660
9249600.0	4527
4362600.0	2141
6984000.0	3542
259200.0	29
9774000.0	4537
1.23954E7	5196
1.29198E7	5366
1.55412E7	6281
3492000.0	1625
6721800.0	3509
518400.0	45
3754200.0	1831
1.08222E7	4686
4887000.0	2552
1.65894E7	6596
7770600.0	3930
2312400.0	1067
1.34436E7	5573
1483800.0	786
1036800.0	522
7508400.0	3849
1.13466E7	4845
1.44924E7	5861
4624800.0	2229
8725200.0	4468
1.3968E7	5763
2073600.0	1024
1.23948E7	5196
1.55406E7	6281
9773400.0	4537
1.50162E7	6038
5935200.0	2999
4147200.0	1994
1.6065E7	6475
1156200.0	613
1.02978E7	4562
1.29192E7	5366
1.69254E7	6660
2967600.0	1352
5673000.0	2927
8294400.0	4257
1746000.0	855
6459600.0	3337
8724600.0	4468
1.1346E7	4845
1.39674E7	5763
1.65888E7	6596
6197400.0	3228
1.44918E7	5861
873000.0	491
3229800.0	1530
9249000.0	4527
1.18704E7	4984
6722400.0	3509
709200.0	398
1.39692E7	5763
1.13478E7	4845
1.65906E7	6596
8726400.0	4468
3361200.0	1600
6460200.0	3337
1418400.0	771
9250800.0	4527
1.18722E7	4984
1.44936E7	5861
4363200.0	2141
1.29204E7	5366
9774600.0	4537
1.55418E7	6281
1.0299E7	4562
4625400.0	2229
7246800.0	3652
2181600.0	1059
1.34448E7	5573
1.69278E7	6660
354600.0	40
2008200.0	997
1.08234E7	4688
6984600.0	3542
1.60662E7	6475
3623400.0	1698
1090800.0	529
1.4493E7	5861
8725800.0	4468
1.13472E7	4845
4016400.0	1978
5411400.0	2819
2574600.0	1230
1.18716E7	4984
8295000.0	4257
545400.0	70
9250200.0	4527
8032800.0	4175
5149200.0	2716
1.2396E7	5196
1.50174E7	6038
1680600.0	819
1.34442E7	5573
2836800.0	1335
1.60656E7	6475
1.02984E7	4562
6198000.0	3228
1.39686E7	5763
5673600.0	2927
1.08228E7	4687
5935800.0	2999
1.659E7	6596
3099000.0	1432
1.29258E7	5366
1.55472E7	6281
7511400.0	3849
9780000.0	4537
3624600.0	1698
4627800.0	2232
2182800.0	1059
1681200.0	819
1.03044E7	4573
1.34502E7	5573
1.69386E7	6660
7249200.0	3652
4365600.0	2141
1.60716E7	6475
840600.0	482
5152200.0	2716
3886800.0	1926
2445000.0	1152
1.13526E7	4845
1.44984E7	5861
8035800.0	4175
8731200.0	4468
7773600.0	3930
4890000.0	2552
1.50228E7	6038
9255600.0	4529
1.1877E7	4986
1.24014E7	5196
6200400.0	3228
1.03038E7	4572
1.6071E7	6475
1.29252E7	5366
5938200.0	2999
1.08282E7	4700
3100200.0	1432
1.3974E7	5763
1943400.0	971
1.65954E7	6596
1.34496E7	5573
1.18764E7	4986
1.50222E7	6038
6987000.0	3542
6724800.0	3509
9255000.0	4529
1.44978E7	5861
1.69374E7	6660
1.55466E7	6281
1.24008E7	5196
1091400.0	529
3362400.0	1600
6462600.0	3337
9779400.0	4537
1615800.0	815
1.18782E7	4986
169200.0	9
1.44996E7	5861
1.6941E7	6660
9256800.0	4529
4366200.0	2141
6987600.0	3542
1.24026E7	5196
1.55484E7	6281
338400.0	40
9781200.0	4537
1.5024E7	6038
3493800.0	1626
6725400.0	3509
1.65966E7	6596
7774200.0	3930
676800.0	379
4890600.0	2552
7512000.0	3849
2314200.0	1067
1.08294E7	4706
1.34508E7	5573
1.60722E7	6475
1353600.0	699
7249800.0	3653
3756000.0	1831
1.13538E7	4845
4628400.0	2235
8732400.0	4469
1.39752E7	5763
9256200.0	4529
1.69398E7	6660
2707200.0	1312
1.50234E7	6038
5938800.0	2999
4149000.0	1994
1878000.0	925
9780600.0	4537
1.2402E7	5196
1.29264E7	5366
5414400.0	2819
2969400.0	1352
5676600.0	2927
8298000.0	4257
939000.0	521
1.0305E7	4573
1.55478E7	6281
6463200.0	3337
1.39746E7	5763
1.08288E7	4706
1.13532E7	4845
1.6596E7	6596
3231600.0	1532
8731800.0	4469
1.18776E7	4986
1.4499E7	5861
6201000.0	3228
5413200.0	2819
1.44966E7	5861
8296800.0	4257
8729400.0	4468
1.13508E7	4845
1222200.0	637
906000.0	521
2706600.0	1312
8034600.0	4175
9253800.0	4528
5151000.0	2716
1.5021E7	6038
1.18752E7	4986
4148400.0	1994
1.23996E7	5196
1812000.0	883
1.60692E7	6475
1.0302E7	4566
5937600.0	2999
1.34478E7	5573
6199800.0	3228
1.29234E7	5366
1.08264E7	4692
2968800.0	1352
5675400.0	2927
1.39722E7	5763
1.65936E7	6596
453000.0	44
1.50204E7	6038
1.18746E7	4986
1484400.0	787
6985800.0	3542
1.69338E7	6660
9253200.0	4527
1.4496E7	5861
4364400.0	2141
3361800.0	1600
1.55448E7	6281
1.2399E7	5196
742200.0	442
9777600.0	4537
2182200.0	1059
6723600.0	3509
7772400.0	3930
1.6593E7	6596
2074200.0	1026
4888800.0	2552
3624000.0	1698
1.08258E7	4691
1.34472E7	5573
3886200.0	1926
7510200.0	3849
1.13502E7	4845
84600.0	1
1.39716E7	5763
2444400.0	1152
4626600.0	2229
7248000.0	3652
8728800.0	4468
2313600.0	1067
1.65948E7	6596
3755400.0	1831
1.3449E7	5573
1.08276E7	4697
1.60704E7	6475
5151600.0	2716
7773000.0	3930
4627200.0	2231
1746600.0	857
7510800.0	3849
1.39734E7	5763
4889400.0	2552
8730600.0	4468
1.1352E7	4845
2575800.0	1230
1.69362E7	6660
9254400.0	4528
1.50216E7	6038
9778800.0	4537
5676000.0	2927
4017600.0	1978
1.24002E7	5196
8297400.0	4257
2838000.0	1335
5413800.0	2819
8035200.0	4175
1.03032E7	4569
1.29246E7	5366
1.5546E7	6281
144600.0	9
1.39728E7	5763
6724200.0	3509
3231000.0	1532
1.13514E7	4845
1.65942E7	6596
1419000.0	771
1004400.0	522
289200.0	38
8730000.0	4468
6462000.0	3337
1.18758E7	4986
1.44972E7	5861
2008800.0	997
578400.0	187
9778200.0	4537
3493200.0	1625
4365000.0	2141
1.2924E7	5366
1.55454E7	6281
7248600.0	3652
1156800.0	613
6986400.0	3542
1.03026E7	4566
1.34484E7	5573
1.6935E7	6660
1.0827E7	4697
1.60698E7	6475
502200.0	45
9259800.0	4529
1.6947E7	6664
5678400.0	2927
2009400.0	997
5940600.0	2999
218400.0	28
1.24056E7	5196
1.5027E7	6038
1.293E7	5366
9784200.0	4537
2839200.0	1335
5416200.0	2821
1.55514E7	6281
8299800.0	4257
436800.0	42
1.03086E7	4577
1.39782E7	5763
6465000.0	3337
1.08324E7	4710
1157400.0	613
1.65996E7	6599
873600.0	491
3101400.0	1432
1.45026E7	5861
8735400.0	4470
1.13568E7	4845
1.18812E7	4986
1747200.0	857
6202800.0	3230
7513200.0	3849
9783600.0	4537
1.2405E7	5196
1.29294E7	5366
1.55508E7	6281
4629600.0	2236
3494400.0	1626
3756600.0	1832
1.34538E7	5573
7251000.0	3653
1.60752E7	6475
1.0308E7	4577
1.69458E7	6663
2314800.0	1067
4367400.0	2143
6988800.0	3542
1.13562E7	4845
1419600.0	771
1.4502E7	5861
8037600.0	4175
5154000.0	2717
8734800.0	4470
1.39776E7	5763
1.50264E7	6038
4891800.0	2552
709800.0	401
1.18806E7	4986
4018800.0	1978
2577000.0	1230
7775400.0	3930
9259200.0	4529
546000.0	70
8300400.0	4257
1.1358E7	4845
1.45038E7	5861
8736600.0	4470
1.39794E7	5763
5416800.0	2821
3888000.0	1926
1092000.0	529
8038200.0	4175
1.50282E7	6038
1.18824E7	4986
4150200.0	2000
9261000.0	4529
5154600.0	2717
2708400.0	1312
7776000.0	3931
1.60764E7	6475
5941200.0	2999
1.03092E7	4578
1.29306E7	5366
1.5552E7	6281
273000.0	34
1681800.0	821
2970600.0	1352
5679000.0	2927
1.66008E7	6599
1.3455E7	5573
1.08336E7	4711
8736000.0	4470
3363600.0	1600
6989400.0	3542
243000.0	28
1.69482E7	6664
9260400.0	4529
1.18818E7	4986
1.45032E7	5861
1.24062E7	5196
6727200.0	3509
486000.0	45
9784800.0	4537
1.50276E7	6038
2184000.0	1059
1.34544E7	5573
1.0833E7	4711
1354200.0	699
972000.0	522
1.60758E7	6475
4892400.0	2553
7513800.0	3849
3625800.0	1702
4368000.0	2143
1.39788E7	5763
1944000.0	971
2446200.0	1155
1.13574E7	4845
1.66002E7	6599
4630200.0	2236
7251600.0	3653
1.39764E7	5763
6726000.0	3509
1.08306E7	4708
3100800.0	1432
1.1355E7	4845
1.65978E7	6596
1.45008E7	5861
8733600.0	4469
3363000.0	1600
6463800.0	3337
6201600.0	3228
1.18794E7	4986
7250400.0	3653
4366800.0	2142
1.5549E7	6281
1.29276E7	5366
9781800.0	4537
1.24032E7	5196
6988200.0	3542
1.03062E7	4576
3625200.0	1702
2183400.0	1059
1.3452E7	5573
1.69422E7	6660
1.60734E7	6475
1288200.0	661
1.13544E7	4845
4018200.0	1978
5415000.0	2819
1812600.0	883
8298600.0	4257
1.45002E7	5861
193800.0	17
8733000.0	4469
2576400.0	1230
8036400.0	4175
1.18788E7	4986
9257400.0	4529
387600.0	41
1.50246E7	6038
5152800.0	2716
2838600.0	1335
1.60728E7	6475
5939400.0	2999
775200.0	442
1.03056E7	4576
1.2927E7	5366
5677200.0	2927
1.083E7	4707
1.39758E7	5763
1.65972E7	6596
1550400.0	803
1.34514E7	5573
6202200.0	3228
1.60746E7	6475
1.03074E7	4577
1.29288E7	5366
2970000.0	1352
2074800.0	1026
1.08318E7	4709
1.6599E7	6599
1.34532E7	5573
5940000.0	2999
1037400.0	522
1222800.0	637
1.45014E7	5861
6726600.0	3509
3232200.0	1532
9258600.0	4529
1.69446E7	6663
1.188E7	4986
1.24044E7	5196
611400.0	247
1.55502E7	6281
9783000.0	4537
6464400.0	3337
1.50258E7	6038
4891200.0	2552
1.08312E7	4709
7774800.0	3930
1.6074E7	6475
5153400.0	2717
1.34526E7	5573
2445600.0	1155
4629000.0	2235
3887400.0	1926
7512600.0	3849
8734200.0	4470
1.13556E7	4845
1.3977E7	5763
1.65984E7	6596
1.69434E7	6662
9258000.0	4529
2707800.0	1312
54600.0	1
1.50252E7	6038
1.24038E7	5196
5677800.0	2927
8299200.0	4257
1.29282E7	5366
9782400.0	4537
5415600.0	2819
1.55496E7	6281
109200.0	5
8037000.0	4175
1.03068E7	4577
1485000.0	787
4149600.0	1997
6991200.0	3542
8739600.0	4470
742800.0	442
1.18854E7	4986
1.45068E7	5861
9264000.0	4529
3495600.0	1626
6729000.0	3509
1485600.0	789
1.50312E7	6038
9788400.0	4537
1.24098E7	5196
4632000.0	2241
1.03122E7	4578
1.3458E7	5573
7515600.0	3849
1.08366E7	4711
1.60794E7	6475
4894200.0	2553
2316000.0	1067
4369800.0	2143
1.39824E7	5763
371400.0	41
2075400.0	1026
3757800.0	1832
1.1361E7	4845
1.66038E7	6599
7253400.0	3653
2709000.0	1312
1158000.0	613
9263400.0	4529
1.50306E7	6038
1.69542E7	6673
1.18848E7	4986
4150800.0	2001
5680200.0	2927
1.24092E7	5196
5418000.0	2821
579000.0	187
9787800.0	4537
1.29336E7	5366
8301600.0	4257
1.5555E7	6281
1.0836E7	4711
1747800.0	857
6466800.0	3337
2971200.0	1352
1.39818E7	5763
1.66032E7	6599
1.45062E7	5861
3233400.0	1534
5942400.0	2999
8739000.0	4470
1.13604E7	4845
6204600.0	3230
1.08378E7	4711
3102600.0	1432
1.39836E7	5763
1.6605E7	6599
1.34592E7	5573
6467400.0	3337
6205200.0	3230
1.13622E7	4846
1.4508E7	5861
8740800.0	4470
1420200.0	771
1.55562E7	6281
1.24104E7	5196
7254000.0	3653
4370400.0	2143
3364800.0	1600
9789000.0	4537
2010000.0	997
6991800.0	3542
1.03134E7	4579
1.60806E7	6475
3627000.0	1702
2185200.0	1059
6729600.0	3509
1.29348E7	5366
1.69566E7	6674
1005000.0	522
8302200.0	4257
1092600.0	529
841200.0	482
1.3983E7	5763
8740200.0	4470
1.13616E7	4845
5418600.0	2821
8040000.0	4175
2578200.0	1230
1.1886E7	4986
1.50318E7	6038
1682400.0	821
9264600.0	4530
1.45074E7	5861
4020000.0	1978
5156400.0	2717
7777800.0	3934
5943000.0	2999
2840400.0	1335
1.03128E7	4579
1.29342E7	5366
1.55556E7	6281
1.69554E7	6673
1.66044E7	6599
420600.0	42
1.34586E7	5573
5680800.0	2927
1.08372E7	4711
1.608E7	6475
4893000.0	2553
1.34562E7	5573
1.03104E7	4578
3757200.0	1832
2315400.0	1067
1.08348E7	4711
1.60776E7	6475
7776600.0	3933
7514400.0	3849
4630800.0	2237
1.13592E7	4845
1.39806E7	5763
1.6602E7	6599
2577600.0	1230
1.50288E7	6038
1.69506E7	6664
9261600.0	4529
1616400.0	815
5679600.0	2927
4019400.0	1978
1.24074E7	5196
8301000.0	4257
9786000.0	4537
5155200.0	2717
1.29318E7	5366
808200.0	482
2839800.0	1335
5417400.0	2821
8038800.0	4175
1.55532E7	6281
644400.0	379
1.398E7	5763
6727800.0	3509
1.08342E7	4711
6465600.0	3337
1.66014E7	6599
1.45044E7	5861
1288800.0	661
1.13586E7	4845
6203400.0	3230
8737200.0	4470
3232800.0	1534
1.1883E7	4986
7252200.0	3653
9785400.0	4537
1.24068E7	5196
3495000.0	1626
4368600.0	2143
1.55526E7	6281
322200.0	40
1878600.0	925
6990000.0	3542
1.03098E7	4578
1.34556E7	5573
1.6077E7	6475
1.29312E7	5366
1.69494E7	6664
1.55544E7	6281
7515000.0	3849
1.24086E7	5196
9787200.0	4537
4631400.0	2240
7252800.0	3653
2184600.0	1059
1.60788E7	6475
1.03116E7	4578
1.34574E7	5573
6990600.0	3542
1.2933E7	5366
1.6953E7	6673
3626400.0	1702
4369200.0	2143
3888600.0	1926
1.13598E7	4845
8039400.0	4175
5155800.0	2717
1.39812E7	5763
2446800.0	1155
8738400.0	4470
1551000.0	803
7777200.0	3934
1.503E7	6038
1.18842E7	4986
4893600.0	2553
9262800.0	4529
1.45056E7	5861
1.60782E7	6475
1.0311E7	4578
1.55538E7	6281
1.29324E7	5366
6204000.0	3230
1.66026E7	6599
1223400.0	640
5941800.0	2999
1.08354E7	4711
1.34568E7	5573
3102000.0	1432
8737800.0	4470
1813200.0	883
1.18836E7	4986
6728400.0	3509
9262200.0	4529
1.4505E7	5861
1.69518E7	6668
906600.0	521
3364200.0	1600
6466200.0	3337
9786600.0	4537
1.2408E7	5196
1.50294E7	6038
2448000.0	1155
5420400.0	2821
3889800.0	1926
8041800.0	4176
8743800.0	4471
1.13652E7	4846
1.39866E7	5763
1.6608E7	6600
4896000.0	2553
1813800.0	883
2710200.0	1312
1.4511E7	5861
7779600.0	3935
9268200.0	4530
5158200.0	2717
1.18896E7	4986
1.29378E7	5366
9792000.0	4537
1.55592E7	6281
1.03164E7	4581
5944800.0	2999
4152000.0	2002
1.69626E7	6679
1.08408E7	4712
1.60836E7	6475
2972400.0	1352
1.34622E7	5573
5682600.0	2927
8304000.0	4257
6993000.0	3542
153000.0	9
1.45104E7	5861
8743200.0	4471
3365400.0	1600
1.1889E7	4986
1486200.0	790
1038000.0	522
306000.0	40
9267600.0	4530
6730800.0	3509
1.50348E7	6038
1.24134E7	5196
2076000.0	1026
1.03158E7	4581
612000.0	247
3627600.0	1702
4633800.0	2244
2185800.0	1059
1.34616E7	5573
1.6083E7	6475
7517400.0	3849
1.3986E7	5763
1224000.0	641
7255200.0	3653
4371600.0	2143
1.08402E7	4712
1.13646E7	4846
1.66074E7	6600
519000.0	45
3759000.0	1832
4896600.0	2553
1.34634E7	5573
1.60848E7	6475
7780200.0	3935
1.03176E7	4581
2317200.0	1067
1748400.0	863
7518000.0	3849
1.39878E7	5763
1.0842E7	4712
4634400.0	2245
1.66092E7	6603
874200.0	492
1.5036E7	6042
1.18902E7	4986
4021200.0	1978
5421000.0	2821
2579400.0	1230
1.6965E7	6681
8304600.0	4257
9268800.0	4530
9793200.0	4537
8042400.0	4177
1.24146E7	5196
5158800.0	2717
1.2939E7	5366
1.55604E7	6281
1.08414E7	4712
1.66086E7	6600
1.34628E7	5573
6469200.0	3337
1.13658E7	4846
6207000.0	3230
1.45116E7	5861
2010600.0	998
8744400.0	4471
1.39872E7	5763
3234600.0	1538
1.2414E7	5196
1.55598E7	6281
7255800.0	3653
9792600.0	4537
4372200.0	2143
6993600.0	3542
1.50354E7	6042
1.60842E7	6475
1158600.0	613
3496800.0	1626
1.0317E7	4581
6731400.0	3509
1.29384E7	5366
1.69638E7	6679
1.2936E7	5366
1354800.0	699
2971800.0	1352
6205800.0	3230
1.03146E7	4579
1.55574E7	6281
1.66062E7	6600
1.6959E7	6677
677400.0	379
5943600.0	2999
1.0839E7	4711
1.34604E7	5573
1.60818E7	6475
3234000.0	1534
8741400.0	4470
1944600.0	971
1.18872E7	4986
1.45086E7	5861
6730200.0	3509
6468000.0	3337
9265800.0	4530
1.5033E7	6038
9790200.0	4537
1.24116E7	5196
1.0314E7	4579
1.34598E7	5573
7778400.0	3934
4894800.0	2553
1.60812E7	6475
1617000.0	815
1.39842E7	5763
1.08384E7	4711
3889200.0	1926
2447400.0	1155
7516200.0	3849
4632600.0	2241
1.13628E7	4846
1.66056E7	6600
5419200.0	2821
1.50324E7	6038
1.69578E7	6676
9265200.0	4530
1.18866E7	4986
1.2411E7	5196
5681400.0	2927
8302800.0	4257
5157000.0	2717
2709600.0	1312
1.29354E7	5366
1.55568E7	6281
9789600.0	4537
8040600.0	4175
4151400.0	2001
5682000.0	2927
1.18884E7	4986
9267000.0	4530
1.50342E7	6038
1.69614E7	6678
1289400.0	661
939600.0	521
2841000.0	1335
5419800.0	2821
1.55586E7	6281
8303400.0	4257
1.29372E7	5366
9791400.0	4537
1.24128E7	5196
1879200.0	925
1.08396E7	4712
1.39854E7	5763
1.66068E7	6600
6468600.0	3337
6206400.0	3230
1.3461E7	5573
1.1364E7	4846
5944200.0	2999
1.45098E7	5861
3103200.0	1432
8742600.0	4471
469800.0	45
1.24122E7	5196
1.5558E7	6281
1551600.0	803
9790800.0	4537
7254600.0	3653
1.50336E7	6038
4633200.0	2241
3496200.0	1626
1.60824E7	6475
775800.0	442
1.03152E7	4579
1.29366E7	5366
1.69602E7	6678
2316600.0	1067
4371000.0	2143
6992400.0	3542
8041200.0	4175
5157600.0	2717
3758400.0	1832
1.13634E7	4846
8742000.0	4471
1.39848E7	5763
1.18878E7	4986
4020600.0	1978
7779000.0	3934
4895400.0	2553
1.45092E7	5861
2578800.0	1230
7516800.0	3849
9266400.0	4530
1.66122E7	6608
1.0845E7	4712
1.34664E7	5573
6471000.0	3337
3104400.0	1432
1.13694E7	4846
1.39908E7	5763
8748000.0	4474
6208800.0	3230
1290000.0	661
6995400.0	3542
4374000.0	2143
3366600.0	1600
9796200.0	4537
1.24176E7	5196
1.5039E7	6045
1.60878E7	6475
645000.0	379
1.03206E7	4581
2187000.0	1060
1.55634E7	6281
6733200.0	3509
1.2942E7	5366
1.6971E7	6685
5160000.0	2717
1.13688E7	4846
5422200.0	2821
8043600.0	4177
1.39902E7	5763
1.66116E7	6606
4897800.0	2553
8747400.0	4474
2580000.0	1230
4021800.0	1981
7781400.0	3936
1.18932E7	4986
9271800.0	4532
1.45146E7	5861
9795600.0	4537
1.29414E7	5366
2842200.0	1335
1.55628E7	6281
5946600.0	2999
1.34658E7	5573
1.032E7	4581
1.69698E7	6685
5684400.0	2927
1.08444E7	4712
1.60872E7	6475
8305800.0	4257
1552200.0	803
9797400.0	4537
1.29432E7	5366
5947200.0	2999
2076600.0	1027
6209400.0	3230
1.55646E7	6281
226800.0	28
1.03218E7	4581
1.34676E7	5573
1.69734E7	6686
2973600.0	1352
5685000.0	2927
453600.0	44
1.08462E7	4712
1.6089E7	6475
1.45158E7	5861
6733800.0	3509
3235800.0	1538
8748600.0	4474
1.137E7	4846
1224600.0	641
907200.0	521
6471600.0	3337
9273000.0	4532
1.50402E7	6046
1.18944E7	4986
1.24188E7	5196
1814400.0	883
7782000.0	3936
1.60884E7	6475
1.03212E7	4581
1.3467E7	5573
1.29426E7	5366
4898400.0	2553
3628800.0	1702
1.08456E7	4712
3891000.0	1929
7519800.0	3849
22200.0	0
1.39914E7	5763
1.66128E7	6609
2449200.0	1155
4636200.0	2246
7257600.0	3654
5422800.0	2821
1.50396E7	6046
1.18938E7	4986
44400.0	1
1486800.0	793
8306400.0	4257
1.69722E7	6686
9272400.0	4532
1.45152E7	5861
2711400.0	1312
1.5564E7	6281
8044200.0	4177
1.24182E7	5196
88800.0	1
5160600.0	2717
743400.0	442
4153200.0	2005
9796800.0	4537
4372800.0	2143
1.24158E7	5196
1683000.0	821
177600.0	10
9794400.0	4537
1.50372E7	6043
4635000.0	2246
7256400.0	3653
2186400.0	1060
1.6086E7	6475
355200.0	40
1.03188E7	4581
6994200.0	3542
1.29402E7	5366
1.55616E7	6281
1.69674E7	6683
3628200.0	1702
8043000.0	4177
710400.0	401
5159400.0	2717
1.39884E7	5763
7780800.0	3935
2448600.0	1155
1.1367E7	4846
1.66098E7	6605
8745600.0	4473
1420800.0	771
3890400.0	1929
4897200.0	2553
7518600.0	3849
9270000.0	4530
1.18914E7	4986
1.45128E7	5861
1.29396E7	5366
9793800.0	4537
2841600.0	1335
1.5561E7	6281
6207600.0	3230
1.03182E7	4581
1945200.0	971
1.3464E7	5573
1.69662E7	6682
5683200.0	2927
5945400.0	2999
1.08426E7	4712
3103800.0	1432
972600.0	522
1.60854E7	6475
1093200.0	529
6732000.0	3509
1.45122E7	5861
8745000.0	4472
1.13664E7	4846
1.18908E7	4986
546600.0	70
3366000.0	1600
6469800.0	3337
9269400.0	4530
113400.0	5
1.24152E7	5196
1.50366E7	6042
1.4514E7	5861
1.13682E7	4846
6994800.0	3542
8746800.0	4474
3235200.0	1538
1.18926E7	4986
1.50384E7	6045
9271200.0	4531
3497400.0	1626
6732600.0	3509
6470400.0	3337
1.2417E7	5196
7519200.0	3849
4635600.0	2246
1.03194E7	4581
1.34652E7	5573
1.60866E7	6475
1.29408E7	5366
7257000.0	3654
3759600.0	1832
2317800.0	1067
4373400.0	2143
1.39896E7	5763
1.08438E7	4712
1.6611E7	6606
1355400.0	699
1.50378E7	6045
1.1892E7	4986
4152600.0	2003
5683800.0	2927
1879800.0	925
202200.0	25
9270600.0	4531
1.69686E7	6685
2710800.0	1312
8305200.0	4257
9795000.0	4537
1.24164E7	5196
1.55622E7	6281
404400.0	42
5421600.0	2821
2973000.0	1352
1.66104E7	6606
6208200.0	3230
808800.0	482
1.34646E7	5573
1.08432E7	4712
5946000.0	2999
1.13676E7	4846
1.45134E7	5861
1617600.0	815
8746200.0	4474
1.3989E7	5763
1.6092E7	6475
7783800.0	3942
4900200.0	2553
1.03248E7	4581
1.29462E7	5366
7521600.0	3850
2319000.0	1067
1.08492E7	4712
1.3995E7	5763
1.66164E7	6613
1.34706E7	5573
7259400.0	3660
3760800.0	1832
4638000.0	2246
1618200.0	815
1.18974E7	4986
4023000.0	1981
5424600.0	2821
8308200.0	4257
1.45188E7	5861
2581200.0	1230
1.69794E7	6686
9276000.0	4533
8046000.0	4178
1.24218E7	5196
1.55676E7	6281
9800400.0	4537
5162400.0	2717
1.50432E7	6048
6472800.0	3337
1.66158E7	6611
1.08486E7	4712
1.347E7	5573
1.60914E7	6475
3236400.0	1540
1290600.0	661
1.1373E7	4846
6210600.0	3230
8751600.0	4479
1.39944E7	5763
9275400.0	4532
1.69782E7	6686
1.50426E7	6046
1880400.0	925
9799800.0	4537
1.24212E7	5196
4375800.0	2143
6997200.0	3543
1.29456E7	5366
940200.0	521
3498600.0	1626
1.03242E7	4581
1.5567E7	6281
6735000.0	3509
7260000.0	3660
9277200.0	4533
4376400.0	2143
776400.0	442
1.50444E7	6049
1.2423E7	5196
6997800.0	3543
1.29474E7	5366
9801600.0	4537
3630000.0	1703
2188200.0	1060
1552800.0	803
1.55688E7	6281
1.0326E7	4581
1.39956E7	5763
4900800.0	2553
1.08498E7	4712
7784400.0	3943
1.13742E7	4846
1.6617E7	6613
5163000.0	2717
2450400.0	1155
4638600.0	2246
1.452E7	5862
8752800.0	4479
388200.0	41
3892200.0	1931
7522200.0	3850
1.18986E7	4986
2843400.0	1335
1225200.0	642
5949000.0	2999
1.55682E7	6281
1.29468E7	5366
9801000.0	4537
1.24224E7	5196
1.03254E7	4581
5686800.0	2927
612600.0	247
1.34712E7	5573
1.69806E7	6686
1.60926E7	6475
1.13736E7	4846
1815000.0	883
6735600.0	3509
1.45194E7	5862
3105600.0	1432
8752200.0	4479
1.1898E7	4986
3367800.0	1600
6473400.0	3337
9276600.0	4533
6211200.0	3230
1.50438E7	6048
1.18956E7	4986
579600.0	187
1.50414E7	6046
9274200.0	4532
1.4517E7	5861
1.69758E7	6686
5685600.0	2927
4022400.0	1981
1.55658E7	6281
1159200.0	613
8307000.0	4257
1.242E7	5196
9798600.0	4537
2842800.0	1335
5423400.0	2821
8044800.0	4177
1.6614E7	6610
6210000.0	3230
1.34682E7	5573
1.08468E7	4712
1.60896E7	6475
5947800.0	2999
289800.0	38
1749000.0	867
3105000.0	1432
1.39926E7	5763
8749800.0	4476
1.13712E7	4846
1.69746E7	6686
9273600.0	4532
3498000.0	1626
4374600.0	2143
1.50408E7	6046
9798000.0	4537
7258200.0	3660
251400.0	28
1.24194E7	5196
6996000.0	3542
502800.0	45
1.03224E7	4581
1.29438E7	5366
1.55652E7	6281
2318400.0	1067
1.3992E7	5763
3760200.0	1832
1.13706E7	4846
1.66134E7	6609
1421400.0	771
1005600.0	522
5161200.0	2717
7782600.0	3939
4636800.0	2246
8749200.0	4474
7520400.0	3849
4899000.0	2553
1.1895E7	4986
1.45164E7	5861
2011200.0	999
2580600.0	1230
5161800.0	2717
1.39938E7	5763
1.0848E7	4712
3891600.0	1929
2449800.0	1155
8045400.0	4177
1.13724E7	4846
1.66152E7	6610
8751000.0	4476
7783200.0	3942
4899600.0	2553
1093800.0	529
1.18968E7	4986
1.45182E7	5861
2712000.0	1312
1.2945E7	5366
1.55664E7	6281
9799200.0	4537
1683600.0	821
5948400.0	2999
4153800.0	2005
1.03236E7	4581
1.34694E7	5573
5424000.0	2821
1.6977E7	6686
1.60908E7	6475
841800.0	482
2974200.0	1352
5686200.0	2927
8307600.0	4257
678000.0	379
6996600.0	3543
1.13718E7	4846
1.45176E7	5861
8750400.0	4476
6734400.0	3509
1356000.0	699
1.5042E7	6046
9274800.0	4532
1.18962E7	4986
1.24206E7	5196
3367200.0	1600
6472200.0	3337
1.0323E7	4581
1.60902E7	6475
7521000.0	3849
3629400.0	1702
4637400.0	2246
2187600.0	1060
1.29444E7	5366
1.08474E7	4712
339000.0	40
1.39932E7	5763
1945800.0	972
1.66146E7	6610
7258800.0	3660
4375200.0	2143
1.34688E7	5573
136800.0	9
5950800.0	2999
9804600.0	4537
1.2426E7	5196
1.55718E7	6281
1356600.0	699
973200.0	522
273600.0	34
2975400.0	1352
5688600.0	2927
1.0329E7	4581
1.34748E7	5573
1.60962E7	6475
1.29504E7	5366
1946400.0	972
547200.0	70
1.13772E7	4846
1.4523E7	5864
6737400.0	3509
6475200.0	3337
8755800.0	4482
1.39986E7	5763
1094400.0	529
1.50474E7	6050
1.19016E7	4986
6213000.0	3230
3237600.0	1540
9280200.0	4533
486600.0	45
2188800.0	1061
1.60956E7	6475
1618800.0	815
1.03284E7	4581
1.29498E7	5366
1.55712E7	6281
4902000.0	2555
7523400.0	3850
3630600.0	1704
4377600.0	2143
1.662E7	6622
809400.0	482
1.34742E7	5573
1.08528E7	4712
2451000.0	1155
4639800.0	2250
7261200.0	3660
8755200.0	4482
8310000.0	4257
5426400.0	2821
3892800.0	1931
9279600.0	4533
1.1901E7	4986
1.45224E7	5864
8047800.0	4178
1.24254E7	5196
4155000.0	2005
5164200.0	2717
2713200.0	1312
7785600.0	3946
9804000.0	4537
1.50468E7	6050
8757000.0	4487
2582400.0	1230
5689200.0	2927
4024200.0	1981
1.19028E7	4986
8310600.0	4257
9281400.0	4533
1.45242E7	5864
5164800.0	2717
1881000.0	925
2844600.0	1335
5427000.0	2821
8048400.0	4179
9805800.0	4537
1.24272E7	5196
1.50486E7	6051
1.34754E7	5573
1.03296E7	4581
1.0854E7	4712
1.60968E7	6475
6213600.0	3230
1.13784E7	4846
5951400.0	2999
1.39998E7	5763
1.66212E7	6623
3106800.0	1432
7261800.0	3660
161400.0	9
1.5048E7	6050
9280800.0	4533
3499800.0	1626
4378200.0	2143
1.24266E7	5196
1553400.0	803
9805200.0	4537
322800.0	40
1.2951E7	5366
6999600.0	3543
1.55724E7	6281
4902600.0	2555
645600.0	379
3762000.0	1832
2320200.0	1067
1.39992E7	5763
1.08534E7	4712
1.66206E7	6623
7786200.0	3946
1.45236E7	5864
1291200.0	661
7524000.0	3850
1.13778E7	4846
4640400.0	2250
8756400.0	4487
1.19022E7	4986
1.13754E7	4846
1.45212E7	5862
8754000.0	4481
1.39968E7	5763
6736200.0	3509
3237000.0	1540
1.50456E7	6049
1.18998E7	4986
9278400.0	4533
6474000.0	3337
1487400.0	793
7522800.0	3850
1.60938E7	6475
4639200.0	2246
3499200.0	1626
1.03266E7	4581
1.2948E7	5366
2077200.0	1028
3761400.0	1832
1.0851E7	4712
1.66182E7	6614
7260600.0	3660
2319600.0	1067
4377000.0	2143
6998400.0	3543
1.34724E7	5573
1038600.0	522
2712600.0	1312
1.45206E7	5862
1159800.0	613
874800.0	493
9277800.0	4533
1.18992E7	4986
5687400.0	2927
8308800.0	4257
1.24236E7	5196
1.55694E7	6281
5425200.0	2821
9802200.0	4537
1749600.0	867
8046600.0	4178
1.5045E7	6049
4154400.0	2005
6211800.0	3230
1.08504E7	4712
1.60932E7	6475
2974800.0	1352
1.34718E7	5573
437400.0	42
5949600.0	2999
8753400.0	4480
1.13748E7	4846
1.39962E7	5763
1.66176E7	6613
1.34736E7	5573
6474600.0	3337
1422000.0	771
1.08522E7	4712
3106200.0	1432
1.6095E7	6475
711000.0	401
6212400.0	3230
1.3998E7	5763
1.13766E7	4846
1.66194E7	6620
3368400.0	1600
9279000.0	4533
2011800.0	1000
1.24248E7	5196
1.50462E7	6049
6999000.0	3543
6736800.0	3509
1.29492E7	5366
9803400.0	4537
1.55706E7	6281
1.03278E7	4581
1.39974E7	5763
8047200.0	4178
1.08516E7	4712
5163600.0	2717
1.66188E7	6614
1684200.0	821
1.45218E7	5862
4901400.0	2555
8754600.0	4482
1.1376E7	4846
4023600.0	1981
2581800.0	1230
7785000.0	3946
1.19004E7	4986
34200.0	1
9802800.0	4537
5688000.0	2927
1.24242E7	5196
1.29486E7	5366
1.557E7	6281
5950200.0	2999
68400.0	1
1.3473E7	5573
2844000.0	1335
5425800.0	2821
1.60944E7	6475
1.03272E7	4581
8309400.0	4257
1.50516E7	6057
7263600.0	3661
9284400.0	4534
1.19058E7	4986
4380000.0	2143
1.24302E7	5196
3369600.0	1600
7001400.0	3543
1.29546E7	5366
1.5576E7	6281
9808800.0	4538
3631800.0	1706
2190000.0	1061
6739200.0	3509
1.0857E7	4712
1.40028E7	5766
7788000.0	3948
4904400.0	2555
1.66242E7	6624
1.34784E7	5573
3894000.0	1931
2452200.0	1157
7525800.0	3850
1.13814E7	4846
4642200.0	2252
1.45272E7	5865
8760000.0	4488
1422600.0	771
5952600.0	2999
1.55754E7	6281
1.24296E7	5196
1947000.0	973
210600.0	28
9808200.0	4538
2845200.0	1335
1.03326E7	4583
1.60998E7	6475
421200.0	42
1.2954E7	5366
5690400.0	2927
3107400.0	1433
1095000.0	529
842400.0	482
1.40022E7	5763
6477000.0	3337
8759400.0	4488
1.13808E7	4846
1.19052E7	4986
6214800.0	3230
1.5051E7	6057
93000.0	1
1684800.0	821
9283800.0	4533
1.45266E7	5864
3238800.0	1540
1.13826E7	4846
8761200.0	4488
1.4004E7	5766
6739800.0	3509
6477600.0	3337
1.1907E7	4986
1.45284E7	5866
9285600.0	4534
1.29552E7	5366
1357200.0	699
7264200.0	3661
4642800.0	2252
3501000.0	1626
1.03338E7	4583
1.55766E7	6281
1.66254E7	6624
678600.0	379
2321400.0	1067
4380600.0	2143
7002000.0	3543
1.08582E7	4712
1.34796E7	5573
1.6101E7	6475
8760600.0	4488
5428800.0	2821
1.19064E7	4986
5691000.0	2927
8312400.0	4257
1.45278E7	5866
9285000.0	4534
5166600.0	2717
2714400.0	1312
8050200.0	4181
1.50522E7	6057
4156200.0	2007
9809400.0	4538
1.24308E7	5196
1.03332E7	4583
1.3479E7	5573
1.61004E7	6475
2976600.0	1353
6215400.0	3230
1619400.0	815
1.40034E7	5766
1.08576E7	4712
5953200.0	2999
1.1382E7	4846
1.66248E7	6624
1.08552E7	4712
3893400.0	1931
8049000.0	4179
5165400.0	2717
1.4001E7	5763
1.66224E7	6624
2451600.0	1155
1815600.0	884
1.45254E7	5864
7786800.0	3946
8758200.0	4487
1.13796E7	4846
4903200.0	2555
907800.0	521
2713800.0	1312
1.55736E7	6281
1.24278E7	5196
4155600.0	2005
5689800.0	2927
9806400.0	4537
5427600.0	2821
1.6098E7	6475
1.03308E7	4583
1.34766E7	5573
8311200.0	4257
1.29522E7	5366
1.1379E7	4846
1.40004E7	5763
8757600.0	4487
6738000.0	3509
1.50492E7	6052
1.19034E7	4986
2077800.0	1028
9282000.0	4533
1.45248E7	5864
3369000.0	1600
6475800.0	3337
1.60974E7	6475
7524600.0	3850
1.03302E7	4581
4641000.0	2250
7262400.0	3660
2189400.0	1061
1.5573E7	6281
1.29516E7	5366
1.66218E7	6624
7000200.0	3543
1225800.0	643
3631200.0	1706
4378800.0	2143
1.08546E7	4712
1.3476E7	5573
4641600.0	2252
1750200.0	869
186000.0	15
7525200.0	3850
4903800.0	2555
1.0332E7	4583
1.29534E7	5366
1.55748E7	6281
2320800.0	1067
1.66236E7	6624
4379400.0	2143
372000.0	41
3762600.0	1832
1.34778E7	5573
7263000.0	3660
1.08564E7	4712
1.60992E7	6475
8311800.0	4257
8758800.0	4487
744000.0	442
1.19046E7	4986
1.4526E7	5864
5428200.0	2821
8049600.0	4179
2583000.0	1230
9283200.0	4533
1488000.0	793
1.50504E7	6055
9807600.0	4538
4024800.0	1981
1.2429E7	5196
5166000.0	2717
7787400.0	3948
1.03314E7	4583
1.34772E7	5573
6476400.0	3337
2976000.0	1352
1.08558E7	4712
1.60986E7	6475
2012400.0	1004
1.40016E7	5763
3238200.0	1540
5952000.0	2999
1.13802E7	4846
6214200.0	3230
1.6623E7	6624
1006200.0	522
1160400.0	615
7000800.0	3543
9282600.0	4533
1.50498E7	6053
1.1904E7	4986
1.24284E7	5196
580200.0	187
9807000.0	4538
3500400.0	1626
6738600.0	3509
1.29528E7	5366
1.55742E7	6281
1.45314E7	5870
8764200.0	4488
1.13856E7	4846
4026000.0	1981
5430600.0	2821
2584200.0	1230
1.191E7	4986
8314200.0	4257
9288600.0	4534
8052000.0	4182
5168400.0	2717
1161000.0	616
1.24344E7	5196
1.50558E7	6061
1.34826E7	5574
2846400.0	1335
1.6104E7	6475
1.03368E7	4583
1750800.0	870
6217200.0	3230
1.4007E7	5767
5692800.0	2927
1.08612E7	4712
5955000.0	2999
1.66284E7	6624
875400.0	493
3108600.0	1433
1.50552E7	6059
711600.0	401
7265400.0	3663
1.19094E7	4986
9288000.0	4534
4381800.0	2143
7003200.0	3543
9812400.0	4539
1423200.0	771
1.24338E7	5196
1.29582E7	5366
1.55796E7	6281
3501600.0	1626
6741000.0	3509
3763800.0	1832
1.08606E7	4712
4906200.0	2555
1.66278E7	6624
7789800.0	3951
2322000.0	1067
1.3482E7	5574
7527600.0	3850
1.1385E7	4846
355800.0	40
1.45308E7	5869
2013000.0	1006
4644000.0	2252
8763600.0	4488
1.40064E7	5766
1095600.0	529
8052600.0	4183
1.66296E7	6624
5169000.0	2717
1.34838E7	5574
1.08624E7	4712
7790400.0	3952
2453400.0	1157
547800.0	70
1.13868E7	4846
1.45326E7	5874
8765400.0	4488
1.40082E7	5767
3895200.0	1931
4906800.0	2555
7528200.0	3850
1.2435E7	5196
1685400.0	821
4157400.0	2010
5693400.0	2927
2715600.0	1312
9813600.0	4539
1.50564E7	6066
1.61052E7	6475
8314800.0	4257
1.0338E7	4583
5431200.0	2821
1.29594E7	5366
1.55808E7	6281
6741600.0	3509
1.40076E7	5767
1.13862E7	4846
1.6629E7	6624
8764800.0	4488
3370800.0	1600
6479400.0	3337
29400.0	1
1357800.0	699
9289200.0	4534
1.19106E7	4986
1.4532E7	5872
4382400.0	2143
1.29588E7	5366
9813000.0	4539
1.55802E7	6281
58800.0	1
1.03374E7	4583
1947600.0	973
4644600.0	2252
7266000.0	3663
2191200.0	1061
1.34832E7	5574
1.08618E7	4712
117600.0	7
7003800.0	3543
973800.0	522
1.61046E7	6475
3633000.0	1707
1.0335E7	4583
1.34808E7	5574
6478200.0	3337
6216000.0	3230
1.61022E7	6475
235200.0	28
1.40052E7	5766
5953800.0	2999
1.08594E7	4712
3108000.0	1433
1.13838E7	4846
1.66266E7	6624
470400.0	45
7002600.0	3543
1.19076E7	4986
3370200.0	1600
9286200.0	4534
1.50534E7	6058
1291800.0	661
940800.0	521
1.55778E7	6281
6740400.0	3509
1.29564E7	5366
9810600.0	4539
1.2432E7	5196
1881600.0	925
8050800.0	4181
1.08588E7	4712
1.40046E7	5766
1.6626E7	6624
1.34802E7	5574
5167200.0	2717
3763200.0	1832
1.13832E7	4846
4025400.0	1981
7788600.0	3949
1.4529E7	5868
4905000.0	2555
8761800.0	4488
2583600.0	1230
7526400.0	3850
5691600.0	2927
1.24314E7	5196
1.55772E7	6281
1554000.0	803
9810000.0	4539
1.50528E7	6058
2845800.0	1335
5429400.0	2821
1.61016E7	6475
8313000.0	4257
777000.0	442
1.03344E7	4583
1.29558E7	5366
1.24332E7	5196
613200.0	247
1.5579E7	6281
9811800.0	4539
1.50546E7	6059
5954400.0	2999
4156800.0	2008
1226400.0	643
1.61034E7	6475
1.03362E7	4583
1.29576E7	5366
2977200.0	1353
5692200.0	2927
8313600.0	4257
6478800.0	3337
8763000.0	4488
1.13844E7	4846
1.40058E7	5766
1.66272E7	6624
6216600.0	3230
306600.0	40
1816200.0	885
1.45302E7	5869
3239400.0	1540
9287400.0	4534
1.19088E7	4986
1.2957E7	5366
9811200.0	4539
3632400.0	1706
4643400.0	2252
2190600.0	1061
1.55784E7	6281
7527000.0	3850
1.03356E7	4583
259800.0	30
7264800.0	3662
4381200.0	2143
1.086E7	4712
1.61028E7	6475
1.34814E7	5574
519600.0	45
2452800.0	1157
1.45296E7	5869
8762400.0	4488
5430000.0	2821
3894600.0	1931
1.19082E7	4986
8051400.0	4181
1488600.0	794
1039200.0	522
4905600.0	2555
9286800.0	4534
2715000.0	1312
7789200.0	3950
1.5054E7	6059
1.24326E7	5196
5167800.0	2717
2078400.0	1028
1.40112E7	5768
6743400.0	3509
3240600.0	1540
1489200.0	794
1.13898E7	4846
1.66326E7	6624
8768400.0	4488
6481200.0	3337
744600.0	442
1.19142E7	4986
1.45356E7	5880
9816600.0	4539
3502800.0	1627
4384200.0	2143
1.29624E7	5366
2079000.0	1028
1.55838E7	6282
7267800.0	3665
7005600.0	3543
1.0341E7	4583
1.34868E7	5574
1.08654E7	4712
1.61082E7	6475
5432400.0	2821
1.4535E7	5877
8316000.0	4259
8767800.0	4488
1.13892E7	4846
2716200.0	1312
1751400.0	870
8053800.0	4183
9292200.0	4534
5170200.0	2717
1.50594E7	6067
1.19136E7	4986
4158000.0	2010
1.2438E7	5196
1.61076E7	6475
1.03404E7	4583
5956800.0	2999
1.34862E7	5574
6219000.0	3230
1.29618E7	5366
1.08648E7	4712
2978400.0	1353
5694600.0	2927
1.40106E7	5768
1.6632E7	6624
145200.0	9
6219600.0	3230
1.03422E7	4583
1.61094E7	6475
1.29636E7	5366
1423800.0	774
1006800.0	522
5957400.0	2999
290400.0	38
1.08666E7	4712
3109800.0	1433
1.40124E7	5768
1.66338E7	6624
1.3488E7	5574
2013600.0	1006
1.19148E7	4986
580800.0	187
1.50606E7	6071
7006200.0	3543
6744000.0	3509
9293400.0	4534
1.45362E7	5882
1.5585E7	6282
1161600.0	616
1.24392E7	5196
3372000.0	1600
6481800.0	3337
9817800.0	4539
503400.0	45
2323200.0	1067
1.66332E7	6624
3765000.0	1832
1686000.0	821
1.34874E7	5574
1.0866E7	4712
1.61088E7	6475
5170800.0	2717
7792200.0	3954
4646400.0	2252
7530000.0	3851
843000.0	482
1.40118E7	5768
4908600.0	2555
8769000.0	4488
1.13904E7	4846
2585400.0	1230
9292800.0	4534
1.506E7	6067
9817200.0	4539
5695200.0	2927
4027200.0	1981
1.24386E7	5196
8316600.0	4259
2847600.0	1335
5433000.0	2821
8054400.0	4184
1.03416E7	4583
1.2963E7	5366
1.55844E7	6282
9814800.0	4539
1.29606E7	5366
7528800.0	3850
4645200.0	2252
810000.0	482
1.5582E7	6281
1.3485E7	5574
7266600.0	3663
1.03392E7	4583
3764400.0	1832
2322600.0	1067
4383000.0	2143
1620000.0	815
1.08636E7	4712
1.61064E7	6475
1.45332E7	5876
5169600.0	2717
1.13874E7	4846
8766000.0	4488
1.19118E7	4986
5431800.0	2821
8053200.0	4183
4907400.0	2555
2584800.0	1230
1.50576E7	6067
9290400.0	4534
405000.0	42
4026600.0	1981
1.24362E7	5196
7791000.0	3952
2977800.0	1353
1292400.0	661
6217800.0	3230
1.03386E7	4583
1.34844E7	5574
1.61058E7	6475
1.296E7	5366
5955600.0	2999
646200.0	379
1.40088E7	5767
1.0863E7	4712
1.66302E7	6624
1.5057E7	6066
1.19112E7	4986
1882200.0	925
7004400.0	3543
3240000.0	1540
9289800.0	4534
72600.0	1
9814200.0	4539
1.24356E7	5196
3502200.0	1627
1.55814E7	6281
6742200.0	3509
6480000.0	3337
1.50588E7	6067
1.1913E7	4986
7005000.0	3543
9291600.0	4534
1.45344E7	5877
4383600.0	2143
3371400.0	1600
1.55832E7	6282
1.24374E7	5196
9816000.0	4539
2191800.0	1061
6742800.0	3509
1554600.0	803
7791600.0	3953
1.66314E7	6624
4908000.0	2555
3633600.0	1707
1.08642E7	4712
1.34856E7	5574
3895800.0	1931
7529400.0	3851
1.13886E7	4846
1.401E7	5768
2454000.0	1157
4645800.0	2252
7267200.0	3665
8767200.0	4488
2847000.0	1335
1227000.0	644
908400.0	521
5956200.0	2999
9815400.0	4539
1.24368E7	5196
1.50582E7	6067
1.6107E7	6475
1.03398E7	4583
5694000.0	2927
1816800.0	885
1.55826E7	6282
8315400.0	4259
1.29612E7	5366
1.1388E7	4846
1.40094E7	5767
1.66308E7	6624
6480600.0	3337
3109200.0	1433
8766600.0	4488
454200.0	44
1.19124E7	4986
9291000.0	4534
1.45338E7	5876
6218400.0	3230
4910400.0	2555
1817400.0	885
194400.0	17
1.08696E7	4712
7794000.0	3959
1.61124E7	6475
5172600.0	2717
1.3491E7	5575
2455200.0	1159
4648200.0	2252
388800.0	41
3897000.0	1933
7531800.0	3853
8772600.0	4488
1.1394E7	4846
1.40154E7	5768
1.66368E7	6624
9296400.0	4534
777600.0	442
2717400.0	1312
1.50636E7	6077
1.24422E7	5196
5697000.0	2927
8318400.0	4261
1.29666E7	5366
9820800.0	4539
1555200.0	803
5434800.0	2821
1.5588E7	6282
8056200.0	4186
1.03452E7	4583
4159200.0	2010
1.40148E7	5768
6745200.0	3509
1.0869E7	4712
3110400.0	1433
1.13934E7	4846
1.66362E7	6624
2079600.0	1028
1.45392E7	5889
8772000.0	4488
3372600.0	1600
6483000.0	3337
6220800.0	3230
1.19178E7	4986
1039800.0	522
1227600.0	644
7269600.0	3665
4386000.0	2143
1.55874E7	6282
1.2966E7	5366
9820200.0	4539
1.24416E7	5196
7007400.0	3543
1.03446E7	4583
613800.0	247
3634800.0	1711
2193000.0	1061
1.34904E7	5574
1.61118E7	6475
7532400.0	3853
9822000.0	4539
1.24434E7	5196
1.29678E7	5367
1.55892E7	6282
4648800.0	2252
3504000.0	1629
3766200.0	1832
1.34922E7	5575
7270200.0	3667
1.61136E7	6475
1.03464E7	4583
2324400.0	1067
4386600.0	2143
7008000.0	3543
1.13946E7	4846
1.45404E7	5889
8056800.0	4188
5173200.0	2717
8773200.0	4488
1.4016E7	5768
1.50648E7	6077
4911000.0	2555
1.1919E7	4986
4028400.0	1981
2586600.0	1230
7794600.0	3963
9297600.0	4534
1489800.0	794
6221400.0	3231
1.6113E7	6475
2014200.0	1006
219000.0	28
1.03458E7	4583
1.29672E7	5367
2979600.0	1353
1.08702E7	4712
1.66374E7	6624
438000.0	42
1.34916E7	5575
5959200.0	2999
1.45398E7	5889
1162200.0	616
876000.0	494
6745800.0	3509
3241800.0	1540
9297000.0	4534
1.19184E7	4986
1.24428E7	5196
1.55886E7	6282
9821400.0	4539
1752000.0	872
6483600.0	3337
1.50642E7	6077
9294600.0	4534
2716800.0	1312
1.50618E7	6077
5958000.0	2999
4158600.0	2010
9819000.0	4539
1.24404E7	5196
1.29648E7	5366
5433600.0	2821
1948200.0	973
2979000.0	1353
5695800.0	2927
8317200.0	4259
1.03434E7	4583
1.55862E7	6282
6482400.0	3337
1.4013E7	5768
1.08672E7	4712
1.13916E7	4846
1.66344E7	6624
3241200.0	1540
8770200.0	4488
1096200.0	529
1.1916E7	4986
1.45374E7	5885
6220200.0	3230
1620600.0	815
169800.0	9
1.29642E7	5366
1.55856E7	6282
7530600.0	3852
9818400.0	4539
3634200.0	1709
4647000.0	2252
2192400.0	1061
1.03428E7	4583
1.34886E7	5574
339600.0	40
7268400.0	3665
4384800.0	2143
1.611E7	6475
5171400.0	2717
679200.0	379
3896400.0	1932
2454600.0	1157
1.1391E7	4846
1.45368E7	5882
8055000.0	4185
8769600.0	4488
1358400.0	699
7792800.0	3956
4909200.0	2555
1.50612E7	6075
9294000.0	4534
1.19154E7	4986
1.24398E7	5196
1.13928E7	4846
4027800.0	1981
5434200.0	2821
8317800.0	4261
1.45386E7	5887
8771400.0	4488
2586000.0	1230
1882800.0	925
8055600.0	4186
1.19172E7	4986
9295800.0	4534
1.5063E7	6077
5172000.0	2717
941400.0	521
2848200.0	1335
1.61112E7	6475
5958600.0	2999
1.0344E7	4583
1.29654E7	5366
5696400.0	2927
1.08684E7	4712
1.40142E7	5768
1.66356E7	6624
1.34898E7	5574
1.19166E7	4986
1.4538E7	5887
9295200.0	4534
4385400.0	2143
7006800.0	3543
1.2441E7	5196
1.55868E7	6282
9819600.0	4539
1.50624E7	6077
3503400.0	1627
6744600.0	3509
1.6635E7	6624
7793400.0	3959
48600.0	1
4909800.0	2555
7531200.0	3853
2323800.0	1067
1.08678E7	4712
1.34892E7	5574
1.61106E7	6475
97200.0	2
7269000.0	3665
1293000.0	661
3765600.0	1832
1.13922E7	4846
4647600.0	2252
8770800.0	4488
1.40136E7	5768
1.61166E7	6475
646800.0	379
1.03494E7	4583
1.55922E7	6282
1.29708E7	5370
6223200.0	3232
1.6641E7	6624
1293600.0	661
5961000.0	2999
1.08738E7	4712
1.34952E7	5588
3111600.0	1433
8776200.0	4488
1.1922E7	4986
6747600.0	3509
9300600.0	4534
1.45434E7	5889
323400.0	40
1883400.0	925
3373800.0	1600
6485400.0	3337
9825000.0	4539
1.24464E7	5196
1.50678E7	6082
4912200.0	2555
1.34946E7	5576
1.03488E7	4583
3766800.0	1832
2325000.0	1067
1.08732E7	4712
1.6116E7	6475
7795800.0	3966
7533600.0	3853
4650000.0	2252
1.13976E7	4846
1.4019E7	5770
1.66404E7	6624
2587200.0	1230
1.50672E7	6082
9300000.0	4534
5698800.0	2927
4029000.0	1981
1.24458E7	5196
8320200.0	4261
1555800.0	803
9824400.0	4539
5174400.0	2717
1.29702E7	5370
2849400.0	1335
5436600.0	2821
8058000.0	4188
1.55916E7	6282
121800.0	9
2718600.0	1312
9301800.0	4534
1.5069E7	6082
1.19232E7	4986
4160400.0	2011
5699400.0	2927
1.24476E7	5196
5437200.0	2821
9826200.0	4539
1.2972E7	5373
8320800.0	4261
1228200.0	644
1.55934E7	6282
1.08744E7	4712
6486000.0	3337
2980800.0	1353
1.40202E7	5770
1.66416E7	6624
1818000.0	886
1.45446E7	5893
3243000.0	1541
5961600.0	2999
8777400.0	4488
1.13988E7	4846
6223800.0	3232
909000.0	521
1.55928E7	6282
7534200.0	3853
1.2447E7	5196
745200.0	442
9825600.0	4539
4650600.0	2252
7272000.0	3674
2194200.0	1061
1.61172E7	6475
1.035E7	4583
1490400.0	794
1.34958E7	5590
7009800.0	3543
1.29714E7	5372
3636000.0	1712
4388400.0	2143
3898200.0	1936
1.13982E7	4846
8058600.0	4188
5175000.0	2717
1.40196E7	5770
2456400.0	1159
8776800.0	4488
7796400.0	3966
1.50684E7	6082
1.19226E7	4986
372600.0	41
2080200.0	1028
4912800.0	2555
9301200.0	4534
1.4544E7	5889
8774400.0	4488
3373200.0	1600
7008600.0	3543
9298800.0	4534
1.19202E7	4986
1.45416E7	5889
1.24446E7	5196
6746400.0	3509
9823200.0	4539
1.5066E7	6079
2193600.0	1061
1.34928E7	5575
1424400.0	774
1.08714E7	4712
1.61142E7	6475
4911600.0	2555
7533000.0	3853
3635400.0	1711
4387200.0	2143
712200.0	403
1.40172E7	5768
2455800.0	1159
1.13958E7	4846
1.66386E7	6624
4649400.0	2252
7270800.0	3668
548400.0	70
9298200.0	4534
5697600.0	2927
5959800.0	2999
1.2444E7	5196
1.50654E7	6077
1096800.0	529
1.29684E7	5369
9822600.0	4539
2848800.0	1335
5435400.0	2821
1.55898E7	6282
8319000.0	4261
1.0347E7	4583
1.40166E7	5768
6484200.0	3337
1.08708E7	4712
1.6638E7	6624
3111000.0	1433
274200.0	34
1686600.0	821
1.4541E7	5889
8773800.0	4488
1.13952E7	4846
1.19196E7	4986
6222000.0	3232
1.40184E7	5769
6747000.0	3509
1.08726E7	4712
6484800.0	3337
1.66398E7	6624
243600.0	28
1.45428E7	5889
1.1397E7	4846
6222600.0	3232
8775600.0	4488
3242400.0	1540
1.19214E7	4986
487200.0	45
7271400.0	3674
9823800.0	4539
1.24452E7	5196
3504600.0	1632
4387800.0	2143
1.5591E7	6282
1359000.0	699
974400.0	522
7009200.0	3543
1.03482E7	4583
1.3494E7	5576
1.61154E7	6475
1.29696E7	5370
1948800.0	975
8319600.0	4261
1.13964E7	4846
1.45422E7	5889
8775000.0	4488
1.40178E7	5768
5436000.0	2821
3897600.0	1936
8057400.0	4188
1.50666E7	6082
1.19208E7	4986
4159800.0	2010
9299400.0	4534
5173800.0	2717
2718000.0	1312
7795200.0	3963
1.61148E7	6475
5960400.0	2999
1621200.0	815
1.03476E7	4583
1.2969E7	5369
1.55904E7	6282
2980200.0	1353
5698200.0	2927
1.66392E7	6624
810600.0	482
1.34934E7	5575
1.0872E7	4712
1.24506E7	5196
1.55964E7	6282
9829200.0	4539
7273800.0	3675
1.5072E7	6083
4652400.0	2252
3505800.0	1632
1621800.0	815
1.61208E7	6475
1.03536E7	4583
1.2975E7	5375
2326200.0	1067
4390200.0	2143
7011600.0	3543
8060400.0	4194
5176800.0	2717
3768000.0	1832
1.14018E7	4846
8780400.0	4488
1.40232E7	5770
1.19262E7	4986
4030200.0	1981
7798200.0	3969
4914600.0	2555
1.45476E7	5896
2588400.0	1230
7536000.0	3858
9304800.0	4534
1.29744E7	5375
2981400.0	1353
1294200.0	661
942000.0	521
6225000.0	3232
1.0353E7	4583
1.55958E7	6282
1.66446E7	6624
5962800.0	3004
1884000.0	925
1.08774E7	4712
1.34988E7	5591
1.61202E7	6475
3243600.0	1541
8779800.0	4488
1.19256E7	4986
1.4547E7	5896
6749400.0	3510
6487200.0	3337
9304200.0	4534
1.50714E7	6082
471000.0	45
9828600.0	4539
1.245E7	5196
7012200.0	3543
1.45488E7	5899
8781600.0	4488
3375000.0	1600
1556400.0	803
1.19274E7	4986
9306000.0	4534
6750000.0	3510
778200.0	442
1.50732E7	6083
1.24518E7	5196
1.03542E7	4583
3637200.0	1721
4653000.0	2252
2195400.0	1061
1.35E7	5591
1.61214E7	6475
7536600.0	3859
1.40244E7	5771
7274400.0	3679
4390800.0	2143
1.08786E7	4712
1.1403E7	4846
1.66458E7	6624
5701200.0	2927
1.19268E7	4986
9305400.0	4534
1.50726E7	6083
2850600.0	1335
5439000.0	2821
1818600.0	886
1.5597E7	6282
8322600.0	4261
1.29756E7	5375
9829800.0	4539
1.24512E7	5196
1.0878E7	4712
1.40238E7	5770
1.66452E7	6624
6487800.0	3337
6225600.0	3234
1.34994E7	5591
1.14024E7	4846
5963400.0	3004
1.45482E7	5896
3112800.0	1434
8781000.0	4488
1162800.0	616
8321400.0	4261
1.40214E7	5770
8778600.0	4488
1.14E7	4846
5437800.0	2821
8059200.0	4190
2587800.0	1230
1.19244E7	4986
581400.0	187
1.50702E7	6082
9303000.0	4534
1.45458E7	5894
4029600.0	1981
5175600.0	2717
7797000.0	3968
5962200.0	3003
1752600.0	873
2850000.0	1335
1.03512E7	4583
1.29726E7	5375
1.5594E7	6282
1.66428E7	6624
1.3497E7	5590
5700000.0	2927
1.08756E7	4712
1.61184E7	6475
7010400.0	3543
8778000.0	4488
1.19238E7	4986
1.45452E7	5893
9302400.0	4534
3505200.0	1632
6748200.0	3509
1.50696E7	6082
9826800.0	4539
1425000.0	774
1.24482E7	5196
4651200.0	2252
1.03506E7	4583
1.34964E7	5590
7534800.0	3854
1.0875E7	4712
1.61178E7	6475
4913400.0	2555
2014800.0	1006
2325600.0	1067
4389000.0	2143
1.40208E7	5770
3767400.0	1832
1.13994E7	4846
1.66422E7	6624
7272600.0	3675
1007400.0	522
1.03524E7	4583
1.34982E7	5591
7797600.0	3968
4914000.0	2555
1097400.0	529
1.61196E7	6475
843600.0	482
1.40226E7	5770
1.08768E7	4712
3898800.0	1936
2457000.0	1159
7535400.0	3857
4651800.0	2252
1687200.0	821
1.14012E7	4846
1.6644E7	6624
5438400.0	2821
1.50708E7	6082
9303600.0	4534
1.1925E7	4986
1.24494E7	5196
5700600.0	2927
8322000.0	4261
5176200.0	2717
2719200.0	1312
1.29738E7	5375
1.55952E7	6282
9828000.0	4539
8059800.0	4190
421800.0	42
4161000.0	2012
1.08762E7	4712
3112200.0	1433
1359600.0	699
1.4022E7	5770
1.66434E7	6624
1.34976E7	5590
6486600.0	3337
6224400.0	3232
679800.0	379
1.14006E7	4846
1.45464E7	5894
8779200.0	4488
1.55946E7	6282
1.24488E7	5196
1949400.0	975
7273200.0	3675
4389600.0	2143
3374400.0	1600
9827400.0	4539
7011000.0	3543
1.03518E7	4583
1.6119E7	6475
3636600.0	1714
2194800.0	1061
6748800.0	3509
1.29732E7	5375

