Contacts	TotalForwards
500	0
1001	1
1501	1
2002	7
2503	11
3003	16
3503	17
4003	19
4503	22
5004	32
5504	36
6005	42
6506	45
7008	48
7510	54
8011	58
8513	67
9013	71
9513	79
10013	85
10513	91
11015	98
11515	107
12017	109
12517	112
13018	115
13518	123
14018	129
14519	133
15019	139
15519	148
16019	152
16519	156
17019	158
17521	165
18021	175
18521	183
19021	198
19521	204
20022	216
20525	225
21027	232
21527	242
22027	248
22529	262
23029	272
23529	285
24029	293
24531	301
25031	313
25531	325
26031	334
26531	339
27031	343
27532	350
28032	357
28532	365
29032	376
29532	381
30032	391
30532	397
31033	401
31533	411
32034	419
32534	429
33034	439
33535	448
34035	457
34537	468
35038	483
35538	492
36038	497
36538	508
37038	513
37538	519
38038	528
38538	539
39038	553
39538	558
40038	568
40538	580
41038	594
41540	604
42040	611
42540	617
43040	619
43541	626
44041	637
44542	641
45042	654
45543	663
46044	677
46544	688
47044	693
47545	700
48045	708
48545	717
49046	720
49546	728
50047	739
50547	748
51048	762
51549	771
52049	784
52552	793
53052	800
53552	808
54052	822
54554	833
55054	841
55554	850
56054	854
56554	863
57054	871
57554	878
58055	885
58556	891
59056	903
59557	909
60057	918
60557	925
61058	936
61560	945
62061	953
62562	960
63062	971
63562	978
64063	983
64563	992
65063	997
65564	1004
66065	1010
66567	1016
67070	1026
67571	1036
68072	1046
68572	1052
69072	1064
69572	1074
70072	1081
70573	1088
71073	1094
71573	1101
72074	1112
72574	1124
73074	1133
73575	1145
74075	1154
74575	1162
75075	1171
75576	1184
76076	1192
76576	1200
77077	1203
77577	1205
78077	1214
78577	1216
79077	1226
79577	1238
80078	1245
80578	1252
81079	1266
81579	1278
82079	1290
82579	1298
83081	1307
83582	1316
84082	1321
84582	1331
85083	1341
85583	1348
86083	1364
86584	1373
87086	1378
87587	1389
88087	1400
88587	1407
89087	1419
89588	1428
90088	1432
90589	1441
91089	1448
91590	1455
92090	1463
92590	1470
93090	1482
93591	1488
94092	1508
94592	1513
95093	1520
95593	1529
96093	1539
96593	1543
97093	1550
97593	1554
98094	1565
98594	1573
99094	1585
99596	1591
100096	1603
100596	1608
101097	1616
101597	1622
102097	1631
102597	1635
103097	1643
103597	1651
104097	1660
104597	1667
105097	1670
105597	1687
106097	1693
106597	1706
107097	1712
107597	1720
108097	1729
108598	1731
109098	1740
109598	1750
110098	1764
110598	1769
111101	1774
111601	1783
112102	1791
112604	1798
113105	1804
113605	1813
114105	1818
114605	1827
115105	1841
115606	1849
116106	1859
116606	1871
117106	1877
117606	1881
118106	1888
118606	1897
119106	1906
119607	1916
120107	1930
120607	1941
121107	1946
121607	1963
122108	1975
122609	1984
123112	1990
123612	1996
124112	2003
124613	2008
125114	2012
125615	2022
126116	2032
126616	2038
127116	2045
127616	2051
128116	2064
128616	2075
129117	2085
129617	2089
130117	2107
130617	2111
131117	2118
131617	2127
132117	2135
132617	2139
133118	2152
133619	2161
134121	2176
134621	2181
135121	2188
135621	2195
136121	2207
136623	2217
137123	2227
137623	2233
138123	2243
138623	2251
139123	2256
139623	2264
140123	2272
140623	2279
141124	2287
141624	2294
142124	2300
142624	2309
143124	2317
143624	2324
144124	2334
144625	2345
145126	2353
145626	2359
146127	2370
146627	2381
147127	2393
147627	2401
148127	2409
148629	2410
149129	2417
149630	2421
150131	2432
150631	2444
151131	2456
151631	2462
152131	2470
152632	2476
153132	2482
153632	2492
154132	2500
154633	2510
155133	2525
155633	2536
156133	2541
156634	2551
157135	2562
157635	2576
158135	2586
158635	2592
159136	2604
159636	2609
160136	2617
160637	2625
161137	2630
161637	2637
162137	2645
162638	2652
163138	2657
163638	2669
164139	2674
164640	2686
165140	2696
165640	2708
166140	2714
166640	2721
167140	2729
167640	2734
168141	2741
168641	2749
169141	2760
169641	2771
170141	2778
170641	2789
171141	2799
171642	2810
172142	2820
172642	2833
173142	2840
173644	2850
174145	2857
174645	2865
175145	2873
175645	2886
176145	2901
176645	2912
177145	2922
177645	2931
178145	2937
178645	2947
179145	2953
179646	2962
180146	2979
180647	2986
181147	2996
181647	3003
182147	3012
182648	3017
183148	3025
183648	3040
184148	3050
184648	3064
185149	3080
185649	3085
186149	3096
186649	3106
187149	3112
187649	3121
188150	3126
188651	3136
189151	3142
189651	3149
190151	3159
190651	3169
191153	3179
191653	3186
192153	3194
192653	3200
193153	3209
193653	3215
194154	3221
194654	3228
195155	3236
195655	3241
196155	3253
196658	3264
197159	3272
197659	3280
198159	3291
198660	3301
199161	3307
199661	3313
200161	3321
200662	3333
201163	3343
201664	3349
202164	3362
202665	3370
203165	3386
203665	3395
204165	3400
204666	3404
205167	3414
205668	3428
206169	3439
206670	3446
207170	3452
207671	3461
208172	3465
208672	3471
209172	3475
209672	3487
210173	3498
210673	3509
211173	3520
211673	3528
212174	3537
212676	3548
213176	3551
213677	3559
214178	3571
214678	3580
215178	3588
215678	3598
216178	3604
216678	3612
217178	3620
217678	3634
218178	3643
218678	3659
219179	3670
219680	3678
220180	3686
220680	3698
221180	3710
221681	3718
222181	3725
222681	3742
223181	3754
223681	3761
224183	3766
224683	3770
225183	3775
225684	3779
226184	3785
226684	3798
227184	3800
227684	3812
228184	3824
228684	3832
229184	3842
229684	3850
230184	3856
230684	3865
231184	3876
231686	3885
232186	3888
232686	3891
233186	3898
233686	3899
234187	3908
234687	3917
235189	3924
235691	3930
236192	3939
236692	3951
237193	3966
237694	3973
238194	3980
238696	3993
239196	3999
239696	4013
240196	4022
240696	4030
241198	4038
241699	4047
242199	4059
242699	4072
243200	4077
243700	4083
244200	4098
244700	4103
245200	4113
245701	4116
246201	4123
246701	4131
247201	4140
247701	4148
248203	4159
248705	4165
249205	4171
249705	4181
250205	4188
250706	4201
251206	4203
251706	4209
252206	4218
252706	4229
253206	4235
253707	4248
254209	4258
254709	4266
255210	4275
255711	4286
256211	4293
256711	4300
257211	4308
257711	4318
258212	4328
258712	4333
259214	4341
259714	4350
260214	4358
260716	4366
261216	4372
261718	4377
262218	4386
262718	4398
263218	4410
263718	4417
264221	4429
264721	4439
265223	4454
265723	4459
266223	4472
266723	4477
267224	4485
267725	4492
268225	4506
268725	4514
269227	4526
269727	4534
270227	4543
270727	4551
271228	4563
271729	4567
272230	4576
272730	4587
273230	4597
273731	4605
274231	4616
274733	4624
275233	4634
275733	4646
276234	4658
276734	4662
277234	4668
277736	4677
278236	4683
278736	4692
279236	4701
279736	4712
280236	4720
280736	4730
281236	4738
281737	4745
282237	4751
282737	4763
283237	4770
283737	4777
284237	4786
284738	4798
285238	4807
285739	4815
286239	4822
286739	4831
287241	4838
287742	4847
288243	4854
288743	4864
289244	4870
289744	4882
290244	4896
290744	4902
291244	4909
291745	4922
292245	4934
292747	4942
293247	4958
293747	4971
294247	4976
294749	4984
295249	4992
295749	4999
296249	5011
296750	5021
297250	5032
297750	5040
298251	5050
298751	5056
299251	5068
299752	5077
300253	5084
300754	5102
301254	5110
301756	5119
302256	5122
302756	5130
303256	5139
303756	5146
304258	5156
304759	5164
305259	5170
305759	5179
306259	5190
306759	5204
307259	5214
307760	5226
308260	5230
308760	5242
309261	5254
309761	5257
310262	5266
310763	5272
311264	5281
311764	5287
312264	5292
312764	5304
313264	5311
313764	5319
314264	5335
314764	5344
315264	5350
315765	5357
316265	5364
316765	5378
317265	5384
317765	5394
318266	5400
318766	5403
319266	5416
319767	5424
320267	5431
320767	5434
321268	5445
321768	5454
322268	5463
322768	5469
323269	5476
323769	5485
324270	5496
324770	5504
325270	5511
325770	5520
326270	5527
326770	5535
327270	5541
327770	5556
328270	5561
328770	5572
329270	5584
329770	5594
330270	5604
330770	5614
331270	5622
331772	5633
332272	5646
332774	5657
333274	5665
333774	5671
334274	5679
334774	5685
335274	5694
335774	5700
336274	5705
336775	5717
337275	5734
337775	5744
338275	5753
338776	5757
339276	5765
339776	5773
340276	5779
340776	5791
341276	5799
341778	5812
342278	5817
342778	5824
343279	5831
343781	5838
344282	5847
344782	5853
345282	5862
345782	5872
346282	5877
346782	5895
347282	5904
347782	5912
348282	5917
348782	5928
349282	5941
349782	5947
350282	5952
350784	5957
351285	5965
351785	5974
352285	5979
352785	5985
353286	5994
353786	6002
354287	6010
354788	6015
355288	6029
355788	6042
356288	6050
356788	6060
357289	6066
357791	6072
358292	6076
358792	6086
359292	6095
359792	6104
360292	6113
360792	6123
361292	6132
361793	6142
362293	6154
362794	6164
363294	6171
363794	6181
364294	6190
364794	6203
365294	6212
365796	6218
366297	6227
366798	6238
367298	6245
367798	6255
368298	6262
368798	6271
369300	6282
369800	6294
370300	6305
370800	6318
371300	6325
371801	6329
372301	6339
372801	6346
373301	6360
373801	6369
374301	6373
374802	6378
375302	6387
375802	6395
376302	6403
376802	6413
377302	6423
377802	6438
378302	6444
378805	6451
379307	6458
379808	6465
380308	6481
380808	6497
381308	6505
381808	6513
382308	6519
382808	6525
383308	6532
383808	6541
384308	6552
384809	6559
385309	6563
385810	6566
386310	6577
386810	6587
387311	6601
387812	6614
388313	6625
388813	6634
389313	6643
389813	6650
390313	6657
390813	6662
391314	6670
391814	6675
392314	6681
392814	6691
393314	6700
393814	6708
394314	6719
394814	6730
395315	6738
395815	6744
396315	6754
396815	6761
397315	6768
397815	6777
398316	6789
398816	6800
399316	6807
399816	6820
400317	6825
400817	6832
401317	6840
401817	6844
402317	6850
402817	6861
403319	6874
403820	6883
404320	6895
404820	6902
405320	6912
405820	6927
406320	6935
406822	6947
407322	6960
407823	6964
408323	6972
408823	6983
409323	6991
409824	7000
410324	7014
410824	7028
411324	7039
411824	7050
412324	7055
412825	7059
413325	7063
413826	7069
414326	7075
414826	7086
415326	7100
415826	7109
416327	7119
416827	7130
417327	7141
417828	7152
418328	7160
418828	7168
419328	7175
419830	7179
420330	7190
420830	7194
421331	7204
421831	7217
422331	7221
422832	7230
423332	7236
423833	7245
424335	7254
424835	7266
425335	7276
425835	7288
426335	7293
426836	7307
427336	7313
427836	7322
428337	7334
428838	7341
429338	7355
429839	7365
430339	7371
430839	7380
431339	7387
431839	7400
432339	7412
432839	7421
433339	7423
433839	7432
434340	7440
434840	7449
435340	7456
435840	7465
436340	7475
436841	7485
437342	7491
437842	7502
438342	7507
438842	7512
439342	7520
439844	7530
440344	7540
440844	7543
441345	7556
441845	7564
442345	7574
442845	7587
443345	7599
443846	7606
444346	7618
444846	7621
445347	7626
445847	7632
446347	7639
446847	7642
447347	7650
447847	7660
448347	7667
448847	7676
449348	7689
449848	7695
450348	7704
450848	7709
451349	7720
451849	7731
452349	7737
452849	7745
453350	7755
453851	7763
454351	7771
454853	7781
455355	7792
455855	7800
456355	7804
456856	7812
457357	7823
457857	7831
458357	7844
458857	7857
459358	7868
459858	7873
460358	7880
460858	7890
461358	7899
461858	7905
462358	7912
462858	7919
463359	7925
463859	7937
464359	7945
464859	7954
465359	7965
465859	7974
466359	7983
466859	7991
467360	7996
467861	8006
468363	8013
468863	8020
469363	8031
469863	8038
470363	8048
470863	8057
471363	8071
471864	8081
472364	8091
472864	8102
473364	8110
473864	8114
474364	8122
474864	8127
475364	8132
475865	8138
476365	8147
476865	8154
477365	8165
477865	8173
478365	8180
478865	8185
479365	8194
479865	8200
480365	8210
480865	8216
481366	8226
481866	8235
482366	8241
482868	8249
483368	8256
483868	8264
484368	8276
484868	8285
485368	8308
485868	8316
486368	8327
486868	8331
487368	8337
487868	8349
488368	8354
488869	8364
489370	8374
489870	8382
490370	8384
490870	8395
491370	8400
491870	8412
492370	8425
492870	8433
493370	8445
493870	8452
494370	8461
494872	8471
495373	8481
495873	8488
496373	8491
496873	8498
497373	8504
497875	8517
498375	8525
498876	8533
499379	8538
499879	8543
500379	8557
500881	8571
501381	8582
501883	8596
502383	8603
502883	8610
503384	8615
503884	8626
504384	8629
504884	8638
505385	8641
505885	8654
506385	8664
506886	8677
507386	8684
507886	8688
508386	8695
508886	8704
509386	8712
509887	8722
510387	8729
510887	8732
511387	8746
511887	8758
512387	8766
512887	8772
513387	8792
513887	8800
514387	8802
514887	8811
515387	8818
515887	8826
516387	8836
516887	8846
517387	8851
517887	8860
518387	8866
518887	8875
519387	8883
519887	8894
520387	8898
520887	8906
521387	8919
521887	8924
522387	8939
522888	8948
523389	8955
523889	8962
524389	8975
524889	8987
525390	8993
525890	8997
526390	8999
526892	9005
527392	9016
527892	9032
528393	9046
528893	9054
529394	9061
529894	9067
530394	9079
530894	9088
531394	9093
531894	9106
532394	9111
532894	9121
533394	9129
533896	9138
534396	9144
534896	9147
535396	9157
535897	9165
536398	9177
536899	9189
537400	9201
537901	9211
538401	9223
538901	9233
539402	9246
539904	9260
540406	9263
540906	9274
541406	9280
541906	9290
542406	9299
542906	9310
543406	9316
543906	9326
544408	9331
544908	9341
545409	9346
545909	9352
546410	9364
546910	9380
547410	9391
547910	9397
548410	9410
548910	9420
549410	9429
549910	9436
550410	9447
550911	9455
551411	9466
551911	9470
552411	9476
552912	9486
553412	9497
553913	9511
554413	9519
554913	9528
555413	9535
555913	9541
556413	9548
556913	9555
557414	9560
557914	9570
558414	9580
558914	9594
559414	9600
559914	9611
560415	9620
560915	9624
561415	9638
561915	9646
562415	9654
562915	9663
563416	9674
563916	9684
564416	9693
564916	9701
565417	9708
565917	9716
566417	9728
566919	9732
567420	9738
567920	9747
568421	9753
568923	9762
569423	9770
569923	9776
570423	9783
570924	9794
571424	9799
571924	9805
572424	9812
572924	9818
573424	9825
573924	9834
574424	9842
574924	9853
575424	9864
575924	9876
576425	9887
576925	9895
577425	9904
577925	9916
578425	9922
578925	9928
579427	9934
579928	9944
580429	9953
580929	9964
581431	9975
581931	9981
582431	9989
582931	9998
583432	10006
583932	10016
584433	10023
584934	10029
585434	10039
585935	10048
586435	10053
586936	10067
587436	10076
587938	10084
588439	10092
588940	10098
589440	10103
589940	10111
590441	10120
590942	10125
591442	10127
591942	10140
592442	10151
592942	10165
593442	10173
593944	10184
594444	10189
594944	10196
595444	10206
595946	10220
596446	10228
596946	10238
597446	10247
597946	10256
598446	10259
598946	10272
599447	10281
599947	10286
600447	10293
600947	10300
601447	10308
601948	10314
602448	10321
602948	10329
603448	10335
603948	10338
604448	10347
604948	10357
605448	10367
605948	10374
606449	10377
606949	10386
607449	10401
607949	10410
608449	10411
608949	10419
609449	10427
609950	10435
610450	10447
610950	10461
611453	10469
611953	10477
612453	10481
612953	10496
613453	10506
613953	10517
614454	10522
614954	10529
615454	10541
615955	10550
616456	10561
616957	10567
617458	10575
617958	10583
618458	10595
618959	10607
619459	10612
619959	10622
620459	10634
620959	10642
621460	10648
621960	10657
622460	10668
622961	10674
623461	10685
623961	10694
624461	10700
624961	10709
625461	10716
625961	10724
626461	10730
626961	10739
627461	10745
627961	10756
628462	10761
628963	10770
629464	10779
629965	10789
630465	10797
630966	10806
631466	10817
631966	10825
632466	10830
632966	10837
633466	10843
633966	10852
634467	10858
634967	10868
635467	10884
635968	10891
636470	10900
636972	10908
637472	10917
637972	10929
638472	10935
638972	10944
639472	10953
639972	10957
640472	10966
640972	10982
641474	10987
641974	10992
642474	10999
642974	11004
643474	11016
643974	11022
644474	11031
644974	11038
645474	11045
645975	11053
646475	11069
646975	11076
647475	11085
647975	11094
648475	11100
648975	11104
649476	11113
649976	11120
650476	11128
650977	11137
651477	11147
651977	11150
652477	11155
652977	11163
653477	11175
653978	11183
654479	11197
654979	11205
655479	11208
655979	11216
656480	11222
656980	11229
657480	11241
657980	11251
658481	11262
658981	11274
659481	11283
659981	11286
660482	11293
660982	11303
661482	11310
661982	11314
662482	11322
662983	11335
663483	11344
663983	11354
664483	11359
664985	11367
665485	11375
665985	11385
666485	11394
666986	11401
667486	11410
667986	11419
668486	11425
668987	11434
669488	11439
669989	11453
670490	11463
670990	11471
671491	11480
671992	11490
672493	11500
672993	11511
673495	11520
673995	11523
674495	11531
674995	11541
675496	11551
675996	11556
676496	11562
676997	11571
677497	11577
677997	11587
678497	11595
678997	11606
679499	11616
679999	11626
680499	11636
680999	11641
681500	11651
682002	11660
682502	11675
683002	11689
683502	11696
684003	11703
684503	11718
685003	11725
685504	11734
686005	11745
686505	11751
687005	11758
687506	11768
688006	11777
688507	11785
689007	11791
689507	11807
690007	11816
690507	11819
691007	11831
691507	11839
692007	11843
692507	11850
693007	11859
693507	11869
694007	11879
694507	11887
695007	11892
695508	11903
696010	11913
696510	11926
697010	11940
697510	11947
698011	11955
698511	11961
699012	11968
699512	11979
700012	11993
700512	12006
701012	12011
701512	12020
702012	12031
702512	12038
703012	12045
703513	12049
704013	12060
704514	12067
705014	12077
705515	12083
706015	12093
706516	12101
707016	12111
707517	12118
708018	12124
708518	12132
709019	12145
709519	12156
710019	12165
710519	12170
711020	12179
711521	12188
712021	12195
712521	12204
713022	12214
713522	12219
714022	12225
714522	12241
715022	12247
715522	12257
716022	12268
716525	12272
717025	12279
717525	12286
718025	12299
718525	12314
719025	12326
719525	12338
720025	12350
720525	12358
721025	12367
721525	12372
722026	12380
722527	12388
723028	12395
723528	12403
724028	12408
724528	12417
725028	12424
725528	12438
726028	12442
726528	12451
727030	12462
727530	12472
728030	12478
728530	12488
729031	12497
729531	12503
730031	12513
730531	12521
731031	12531
731531	12536
732031	12549
732531	12559
733031	12566
733532	12568
734032	12575
734532	12581
735032	12591
735532	12601
736032	12611
736532	12618
737032	12628
737533	12638
738034	12651
738534	12656
739035	12659
739535	12668
740035	12676
740535	12683
741036	12692
741536	12703
742036	12715
742537	12722
743039	12729
743539	12737
744039	12752
744539	12757
745039	12766
745539	12773
746039	12784
746541	12790
747041	12808
747542	12818
748043	12826
748543	12834
749044	12839
749544	12850
750044	12860
750546	12871
751047	12878
751547	12884
752048	12887
752548	12894
753048	12907
753549	12912
754049	12920
754550	12928
755050	12937
755550	12939
756050	12947
756552	12957
757053	12976
757553	12987
758053	12994
758553	13002
759053	13009
759553	13018
760053	13029
760553	13038
761053	13045
761553	13050
762054	13056
762554	13065
763054	13070
763554	13081
764055	13088
764555	13100
765056	13109
765556	13120
766056	13129
766556	13139
767056	13146
767556	13153
768057	13164
768558	13175
769059	13185
769559	13190
770060	13195
770562	13201
771062	13212
771562	13220
772064	13228
772564	13235
773064	13241
773564	13251
774064	13262
774564	13268
775064	13274
775564	13283
776064	13301
776566	13307
777069	13318
777569	13323
778069	13332
778569	13339
779070	13347
779570	13352
780070	13358
780570	13366
781070	13372
781570	13379
782070	13389
782570	13396
783070	13409
783570	13415
784070	13422
784570	13431
785070	13440
785573	13448
786073	13457
786573	13464
787073	13476
787573	13486
788073	13493
788573	13500
789073	13513
789573	13520
790073	13526
790573	13532
791074	13539
791574	13545
792074	13554
792576	13558
793076	13566
793576	13576
794076	13584
794577	13594
795077	13606
795577	13615
796077	13627
796577	13638
797078	13647
797579	13656
798079	13667
798579	13676
799079	13686
799579	13692
800079	13699
800580	13709
801080	13716
801580	13726
802081	13734
802581	13745
803081	13749
803581	13754
804081	13761
804583	13771
805083	13776
805585	13785
806085	13794
806585	13805
807085	13818
807586	13825
808087	13834
808587	13840
809088	13855
809590	13859
810090	13866
810590	13875
811091	13883
811591	13894
812091	13902
812591	13911
813091	13918
813591	13930
814092	13937
814592	13941
815093	13950
815593	13962
816093	13970
816593	13985
817093	13992
817594	13994
818094	14003
818594	14013
819094	14029
819594	14037
820095	14046
820595	14055
821095	14062
821595	14071
822096	14080
822597	14086
823097	14098
823597	14104
824097	14111
824597	14127
825098	14138
825598	14144
826098	14154
826599	14164
827100	14172
827601	14177
828101	14185
828602	14203
829102	14213
829602	14221
830103	14233
830603	14236
831103	14241
831603	14250
832103	14257
832603	14263
833103	14271
833603	14278
834103	14284
834603	14299
835103	14310
835603	14317
836103	14325
836603	14333
837105	14342
837605	14348
838105	14355
838605	14366
839105	14377
839606	14386
840108	14390
840608	14405
841108	14413
841608	14427
842108	14438
842609	14444
843110	14448
843610	14455
844111	14462
844612	14472
845112	14483
845613	14490
846113	14494
846614	14505
847114	14512
847614	14520
848115	14533
848615	14541
849115	14552
849616	14564
850116	14571
850616	14581
851116	14591
851617	14599
852117	14608
852618	14614
853118	14624
853620	14633
854120	14643
854620	14652
855120	14659
855620	14665
856120	14675
856621	14683
857121	14691
857622	14695
858122	14710
858623	14717
859123	14722
859623	14731
860123	14738
860623	14748
861124	14758
861624	14770
862125	14781
862627	14785
863127	14792
863628	14802
864128	14812
864629	14819
865130	14830
865631	14847
866131	14852
866631	14861
867131	14869
867631	14877
868131	14882
868632	14885
869133	14890
869634	14899
870134	14905
870634	14918
871136	14924
871636	14932
872136	14935
872636	14947
873136	14950
873636	14963
874137	14969
874637	14980
875137	14983
875637	14992
876137	15003
876637	15014
877138	15025
877639	15033
878139	15041
878639	15048
879139	15059
879639	15068
880139	15078
880639	15085
881139	15093
881639	15102
882139	15113
882640	15120
883140	15127
883640	15136
884141	15140
884641	15149
885141	15158
885642	15170
886143	15176
886645	15188
887146	15203
887647	15213
888147	15219
888647	15230
889147	15238
889647	15246
890148	15254
890648	15266
891151	15274
891652	15283
892152	15291
892653	15299
893153	15306
893653	15315
894153	15321
894653	15327
895154	15336
895654	15345
896154	15353
896654	15360
897155	15368
897655	15381
898155	15389
898655	15398
899155	15400
899655	15408
900155	15417
900655	15425
901155	15436
901655	15444
902156	15458
902656	15467
903156	15476
903656	15479
904157	15487
904657	15497
905157	15504
905657	15513
906157	15517
906658	15527
907159	15537
907659	15546
908160	15557
908660	15559
909160	15569
909661	15582
910161	15594
910661	15602
911162	15612
911662	15623
912162	15625
912662	15633
913162	15637
913662	15642
914162	15646
914662	15658
915163	15667
915663	15676
916163	15683
916663	15689
917163	15703
917663	15714
918163	15720
918664	15730
919166	15740
919667	15755
920168	15763
920668	15776
921170	15782
921670	15794
922170	15800
922670	15804
923170	15812
923670	15823
924172	15831
924674	15832
925174	15842
925674	15848
926174	15855
926674	15865
927175	15878
927675	15890
928175	15904
928675	15911
929175	15916
929676	15929
930177	15937
930678	15953
931178	15960
931678	15969
932178	15976
932678	15984
933180	15995
933681	16004
934182	16012
934682	16019
935184	16028
935684	16039
936184	16046
936684	16056
937185	16068
937685	16079
938185	16082
938686	16089
939186	16093
939687	16105
940187	16117
940687	16123
941187	16132
941687	16139
942188	16150
942688	16156
943189	16168
943689	16179
944189	16191
944690	16201
945192	16215
945692	16224
946194	16229
946694	16234
947194	16240
947695	16251
948195	16256
948696	16264
949197	16268
949697	16274
950197	16286
950697	16297
951199	16307
951700	16315
952200	16328
952702	16335
953202	16345
953703	16354
954203	16364
954703	16368
955203	16374
955703	16379
956203	16388
956703	16394
957205	16404
957706	16408
958206	16420
958706	16424
959206	16430
959706	16436
960207	16441
960707	16449
961207	16456
961708	16469
962208	16472
962709	16483
963209	16489
963709	16498
964209	16506
964710	16511
965210	16523
965711	16531
966211	16543
966714	16552
967214	16565
967714	16574
968214	16581
968714	16589
969214	16597
969714	16607
970214	16612
970714	16616
971215	16622
971716	16627
972217	16634
972717	16642
973219	16649
973719	16657
974219	16667
974719	16675
975219	16680
975719	16689
976219	16697
976719	16706
977219	16719
977720	16728
978221	16737
978721	16747
979221	16759
979721	16763
980221	16767
980721	16774
981221	16782
981721	16792
982222	16801
982722	16809
983222	16820
983722	16836
984222	16844
984722	16852
985222	16862
985722	16870
986224	16881
986724	16888
987224	16903
987724	16910
988226	16916
988728	16926
989228	16939
989728	16948
990228	16959
990729	16965
991229	16973
991730	16983
992230	16994
992730	17004
993230	17005
993730	17013
994230	17023
994730	17031
995230	17042
995730	17052
996231	17062
996731	17070
997231	17079
997732	17088
998232	17094
998732	17098
999232	17105
999732	17113
1000232	17124
1000732	17132
1001232	17140
1001732	17154
1002232	17163
1002732	17171
1003232	17174
1003732	17181
1004233	17192
1004733	17205
1005234	17217
1005736	17227
1006236	17234
1006737	17243
1007237	17252
1007738	17259
1008238	17271
1008738	17289
1009238	17294
1009738	17301
1010238	17304
1010738	17313
1011239	17321
1011739	17330
1012240	17337
1012741	17345
1013241	17354
1013742	17363
1014242	17377
1014744	17382
1015244	17390
1015745	17398
1016245	17408
1016748	17413
1017248	17426
1017748	17433
1018248	17442
1018748	17451
1019248	17465
1019749	17476
1020249	17484
1020749	17497
1021250	17503
1021751	17506
1022251	17521
1022751	17527
1023251	17529
1023751	17538
1024251	17548
1024753	17554
1025254	17566
1025755	17577
1026255	17585
1026755	17595
1027255	17598
1027755	17607
1028255	17617
1028756	17630
1029256	17644
1029756	17659
1030257	17667
1030757	17677
1031257	17681
1031758	17686
1032258	17697
1032758	17708
1033258	17717
1033759	17727
1034259	17734
1034759	17737
1035259	17745
1035759	17757
1036259	17766
1036759	17774
1037260	17777
1037760	17786
1038261	17799
1038761	17809
1039261	17817
1039761	17831
1040263	17841
1040765	17846
1041266	17856
1041767	17858
1042267	17866
1042767	17874
1043267	17884
1043767	17898
1044268	17903
1044768	17910
1045269	17915
1045771	17921
1046271	17926
1046771	17936
1047271	17946
1047771	17954
1048271	17964
1048771	17972
1049271	17983
1049771	17990
1050271	17999
1050772	18010
1051272	18019
1051774	18025
1052275	18029
1052775	18040
1053275	18050
1053775	18060
1054276	18065
1054776	18075
1055276	18084
1055776	18091
1056276	18097
1056776	18106
1057276	18117
1057776	18125
1058277	18132
1058778	18141
1059280	18156
1059780	18168
1060280	18174
1060780	18181
1061281	18184
1061782	18195
1062282	18197
1062783	18206
1063283	18218
1063783	18228
1064283	18242
1064784	18253
1065287	18264
1065787	18274
1066287	18283
1066787	18289
1067288	18296
1067788	18305
1068290	18316
1068791	18324
1069292	18335
1069792	18346
1070293	18355
1070793	18363
1071293	18372
1071793	18382
1072293	18387
1072794	18396
1073294	18408
1073794	18417
1074294	18422
1074795	18429
1075296	18433
1075796	18437
1076296	18449
1076797	18456
1077298	18466
1077798	18471
1078299	18478
1078799	18488
1079299	18502
1079799	18506
1080299	18511
1080799	18516
1081299	18526
1081800	18536
1082300	18546
1082801	18559
1083301	18573
1083801	18583
1084302	18591
1084802	18603
1085303	18612
1085804	18619
1086304	18625
1086805	18632
1087305	18638
1087805	18647
1088308	18656
1088809	18660
1089311	18665
1089812	18670
1090312	18673
1090812	18687
1091313	18698
1091813	18715
1092313	18726
1092813	18734
1093313	18744
1093813	18755
1094313	18762
1094814	18774
1095314	18783
1095814	18790
1096314	18799
1096815	18813
1097315	18824
1097815	18834
1098316	18843
1098816	18851
1099316	18860
1099817	18864
1100318	18875
1100818	18887
1101318	18897
1101818	18902
1102318	18909
1102818	18916
1103318	18925
1103819	18936
1104321	18945
1104821	18956
1105322	18962
1105823	18971
1106323	18976
1106823	18988
1107324	18995
1107824	19003
1108325	19012
1108825	19022
1109325	19042
1109825	19047
1110325	19055
1110825	19062
1111325	19067
1111826	19077
1112326	19084
1112828	19089
1113328	19097
1113828	19103
1114329	19108
1114831	19119
1115331	19129
1115831	19134
1116332	19144
1116832	19152
1117332	19159
1117833	19168
1118334	19181
1118834	19189
1119335	19198
1119835	19209
1120335	19225
1120835	19231
1121336	19239
1121837	19245
1122339	19257
1122839	19265
1123339	19275
1123839	19279
1124340	19286
1124840	19291
1125340	19295
1125840	19298
1126341	19311
1126841	19323
1127341	19332
1127841	19338
1128341	19347
1128841	19353
1129341	19361
1129841	19369
1130341	19376
1130841	19383
1131341	19394
1131841	19401
1132344	19406
1132844	19417
1133348	19427
1133848	19434
1134348	19445
1134848	19452
1135349	19463
1135849	19468
1136350	19480
1136850	19486
1137350	19501
1137850	19513
1138350	19519
1138850	19530
1139351	19538
1139852	19547
1140352	19560
1140852	19568
1141352	19578
1141852	19588
1142352	19597
1142852	19603
1143352	19609
1143853	19614
1144353	19619
1144855	19624
1145355	19631
1145855	19640
1146355	19655
1146855	19664
1147355	19675
1147855	19681
1148355	19691
1148855	19697
1149357	19707
1149858	19722
1150358	19729
1150859	19741
1151360	19749
1151862	19754
1152362	19759
1152863	19763
1153363	19774
1153863	19783
1154363	19795
1154864	19807
1155364	19816
1155865	19823
1156366	19836
1156869	19840
1157369	19846
1157869	19854
1158370	19864
1158870	19876
1159372	19880
1159872	19885
1160372	19888
1160872	19898
1161372	19911
1161873	19918
1162375	19928
1162875	19939
1163375	19947
1163875	19957
1164375	19961
1164876	19971
1165377	19977
1165877	19989
1166379	19994
1166879	20003
1167381	20007
1167881	20014
1168382	20019
1168882	20029
1169382	20038
1169882	20046
1170382	20054
1170882	20070
1171382	20079
1171882	20087
1172383	20097
1172883	20103
1173384	20107
1173885	20115
1174386	20124
1174888	20132
1175388	20140
1175888	20150
1176388	20164
1176888	20168
1177388	20177
1177888	20185
1178388	20191
1178890	20201
1179391	20213
1179892	20223
1180392	20229
1180893	20234
1181393	20244
1181894	20255
1182394	20263
1182894	20271
1183394	20280
1183895	20290
1184397	20300
1184898	20307
1185399	20317
1185899	20326
1186399	20331
1186899	20337
1187399	20348
1187900	20354
1188400	20361
1188900	20368
1189400	20380
1189900	20391
1190401	20398
1190901	20407
1191402	20413
1191902	20423
1192404	20428
1192904	20439
1193404	20451
1193905	20457
1194405	20465
1194905	20475
1195406	20483
1195907	20490
1196407	20507
1196907	20511
1197408	20516
1197908	20527
1198410	20537
1198911	20547
1199411	20553
1199913	20562
1200413	20570
1200914	20580
1201414	20589
1201914	20596
1202414	20601
1202915	20609
1203415	20619
1203915	20624
1204415	20630
1204915	20643
1205415	20645
1205915	20653
1206415	20657
1206915	20662
1207416	20672
1207916	20683
1208416	20691
1208916	20702
1209416	20712
1209916	20716
1210416	20727
1210917	20743
1211417	20758
1211917	20768
1212417	20773
1212917	20780
1213419	20788
1213919	20796
1214421	20809
1214922	20818
1215424	20826
1215924	20832
1216424	20842
1216925	20856
1217426	20866
1217926	20870
1218426	20879
1218926	20888
1219426	20900
1219926	20907
1220426	20918
1220926	20925
1221426	20935
1221926	20943
1222426	20946
1222926	20954
1223426	20962
1223926	20976
1224426	20985
1224926	20989
1225426	20999
1225926	21005
1226426	21010
1226926	21017
1227426	21025
1227926	21028
1228427	21038
1228927	21049
1229427	21059
1229927	21072
1230427	21076
1230928	21089
1231429	21097
1231929	21107
1232429	21121
1232930	21131
1233432	21136
1233932	21146
1234433	21151
1234933	21163
1235433	21173
1235934	21185
1236434	21194
1236934	21202
1237436	21213
1237937	21219
1238437	21228
1238938	21233
1239439	21243
1239939	21256
1240440	21262
1240940	21267
1241440	21281
1241940	21287
1242440	21294
1242940	21302
1243440	21306
1243940	21312
1244441	21317
1244941	21323
1245441	21330
1245943	21340
1246443	21346
1246943	21358
1247444	21364
1247945	21376
1248445	21385
1248945	21395
1249445	21408
1249945	21416
1250447	21421
1250947	21431
1251447	21445
1251947	21452
1252447	21463
1252949	21469
1253449	21479
1253949	21488
1254449	21495
1254949	21506
1255450	21515
1255951	21521
1256451	21524
1256951	21526
1257451	21535
1257952	21546
1258452	21554
1258952	21560
1259453	21564
1259954	21568
1260456	21575
1260956	21584
1261456	21596
1261956	21602
1262458	21612
1262958	21619
1263458	21628
1263958	21638
1264458	21656
1264958	21660
1265458	21665
1265958	21674
1266458	21684
1266958	21696
1267458	21702
1267958	21711
1268458	21720
1268958	21730
1269460	21739
1269960	21748
1270461	21757
1270962	21766
1271462	21772
1271963	21777
1272463	21783
1272963	21797
1273464	21803
1273965	21812
1274465	21816
1274965	21822
1275466	21831
1275968	21841
1276468	21847
1276968	21857
1277468	21865
1277968	21873
1278468	21879
1278968	21887
1279469	21896
1279969	21902
1280469	21910
1280969	21920
1281469	21927
1281969	21938
1282469	21949
1282969	21957
1283470	21967
1283970	21974
1284470	21983
1284970	21990
1285470	22003
1285971	22009
1286471	22017
1286971	22031
1287471	22043
1287972	22054
1288472	22059
1288972	22070
1289472	22079
1289972	22086
1290472	22093
1290972	22097
1291472	22103
1291973	22113
1292473	22122
1292973	22132
1293473	22138
1293973	22143
1294473	22155
1294974	22164
1295474	22175
1295974	22184
1296474	22194
1296974	22202
1297474	22210
1297974	22221
1298474	22235
1298975	22247
1299476	22258
1299976	22264
1300476	22275
1300976	22283
1301476	22289
1301976	22295
1302476	22305
1302976	22311
1303476	22319
1303976	22329
1304476	22336
1304976	22345
1305476	22353
1305976	22362
1306476	22369
1306976	22381
1307476	22389
1307976	22392
1308476	22402
1308976	22413
1309477	22423
1309978	22434
1310478	22443
1310979	22462
1311479	22474
1311979	22483
1312479	22491
1312980	22498
1313480	22507
1313980	22512
1314481	22522
1314981	22527
1315481	22539
1315982	22549
1316483	22556
1316983	22562
1317484	22571
1317985	22578
1318485	22583
1318985	22591
1319487	22595
1319987	22608
1320487	22614
1320987	22626
1321487	22636
1321988	22638
1322488	22649
1322988	22657
1323488	22662
1323988	22672
1324489	22681
1324989	22692
1325489	22709
1325990	22720
1326490	22726
1326991	22733
1327491	22739
1327991	22746
1328493	22756
1328993	22763
1329494	22770
1329994	22778
1330495	22787
1330995	22796
1331495	22805
1331995	22813
1332496	22826
1332997	22831
1333497	22846
1333997	22853
1334497	22864
1334997	22876
1335497	22883
1335998	22894
1336498	22902
1336998	22911
1337498	22919
1337999	22928
1338500	22939
1339000	22945
1339500	22950
1340000	22960
1340501	22963
1341001	22972
1341501	22982
1342001	22989
1342501	22999
1343001	23007
1343502	23016
1344003	23022
1344503	23027
1345004	23041
1345504	23049
1346004	23059
1346504	23067
1347004	23080
1347504	23088
1348005	23095
1348507	23110
1349007	23120
1349508	23132
1350010	23139
1350510	23146
1351010	23155
1351510	23160
1352011	23167
1352511	23172
1353011	23180
1353513	23190
1354016	23197
1354516	23206
1355016	23212
1355519	23216
1356020	23226
1356520	23231
1357020	23241
1357520	23250
1358021	23262
1358521	23272
1359021	23280
1359521	23296
1360021	23305
1360521	23316
1361021	23326
1361522	23331
1362022	23341
1362522	23349
1363022	23358
1363523	23364
1364023	23378
1364523	23383
1365023	23391
1365523	23399
1366023	23407
1366524	23415
1367025	23421
1367525	23434
1368026	23443
1368526	23455
1369026	23463
1369526	23473
1370026	23482
1370526	23487
1371028	23495
1371528	23505
1372028	23513
1372528	23521
1373028	23526
1373528	23535
1374028	23546
1374529	23552
1375029	23559
1375529	23568
1376029	23578
1376529	23584
1377029	23590
1377530	23594
1378030	23598
1378530	23611
1379030	23620
1379530	23626
1380030	23640
1380530	23650
1381030	23655
1381530	23664
1382032	23669
1382534	23677
1383035	23683
1383535	23691
1384036	23694
1384537	23698
1385038	23707
1385538	23715
1386038	23723
1386539	23731
1387039	23743
1387539	23760
1388040	23770
1388540	23775
1389040	23781
1389540	23795
1390040	23807
1390540	23819
1391040	23822
1391540	23827
1392040	23834
1392540	23842
1393040	23853
1393540	23862
1394041	23874
1394541	23880
1395041	23884
1395542	23890
1396043	23900
1396543	23907
1397043	23918
1397543	23924
1398043	23936
1398544	23946
1399045	23951
1399545	23962
1400045	23969
1400545	23979
1401045	23985
1401547	23992
1402047	23998
1402548	24006
1403049	24020
1403549	24028
1404049	24035
1404549	24047
1405049	24054
1405549	24062
1406049	24068
1406549	24080
1407049	24090
1407549	24096
1408049	24106
1408549	24123
1409049	24129
1409550	24139
1410050	24143
1410551	24149
1411051	24155
1411551	24163
1412051	24174
1412552	24178
1413052	24183
1413553	24195
1414053	24206
1414553	24211
1415053	24222
1415553	24229
1416053	24238
1416553	24242
1417053	24249
1417553	24259
1418053	24265
1418553	24273
1419053	24285
1419553	24299
1420053	24307
1420553	24314
1421054	24325
1421554	24336
1422054	24349
1422554	24351
1423054	24359
1423555	24366
1424055	24377
1424555	24392
1425056	24402
1425556	24412
1426056	24420
1426556	24425
1427057	24436
1427558	24449
1428058	24460
1428558	24466
1429058	24475
1429558	24489
1430061	24501
1430561	24509
1431062	24516
1431562	24523
1432062	24529
1432562	24537
1433062	24547
1433562	24558
1434062	24565
1434562	24577
1435062	24582
1435563	24595
1436063	24607
1436563	24615
1437066	24626
1437566	24634
1438066	24644
1438566	24655
1439066	24664
1439566	24676
1440066	24682
1440566	24692
1441066	24699
1441566	24706
1442066	24712
1442567	24720
1443068	24728
1443568	24734
1444068	24738
1444569	24749
1445069	24760
1445570	24777
1446071	24794
1446571	24804
1447071	24811
1447571	24816
1448072	24825
1448573	24836
1449073	24840
1449573	24848
1450073	24856
1450574	24860
1451075	24869
1451577	24877
1452079	24887
1452579	24899
1453080	24905
1453580	24909
1454081	24918
1454581	24929
1455083	24938
1455583	24949
1456083	24959
1456583	24969
1457083	24979
1457583	24985
1458083	24992
1458584	24996
1459085	25008
1459586	25017
1460086	25028
1460588	25035
1461089	25044
1461589	25049
1462089	25059
1462590	25070
1463090	25087
1463590	25093
1464090	25102
1464590	25111
1465090	25121
1465590	25131
1466090	25139
1466590	25149
1467090	25156
1467590	25167
1468090	25173
1468590	25180
1469091	25188
1469592	25197
1470092	25208
1470592	25211
1471093	25220
1471593	25228
1472094	25232
1472594	25243
1473094	25251
1473595	25258
1474095	25267
1474595	25277
1475095	25280
1475596	25291
1476097	25298
1476597	25305
1477097	25314
1477598	25322
1478098	25328
1478598	25337
1479098	25344
1479598	25349
1480099	25367
1480599	25370
1481099	25378
1481599	25385
1482099	25393
1482599	25403
1483101	25416
1483602	25425
1484102	25432
1484603	25442
1485103	25450
1485604	25465
1486104	25472
1486604	25480
1487104	25490
1487604	25501
1488104	25506
1488605	25513
1489107	25526
1489608	25537
1490109	25544
1490609	25553
1491110	25566
1491610	25573
1492110	25582
1492610	25591
1493111	25603
1493611	25612
1494111	25622
1494611	25631
1495113	25639
1495614	25644
1496114	25650
1496615	25657
1497115	25661
1497615	25671
1498115	25681
1498615	25686
1499116	25692
1499617	25699
1500117	25709
1500617	25718
1501117	25725
1501617	25737
1502117	25749
1502617	25758
1503117	25766
1503617	25778
1504117	25786
1504617	25795
1505117	25808
1505618	25818
1506118	25833
1506618	25840
1507120	25853
1507620	25860
1508120	25870
1508621	25877
1509121	25887
1509621	25895
1510121	25900
1510621	25909
1511121	25913
1511623	25921
1512123	25933
1512623	25944
1513123	25948
1513623	25960
1514124	25966
1514624	25971
1515124	25979
1515624	25982
1516124	25993
1516624	26004
1517124	26015
1517624	26022
1518125	26033
1518625	26044
1519125	26059
1519625	26066
1520125	26071
1520625	26081
1521125	26089
1521625	26097
1522126	26104
1522626	26111
1523126	26122
1523626	26130
1524127	26136
1524627	26141
1525127	26148
1525628	26157
1526128	26167
1526628	26181
1527129	26190
1527629	26197
1528129	26205
1528629	26213
1529129	26227
1529629	26233
1530129	26243
1530629	26254
1531130	26260
1531630	26268
1532130	26273
1532630	26280
1533131	26288
1533631	26297
1534131	26307
1534633	26312
1535133	26322
1535633	26328
1536134	26332
1536635	26341
1537135	26344
1537635	26353
1538136	26365
1538637	26372
1539137	26374
1539637	26391
1540137	26399
1540637	26407
1541137	26420
1541637	26433
1542138	26439
1542638	26449
1543138	26457
1543639	26466
1544139	26471
1544640	26485
1545141	26492
1545641	26499
1546141	26506
1546641	26520
1547143	26529
1547644	26538
1548144	26549
1548645	26555
1549145	26563
1549645	26574
1550145	26585
1550646	26599
1551147	26610
1551647	26616
1552147	26622
1552648	26629
1553149	26640
1553650	26648
1554150	26653
1554650	26660
1555151	26665
1555652	26671
1556152	26678
1556652	26681
1557152	26699
1557652	26709
1558152	26718
1558652	26727
1559153	26735
1559654	26744
1560155	26750
1560655	26754
1561155	26765
1561656	26772
1562156	26782
1562657	26790
1563158	26796
1563658	26808
1564158	26821
1564658	26827
1565158	26837
1565659	26845
1566159	26858
1566660	26866
1567160	26875
1567661	26878
1568161	26891
1568662	26905
1569162	26910
1569662	26921
1570162	26937
1570663	26942
1571163	26954
1571663	26963
1572165	26972
1572665	26981
1573166	26988
1573666	26995
1574167	27003
1574667	27009
1575167	27014
1575668	27022
1576170	27031
1576671	27039
1577172	27048
1577672	27058
1578173	27063
1578673	27072
1579174	27079
1579676	27087
1580178	27097
1580679	27106
1581180	27117
1581681	27124
1582181	27131
1582681	27142
1583181	27159
1583681	27164
1584182	27180
1584682	27185
1585182	27194
1585682	27201
1586182	27206
1586682	27214
1587184	27229
1587685	27234
1588187	27244
1588687	27249
1589187	27258
1589687	27269
1590187	27282
1590687	27294
1591187	27304
1591687	27317
1592189	27325
1592691	27334
1593191	27338
1593692	27345
1594192	27354
1594692	27358
1595192	27368
1595692	27378
1596194	27382
1596694	27387
1597195	27398
1597695	27410
1598197	27417
1598698	27427
1599198	27436
1599698	27444
1600198	27453
1600699	27462
1601199	27470
1601700	27480
1602201	27492
1602701	27502
1603201	27507
1603701	27520
1604201	27529
1604701	27536
1605201	27539
1605701	27552
1606201	27558
1606702	27570
1607203	27575
1607703	27579
1608203	27589
1608703	27602
1609204	27609
1609704	27624
1610204	27632
1610705	27638
1611205	27645
1611705	27652
1612205	27663
1612705	27672
1613205	27682
1613705	27686
1614205	27699
1614705	27709
1615205	27714
1615706	27723
1616207	27735
1616707	27745
1617208	27753
1617708	27759
1618208	27766
1618709	27772
1619209	27785
1619709	27800
1620209	27804
1620709	27811
1621209	27821
1621709	27830
1622209	27835
1622712	27844
1623212	27850
1623712	27861
1624212	27869
1624713	27882
1625213	27894
1625713	27900
1626213	27907
1626713	27918
1627213	27929
1627713	27940
1628213	27947
1628713	27957
1629213	27965
1629715	27973
1630215	27986
1630715	27994
1631216	27999
1631716	28006
1632216	28010
1632718	28019
1633219	28028
1633719	28039
1634219	28045
1634719	28055
1635219	28063
1635719	28068
1636219	28074
1636720	28080
1637221	28086
1637721	28094
1638221	28099
1638721	28107
1639221	28114
1639721	28122
1640221	28134
1640721	28143
1641221	28155
1641722	28163
1642223	28173
1642723	28182
1643224	28188
1643724	28199
1644224	28212
1644724	28221
1645224	28226
1645724	28236
1646226	28244
1646726	28251
1647226	28266
1647727	28276
1648227	28286
1648727	28292
1649227	28296
1649728	28300
1650228	28306
1650729	28313
1651229	28318
1651729	28323
1652229	28334
1652729	28340
1653229	28350
1653729	28357
1654229	28367
1654732	28381
1655234	28390
1655734	28401
1656234	28407
1656734	28416
1657234	28418
1657734	28431
1658234	28440
1658734	28454
1659234	28463
1659734	28471
1660237	28475
1660738	28480
1661238	28490
1661738	28503
1662238	28508
1662739	28517
1663239	28526
1663739	28530
1664240	28534
1664741	28539
1665242	28551
1665742	28563
1666244	28570
1666744	28579
1667244	28585
1667744	28597
1668244	28607
1668745	28617
1669245	28625
1669745	28631
1670246	28640
1670747	28653
1671247	28664
1671748	28678
1672248	28684
1672748	28687
1673250	28695
1673751	28708
1674252	28718
1674752	28725
1675252	28733
1675752	28741
1676254	28753
1676757	28759
1677257	28765
1677758	28774
1678258	28779
1678760	28783
1679260	28787
1679761	28796
1680261	28800
1680761	28812
1681263	28821
1681763	28832
1682263	28840
1682764	28852
1683265	28862
1683766	28870
1684266	28878
1684766	28886
1685267	28897
1685767	28904
1686267	28914
1686767	28929
1687269	28940
1687770	28949
1688270	28956
1688773	28962
1689273	28966
1689775	28974
1690275	28980
1690775	28986
1691275	28991
1691775	29002
1692275	29009
1692775	29015
1693275	29024
1693775	29033
1694275	29038
1694775	29048
1695275	29062
1695775	29071
1696277	29076
1696777	29082
1697277	29088
1697778	29098
1698278	29109
1698778	29122
1699279	29131
1699779	29137
1700279	29140
1700780	29150
1701281	29155
1701782	29171
1702283	29179
1702784	29188
1703284	29199
1703785	29202
1704287	29211
1704787	29217
1705287	29222
1705787	29234
1706287	29239
1706787	29250
1707287	29264
1707787	29273
1708287	29287
1708787	29295
1709287	29304
1709788	29311
1710288	29320
1710788	29327
1711288	29337
1711788	29347
1712288	29358
1712789	29370
1713289	29378
1713789	29388
1714289	29397
1714789	29403
1715289	29411
1715789	29426
1716290	29430
1716790	29441
1717290	29452
1717791	29461
1718292	29468
1718792	29478
1719292	29485
1719792	29491
1720294	29494
1720794	29510
1721294	29522
1721795	29531
1722297	29535
1722797	29539
1723298	29549
1723799	29555
1724299	29557
1724801	29568
1725302	29574
1725802	29577
1726302	29590
1726802	29597
1727302	29605
1727803	29617
1728304	29627
1728805	29632
1729305	29640
1729806	29648
1730306	29662
1730806	29669
1731307	29676
1731807	29684
1732307	29694
1732808	29706
1733308	29715
1733808	29723
1734308	29730
1734808	29742
1735308	29754
1735808	29761
1736310	29771
1736810	29778
1737310	29784
1737810	29788
1738311	29792
1738811	29800
1739315	29808
1739815	29815
1740315	29823
1740815	29826
1741315	29848
1741816	29860
1742316	29870
1742817	29880
1743318	29887
1743818	29894
1744318	29907
1744819	29918
1745319	29926
1745819	29929
1746319	29940
1746819	29945
1747320	29953
1747820	29958
1748320	29966
1748820	29974
1749320	29990
1749820	29998
1750321	30004
1750822	30015
1751322	30023
1751822	30033
1752322	30043
1752822	30052
1753322	30065
1753822	30073
1754323	30081
1754823	30085
1755323	30087
1755823	30095
1756325	30105
1756826	30111
1757326	30121
1757828	30132
1758328	30144
1758828	30154
1759328	30166
1759828	30172
1760328	30183
1760829	30190
1761330	30197
1761831	30209
1762331	30219
1762831	30231
1763331	30238
1763831	30251
1764331	30257
1764831	30269
1765331	30273
1765832	30284
1766334	30293
1766834	30297
1767338	30304
1767838	30312
1768339	30322
1768839	30330
1769340	30340
1769840	30349
1770340	30359
1770840	30371
1771340	30374
1771840	30381
1772340	30392
1772840	30397
1773340	30408
1773841	30417
1774341	30424
1774842	30429
1775342	30447
1775842	30458
1776342	30467
1776842	30476
1777342	30480
1777842	30493
1778342	30497
1778842	30503
1779343	30512
1779843	30523
1780343	30528
1780844	30535
1781345	30545
1781845	30555
1782345	30559
1782846	30575
1783346	30585
1783846	30595
1784346	30601
1784846	30616
1785346	30631
1785846	30639
1786347	30647
1786847	30655
1787348	30668
1787848	30671
1788349	30679
1788849	30691
1789351	30698
1789853	30704
1790353	30713
1790853	30727
1791353	30736
1791853	30748
1792353	30760
1792853	30771
1793353	30778
1793853	30786
1794353	30798
1794853	30810
1795353	30817
1795855	30822
1796356	30829
1796856	30841
1797356	30847
1797856	30855
1798356	30865
1798858	30875
1799358	30880
1799858	30883
1800358	30892
1800859	30899
1801359	30906
1801860	30914
1802360	30926
1802861	30934
1803361	30938
1803862	30949
1804362	30958
1804863	30967
1805363	30974
1805863	30981
1806363	30989
1806863	30999
1807363	31010
1807863	31023
1808363	31027
1808863	31036
1809363	31047
1809863	31058
1810363	31069
1810863	31076
1811363	31083
1811863	31096
1812363	31107
1812863	31117
1813363	31122
1813863	31127
1814364	31135
1814864	31143
1815364	31149
1815864	31161
1816365	31165
1816865	31174
1817365	31182
1817866	31188
1818368	31195
1818869	31203
1819369	31209
1819870	31217
1820371	31225
1820874	31231
1821376	31247
1821877	31254
1822378	31264
1822878	31274
1823378	31286
1823879	31294
1824379	31297
1824880	31309
1825382	31322
1825882	31332
1826383	31335
1826884	31343
1827385	31348
1827885	31354
1828385	31364
1828886	31369
1829387	31385
1829887	31392
1830387	31399
1830887	31410
1831387	31417
1831888	31425
1832388	31433
1832888	31443
1833389	31456
1833890	31461
1834390	31468
1834890	31474
1835390	31481
1835891	31484
1836392	31490
1836892	31498
1837392	31505
1837892	31512
1838392	31522
1838892	31529
1839392	31540
1839893	31547
1840394	31558
1840894	31566
1841395	31577
1841895	31587
1842396	31596
1842896	31609
1843396	31618
1843896	31623
1844396	31630
1844897	31642
1845397	31645
1845897	31654
1846399	31663
1846901	31669
1847401	31680
1847901	31689
1848401	31693
1848901	31700
1849401	31708
1849902	31720
1850402	31729
1850903	31742
1851403	31750
1851905	31761
1852405	31770
1852906	31781
1853406	31787
1853906	31797
1854406	31803
1854907	31812
1855407	31821
1855908	31828
1856408	31833
1856908	31841
1857409	31853
1857911	31863
1858411	31874
1858911	31882
1859412	31893
1859912	31899
1860412	31902
1860912	31911
1861413	31917
1861916	31936
1862416	31951
1862916	31958
1863416	31961
1863916	31971
1864417	31980
1864917	31987
1865418	31998
1865921	32006
1866421	32016
1866923	32023
1867423	32033
1867924	32042
1868425	32051
1868926	32062
1869429	32069
1869930	32077
1870430	32079
1870930	32089
1871430	32102
1871930	32109
1872430	32115
1872931	32120
1873431	32124
1873932	32140
1874432	32147
1874933	32155
1875433	32164
1875935	32174
1876436	32177
1876936	32195
1877436	32206
1877936	32212
1878437	32223
1878937	32234
1879437	32245
1879937	32251
1880437	32258
1880938	32274
1881439	32279
1881939	32292
1882440	32300
1882940	32309
1883440	32318
1883940	32323
1884440	32331
1884941	32339
1885442	32345
1885943	32351
1886443	32360
1886945	32365
1887445	32376
1887945	32389
1888445	32399
1888946	32409
1889446	32421
1889946	32428
1890447	32435
1890947	32443
1891447	32453
1891947	32469
1892448	32479
1892948	32487
1893449	32496
1893951	32504
1894452	32510
1894952	32517
1895452	32523
1895952	32535
1896453	32541
1896953	32549
1897454	32555
1897954	32561
1898454	32569
1898955	32584
1899455	32594
1899955	32600
1900457	32606
1900957	32616
1901457	32623
1901957	32630
1902457	32641
1902957	32652
1903457	32665
1903957	32677
1904457	32687
1904957	32699
1905459	32707
1905961	32713
1906462	32719
1906963	32726
1907464	32732
1907964	32736
1908464	32742
1908964	32749
1909466	32755
1909966	32765
1910466	32773
1910966	32780
1911466	32790
1911966	32802
1912467	32808
1912967	32815
1913467	32820
1913967	32827
1914467	32833
1914967	32839
1915467	32850
1915967	32865
1916467	32883
1916967	32895
1917467	32901
1917967	32909
1918467	32918
1918968	32927
1919468	32931
1919968	32937
1920470	32945
1920970	32958
1921470	32966
1921971	32972
1922471	32980
1922972	32987
1923472	32994
1923972	33000
1924473	33009
1924973	33014
1925473	33016
1925973	33029
1926473	33036
1926973	33040
1927473	33049
1927973	33057
1928473	33068
1928973	33076
1929473	33085
1929973	33093
1930473	33098
1930974	33105
1931474	33109
1931975	33121
1932475	33131
1932975	33141
1933475	33152
1933975	33164
1934475	33171
1934976	33176
1935477	33182
1935978	33198
1936478	33205
1936978	33214
1937478	33222
1937978	33232
1938478	33242
1938979	33250
1939479	33257
1939979	33273
1940479	33277
1940979	33286
1941479	33294
1941979	33303
1942480	33308
1942980	33313
1943481	33326
1943984	33338
1944484	33347
1944984	33357
1945485	33368
1945986	33378
1946486	33387
1946986	33394
1947487	33402
1947987	33406
1948487	33413
1948987	33415
1949488	33422
1949988	33427
1950490	33437
1950990	33446
1951490	33459
1951990	33468
1952490	33476
1952991	33485
1953491	33499
1953991	33504
1954491	33521
1954991	33530
1955492	33537
1955992	33547
1956492	33558
1956992	33566
1957492	33575
1957992	33584
1958492	33592
1958993	33604
1959494	33612
1959994	33620
1960494	33628
1960995	33638
1961495	33646
1961995	33653
1962496	33660
1962996	33666
1963496	33672
1963998	33678
1964498	33685
1964998	33689
1965498	33698
1965998	33712
1966498	33721
1966998	33731
1967498	33744
1967999	33755
1968500	33765
1969000	33767
1969501	33773
1970001	33780
1970502	33798
1971002	33805
1971502	33813
1972002	33823
1972502	33833
1973002	33841
1973502	33847
1974002	33852
1974503	33868
1975003	33875
1975504	33885
1976004	33893
1976506	33901
1977006	33910
1977507	33919
1978008	33927
1978508	33938
1979008	33944
1979508	33953
1980008	33962
1980508	33966
1981009	33969
1981509	33983
1982010	33990
1982511	33992
1983013	33996
1983513	34003
1984015	34010
1984515	34021
1985016	34031
1985517	34041
1986018	34046
1986518	34057
1987018	34064
1987518	34075
1988018	34084
1988518	34090
1989018	34098
1989518	34110
1990018	34121
1990518	34131
1991018	34137
1991518	34146
1992019	34154
1992519	34159
1993019	34171
1993519	34183
1994019	34191
1994519	34200
1995021	34208
1995521	34216
1996021	34227
1996521	34233
1997021	34238
1997522	34246
1998022	34254
1998522	34261
1999022	34269
1999522	34275
2000022	34283
2000522	34290
2001022	34303
2001522	34310
2002023	34316
2002523	34325
2003023	34336
2003523	34341
2004023	34352
2004523	34355
2005023	34365
2005524	34375
2006024	34387
2006525	34398
2007025	34402
2007526	34407
2008026	34421
2008526	34431
2009026	34436
2009526	34452
2010026	34460
2010527	34470
2011027	34476
2011527	34484
2012028	34492
2012528	34507
2013028	34517
2013528	34524
2014029	34533
2014529	34537
2015030	34548
2015530	34550
2016031	34560
2016531	34572
2017032	34574
2017532	34583
2018033	34591
2018533	34599
2019033	34604
2019535	34612
2020036	34622
2020536	34631
2021037	34641
2021537	34646
2022037	34657
2022537	34665
2023038	34671
2023539	34675
2024039	34689
2024539	34692
2025039	34704
2025539	34716
2026039	34727
2026540	34732
2027040	34744
2027540	34753
2028040	34761
2028541	34770
2029041	34776
2029542	34781
2030042	34789
2030542	34797
2031042	34814
2031542	34826
2032044	34831
2032545	34834
2033045	34840
2033545	34848
2034045	34857
2034546	34866
2035048	34878
2035549	34885
2036049	34892
2036549	34898
2037050	34905
2037550	34913
2038051	34920
2038552	34926
2039054	34935
2039555	34940
2040055	34949
2040555	34956
2041055	34966
2041555	34978
2042055	34987
2042556	34993
2043058	34999
2043559	35014
2044059	35029
2044559	35038
2045059	35043
2045560	35049
2046060	35058
2046560	35067
2047060	35075
2047561	35083
2048062	35095
2048562	35099
2049062	35104
2049562	35113
2050062	35125
2050562	35132
2051063	35143
2051563	35155
2052063	35167
2052564	35173
2053064	35178
2053564	35192
2054064	35201
2054564	35210
2055064	35216
2055564	35228
2056065	35238
2056565	35245
2057065	35249
2057565	35258
2058066	35267
2058566	35275
2059066	35283
2059566	35296
2060066	35303
2060566	35308
2061066	35319
2061566	35327
2062067	35335
2062567	35341
2063070	35349
2063570	35354
2064070	35360
2064570	35373
2065070	35379
2065570	35387
2066070	35392
2066571	35400
2067071	35407
2067572	35415
2068072	35423
2068572	35432
2069073	35436
2069574	35447
2070074	35461
2070574	35468
2071074	35485
2071575	35490
2072077	35496
2072577	35504
2073078	35514
2073578	35522
2074078	35529
2074580	35539
2075080	35545
2075580	35551
2076081	35564
2076581	35573
2077084	35579
2077584	35588
2078084	35595
2078585	35602
2079085	35610
2079585	35619
2080085	35636
2080585	35642
2081085	35650
2081586	35663
2082086	35672
2082586	35676
2083086	35682
2083587	35692
2084088	35705
2084588	35715
2085088	35725
2085588	35737
2086088	35745
2086588	35756
2087088	35767
2087588	35777
2088088	35784
2088589	35790
2089089	35797
2089590	35810
2090090	35818
2090590	35826
2091090	35837
2091590	35848
2092090	35859
2092590	35866
2093092	35877
2093592	35883
2094092	35891
2094593	35897
2095093	35906
2095594	35913
2096094	35922
2096595	35933
2097095	35942
2097595	35949
2098095	35958
2098596	35968
2099096	35973
2099596	35978
2100096	35986
2100597	35990
2101097	36002
2101598	36008
2102098	36018
2102598	36027
2103101	36038
2103601	36049
2104101	36057
2104601	36064
2105101	36068
2105601	36073
2106101	36080
2106602	36085
2107102	36089
2107603	36095
2108105	36099
2108606	36112
2109106	36124
2109607	36136
2110107	36142
2110607	36145
2111107	36155
2111607	36165
2112107	36173
2112607	36180
2113107	36191
2113607	36203
2114109	36213
2114609	36219
2115110	36229
2115610	36242
2116110	36251
2116611	36260
2117112	36269
2117612	36279
2118112	36293
2118612	36299
2119112	36306
2119613	36314
2120113	36321
2120613	36329
2121113	36341
2121613	36347
2122113	36352
2122613	36366
2123115	36370
2123615	36376
2124115	36382
2124616	36388
2125117	36397
2125617	36409
2126117	36416
2126618	36433
2127118	36440
2127619	36448
2128119	36457
2128620	36464
2129120	36471
2129620	36484
2130121	36493
2130622	36502
2131122	36507
2131623	36514
2132125	36525
2132625	36532
2133125	36537
2133626	36544
2134126	36553
2134626	36566
2135126	36583
2135626	36588
2136126	36598
2136627	36605
2137127	36617
2137627	36630
2138127	36639
2138627	36649
2139127	36662
2139627	36678
2140128	36690
2140628	36695
2141128	36702
2141629	36710
2142129	36720
2142629	36726
2143129	36733
2143629	36739
2144129	36744
2144630	36753
2145130	36757
2145630	36767
2146130	36774
2146630	36780
2147130	36795
2147630	36801
2148130	36813
2148630	36819
2149130	36831
2149630	36844
2150132	36850
2150632	36860
2151132	36870
2151632	36874
2152132	36888
2152632	36894
2153132	36902
2153632	36912
2154133	36917
2154634	36925
2155134	36930
2155635	36935
2156136	36941
2156636	36952
2157137	36961
2157638	36974
2158140	36981
2158640	36989
2159141	36992
2159641	37004
2160141	37013
2160641	37019
2161141	37029
2161642	37038
2162142	37052
2162643	37057
2163144	37062
2163645	37072
2164146	37078
2164646	37090
2165146	37101
2165647	37105
2166149	37111
2166649	37119
2167150	37130
2167650	37141
2168150	37147
2168650	37155
2169150	37163
2169650	37169
2170150	37173
2170650	37183
2171150	37192
2171651	37201
2172151	37216
2172652	37222
2173152	37233
2173652	37243
2174152	37251
2174652	37258
2175152	37269
2175652	37279
2176152	37289
2176652	37298
2177152	37308
2177653	37322
2178153	37331
2178653	37337
2179153	37338
2179655	37344
2180156	37351
2180657	37359
2181157	37369
2181660	37379
2182160	37387
2182660	37401
2183162	37412
2183663	37422
2184163	37430
2184664	37439
2185164	37456
2185664	37466
2186164	37476
2186666	37482
2187168	37493
2187668	37498
2188168	37508
2188668	37514
2189169	37525
2189669	37532
2190169	37544
2190669	37553
2191170	37561
2191670	37568
2192170	37573
2192670	37581
2193170	37591
2193670	37600
2194170	37612
2194670	37619
2195170	37631
2195670	37640
2196170	37646
2196670	37659
2197171	37674
2197671	37681
2198172	37690
2198673	37697
2199174	37704
2199675	37717
2200175	37721
2200675	37729
2201175	37734
2201675	37742
2202176	37753
2202677	37761
2203178	37766
2203678	37777
2204178	37789
2204679	37803
2205179	37810
2205679	37819
2206180	37824
2206683	37834
2207184	37841
2207684	37849
2208184	37858
2208685	37866
2209185	37883
2209685	37891
2210185	37900
2210685	37909
2211185	37911
2211685	37923
2212185	37928
2212685	37937
2213185	37947
2213686	37957
2214186	37964
2214686	37969
2215186	37983
2215687	37991
2216187	37998
2216687	38003
2217187	38013
2217688	38019
2218188	38028
2218688	38037
2219189	38043
2219689	38056
2220190	38064
2220690	38073
2221190	38075
2221690	38082
2222191	38093
2222692	38095
2223195	38105
2223695	38111
2224195	38123
2224695	38130
2225195	38138
2225695	38146
2226195	38155
2226695	38160
2227197	38169
2227697	38181
2228197	38189
2228697	38205
2229197	38215
2229697	38220
2230198	38229
2230698	38234
2231198	38243
2231699	38248
2232199	38254
2232702	38264
2233202	38276
2233702	38291
2234202	38304
2234704	38311
2235204	38323
2235704	38330
2236204	38334
2236704	38345
2237205	38355
2237706	38363
2238206	38372
2238706	38384
2239206	38394
2239706	38401
2240206	38406
2240706	38413
2241206	38421
2241706	38433
2242206	38437
2242706	38446
2243206	38455
2243706	38467
2244206	38477
2244707	38485
2245208	38493
2245708	38499
2246208	38511
2246708	38518
2247208	38532
2247708	38537
2248208	38544
2248709	38553
2249209	38562
2249709	38570
2250209	38576
2250709	38587
2251209	38594
2251709	38597
2252211	38606
2252711	38617
2253212	38625
2253712	38635
2254213	38648
2254714	38662
2255216	38676
2255716	38686
2256216	38696
2256716	38706
2257216	38712
2257716	38719
2258217	38728
2258717	38736
2259218	38741
2259719	38750
2260219	38762
2260719	38767
2261220	38774
2261722	38781
2262222	38794
2262722	38799
2263222	38809
2263722	38819
2264222	38824
2264723	38831
2265223	38838
2265724	38852
2266225	38858
2266726	38863
2267226	38870
2267726	38881
2268227	38889
2268727	38896
2269228	38909
2269729	38918
2270229	38929
2270731	38934
2271232	38938
2271732	38949
2272233	38958
2272733	38967
2273234	38979
2273734	38984
2274235	38994
2274735	39010
2275236	39015
2275736	39022
2276236	39033
2276736	39039
2277236	39046
2277737	39056
2278237	39064
2278737	39069
2279237	39085
2279737	39095
2280238	39099
2280738	39103
2281238	39112
2281738	39124
2282238	39135
2282738	39142
2283238	39149
2283738	39157
2284238	39169
2284738	39173
2285239	39186
2285739	39197
2286239	39203
2286740	39212
2287240	39220
2287740	39226
2288240	39234
2288741	39242
2289242	39248
2289742	39254
2290242	39267
2290742	39275
2291242	39285
2291742	39291
2292243	39297
2292743	39306
2293243	39319
2293743	39326
2294243	39338
2294743	39355
2295243	39359
2295743	39371
2296244	39380
2296746	39389
2297246	39397
2297746	39403
2298247	39412
2298748	39414
2299248	39432
2299749	39440
2300249	39448
2300749	39459
2301249	39469
2301752	39476
2302252	39485
2302752	39496
2303252	39506
2303752	39515
2304252	39532
2304752	39540
2305253	39547
2305753	39551
2306254	39554
2306755	39558
2307255	39564
2307755	39572
2308255	39582
2308756	39594
2309256	39607
2309756	39623
2310256	39633
2310756	39645
2311256	39647
2311756	39654
2312256	39663
2312757	39674
2313257	39677
2313758	39688
2314258	39696
2314758	39713
2315258	39725
2315758	39732
2316258	39738
2316758	39745
2317258	39755
2317758	39769
2318259	39778
2318759	39785
2319259	39789
2319759	39797
2320259	39805
2320759	39814
2321259	39817
2321760	39826
2322260	39834
2322760	39839
2323260	39850
2323761	39854
2324261	39865
2324761	39875
2325261	39877
2325761	39890
2326261	39902
2326761	39909
2327261	39918
2327761	39922
2328261	39930
2328761	39939
2329261	39950
2329761	39959
2330262	39966
2330763	39970
2331263	39982
2331764	39987
2332264	39999
2332764	40009
2333266	40020
2333766	40029
2334267	40037
2334767	40046
2335267	40055
2335767	40063
2336267	40072
2336767	40075
2337267	40084
2337767	40089
2338268	40098
2338768	40109
2339268	40123
2339768	40136
2340268	40145
2340769	40150
2341269	40158
2341769	40163
2342269	40170
2342769	40182
2343269	40191
2343770	40201
2344270	40212
2344770	40227
2345271	40238
2345772	40242
2346272	40250
2346772	40255
2347273	40263
2347773	40269
2348273	40275
2348774	40283
2349274	40290
2349776	40295
2350276	40298
2350776	40304
2351276	40313
2351776	40328
2352276	40337
2352776	40349
2353276	40361
2353776	40369
2354277	40380
2354777	40393
2355277	40401
2355779	40410
2356279	40414
2356779	40421
2357279	40432
2357780	40441
2358280	40448
2358780	40459
2359280	40465
2359780	40470
2360280	40475
2360780	40491
2361280	40501
2361780	40504
2362280	40511
2362781	40515
2363284	40520
2363784	40529
2364284	40535
2364785	40543
2365286	40549
2365786	40561
2366286	40572
2366786	40583
2367286	40594
2367787	40605
2368289	40614
2368789	40626
2369291	40637
2369791	40644
2370291	40655
2370791	40666
2371291	40675
2371791	40684
2372291	40694
2372792	40703
2373292	40710
2373794	40714
2374294	40719
2374794	40727
2375294	40735
2375794	40741
2376295	40751
2376795	40758
2377296	40769
2377796	40782
2378297	40787
2378798	40793
2379298	40804
2379798	40807
2380299	40812
2380803	40816
2381303	40825
2381803	40834
2382303	40848
2382803	40854
2383303	40861
2383804	40866
2384304	40870
2384804	40879
2385304	40889
2385804	40901
2386304	40912
2386805	40918
2387306	40924
2387807	40934
2388307	40947
2388807	40961
2389308	40969
2389809	40973
2390309	40980
2390809	40990
2391309	41003
2391809	41007
2392309	41017
2392809	41024
2393309	41038
2393809	41041
2394310	41045
2394811	41048
2395311	41063
2395812	41066
2396314	41076
2396814	41084
2397314	41090
2397814	41101
2398314	41112
2398814	41122
2399314	41132
2399814	41144
2400316	41148
2400817	41157
2401317	41166
2401817	41178
2402317	41187
2402817	41191
2403317	41197
2403817	41206
2404318	41212
2404819	41222
2405320	41231
2405820	41240
2406320	41255
2406822	41265
2407322	41273
2407822	41281
2408322	41287
2408822	41298
2409322	41303
2409822	41314
2410323	41321
2410823	41329
2411323	41340
2411824	41344
2412325	41349
2412825	41359
2413326	41363
2413827	41370
2414327	41380
2414827	41391
2415328	41399
2415830	41408
2416330	41422
2416830	41427
2417333	41434
2417833	41444
2418333	41450
2418833	41458
2419334	41464
2419834	41477
2420334	41487
2420834	41495
2421334	41498
2421836	41509
2422336	41517
2422836	41523
2423336	41530
2423836	41540
2424336	41551
2424836	41556
2425337	41563
2425838	41566
2426338	41574
2426838	41585
2427338	41590
2427838	41598
2428339	41608
2428839	41616
2429339	41627
2429840	41632
2430340	41639
2430841	41650
2431341	41661
2431841	41668
2432341	41677
2432842	41694
2433343	41703
2433844	41712
2434347	41720
2434848	41729
2435348	41735
2435848	41742
2436349	41751
2436849	41756
2437349	41762
2437849	41767
2438349	41777
2438851	41784
2439352	41796
2439852	41804
2440353	41812
2440853	41819
2441353	41828
2441853	41838
2442354	41844
2442854	41851
2443354	41859
2443854	41865
2444354	41878
2444854	41887
2445354	41893
2445854	41903
2446355	41912
2446855	41930
2447355	41943
2447856	41951
2448356	41962
2448857	41968
2449357	41978
2449857	41983
2450359	41993
2450860	42003
2451360	42010
2451860	42014
2452361	42023
2452861	42033
2453361	42036
2453861	42044
2454361	42052
2454862	42060
2455362	42069
2455864	42080
2456364	42089
2456864	42095
2457364	42102
2457864	42113
2458365	42120
2458865	42130
2459365	42136
2459865	42145
2460366	42156
2460867	42164
2461367	42171
2461867	42182
2462367	42193
2462867	42201
2463368	42206
2463868	42214
2464368	42219
2464868	42225
2465368	42234
2465868	42239
2466368	42252
2466868	42262
2467370	42272
2467870	42276
2468370	42283
2468870	42293
2469371	42301
2469872	42312
2470372	42322
2470873	42329
2471373	42334
2471874	42348
2472374	42354
2472875	42362
2473375	42367
2473875	42376
2474375	42388
2474875	42394
2475375	42396
2475875	42406
2476377	42421
2476877	42428
2477377	42437
2477877	42443
2478377	42451
2478878	42463
2479378	42465
2479879	42474
2480379	42483
2480881	42490
2481381	42499
2481882	42504
2482383	42514
2482884	42527
2483385	42536
2483885	42545
2484385	42554
2484885	42562
2485385	42571
2485885	42581
2486385	42595
2486885	42607
2487385	42615
2487885	42624
2488385	42629
2488885	42634
2489385	42640
2489885	42645
2490385	42654
2490885	42661
2491385	42667
2491885	42674
2492385	42683
2492885	42690
2493385	42696
2493885	42706
2494385	42724
2494885	42740
2495385	42749
2495885	42763
2496386	42774
2496886	42785
2497386	42796
2497886	42803
2498386	42813
2498887	42818
2499388	42823
2499889	42830
2500389	42838
2500889	42847
2501389	42855
2501890	42870
2502390	42880
2502891	42885
2503391	42896
2503893	42903
2504395	42909
2504895	42916
2505395	42928
2505895	42936
2506396	42947
2506897	42953
2507397	42962
2507897	42972
2508397	42975
2508897	42984
2509399	42995
2509899	43000
2510399	43010
2510899	43019
2511399	43024
2511899	43036
2512399	43047
2512899	43055
2513399	43067
2513899	43073
2514399	43081
2514899	43087
2515399	43097
2515899	43108
2516400	43115
2516900	43133
2517400	43143
2517900	43154
2518400	43163
2518901	43178
2519401	43190
2519903	43202
2520403	43209
2520903	43215
2521403	43224
2521903	43233
2522403	43239
2522903	43248
2523403	43252
2523903	43260
2524403	43273
2524903	43280
2525403	43284
2525903	43292
2526403	43303
2526903	43309
2527404	43316
2527904	43326
2528404	43338
2528904	43349
2529405	43354
2529905	43363
2530407	43372
2530907	43382
2531407	43388
2531907	43398
2532409	43407
2532909	43413
2533410	43426
2533911	43430
2534412	43437
2534912	43448
2535413	43455
2535913	43468
2536414	43474
2536914	43479
2537414	43487
2537915	43492
2538416	43501
2538916	43514
2539417	43520
2539918	43528
2540419	43535
2540919	43545
2541419	43560
2541919	43571
2542419	43578
2542920	43590
2543421	43597
2543921	43608
2544421	43617
2544921	43625
2545421	43632
2545921	43639
2546421	43648
2546921	43661
2547422	43675
2547922	43681
2548422	43688
2548922	43697
2549422	43698
2549924	43704
2550424	43714
2550925	43722
2551426	43727
2551926	43737
2552427	43746
2552927	43753
2553428	43765
2553928	43776
2554428	43783
2554928	43786
2555428	43793
2555928	43806
2556428	43811
2556929	43825
2557430	43832
2557930	43836
2558430	43842
2558930	43848
2559431	43856
2559936	43867
2560436	43878
2560936	43885
2561436	43892
2561936	43903
2562436	43914
2562936	43922
2563436	43930
2563936	43936
2564436	43947
2564936	43955
2565436	43962
2565936	43973
2566436	43981
2566936	43991
2567437	44001
2567937	44009
2568438	44021
2568938	44027
2569438	44035
2569938	44042
2570438	44051
2570938	44053
2571438	44064
2571938	44074
2572438	44082
2572938	44085
2573438	44092
2573938	44101
2574439	44109
2574939	44117
2575440	44131
2575940	44139
2576441	44147
2576941	44154
2577441	44161
2577944	44170
2578445	44178
2578947	44186
2579447	44198
2579947	44207
2580447	44212
2580947	44220
2581447	44230
2581947	44238
2582448	44247
2582948	44258
2583449	44267
2583949	44274
2584450	44280
2584950	44290
2585450	44299
2585950	44308
2586450	44315
2586951	44321
2587451	44327
2587951	44337
2588452	44345
2588952	44351
2589452	44362
2589952	44374
2590452	44392
2590952	44401
2591453	44410
2591953	44417
2592453	44425
2592953	44432
2593453	44435
2593953	44442
2594456	44451
2594957	44461
2595457	44469
2595957	44477
2596458	44484
2596958	44490
2597458	44499
2597958	44505
2598458	44514
2598958	44523
2599458	44533
2599958	44540
2600458	44548
2600958	44556
2601459	44567
2601959	44573
2602459	44582
2602960	44586
2603460	44600
2603961	44610
2604462	44621
2604964	44627
2605464	44638
2605965	44640
2606465	44649
2606967	44659
2607467	44666
2607969	44674
2608470	44678
2608971	44687
2609471	44698
2609972	44709
2610472	44717
2610974	44723
2611474	44734
2611974	44746
2612474	44755
2612975	44760
2613475	44769
2613975	44779
2614476	44794
2614977	44800
2615478	44811
2615981	44820
2616481	44829
2616981	44836
2617481	44843
2617981	44854
2618481	44863
2618981	44873
2619481	44885
2619982	44892
2620482	44902
2620982	44909
2621483	44916
2621983	44927
2622483	44937
2622983	44944
2623483	44951
2623983	44961
2624486	44972
2624986	44977
2625486	44987
2625987	44992
2626487	45006
2626988	45011
2627488	45022
2627988	45030
2628488	45036
2628989	45041
2629490	45052
2629990	45059
2630494	45075
2630994	45085
2631494	45089
2631994	45100
2632495	45108
2632995	45112
2633495	45117
2633995	45124
2634495	45133
2634995	45136
2635495	45144
2635997	45152
2636497	45162
2636997	45172
2637497	45181
2637997	45185
2638497	45193
2638998	45206
2639498	45211
2639998	45220
2640498	45225
2640999	45234
2641499	45242
2642000	45249
2642500	45256
2643000	45264
2643500	45275
2644000	45284
2644500	45293
2645000	45303
2645500	45310
2646000	45322
2646501	45331
2647002	45337
2647502	45344
2648003	45349
2648503	45359
2649003	45361
2649504	45368
2650004	45374
2650504	45377
2651004	45385
2651504	45389
2652004	45396
2652504	45409
2653004	45422
2653504	45428
2654004	45440
2654504	45452
2655004	45457
2655506	45465
2656006	45475
2656506	45487
2657007	45498
2657507	45505
2658007	45513
2658507	45521
2659008	45527
2659508	45537
2660008	45541
2660508	45553
2661009	45560
2661509	45572
2662009	45580
2662511	45592
2663011	45597
2663511	45612
2664012	45622
2664514	45630
2665017	45635
2665518	45641
2666018	45652
2666518	45661
2667018	45671
2667518	45678
2668018	45695
2668518	45702
2669018	45715
2669518	45718
2670018	45727
2670518	45738
2671018	45746
2671519	45746
2672019	45754
2672519	45762
2673020	45771
2673521	45779
2674021	45789
2674522	45799
2675022	45807
2675522	45815
2676022	45818
2676522	45828
2677023	45841
2677524	45853
2678024	45862
2678524	45870
2679024	45876
2679524	45885
2680025	45896
2680527	45900
2681029	45914
2681529	45920
2682029	45929
2682529	45934
2683029	45941
2683529	45952
2684029	45964
2684529	45974
2685029	45979
2685529	45984
2686030	45997
2686531	46010
2687031	46018
2687531	46022
2688033	46029
2688533	46035
2689033	46045
2689534	46054
2690034	46063
2690534	46069
2691034	46076
2691534	46082
2692034	46088
2692534	46097
2693034	46107
2693534	46114
2694035	46119
2694535	46125
2695036	46137
2695537	46140
2696037	46150
2696537	46165
2697037	46179
2697538	46181
2698038	46185
2698538	46197
2699038	46203
2699539	46210
2700039	46218
2700539	46228
2701039	46238
2701539	46246
2702041	46255
2702542	46265
2703042	46270
2703542	46280
2704043	46288
2704543	46296
2705044	46311
2705544	46321
2706044	46326
2706544	46335
2707045	46345
2707545	46353
2708046	46359
2708546	46367
2709048	46375
2709548	46378
2710050	46389
2710550	46391
2711051	46404
2711552	46416
2712053	46428
2712555	46440
2713055	46448
2713555	46451
2714055	46458
2714555	46465
2715055	46473
2715555	46479
2716055	46487
2716557	46494
2717057	46498
2717557	46511
2718058	46520
2718559	46534
2719059	46541
2719559	46551
2720059	46561
2720559	46568
2721059	46580
2721559	46590
2722059	46599
2722560	46605
2723060	46613
2723561	46623
2724061	46632
2724561	46637
2725061	46648
2725562	46655
2726063	46666
2726563	46676
2727063	46682
2727563	46689
2728063	46696
2728564	46701
2729065	46712
2729565	46724
2730066	46733
2730566	46742
2731066	46753
2731567	46768
2732067	46772
2732568	46781
2733068	46787
2733569	46801
2734069	46810
2734569	46817
2735069	46821
2735569	46827
2736069	46836
2736570	46849
2737071	46858
2737571	46866
2738071	46873
2738571	46881
2739072	46891
2739572	46904
2740072	46912
2740573	46919
2741073	46928
2741573	46938
2742073	46942
2742573	46949
2743074	46959
2743574	46971
2744075	46980
2744576	46982
2745076	46995
2745577	47002
2746077	47013
2746577	47020
2747077	47029
2747578	47041
2748079	47047
2748579	47052
2749080	47058
2749581	47064
2750081	47068
2750581	47081
2751081	47088
2751581	47096
2752081	47099
2752581	47109
2753081	47115
2753582	47122
2754082	47132
2754582	47140
2755085	47151
2755586	47161
2756086	47168
2756586	47179
2757086	47189
2757586	47195
2758087	47202
2758588	47210
2759088	47216
2759590	47226
2760090	47232
2760590	47239
2761090	47246
2761590	47250
2762090	47263
2762590	47271
2763091	47278
2763592	47293
2764092	47303
2764592	47309
2765092	47320
2765592	47326
2766092	47330
2766592	47342
2767092	47356
2767592	47364
2768092	47369
2768593	47377
2769094	47384
2769594	47391
2770094	47398
2770596	47406
2771098	47416
2771598	47427
2772098	47437
2772599	47448
2773099	47456
2773600	47467
2774102	47475
2774602	47485
2775103	47490
2775603	47496
2776103	47502
2776604	47512
2777104	47520
2777604	47530
2778104	47537
2778605	47549
2779105	47557
2779605	47567
2780105	47573
2780607	47586
2781108	47599
2781608	47604
2782108	47614
2782609	47628
2783109	47633
2783610	47640
2784111	47649
2784611	47654
2785112	47658
2785612	47668
2786113	47680
2786613	47686
2787113	47690
2787613	47700
2788113	47710
2788613	47713
2789113	47720
2789614	47727
2790114	47742
2790614	47750
2791114	47763
2791614	47769
2792115	47776
2792615	47786
2793116	47794
2793616	47801
2794116	47806
2794619	47816
2795119	47819
2795619	47823
2796119	47832
2796619	47844
2797120	47856
2797620	47865
2798120	47868
2798620	47879
2799120	47891
2799620	47902
2800120	47911
2800620	47916
2801120	47928
2801621	47935
2802121	47941
2802621	47947
2803121	47953
2803622	47964
2804122	47969
2804622	47981
2805123	47988
2805623	48002
2806124	48008
2806624	48016
2807124	48025
2807625	48031
2808125	48039
2808625	48049
2809125	48058
2809625	48066
2810128	48073
2810628	48079
2811130	48088
2811630	48099
2812130	48112
2812631	48116
2813131	48125
2813632	48134
2814132	48145
2814633	48153
2815133	48163
2815633	48167
2816133	48175
2816633	48185
2817133	48192
2817633	48199
2818133	48205
2818633	48214
2819133	48226
2819634	48235
2820134	48242
2820635	48250
2821138	48255
2821638	48263
2822139	48269
2822640	48277
2823141	48289
2823642	48305
2824142	48315
2824643	48323
2825143	48331
2825643	48337
2826143	48343
2826643	48348
2827143	48356
2827644	48363
2828144	48369
2828644	48380
2829144	48391
2829644	48398
2830144	48405
2830644	48418
2831145	48428
2831645	48441
2832145	48453
2832645	48462
2833145	48472
2833645	48481
2834146	48487
2834647	48494
2835147	48502
2835647	48509
2836147	48519
2836647	48527
2837147	48534
2837648	48547
2838148	48558
2838649	48566
2839149	48569
2839650	48578
2840150	48591
2840651	48597
2841151	48617
2841651	48619
2842153	48625
2842654	48631
2843154	48638
2843654	48645
2844155	48647
2844656	48661
2845156	48673
2845656	48684
2846156	48693
2846658	48700
2847158	48710
2847658	48720
2848158	48727
2848658	48737
2849158	48743
2849658	48758
2850158	48762
2850659	48770
2851159	48780
2851660	48785
2852160	48798
2852660	48805
2853160	48819
2853660	48824
2854160	48827
2854661	48839
2855161	48849
2855662	48856
2856162	48867
2856663	48871
2857163	48877
2857663	48883
2858163	48895
2858664	48901
2859164	48908
2859665	48917
2860165	48934
2860666	48943
2861168	48949
2861668	48960
2862168	48968
2862668	48978
2863169	48987
2863670	48992
2864171	49005
2864671	49013
2865171	49024
2865671	49031
2866171	49040
2866671	49047
2867172	49058
2867672	49061
2868172	49072
2868673	49093
2869173	49097
2869673	49103
2870174	49108
2870674	49118
2871175	49122
2871675	49126
2872176	49134
2872678	49145
2873178	49149
2873679	49153
2874179	49162
2874679	49169
2875179	49177
2875679	49187
2876180	49196
2876680	49205
2877181	49214
2877681	49219
2878181	49228
2878682	49240
2879182	49253
2879682	49265
2880183	49274
2880683	49279
2881183	49282
2881683	49290
2882183	49296
2882683	49302
2883183	49314
2883685	49326
2884186	49336
2884686	49346
2885186	49355
2885686	49360
2886187	49368
2886687	49378
2887187	49388
2887687	49393
2888187	49397
2888689	49407
2889189	49416
2889689	49427
2890189	49435
2890689	49446
2891189	49455
2891689	49465
2892189	49478
2892689	49489
2893189	49498
2893690	49506
2894190	49511
2894690	49522
2895190	49530
2895690	49534
2896190	49544
2896690	49549
2897191	49561
2897693	49569
2898193	49580
2898693	49589
2899193	49600
2899694	49612
2900194	49624
2900694	49631
2901195	49641
2901696	49651
2902196	49657
2902696	49660
2903196	49667
2903696	49676
2904196	49688
2904696	49695
2905196	49703
2905696	49709
2906196	49718
2906696	49726
2907196	49733
2907696	49747
2908196	49757
2908696	49763
2909196	49772
2909696	49777
2910196	49783
2910697	49791
2911197	49801
2911697	49817
2912198	49823
2912698	49834
2913199	49844
2913699	49851
2914199	49860
2914699	49866
2915200	49871
2915701	49881
2916202	49896
2916702	49902
2917202	49913
2917703	49914
2918203	49922
2918703	49925
2919203	49936
2919703	49947
2920203	49954
2920703	49962
2921203	49966
2921703	49976
2922203	49981
2922703	49989
2923203	49997
2923703	50006
2924203	50014
2924703	50023
2925204	50028
2925704	50040
2926204	50044
2926705	50054
2927205	50066
2927705	50072
2928205	50083
2928706	50092
2929206	50096
2929706	50107
2930207	50116
2930707	50121
2931207	50125
2931708	50139
2932208	50157
2932708	50165
2933208	50180
2933709	50190
2934209	50197
2934709	50204
2935211	50213
2935711	50224
2936211	50235
2936711	50241
2937211	50252
2937711	50260
2938212	50264
2938713	50276
2939213	50288
2939713	50295
2940214	50308
2940716	50319
2941218	50325
2941718	50338
2942218	50347
2942718	50357
2943218	50364
2943719	50373
2944219	50380
2944719	50388
2945220	50395
2945720	50404
2946220	50412
2946720	50418
2947220	50426
2947720	50435
2948220	50451
2948720	50456
2949221	50467
2949722	50478
2950223	50483
2950723	50491
2951223	50500
2951723	50508
2952223	50517
2952724	50525
2953224	50537
2953725	50542
2954225	50552
2954727	50560
2955227	50573
2955727	50580
2956228	50594
2956728	50604
2957228	50613
2957728	50622
2958228	50634
2958728	50640
2959228	50647
2959730	50656
2960230	50666
2960730	50677
2961230	50688
2961730	50697
2962230	50711
2962730	50725
2963230	50734
2963730	50741
2964230	50749
2964730	50759
2965230	50768
2965731	50775
2966231	50783
2966731	50791
2967231	50803
2967733	50812
2968234	50824
2968735	50831
2969236	50834
2969736	50844
2970236	50852
2970736	50858
2971236	50867
2971738	50876
2972241	50887
2972741	50896
2973241	50904
2973741	50914
2974242	50929
2974742	50940
2975242	50944
2975742	50954
2976243	50962
2976743	50970
2977243	50986
2977744	50991
2978244	50998
2978744	51007
2979244	51014
2979744	51019
2980244	51027
2980744	51036
2981244	51044
2981745	51055
2982246	51067
2982747	51080
2983247	51087
2983748	51092
2984248	51100
2984748	51107
2985248	51117
2985749	51124
2986249	51129
2986750	51138
2987250	51145
2987750	51154
2988250	51162
2988750	51172
2989251	51176
2989752	51184
2990252	51197
2990752	51206
2991252	51212
2991753	51218
2992253	51223
2992753	51231
2993253	51242
2993753	51256
2994253	51263
2994753	51267
2995254	51274
2995754	51289
2996255	51296
2996756	51299
2997256	51305
2997756	51312
2998256	51317
2998756	51326
2999256	51337
2999756	51346
3000259	51357
3000759	51361
3001259	51373
3001760	51390
3002260	51397
3002760	51408
3003260	51417
3003760	51421
3004260	51428
3004760	51436
3005261	51445
3005762	51454
3006262	51463
3006762	51472
3007262	51479
3007762	51490
3008262	51497
3008762	51507
3009262	51519
3009762	51528
3010263	51534
3010764	51540
3011265	51548
3011765	51557
3012266	51561
3012767	51569
3013267	51580
3013768	51589
3014269	51601
3014769	51613
3015269	51623
3015769	51629
3016269	51637
3016769	51642
3017269	51649
3017769	51662
3018269	51671
3018769	51678
3019270	51691
3019770	51701
3020270	51715
3020771	51721
3021272	51732
3021772	51738
3022272	51747
3022772	51754
3023272	51761
3023772	51768
3024273	51776
3024775	51788
3025275	51798
3025775	51807
3026275	51813
3026775	51824
3027275	51833
3027775	51837
3028275	51841
3028775	51851
3029277	51854
3029779	51867
3030279	51871
3030779	51881
3031280	51889
3031781	51895
3032281	51901
3032781	51914
3033281	51923
3033782	51934
3034282	51945
3034782	51958
3035282	51971
3035782	51986
3036283	51991
3036783	52001
3037285	52008
3037785	52012
3038285	52017
3038785	52024
3039285	52034
3039785	52043
3040285	52050
3040785	52056
3041285	52063
3041787	52074
3042288	52084
3042788	52093
3043288	52099
3043788	52108
3044288	52116
3044788	52122
3045288	52132
3045788	52139
3046288	52145
3046788	52157
3047288	52164
3047788	52173
3048288	52181
3048788	52188
3049288	52202
3049788	52215
3050288	52220
3050789	52228
3051289	52237
3051790	52243
3052290	52249
3052790	52254
3053290	52264
3053790	52267
3054290	52272
3054790	52280
3055290	52290
3055791	52299
3056292	52309
3056792	52317
3057292	52322
3057792	52331
3058293	52338
3058793	52354
3059293	52367
3059793	52372
3060293	52378
3060793	52386
3061294	52405
3061795	52420
3062295	52431
3062795	52436
3063296	52444
3063797	52453
3064297	52458
3064797	52466
3065298	52474
3065798	52483
3066300	52488
3066801	52503
3067301	52511
3067802	52515
3068302	52527
3068802	52538
3069302	52547
3069802	52559
3070303	52568
3070803	52576
3071305	52582
3071805	52589
3072305	52600
3072805	52607
3073305	52610
3073805	52618
3074306	52623
3074806	52636
3075307	52646
3075807	52655
3076308	52666
3076808	52681
3077308	52690
3077808	52698
3078308	52707
3078808	52713
3079309	52723
3079810	52731
3080310	52740
3080810	52746
3081311	52750
3081812	52762
3082313	52772
3082813	52777
3083313	52787
3083813	52794
3084313	52807
3084816	52815
3085317	52823
3085817	52830
3086317	52847
3086817	52854
3087317	52864
3087818	52873
3088318	52875
3088818	52881
3089318	52889
3089819	52893
3090319	52897
3090819	52908
3091320	52921
3091821	52931
3092321	52942
3092822	52949
3093322	52964
3093823	52974
3094323	52985
3094823	52992
3095323	52998
3095824	53005
3096325	53015
3096825	53021
3097325	53032
3097825	53036
3098325	53046
3098825	53059
3099325	53065
3099825	53073
3100325	53082
3100826	53086
3101326	53101
3101827	53114
3102328	53125
3102828	53134
3103329	53142
3103829	53149
3104329	53159
3104829	53166
3105329	53176
3105829	53189
3106330	53195
3106830	53209
3107330	53217
3107830	53229
3108331	53240
3108831	53252
3109331	53258
3109831	53268
3110332	53278
3110833	53287
3111333	53296
3111833	53306
3112333	53311
3112833	53321
3113333	53328
3113833	53334
3114333	53350
3114834	53356
3115334	53367
3115834	53377
3116335	53387
3116835	53399
3117335	53406
3117835	53415
3118336	53425
3118837	53431
3119338	53442
3119838	53450
3120338	53458
3120839	53466
3121339	53479
3121840	53484
3122341	53493
3122841	53497
3123341	53508
3123841	53518
3124342	53526
3124842	53536
3125342	53546
3125842	53556
3126342	53561
3126842	53578
3127342	53584
3127843	53597
3128344	53604
3128844	53616
3129345	53626
3129845	53635
3130345	53639
3130845	53646
3131345	53655
3131845	53661
3132345	53667
3132845	53677
3133345	53686
3133845	53694
3134346	53703
3134846	53706
3135347	53714
3135847	53718
3136347	53726
3136848	53736
3137349	53746
3137852	53757
3138352	53765
3138853	53774
3139353	53779
3139854	53789
3140354	53799
3140855	53810
3141355	53816
3141856	53822
3142356	53831
3142856	53838
3143356	53846
3143856	53858
3144356	53868
3144858	53877
3145358	53889
3145858	53894
3146359	53904
3146860	53910
3147360	53918
3147861	53932
3148361	53934
3148861	53944
3149361	53956
3149862	53962
3150362	53971
3150862	53981
3151364	53988
3151865	53994
3152365	54002
3152866	54009
3153366	54023
3153867	54032
3154368	54045
3154868	54055
3155368	54060
3155868	54065
3156369	54069
3156870	54080
3157371	54088
3157871	54095
3158371	54105
3158871	54119
3159371	54128
3159871	54136
3160371	54145
3160871	54150
3161372	54159
3161872	54168
3162372	54175
3162872	54181
3163372	54189
3163872	54198
3164372	54203
3164873	54211
3165373	54222
3165873	54232
3166373	54243
3166873	54254
3167373	54261
3167874	54273
3168374	54279
3168874	54286
3169374	54291
3169874	54302
3170374	54314
3170875	54323
3171376	54330
3171876	54338
3172376	54342
3172876	54346
3173376	54357
3173876	54365
3174377	54374
3174877	54388
3175377	54399
3175877	54409
3176378	54415
3176878	54425
3177378	54434
3177878	54441
3178378	54449
3178878	54457
3179378	54465
3179878	54474
3180379	54476
3180879	54481
3181379	54491
3181880	54501
3182380	54513
3182880	54516
3183380	54522
3183880	54531
3184381	54538
3184881	54541
3185383	54545
3185883	54553
3186383	54559
3186884	54564
3187386	54571
3187887	54581
3188387	54588
3188887	54594
3189388	54600
3189888	54609
3190389	54615
3190890	54625
3191393	54631
3191893	54639
3192393	54654
3192893	54671
3193393	54682
3193893	54692
3194393	54698
3194893	54706
3195394	54716
3195894	54726
3196394	54732
3196894	54740
3197395	54753
3197895	54766
3198395	54774
3198895	54785
3199395	54798
3199896	54816
3200396	54825
3200896	54830
3201397	54835
3201899	54840
3202401	54847
3202901	54857
3203401	54860
3203902	54869
3204402	54878
3204902	54890
3205402	54896
3205902	54902
3206402	54911
3206903	54920
3207403	54927
3207903	54939
3208404	54947
3208904	54956
3209405	54971
3209905	54986
3210406	54994
3210906	55001
3211406	55009
3211906	55017
3212406	55024
3212906	55032
3213407	55043
3213910	55054
3214410	55067
3214911	55081
3215411	55088
3215912	55101
3216412	55112
3216912	55121
3217412	55131
3217914	55139
3218414	55147
3218914	55154
3219414	55163
3219914	55172
3220414	55181
3220916	55189
3221419	55191
3221919	55201
3222419	55208
3222919	55216
3223419	55227
3223920	55234
3224421	55247
3224921	55259
3225421	55268
3225921	55280
3226421	55283
3226921	55289
3227422	55299
3227923	55305
3228423	55313
3228923	55320
3229423	55323
3229924	55337
3230425	55348
3230925	55357
3231425	55368
3231925	55376
3232425	55386
3232925	55395
3233425	55403
3233925	55410
3234425	55420
3234925	55430
3235425	55438
3235925	55447
3236425	55455
3236925	55460
3237425	55470
3237927	55482
3238427	55492
3238927	55504
3239428	55510
3239928	55516
3240428	55524
3240928	55531
3241428	55538
3241928	55547
3242428	55554
3242928	55564
3243428	55571
3243928	55581
3244429	55590
3244929	55595
3245430	55604
3245930	55611
3246430	55619
3246930	55624
3247430	55631
3247932	55637
3248432	55643
3248933	55649
3249433	55660
3249933	55674
3250434	55686
3250934	55696
3251434	55704
3251934	55714
3252434	55728
3252934	55734
3253434	55742
3253934	55747
3254434	55758
3254934	55770
3255434	55779
3255934	55785
3256435	55793
3256935	55799
3257435	55808
3257936	55813
3258436	55825
3258936	55835
3259437	55842
3259937	55850
3260439	55857
3260939	55869
3261439	55877
3261939	55885
3262441	55893
3262941	55904
3263441	55911
3263941	55920
3264441	55927
3264942	55942
3265443	55952
3265943	55963
3266444	55975
3266944	55981
3267445	55987
3267945	55998
3268445	56007
3268945	56013
3269446	56023
3269946	56033
3270446	56042
3270947	56047
3271448	56059
3271948	56069
3272448	56075
3272948	56081
3273448	56085
3273948	56091
3274448	56100
3274948	56107
3275448	56112
3275948	56121
3276448	56135
3276948	56150
3277448	56159
3277948	56168
3278451	56179
3278951	56187
3279451	56192
3279951	56200
3280451	56212
3280953	56223
3281453	56229
3281953	56236
3282453	56242
3282953	56249
3283454	56255
3283954	56263
3284455	56266
3284956	56278
3285457	56284
3285957	56298
3286457	56306
3286958	56311
3287458	56323
3287959	56332
3288461	56343
3288962	56346
3289464	56355
3289964	56362
3290465	56373
3290966	56387
3291466	56395
3291966	56401
3292466	56407
3292966	56420
3293466	56427
3293966	56438
3294466	56442
3294966	56452
3295467	56459
3295968	56466
3296468	56474
3296968	56483
3297468	56489
3297968	56495
3298468	56498
3298969	56512
3299469	56523
3299969	56532
3300469	56548
3300969	56558
3301470	56566
3301970	56581
3302471	56589
3302971	56599
3303471	56608
3303973	56615
3304473	56623
3304973	56632
3305474	56640
3305974	56656
3306474	56661
3306974	56668
3307474	56680
3307974	56684
3308474	56688
3308974	56697
3309474	56712
3309974	56727
3310475	56734
3310975	56740
3311475	56747
3311975	56756
3312475	56765
3312975	56775
3313475	56785
3313979	56795
3314479	56802
3314979	56809
3315479	56818
3315979	56826
3316481	56837
3316981	56847
3317481	56862
3317981	56868
3318481	56880
3318981	56892
3319482	56897
3319982	56904
3320483	56915
3320983	56920
3321484	56930
3321984	56936
3322484	56945
3322984	56952
3323485	56957
3323988	56968
3324488	56972
3324988	56983
3325488	56991
3325989	57002
3326489	57009
3326989	57013
3327490	57023
3327990	57028
3328490	57034
3328990	57038
3329491	57043
3329991	57049
3330491	57060
3330993	57071
3331494	57079
3331995	57091
3332496	57093
3332996	57097
3333496	57105
3333996	57113
3334496	57122
3334996	57132
3335497	57138
3335997	57146
3336498	57155
3336998	57160
3337499	57165
3337999	57172
3338499	57188
3338999	57197
3339499	57207
3339999	57214
3340501	57223
3341001	57239
3341502	57249
3342002	57262
3342502	57269
3343002	57272
3343502	57281
3344005	57289
3344505	57298
3345006	57312
3345508	57319
3346008	57326
3346508	57338
3347009	57345
3347509	57360
3348010	57370
3348511	57374
3349011	57383
3349512	57389
3350012	57400
3350513	57405
3351013	57412
3351515	57418
3352015	57427
3352515	57440
3353015	57447
3353516	57463
3354016	57474
3354518	57476
3355019	57482
3355521	57489
3356021	57497
3356521	57502
3357021	57508
3357521	57520
3358021	57525
3358522	57533
3359022	57539
3359522	57552
3360022	57560
3360523	57568
3361024	57575
3361524	57584
3362024	57592
3362524	57602
3363024	57615
3363526	57628
3364026	57635
3364527	57643
3365028	57650
3365530	57653
3366031	57667
3366531	57672
3367031	57685
3367531	57693
3368032	57703
3368532	57709
3369032	57718
3369532	57724
3370032	57730
3370536	57737
3371036	57745
3371536	57749
3372036	57761
3372537	57767
3373037	57783
3373537	57791
3374037	57800
3374538	57807
3375038	57820
3375538	57830
3376038	57838
3376538	57847
3377038	57859
3377538	57866
3378038	57872
3378539	57879
3379039	57885
3379539	57893
3380039	57902
3380539	57916
3381039	57927
3381539	57933
3382039	57942
3382539	57954
3383040	57965
3383540	57971
3384040	57976
3384540	57980
3385040	57988
3385540	57996
3386041	58005
3386541	58012
3387041	58023
3387541	58030
3388041	58040
3388542	58050
3389043	58057
3389544	58069
3390045	58081
3390545	58089
3391046	58099
3391546	58106
3392046	58112
3392546	58118
3393046	58126
3393546	58136
3394046	58147
3394546	58151
3395047	58165
3395547	58171
3396047	58179
3396547	58187
3397047	58196
3397547	58201
3398047	58210
3398547	58215
3399047	58223
3399547	58232
3400049	58238
3400549	58244
3401049	58256
3401550	58267
3402050	58273
3402550	58284
3403050	58300
3403550	58307
3404050	58318
3404551	58329
3405051	58341
3405551	58351
3406051	58358
3406551	58366
3407051	58379
3407551	58387
3408052	58399
3408552	58410
3409052	58416
3409553	58427
3410055	58436
3410556	58439
3411056	58451
3411557	58458
3412058	58467
3412558	58476
3413059	58482
3413559	58490
3414060	58498
3414560	58508
3415060	58517
3415560	58532
3416060	58543
3416561	58551
3417061	58564
3417561	58572
3418061	58577
3418561	58588
3419062	58593
3419562	58603
3420062	58612
3420562	58615
3421062	58628
3421562	58641
3422064	58648
3422564	58665
3423064	58672
3423564	58680
3424065	58690
3424565	58699
3425065	58712
3425565	58719
3426065	58728
3426565	58738
3427065	58748
3427565	58755
3428067	58762
3428567	58775
3429067	58782
3429567	58794
3430067	58802
3430568	58815
3431068	58827
3431568	58840
3432068	58851
3432568	58860
3433070	58867
3433570	58873
3434071	58877
3434571	58888
3435071	58894
3435571	58901
3436071	58909
3436571	58925
3437072	58932
3437573	58944
3438073	58950
3438574	58959
3439074	58973
3439574	58981
3440074	58988
3440574	58996
3441074	59005
3441575	59009
3442075	59016
3442577	59026
3443077	59032
3443577	59041
3444077	59050
3444577	59063
3445077	59070
3445577	59079
3446078	59087
3446578	59103
3447079	59109
3447579	59118
3448079	59128
3448579	59138
3449079	59143
3449579	59151
3450079	59157
3450579	59165
3451080	59182
3451581	59192
3452081	59205
3452583	59215
3453083	59222
3453583	59236
3454083	59244
3454583	59250
3455083	59256
3455583	59267
3456083	59273
3456584	59285
3457086	59292
3457587	59297
3458089	59307
3458589	59311
3459089	59317
3459589	59331
3460089	59342
3460590	59352
3461090	59357
3461591	59364
3462091	59371
3462591	59382
3463091	59395
3463592	59403
3464092	59409
3464592	59419
3465092	59425
3465595	59437
3466096	59444
3466596	59451
3467096	59462
3467597	59474
3468099	59480
3468599	59489
3469099	59493
3469599	59502
3470099	59512
3470599	59517
3471099	59527
3471599	59534
3472099	59548
3472601	59557
3473103	59565
3473604	59572
3474106	59580
3474606	59590
3475106	59602
3475606	59611
3476106	59620
3476606	59628
3477107	59639
3477609	59647
3478110	59655
3478610	59661
3479110	59671
3479611	59682
3480113	59695
3480613	59704
3481113	59712
3481614	59719
3482114	59727
3482615	59731
3483115	59741
3483615	59751
3484115	59762
3484617	59768
3485117	59783
3485617	59791
3486118	59800
3486618	59806
3487118	59815
3487618	59823
3488118	59830
3488619	59844
3489119	59851
3489619	59861
3490119	59872
3490619	59878
3491120	59885
3491621	59891
3492121	59896
3492621	59906
3493122	59914
3493622	59923
3494123	59928
3494623	59932
3495123	59940
3495623	59949
3496123	59962
3496623	59973
3497123	59981
3497623	59993
3498124	59998
3498626	60009
3499126	60023
3499627	60028
3500127	60034
3500627	60047
3501127	60063
3501629	60070
3502130	60079
3502630	60086
3503131	60090
3503632	60096
3504133	60103
3504634	60108
3505134	60115
3505634	60128
3506134	60136
3506634	60143
3507135	60154
3507636	60161
3508136	60174
3508636	60180
3509136	60183
3509637	60192
3510137	60198
3510638	60206
3511138	60221
3511638	60230
3512138	60238
3512639	60247
3513140	60258
3513640	60268
3514141	60278
3514641	60287
3515141	60295
3515641	60306
3516141	60310
3516641	60322
3517141	60332
3517643	60339
3518143	60348
3518643	60355
3519143	60360
3519643	60366
3520145	60378
3520645	60387
3521145	60395
3521645	60404
3522145	60409
3522645	60420
3523146	60429
3523646	60437
3524146	60443
3524646	60450
3525147	60465
3525647	60476
3526148	60489
3526648	60497
3527148	60511
3527649	60520
3528149	60525
3528649	60535
3529149	60541
3529649	60547
3530149	60560
3530649	60567
3531149	60582
3531649	60589
3532149	60594
3532649	60600
3533149	60613
3533650	60616
3534150	60621
3534650	60629
3535151	60632
3535651	60641
3536152	60649
3536652	60657
3537152	60666
3537652	60672
3538152	60683
3538652	60694
3539152	60705
3539652	60711
3540152	60718
3540652	60727
3541152	60738
3541652	60746
3542152	60754
3542654	60759
3543154	60769
3543654	60777
3544154	60792
3544655	60800
3545155	60809
3545655	60814
3546155	60822
3546655	60827
3547157	60835
3547657	60842
3548158	60848
3548658	60862
3549158	60870
3549658	60874
3550158	60885
3550658	60896
3551158	60898
3551658	60906
3552159	60919
3552659	60925
3553159	60933
3553659	60940
3554159	60948
3554659	60961
3555162	60971
3555662	60982
3556162	60991
3556662	60994
3557162	61002
3557662	61008
3558162	61011
3558662	61022
3559162	61030
3559662	61039
3560162	61047
3560662	61057
3561162	61063
3561662	61071
3562162	61079
3562662	61093
3563162	61102
3563662	61112
3564162	61120
3564662	61127
3565162	61137
3565662	61144
3566162	61153
3566662	61162
3567163	61174
3567664	61184
3568165	61191
3568665	61204
3569166	61208
3569667	61215
3570167	61224
3570667	61233
3571169	61242
3571670	61245
3572170	61256
3572670	61262
3573170	61265
3573670	61277
3574170	61286
3574670	61293
3575172	61304
3575672	61308
3576172	61320
3576672	61328
3577173	61338
3577673	61344
3578173	61361
3578673	61371
3579174	61381
3579678	61388
3580179	61400
3580679	61411
3581180	61421
3581680	61431
3582180	61437
3582680	61445
3583180	61452
3583680	61462
3584180	61469
3584680	61476
3585180	61484
3585680	61490
3586180	61496
3586680	61504
3587181	61514
3587681	61527
3588181	61535
3588681	61548
3589181	61557
3589681	61570
3590182	61576
3590684	61584
3591184	61592
3591685	61602
3592185	61607
3592685	61612
3593186	61620
3593686	61630
3594186	61638
3594687	61646
3595188	61649
3595688	61655
3596189	61663
3596691	61670
3597191	61678
3597692	61684
3598192	61694
3598692	61711
3599192	61728
3599693	61739
3600193	61747
3600693	61756
3601193	61764
3601694	61773
3602194	61778
3602694	61786
3603194	61798
3603694	61807
3604194	61813
3604694	61826
3605194	61830
3605695	61840
3606195	61850
3606696	61864
3607196	61869
3607696	61876
3608197	61887
3608698	61895
3609199	61909
3609701	61920
3610201	61928
3610701	61939
3611201	61948
3611701	61953
3612201	61964
3612702	61968
3613202	61973
3613702	61982
3614202	61995
3614702	62007
3615202	62014
3615702	62023
3616203	62032
3616704	62044
3617204	62050
3617704	62058
3618204	62066
3618706	62071
3619206	62075
3619706	62085
3620207	62093
3620707	62101
3621207	62107
3621707	62112
3622207	62122
3622708	62127
3623208	62137
3623708	62151
3624209	62155
3624710	62161
3625210	62170
3625710	62180
3626211	62189
3626712	62197
3627212	62200
3627713	62213
3628213	62221
3628714	62230
3629215	62240
3629715	62247
3630215	62256
3630715	62262
3631215	62276
3631715	62281
3632215	62297
3632715	62302
3633215	62309
3633717	62315
3634218	62325
3634719	62327
3635219	62335
3635719	62341
3636220	62348
3636720	62362
3637220	62373
3637720	62387
3638220	62397
3638720	62407
3639220	62413
3639720	62422
3640220	62434
3640720	62436
3641220	62445
3641721	62457
3642222	62467
3642723	62476
3643224	62482
3643725	62489
3644225	62498
3644726	62512
3645227	62520
3645727	62531
3646227	62542
3646727	62547
3647228	62553
3647730	62559
3648231	62568
3648731	62573
3649231	62576
3649731	62585
3650231	62591
3650731	62601
3651231	62611
3651731	62620
3652231	62628
3652731	62644
3653231	62653
3653731	62664
3654231	62670
3654731	62677
3655233	62681
3655733	62689
3656233	62694
3656733	62703
3657233	62711
3657734	62716
3658234	62727
3658735	62735
3659235	62745
3659735	62752
3660235	62764
3660735	62772
3661235	62781
3661735	62789
3662236	62799
3662736	62802
3663237	62813
3663737	62822
3664237	62828
3664737	62835
3665237	62841
3665737	62847
3666239	62855
3666739	62861
3667239	62869
3667739	62880
3668239	62890
3668739	62898
3669240	62904
3669740	62908
3670240	62914
3670740	62921
3671242	62931
3671742	62938
3672242	62948
3672743	62955
3673243	62961
3673743	62973
3674243	62982
3674743	62992
3675243	63001
3675743	63010
3676243	63019
3676743	63026
3677243	63032
3677746	63041
3678246	63047
3678746	63062
3679246	63068
3679746	63076
3680247	63084
3680747	63090
3681248	63107
3681748	63115
3682248	63126
3682749	63133
3683249	63141
3683749	63150
3684249	63159
3684749	63169
3685249	63176
3685749	63193
3686249	63197
3686750	63205
3687250	63219
3687750	63225
3688250	63230
3688750	63237
3689251	63244
3689751	63255
3690251	63267
3690751	63271
3691252	63277
3691752	63287
3692252	63300
3692752	63315
3693252	63326
3693752	63331
3694252	63337
3694752	63352
3695253	63361
3695754	63365
3696254	63373
3696754	63384
3697254	63397
3697754	63400
3698254	63404
3698754	63411
3699254	63421
3699756	63438
3700256	63448
3700757	63457
3701257	63464
3701758	63474
3702258	63483
3702759	63494
3703259	63505
3703759	63513
3704259	63519
3704759	63527
3705259	63535
3705760	63546
3706260	63555
3706760	63565
3707260	63572
3707760	63583
3708262	63593
3708762	63599
3709262	63603
3709762	63619
3710262	63628
3710762	63639
3711262	63649
3711763	63656
3712263	63670
3712763	63679
3713263	63688
3713763	63696
3714263	63705
3714764	63714
3715265	63722
3715765	63738
3716266	63748
3716767	63757
3717268	63763
3717769	63776
3718269	63781
3718769	63788
3719270	63794
3719770	63805
3720271	63812
3720772	63822
3721273	63824
3721773	63831
3722273	63836
3722773	63845
3723273	63853
3723774	63861
3724274	63872
3724774	63881
3725274	63887
3725775	63894
3726276	63900
3726776	63908
3727276	63917
3727776	63928
3728276	63940
3728776	63950
3729276	63958
3729776	63972
3730276	63974
3730776	63977
3731278	63985
3731778	63994
3732279	64006
3732779	64013
3733280	64017
3733780	64029
3734280	64037
3734783	64048
3735283	64057
3735783	64066
3736283	64076
3736784	64082
3737284	64090
3737784	64094
3738284	64104
3738784	64117
3739284	64126
3739784	64128
3740285	64135
3740785	64142
3741285	64148
3741785	64159
3742285	64170
3742786	64177
3743286	64186
3743787	64192
3744287	64209
3744787	64215
3745287	64218
3745787	64223
3746287	64231
3746787	64245
3747287	64249
3747787	64253
3748287	64261
3748788	64269
3749288	64275
3749791	64290
3750292	64300
3750792	64304
3751293	64312
3751793	64317
3752293	64326
3752794	64334
3753294	64343
3753795	64353
3754295	64362
3754795	64374
3755297	64379
3755797	64388
3756297	64393
3756799	64402
3757300	64420
3757800	64432
3758300	64443
3758801	64450
3759301	64457
3759801	64465
3760303	64478
3760803	64488
3761303	64495
3761803	64505
3762303	64511
3762803	64523
3763304	64531
3763804	64544
3764305	64553
3764806	64560
3765306	64566
3765806	64575
3766306	64582
3766808	64593
3767308	64600
3767808	64605
3768308	64613
3768808	64623
3769308	64630
3769808	64637
3770308	64640
3770808	64652
3771308	64665
3771808	64675
3772310	64681
3772811	64686
3773312	64691
3773813	64696
3774313	64706
3774813	64715
3775313	64729
3775813	64738
3776313	64748
3776813	64756
3777313	64764
3777813	64770
3778313	64781
3778814	64788
3779314	64796
3779816	64802
3780316	64811
3780816	64821
3781316	64830
3781816	64851
3782316	64859
3782817	64868
3783317	64877
3783818	64884
3784318	64892
3784819	64901
3785319	64905
3785819	64916
3786319	64924
3786820	64934
3787320	64942
3787820	64951
3788321	64961
3788821	64973
3789322	64986
3789822	64997
3790322	65007
3790822	65013
3791323	65022
3791823	65031
3792323	65043
3792824	65051
3793325	65056
3793825	65060
3794325	65071
3794826	65080
3795327	65086
3795827	65101
3796327	65105
3796827	65112
3797328	65122
3797828	65135
3798328	65146
3798828	65156
3799328	65168
3799830	65177
3800330	65182
3800831	65189
3801331	65196
3801832	65210
3802332	65217
3802833	65227
3803335	65241
3803836	65245
3804336	65254
3804837	65262
3805337	65269
3805837	65277
3806337	65285
3806837	65298
3807337	65307
3807837	65315
3808337	65329
3808837	65340
3809337	65348
3809837	65354
3810337	65360
3810837	65371
3811337	65380
3811837	65393
3812338	65400
3812838	65405
3813338	65417
3813839	65424
3814339	65430
3814839	65436
3815339	65446
3815840	65458
3816340	65465
3816840	65479
3817340	65488
3817840	65499
3818341	65503
3818841	65512
3819341	65523
3819842	65531
3820342	65533
3820843	65540
3821343	65548
3821843	65558
3822343	65569
3822843	65574
3823343	65580
3823844	65594
3824344	65605
3824844	65616
3825345	65622
3825845	65632
3826345	65642
3826846	65657
3827346	65663
3827846	65670
3828347	65687
3828847	65696
3829348	65703
3829848	65712
3830349	65722
3830850	65728
3831350	65737
3831850	65745
3832351	65748
3832851	65757
3833351	65763
3833851	65770
3834351	65779
3834852	65788
3835352	65802
3835852	65813
3836352	65826
3836853	65835
3837354	65846
3837854	65853
3838354	65860
3838854	65866
3839354	65870
3839854	65876
3840354	65886
3840855	65896
3841355	65904
3841856	65913
3842356	65921
3842856	65932
3843356	65941
3843857	65948
3844358	65956
3844858	65961
3845358	65968
3845858	65977
3846360	65985
3846860	65994
3847360	66005
3847862	66011
3848362	66019
3848863	66029
3849364	66032
3849864	66041
3850364	66047
3850864	66057
3851365	66065
3851865	66071
3852366	66076
3852866	66084
3853367	66094
3853867	66099
3854368	66108
3854868	66120
3855370	66127
3855870	66136
3856371	66145
3856871	66155
3857372	66168
3857873	66176
3858373	66184
3858873	66197
3859373	66207
3859873	66211
3860373	66221
3860873	66230
3861374	66238
3861874	66242
3862374	66248
3862875	66255
3863375	66264
3863875	66274
3864375	66285
3864877	66293
3865378	66301
3865878	66315
3866378	66326
3866879	66333
3867379	66346
3867880	66353
3868381	66364
3868881	66372
3869381	66378
3869882	66395
3870384	66399
3870884	66409
3871384	66421
3871884	66427
3872384	66435
3872884	66446
3873384	66454
3873884	66460
3874384	66470
3874884	66476
3875384	66483
3875884	66489
3876385	66495
3876885	66503
3877385	66509
3877886	66517
3878386	66529
3878887	66537
3879388	66543
3879889	66553
3880389	66560
3880890	66564
3881390	66571
3881890	66578
3882391	66580
3882891	66590
3883391	66604
3883892	66616
3884393	66628
3884893	66635
3885393	66643
3885893	66654
3886394	66660
3886895	66668
3887395	66675
3887895	66680
3888395	66691
3888895	66701
3889395	66708
3889895	66721
3890396	66739
3890896	66751
3891397	66757
3891899	66770
3892400	66781
3892900	66789
3893401	66799
3893901	66801
3894401	66807
3894901	66815
3895401	66825
3895901	66834
3896403	66847
3896903	66855
3897403	66862
3897903	66870
3898403	66876
3898903	66884
3899404	66891
3899905	66898
3900405	66905
3900905	66912
3901406	66922
3901906	66928
3902406	66937
3902906	66947
3903406	66959
3903906	66966
3904406	66972
3904906	66986
3905406	66994
3905906	67001
3906408	67011
3906908	67022
3907408	67032
3907909	67043
3908409	67050
3908910	67060
3909410	67067
3909911	67076
3910411	67082
3910913	67094
3911413	67101
3911913	67110
3912413	67121
3912913	67124
3913413	67137
3913913	67143
3914414	67150
3914917	67159
3915417	67167
3915917	67175
3916417	67182
3916917	67183
3917419	67196
3917919	67207
3918419	67214
3918919	67220
3919419	67227
3919920	67242
3920420	67246
3920920	67256
3921422	67272
3921922	67277
3922422	67291
3922922	67302
3923422	67313
3923922	67321
3924422	67329
3924922	67339
3925423	67354
3925923	67364
3926423	67369
3926923	67380
3927424	67388
3927925	67395
3928425	67406
3928926	67413
3929426	67422
3929927	67431
3930427	67437
3930927	67449
3931427	67454
3931927	67464
3932427	67470
3932927	67478
3933428	67489
3933930	67496
3934430	67507
3934930	67516
3935430	67527
3935930	67536
3936430	67550
3936930	67558
3937430	67567
3937931	67583
3938431	67587
3938932	67593
3939433	67603
3939934	67611
3940434	67613
3940934	67620
3941434	67627
3941934	67630
3942434	67635
3942934	67640
3943434	67646
3943935	67660
3944436	67669
3944936	67675
3945436	67680
3945936	67688
3946437	67692
3946938	67700
3947438	67712
3947938	67721
3948438	67731
3948938	67742
3949441	67748
3949941	67757
3950441	67763
3950942	67768
3951442	67775
3951942	67781
3952442	67785
3952942	67793
3953443	67802
3953944	67813
3954444	67817
3954944	67820
3955444	67834
3955946	67845
3956447	67856
3956947	67865
3957447	67881
3957947	67894
3958448	67902
3958949	67908
3959449	67917
3959949	67923
3960449	67929
3960949	67942
3961450	67958
3961950	67964
3962450	67973
3962952	67981
3963452	67992
3963953	68000
3964454	68011
3964954	68018
3965455	68028
3965955	68038
3966456	68047
3966956	68056
3967456	68068
3967956	68079
3968456	68087
3968956	68094
3969457	68098
3969959	68110
3970459	68126
3970959	68134
3971460	68142
3971960	68145
3972463	68151
3972963	68162
3973463	68169
3973965	68179
3974466	68182
3974966	68189
3975466	68198
3975966	68219
3976466	68225
3976966	68230
3977466	68235
3977966	68245
3978466	68252
3978966	68258
3979468	68268
3979969	68281
3980469	68287
3980970	68295
3981472	68305
3981972	68313
3982472	68320
3982972	68328
3983472	68340
3983972	68350
3984472	68357
3984973	68365
3985473	68373
3985973	68382
3986473	68389
3986974	68399
3987474	68402
3987974	68416
3988474	68423
3988974	68434
3989474	68447
3989975	68452
3990476	68455
3990976	68462
3991476	68473
3991977	68482
3992477	68487
3992977	68497
3993477	68511
3993977	68524
3994477	68532
3994977	68544
3995477	68551
3995977	68555
3996477	68558
3996978	68569
3997478	68581
3997978	68586
3998478	68592
3998978	68599
3999479	68612
3999980	68619
4000481	68633
4000982	68643
4001482	68648
4001983	68661
4002483	68668
4002983	68673
4003483	68682
4003984	68691
4004484	68697
4004984	68708
4005484	68715
4005984	68719
4006485	68727
4006985	68733
4007485	68741
4007985	68745
4008485	68762
4008986	68772
4009486	68776
4009986	68778
4010486	68784
4010987	68793
4011487	68800
4011987	68812
4012487	68826
4012987	68836
4013487	68844
4013987	68853
4014487	68861
4014987	68867
4015488	68881
4015988	68889
4016488	68894
4016988	68905
4017488	68912
4017988	68923
4018489	68932
4018989	68942
4019489	68948
4019989	68956
4020489	68965
4020991	68972
4021492	68982
4021992	68989
4022492	68997
4022992	69009
4023492	69014
4023992	69020
4024492	69030
4024993	69040
4025495	69049
4025995	69057
4026496	69069
4026997	69075
4027497	69086
4027997	69096
4028497	69106
4028997	69115
4029498	69121
4029999	69131
4030499	69136
4030999	69144
4031499	69156
4032000	69170
4032500	69176
4033000	69188
4033500	69196
4034000	69202
4034501	69210
4035001	69217
4035504	69223
4036006	69234
4036507	69237
4037007	69244
4037507	69251
4038008	69260
4038508	69271
4039008	69279
4039509	69287
4040009	69296
4040509	69304
4041009	69313
4041509	69321
4042009	69329
4042509	69338
4043010	69346
4043511	69356
4044011	69364
4044511	69373
4045011	69376
4045512	69387
4046013	69393
4046513	69402
4047013	69413
4047514	69422
4048014	69433
4048515	69446
4049016	69454
4049517	69458
4050017	69465
4050517	69474
4051017	69481
4051518	69490
4052018	69500
4052518	69509
4053018	69520
4053518	69526
4054019	69533
4054519	69538
4055020	69545
4055521	69558
4056022	69574
4056522	69579
4057022	69583
4057523	69589
4058023	69595
4058524	69605
4059024	69623
4059524	69631
4060024	69640
4060526	69647
4061026	69650
4061527	69659
4062027	69674
4062527	69682
4063027	69687
4063527	69705
4064027	69712
4064527	69719
4065029	69728
4065529	69734
4066029	69738
4066529	69748
4067032	69759
4067532	69768
4068032	69777
4068533	69785
4069033	69790
4069533	69803
4070033	69810
4070534	69821
4071034	69829
4071536	69838
4072036	69849
4072536	69853
4073036	69860
4073536	69869
4074036	69874
4074536	69883
4075037	69888
4075537	69896
4076037	69904
4076539	69915
4077040	69921
4077540	69932
4078040	69941
4078542	69955
4079043	69964
4079543	69968
4080043	69976
4080543	69982
4081043	69992
4081543	69997
4082043	70013
4082543	70020
4083043	70029
4083543	70040
4084043	70043
4084543	70056
4085045	70060
4085545	70073
4086045	70077
4086545	70088
4087045	70100
4087546	70111
4088047	70117
4088548	70126
4089049	70136
4089553	70139
4090053	70148
4090553	70151
4091053	70159
4091553	70168
4092054	70175
4092554	70185
4093054	70192
4093555	70197
4094056	70209
4094556	70222
4095056	70231
4095557	70242
4096057	70247
4096558	70262
4097058	70276
4097558	70284
4098059	70294
4098559	70305
4099059	70316
4099559	70320
4100059	70330
4100559	70336
4101059	70345
4101559	70356
4102060	70365
4102560	70368
4103061	70378
4103561	70387
4104061	70398
4104561	70401
4105061	70410
4105561	70422
4106063	70431
4106563	70439
4107063	70441
4107563	70447
4108063	70457
4108563	70465
4109063	70475
4109563	70482
4110064	70490
4110564	70498
4111064	70507
4111564	70519
4112064	70529
4112566	70539
4113066	70553
4113566	70564
4114067	70568
4114567	70573
4115068	70579
4115569	70585
4116069	70594
4116569	70600
4117070	70611
4117571	70623
4118071	70635
4118571	70646
4119071	70654
4119571	70667
4120072	70676
4120572	70681
4121072	70689
4121572	70696
4122072	70700
4122572	70711
4123072	70717
4123572	70728
4124072	70738
4124572	70746
4125072	70755
4125572	70759
4126072	70772
4126572	70779
4127072	70783
4127572	70790
4128072	70801
4128572	70814
4129073	70818
4129574	70828
4130074	70834
4130574	70850
4131074	70859
4131574	70863
4132075	70870
4132575	70878
4133075	70886
4133576	70896
4134078	70905
4134578	70915
4135078	70929
4135579	70943
4136079	70953
4136579	70961
4137079	70973
4137579	70981
4138080	70984
4138580	70995
4139080	71007
4139580	71013
4140080	71018
4140580	71025
4141080	71034
4141580	71045
4142080	71049
4142580	71058
4143080	71068
4143580	71077
4144080	71088
4144580	71101
4145083	71114
4145583	71123
4146083	71129
4146584	71140
4147084	71152
4147584	71166
4148084	71171
4148584	71179
4149085	71187
4149585	71193
4150085	71201
4150585	71208
4151085	71215
4151586	71221
4152086	71228
4152588	71233
4153091	71239
4153592	71250
4154092	71261
4154594	71270
4155094	71279
4155595	71287
4156096	71296
4156596	71311
4157097	71315
4157597	71325
4158098	71332
4158598	71342
4159098	71350
4159598	71361
4160100	71373
4160602	71380
4161102	71385
4161602	71392
4162102	71402
4162603	71414
4163105	71421
4163606	71427
4164106	71432
4164606	71439
4165106	71444
4165607	71452
4166107	71461
4166607	71467
4167109	71476
4167609	71485
4168109	71498
4168609	71512
4169110	71519
4169610	71521
4170110	71531
4170610	71542
4171110	71546
4171610	71556
4172111	71561
4172611	71566
4173111	71582
4173611	71591
4174111	71597
4174612	71606
4175112	71612
4175612	71621
4176112	71628
4176612	71638
4177112	71644
4177614	71654
4178114	71659
4178615	71666
4179116	71675
4179616	71680
4180116	71688
4180616	71694
4181116	71705
4181616	71713
4182116	71719
4182618	71733
4183118	71737
4183618	71749
4184120	71759
4184621	71775
4185123	71786
4185623	71798
4186125	71807
4186627	71818
4187127	71832
4187628	71837
4188128	71841
4188628	71851
4189128	71861
4189628	71866
4190128	71870
4190628	71878
4191128	71891
4191629	71897
4192129	71907
4192629	71912
4193129	71923
4193629	71931
4194129	71943
4194629	71946
4195129	71952
4195629	71960
4196129	71971
4196629	71987
4197129	71998
4197630	72007
4198132	72016
4198632	72024
4199133	72033
4199633	72039
4200133	72049
4200633	72061
4201134	72070
4201634	72076
4202134	72083
4202634	72089
4203134	72101
4203635	72108
4204135	72117
4204635	72122
4205135	72134
4205636	72146
4206136	72155
4206636	72169
4207137	72177
4207637	72185
4208137	72188
4208639	72198
4209139	72207
4209640	72217
4210140	72221
4210640	72226
4211140	72233
4211642	72239
4212142	72244
4212642	72257
4213142	72270
4213642	72277
4214143	72289
4214643	72303
4215143	72311
4215644	72313
4216144	72320
4216646	72323
4217147	72333
4217647	72341
4218147	72353
4218647	72360
4219147	72365
4219647	72370
4220147	72385
4220647	72391
4221147	72397
4221647	72409
4222147	72414
4222647	72422
4223147	72429
4223647	72437
4224147	72446
4224647	72449
4225147	72456
4225647	72464
4226147	72477
4226647	72483
4227147	72495
4227647	72505
4228148	72512
4228648	72518
4229148	72526
4229649	72539
4230150	72543
4230650	72556
4231150	72568
4231650	72573
4232150	72580
4232650	72590
4233150	72596
4233650	72603
4234150	72610
4234650	72616
4235150	72627
4235650	72633
4236150	72644
4236651	72654
4237151	72668
4237651	72673
4238152	72682
4238652	72687
4239153	72694
4239653	72704
4240153	72714
4240653	72725
4241153	72731
4241654	72739
4242154	72750
4242654	72761
4243155	72769
4243656	72774
4244157	72782
4244658	72789
4245158	72797
4245658	72805
4246158	72814
4246658	72824
4247158	72833
4247658	72844
4248159	72851
4248659	72860
4249159	72870
4249659	72882
4250160	72890
4250660	72897
4251160	72903
4251661	72911
4252161	72918
4252662	72928
4253162	72939
4253664	72947
4254164	72953
4254664	72963
4255164	72966
4255664	72975
4256165	72983
4256665	72991
4257165	72997
4257665	73010
4258165	73025
4258666	73031
4259166	73038
4259666	73052
4260166	73064
4260668	73076
4261169	73089
4261669	73098
4262169	73110
4262669	73118
4263170	73126
4263671	73133
4264171	73141
4264671	73151
4265171	73159
4265672	73167
4266172	73172
4266672	73181
4267172	73190
4267672	73196
4268173	73207
4268673	73218
4269173	73225
4269673	73232
4270173	73239
4270673	73248
4271173	73260
4271673	73273
4272173	73287
4272673	73292
4273173	73299
4273673	73307
4274173	73313
4274673	73321
4275173	73327
4275673	73337
4276173	73345
4276673	73354
4277173	73367
4277673	73375
4278173	73381
4278674	73389
4279174	73400
4279674	73407
4280174	73414
4280675	73424
4281175	73429
4281676	73437
4282176	73448
4282676	73457
4283177	73466
4283677	73474
4284178	73481
4284679	73488
4285179	73495
4285679	73500
4286179	73511
4286679	73520
4287180	73528
4287680	73539
4288181	73552
4288681	73560
4289181	73564
4289681	73572
4290181	73581
4290682	73589
4291183	73602
4291683	73609
4292183	73621
4292683	73630
4293183	73635
4293684	73650
4294184	73658
4294684	73663
4295185	73670
4295686	73682
4296186	73689
4296688	73702
4297188	73711
4297688	73726
4298188	73741
4298688	73750
4299190	73758
4299691	73772
4300192	73777
4300693	73781
4301193	73788
4301693	73795
4302193	73806
4302693	73811
4303193	73818
4303693	73826
4304193	73832
4304694	73838
4305194	73844
4305694	73852
4306196	73869
4306696	73877
4307196	73885
4307696	73892
4308197	73897
4308697	73906
4309197	73908
4309697	73914
4310197	73923
4310697	73935
4311197	73949
4311697	73959
4312197	73971
4312697	73979
4313197	73989
4313697	73994
4314197	74004
4314697	74016
4315197	74020
4315698	74029
4316198	74038
4316698	74044
4317198	74049
4317698	74062
4318198	74070
4318698	74078
4319198	74085
4319698	74096
4320198	74100
4320700	74110
4321200	74115
4321701	74125
4322201	74133
4322701	74137
4323201	74150
4323701	74160
4324202	74171
4324703	74180
4325203	74183
4325703	74191
4326204	74197
4326704	74205
4327204	74216
4327704	74226
4328204	74234
4328704	74241
4329204	74251
4329704	74256
4330204	74273
4330704	74281
4331206	74288
4331706	74294
4332206	74310
4332706	74320
4333206	74328
4333706	74336
4334206	74347
4334706	74353
4335206	74359
4335706	74370
4336206	74376
4336707	74385
4337207	74396
4337707	74404
4338208	74411
4338709	74418
4339210	74425
4339710	74433
4340210	74442
4340710	74451
4341210	74460
4341710	74468
4342210	74476
4342710	74482
4343211	74490
4343712	74494
4344212	74502
4344712	74513
4345214	74519
4345714	74529
4346214	74536
4346714	74551
4347214	74560
4347715	74566
4348215	74573
4348717	74582
4349217	74588
4349717	74597
4350217	74600
4350717	74614
4351217	74621
4351717	74632
4352218	74639
4352718	74649
4353218	74659
4353719	74667
4354219	74676
4354719	74685
4355219	74692
4355719	74704
4356219	74716
4356719	74722
4357220	74734
4357720	74738
4358220	74747
4358722	74752
4359222	74760
4359722	74769
4360222	74782
4360723	74793
4361224	74799
4361724	74809
4362224	74816
4362726	74827
4363227	74832
4363727	74842
4364228	74857
4364730	74862
4365230	74869
4365730	74881
4366231	74887
4366731	74891
4367231	74897
4367731	74907
4368232	74914
4368732	74929
4369232	74933
4369732	74942
4370233	74951
4370733	74970
4371233	74975
4371733	74986
4372233	74996
4372733	75006
4373233	75010
4373733	75022
4374233	75024
4374733	75034
4375233	75045
4375733	75058
4376233	75066
4376734	75071
4377234	75087
4377734	75092
4378235	75100
4378735	75108
4379235	75112
4379736	75117
4380238	75129
4380739	75141
4381239	75150
4381739	75161
4382239	75168
4382739	75174
4383240	75183
4383740	75197
4384241	75206
4384742	75216
4385243	75226
4385744	75233
4386244	75240
4386745	75253
4387245	75264
4387745	75268
4388245	75276
4388745	75284
4389246	75299
4389746	75306
4390247	75322
4390747	75331
4391247	75342
4391748	75347
4392248	75360
4392748	75368
4393250	75373
4393750	75382
4394251	75392
4394751	75402
4395251	75411
4395751	75421
4396251	75426
4396752	75435
4397254	75447
4397754	75457
4398254	75467
4398755	75473
4399255	75480
4399755	75493
4400255	75498
4400755	75504
4401256	75511
4401756	75517
4402256	75527
4402756	75536
4403257	75545
4403757	75557
4404258	75561
4404759	75568
4405259	75573
4405759	75589
4406259	75593
4406760	75603
4407260	75610
4407760	75621
4408261	75630
4408761	75640
4409261	75643
4409761	75653
4410261	75659
4410761	75670
4411261	75682
4411761	75686
4412261	75697
4412762	75703
4413262	75706
4413762	75718
4414262	75730
4414763	75745
4415263	75757
4415763	75766
4416264	75770
4416764	75776
4417264	75784
4417764	75791
4418264	75802
4418765	75807
4419266	75814
4419766	75823
4420266	75828
4420766	75838
4421267	75852
4421767	75866
4422267	75873
4422767	75883
4423267	75889
4423767	75898
4424267	75908
4424768	75914
4425268	75923
4425769	75929
4426269	75936
4426771	75943
4427271	75962
4427771	75970
4428271	75975
4428771	75981
4429271	75994
4429772	75998
4430272	76012
4430772	76021
4431272	76029
4431772	76036
4432273	76047
4432773	76057
4433273	76064
4433773	76073
4434273	76079
4434773	76088
4435273	76100
4435773	76108
4436273	76113
4436777	76120
4437277	76132
4437778	76139
4438280	76150
4438780	76161
4439280	76169
4439781	76181
4440281	76188
4440781	76197
4441282	76201
4441782	76213
4442282	76222
4442782	76229
4443283	76235
4443783	76241
4444283	76252
4444783	76261
4445283	76269
4445783	76279
4446284	76285
4446784	76297
4447284	76309
4447784	76322
4448285	76334
4448785	76345
4449288	76350
4449788	76357
4450288	76366
4450788	76375
4451288	76382
4451788	76386
4452288	76400
4452790	76410
4453290	76423
4453790	76435
4454290	76441
4454790	76453
4455290	76461
4455790	76470
4456290	76478
4456791	76489
4457292	76498
4457792	76506
4458292	76513
4458792	76527
4459292	76539
4459792	76546
4460292	76551
4460792	76562
4461293	76571
4461793	76578
4462295	76586
4462795	76597
4463295	76603
4463795	76614
4464296	76622
4464799	76629
4465302	76636
4465802	76649
4466302	76663
4466802	76673
4467302	76681
4467803	76686
4468304	76694
4468804	76699
4469304	76710
4469805	76716
4470305	76723
4470806	76734
4471306	76744
4471806	76751
4472309	76759
4472809	76767
4473309	76779
4473809	76788
4474309	76791
4474809	76793
4475309	76800
4475810	76811
4476310	76822
4476810	76833
4477310	76845
4477810	76851
4478310	76859
4478810	76865
4479310	76871
4479810	76876
4480310	76886
4480812	76897
4481312	76904
4481812	76912
4482312	76914
4482812	76925
4483312	76937
4483812	76945
4484313	76950
4484813	76956
4485313	76969
4485815	76974
4486317	76982
4486817	76995
4487317	77006
4487818	77013
4488318	77020
4488818	77030
4489318	77040
4489818	77050
4490318	77058
4490818	77072
4491318	77079
4491819	77088
4492320	77092
4492820	77099
4493320	77101
4493820	77114
4494320	77129
4494820	77136
4495320	77145
4495821	77153
4496322	77164
4496823	77177
4497323	77184
4497823	77197
4498324	77202
4498827	77212
4499327	77218
4499827	77229
4500327	77235
4500827	77241
4501327	77249
4501829	77260
4502330	77270
4502830	77276
4503330	77278
4503830	77288
4504330	77299
4504830	77308
4505330	77312
4505831	77320
4506333	77331
4506834	77341
4507334	77348
4507834	77366
4508335	77374
4508836	77385
4509336	77394
4509837	77398
4510337	77404
4510837	77418
4511338	77425
4511838	77430
4512338	77438
4512838	77447
4513338	77455
4513838	77462
4514338	77470
4514840	77483
4515340	77495
4515840	77498
4516340	77510
4516840	77519
4517340	77527
4517840	77535
4518340	77550
4518840	77555
4519340	77562
4519841	77567
4520343	77574
4520844	77587
4521344	77597
4521844	77606
4522344	77614
4522845	77627
4523346	77632
4523846	77644
4524347	77653
4524848	77660
4525349	77664
4525849	77676
4526349	77684
4526849	77695
4527349	77707
4527849	77714
4528349	77723
4528849	77727
4529349	77740
4529849	77749
4530349	77754
4530850	77762
4531350	77768
4531850	77777
4532351	77789
4532851	77802
4533351	77808
4533851	77820
4534351	77831
4534851	77840
4535351	77847
4535851	77855
4536352	77861
4536853	77869
4537354	77885
4537855	77896
4538355	77907
4538855	77916
4539355	77925
4539855	77933
4540355	77948
4540856	77957
4541357	77963
4541857	77968
4542357	77976
4542857	77981
4543357	77983
4543858	77995
4544358	78003
4544858	78012
4545358	78019
4545858	78025
4546358	78038
4546858	78043
4547358	78050
4547858	78056
4548358	78060
4548858	78069
4549359	78081
4549860	78092
4550363	78099
4550863	78107
4551363	78116
4551863	78122
4552363	78140
4552863	78149
4553363	78159
4553863	78170
4554363	78178
4554864	78190
4555365	78198
4555865	78206
4556365	78211
4556865	78219
4557365	78230
4557865	78239
4558365	78245
4558866	78252
4559366	78260
4559866	78267
4560366	78272
4560869	78283
4561369	78291
4561870	78299
4562370	78318
4562870	78327
4563371	78332
4563871	78340
4564371	78350
4564872	78355
4565372	78366
4565872	78375
4566372	78384
4566872	78394
4567373	78402
4567873	78410
4568373	78419
4568873	78424
4569373	78433
4569874	78444
4570374	78455
4570874	78466
4571375	78477
4571875	78483
4572377	78491
4572877	78493
4573380	78507
4573880	78509
4574380	78523
4574882	78534
4575382	78542
4575882	78561
4576382	78569
4576883	78579
4577385	78586
4577885	78594
4578387	78606
4578887	78610
4579387	78621
4579887	78629
4580387	78640
4580887	78650
4581387	78659
4581887	78668
4582388	78675
4582888	78682
4583389	78697
4583892	78703
4584393	78712
4584894	78729
4585395	78736
4585895	78745
4586397	78753
4586897	78762
4587397	78773
4587898	78781
4588398	78790
4588898	78793
4589398	78800
4589898	78810
4590398	78817
4590898	78826
4591398	78832
4591898	78846
4592398	78859
4592898	78869
4593398	78871
4593899	78876
4594399	78886
4594901	78890
4595401	78894
4595901	78901
4596401	78909
4596902	78921
4597402	78928
4597904	78939
4598405	78953
4598907	78960
4599408	78970
4599908	78979
4600408	78985
4600908	78998
4601409	79011
4601913	79014
4602415	79020
4602916	79029
4603416	79040
4603916	79042
4604416	79047
4604916	79054
4605416	79059
4605916	79072
4606416	79084
4606916	79090
4607417	79094
4607919	79101
4608419	79109
4608919	79114
4609420	79122
4609920	79130
4610421	79137
4610921	79148
4611422	79156
4611923	79169
4612423	79177
4612924	79184
4613425	79192
4613925	79201
4614425	79210
4614925	79219
4615426	79232
4615926	79236
4616427	79243
4616927	79255
4617427	79268
4617927	79273
4618427	79279
4618927	79290
4619427	79300
4619927	79304
4620427	79313
4620927	79322
4621427	79328
4621927	79342
4622427	79346
4622928	79354
4623428	79365
4623929	79374
4624429	79379
4624930	79391
4625430	79397
4625930	79405
4626430	79410
4626930	79425
4627432	79431
4627932	79437
4628433	79446
4628933	79451
4629433	79461
4629933	79470
4630433	79478
4630933	79484
4631434	79498
4631935	79508
4632437	79512
4632938	79516
4633438	79522
4633938	79533
4634438	79541
4634938	79547
4635438	79554
4635938	79562
4636439	79570
4636939	79580
4637440	79595
4637940	79605
4638440	79614
4638940	79621
4639440	79629
4639940	79634
4640440	79643
4640940	79650
4641440	79654
4641940	79658
4642441	79666
4642941	79674
4643441	79684
4643941	79695
4644441	79709
4644941	79721
4645442	79734
4645942	79741
4646442	79747
4646942	79757
4647442	79764
4647942	79774
4648443	79779
4648943	79787
4649443	79793
4649943	79798
4650443	79812
4650943	79820
4651444	79835
4651946	79840
4652446	79846
4652946	79863
4653446	79869
4653946	79873
4654448	79882
4654948	79889
4655448	79905
4655948	79915
4656448	79922
4656948	79930
4657448	79943
4657948	79952
4658448	79956
4658948	79968
4659448	79984
4659948	79990
4660448	79998
4660948	80003
4661448	80009
4661948	80017
4662448	80026
4662949	80030
4663449	80034
4663949	80045
4664450	80055
4664950	80058
4665450	80064
4665953	80069
4666453	80083
4666955	80096
4667455	80102
4667955	80109
4668455	80119
4668955	80127
4669456	80135
4669957	80144
4670457	80160
4670958	80166
4671458	80178
4671958	80187
4672458	80198
4672958	80209
4673458	80215
4673959	80226
4674459	80230
4674960	80242
4675460	80250
4675961	80258
4676461	80267
4676961	80273
4677461	80282
4677962	80290
4678462	80294
4678962	80306
4679462	80315
4679962	80328
4680464	80336
4680964	80344
4681466	80351
4681966	80359
4682466	80366
4682966	80375
4683466	80385
4683966	80394
4684466	80409
4684968	80415
4685468	80420
4685968	80435
4686468	80444
4686968	80457
4687468	80463
4687968	80473
4688468	80483
4688969	80491
4689469	80499
4689969	80508
4690469	80516
4690969	80523
4691470	80531
4691970	80539
4692471	80549
4692971	80560
4693471	80571
4693971	80581
4694472	80589
4694972	80597
4695472	80601
4695972	80605
4696472	80613
4696972	80627
4697472	80641
4697972	80650
4698472	80659
4698972	80666
4699473	80673
4699973	80683
4700473	80690
4700975	80696
4701476	80708
4701976	80716
4702476	80719
4702979	80726
4703479	80742
4703980	80751
4704480	80757
4704980	80763
4705480	80772
4705980	80779
4706481	80792
4706982	80805
4707483	80810
4707983	80818
4708483	80827
4708983	80838
4709483	80846
4709983	80853
4710483	80864
4710983	80872
4711484	80883
4711984	80892
4712484	80903
4712985	80907
4713488	80917
4713988	80924
4714488	80933
4714989	80941
4715489	80948
4715989	80957
4716491	80962
4716992	80969
4717492	80979
4717992	80984
4718492	80991
4718993	81005
4719494	81011
4719994	81017
4720495	81027
4720995	81039
4721497	81051
4721997	81063
4722497	81072
4722997	81083
4723497	81087
4723997	81102
4724497	81109
4724997	81116
4725498	81122
4725998	81131
4726498	81139
4726998	81149
4727498	81157
4727999	81164
4728499	81174
4729000	81186
4729500	81195
4730001	81207
4730501	81211
4731002	81218
4731502	81225
4732002	81231
4732503	81240
4733004	81253
4733504	81268
4734005	81274
4734505	81280
4735005	81282
4735505	81290
4736005	81298
4736506	81308
4737006	81315
4737506	81326
4738006	81337
4738507	81344
4739007	81350
4739508	81359
4740009	81363
4740509	81377
4741009	81385
4741511	81392
4742012	81398
4742513	81406
4743013	81420
4743513	81430
4744013	81438
4744513	81450
4745013	81459
4745513	81466
4746014	81472
4746515	81479
4747015	81487
4747515	81491
4748015	81501
4748516	81508
4749016	81515
4749516	81529
4750016	81535
4750516	81543
4751016	81555
4751516	81564
4752016	81578
4752517	81588
4753018	81599
4753520	81609
4754020	81619
4754521	81626
4755021	81632
4755522	81645
4756022	81652
4756523	81664
4757023	81674
4757523	81684
4758023	81690
4758523	81697
4759023	81704
4759524	81714
4760024	81716
4760524	81722
4761024	81727
4761524	81735
4762025	81742
4762525	81751
4763026	81757
4763526	81765
4764027	81775
4764527	81791
4765027	81804
4765528	81814
4766028	81824
4766529	81830
4767029	81836
4767530	81841
4768030	81846
4768531	81857
4769032	81862
4769532	81867
4770032	81878
4770534	81886
4771034	81893
4771535	81901
4772035	81904
4772535	81915
4773036	81925
4773537	81929
4774037	81938
4774539	81945
4775041	81954
4775541	81968
4776041	81976
4776541	81981
4777042	81989
4777542	81995
4778042	82006
4778542	82012
4779042	82027
4779542	82040
4780042	82052
4780542	82064
4781043	82074
4781543	82083
4782044	82093
4782545	82101
4783046	82107
4783548	82109
4784048	82115
4784549	82132
4785049	82137
4785550	82152
4786050	82168
4786551	82178
4787051	82187
4787551	82192
4788051	82198
4788551	82204
4789051	82213
4789551	82220
4790051	82229
4790551	82237
4791051	82246
4791551	82254
4792051	82264
4792552	82273
4793052	82282
4793552	82292
4794052	82299
4794552	82309
4795052	82316
4795552	82325
4796052	82335
4796553	82348
4797055	82353
4797557	82366
4798057	82376
4798557	82384
4799057	82391
4799557	82399
4800057	82402
4800558	82410
4801058	82422
4801558	82436
4802058	82441
4802558	82450
4803058	82458
4803558	82461
4804058	82471
4804558	82481
4805058	82487
4805559	82496
4806059	82500
4806560	82511
4807061	82518
4807562	82526
4808062	82534
4808562	82540
4809062	82545
4809563	82550
4810063	82567
4810563	82572
4811063	82581
4811563	82588
4812063	82592
4812563	82596
4813063	82607
4813563	82616
4814064	82622
4814564	82630
4815065	82635
4815565	82650
4816065	82661
4816565	82668
4817065	82675
4817565	82685
4818065	82691
4818565	82699
4819065	82704
4819565	82712
4820065	82721
4820565	82723
4821066	82730
4821566	82735
4822068	82747
4822568	82760
4823068	82770
4823568	82779
4824068	82792
4824569	82794
4825069	82800
4825569	82811
4826069	82820
4826570	82825
4827071	82832
4827571	82838
4828071	82847
4828571	82854
4829072	82862
4829572	82871
4830072	82879
4830572	82890
4831074	82899
4831574	82904
4832074	82908
4832574	82918
4833074	82934
4833574	82944
4834074	82954
4834575	82969
4835075	82981
4835575	82992
4836077	83001
4836578	83013
4837080	83021
4837580	83034
4838080	83040
4838581	83052
4839082	83057
4839582	83067
4840082	83071
4840582	83080
4841083	83088
4841583	83097
4842083	83105
4842583	83107
4843083	83115
4843583	83120
4844084	83135
4844584	83141
4845084	83152
4845584	83160
4846085	83166
4846585	83174
4847085	83181
4847585	83189
4848085	83196
4848585	83203
4849086	83213
4849586	83219
4850086	83226
4850586	83232
4851086	83238
4851589	83246
4852091	83258
4852592	83265
4853094	83273
4853594	83283
4854096	83289
4854596	83296
4855096	83306
4855596	83314
4856096	83330
4856597	83342
4857098	83345
4857598	83359
4858098	83364
4858598	83373
4859098	83381
4859598	83389
4860099	83396
4860601	83398
4861101	83408
4861601	83415
4862101	83422
4862601	83430
4863101	83436
4863603	83444
4864103	83451
4864604	83458
4865104	83466
4865604	83475
4866104	83487
4866604	83501
4867104	83508
4867605	83516
4868106	83524
4868606	83534
4869107	83543
4869607	83552
4870107	83560
4870607	83573
4871107	83577
4871607	83586
4872107	83598
4872607	83611
4873107	83616
4873607	83630
4874107	83641
4874608	83647
4875110	83651
4875611	83660
4876111	83672
4876611	83678
4877111	83688
4877612	83692
4878112	83699
4878612	83706
4879112	83712
4879613	83720
4880113	83723
4880613	83739
4881113	83747
4881614	83757
4882115	83761
4882616	83773
4883116	83780
4883616	83798
4884116	83806
4884616	83817
4885116	83823
4885616	83826
4886117	83832
4886617	83841
4887117	83853
4887617	83862
4888117	83875
4888618	83882
4889118	83890
4889618	83896
4890119	83902
4890619	83909
4891119	83921
4891619	83928
4892119	83934
4892619	83948
4893119	83959
4893619	83966
4894119	83974
4894619	83981
4895120	83988
4895620	83999
4896120	84012
4896620	84027
4897121	84034
4897622	84041
4898122	84048
4898622	84060
4899123	84071
4899625	84076
4900126	84081
4900626	84091
4901126	84098
4901626	84104
4902126	84114
4902626	84122
4903126	84131
4903626	84137
4904126	84147
4904628	84155
4905129	84168
4905630	84175
4906131	84182
4906631	84188
4907131	84198
4907632	84211
4908132	84226
4908632	84239
4909132	84244
4909632	84253
4910132	84260
4910632	84268
4911132	84273
4911634	84284
4912134	84290
4912634	84301
4913135	84310
4913635	84318
4914135	84324
4914635	84334
4915136	84344
4915636	84354
4916138	84364
4916638	84372
4917139	84389
4917639	84401
4918140	84412
4918640	84421
4919140	84430
4919640	84440
4920142	84448
4920642	84454
4921142	84466
4921642	84473
4922142	84477
4922644	84480
4923144	84488
4923645	84498
4924145	84511
4924646	84515
4925146	84524
4925648	84530
4926148	84538
4926649	84554
4927149	84560
4927649	84569
4928149	84581
4928649	84589
4929150	84603
4929650	84611
4930150	84620
4930650	84631
4931150	84636
4931650	84646
4932151	84659
4932651	84666
4933151	84674
4933651	84682
4934152	84693
4934652	84707
4935152	84717
4935652	84731
4936152	84739
4936652	84748
4937152	84754
4937652	84757
4938152	84769
4938653	84784
4939153	84793
4939653	84799
4940154	84805
4940654	84813
4941154	84819
4941654	84827
4942155	84838
4942655	84841
4943158	84842
4943658	84849
4944158	84862
4944659	84877
4945161	84887
4945661	84896
4946162	84903
4946662	84907
4947162	84918
4947663	84923
4948163	84929
4948663	84939
4949163	84949
4949663	84954
4950163	84965
4950663	84972
4951163	84981
4951663	84995
4952163	85000
4952663	85008
4953164	85020
4953666	85029
4954167	85038
4954667	85052
4955167	85067
4955667	85072
4956168	85083
4956668	85093
4957168	85099
4957668	85113
4958168	85127
4958668	85133
4959168	85140
4959668	85144
4960168	85154
4960668	85160
4961168	85168
4961668	85174
4962168	85182
4962668	85197
4963168	85203
4963669	85215
4964169	85222
4964669	85233
4965169	85236
4965669	85248
4966169	85256
4966669	85268
4967169	85270
4967669	85284
4968171	85294
4968671	85303
4969171	85314
4969671	85325
4970171	85336
4970671	85345
4971171	85354
4971671	85368
4972172	85379
4972672	85388
4973173	85393
4973674	85403
4974175	85413
4974675	85422
4975175	85437
4975676	85445
4976177	85447
4976677	85459
4977177	85467
4977677	85472
4978178	85475
4978678	85481
4979179	85487
4979679	85491
4980179	85502
4980679	85510
4981179	85515
4981679	85524
4982179	85535
4982679	85538
4983179	85556
4983679	85562
4984180	85574
4984680	85581
4985180	85589
4985680	85597
4986180	85605
4986680	85617
4987181	85624
4987681	85633
4988181	85640
4988681	85654
4989181	85660
4989681	85664
4990182	85672
4990682	85676
4991182	85689
4991682	85698
4992182	85712
4992683	85722
4993184	85733
4993684	85743
4994185	85752
4994687	85760
4995187	85766
4995688	85776
4996188	85780
4996688	85790
4997188	85799
4997690	85810
4998190	85824
4998690	85834
4999190	85844
4999691	85852
5000191	85860
5000691	85862
5001191	85866
5001691	85880
5002191	85886
5002692	85898
5003193	85903
5003693	85910
5004193	85921
5004693	85930
5005193	85937
5005693	85943
5006194	85953
5006694	85961
5007194	85976
5007694	85990
5008194	85995
5008694	86004
5009195	86009
5009695	86013
5010195	86023
5010695	86036
5011195	86042
5011695	86050
5012195	86057
5012695	86066
5013195	86077
5013695	86088
5014195	86093
5014695	86099
5015195	86109
5015695	86122
5016195	86131
5016696	86136
5017196	86138
5017696	86147
5018196	86156
5018696	86163
5019196	86175
5019697	86183
5020197	86197
5020698	86203
5021198	86213
5021698	86225
5022198	86229
5022698	86233
5023198	86240
5023698	86247
5024198	86253
5024698	86268
5025199	86275
5025699	86281
5026201	86287
5026701	86297
5027201	86306
5027701	86313
5028203	86325
5028705	86331
5029207	86344
5029708	86354
5030208	86360
5030708	86367
5031208	86371
5031709	86383
5032210	86395
5032711	86401
5033211	86412
5033711	86413
5034211	86423
5034711	86432
5035211	86443
5035711	86453
5036211	86460
5036711	86470
5037211	86480
5037711	86490
5038212	86496
5038712	86500
5039212	86510
5039712	86515
5040212	86528
5040712	86534
5041213	86547
5041713	86550
5042213	86556
5042714	86565
5043214	86569
5043714	86573
5044215	86580
5044716	86592
5045216	86600
5045716	86617
5046217	86632
5046719	86638
5047219	86655
5047719	86663
5048220	86671
5048720	86681
5049221	86697
5049721	86704
5050221	86710
5050721	86716
5051221	86723
5051721	86729
5052221	86736
5052721	86744
5053221	86748
5053723	86756
5054223	86758
5054723	86767
5055223	86772
5055724	86780
5056224	86784
5056724	86796
5057224	86813
5057725	86823
5058225	86837
5058725	86845
5059225	86852
5059727	86860
5060227	86870
5060728	86887
5061228	86899
5061728	86906
5062228	86913
5062728	86922
5063229	86934
5063729	86944
5064229	86950
5064729	86957
5065229	86969
5065729	86977
5066230	86988
5066731	86997
5067232	87006
5067732	87014
5068232	87022
5068732	87034
5069233	87043
5069733	87051
5070234	87061
5070735	87068
5071235	87077
5071736	87086
5072236	87098
5072736	87108
5073236	87119
5073736	87127
5074236	87135
5074737	87138
5075237	87145
5075738	87155
5076238	87164
5076739	87172
5077239	87179
5077740	87186
5078241	87189
5078742	87199
5079242	87200
5079742	87208
5080242	87221
5080743	87235
5081243	87243
5081743	87253
5082243	87262
5082743	87271
5083243	87278
5083743	87284
5084243	87290
5084743	87299
5085243	87307
5085743	87319
5086243	87329
5086743	87342
5087243	87349
5087743	87358
5088243	87369
5088743	87382
5089243	87390
5089743	87399
5090243	87409
5090743	87416
5091243	87427
5091743	87433
5092243	87444
5092744	87454
5093244	87466
5093745	87477
5094245	87484
5094746	87490
5095246	87498
5095746	87505
5096246	87514
5096748	87524
5097248	87534
5097748	87535
5098249	87541
5098749	87555
5099249	87565
5099749	87577
5100250	87585
5100751	87593
5101251	87603
5101752	87608
5102252	87619
5102752	87624
5103253	87630
5103755	87640
5104255	87641
5104755	87647
5105255	87659
5105755	87668
5106255	87677
5106756	87685
5107257	87691
5107758	87701
5108258	87710
5108758	87719
5109259	87728
5109759	87740
5110261	87753
5110761	87757
5111261	87762
5111761	87778
5112261	87783
5112762	87790
5113263	87799
5113763	87807
5114263	87818
5114766	87830
5115266	87845
5115766	87855
5116266	87863
5116766	87871
5117267	87883
5117768	87897
5118269	87907
5118769	87914
5119269	87925
5119769	87930
5120269	87939
5120769	87947
5121270	87952
5121770	87960
5122271	87964
5122771	87974
5123271	87982
5123771	87986
5124273	87998
5124774	88008
5125274	88012
5125775	88021
5126275	88028
5126775	88035
5127276	88045
5127776	88054
5128278	88066
5128778	88075
5129278	88086
5129778	88093
5130278	88101
5130778	88110
5131280	88116
5131781	88126
5132281	88133
5132781	88142
5133281	88153
5133782	88161
5134283	88169
5134785	88176
5135285	88185
5135785	88192
5136286	88201
5136787	88206
5137291	88214
5137791	88224
5138292	88229
5138793	88239
5139294	88252
5139794	88262
5140294	88268
5140794	88283
5141294	88290
5141794	88297
5142294	88313
5142795	88320
5143295	88328
5143795	88340
5144295	88353
5144795	88362
5145296	88377
5145796	88387
5146296	88397
5146797	88407
5147297	88412
5147797	88423
5148297	88436
5148798	88446
5149298	88452
5149798	88454
5150300	88458
5150801	88471
5151301	88478
5151802	88487
5152302	88493
5152803	88501
5153303	88507
5153804	88515
5154305	88527
5154805	88539
5155305	88549
5155805	88559
5156307	88571
5156807	88576
5157307	88581
5157808	88585
5158308	88597
5158808	88608
5159308	88614
5159808	88622
5160308	88624
5160809	88633
5161309	88641
5161809	88649
5162310	88656
5162810	88666
5163310	88677
5163810	88682
5164310	88694
5164810	88704
5165310	88709
5165810	88715
5166310	88717
5166811	88723
5167311	88735
5167811	88745
5168311	88761
5168811	88768
5169312	88783
5169812	88795
5170313	88801
5170814	88811
5171314	88816
5171815	88824
5172315	88835
5172815	88840
5173315	88847
5173815	88859
5174315	88869
5174815	88882
5175315	88891
5175815	88898
5176315	88908
5176815	88914
5177315	88919
5177815	88927
5178317	88936
5178817	88947
5179318	88959
5179819	88963
5180319	88969
5180819	88980
5181320	88989
5181821	89001
5182321	89012
5182821	89023
5183321	89029
5183821	89037
5184323	89046
5184823	89050
5185324	89062
5185824	89074
5186324	89083
5186824	89096
5187324	89105
5187824	89113
5188324	89122
5188824	89134
5189325	89144
5189825	89152
5190325	89168
5190825	89173
5191325	89177
5191826	89183
5192326	89196
5192826	89206
5193326	89216
5193826	89227
5194326	89234
5194826	89247
5195326	89258
5195826	89262
5196326	89270
5196828	89280
5197328	89286
5197829	89289
5198329	89295
5198829	89303
5199329	89314
5199830	89321
5200330	89331
5200830	89336
5201330	89348
5201830	89353
5202330	89362
5202830	89369
5203330	89378
5203831	89396
5204331	89408
5204831	89418
5205331	89425
5205831	89432
5206333	89441
5206834	89448
5207335	89461
5207835	89470
5208335	89478
5208835	89486
5209335	89491
5209836	89502
5210336	89507
5210836	89525
5211336	89531
5211836	89539
5212336	89549
5212836	89556
5213336	89562
5213836	89568
5214336	89574
5214836	89583
5215337	89588
5215837	89597
5216338	89602
5216838	89614
5217340	89622
5217840	89629
5218340	89637
5218840	89646
5219340	89656
5219840	89667
5220340	89677
5220840	89683
5221340	89692
5221840	89702
5222340	89711
5222840	89722
5223340	89731
5223840	89739
5224340	89750
5224840	89762
5225340	89767
5225841	89772
5226341	89779
5226841	89787
5227341	89794
5227841	89802
5228341	89809
5228842	89816
5229342	89829
5229842	89841
5230342	89851
5230844	89862
5231345	89870
5231846	89875
5232346	89883
5232846	89893
5233346	89911
5233847	89919
5234347	89926
5234848	89939
5235348	89944
5235849	89952
5236349	89961
5236849	89970
5237349	89981
5237849	89991
5238349	90001
5238849	90008
5239349	90019
5239850	90028
5240350	90032
5240850	90044
5241351	90057
5241851	90067
5242352	90074
5242852	90085
5243352	90094
5243852	90099
5244352	90106
5244852	90112
5245353	90118
5245854	90119
5246356	90131
5246856	90141
5247357	90146
5247857	90160
5248357	90167
5248858	90183
5249358	90191
5249858	90197
5250359	90205
5250860	90214
5251361	90221
5251861	90232
5252361	90239
5252861	90246
5253361	90253
5253862	90261
5254362	90269
5254862	90280
5255362	90288
5255862	90294
5256362	90307
5256862	90316
5257362	90327
5257863	90335
5258363	90340
5258863	90346
5259364	90356
5259864	90362
5260364	90368
5260865	90373
5261365	90386
5261865	90396
5262365	90403
5262865	90408
5263365	90415
5263866	90423
5264366	90435
5264867	90444
5265367	90459
5265867	90462
5266367	90468
5266867	90474
5267367	90483
5267868	90496
5268368	90502
5268870	90512
5269370	90521
5269870	90527
5270370	90535
5270870	90544
5271370	90547
5271870	90553
5272371	90559
5272871	90572
5273371	90583
5273871	90589
5274371	90598
5274872	90609
5275372	90621
5275872	90628
5276372	90641
5276872	90654
5277373	90661
5277873	90672
5278374	90679
5278874	90692
5279374	90698
5279874	90704
5280376	90709
5280877	90713
5281378	90723
5281878	90729
5282379	90735
5282880	90744
5283380	90751
5283881	90758
5284381	90766
5284881	90773
5285381	90780
5285881	90787
5286381	90796
5286881	90806
5287381	90812
5287883	90821
5288384	90829
5288884	90838
5289384	90849
5289884	90854
5290384	90864
5290885	90872
5291385	90882
5291885	90895
5292385	90899
5292885	90910
5293385	90920
5293886	90928
5294387	90939
5294888	90951
5295389	90960
5295889	90970
5296390	90979
5296890	90986
5297391	90999
5297891	91002
5298393	91006
5298894	91016
5299396	91027
5299896	91031
5300398	91044
5300899	91051
5301399	91058
5301900	91069
5302400	91075
5302900	91087
5303400	91093
5303900	91099
5304400	91109
5304902	91115
5305402	91123
5305904	91131
5306405	91141
5306905	91151
5307405	91164
5307905	91176
5308405	91185
5308906	91192
5309407	91201
5309909	91209
5310410	91220
5310911	91228
5311411	91236
5311912	91242
5312413	91251
5312913	91263
5313413	91273
5313913	91289
5314416	91296
5314917	91308
5315417	91317
5315918	91326
5316418	91332
5316918	91340
5317418	91345
5317918	91357
5318418	91365
5318918	91374
5319418	91381
5319919	91388
5320419	91400
5320919	91406
5321419	91416
5321919	91426
5322420	91433
5322920	91445
5323420	91457
5323920	91462
5324420	91466
5324921	91476
5325421	91485
5325922	91499
5326422	91507
5326922	91515
5327422	91527
5327923	91541
5328424	91545
5328924	91551
5329424	91560
5329925	91565
5330425	91577
5330925	91583
5331425	91591
5331926	91596
5332426	91608
5332926	91616
5333426	91630
5333926	91637
5334428	91645
5334929	91654
5335429	91658
5335929	91664
5336429	91672
5336929	91678
5337429	91689
5337930	91699
5338430	91703
5338930	91711
5339430	91717
5339931	91730
5340431	91738
5340931	91745
5341431	91755
5341931	91767
5342431	91771
5342931	91781
5343431	91789
5343932	91796
5344433	91805
5344933	91816
5345433	91829
5345933	91833
5346433	91843
5346933	91850
5347433	91862
5347933	91870
5348433	91878
5348933	91887
5349433	91893
5349933	91901
5350433	91909
5350933	91912
5351433	91922
5351933	91933
5352433	91941
5352933	91953
5353433	91962
5353933	91972
5354434	91981
5354935	91994
5355436	92004
5355936	92014
5356436	92020
5356937	92030
5357437	92040
5357937	92052
5358437	92062
5358938	92071
5359439	92081
5359939	92091
5360439	92097
5360939	92107
5361439	92110
5361939	92116
5362439	92125
5362940	92134
5363441	92143
5363941	92148
5364441	92154
5364941	92163
5365441	92175
5365941	92184
5366441	92192
5366941	92199
5367443	92205
5367943	92210
5368443	92228
5368944	92238
5369444	92249
5369944	92256
5370445	92265
5370946	92278
5371446	92283
5371946	92286
5372446	92292
5372947	92298
5373449	92308
5373950	92316
5374450	92324
5374950	92332
5375450	92343
5375950	92353
5376451	92363
5376951	92376
5377451	92384
5377951	92396
5378452	92405
5378952	92411
5379452	92422
5379952	92436
5380453	92443
5380953	92450
5381453	92467
5381953	92477
5382453	92489
5382954	92493
5383454	92507
5383954	92519
5384454	92529
5384956	92537
5385456	92544
5385956	92549
5386456	92558
5386957	92562
5387457	92573
5387959	92580
5388459	92596
5388959	92601
5389459	92605
5389961	92618
5390461	92624
5390961	92632
5391462	92639
5391962	92644
5392462	92653
5392962	92666
5393462	92677
5393962	92686
5394462	92697
5394963	92706
5395463	92717
5395963	92731
5396463	92736
5396963	92742
5397463	92754
5397963	92760
5398463	92773
5398963	92787
5399464	92790
5399964	92795
5400465	92802
5400965	92814
5401465	92828
5401966	92837
5402466	92842
5402966	92855
5403466	92863
5403966	92868
5404467	92878
5404968	92882
5405469	92887
5405969	92900
5406469	92913
5406969	92921
5407470	92933
5407970	92942
5408470	92947
5408970	92959
5409472	92965
5409973	92971
5410473	92982
5410974	92992
5411474	93003
5411974	93005
5412474	93010
5412975	93021
5413475	93028
5413975	93042
5414476	93051
5414976	93061
5415478	93068
5415979	93075
5416479	93084
5416979	93095
5417479	93107
5417979	93112
5418479	93118
5418980	93130
5419481	93138
5419982	93147
5420482	93153
5420982	93163
5421482	93172
5421982	93178
5422482	93186
5422982	93197
5423482	93205
5423982	93210
5424482	93216
5424982	93224
5425484	93233
5425984	93240
5426484	93248
5426985	93254
5427486	93264
5427986	93271
5428486	93284
5428986	93293
5429486	93301
5429986	93309
5430486	93316
5430986	93320
5431487	93333
5431987	93341
5432487	93347
5432987	93359
5433487	93364
5433987	93375
5434488	93385
5434989	93393
5435490	93411
5435990	93418
5436490	93426
5436990	93433
5437490	93448
5437990	93461
5438490	93469
5438990	93476
5439490	93481
5439991	93487
5440491	93493
5440991	93499
5441492	93508
5441993	93517
5442493	93525
5442993	93530
5443493	93539
5443993	93546
5444493	93551
5444993	93561
5445494	93572
5445994	93579
5446494	93589
5446996	93596
5447496	93607
5447997	93615
5448498	93629
5448998	93635
5449499	93650
5450000	93657
5450501	93666
5451001	93674
5451501	93682
5452003	93691
5452503	93698
5453005	93706
5453505	93715
5454005	93724
5454505	93734
5455005	93743
5455508	93747
5456008	93752
5456508	93760
5457008	93764
5457509	93776
5458009	93790
5458509	93796
5459010	93810
5459511	93819
5460012	93833
5460512	93841
5461012	93852
5461512	93863
5462013	93870
5462513	93872
5463013	93884
5463513	93891
5464014	93898
5464514	93903
5465014	93914
5465514	93927
5466014	93938
5466514	93947
5467014	93953
5467514	93958
5468016	93969
5468518	93975
5469018	93985
5469519	93992
5470019	93997
5470520	94013
5471020	94020
5471521	94024
5472021	94036
5472522	94048
5473022	94056
5473522	94063
5474022	94073
5474523	94085
5475024	94095
5475525	94101
5476026	94109
5476528	94113
5477028	94123
5477529	94138
5478029	94140
5478529	94149
5479030	94159
5479530	94165
5480030	94173
5480531	94180
5481032	94192
5481534	94206
5482034	94208
5482534	94221
5483034	94228
5483534	94236
5484034	94244
5484534	94251
5485034	94257
5485534	94261
5486034	94268
5486534	94280
5487035	94288
5487535	94297
5488035	94307
5488535	94322
5489035	94332
5489535	94339
5490035	94345
5490535	94354
5491035	94362
5491535	94372
5492035	94378
5492535	94382
5493036	94385
5493537	94392
5494037	94409
5494538	94415
5495039	94424
5495539	94434
5496039	94439
5496539	94447
5497040	94457
5497541	94469
5498041	94483
5498542	94487
5499042	94494
5499542	94506
5500043	94513
5500545	94530
5501045	94540
5501545	94544
5502046	94553
5502546	94563
5503046	94574
5503546	94585
5504046	94591
5504546	94599
5505046	94605
5505546	94615
5506048	94621
5506548	94627
5507048	94635
5507548	94641
5508048	94653
5508548	94656
5509048	94663
5509549	94670
5510049	94681
5510551	94687
5511051	94695
5511551	94703
5512051	94713
5512551	94723
5513051	94738
5513551	94744
5514051	94753
5514551	94761
5515051	94768
5515552	94777
5516052	94785
5516552	94796
5517052	94805
5517552	94816
5518052	94824
5518553	94830
5519053	94836
5519554	94840
5520055	94851
5520555	94861
5521055	94871
5521555	94878
5522056	94890
5522556	94897
5523056	94909
5523556	94917
5524057	94925
5524557	94934
5525059	94943
5525559	94953
5526060	94964
5526562	94975
5527062	94985
5527563	95003
5528064	95007
5528564	95020
5529066	95023
5529566	95035
5530066	95044
5530567	95050
5531067	95055
5531567	95064
5532067	95074
5532567	95086
5533068	95096
5533569	95105
5534069	95111
5534569	95130
5535070	95136
5535570	95144
5536070	95152
5536570	95159
5537070	95170
5537570	95184
5538070	95189
5538570	95203
5539070	95207
5539571	95212
5540072	95224
5540574	95228
5541075	95235
5541575	95247
5542075	95256
5542575	95270
5543075	95278
5543576	95281
5544076	95285
5544576	95295
5545076	95299
5545576	95313
5546076	95320
5546576	95328
5547076	95336
5547576	95341
5548076	95351
5548576	95356
5549076	95370
5549576	95379
5550077	95385
5550577	95392
5551077	95403
5551577	95411
5552078	95421
5552579	95428
5553080	95436
5553581	95444
5554082	95463
5554582	95473
5555083	95481
5555584	95491
5556084	95503
5556584	95506
5557086	95516
5557586	95523
5558086	95528
5558588	95532
5559088	95542
5559588	95556
5560088	95565
5560588	95573
5561088	95577
5561589	95583
5562089	95597
5562590	95601
5563090	95607
5563590	95618
5564090	95627
5564590	95636
5565090	95644
5565591	95656
5566091	95660
5566591	95663
5567093	95674
5567593	95680
5568093	95689
5568593	95694
5569093	95706
5569593	95713
5570093	95726
5570595	95733
5571095	95741
5571595	95747
5572096	95764
5572596	95774
5573096	95776
5573596	95781
5574096	95786
5574596	95794
5575096	95803
5575596	95815
5576097	95822
5576597	95833
5577097	95842
5577598	95853
5578098	95862
5578598	95871
5579098	95881
5579598	95888
5580098	95898
5580598	95907
5581098	95917
5581598	95928
5582098	95938
5582598	95948
5583099	95955
5583599	95962
5584099	95978
5584599	95985
5585099	95994
5585599	96001
5586102	96010
5586603	96021
5587103	96029
5587605	96037
5588105	96046
5588605	96051
5589105	96063
5589605	96070
5590105	96075
5590605	96082
5591106	96086
5591606	96098
5592107	96111
5592607	96117
5593107	96127
5593607	96141
5594108	96148
5594608	96157
5595108	96170
5595608	96171
5596109	96178
5596609	96186
5597109	96199
5597610	96207
5598110	96217
5598610	96229
5599110	96236
5599611	96246
5600112	96251
5600614	96258
5601114	96271
5601614	96281
5602114	96285
5602614	96292
5603115	96298
5603616	96305
5604116	96311
5604617	96325
5605118	96337
5605618	96345
5606118	96357
5606619	96366
5607120	96375
5607620	96380
5608120	96388
5608620	96400
5609121	96409
5609621	96418
5610121	96428
5610621	96438
5611121	96447
5611622	96454
5612122	96459
5612622	96468
5613123	96478
5613623	96488
5614123	96500
5614623	96516
5615123	96521
5615623	96527
5616123	96531
5616623	96540
5617123	96547
5617624	96552
5618124	96560
5618624	96574
5619125	96581
5619625	96591
5620125	96600
5620625	96607
5621125	96615
5621625	96624
5622125	96630
5622625	96640
5623125	96649
5623625	96659
5624126	96665
5624627	96673
5625127	96682
5625627	96692
5626129	96703
5626629	96711
5627129	96719
5627629	96724
5628129	96735
5628631	96745
5629131	96754
5629631	96763
5630131	96773
5630631	96781
5631131	96795
5631631	96805
5632132	96813
5632632	96821
5633132	96826
5633632	96838
5634132	96846
5634633	96859
5635133	96868
5635633	96876
5636134	96889
5636634	96899
5637135	96909
5637635	96913
5638135	96916
5638636	96923
5639136	96932
5639637	96942
5640137	96954
5640637	96970
5641140	96974
5641640	96984
5642141	96991
5642641	97001
5643142	97009
5643642	97018
5644142	97020
5644642	97027
5645144	97039
5645644	97045
5646144	97053
5646644	97062
5647144	97071
5647645	97079
5648145	97086
5648645	97092
5649145	97105
5649645	97112
5650145	97117
5650645	97125
5651146	97138
5651646	97148
5652146	97150
5652646	97155
5653146	97161
5653646	97173
5654147	97183
5654647	97196
5655148	97204
5655648	97212
5656148	97225
5656648	97235
5657149	97241
5657649	97251
5658149	97260
5658649	97266
5659153	97271
5659653	97275
5660153	97283
5660653	97292
5661154	97302
5661654	97310
5662155	97319
5662655	97331
5663155	97340
5663655	97345
5664155	97356
5664655	97361
5665155	97372
5665655	97380
5666155	97389
5666655	97396
5667155	97407
5667656	97416
5668157	97429
5668657	97443
5669159	97456
5669660	97459
5670160	97467
5670660	97472
5671160	97482
5671660	97493
5672161	97500
5672661	97508
5673162	97517
5673662	97525
5674163	97532
5674665	97540
5675166	97552
5675667	97564
5676167	97575
5676668	97586
5677168	97596
5677669	97607
5678169	97616
5678669	97624
5679169	97631
5679669	97638
5680169	97651
5680669	97665
5681172	97674
5681672	97685
5682172	97695
5682672	97705
5683172	97714
5683673	97729
5684173	97739
5684673	97747
5685173	97752
5685673	97763
5686173	97768
5686675	97774
5687175	97784
5687675	97791
5688175	97799
5688678	97806
5689179	97810
5689679	97814
5690179	97824
5690679	97826
5691179	97837
5691679	97844
5692179	97849
5692679	97862
5693179	97868
5693679	97876
5694180	97882
5694682	97888
5695183	97894
5695685	97902
5696185	97910
5696685	97921
5697185	97928
5697685	97937
5698185	97949
5698685	97961
5699186	97973
5699687	97984
5700187	97992
5700687	98001
5701187	98011
5701687	98018
5702187	98024
5702687	98031
5703188	98040
5703688	98044
5704189	98053
5704689	98062
5705189	98075
5705689	98081
5706189	98089
5706689	98100
5707190	98108
5707690	98118
5708190	98128
5708690	98135
5709190	98142
5709690	98156
5710190	98163
5710690	98175
5711191	98184
5711692	98193
5712193	98206
5712695	98214
5713195	98221
5713695	98230
5714195	98233
5714695	98246
5715197	98254
5715698	98259
5716198	98268
5716698	98273
5717199	98283
5717699	98293
5718200	98302
5718701	98306
5719201	98312
5719703	98326
5720203	98337
5720704	98345
5721204	98348
5721704	98354
5722204	98365
5722704	98369
5723204	98373
5723705	98384
5724206	98391
5724707	98402
5725207	98414
5725708	98425
5726208	98434
5726709	98442
5727209	98458
5727709	98469
5728211	98479
5728711	98483
5729212	98493
5729712	98496
5730214	98505
5730715	98510
5731215	98520
5731715	98533
5732215	98537
5732715	98545
5733215	98558
5733715	98563
5734216	98578
5734717	98589
5735217	98599
5735717	98607
5736218	98618
5736718	98621
5737218	98627
5737719	98637
5738219	98645
5738719	98655
5739219	98665
5739719	98673
5740219	98682
5740720	98691
5741220	98703
5741721	98708
5742221	98716
5742721	98726
5743221	98735
5743724	98740
5744224	98747
5744724	98755
5745224	98762
5745724	98773
5746224	98779
5746724	98786
5747224	98796
5747724	98806
5748224	98814
5748724	98818
5749224	98824
5749724	98832
5750224	98842
5750724	98849
5751224	98864
5751724	98877
5752225	98883
5752726	98898
5753226	98902
5753728	98911
5754228	98927
5754728	98935
5755228	98944
5755728	98949
5756229	98954
5756730	98962
5757230	98972
5757730	98983
5758230	98989
5758731	99000
5759231	99008
5759731	99020
5760231	99029
5760731	99035
5761231	99045
5761732	99050
5762232	99067
5762732	99076
5763232	99091
5763732	99101
5764234	99115
5764734	99122
5765234	99131
5765734	99138
5766235	99150
5766735	99157
5767235	99169
5767737	99175
5768237	99182
5768739	99190
5769239	99201
5769739	99211
5770239	99222
5770740	99228
5771241	99237
5771741	99242
5772241	99256
5772741	99269
5773243	99278
5773744	99286
5774245	99294
5774745	99303
5775245	99313
5775745	99314
5776246	99318
5776746	99323
5777246	99338
5777746	99349
5778246	99359
5778746	99368
5779246	99377
5779746	99381
5780246	99389
5780747	99400
5781247	99408
5781747	99422
5782247	99431
5782747	99437
5783247	99444
5783747	99453
5784247	99461
5784747	99466
5785247	99476
5785747	99481
5786247	99492
5786747	99502
5787247	99511
5787747	99518
5788250	99523
5788752	99530
5789252	99535
5789754	99548
5790254	99556
5790754	99566
5791254	99573
5791754	99580
5792255	99590
5792759	99597
5793259	99609
5793759	99625
5794259	99635
5794759	99642
5795260	99647
5795760	99656
5796260	99666
5796760	99676
5797260	99691
5797760	99698
5798261	99708
5798761	99716
5799261	99726
5799761	99733
5800261	99741
5800761	99749
5801262	99758
5801762	99768
5802262	99774
5802764	99780
5803265	99790
5803765	99798
5804266	99804
5804766	99812
5805266	99822
5805766	99825
5806266	99831
5806766	99843
5807266	99856
5807767	99864
5808267	99870
5808768	99882
5809268	99892
5809768	99904
5810270	99915
5810771	99923
5811271	99928
5811771	99937
5812271	99943
5812771	99953
5813271	99959
5813771	99974
5814271	99982
5814771	99990
5815271	99998
5815771	100014
5816274	100024
5816774	100030
5817274	100036
5817774	100042
5818275	100046
5818777	100055
5819277	100059
5819778	100071
5820281	100071
5820781	100079
5821281	100088
5821782	100106
5822283	100115
5822783	100123
5823283	100129
5823783	100139
5824283	100148
5824783	100154
5825283	100166
5825783	100174
5826283	100182
5826783	100190
5827284	100194
5827784	100203
5828284	100210
5828784	100222
5829286	100231
5829786	100235
5830286	100241
5830786	100252
5831288	100258
5831788	100260
5832288	100271
5832789	100276
5833289	100285
5833790	100297
5834292	100305
5834792	100317
5835292	100327
5835793	100337
5836293	100345
5836793	100356
5837293	100367
5837793	100377
5838293	100388
5838793	100395
5839293	100404
5839793	100412
5840294	100426
5840794	100430
5841294	100444
5841794	100450
5842294	100460
5842794	100469
5843295	100472
5843795	100478
5844296	100487
5844796	100497
5845296	100505
5845796	100511
5846296	100524
5846796	100532
5847296	100543
5847796	100551
5848296	100561
5848796	100568
5849296	100581
5849796	100588
5850296	100592
5850796	100600
5851296	100608
5851797	100615
5852298	100625
5852799	100635
5853300	100643
5853800	100653
5854301	100658
5854801	100669
5855302	100680
5855802	100693
5856304	100704
5856805	100710
5857305	100720
5857805	100729
5858305	100736
5858805	100747
5859305	100750
5859805	100758
5860306	100761
5860807	100767
5861307	100772
5861807	100781
5862307	100787
5862807	100799
5863307	100815
5863807	100826
5864307	100837
5864807	100844
5865309	100854
5865809	100861
5866310	100864
5866810	100874
5867311	100883
5867811	100895
5868311	100902
5868811	100908
5869311	100913
5869811	100927
5870311	100936
5870811	100946
5871311	100957
5871811	100963
5872311	100971
5872811	100980
5873311	100989
5873812	100995
5874312	101000
5874814	101010
5875314	101027
5875815	101035
5876316	101039
5876817	101045
5877317	101055
5877818	101064
5878318	101070
5878819	101082
5879320	101090
5879820	101093
5880320	101106
5880820	101117
5881320	101128
5881820	101135
5882320	101147
5882820	101154
5883322	101165
5883822	101175
5884322	101183
5884822	101189
5885323	101198
5885824	101209
5886324	101222
5886825	101228
5887325	101237
5887825	101246
5888325	101251
5888825	101256
5889325	101263
5889825	101273
5890325	101280
5890825	101287
5891326	101298
5891826	101308
5892326	101320
5892828	101328
5893329	101336
5893829	101342
5894329	101352
5894830	101357
5895332	101361
5895832	101373
5896332	101383
5896832	101395
5897333	101398
5897836	101409
5898336	101420
5898836	101426
5899336	101432
5899836	101438
5900337	101447
5900837	101454
5901337	101462
5901839	101471
5902339	101480
5902839	101488
5903339	101498
5903839	101506
5904339	101515
5904839	101521
5905340	101529
5905840	101538
5906340	101542
5906840	101548
5907340	101558
5907840	101565
5908340	101576
5908840	101581
5909340	101591
5909840	101598
5910340	101607
5910841	101617
5911342	101631
5911842	101636
5912342	101642
5912843	101652
5913344	101659
5913846	101668
5914347	101679
5914847	101689
5915348	101692
5915848	101699
5916348	101707
5916849	101721
5917349	101730
5917849	101737
5918349	101748
5918849	101754
5919350	101765
5919850	101768
5920350	101778
5920850	101789
5921350	101794
5921851	101801
5922351	101809
5922852	101821
5923353	101825
5923853	101831
5924353	101838
5924853	101845
5925353	101854
5925853	101860
5926353	101868
5926854	101877
5927355	101883
5927855	101889
5928355	101897
5928855	101908
5929355	101918
5929855	101920
5930356	101932
5930856	101941
5931356	101952
5931857	101958
5932357	101970
5932857	101978
5933358	101992
5933858	101998
5934360	102007
5934863	102021
5935364	102034
5935864	102044
5936365	102051
5936866	102058
5937367	102063
5937867	102070
5938367	102081
5938868	102088
5939368	102098
5939868	102107
5940368	102116
5940868	102124
5941369	102130
5941869	102136
5942369	102146
5942870	102158
5943372	102170
5943872	102188
5944372	102196
5944872	102204
5945372	102214
5945872	102223
5946372	102235
5946873	102238
5947373	102248
5947874	102255
5948374	102262
5948874	102270
5949374	102283
5949875	102288
5950375	102293
5950875	102301
5951375	102313
5951876	102325
5952378	102334
5952879	102343
5953379	102351
5953879	102358
5954380	102367
5954880	102382
5955381	102396
5955881	102401
5956381	102408
5956884	102417
5957384	102423
5957884	102432
5958385	102440
5958885	102445
5959388	102456
5959888	102462
5960389	102469
5960889	102482
5961390	102493
5961891	102496
5962391	102503
5962891	102508
5963391	102516
5963892	102521
5964392	102530
5964892	102538
5965392	102544
5965893	102552
5966393	102562
5966893	102569
5967394	102581
5967894	102590
5968394	102597
5968894	102607
5969394	102612
5969894	102622
5970394	102635
5970894	102643
5971394	102657
5971894	102663
5972394	102673
5972896	102680
5973397	102689
5973897	102691
5974397	102699
5974897	102706
5975397	102709
5975897	102716
5976398	102723
5976898	102733
5977398	102741
5977899	102748
5978399	102756
5978899	102767
5979400	102770
5979900	102777
5980400	102782
5980901	102790
5981401	102801
5981901	102811
5982401	102817
5982902	102825
5983404	102836
5983905	102841
5984405	102850
5984905	102857
5985405	102869
5985905	102876
5986405	102886
5986905	102893
5987405	102903
5987905	102910
5988405	102917
5988905	102929
5989406	102941
5989906	102948
5990407	102958
5990907	102968
5991408	102974
5991908	102986
5992409	102992
5992909	103006
5993409	103011
5993909	103022
5994410	103028
5994910	103034
5995413	103044
5995914	103054
5996414	103061
5996914	103070
5997414	103077
5997916	103083
5998419	103092
5998919	103098
5999419	103100
5999919	103106
6000419	103115
6000920	103125
6001421	103134
6001922	103143
6002422	103152
6002924	103160
6003425	103171
6003927	103178
6004428	103191
6004928	103200
6005430	103208
6005930	103217
6006431	103231
6006931	103238
6007432	103246
6007932	103256
6008433	103263
6008933	103273
6009433	103280
6009933	103287
6010434	103295
6010934	103303
6011434	103314
6011936	103321
6012436	103327
6012936	103337
6013437	103345
6013937	103352
6014437	103360
6014937	103368
6015437	103378
6015937	103384
6016437	103397
6016937	103402
6017437	103411
6017937	103419
6018437	103423
6018937	103431
6019437	103438
6019939	103448
6020439	103455
6020939	103466
6021439	103476
6021940	103485
6022441	103493
6022942	103499
6023442	103506
6023942	103523
6024442	103532
6024943	103541
6025444	103546
6025946	103555
6026446	103563
6026946	103575
6027446	103587
6027946	103598
6028446	103608
6028946	103612
6029446	103620
6029946	103628
6030446	103636
6030946	103651
6031447	103663
6031947	103675
6032447	103679
6032947	103685
6033448	103694
6033948	103698
6034448	103709
6034948	103719
6035448	103729
6035948	103734
6036449	103744
6036949	103754
6037449	103760
6037949	103773
6038449	103775
6038949	103786
6039449	103794
6039949	103800
6040449	103810
6040952	103822
6041452	103828
6041953	103839
6042454	103848
6042954	103858
6043454	103863
6043954	103873
6044454	103883
6044954	103889
6045455	103894
6045955	103906
6046455	103916
6046955	103923
6047455	103926
6047955	103935
6048456	103942
6048956	103949
6049456	103957
6049956	103966
6050456	103974
6050956	103984
6051458	103993
6051959	104000
6052459	104015
6052960	104025
6053460	104035
6053960	104041
6054460	104054
6054960	104064
6055460	104075
6055961	104089
6056461	104096
6056962	104104
6057462	104109
6057962	104114
6058463	104120
6058965	104127
6059467	104134
6059967	104145
6060467	104155
6060967	104164
6061467	104177
6061967	104183
6062468	104192
6062969	104200
6063469	104209
6063970	104219
6064470	104224
6064970	104234
6065470	104245
6065970	104252
6066470	104257
6066971	104264
6067471	104269
6067971	104280
6068471	104291
6068972	104303
6069473	104310
6069974	104320
6070475	104330
6070977	104342
6071477	104355
6071977	104359
6072478	104364
6072978	104375
6073478	104382
6073978	104395
6074478	104398
6074978	104400
6075478	104412
6075978	104429
6076478	104438
6076978	104450
6077480	104458
6077981	104467
6078481	104473
6078981	104482
6079481	104491
6079981	104501
6080483	104510
6080983	104520
6081483	104529
6081983	104533
6082484	104545
6082985	104555
6083485	104563
6083986	104569
6084486	104572
6084987	104576
6085487	104588
6085987	104601
6086487	104606
6086988	104611
6087488	104622
6087988	104628
6088488	104635
6088989	104644
6089489	104657
6089991	104666
6090492	104677
6090992	104684
6091492	104696
6091992	104701
6092492	104706
6092992	104712
6093492	104728
6093993	104737
6094493	104742
6094994	104746
6095494	104756
6095994	104761
6096494	104766
6096994	104775
6097494	104785
6097995	104798
6098495	104807
6098996	104815
6099496	104817
6099998	104828
6100498	104839
6100998	104849
6101499	104857
6102000	104865
6102500	104875
6103002	104880
6103502	104887
6104002	104892
6104503	104898
6105004	104909
6105506	104921
6106006	104929
6106506	104938
6107007	104948
6107507	104955
6108008	104966
6108509	104973
6109009	104983
6109509	104992
6110009	105000
6110510	105003
6111011	105008
6111511	105019
6112012	105029
6112512	105034
6113012	105042
6113513	105044
6114015	105051
6114515	105058
6115015	105060
6115515	105071
6116015	105079
6116515	105087
6117015	105102
6117515	105115
6118015	105120
6118515	105127
6119015	105132
6119515	105135
6120016	105141
6120517	105151
6121017	105160
6121517	105162
6122017	105172
6122517	105187
6123017	105202
6123517	105210
6124017	105218
6124517	105229
6125017	105236
6125518	105248
6126018	105257
6126521	105268
6127022	105274
6127522	105277
6128022	105289
6128523	105293
6129023	105298
6129523	105307
6130024	105315
6130524	105322
6131026	105331
6131526	105339
6132026	105350
6132526	105357
6133026	105365
6133526	105374
6134026	105386
6134527	105398
6135028	105402
6135528	105410
6136028	105421
6136530	105432
6137030	105439
6137530	105447
6138031	105457
6138534	105466
6139034	105472
6139534	105483
6140034	105492
6140534	105497
6141034	105506
6141534	105511
6142034	105521
6142534	105532
6143035	105544
6143536	105550
6144039	105556
6144540	105561
6145040	105569
6145540	105576
6146041	105590
6146541	105595
6147042	105600
6147542	105607
6148042	105622
6148542	105630
6149043	105637
6149543	105647
6150043	105662
6150543	105672
6151043	105682
6151543	105688
6152043	105693
6152543	105696
6153044	105706
6153545	105716
6154045	105727
6154545	105740
6155045	105743
6155545	105754
6156045	105759
6156545	105766
6157047	105775
6157548	105783
6158049	105795
6158549	105802
6159049	105810
6159550	105819
6160051	105831
6160551	105838
6161051	105844
6161551	105854
6162052	105860
6162552	105867
6163053	105873
6163553	105879
6164054	105886
6164554	105899
6165054	105907
6165554	105916
6166054	105921
6166554	105927
6167054	105935
6167555	105943
6168055	105954
6168556	105966
6169058	105973
6169558	105980
6170059	105989
6170560	106003
6171061	106007
6171561	106012
6172061	106018
6172561	106032
6173061	106039
6173562	106042
6174063	106050
6174564	106055
6175064	106063
6175564	106070
6176064	106073
6176564	106082
6177064	106091
6177564	106102
6178064	106106
6178564	106116
6179065	106129
6179565	106138
6180067	106144
6180567	106152
6181068	106161
6181570	106169
6182070	106179
6182571	106192
6183071	106199
6183571	106206
6184072	106216
6184572	106226
6185072	106239
6185572	106249
6186072	106254
6186572	106258
6187072	106269
6187572	106277
6188072	106282
6188573	106289
6189073	106294
6189574	106307
6190076	106321
6190577	106323
6191077	106334
6191578	106344
6192078	106356
6192579	106365
6193079	106373
6193579	106382
6194080	106390
6194581	106395
6195083	106403
6195583	106406
6196084	106412
6196584	106416
6197084	106427
6197584	106439
6198085	106447
6198585	106454
6199085	106460
6199586	106474
6200086	106482
6200586	106489
6201087	106497
6201588	106503
6202088	106511
6202588	106518
6203088	106527
6203588	106538
6204088	106548
6204588	106554
6205089	106560
6205589	106570
6206092	106577
6206592	106588
6207092	106596
6207592	106604
6208092	106614
6208592	106622
6209092	106633
6209593	106639
6210094	106655
6210595	106657
6211095	106665
6211595	106671
6212095	106677
6212595	106683
6213095	106690
6213595	106701
6214095	106706
6214595	106712
6215095	106718
6215595	106727
6216095	106747
6216595	106750
6217096	106763
6217596	106769
6218096	106778
6218596	106783
6219096	106790
6219596	106800
6220096	106807
6220596	106812
6221097	106823
6221597	106830
6222097	106836
6222598	106842
6223098	106852
6223599	106864
6224100	106874
6224600	106883
6225100	106892
6225600	106902
6226102	106908
6226602	106919
6227102	106928
6227602	106935
6228103	106938
6228603	106948
6229103	106957
6229604	106968
6230104	106977
6230605	106985
6231105	106989
6231605	106999
6232107	107005
6232607	107014
6233109	107024
6233609	107032
6234109	107040
6234609	107051
6235110	107063
6235611	107072
6236111	107080
6236611	107096
6237111	107102
6237611	107105
6238111	107117
6238611	107120
6239111	107129
6239611	107135
6240113	107144
6240615	107153
6241115	107162
6241615	107170
6242116	107178
6242616	107190
6243117	107200
6243619	107203
6244119	107213
6244619	107223
6245119	107230
6245619	107239
6246119	107244
6246619	107260
6247120	107270
6247620	107282
6248120	107285
6248622	107298
6249123	107308
6249624	107319
6250125	107328
6250625	107338
6251126	107346
6251626	107350
6252126	107362
6252626	107369
6253126	107376
6253626	107382
6254126	107392
6254626	107401
6255126	107406
6255626	107411
6256126	107424
6256626	107433
6257128	107445
6257629	107446
6258129	107455
6258629	107461
6259129	107469
6259629	107480
6260130	107491
6260630	107499
6261131	107509
6261631	107517
6262131	107525
6262632	107535
6263132	107542
6263632	107551
6264132	107562
6264634	107568
6265134	107573
6265636	107583
6266137	107588
6266637	107597
6267137	107604
6267638	107612
6268138	107624
6268639	107634
6269139	107640
6269640	107649
6270140	107655
6270640	107661
6271141	107675
6271641	107684
6272141	107692
6272641	107700
6273142	107708
6273643	107720
6274143	107728
6274645	107735
6275145	107746
6275646	107750
6276147	107756
6276647	107763
6277147	107777
6277648	107784
6278148	107794
6278648	107798
6279148	107812
6279648	107822
6280148	107830
6280649	107836
6281149	107842
6281649	107846
6282149	107853
6282649	107858
6283149	107866
6283649	107880
6284150	107893
6284650	107900
6285150	107909
6285650	107915
6286150	107931
6286650	107941
6287150	107947
6287650	107953
6288150	107958
6288651	107966
6289151	107980
6289651	107989
6290151	107995
6290651	108005
6291152	108017
6291652	108021
6292153	108028
6292653	108034
6293153	108049
6293653	108052
6294153	108060
6294653	108067
6295154	108080
6295654	108087
6296154	108094
6296657	108106
6297157	108116
6297658	108130
6298159	108141
6298659	108144
6299159	108155
6299659	108163
6300159	108168
6300660	108175
6301160	108185
6301661	108191
6302162	108204
6302662	108212
6303163	108218
6303665	108225
6304166	108232
6304666	108243
6305166	108247
6305666	108255
6306166	108259
6306667	108263
6307168	108269
6307669	108279
6308169	108290
6308669	108299
6309169	108311
6309669	108321
6310169	108333
6310669	108345
6311169	108353
6311670	108361
6312170	108369
6312670	108379
6313170	108390
6313670	108395
6314170	108401
6314670	108408
6315170	108422
6315672	108430
6316172	108440
6316673	108447
6317173	108450
6317673	108455
6318175	108463
6318675	108475
6319175	108487
6319675	108494
6320176	108501
6320677	108510
6321177	108517
6321677	108525
6322177	108531
6322677	108541
6323177	108551
6323678	108561
6324178	108565
6324679	108569
6325179	108580
6325679	108592
6326179	108601
6326679	108608
6327179	108624
6327679	108635
6328179	108644
6328680	108656
6329180	108662
6329680	108665
6330180	108676
6330681	108685
6331181	108690
6331682	108701
6332182	108710
6332683	108713
6333184	108723
6333687	108735
6334187	108746
6334687	108751
6335187	108758
6335687	108763
6336188	108771
6336689	108777
6337190	108790
6337690	108805
6338190	108815
6338691	108826
6339191	108838
6339691	108845
6340191	108851
6340691	108855
6341191	108861
6341693	108867
6342193	108872
6342693	108881
6343194	108887
6343695	108895
6344196	108902
6344696	108913
6345196	108925
6345696	108933
6346196	108949
6346696	108963
6347197	108968
6347699	108973
6348200	108982
6348702	108992
6349202	108999
6349702	109007
6350202	109017
6350702	109024
6351203	109036
6351703	109049
6352203	109058
6352705	109066
6353206	109074
6353707	109080
6354207	109082
6354707	109087
6355207	109102
6355708	109107
6356208	109113
6356708	109121
6357208	109133
6357709	109142
6358210	109149
6358711	109158
6359212	109160
6359712	109168
6360213	109183
6360713	109191
6361213	109204
6361713	109214
6362213	109230
6362715	109239
6363215	109250
6363715	109262
6364215	109268
6364715	109273
6365215	109282
6365716	109292
6366216	109302
6366717	109310
6367217	109322
6367717	109331
6368218	109337
6368719	109347
6369219	109350
6369719	109357
6370220	109365
6370720	109378
6371221	109387
6371722	109392
6372222	109395
6372722	109406
6373222	109413
6373723	109419
6374223	109425
6374723	109436
6375223	109446
6375723	109451
6376223	109461
6376723	109470
6377223	109479
6377723	109487
6378223	109492
6378723	109503
6379223	109506
6379723	109520
6380224	109528
6380724	109538
6381224	109548
6381724	109557
6382224	109571
6382724	109575
6383226	109583
6383726	109588
6384226	109599
6384727	109605
6385227	109619
6385727	109629
6386227	109639
6386728	109651
6387228	109663
6387730	109671
6388230	109682
6388731	109688
6389232	109700
6389732	109713
6390232	109723
6390733	109733
6391234	109737
6391734	109750
6392234	109761
6392735	109766
6393235	109777
6393736	109789
6394236	109799
6394736	109808
6395236	109817
6395736	109824
6396238	109832
6396739	109842
6397239	109857
6397739	109862
6398239	109872
6398739	109880
6399239	109890
6399739	109900
6400239	109910
6400739	109920
6401239	109926
6401740	109937
6402240	109942
6402741	109947
6403242	109957
6403744	109966
6404246	109975
6404746	109986
6405246	110001
6405747	110008
6406247	110011
6406747	110019
6407248	110024
6407750	110033
6408250	110043
6408750	110049
6409251	110062
6409751	110071
6410252	110082
6410752	110090
6411253	110093
6411753	110103
6412253	110111
6412753	110120
6413254	110128
6413755	110134
6414256	110144
6414756	110153
6415256	110159
6415756	110164
6416256	110172
6416756	110185
6417256	110199
6417757	110205
6418259	110210
6418759	110213
6419259	110221
6419759	110225
6420259	110234
6420759	110243
6421259	110252
6421759	110261
6422259	110274
6422759	110286
6423259	110298
6423759	110309
6424259	110315
6424760	110320
6425260	110325
6425760	110332
6426260	110345
6426760	110353
6427260	110358
6427761	110367
6428263	110375
6428763	110381
6429264	110387
6429764	110394
6430264	110399
6430767	110408
6431267	110416
6431767	110426
6432267	110439
6432767	110449
6433267	110454
6433767	110461
6434267	110479
6434767	110486
6435267	110496
6435767	110505
6436267	110512
6436767	110522
6437267	110533
6437767	110541
6438267	110551
6438768	110556
6439268	110562
6439768	110570
6440268	110570
6440768	110574
6441269	110582
6441769	110591
6442269	110601
6442769	110610
6443270	110617
6443771	110626
6444271	110639
6444771	110651
6445271	110658
6445773	110663
6446274	110668
6446774	110676
6447274	110684
6447774	110694
6448274	110700
6448774	110717
6449274	110730
6449774	110735
6450275	110739
6450775	110750
6451276	110758
6451776	110765
6452277	110774
6452778	110784
6453278	110794
6453778	110800
6454278	110810
6454778	110821
6455279	110827
6455779	110835
6456279	110851
6456779	110855
6457279	110864
6457779	110875
6458279	110886
6458779	110892
6459280	110902
6459780	110908
6460280	110914
6460780	110919
6461281	110924
6461781	110930
6462281	110934
6462782	110940
6463282	110945
6463783	110958
6464284	110967
6464785	110975
6465286	110986
6465786	110997
6466286	111003
6466786	111012
6467286	111018
6467786	111023
6468286	111033
6468787	111041
6469287	111048
6469787	111057
6470287	111068
6470787	111085
6471289	111093
6471789	111100
6472289	111105
6472789	111109
6473289	111113
6473789	111120
6474289	111128
6474789	111142
6475289	111151
6475789	111160
6476289	111170
6476789	111178
6477289	111185
6477789	111195
6478290	111201
6478792	111208
6479292	111214
6479793	111224
6480293	111233
6480794	111239
6481294	111244
6481794	111256
6482294	111264
6482794	111275
6483294	111285
6483794	111294
6484294	111302
6484795	111316
6485295	111325
6485796	111338
6486297	111344
6486797	111353
6487297	111366
6487797	111374
6488299	111384
6488800	111392
6489301	111398
6489801	111407
6490302	111414
6490803	111420
6491303	111427
6491804	111431
6492304	111443
6492804	111450
6493304	111460
6493804	111464
6494304	111472
6494804	111478
6495304	111485
6495804	111498
6496305	111506
6496805	111515
6497305	111520
6497805	111532
6498305	111541
6498806	111545
6499306	111552
6499806	111559
6500306	111566
6500808	111577
6501309	111587
6501809	111598
6502311	111608
6502812	111618
6503312	111627
6503813	111641
6504313	111650
6504813	111660
6505313	111668
6505814	111677
6506314	111690
6506814	111696
6507314	111705
6507815	111713
6508315	111715
6508815	111723
6509315	111731
6509816	111736
6510316	111746
6510817	111754
6511318	111763
6511818	111770
6512318	111782
6512818	111791
6513319	111801
6513819	111813
6514319	111822
6514819	111831
6515319	111837
6515821	111851
6516321	111865
6516821	111875
6517321	111888
6517822	111894
6518322	111904
6518822	111911
6519322	111917
6519822	111929
6520322	111940
6520822	111946
6521323	111961
6521823	111974
6522323	111981
6522824	111988
6523324	111992
6523825	111997
6524326	112006
6524826	112017
6525326	112029
6525826	112042
6526326	112052
6526826	112057
6527327	112065
6527827	112075
6528327	112086
6528827	112095
6529327	112105
6529827	112113
6530329	112119
6530829	112130
6531330	112138
6531830	112149
6532330	112156
6532830	112167
6533334	112172
6533834	112183
6534334	112198
6534835	112209
6535335	112218
6535835	112224
6536335	112232
6536836	112238
6537336	112249
6537836	112257
6538336	112263
6538836	112275
6539336	112284
6539836	112296
6540336	112300
6540836	112310
6541336	112317
6541836	112323
6542336	112335
6542837	112338
6543339	112345
6543840	112352
6544340	112359
6544841	112375
6545341	112382
6545841	112388
6546342	112400
6546843	112411
6547343	112421
6547844	112430
6548344	112438
6548844	112448
6549346	112458
6549846	112466
6550346	112475
6550846	112485
6551347	112494
6551848	112501
6552349	112511
6552850	112526
6553350	112533
6553851	112541
6554351	112550
6554851	112555
6555351	112563
6555851	112572
6556351	112576
6556851	112584
6557351	112589
6557851	112595
6558351	112601
6558852	112615
6559354	112620
6559854	112623
6560355	112629
6560855	112637
6561356	112642
6561856	112650
6562356	112661
6562856	112670
6563356	112680
6563857	112691
6564358	112706
6564858	112715
6565358	112718
6565858	112726
6566360	112732
6566860	112738
6567360	112748
6567861	112761
6568361	112769
6568861	112777
6569363	112783
6569863	112798
6570363	112805
6570863	112814
6571363	112818
6571863	112827
6572363	112840
6572863	112847
6573363	112855
6573863	112865
6574364	112875
6574865	112887
6575365	112898
6575865	112903
6576365	112906
6576866	112914
6577366	112925
6577866	112935
6578366	112940
6578866	112947
6579366	112957
6579866	112964
6580367	112971
6580868	112981
6581368	112987
6581868	112997
6582368	113004
6582868	113018
6583370	113025
6583871	113036
6584371	113041
6584871	113046
6585371	113057
6585871	113061
6586371	113073
6586871	113080
6587371	113084
6587871	113100
6588371	113113
6588872	113129
6589372	113133
6589872	113136
6590374	113145
6590875	113159
6591377	113166
6591877	113171
6592377	113180
6592877	113184
6593378	113192
6593878	113196
6594378	113204
6594878	113214
6595378	113222
6595879	113231
6596379	113239
6596879	113251
6597381	113262
6597881	113267
6598381	113274
6598881	113281
6599381	113288
6599882	113294
6600382	113302
6600882	113309
6601383	113316
6601883	113323
6602383	113330
6602883	113342
6603383	113352
6603883	113360
6604383	113369
6604884	113381
6605385	113389
6605885	113396
6606386	113400
6606886	113407
6607386	113414
6607886	113420
6608386	113427
6608886	113434
6609386	113449
6609886	113455
6610386	113460
6610886	113466
6611386	113474
6611886	113480
6612386	113485
6612886	113489
6613386	113499
6613886	113506
6614386	113518
6614886	113521
6615386	113528
6615887	113537
6616387	113549
6616887	113552
6617388	113563
6617888	113572
6618389	113577
6618889	113583
6619389	113591
6619890	113602
6620390	113609
6620890	113625
6621390	113633
6621890	113645
6622390	113657
6622890	113670
6623390	113680
6623890	113690
6624390	113697
6624890	113708
6625390	113716
6625890	113722
6626390	113731
6626890	113737
6627391	113748
6627891	113754
6628391	113763
6628891	113771
6629391	113775
6629891	113783
6630391	113787
6630891	113798
6631391	113804
6631891	113814
6632392	113820
6632892	113823
6633392	113832
6633892	113842
6634392	113846
6634892	113851
6635392	113861
6635892	113866
6636393	113873
6636893	113886
6637394	113895
6637894	113907
6638394	113913
6638895	113923
6639395	113928
6639895	113940
6640395	113950
6640895	113963
6641396	113973
6641896	113978
6642396	113986
6642896	113994
6643396	114007
6643897	114014
6644398	114021
6644900	114034
6645400	114041
6645900	114047
6646400	114052
6646900	114059
6647401	114077
6647901	114095
6648401	114099
6648902	114102
6649403	114113
6649903	114117
6650404	114123
6650904	114133
6651404	114141
6651904	114148
6652404	114161
6652905	114173
6653405	114179
6653905	114187
6654405	114196
6654905	114200
6655405	114212
6655905	114223
6656405	114227
6656905	114244
6657405	114249
6657905	114260
6658405	114267
6658905	114273
6659407	114282
6659907	114292
6660407	114299
6660907	114303
6661407	114307
6661907	114318
6662409	114331
6662909	114340
6663410	114345
6663910	114357
6664410	114365
6664910	114379
6665410	114387
6665911	114395
6666413	114400
6666914	114409
6667417	114415
6667918	114428
6668419	114438
6668920	114447
6669420	114457
6669920	114465
6670420	114472
6670920	114484
6671420	114490
6671921	114500
6672421	114510
6672923	114518
6673423	114527
6673926	114530
6674427	114535
6674928	114543
6675428	114553
6675928	114559
6676429	114565
6676929	114570
6677429	114575
6677929	114584
6678429	114591
6678931	114599
6679431	114614
6679933	114620
6680435	114625
6680935	114633
6681435	114644
6681935	114647
6682435	114657
6682936	114663
6683436	114667
6683936	114674
6684436	114683
6684936	114689
6685437	114699
6685937	114712
6686437	114722
6686938	114733
6687438	114742
6687938	114754
6688438	114761
6688938	114769
6689438	114775
6689940	114780
6690440	114790
6690941	114800
6691441	114806
6691941	114817
6692441	114828
6692941	114834
6693442	114838
6693943	114851
6694444	114860
6694944	114871
6695445	114879
6695945	114888
6696445	114899
6696945	114906
6697447	114912
6697947	114927
6698448	114930
6698949	114941
6699449	114945
6699949	114961
6700449	114972
6700949	114983
6701449	114986
6701953	114992
6702453	115000
6702955	115008
6703456	115018
6703956	115027
6704456	115039
6704957	115045
6705457	115052
6705957	115063
6706457	115074
6706957	115081
6707457	115085
6707958	115091
6708458	115103
6708959	115111
6709460	115119
6709960	115125
6710460	115132
6710960	115142
6711460	115150
6711960	115161
6712460	115167
6712960	115172
6713460	115177
6713960	115190
6714460	115200
6714961	115215
6715461	115218
6715961	115231
6716461	115236
6716961	115244
6717461	115248
6717962	115263
6718463	115272
6718964	115281
6719464	115288
6719964	115294
6720464	115305
6720964	115315
6721464	115327
6721964	115331
6722465	115343
6722965	115352
6723465	115357
6723965	115366
6724465	115376
6724965	115383
6725466	115389
6725966	115395
6726467	115409
6726967	115418
6727467	115429
6727967	115440
6728467	115444
6728967	115450
6729468	115459
6729969	115466
6730469	115477
6730969	115484
6731470	115491
6731971	115500
6732471	115506
6732972	115514
6733472	115525
6733972	115529
6734472	115533
6734972	115545
6735473	115554
6735973	115561
6736473	115572
6736973	115581
6737473	115594
6737973	115604
6738473	115615
6738974	115620
6739474	115633
6739974	115640
6740474	115653
6740974	115657
6741474	115664
6741974	115672
6742476	115680
6742977	115690
6743477	115699
6743977	115708
6744477	115716
6744977	115720
6745477	115730
6745978	115740
6746478	115745
6746978	115752
6747478	115763
6747978	115772
6748480	115782
6748980	115792
6749480	115800
6749980	115808
6750481	115819
6750981	115826
6751481	115832
6751983	115841
6752483	115849
6752983	115857
6753483	115864
6753984	115872
6754484	115881
6754984	115893
6755484	115901
6755984	115905
6756484	115916
6756984	115922
6757484	115928
6757984	115935
6758484	115949
6758984	115954
6759484	115960
6759984	115967
6760485	115977
6760986	115991
6761487	115996
6761987	116005
6762488	116016
6762988	116027
6763488	116037
6763989	116051
6764490	116055
6764991	116062
6765491	116068
6765991	116082
6766491	116087
6766991	116093
6767491	116102
6767992	116115
6768494	116125
6768994	116132
6769494	116140
6769996	116147
6770496	116153
6770996	116162
6771496	116173
6771997	116181
6772498	116188
6772998	116196
6773498	116212
6773998	116222
6774499	116231
6774999	116238
6775499	116248
6776000	116256
6776500	116264
6777001	116267
6777501	116271
6778001	116283
6778501	116293
6779001	116300
6779501	116307
6780001	116315
6780501	116328
6781002	116338
6781503	116345
6782003	116349
6782505	116360
6783005	116367
6783506	116375
6784007	116382
6784508	116387
6785009	116398
6785509	116408
6786009	116413
6786510	116419
6787010	116428
6787511	116439
6788011	116447
6788511	116449
6789011	116455
6789512	116461
6790013	116474
6790515	116479
6791015	116491
6791515	116497
6792016	116513
6792517	116525
6793019	116531
6793519	116539
6794019	116545
6794522	116555
6795022	116565
6795522	116571
6796023	116583
6796523	116591
6797023	116602
6797523	116610
6798023	116619
6798523	116625
6799023	116634
6799525	116641
6800025	116652
6800526	116660
6801026	116667
6801527	116679
6802027	116686
6802527	116698
6803027	116713
6803528	116718
6804028	116726
6804528	116737
6805029	116747
6805529	116755
6806029	116760
6806530	116768
6807030	116775
6807530	116782
6808030	116793
6808530	116803
6809030	116810
6809530	116818
6810031	116826
6810531	116835
6811031	116842
6811533	116856
6812034	116863
6812534	116869
6813035	116874
6813535	116880
6814036	116888
6814536	116898
6815036	116911
6815536	116924
6816036	116940
6816537	116947
6817037	116950
6817538	116958
6818038	116967
6818538	116973
6819038	116978
6819538	116983
6820040	116994
6820540	117001
6821040	117011
6821541	117020
6822042	117027
6822543	117046
6823043	117057
6823544	117069
6824044	117080
6824544	117083
6825044	117091
6825547	117094
6826047	117098
6826547	117103
6827047	117113
6827549	117121
6828049	117129
6828549	117137
6829049	117148
6829550	117157
6830050	117168
6830550	117175
6831050	117185
6831550	117193
6832051	117203
6832551	117212
6833051	117222
6833551	117225
6834051	117236
6834553	117245
6835053	117250
6835553	117264
6836055	117271
6836555	117276
6837055	117288
6837555	117299
6838056	117307
6838557	117315
6839057	117320
6839557	117326
6840059	117333
6840559	117338
6841059	117346
6841559	117348
6842060	117364
6842560	117373
6843060	117382
6843560	117390
6844060	117399
6844560	117406
6845060	117414
6845560	117423
6846060	117436
6846560	117447
6847060	117454
6847560	117460
6848061	117471
6848561	117481
6849063	117489
6849563	117498
6850063	117504
6850563	117514
6851063	117532
6851564	117539
6852065	117544
6852565	117551
6853065	117564
6853565	117571
6854065	117577
6854566	117588
6855066	117594
6855567	117599
6856068	117605
6856568	117609
6857068	117617
6857568	117626
6858068	117634
6858569	117640
6859069	117647
6859569	117656
6860069	117666
6860569	117672
6861069	117679
6861569	117691
6862069	117706
6862569	117715
6863069	117725
6863569	117733
6864069	117740
6864569	117750
6865069	117760
6865569	117771
6866069	117777
6866569	117791
6867069	117798
6867570	117807
6868070	117815
6868570	117826
6869070	117831
6869570	117836
6870070	117839
6870571	117845
6871072	117855
6871572	117863
6872072	117871
6872572	117881
6873072	117893
6873572	117898
6874073	117905
6874573	117918
6875074	117928
6875575	117936
6876075	117942
6876576	117946
6877076	117957
6877577	117969
6878077	117975
6878577	117981
6879077	117993
6879577	117999
6880077	118003
6880577	118014
6881077	118020
6881578	118035
6882079	118044
6882579	118049
6883079	118053
6883580	118065
6884080	118080
6884580	118093
6885081	118102
6885581	118106
6886081	118110
6886581	118116
6887082	118123
6887582	118130
6888082	118134
6888582	118145
6889082	118162
6889583	118171
6890083	118174
6890583	118182
6891084	118194
6891585	118204
6892085	118216
6892585	118222
6893086	118230
6893586	118239
6894086	118246
6894587	118259
6895087	118269
6895587	118275
6896087	118280
6896587	118288
6897087	118296
6897587	118304
6898087	118312
6898587	118321
6899087	118331
6899587	118342
6900087	118348
6900587	118359
6901088	118368
6901588	118381
6902088	118391
6902588	118397
6903088	118402
6903589	118412
6904090	118422
6904590	118432
6905090	118444
6905590	118449
6906090	118457
6906591	118461
6907091	118470
6907591	118482
6908093	118492
6908593	118498
6909093	118512
6909594	118519
6910094	118529
6910594	118538
6911095	118544
6911595	118552
6912095	118559
6912596	118568
6913097	118578
6913598	118584
6914098	118592
6914598	118603
6915100	118612
6915600	118623
6916100	118634
6916601	118643
6917101	118650
6917601	118664
6918102	118673
6918602	118680
6919102	118691
6919602	118700
6920102	118706
6920603	118715
6921104	118719
6921605	118729
6922105	118733
6922605	118737
6923106	118744
6923607	118751
6924107	118759
6924607	118766
6925107	118779
6925609	118787
6926110	118793
6926610	118801
6927110	118810
6927610	118814
6928110	118823
6928611	118830
6929111	118838
6929611	118847
6930111	118858
6930612	118866
6931112	118875
6931612	118884
6932112	118891
6932612	118894
6933112	118905
6933612	118911
6934112	118920
6934612	118927
6935112	118938
6935613	118943
6936113	118952
6936615	118961
6937119	118968
6937619	118978
6938119	118987
6938619	118993
6939119	119001
6939619	119009
6940119	119021
6940619	119033
6941119	119042
6941619	119052
6942119	119064
6942619	119073
6943119	119079
6943620	119086
6944120	119096
6944621	119099
6945122	119111
6945622	119117
6946122	119128
6946622	119138
6947123	119145
6947623	119151
6948123	119162
6948624	119172
6949125	119181
6949625	119193
6950126	119205
6950627	119215
6951127	119221
6951627	119233
6952127	119239
6952628	119247
6953128	119256
6953628	119265
6954128	119273
6954628	119279
6955128	119287
6955630	119296
6956131	119305
6956632	119311
6957132	119322
6957632	119333
6958133	119340
6958633	119344
6959133	119351
6959633	119360
6960134	119367
6960634	119373
6961134	119379
6961634	119387
6962134	119394
6962634	119402
6963134	119415
6963634	119428
6964135	119434
6964635	119446
6965135	119456
6965635	119467
6966135	119480
6966635	119487
6967136	119496
6967636	119503
6968136	119512
6968637	119518
6969138	119522
6969640	119533
6970140	119546
6970641	119555
6971141	119560
6971641	119566
6972141	119571
6972641	119577
6973141	119592
6973641	119595
6974141	119606
6974641	119611
6975141	119617
6975641	119627
6976141	119637
6976641	119650
6977141	119658
6977641	119667
6978141	119676
6978641	119686
6979141	119695
6979641	119705
6980141	119711
6980643	119721
6981143	119731
6981644	119744
6982145	119752
6982646	119762
6983147	119770
6983648	119781
6984148	119791
6984648	119796
6985148	119802
6985649	119811
6986149	119823
6986649	119832
6987149	119842
6987651	119848
6988152	119856
6988652	119867
6989152	119876
6989652	119881
6990152	119886
6990652	119892
6991152	119904
6991653	119913
6992153	119921
6992653	119926
6993153	119932
6993653	119940
6994153	119951
6994653	119969
6995153	119982
6995653	119992
6996153	119999
6996653	120010
6997153	120023
6997653	120035
6998153	120045
6998653	120056
6999153	120063
6999654	120071
7000154	120078
7000654	120090
7001154	120103
7001654	120115
7002154	120122
7002654	120130
7003154	120134
7003654	120143
7004156	120153
7004656	120161
7005156	120169
7005656	120179
7006156	120187
7006656	120199
7007157	120204
7007657	120220
7008157	120227
7008658	120234
7009160	120241
7009660	120256
7010160	120266
7010662	120275
7011164	120284
7011664	120293
7012166	120302
7012667	120307
7013168	120314
7013668	120318
7014168	120334
7014668	120338
7015168	120347
7015668	120354
7016171	120361
7016671	120373
7017171	120380
7017671	120391
7018171	120398
7018671	120409
7019171	120415
7019671	120420
7020171	120427
7020672	120435
7021172	120441
7021673	120452
7022173	120468
7022674	120479
7023174	120491
7023674	120500
7024174	120512
7024674	120519
7025174	120530
7025675	120542
7026175	120548
7026675	120560
7027175	120567
7027676	120576
7028177	120585
7028677	120594
7029178	120604
7029678	120612
7030178	120623
7030678	120626
7031179	120635
7031680	120642
7032180	120651
7032680	120655
7033180	120661
7033680	120670
7034180	120677
7034681	120689
7035182	120698
7035682	120709
7036182	120714
7036683	120725
7037184	120737
7037684	120743
7038184	120747
7038684	120757
7039184	120765
7039684	120767
7040184	120775
7040684	120786
7041184	120796
7041684	120805
7042184	120809
7042684	120813
7043184	120820
7043685	120827
7044186	120834
7044686	120845
7045186	120857
7045686	120866
7046187	120877
7046687	120886
7047187	120895
7047687	120904
7048187	120913
7048688	120924
7049188	120931
7049688	120940
7050188	120948
7050688	120955
7051189	120968
7051689	120976
7052190	120981
7052690	120989
7053190	120999
7053690	121009
7054190	121016
7054691	121020
7055192	121028
7055692	121037
7056192	121043
7056692	121050
7057192	121059
7057693	121070
7058194	121081
7058694	121090
7059194	121101
7059694	121113
7060195	121127
7060695	121130
7061196	121144
7061697	121151
7062197	121157
7062697	121158
7063198	121165
7063698	121174
7064199	121181
7064699	121189
7065200	121199
7065700	121209
7066200	121216
7066700	121229
7067201	121240
7067701	121249
7068201	121254
7068701	121268
7069203	121274
7069703	121280
7070205	121283
7070706	121296
7071207	121303
7071707	121307
7072207	121320
7072707	121325
7073207	121333
7073707	121344
7074208	121352
7074708	121361
7075210	121372
7075711	121383
7076212	121387
7076712	121402
7077212	121412
7077712	121425
7078212	121434
7078713	121440
7079214	121446
7079714	121458
7080214	121465
7080714	121474
7081214	121482
7081714	121493
7082214	121505
7082714	121518
7083215	121522
7083715	121536
7084215	121544
7084716	121555
7085216	121560
7085716	121570
7086216	121574
7086716	121585
7087216	121593
7087716	121604
7088216	121610
7088716	121616
7089218	121624
7089718	121637
7090219	121644
7090721	121649
7091222	121655
7091723	121659
7092224	121669
7092724	121675
7093226	121683
7093726	121690
7094227	121698
7094728	121704
7095229	121711
7095730	121718
7096230	121727
7096731	121735
7097231	121752
7097731	121759
7098232	121767
7098732	121776
7099232	121784
7099732	121792
7100233	121805
7100733	121812
7101233	121821
7101733	121826
7102233	121832
7102733	121841
7103233	121849
7103733	121865
7104233	121875
7104733	121880
7105234	121888
7105734	121901
7106234	121907
7106734	121914
7107235	121917
7107735	121924
7108235	121939
7108735	121945
7109238	121955
7109739	121964
7110239	121972
7110739	121978
7111239	121990
7111739	122001
7112240	122009
7112741	122016
7113241	122023
7113741	122033
7114243	122047
7114743	122052
7115243	122060
7115744	122069
7116244	122075
7116744	122089
7117245	122094
7117745	122105
7118245	122117
7118745	122126
7119245	122136
7119745	122150
7120246	122158
7120746	122169
7121246	122178
7121746	122184
7122246	122193
7122746	122199
7123246	122205
7123747	122211
7124247	122219
7124747	122230
7125248	122236
7125749	122243
7126250	122251
7126750	122259
7127250	122263
7127750	122270
7128250	122281
7128751	122289
7129251	122299
7129751	122310
7130252	122319
7130752	122326
7131252	122332
7131752	122341
7132253	122355
7132753	122362
7133253	122376
7133753	122386
7134253	122390
7134754	122403
7135254	122409
7135754	122419
7136254	122428
7136754	122437
7137255	122442
7137755	122446
7138255	122454
7138756	122462
7139257	122472
7139758	122482
7140259	122489
7140759	122497
7141259	122502
7141760	122507
7142261	122516
7142761	122527
7143261	122536
7143761	122543
7144262	122559
7144762	122567
7145262	122572
7145762	122582
7146262	122591
7146763	122600
7147264	122605
7147764	122613
7148264	122618
7148764	122631
7149264	122641
7149764	122650
7150266	122662
7150767	122679
7151267	122688
7151768	122696
7152268	122706
7152769	122714
7153269	122722
7153769	122733
7154269	122743
7154769	122748
7155269	122754
7155769	122759
7156270	122768
7156770	122773
7157271	122780
7157771	122790
7158272	122801
7158772	122812
7159273	122823
7159775	122828
7160276	122835
7160776	122843
7161276	122849
7161776	122861
7162276	122868
7162776	122884
7163276	122890
7163776	122894
7164277	122904
7164777	122912
7165277	122925
7165777	122934
7166277	122939
7166778	122950
7167278	122960
7167778	122970
7168279	122975
7168779	122984
7169279	122995
7169780	123002
7170280	123009
7170781	123013
7171281	123024
7171782	123033
7172283	123041
7172783	123051
7173284	123061
7173784	123063
7174284	123068
7174784	123080
7175284	123092
7175784	123105
7176284	123113
7176784	123124
7177284	123135
7177785	123145
7178286	123156
7178787	123164
7179287	123171
7179787	123177
7180287	123184
7180788	123194
7181288	123202
7181788	123206
7182289	123215
7182790	123220
7183290	123224
7183790	123233
7184290	123244
7184790	123260
7185292	123268
7185793	123273
7186293	123280
7186793	123285
7187293	123293
7187793	123301
7188293	123309
7188793	123316
7189293	123324
7189797	123329
7190297	123340
7190798	123350
7191298	123357
7191798	123368
7192299	123374
7192799	123386
7193299	123399
7193800	123404
7194300	123410
7194800	123413
7195300	123419
7195800	123424
7196300	123433
7196801	123448
7197301	123456
7197802	123468
7198302	123478
7198802	123484
7199303	123490
7199803	123497
7200303	123504
7200804	123511
7201308	123521
7201808	123533
7202309	123537
7202809	123547
7203309	123554
7203810	123562
7204310	123571
7204810	123580
7205310	123587
7205810	123595
7206310	123603
7206811	123614
7207311	123622
7207811	123633
7208311	123643
7208811	123655
7209311	123661
7209812	123664
7210314	123670
7210814	123674
7211314	123680
7211815	123691
7212315	123698
7212817	123708
7213317	123715
7213818	123724
7214318	123732
7214818	123739
7215318	123748
7215821	123756
7216322	123763
7216822	123767
7217323	123776
7217823	123784
7218327	123795
7218827	123805
7219327	123814
7219827	123828
7220327	123836
7220828	123843
7221329	123853
7221829	123860
7222330	123868
7222830	123879
7223330	123885
7223831	123894
7224331	123905
7224831	123913
7225331	123919
7225831	123927
7226332	123934
7226832	123942
7227332	123946
7227832	123954
7228333	123961
7228833	123974
7229334	123986
7229834	123996
7230334	124003
7230834	124008
7231335	124020
7231835	124033
7232335	124040
7232835	124053
7233335	124061
7233837	124069
7234337	124078
7234837	124085
7235337	124089
7235837	124095
7236337	124100
7236837	124110
7237337	124119
7237837	124124
7238337	124133
7238837	124140
7239339	124152
7239839	124157
7240339	124162
7240839	124165
7241342	124175
7241845	124182
7242345	124193
7242845	124200
7243345	124209
7243847	124222
7244347	124234
7244848	124243
7245348	124251
7245848	124268
7246348	124280
7246848	124288
7247349	124293
7247849	124302
7248349	124311
7248849	124321
7249349	124324
7249849	124332
7250350	124340
7250850	124353
7251350	124362
7251850	124367
7252350	124377
7252850	124389
7253350	124396
7253852	124405
7254353	124411
7254853	124421
7255354	124430
7255855	124434
7256356	124445
7256856	124451
7257356	124461
7257856	124468
7258357	124475
7258857	124479
7259357	124486
7259857	124498
7260358	124510
7260858	124516
7261359	124524
7261859	124536
7262359	124549
7262859	124559
7263359	124568
7263859	124574
7264359	124582
7264859	124589
7265359	124596
7265859	124604
7266360	124610
7266862	124621
7267362	124630
7267862	124639
7268362	124646
7268862	124662
7269362	124667
7269862	124670
7270362	124681
7270862	124687
7271365	124696
7271865	124703
7272366	124712
7272867	124728
7273367	124739
7273868	124745
7274368	124754
7274868	124760
7275368	124766
7275868	124776
7276368	124785
7276868	124796
7277369	124798
7277870	124809
7278370	124817
7278870	124826
7279370	124832
7279870	124840
7280370	124847
7280870	124864
7281370	124870
7281870	124881
7282371	124885
7282871	124897
7283371	124902
7283871	124906
7284371	124916
7284871	124926
7285371	124933
7285871	124940
7286371	124944
7286871	124953
7287371	124959
7287871	124965
7288371	124972
7288871	124988
7289371	125001
7289871	125016
7290371	125024
7290871	125034
7291372	125041
7291872	125050
7292373	125060
7292873	125069
7293374	125081
7293874	125089
7294374	125098
7294874	125103
7295374	125105
7295876	125111
7296376	125116
7296876	125124
7297376	125131
7297878	125145
7298379	125151
7298879	125167
7299380	125176
7299880	125188
7300380	125201
7300880	125207
7301383	125214
7301884	125224
7302385	125238
7302885	125250
7303387	125256
7303887	125265
7304387	125272
7304888	125285
7305389	125292
7305889	125302
7306389	125312
7306890	125321
7307390	125333
7307891	125342
7308391	125346
7308892	125350
7309392	125359
7309892	125364
7310392	125371
7310892	125381
7311392	125392
7311894	125402
7312394	125411
7312894	125420
7313395	125427
7313897	125438
7314397	125446
7314897	125462
7315397	125468
7315898	125478
7316398	125485
7316898	125495
7317399	125502
7317900	125510
7318402	125516
7318903	125523
7319403	125530
7319903	125535
7320406	125544
7320906	125555
7321407	125562
7321908	125574
7322408	125591
7322909	125605
7323409	125615
7323909	125624
7324410	125632
7324910	125645
7325410	125650
7325910	125651
7326410	125660
7326911	125668
7327412	125677
7327912	125686
7328412	125693
7328912	125702
7329413	125705
7329913	125718
7330413	125728
7330913	125733
7331414	125740
7331915	125747
7332415	125755
7332918	125765
7333418	125771
7333918	125779
7334418	125789
7334918	125797
7335418	125805
7335919	125810
7336419	125815
7336919	125817
7337419	125833
7337919	125843
7338419	125850
7338919	125861
7339419	125870
7339921	125882
7340421	125895
7340922	125900
7341422	125910
7341923	125915
7342423	125925
7342924	125931
7343424	125940
7343924	125945
7344424	125956
7344924	125964
7345425	125975
7345926	125984
7346426	125992
7346927	125997
7347428	126006
7347929	126017
7348429	126025
7348929	126032
7349430	126039
7349930	126048
7350430	126052
7350930	126061
7351430	126072
7351930	126084
7352430	126092
7352930	126098
7353430	126104
7353931	126114
7354432	126125
7354932	126136
7355433	126146
7355933	126153
7356433	126159
7356933	126167
7357434	126173
7357934	126183
7358434	126194
7358934	126205
7359434	126211
7359934	126213
7360435	126223
7360937	126230
7361437	126237
7361938	126248
7362439	126256
7362940	126261
7363440	126269
7363940	126277
7364440	126282
7364940	126290
7365440	126300
7365940	126308
7366440	126318
7366940	126330
7367441	126336
7367941	126346
7368441	126357
7368942	126371
7369443	126383
7369944	126389
7370446	126397
7370946	126403
7371447	126415
7371948	126420
7372448	126428
7372948	126439
7373448	126448
7373948	126462
7374449	126470
7374949	126473
7375449	126479
7375949	126490
7376449	126500
7376949	126509
7377449	126521
7377949	126527
7378449	126536
7378950	126543
7379451	126551
7379951	126559
7380451	126571
7380951	126580
7381451	126593
7381952	126608
7382452	126615
7382952	126621
7383452	126628
7383952	126639
7384452	126645
7384952	126651
7385453	126660
7385953	126667
7386454	126672
7386954	126678
7387454	126689
7387954	126699
7388454	126709
7388954	126720
7389456	126732
7389957	126741
7390458	126748
7390958	126754
7391458	126763
7391960	126769
7392460	126777
7392960	126785
7393460	126794
7393960	126806
7394460	126816
7394961	126824
7395461	126832
7395961	126839
7396462	126849
7396962	126861
7397462	126869
7397962	126877
7398463	126884
7398963	126892
7399463	126900
7399965	126908
7400465	126914
7400965	126923
7401465	126933
7401965	126942
7402465	126949
7402965	126955
7403466	126966
7403967	126973
7404468	126980
7404968	126989
7405469	126998
7405969	127007
7406470	127013
7406970	127020
7407471	127034
7407971	127046
7408471	127054
7408971	127062
7409472	127075
7409972	127087
7410473	127095
7410973	127103
7411474	127109
7411974	127115
7412475	127124
7412975	127134
7413475	127139
7413975	127150
7414475	127162
7414977	127167
7415477	127176
7415977	127189
7416478	127200
7416978	127206
7417478	127212
7417978	127220
7418478	127227
7418978	127233
7419478	127243
7419978	127249
7420478	127254
7420978	127260
7421478	127270
7421978	127278
7422479	127288
7422980	127298
7423481	127305
7423981	127316
7424482	127323
7424982	127327
7425483	127332
7425983	127342
7426484	127352
7426985	127365
7427487	127369
7427987	127380
7428487	127391
7428988	127401
7429488	127414
7429988	127424
7430488	127434
7430989	127438
7431490	127448
7431990	127455
7432490	127463
7432992	127466
7433492	127473
7433992	127478
7434492	127489
7434992	127502
7435492	127517
7435992	127526
7436492	127533
7436992	127546
7437492	127556
7437992	127562
7438492	127568
7438992	127579
7439492	127588
7439992	127594
7440494	127599
7440994	127610
7441494	127618
7441994	127628
7442494	127640
7442994	127651
7443495	127659
7443995	127667
7444496	127673
7444996	127680
7445496	127689
7445996	127697
7446496	127709
7446996	127718
7447496	127727
7447996	127735
7448496	127744
7448997	127753
7449498	127759
7449998	127767
7450498	127778
7450998	127784
7451498	127790
7451998	127794
7452498	127798
7452999	127808
7453500	127816
7454000	127828
7454500	127837
7455000	127847
7455500	127859
7456000	127865
7456501	127871
7457001	127877
7457501	127883
7458001	127895
7458502	127902
7459002	127910
7459502	127921
7460002	127934
7460502	127945
7461002	127959
7461504	127967
7462004	127981
7462504	127989
7463004	127996
7463504	128006
7464004	128011
7464504	128024
7465005	128038
7465505	128045
7466005	128055
7466505	128060
7467005	128069
7467506	128076
7468007	128083
7468507	128092
7469007	128097
7469508	128108
7470008	128117
7470508	128126
7471008	128133
7471508	128143
7472008	128148
7472508	128158
7473008	128168
7473508	128173
7474009	128181
7474509	128192
7475009	128206
7475509	128213
7476009	128225
7476511	128228
7477012	128236
7477512	128245
7478013	128251
7478513	128257
7479013	128265
7479514	128271
7480014	128286
7480517	128296
7481017	128300
7481518	128305
7482018	128313
7482518	128319
7483018	128324
7483518	128331
7484019	128341
7484519	128349
7485019	128355
7485519	128364
7486019	128368
7486520	128374
7487021	128381
7487521	128389
7488021	128400
7488521	128410
7489021	128417
7489521	128423
7490022	128431
7490522	128442
7491023	128449
7491524	128456
7492024	128466
7492524	128473
7493025	128479
7493525	128489
7494026	128498
7494526	128505
7495026	128515
7495526	128526
7496026	128536
7496526	128544
7497026	128551
7497526	128563
7498027	128572
7498528	128579
7499028	128585
7499528	128594
7500029	128606
7500529	128615
7501029	128627
7501529	128639
7502029	128645
7502529	128653
7503029	128660
7503529	128674
7504030	128687
7504530	128694
7505030	128698
7505530	128708
7506030	128721
7506530	128728
7507030	128736
7507530	128746
7508031	128754
7508532	128768
7509032	128778
7509533	128786
7510033	128789
7510533	128797
7511033	128807
7511534	128818
7512034	128827
7512534	128836
7513036	128846
7513536	128851
7514038	128857
7514538	128864
7515038	128871
7515538	128885
7516038	128896
7516539	128904
7517039	128914
7517539	128921
7518040	128930
7518540	128939
7519041	128947
7519541	128953
7520041	128957
7520541	128964
7521041	128970
7521542	128977
7522044	128984
7522544	128994
7523044	129001
7523544	129009
7524044	129025
7524544	129036
7525044	129043
7525544	129056
7526044	129064
7526544	129074
7527044	129085
7527545	129090
7528046	129097
7528546	129105
7529046	129113
7529546	129120
7530046	129130
7530547	129135
7531049	129144
7531550	129150
7532050	129158
7532550	129164
7533052	129170
7533552	129183
7534052	129198
7534553	129207
7535053	129218
7535554	129223
7536054	129230
7536554	129236
7537054	129251
7537554	129257
7538054	129264
7538554	129275
7539054	129286
7539555	129290
7540055	129299
7540557	129302
7541057	129312
7541558	129324
7542058	129327
7542558	129330
7543058	129336
7543558	129348
7544059	129355
7544559	129364
7545059	129368
7545559	129375
7546059	129386
7546559	129395
7547060	129402
7547561	129413
7548062	129422
7548562	129426
7549063	129438
7549563	129447
7550063	129454
7550563	129465
7551063	129469
7551563	129479
7552063	129490
7552563	129495
7553063	129510
7553563	129519
7554063	129530
7554563	129538
7555064	129541
7555564	129550
7556065	129557
7556565	129570
7557066	129572
7557566	129578
7558066	129594
7558566	129603
7559066	129610
7559566	129616
7560066	129627
7560566	129634
7561066	129643
7561567	129647
7562067	129654
7562568	129667
7563069	129679
7563569	129687
7564069	129694
7564569	129702
7565069	129711
7565570	129719
7566071	129728
7566571	129741
7567072	129749
7567572	129753
7568073	129763
7568573	129772
7569073	129780
7569573	129788
7570073	129793
7570573	129801
7571073	129815
7571574	129821
7572074	129828
7572574	129832
7573077	129840
7573577	129848
7574077	129860
7574578	129866
7575078	129872
7575578	129883
7576078	129892
7576579	129907
7577080	129911
7577580	129919
7578080	129925
7578580	129935
7579080	129942
7579580	129949
7580080	129962
7580580	129973
7581080	129983
7581580	129989
7582080	129997
7582581	130006
7583082	130015
7583582	130023
7584082	130027
7584582	130040
7585082	130051
7585582	130055
7586083	130064
7586584	130076
7587084	130084
7587584	130094
7588084	130099
7588585	130103
7589085	130111
7589585	130120
7590085	130127
7590586	130140
7591086	130148
7591586	130162
7592088	130166
7592588	130172
7593088	130186
7593591	130191
7594091	130206
7594592	130213
7595092	130219
7595592	130229
7596093	130240
7596593	130251
7597093	130257
7597593	130271
7598093	130284
7598593	130286
7599093	130295
7599593	130305
7600094	130317
7600595	130325
7601095	130330
7601595	130339
7602095	130350
7602597	130362
7603097	130369
7603597	130376
7604097	130390
7604598	130401
7605099	130409
7605599	130421
7606100	130429
7606600	130435
7607100	130449
7607601	130457
7608102	130460
7608602	130472
7609105	130477
7609606	130485
7610106	130493
7610606	130503
7611106	130508
7611606	130513
7612106	130522
7612607	130534
7613107	130540
7613608	130550
7614108	130555
7614609	130560
7615110	130571
7615610	130575
7616111	130591
7616611	130598
7617111	130612
7617611	130620
7618111	130629
7618613	130637
7619113	130647
7619613	130658
7620114	130662
7620614	130668
7621115	130676
7621617	130686
7622117	130692
7622618	130699
7623118	130704
7623618	130716
7624118	130719
7624618	130731
7625118	130737
7625619	130747
7626120	130752
7626620	130758
7627120	130769
7627622	130778
7628122	130790
7628623	130801
7629123	130809
7629623	130830
7630124	130837
7630624	130849
7631126	130855
7631626	130868
7632126	130879
7632626	130884
7633126	130893
7633626	130897
7634126	130905
7634626	130911
7635126	130915
7635627	130927
7636127	130936
7636627	130941
7637127	130946
7637627	130955
7638128	130965
7638628	130977
7639129	130984
7639630	130991
7640130	131000
7640630	131005
7641130	131014
7641630	131020
7642130	131027
7642630	131037
7643134	131045
7643634	131051
7644134	131057
7644636	131062
7645136	131073
7645636	131082
7646136	131087
7646636	131094
7647136	131103
7647636	131113
7648136	131123
7648636	131134
7649136	131142
7649637	131149
7650138	131158
7650638	131169
7651138	131179
7651638	131186
7652138	131195
7652638	131205
7653140	131213
7653641	131218
7654141	131233
7654641	131241
7655142	131251
7655642	131258
7656142	131268
7656643	131277
7657143	131283
7657643	131292
7658145	131299
7658645	131307
7659147	131309
7659647	131319
7660147	131327
7660647	131340
7661148	131346
7661649	131353
7662149	131364
7662650	131372
7663150	131380
7663650	131384
7664150	131388
7664650	131398
7665151	131403
7665651	131410
7666151	131418
7666651	131426
7667153	131439
7667653	131447
7668153	131457
7668653	131466
7669153	131476
7669655	131486
7670156	131489
7670657	131496
7671157	131505
7671658	131511
7672158	131515
7672658	131525
7673158	131533
7673658	131541
7674159	131548
7674659	131554
7675159	131564
7675659	131573
7676160	131581
7676660	131592
7677160	131612
7677660	131626
7678162	131635
7678662	131642
7679162	131653
7679662	131658
7680163	131667
7680664	131675
7681164	131685
7681664	131692
7682164	131699
7682665	131707
7683166	131713
7683667	131720
7684167	131732
7684667	131736
7685169	131738
7685669	131742
7686169	131750
7686669	131758
7687169	131765
7687669	131775
7688170	131782
7688670	131794
7689170	131801
7689671	131808
7690173	131821
7690674	131834
7691174	131847
7691675	131856
7692175	131864
7692675	131872
7693175	131878
7693675	131885
7694175	131889
7694676	131903
7695177	131909
7695677	131914
7696177	131921
7696677	131933
7697177	131940
7697678	131944
7698178	131949
7698678	131955
7699181	131969
7699681	131976
7700181	131990
7700681	131995
7701181	132004
7701682	132013
7702182	132021
7702682	132027
7703183	132037
7703684	132045
7704185	132048
7704685	132058
7705185	132075
7705686	132082
7706186	132089
7706687	132102
7707187	132109
7707688	132114
7708188	132120
7708690	132131
7709190	132139
7709691	132144
7710191	132156
7710691	132166
7711191	132173
7711691	132181
7712192	132192
7712693	132198
7713193	132212
7713693	132217
7714193	132226
7714694	132232
7715195	132241
7715695	132253
7716195	132257
7716695	132265
7717195	132269
7717695	132285
7718196	132294
7718696	132303
7719196	132311
7719697	132319
7720198	132323
7720699	132328
7721199	132341
7721699	132351
7722200	132361
7722700	132365
7723200	132370
7723700	132385
7724200	132395
7724701	132402
7725201	132406
7725702	132417
7726203	132424
7726703	132433
7727204	132439
7727704	132452
7728204	132462
7728704	132470
7729204	132473
7729705	132484
7730205	132493
7730706	132500
7731206	132505
7731706	132509
7732208	132514
7732708	132519
7733208	132532
7733709	132544
7734209	132554
7734709	132563
7735210	132566
7735711	132575
7736211	132587
7736712	132593
7737214	132597
7737714	132605
7738214	132615
7738714	132625
7739214	132635
7739714	132641
7740214	132653
7740714	132664
7741214	132675
7741714	132687
7742216	132699
7742716	132704
7743217	132714
7743717	132718
7744217	132725
7744717	132735
7745217	132745
7745717	132754
7746218	132765
7746718	132774
7747219	132782
7747719	132794
7748219	132804
7748719	132809
7749219	132815
7749720	132822
7750220	132825
7750720	132832
7751220	132838
7751720	132851
7752220	132865
7752721	132878
7753221	132886
7753721	132889
7754221	132896
7754721	132900
7755221	132911
7755722	132918
7756222	132925
7756722	132932
7757222	132944
7757722	132951
7758222	132963
7758722	132973
7759222	132982
7759722	132987
7760224	132999
7760724	133006
7761225	133015
7761725	133023
7762225	133032
7762725	133041
7763225	133049
7763725	133055
7764225	133062
7764726	133075
7765226	133085
7765726	133092
7766226	133101
7766726	133109
7767226	133116
7767726	133123
7768226	133130
7768726	133137
7769226	133147
7769726	133155
7770227	133162
7770728	133164
7771228	133177
7771728	133184
7772228	133194
7772728	133202
7773228	133215
7773728	133219
7774228	133226
7774730	133234
7775230	133241
7775731	133250
7776231	133256
7776731	133268
7777231	133276
7777731	133280
7778231	133291
7778732	133300
7779232	133307
7779733	133311
7780233	133320
7780734	133332
7781234	133343
7781734	133353
7782235	133358
7782735	133365
7783235	133369
7783735	133377
7784235	133383
7784736	133394
7785236	133407
7785736	133413
7786236	133424
7786738	133436
7787238	133446
7787738	133456
7788238	133464
7788738	133473
7789238	133481
7789739	133487
7790239	133503
7790739	133508
7791239	133517
7791739	133533
7792239	133539
7792740	133549
7793240	133557
7793741	133560
7794241	133562
7794742	133570
7795242	133578
7795743	133582
7796243	133590
7796744	133598
7797246	133606
7797748	133611
7798249	133623
7798750	133633
7799251	133641
7799751	133651
7800253	133660
7800753	133670
7801253	133680
7801753	133689
7802253	133702
7802753	133713
7803253	133720
7803753	133732
7804255	133739
7804755	133749
7805255	133759
7805757	133772
7806257	133780
7806757	133787
7807258	133793
7807758	133800
7808259	133814
7808759	133821
7809261	133830
7809764	133841
7810264	133844
7810765	133851
7811265	133857
7811765	133868
7812265	133874
7812765	133884
7813265	133892
7813765	133902
7814266	133910
7814766	133921
7815266	133930
7815766	133935
7816268	133947
7816768	133954
7817269	133954
7817770	133963
7818270	133971
7818772	133991
7819272	134000
7819772	134013
7820273	134026
7820773	134032
7821274	134036
7821774	134044
7822275	134052
7822775	134059
7823275	134072
7823776	134074
7824276	134086
7824776	134091
7825277	134098
7825777	134111
7826277	134113
7826777	134118
7827278	134128
7827778	134135
7828278	134142
7828779	134148
7829279	134162
7829779	134165
7830279	134174
7830779	134183
7831279	134189
7831779	134199
7832279	134206
7832779	134221
7833279	134229
7833779	134235
7834279	134245
7834779	134253
7835280	134259
7835781	134271
7836281	134278
7836781	134284
7837283	134292
7837784	134298
7838285	134303
7838785	134309
7839286	134314
7839786	134324
7840287	134333
7840788	134345
7841289	134354
7841789	134365
7842289	134376
7842790	134383
7843292	134388
7843792	134397
7844292	134408
7844792	134421
7845292	134425
7845792	134428
7846293	134436
7846794	134440
7847294	134451
7847795	134462
7848295	134468
7848795	134477
7849295	134484
7849795	134492
7850295	134501
7850795	134508
7851295	134514
7851795	134521
7852295	134530
7852795	134545
7853295	134555
7853795	134565
7854295	134570
7854795	134583
7855296	134589
7855796	134598
7856297	134608
7856798	134615
7857298	134624
7857798	134631
7858298	134637
7858798	134645
7859299	134653
7859799	134660
7860299	134668
7860799	134678
7861299	134687
7861800	134697
7862300	134702
7862800	134710
7863300	134724
7863802	134734
7864303	134741
7864803	134746
7865303	134752
7865803	134762
7866305	134772
7866805	134778
7867305	134787
7867806	134793
7868306	134801
7868806	134810
7869307	134817
7869809	134823
7870310	134830
7870810	134838
7871310	134848
7871810	134861
7872310	134866
7872810	134870
7873311	134876
7873811	134885
7874311	134893
7874811	134899
7875312	134911
7875812	134920
7876312	134926
7876814	134934
7877314	134942
7877815	134958
7878317	134969
7878817	134983
7879317	134988
7879817	134994
7880318	135003
7880818	135010
7881318	135019
7881818	135031
7882318	135041
7882818	135050
7883318	135059
7883819	135071
7884319	135080
7884821	135088
7885322	135095
7885822	135102
7886322	135111
7886823	135122
7887323	135129
7887823	135139
7888323	135143
7888823	135151
7889323	135160
7889823	135165
7890323	135180
7890824	135186
7891325	135192
7891825	135203
7892326	135215
7892826	135225
7893326	135236
7893828	135243
7894330	135252
7894831	135262
7895331	135275
7895832	135279
7896332	135287
7896832	135294
7897333	135304
7897833	135312
7898333	135321
7898834	135328
7899334	135335
7899834	135343
7900335	135352
7900836	135361
7901337	135372
7901837	135377
7902337	135386
7902837	135392
7903337	135401
7903837	135410
7904337	135420
7904838	135423
7905338	135433
7905838	135445
7906338	135453
7906838	135464
7907339	135472
7907839	135480
7908340	135487
7908840	135496
7909340	135503
7909840	135511
7910340	135515
7910840	135526
7911340	135536
7911840	135548
7912340	135565
7912841	135576
7913342	135584
7913843	135591
7914343	135603
7914843	135612
7915343	135624
7915843	135632
7916344	135637
7916845	135646
7917345	135657
7917845	135663
7918345	135667
7918845	135678
7919346	135694
7919846	135703
7920346	135711
7920846	135720
7921347	135727
7921847	135735
7922347	135747
7922849	135752
7923349	135758
7923851	135763
7924351	135772
7924853	135788
7925354	135795
7925854	135802
7926354	135804
7926854	135813
7927354	135827
7927854	135836
7928354	135845
7928854	135859
7929354	135868
7929855	135879
7930357	135883
7930857	135894
7931358	135904
7931858	135914
7932358	135924
7932858	135938
7933359	135951
7933859	135958
7934360	135965
7934860	135974
7935360	135979
7935860	135990
7936360	135994
7936860	136003
7937361	136011
7937862	136016
7938362	136021
7938862	136025
7939363	136034
7939863	136036
7940363	136046
7940865	136054
7941365	136061
7941865	136067
7942365	136077
7942866	136086
7943366	136098
7943866	136111
7944366	136115
7944866	136122
7945366	136136
7945866	136139
7946366	136145
7946866	136157
7947366	136163
7947866	136174
7948366	136187
7948866	136193
7949367	136199
7949867	136208
7950368	136218
7950868	136230
7951368	136240
7951869	136243
7952370	136254
7952871	136266
7953371	136269
7953871	136278
7954371	136285
7954871	136295
7955371	136305
7955871	136317
7956371	136329
7956871	136340
7957371	136350
7957871	136361
7958372	136367
7958872	136371
7959372	136374
7959872	136381
7960372	136386
7960872	136398
7961372	136405
7961873	136413
7962374	136420
7962875	136428
7963375	136441
7963876	136450
7964376	136454
7964876	136466
7965377	136476
7965878	136482
7966379	136490
7966879	136500
7967379	136507
7967879	136512
7968380	136523
7968880	136529
7969380	136535
7969880	136540
7970380	136545
7970881	136550
7971381	136558
7971881	136566
7972381	136573
7972881	136581
7973382	136586
7973882	136588
7974383	136597
7974883	136607
7975383	136617
7975883	136625
7976383	136638
7976883	136651
7977383	136661
7977883	136674
7978383	136689
7978886	136697
7979386	136709
7979886	136714
7980386	136724
7980886	136734
7981386	136740
7981886	136748
7982386	136761
7982886	136770
7983387	136780
7983887	136786
7984388	136793
7984889	136800
7985389	136814
7985889	136824
7986389	136835
7986890	136842
7987390	136849
7987891	136856
7988391	136870
7988891	136883
7989392	136889
7989892	136903
7990392	136912
7990892	136915
7991392	136926
7991893	136933
7992393	136940
7992893	136949
7993395	136956
7993895	136963
7994395	136975
7994895	136983
7995395	136991
7995895	137011
7996395	137017
7996895	137029
7997395	137037
7997895	137047
7998395	137056
7998895	137065
7999396	137073
7999896	137081
8000396	137091
8000896	137102
8001396	137106
8001896	137116
8002396	137126
8002897	137131
8003398	137138
8003898	137149
8004398	137156
8004898	137164
8005399	137172
8005900	137177
8006401	137186
8006902	137195
8007402	137209
8007903	137215
8008403	137227
8008903	137235
8009403	137244
8009903	137248
8010403	137253
8010903	137257
8011403	137266
8011903	137273
8012404	137283
8012904	137287
8013404	137294
8013904	137307
8014404	137317
8014905	137328
8015406	137339
8015906	137345
8016406	137356
8016906	137370
8017406	137377
8017906	137385
8018406	137399
8018907	137405
8019407	137412
8019907	137417
8020407	137423
8020908	137429
8021408	137438
8021908	137446
8022409	137455
8022909	137470
8023410	137478
8023910	137484
8024410	137497
8024910	137502
8025411	137519
8025911	137532
8026411	137540
8026911	137548
8027411	137557
8027911	137564
8028411	137576
8028911	137581
8029411	137586
8029911	137590
8030412	137602
8030912	137610
8031412	137619
8031912	137625
8032412	137639
8032912	137643
8033412	137653
8033912	137661
8034412	137669
8034912	137679
8035412	137688
8035912	137698
8036412	137702
8036912	137713
8037413	137725
8037913	137733
8038413	137739
8038913	137748
8039413	137761
8039913	137769
8040413	137777
8040913	137779
8041414	137786
8041914	137796
8042414	137806
8042915	137814
8043415	137822
8043915	137831
8044415	137842
8044915	137849
8045416	137857
8045917	137863
8046419	137874
8046919	137883
8047419	137889
8047919	137897
8048419	137906
8048920	137915
8049420	137923
8049920	137931
8050421	137937
8050921	137947
8051421	137957
8051921	137963
8052422	137971
8052922	137978
8053424	137986
8053925	137995
8054426	138005
8054926	138010
8055427	138017
8055927	138023
8056428	138033
8056928	138044
8057428	138049
8057928	138060
8058428	138070
8058929	138081
8059429	138091
8059929	138096
8060430	138105
8060930	138115
8061430	138124
8061930	138132
8062431	138142
8062932	138149
8063433	138155
8063934	138167
8064434	138173
8064934	138180
8065434	138188
8065934	138197
8066434	138203
8066934	138213
8067435	138225
8067935	138230
8068436	138243
8068936	138257
8069437	138269
8069937	138281
8070438	138289
8070939	138296
8071439	138306
8071940	138314
8072440	138327
8072940	138339
8073440	138351
8073941	138360
8074443	138370
8074945	138374
8075446	138384
8075946	138390
8076446	138396
8076947	138405
8077447	138417
8077948	138427
8078448	138431
8078952	138437
8079452	138442
8079952	138454
8080452	138459
8080952	138468
8081453	138479
8081953	138488
8082453	138497
8082953	138500
8083453	138508
8083954	138516
8084455	138523
8084955	138530
8085455	138539
8085955	138547
8086455	138560
8086957	138572
8087458	138578
8087958	138588
8088458	138599
8088959	138604
8089459	138610
8089959	138615
8090459	138624
8090959	138630
8091459	138638
8091959	138649
8092459	138657
8092959	138666
8093460	138672
8093960	138679
8094460	138686
8094960	138696
8095461	138703
8095963	138715
8096464	138722
8096964	138731
8097465	138734
8097966	138743
8098466	138749
8098967	138757
8099467	138763
8099968	138772
8100469	138780
8100969	138789
8101469	138799
8101969	138809
8102469	138821
8102969	138830
8103469	138843
8103969	138854
8104469	138864
8104970	138873
8105470	138877
8105970	138885
8106471	138892
8106971	138895
8107471	138908
8107972	138916
8108472	138923
8108974	138930
8109474	138936
8109974	138941
8110474	138949
8110976	138957
8111476	138966
8111976	138973
8112477	138987
8112979	138997
8113480	139006
8113980	139014
8114480	139025
8114981	139036
8115482	139043
8115982	139054
8116482	139060
8116982	139071
8117482	139080
8117982	139088
8118483	139092
8118984	139099
8119484	139110
8119985	139118
8120485	139124
8120986	139130
8121486	139139
8121986	139152
8122486	139157
8122986	139171
8123487	139178
8123987	139187
8124487	139198
8124988	139208
8125488	139220
8125988	139234
8126488	139240
8126988	139245
8127488	139255
8127988	139264
8128489	139270
8128990	139276
8129490	139285
8129990	139292
8130490	139300
8130990	139305
8131492	139316
8131992	139330
8132492	139337
8132992	139344
8133495	139357
8133995	139367
8134495	139375
8134995	139384
8135495	139388
8135996	139396
8136497	139398
8136997	139405
8137497	139417
8137997	139422
8138497	139436
8138998	139444
8139498	139449
8139999	139456
8140499	139464
8140999	139474
8141500	139484
8142000	139494
8142500	139508
8143000	139517
8143500	139523
8144000	139530
8144500	139538
8145000	139546
8145500	139559
8146001	139569
8146501	139581
8147001	139589
8147502	139599
8148002	139604
8148502	139610
8149002	139617
8149502	139624
8150002	139632
8150502	139641
8151002	139653
8151502	139664
8152002	139671
8152502	139679
8153002	139687
8153504	139695
8154005	139703
8154505	139706
8155005	139715
8155506	139727
8156006	139740
8156508	139754
8157008	139766
8157510	139776
8158010	139786
8158510	139789
8159011	139799
8159512	139806
8160013	139812
8160513	139817
8161014	139830
8161514	139839
8162014	139848
8162514	139854
8163014	139868
8163514	139881
8164015	139890
8164516	139896
8165018	139904
8165518	139916
8166020	139925
8166520	139931
8167020	139939
8167520	139949
8168021	139956
8168521	139965
8169021	139969
8169521	139978
8170021	139981
8170522	139988
8171022	140002
8171522	140006
8172022	140018
8172522	140028
8173022	140038
8173522	140044
8174022	140054
8174522	140069
8175022	140073
8175522	140081
8176023	140091
8176525	140099
8177025	140106
8177525	140114
8178026	140120
8178526	140128
8179027	140138
8179527	140150
8180028	140154
8180528	140164
8181029	140173
8181529	140183
8182029	140192
8182529	140206
8183029	140212
8183530	140221
8184030	140225
8184530	140232
8185030	140238
8185530	140248
8186031	140266
8186532	140272
8187032	140280
8187534	140289
8188034	140303
8188534	140310
8189034	140318
8189534	140327
8190034	140337
8190534	140354
8191035	140361
8191537	140368
8192038	140380
8192539	140389
8193040	140403
8193543	140412
8194044	140419
8194544	140426
8195045	140435
8195545	140448
8196046	140454
8196547	140459
8197047	140472
8197547	140479
8198047	140482
8198548	140491
8199048	140498
8199548	140499
8200049	140514
8200549	140520
8201050	140527
8201550	140536
8202050	140545
8202550	140556
8203050	140565
8203550	140575
8204050	140581
8204551	140591
8205051	140595
8205551	140603
8206053	140607
8206553	140621
8207053	140634
8207553	140640
8208053	140647
8208553	140660
8209053	140671
8209554	140679
8210055	140691
8210555	140699
8211055	140705
8211555	140714
8212055	140725
8212555	140732
8213056	140749
8213556	140758
8214056	140777
8214556	140785
8215056	140793
8215556	140803
8216057	140813
8216558	140819
8217058	140826
8217559	140832
8218059	140840
8218559	140848
8219059	140859
8219559	140870
8220060	140875
8220560	140884
8221060	140892
8221563	140898
8222063	140904
8222563	140908
8223063	140921
8223563	140934
8224063	140944
8224563	140954
8225066	140961
8225566	140971
8226066	140980
8226567	140993
8227067	141000
8227567	141007
8228067	141015
8228569	141024
8229069	141032
8229570	141044
8230071	141053
8230571	141060
8231071	141068
8231571	141079
8232071	141085
8232573	141092
8233073	141099
8233574	141106
8234075	141112
8234575	141120
8235075	141125
8235575	141132
8236075	141143
8236575	141154
8237076	141160
8237576	141169
8238076	141178
8238576	141189
8239076	141197
8239577	141209
8240077	141216
8240578	141225
8241078	141237
8241578	141247
8242078	141253
8242578	141263
8243079	141277
8243580	141283
8244080	141285
8244580	141289
8245082	141299
8245582	141305
8246082	141309
8246582	141317
8247082	141327
8247583	141337
8248086	141343
8248586	141354
8249086	141362
8249586	141374
8250087	141379
8250588	141393
8251089	141406
8251589	141417
8252089	141425
8252589	141429
8253090	141444
8253592	141449
8254092	141456
8254593	141473
8255093	141480
8255593	141488
8256094	141495
8256594	141504
8257095	141515
8257595	141523
8258095	141534
8258596	141541
8259096	141553
8259596	141560
8260096	141570
8260596	141584
8261096	141595
8261596	141601
8262096	141611
8262596	141616
8263096	141625
8263596	141632
8264096	141641
8264596	141648
8265098	141658
8265598	141666
8266098	141677
8266599	141684
8267099	141695
8267599	141705
8268099	141715
8268599	141724
8269100	141739
8269600	141749
8270100	141764
8270600	141770
8271101	141782
8271602	141787
8272103	141800
8272603	141802
8273103	141812
8273605	141819
8274105	141828
8274607	141837
8275107	141849
8275607	141855
8276108	141863
8276608	141871
8277108	141883
8277609	141894
8278110	141903
8278610	141913
8279110	141921
8279610	141932
8280110	141937
8280610	141942
8281110	141953
8281610	141961
8282110	141969
8282611	141977
8283111	141986
8283612	141991
8284112	141996
8284612	142008
8285112	142021
8285612	142026
8286113	142042
8286613	142050
8287113	142059
8287613	142073
8288113	142088
8288613	142099
8289113	142112
8289614	142126
8290114	142132
8290614	142140
8291116	142146
8291616	142162
8292116	142166
8292617	142174
8293117	142187
8293617	142194
8294118	142201
8294618	142204
8295118	142213
8295618	142224
8296118	142234
8296618	142241
8297118	142248
8297618	142256
8298118	142262
8298618	142269
8299119	142275
8299619	142283
8300119	142294
8300619	142303
8301119	142310
8301619	142316
8302122	142321
8302622	142330
8303122	142335
8303622	142345
8304122	142356
8304622	142358
8305122	142364
8305623	142367
8306124	142379
8306624	142390
8307124	142402
8307624	142407
8308125	142416
8308625	142421
8309125	142432
8309625	142441
8310126	142451
8310628	142458
8311128	142468
8311628	142476
8312128	142486
8312628	142492
8313128	142501
8313628	142511
8314129	142521
8314629	142528
8315130	142534
8315630	142543
8316130	142554
8316630	142561
8317132	142572
8317633	142587
8318133	142594
8318633	142602
8319133	142614
8319633	142621
8320134	142629
8320635	142637
8321135	142645
8321635	142655
8322137	142662
8322637	142669
8323137	142682
8323637	142690
8324137	142699
8324637	142709
8325137	142712
8325637	142720
8326139	142730
8326640	142744
8327141	142752
8327641	142757
8328142	142763
8328642	142774
8329142	142783
8329643	142792
8330143	142803
8330643	142813
8331143	142820
8331643	142834
8332143	142843
8332644	142850
8333144	142859
8333645	142867
8334145	142876
8334645	142888
8335145	142899
8335647	142905
8336147	142912
8336647	142922
8337149	142929
8337649	142932
8338149	142938
8338651	142942
8339151	142951
8339651	142960
8340151	142969
8340652	142976
8341152	142991
8341652	142999
8342152	143007
8342652	143017
8343152	143023
8343652	143034
8344153	143043
8344653	143054
8345153	143062
8345655	143072
8346155	143081
8346655	143088
8347155	143096
8347655	143101
8348155	143105
8348655	143110
8349155	143118
8349655	143123
8350155	143128
8350656	143136
8351156	143146
8351656	143154
8352156	143160
8352656	143165
8353156	143174
8353658	143184
8354158	143195
8354658	143201
8355160	143214
8355660	143223
8356160	143232
8356661	143239
8357161	143253
8357661	143264
8358161	143272
8358661	143279
8359162	143289
8359662	143296
8360162	143302
8360663	143309
8361163	143317
8361665	143324
8362165	143335
8362665	143343
8363165	143351
8363667	143362
8364167	143367
8364668	143373
8365168	143380
8365668	143388
8366168	143395
8366669	143404
8367169	143413
8367672	143425
8368172	143437
8368672	143449
8369172	143459
8369672	143470
8370172	143475
8370673	143485
8371173	143496
8371673	143500
8372173	143511
8372674	143518
8373174	143529
8373674	143534
8374174	143546
8374674	143552
8375174	143557
8375674	143564
8376174	143577
8376674	143583
8377174	143590
8377674	143598
8378175	143605
8378675	143614
8379175	143629
8379677	143643
8380177	143649
8380677	143656
8381177	143661
8381679	143672
8382179	143681
8382679	143686
8383179	143694
8383679	143703
8384179	143710
8384679	143720
8385179	143731
8385681	143743
8386182	143750
8386683	143756
8387183	143763
8387683	143773
8388183	143780
8388685	143785
8389185	143793
8389687	143804
8390188	143814
8390689	143817
8391190	143824
8391693	143834
8392193	143846
8392694	143856
8393194	143866
8393695	143870
8394196	143879
8394696	143886
8395196	143893
8395696	143903
8396196	143907
8396696	143918
8397198	143929
8397699	143940
8398199	143944
8398699	143952
8399199	143958
8399700	143968
8400200	143974
8400701	143982
8401201	143989
8401701	143995
8402201	144008
8402702	144016
8403203	144028
8403703	144034
8404203	144040
8404703	144050
8405203	144055
8405703	144061
8406203	144069
8406703	144081
8407203	144089
8407703	144098
8408204	144102
8408705	144104
8409205	144115
8409705	144125
8410206	144132
8410707	144141
8411207	144150
8411707	144156
8412208	144162
8412709	144169
8413209	144181
8413709	144190
8414209	144195
8414709	144201
8415209	144209
8415709	144220
8416209	144228
8416710	144240
8417210	144246
8417711	144258
8418213	144263
8418714	144270
8419214	144284
8419714	144291
8420214	144300
8420715	144307
8421215	144317
8421715	144325
8422215	144333
8422715	144340
8423215	144346
8423715	144356
8424218	144363
8424718	144369
8425219	144377
8425720	144388
8426220	144397
8426721	144409
8427221	144419
8427722	144424
8428222	144431
8428722	144441
8429223	144447
8429723	144455
8430223	144463
8430723	144472
8431224	144477
8431724	144490
8432224	144502
8432724	144506
8433224	144515
8433724	144525
8434226	144532
8434727	144537
8435227	144544
8435729	144556
8436229	144564
8436729	144578
8437230	144582
8437734	144587
8438235	144595
8438735	144603
8439235	144611
8439736	144620
8440236	144628
8440736	144639
8441236	144646
8441736	144653
8442236	144657
8442737	144664
8443238	144669
8443738	144673
8444238	144676
8444738	144685
8445238	144694
8445738	144702
8446240	144708
8446740	144716
8447240	144726
8447740	144738
8448240	144746
8448740	144754
8449240	144762
8449740	144772
8450240	144784
8450741	144792
8451241	144800
8451741	144806
8452242	144817
8452742	144824
8453243	144830
8453743	144841
8454243	144852
8454743	144859
8455243	144872
8455743	144879
8456243	144889
8456743	144895
8457243	144902
8457744	144909
8458245	144920
8458745	144933
8459245	144940
8459745	144946
8460245	144959
8460745	144964
8461245	144972
8461745	144983
8462246	144988
8462747	144998
8463248	145004
8463748	145009
8464248	145018
8464749	145028
8465250	145038
8465751	145046
8466252	145053
8466752	145060
8467252	145065
8467752	145076
8468254	145090
8468754	145099
8469254	145107
8469754	145118
8470254	145125
8470754	145133
8471255	145135
8471755	145143
8472255	145152
8472755	145163
8473255	145175
8473756	145180
8474257	145192
8474758	145195
8475258	145203
8475758	145213
8476258	145219
8476758	145227
8477258	145234
8477758	145244
8478258	145253
8478758	145264
8479258	145273
8479758	145281
8480258	145290
8480759	145300
8481259	145312
8481760	145318
8482260	145326
8482760	145330
8483261	145337
8483761	145343
8484261	145349
8484761	145356
8485261	145360
8485762	145366
8486263	145372
8486763	145375
8487263	145384
8487763	145391
8488263	145398
8488764	145404
8489264	145411
8489764	145423
8490265	145430
8490765	145442
8491266	145449
8491768	145460
8492269	145464
8492771	145473
8493271	145482
8493771	145494
8494271	145502
8494772	145512
8495272	145522
8495772	145535
8496272	145542
8496772	145550
8497273	145559
8497774	145568
8498274	145573
8498775	145579
8499275	145592
8499777	145604
8500278	145616
8500779	145625
8501279	145635
8501781	145645
8502282	145649
8502782	145656
8503282	145665
8503782	145676
8504282	145684
8504782	145692
8505282	145700
8505782	145706
8506283	145715
8506783	145723
8507283	145731
8507783	145739
8508283	145749
8508783	145759
8509283	145766
8509783	145773
8510283	145778
8510783	145788
8511283	145797
8511783	145810
8512284	145821
8512786	145830
8513286	145841
8513786	145853
8514288	145864
8514788	145873
8515288	145882
8515789	145888
8516289	145894
8516789	145902
8517290	145907
8517790	145913
8518290	145921
8518790	145928
8519290	145935
8519791	145941
8520292	145950
8520793	145958
8521293	145961
8521794	145968
8522297	145977
8522797	145985
8523297	145991
8523797	145995
8524297	146002
8524797	146012
8525297	146022
8525797	146033
8526297	146041
8526797	146053
8527297	146060
8527797	146069
8528299	146075
8528799	146083
8529299	146090
8529799	146099
8530299	146107
8530800	146116
8531300	146121
8531800	146127
8532300	146134
8532800	146144
8533300	146151
8533801	146161
8534302	146168
8534802	146171
8535302	146185
8535802	146189
8536303	146195
8536804	146200
8537304	146214
8537804	146223
8538304	146234
8538804	146246
8539304	146254
8539804	146260
8540304	146269
8540804	146282
8541304	146293
8541805	146295
8542305	146301
8542805	146311
8543305	146322
8543805	146330
8544305	146338
8544805	146352
8545305	146362
8545805	146369
8546305	146379
8546806	146387
8547306	146397
8547806	146407
8548306	146422
8548807	146436
8549308	146443
8549809	146448
8550311	146455
8550812	146467
8551312	146473
8551813	146484
8552314	146491
8552815	146500
8553315	146505
8553816	146511
8554316	146518
8554816	146525
8555316	146539
8555816	146545
8556316	146551
8556816	146560
8557316	146570
8557818	146573
8558318	146588
8558818	146597
8559318	146601
8559818	146607
8560318	146614
8560820	146621
8561320	146634
8561820	146640
8562320	146647
8562821	146660
8563322	146667
8563823	146676
8564323	146686
8564823	146692
8565323	146704
8565824	146712
8566325	146720
8566825	146726
8567326	146736
8567827	146742
8568327	146751
8568827	146761
8569328	146768
8569828	146774
8570328	146780
8570828	146791
8571328	146795
8571828	146811
8572329	146819
8572829	146821
8573329	146826
8573829	146836
8574329	146840
8574832	146847
8575332	146858
8575832	146864
8576333	146872
8576833	146885
8577333	146902
8577833	146914
8578333	146922
8578833	146926
8579335	146933
8579836	146938
8580337	146944
8580837	146952
8581338	146959
8581838	146966
8582339	146972
8582839	146979
8583339	146991
8583839	147002
8584339	147014
8584840	147020
8585340	147030
8585840	147042
8586340	147051
8586841	147060
8587342	147066
8587842	147073
8588342	147082
8588842	147087
8589342	147095
8589843	147106
8590343	147114
8590844	147121
8591345	147134
8591845	147143
8592347	147153
8592847	147163
8593348	147172
8593848	147180
8594348	147186
8594849	147190
8595349	147200
8595849	147205
8596350	147215
8596850	147222
8597350	147230
8597850	147238
8598351	147246
8598851	147253
8599352	147262
8599854	147270
8600356	147277
8600856	147286
8601356	147294
8601856	147303
8602356	147312
8602856	147315
8603356	147327
8603857	147336
8604358	147344
8604859	147351
8605359	147359
8605859	147368
8606359	147373
8606859	147387
8607359	147390
8607860	147397
8608362	147414
8608862	147421
8609362	147426
8609865	147433
8610365	147446
8610865	147454
8611365	147462
8611865	147471
8612365	147475
8612865	147484
8613365	147497
8613865	147507
8614365	147514
8614866	147520
8615366	147531
8615868	147540
8616368	147548
8616868	147553
8617368	147564
8617869	147571
8618369	147579
8618869	147588
8619369	147595
8619870	147603
8620371	147606
8620872	147617
8621372	147623
8621873	147630
8622373	147637
8622873	147647
8623374	147653
8623874	147662
8624376	147668
8624876	147676
8625376	147689
8625876	147698
8626376	147705
8626876	147714
8627376	147725
8627879	147729
8628379	147735
8628879	147740
8629380	147746
8629880	147755
8630380	147763
8630880	147771
8631380	147779
8631880	147787
8632380	147792
8632880	147802
8633381	147819
8633881	147832
8634381	147840
8634881	147849
8635382	147861
8635882	147871
8636382	147881
8636882	147891
8637382	147902
8637883	147907
8638385	147916
8638885	147933
8639385	147942
8639885	147949
8640386	147954
8640886	147964
8641386	147973
8641887	147983
8642387	147994
8642887	148000
8643387	148005
8643889	148014
8644392	148021
8644892	148027
8645392	148033
8645892	148041
8646394	148048
8646894	148058
8647394	148066
8647894	148072
8648394	148080
8648895	148094
8649395	148107
8649895	148118
8650395	148123
8650896	148129
8651396	148135
8651896	148140
8652397	148149
8652897	148156
8653397	148164
8653897	148171
8654397	148183
8654898	148191
8655398	148199
8655898	148211
8656399	148221
8656899	148230
8657399	148242
8657899	148252
8658399	148259
8658899	148267
8659399	148273
8659899	148279
8660399	148290
8660899	148300
8661400	148308
8661901	148316
8662401	148326
8662902	148333
8663402	148340
8663902	148350
8664404	148355
8664904	148366
8665404	148374
8665904	148384
8666404	148394
8666904	148403
8667405	148408
8667907	148415
8668407	148421
8668907	148427
8669407	148435
8669907	148444
8670407	148458
8670908	148464
8671411	148479
8671911	148492
8672412	148497
8672914	148503
8673414	148511
8673915	148517
8674415	148529
8674916	148538
8675416	148545
8675916	148551
8676416	148561
8676916	148568
8677416	148578
8677916	148594
8678417	148602
8678917	148614
8679418	148620
8679921	148626
8680421	148636
8680922	148647
8681422	148660
8681923	148669
8682423	148681
8682923	148690
8683423	148697
8683924	148709
8684424	148717
8684924	148729
8685425	148738
8685925	148748
8686425	148755
8686925	148763
8687425	148772
8687927	148780
8688427	148787
8688928	148791
8689428	148799
8689929	148807
8690429	148814
8690929	148823
8691431	148834
8691931	148841
8692432	148848
8692932	148859
8693432	148870
8693932	148883
8694432	148891
8694933	148898
8695433	148910
8695933	148915
8696433	148924
8696933	148930
8697434	148940
8697935	148948
8698435	148963
8698936	148969
8699436	148978
8699937	148985
8700437	148997
8700937	149008
8701437	149016
8701937	149028
8702437	149037
8702938	149041
8703438	149048
8703938	149055
8704438	149067
8704938	149076
8705438	149084
8705938	149096
8706438	149103
8706938	149114
8707439	149117
8707939	149128
8708439	149138
8708939	149141
8709439	149146
8709941	149152
8710441	149158
8710941	149169
8711441	149177
8711941	149187
8712442	149200
8712942	149208
8713442	149217
8713942	149222
8714443	149235
8714943	149239
8715443	149244
8715943	149249
8716443	149261
8716943	149271
8717443	149281
8717943	149298
8718444	149304
8718945	149318
8719445	149330
8719945	149334
8720446	149344
8720948	149348
8721448	149355
8721948	149365
8722448	149379
8722948	149395
8723449	149404
8723949	149413
8724449	149419
8724950	149428
8725450	149437
8725950	149445
8726450	149452
8726950	149462
8727450	149468
8727950	149472
8728450	149486
8728950	149496
8729450	149509
8729951	149521
8730451	149531
8730951	149536
8731451	149544
8731952	149555
8732452	149560
8732955	149567
8733455	149575
8733956	149580
8734456	149590
8734956	149597
8735458	149599
8735958	149607
8736458	149611
8736958	149621
8737458	149626
8737958	149638
8738458	149643
8738958	149652
8739458	149663
8739958	149667
8740459	149674
8740959	149682
8741461	149696
8741961	149711
8742461	149720
8742962	149726
8743462	149733
8743962	149740
8744462	149751
8744962	149762
8745464	149772
8745965	149780
8746466	149790
8746966	149796
8747466	149806
8747966	149815
8748466	149823
8748967	149831
8749467	149838
8749967	149843
8750467	149848
8750968	149857
8751471	149862
8751971	149872
8752471	149882
8752971	149893
8753472	149900
8753972	149907
8754472	149917
8754972	149921
8755473	149929
8755975	149945
8756475	149955
8756975	149967
8757477	149972
8757977	149982
8758478	149990
8758978	150000
8759478	150007
8759978	150021
8760478	150029
8760978	150039
8761478	150052
8761978	150063
8762479	150074
8762980	150082
8763480	150090
8763980	150097
8764480	150106
8764980	150116
8765482	150126
8765982	150135
8766482	150143
8766982	150149
8767482	150155
8767982	150160
8768482	150171
8768983	150179
8769483	150191
8769984	150201
8770484	150212
8770984	150223
8771484	150227
8771984	150235
8772484	150243
8772986	150254
8773487	150264
8773988	150270
8774488	150277
8774988	150289
8775488	150299
8775988	150311
8776489	150321
8776990	150325
8777490	150330
8777990	150338
8778490	150344
8778990	150348
8779490	150360
8779990	150368
8780490	150370
8780990	150376
8781490	150383
8781990	150395
8782490	150408
8782990	150417
8783490	150426
8783990	150436
8784491	150443
8784991	150451
8785492	150459
8785992	150470
8786492	150478
8786992	150487
8787492	150498
8787992	150505
8788492	150511
8788992	150522
8789493	150529
8789994	150538
8790494	150547
8790994	150558
8791494	150568
8791994	150582
8792494	150588
8792994	150597
8793495	150607
8793996	150618
8794496	150626
8794996	150635
8795496	150639
8795996	150649
8796496	150656
8796996	150669
8797496	150674
8797996	150678
8798496	150687
8798996	150695
8799496	150700
8799996	150710
8800497	150725
8800997	150733
8801497	150742
8801997	150750
8802497	150764
8802997	150771
8803498	150776
8804000	150790
8804500	150800
8805000	150810
8805500	150815
8806000	150818
8806500	150824
8807000	150831
8807500	150840
8808000	150851
8808500	150862
8809000	150870
8809500	150880
8810000	150887
8810500	150893
8811000	150909
8811500	150917
8812000	150929
8812500	150940
8813000	150952
8813501	150962
8814001	150967
8814501	150978
8815001	150984
8815501	150994
8816001	151000
8816502	151010
8817002	151024
8817502	151028
8818002	151034
8818503	151049
8819004	151061
8819506	151067
8820007	151070
8820507	151076
8821007	151084
8821507	151089
8822007	151098
8822508	151104
8823008	151115
8823508	151120
8824009	151126
8824509	151136
8825009	151145
8825509	151160
8826010	151176
8826510	151182
8827010	151188
8827510	151192
8828012	151198
8828514	151210
8829015	151225
8829515	151231
8830016	151238
8830516	151240
8831016	151248
8831516	151260
8832016	151269
8832517	151275
8833017	151283
8833517	151293
8834018	151304
8834519	151312
8835019	151320
8835521	151326
8836022	151333
8836522	151342
8837023	151356
8837523	151367
8838023	151378
8838524	151381
8839024	151392
8839524	151398
8840025	151407
8840525	151410
8841025	151417
8841525	151427
8842026	151434
8842527	151443
8843027	151458
8843527	151466
8844027	151477
8844528	151484
8845029	151487
8845529	151494
8846029	151503
8846529	151513
8847030	151524
8847531	151535
8848031	151541
8848531	151553
8849031	151560
8849531	151569
8850031	151581
8850533	151586
8851034	151596
8851534	151605
8852034	151610
8852534	151615
8853034	151623
8853535	151633
8854036	151642
8854537	151652
8855037	151662
8855537	151671
8856038	151675
8856538	151679
8857038	151690
8857538	151704
8858038	151709
8858538	151714
8859039	151723
8859540	151731
8860040	151736
8860540	151750
8861040	151764
8861540	151769
8862040	151780
8862541	151785
8863042	151792
8863542	151805
8864043	151810
8864543	151821
8865043	151831
8865543	151840
8866043	151852
8866543	151859
8867045	151865
8867545	151869
8868046	151877
8868547	151886
8869048	151893
8869548	151903
8870048	151910
8870548	151922
8871048	151929
8871548	151935
8872048	151944
8872548	151956
8873048	151969
8873548	151981
8874049	151986
8874552	151999
8875052	152005
8875553	152012
8876053	152020
8876553	152030
8877053	152038
8877553	152047
8878053	152053
8878553	152060
8879053	152064
8879554	152071
8880056	152079
8880556	152089
8881056	152099
8881557	152106
8882060	152116
8882560	152122
8883060	152126
8883561	152130
8884061	152138
8884562	152142
8885062	152151
8885562	152162
8886062	152172
8886563	152183
8887063	152196
8887563	152202
8888065	152214
8888566	152219
8889066	152227
8889566	152232
8890066	152237
8890566	152243
8891067	152251
8891567	152255
8892067	152265
8892569	152280
8893069	152291
8893569	152296
8894070	152301
8894570	152306
8895070	152313
8895570	152319
8896071	152325
8896572	152335
8897072	152348
8897572	152360
8898073	152376
8898573	152386
8899073	152392
8899573	152403
8900073	152408
8900573	152416
8901075	152425
8901575	152432
8902075	152436
8902575	152441
8903075	152451
8903575	152461
8904076	152466
8904576	152480
8905076	152489
8905576	152495
8906076	152502
8906576	152507
8907076	152515
8907577	152526
8908077	152531
8908577	152541
8909077	152546
8909580	152556
8910080	152561
8910580	152572
8911080	152584
8911581	152593
8912081	152604
8912581	152613
8913081	152615
8913581	152624
8914082	152629
8914582	152641
8915082	152651
8915582	152654
8916082	152664
8916582	152670
8917082	152683
8917583	152689
8918083	152698
8918583	152706
8919083	152716
8919584	152726
8920084	152736
8920584	152743
8921085	152751
8921585	152758
8922085	152768
8922585	152782
8923085	152789
8923585	152795
8924086	152799
8924588	152804
8925088	152809
8925588	152817
8926088	152832
8926588	152841
8927089	152852
8927589	152867
8928090	152878
8928590	152886
8929090	152893
8929591	152902
8930092	152907
8930592	152911
8931092	152921
8931593	152931
8932093	152939
8932593	152952
8933095	152960
8933595	152967
8934095	152974
8934595	152984
8935096	152993
8935597	153000
8936097	153003
8936597	153014
8937097	153021
8937597	153032
8938097	153039
8938597	153043
8939097	153048
8939598	153059
8940098	153066
8940598	153073
8941098	153080
8941599	153088
8942100	153096
8942600	153108
8943101	153116
8943601	153121
8944101	153128
8944603	153143
8945103	153149
8945603	153160
8946103	153168
8946603	153183
8947103	153193
8947603	153198
8948104	153205
8948604	153213
8949104	153219
8949604	153225
8950104	153235
8950604	153246
8951104	153254
8951606	153258
8952107	153267
8952609	153281
8953111	153285
8953612	153300
8954112	153313
8954612	153322
8955115	153333
8955615	153336
8956117	153344
8956618	153355
8957119	153364
8957619	153373
8958120	153383
8958621	153391
8959121	153402
8959623	153409
8960123	153415
8960623	153420
8961123	153430
8961623	153446
8962123	153456
8962623	153466
8963124	153474
8963624	153489
8964124	153494
8964625	153501
8965125	153512
8965626	153522
8966126	153527
8966627	153535
8967127	153545
8967627	153556
8968128	153562
8968628	153574
8969128	153585
8969629	153599
8970129	153608
8970629	153612
8971129	153619
8971629	153623
8972130	153628
8972630	153637
8973130	153648
8973630	153661
8974130	153674
8974630	153687
8975130	153689
8975630	153696
8976130	153703
8976630	153710
8977130	153719
8977630	153733
8978130	153740
8978630	153753
8979130	153762
8979630	153775
8980130	153782
8980632	153790
8981132	153801
8981632	153808
8982132	153814
8982632	153821
8983132	153831
8983632	153838
8984133	153851
8984634	153858
8985134	153869
8985634	153874
8986135	153880
8986637	153886
8987137	153896
8987638	153905
8988139	153913
8988639	153921
8989139	153933
8989640	153946
8990141	153953
8990641	153961
8991142	153969
8991642	153974
8992142	153979
8992642	153984
8993145	153995
8993645	154009
8994145	154018
8994646	154026
8995147	154033
8995647	154041
8996147	154052
8996647	154069
8997147	154074
8997648	154086
8998148	154097
8998649	154106
8999149	154108
8999652	154116
9000153	154125
9000654	154131
9001156	154136
9001656	154142
9002156	154151
9002659	154162
9003159	154170
9003659	154177
9004159	154184
9004660	154197
9005160	154205
9005660	154218
9006162	154224
9006664	154239
9007164	154243
9007664	154247
9008164	154257
9008665	154265
9009165	154278
9009665	154285
9010165	154290
9010665	154301
9011165	154313
9011665	154331
9012165	154340
9012665	154345
9013166	154349
9013666	154358
9014166	154363
9014666	154375
9015167	154382
9015667	154388
9016170	154398
9016670	154405
9017170	154415
9017670	154423
9018172	154431
9018673	154447
9019173	154455
9019673	154463
9020173	154471
9020673	154478
9021173	154486
9021674	154494
9022174	154503
9022674	154512
9023174	154522
9023674	154532
9024175	154540
9024675	154555
9025175	154559
9025675	154567
9026175	154573
9026675	154580
9027175	154587
9027675	154592
9028175	154603
9028675	154609
9029175	154619
9029676	154627
9030176	154639
9030676	154651
9031176	154660
9031676	154667
9032176	154679
9032677	154685
9033178	154691
9033678	154700
9034178	154706
9034679	154718
9035180	154731
9035680	154738
9036180	154750
9036680	154758
9037180	154765
9037680	154773
9038181	154782
9038681	154788
9039181	154792
9039681	154800
9040184	154810
9040685	154823
9041185	154835
9041685	154848
9042185	154850
9042685	154863
9043185	154872
9043685	154876
9044186	154885
9044686	154892
9045186	154903
9045686	154912
9046186	154918
9046686	154927
9047186	154935
9047686	154945
9048186	154955
9048686	154961
9049187	154968
9049688	154975
9050190	154985
9050690	154994
9051190	155002
9051691	155015
9052191	155032
9052691	155044
9053193	155056
9053693	155065
9054194	155073
9054694	155082
9055194	155088
9055694	155093
9056195	155103
9056695	155110
9057196	155115
9057697	155125
9058197	155132
9058699	155143
9059199	155150
9059700	155159
9060200	155174
9060701	155180
9061201	155184
9061701	155195
9062201	155209
9062701	155214
9063201	155224
9063702	155228
9064202	155239
9064702	155246
9065202	155258
9065702	155266
9066202	155277
9066703	155283
9067203	155293
9067704	155302
9068204	155313
9068704	155322
9069205	155328
9069705	155331
9070205	155341
9070705	155351
9071205	155361
9071705	155369
9072206	155378
9072707	155386
9073207	155394
9073707	155399
9074207	155404
9074707	155408
9075207	155420
9075707	155424
9076207	155431
9076707	155443
9077207	155454
9077707	155459
9078207	155470
9078708	155479
9079208	155488
9079708	155493
9080211	155505
9080713	155518
9081215	155528
9081715	155537
9082215	155546
9082715	155552
9083216	155556
9083716	155564
9084216	155573
9084716	155578
9085216	155583
9085716	155595
9086216	155609
9086716	155619
9087216	155625
9087716	155634
9088216	155643
9088716	155654
9089216	155668
9089716	155676
9090217	155686
9090717	155703
9091217	155712
9091718	155725
9092219	155734
9092719	155741
9093219	155747
9093720	155752
9094220	155759
9094722	155764
9095222	155772
9095723	155778
9096224	155791
9096724	155798
9097224	155809
9097724	155817
9098224	155826
9098726	155840
9099226	155851
9099726	155855
9100226	155865
9100726	155874
9101226	155877
9101727	155888
9102229	155898
9102729	155904
9103229	155912
9103730	155922
9104231	155930
9104731	155938
9105231	155946
9105733	155959
9106234	155970
9106734	155979
9107234	155985
9107734	155994
9108234	156006
9108734	156013
9109234	156021
9109735	156031
9110235	156039
9110735	156050
9111235	156063
9111736	156067
9112236	156075
9112736	156081
9113237	156085
9113738	156096
9114239	156101
9114741	156110
9115242	156115
9115744	156127
9116244	156135
9116745	156144
9117245	156155
9117745	156160
9118245	156168
9118745	156180
9119245	156193
9119746	156201
9120246	156213
9120746	156220
9121247	156225
9121747	156236
9122248	156245
9122749	156252
9123250	156257
9123750	156265
9124250	156276
9124750	156283
9125250	156291
9125750	156295
9126251	156305
9126751	156318
9127251	156323
9127751	156332
9128251	156336
9128751	156346
9129251	156362
9129752	156369
9130252	156383
9130752	156395
9131252	156409
9131752	156418
9132252	156425
9132752	156437
9133252	156444
9133753	156452
9134253	156462
9134754	156472
9135254	156479
9135754	156488
9136254	156507
9136754	156515
9137254	156526
9137754	156532
9138255	156539
9138756	156545
9139257	156551
9139757	156558
9140257	156569
9140757	156577
9141258	156583
9141758	156589
9142258	156596
9142758	156603
9143259	156610
9143759	156617
9144259	156629
9144759	156639
9145259	156651
9145759	156659
9146259	156668
9146759	156680
9147259	156691
9147759	156696
9148259	156709
9148759	156724
9149259	156728
9149759	156732
9150259	156738
9150760	156743
9151260	156753
9151761	156759
9152261	156771
9152761	156780
9153261	156787
9153761	156796
9154261	156804
9154761	156809
9155261	156820
9155762	156824
9156262	156837
9156762	156848
9157263	156858
9157763	156871
9158264	156877
9158765	156885
9159266	156898
9159768	156909
9160271	156914
9160771	156919
9161271	156926
9161771	156932
9162271	156940
9162771	156945
9163272	156956
9163772	156963
9164273	156978
9164773	156980
9165273	156990
9165774	157004
9166274	157012
9166774	157021
9167275	157029
9167775	157041
9168275	157050
9168775	157059
9169275	157068
9169776	157082
9170277	157086
9170777	157092
9171278	157099
9171779	157105
9172279	157114
9172780	157124
9173280	157134
9173780	157145
9174280	157150
9174781	157161
9175281	157168
9175781	157181
9176281	157187
9176781	157197
9177282	157204
9177782	157217
9178282	157226
9178782	157230
9179282	157238
9179782	157246
9180282	157253
9180782	157262
9181282	157274
9181783	157278
9182283	157288
9182783	157299
9183283	157310
9183783	157317
9184283	157326
9184783	157331
9185284	157340
9185784	157352
9186285	157367
9186785	157371
9187285	157379
9187786	157386
9188287	157395
9188788	157400
9189288	157406
9189788	157412
9190289	157420
9190792	157429
9191292	157438
9191792	157451
9192292	157459
9192793	157466
9193293	157473
9193794	157483
9194294	157491
9194794	157507
9195294	157515
9195794	157524
9196294	157537
9196794	157550
9197295	157560
9197795	157568
9198295	157576
9198795	157590
9199295	157595
9199795	157600
9200295	157606
9200795	157617
9201295	157628
9201797	157633
9202297	157639
9202797	157644
9203298	157654
9203798	157660
9204300	157671
9204802	157680
9205303	157687
9205804	157692
9206306	157703
9206806	157714
9207307	157727
9207807	157738
9208307	157748
9208808	157760
9209308	157767
9209808	157772
9210308	157785
9210808	157791
9211308	157800
9211808	157809
9212308	157819
9212808	157824
9213309	157830
9213809	157838
9214309	157843
9214809	157852
9215309	157863
9215809	157871
9216309	157877
9216810	157891
9217310	157906
9217810	157916
9218310	157919
9218812	157928
9219312	157938
9219812	157945
9220314	157952
9220815	157958
9221315	157966
9221815	157981
9222316	157989
9222816	157997
9223316	158005
9223818	158011
9224319	158020
9224819	158027
9225319	158035
9225820	158046
9226320	158050
9226820	158061
9227321	158075
9227821	158081
9228321	158089
9228821	158100
9229321	158111
9229822	158121
9230322	158133
9230822	158140
9231322	158149
9231822	158157
9232322	158172
9232822	158179
9233322	158184
9233822	158192
9234322	158201
9234822	158209
9235323	158216
9235823	158223
9236323	158233
9236823	158241
9237323	158248
9237823	158255
9238323	158259
9238823	158265
9239323	158274
9239823	158279
9240324	158289
9240825	158297
9241325	158306
9241825	158312
9242325	158321
9242825	158333
9243325	158341
9243826	158347
9244326	158354
9244826	158359
9245326	158368
9245827	158378
9246327	158386
9246828	158393
9247328	158400
9247828	158406
9248328	158410
9248829	158420
9249330	158431
9249830	158445
9250330	158456
9250830	158468
9251331	158476
9251831	158481
9252331	158490
9252831	158501
9253331	158514
9253831	158519
9254331	158528
9254831	158536
9255331	158544
9255831	158556
9256331	158561
9256831	158567
9257331	158577
9257831	158587
9258331	158593
9258832	158601
9259332	158603
9259833	158614
9260333	158629
9260833	158638
9261333	158646
9261834	158656
9262334	158662
9262834	158669
9263334	158676
9263835	158687
9264335	158695
9264835	158706
9265335	158710
9265838	158721
9266338	158730
9266839	158740
9267339	158747
9267839	158751
9268339	158757
9268839	158762
9269339	158771
9269841	158776
9270342	158783
9270843	158792
9271343	158801
9271843	158807
9272344	158814
9272844	158826
9273344	158833
9273844	158843
9274345	158852
9274845	158859
9275345	158868
9275846	158877
9276347	158886
9276848	158889
9277348	158899
9277848	158905
9278348	158912
9278848	158925
9279349	158934
9279849	158938
9280350	158947
9280850	158955
9281350	158967
9281850	158975
9282351	158983
9282851	158991
9283351	159000
9283851	159009
9284351	159017
9284851	159026
9285351	159030
9285851	159040
9286351	159047
9286851	159059
9287351	159063
9287851	159067
9288352	159072
9288852	159085
9289352	159090
9289852	159096
9290353	159108
9290853	159120
9291353	159135
9291854	159146
9292355	159156
9292855	159160
9293355	159173
9293855	159184
9294355	159188
9294855	159192
9295356	159204
9295856	159214
9296357	159221
9296857	159223
9297358	159226
9297859	159240
9298359	159250
9298860	159261
9299360	159274
9299861	159282
9300361	159290
9300861	159293
9301361	159301
9301861	159312
9302362	159318
9302862	159324
9303362	159331
9303862	159335
9304362	159344
9304862	159352
9305362	159368
9305863	159376
9306363	159384
9306863	159392
9307363	159402
9307863	159406
9308363	159417
9308863	159427
9309364	159434
9309864	159444
9310364	159455
9310866	159464
9311368	159471
9311868	159478
9312368	159486
9312868	159498
9313368	159506
9313868	159510
9314368	159524
9314868	159528
9315370	159537
9315871	159543
9316371	159549
9316871	159552
9317371	159559
9317873	159568
9318373	159578
9318873	159582
9319374	159588
9319876	159598
9320376	159605
9320876	159610
9321376	159618
9321876	159626
9322376	159632
9322876	159642
9323376	159646
9323876	159652
9324377	159660
9324878	159666
9325378	159675
9325879	159687
9326380	159697
9326880	159709
9327380	159719
9327880	159725
9328380	159733
9328880	159738
9329380	159746
9329881	159758
9330381	159762
9330881	159772
9331381	159785
9331882	159791
9332382	159800
9332882	159807
9333382	159818
9333882	159825
9334382	159833
9334882	159844
9335384	159858
9335884	159863
9336385	159871
9336887	159880
9337387	159891
9337887	159897
9338387	159901
9338889	159911
9339389	159919
9339889	159928
9340389	159942
9340889	159956
9341389	159967
9341889	159974
9342391	159979
9342891	159988
9343392	159994
9343892	160007
9344392	160018
9344892	160024
9345392	160031
9345892	160035
9346393	160044
9346893	160056
9347393	160064
9347893	160071
9348393	160076
9348893	160083
9349394	160090
9349894	160103
9350394	160113
9350894	160123
9351394	160127
9351894	160135
9352395	160143
9352895	160152
9353395	160165
9353895	160177
9354395	160178
9354895	160185
9355395	160192
9355896	160199
9356396	160205
9356896	160215
9357396	160219
9357896	160227
9358396	160245
9358896	160257
9359396	160265
9359897	160274
9360397	160283
9360897	160296
9361397	160304
9361898	160310
9362399	160320
9362899	160328
9363399	160338
9363900	160345
9364400	160352
9364902	160359
9365402	160365
9365903	160373
9366403	160388
9366903	160403
9367404	160414
9367904	160429
9368404	160436
9368904	160440
9369404	160447
9369905	160456
9370405	160463
9370905	160481
9371405	160490
9371905	160498
9372406	160513
9372906	160522
9373406	160532
9373907	160540
9374407	160547
9374908	160556
9375408	160569
9375908	160580
9376408	160590
9376909	160594
9377409	160602
9377909	160611
9378409	160620
9378910	160625
9379410	160633
9379910	160643
9380411	160656
9380912	160663
9381413	160673
9381913	160678
9382414	160684
9382914	160688
9383414	160700
9383914	160706
9384415	160710
9384915	160720
9385415	160729
9385915	160736
9386417	160745
9386917	160750
9387417	160760
9387917	160766
9388417	160771
9388918	160781
9389418	160791
9389919	160798
9390419	160801
9390919	160809
9391420	160821
9391921	160829
9392421	160839
9392921	160847
9393421	160852
9393921	160863
9394423	160870
9394924	160875
9395424	160887
9395924	160894
9396424	160902
9396924	160911
9397424	160917
9397924	160922
9398426	160936
9398926	160946
9399427	160954
9399927	160963
9400427	160973
9400927	160985
9401427	160995
9401927	161007
9402427	161016
9402927	161021
9403427	161025
9403928	161033
9404428	161041
9404929	161049
9405431	161052
9405931	161062
9406431	161077
9406931	161086
9407431	161094
9407931	161103
9408431	161110
9408931	161121
9409431	161128
9409931	161137
9410431	161144
9410932	161154
9411432	161168
9411932	161176
9412432	161183
9412932	161185
9413435	161196
9413935	161206
9414435	161208
9414935	161217
9415435	161227
9415935	161234
9416435	161241
9416936	161251
9417436	161255
9417936	161264
9418436	161273
9418936	161282
9419436	161293
9419936	161301
9420436	161311
9420936	161317
9421437	161327
9421940	161335
9422440	161344
9422940	161347
9423441	161359
9423941	161369
9424441	161374
9424942	161390
9425442	161400
9425943	161419
9426444	161432
9426944	161436
9427445	161445
9427945	161455
9428447	161462
9428947	161466
9429449	161475
9429949	161484
9430449	161492
9430949	161503
9431450	161517
9431950	161522
9432450	161529
9432952	161537
9433453	161544
9433953	161554
9434453	161568
9434953	161581
9435454	161588
9435954	161601
9436455	161606
9436955	161612
9437455	161625
9437955	161633
9438455	161645
9438955	161652
9439455	161659
9439955	161671
9440455	161683
9440955	161691
9441455	161702
9441955	161712
9442457	161719
9442957	161725
9443457	161730
9443958	161741
9444458	161750
9444958	161763
9445458	161770
9445959	161776
9446460	161792
9446960	161799
9447461	161809
9447961	161819
9448461	161824
9448962	161838
9449462	161850
9449963	161859
9450463	161872
9450963	161875
9451463	161885
9451963	161896
9452463	161904
9452963	161916
9453463	161930
9453965	161936
9454465	161946
9454966	161950
9455466	161957
9455967	161967
9456467	161975
9456967	161981
9457467	161988
9457967	161998
9458467	162008
9458967	162023
9459467	162031
9459967	162039
9460467	162045
9460967	162052
9461467	162059
9461967	162065
9462467	162073
9462967	162078
9463467	162086
9463967	162093
9464467	162101
9464967	162110
9465467	162121
9465968	162127
9466468	162134
9466968	162143
9467468	162149
9467968	162155
9468468	162163
9468969	162168
9469470	162178
9469970	162186
9470471	162192
9470971	162201
9471471	162209
9471973	162219
9472473	162224
9472973	162237
9473475	162244
9473976	162251
9474477	162261
9474978	162268
9475479	162273
9475979	162287
9476479	162296
9476979	162304
9477479	162309
9477979	162320
9478479	162322
9478980	162326
9479481	162334
9479982	162343
9480482	162351
9480982	162360
9481482	162368
9481984	162377
9482484	162386
9482984	162392
9483485	162401
9483985	162408
9484486	162416
9484986	162426
9485486	162435
9485988	162443
9486488	162459
9486988	162464
9487488	162475
9487988	162487
9488489	162494
9488991	162507
9489491	162519
9489991	162523
9490491	162531
9490992	162544
9491492	162550
9491992	162557
9492492	162563
9492994	162572
9493495	162576
9493995	162593
9494495	162609
9494995	162620
9495495	162630
9495997	162641
9496498	162652
9496998	162658
9497498	162667
9497998	162668
9498498	162679
9498999	162690
9499499	162701
9499999	162713
9500500	162722
9501000	162731
9501501	162738
9502001	162748
9502501	162754
9503002	162760
9503503	162766
9504003	162772
9504505	162778
9505006	162784
9505507	162794
9506007	162805
9506508	162813
9507008	162820
9507508	162828
9508008	162833
9508509	162843
9509009	162854
9509510	162866
9510011	162874
9510512	162883
9511012	162892
9511513	162897
9512013	162907
9512513	162919
9513013	162923
9513514	162933
9514014	162942
9514514	162949
9515014	162955
9515515	162961
9516015	162969
9516515	162979
9517015	162988
9517515	162997
9518015	163007
9518515	163019
9519017	163028
9519517	163034
9520017	163039
9520517	163045
9521017	163050
9521518	163058
9522018	163065
9522519	163072
9523019	163078
9523519	163089
9524019	163099
9524519	163110
9525019	163118
9525519	163131
9526019	163138
9526519	163151
9527019	163161
9527520	163167
9528021	163179
9528521	163188
9529021	163195
9529521	163203
9530022	163215
9530522	163217
9531022	163226
9531522	163233
9532022	163241
9532523	163245
9533023	163249
9533523	163260
9534024	163269
9534524	163273
9535026	163281
9535526	163289
9536026	163300
9536526	163309
9537028	163318
9537529	163328
9538029	163336
9538529	163342
9539032	163356
9539532	163364
9540032	163377
9540532	163388
9541032	163394
9541532	163401
9542032	163405
9542533	163418
9543033	163431
9543534	163447
9544034	163454
9544536	163463
9545038	163471
9545538	163482
9546038	163497
9546538	163505
9547041	163515
9547541	163520
9548041	163527
9548541	163533
9549041	163546
9549541	163553
9550042	163559
9550542	163571
9551043	163580
9551543	163596
9552043	163603
9552544	163610
9553045	163618
9553546	163625
9554047	163640
9554547	163646
9555047	163652
9555547	163660
9556047	163665
9556547	163674
9557047	163680
9557547	163690
9558047	163698
9558547	163709
9559047	163715
9559547	163722
9560047	163732
9560548	163737
9561049	163751
9561549	163763
9562049	163775
9562549	163782
9563049	163792
9563550	163800
9564050	163807
9564551	163813
9565052	163816
9565552	163829
9566052	163839
9566552	163850
9567052	163858
9567552	163869
9568053	163875
9568554	163881
9569055	163890
9569555	163893
9570055	163902
9570555	163914
9571057	163924
9571557	163933
9572057	163942
9572557	163951
9573057	163963
9573557	163980
9574057	163988
9574557	163997
9575057	164002
9575557	164013
9576057	164023
9576559	164026
9577060	164038
9577560	164047
9578061	164053
9578561	164064
9579061	164070
9579561	164080
9580062	164087
9580562	164097
9581062	164106
9581562	164120
9582062	164125
9582563	164135
9583064	164146
9583564	164159
9584065	164164
9584565	164176
9585067	164184
9585567	164192
9586067	164201
9586567	164208
9587067	164214
9587567	164225
9588067	164234
9588568	164242
9589068	164250
9589568	164258
9590068	164267
9590569	164279
9591069	164288
9591569	164299
9592069	164305
9592569	164320
9593069	164327
9593569	164337
9594069	164351
9594569	164357
9595069	164364
9595569	164373
9596069	164387
9596569	164395
9597069	164402
9597570	164410
9598070	164421
9598570	164429
9599070	164440
9599570	164449
9600071	164460
9600572	164466
9601072	164471
9601572	164477
9602072	164483
9602573	164489
9603074	164499
9603576	164510
9604076	164516
9604577	164522
9605078	164529
9605578	164540
9606079	164542
9606579	164549
9607079	164555
9607579	164561
9608080	164569
9608582	164582
9609082	164598
9609583	164602
9610083	164610
9610584	164617
9611084	164635
9611584	164650
9612084	164657
9612585	164668
9613085	164678
9613586	164691
9614086	164700
9614586	164705
9615088	164715
9615588	164720
9616088	164727
9616588	164737
9617090	164745
9617590	164750
9618090	164760
9618590	164765
9619091	164776
9619591	164782
9620092	164791
9620592	164801
9621093	164806
9621593	164813
9622093	164825
9622593	164832
9623094	164840
9623596	164842
9624097	164851
9624597	164858
9625097	164869
9625597	164874
9626097	164879
9626597	164891
9627097	164902
9627597	164905
9628097	164915
9628597	164921
9629098	164933
9629599	164941
9630099	164945
9630599	164955
9631099	164961
9631600	164971
9632100	164977
9632600	164994
9633100	165005
9633600	165013
9634100	165028
9634600	165037
9635100	165047
9635603	165059
9636103	165065
9636604	165075
9637104	165086
9637604	165090
9638104	165093
9638604	165107
9639104	165110
9639606	165117
9640106	165132
9640606	165141
9641106	165149
9641606	165162
9642106	165171
9642606	165178
9643106	165191
9643606	165200
9644106	165210
9644606	165218
9645106	165230
9645607	165236
9646108	165242
9646608	165251
9647108	165260
9647609	165270
9648109	165278
9648609	165283
9649109	165294
9649610	165304
9650110	165316
9650610	165329
9651111	165337
9651612	165344
9652112	165357
9652612	165362
9653113	165377
9653613	165388
9654113	165393
9654613	165405
9655114	165412
9655614	165427
9656114	165431
9656614	165440
9657114	165444
9657614	165451
9658114	165464
9658615	165466
9659117	165472
9659617	165478
9660118	165483
9660618	165492
9661120	165501
9661620	165512
9662120	165520
9662621	165530
9663122	165543
9663622	165553
9664124	165560
9664624	165566
9665124	165578
9665624	165587
9666124	165594
9666625	165603
9667125	165613
9667625	165623
9668125	165633
9668625	165639
9669125	165645
9669625	165651
9670126	165659
9670626	165670
9671126	165684
9671626	165689
9672126	165699
9672626	165709
9673126	165717
9673627	165726
9674128	165737
9674629	165745
9675129	165750
9675630	165758
9676130	165771
9676630	165783
9677130	165789
9677630	165798
9678131	165808
9678631	165817
9679131	165827
9679631	165832
9680131	165835
9680632	165842
9681132	165848
9681632	165855
9682132	165861
9682632	165870
9683132	165879
9683634	165889
9684134	165899
9684635	165908
9685135	165914
9685635	165928
9686137	165935
9686637	165947
9687137	165957
9687637	165966
9688137	165979
9688637	165988
9689138	165997
9689638	166009
9690140	166018
9690640	166024
9691140	166031
9691641	166039
9692142	166046
9692643	166053
9693143	166066
9693643	166077
9694143	166086
9694643	166099
9695143	166105
9695644	166115
9696144	166122
9696644	166132
9697144	166140
9697644	166146
9698144	166153
9698644	166158
9699144	166171
9699644	166178
9700144	166182
9700644	166193
9701144	166200
9701645	166207
9702145	166218
9702647	166228
9703147	166234
9703647	166241
9704148	166253
9704648	166262
9705148	166266
9705648	166273
9706148	166281
9706649	166294
9707150	166302
9707651	166311
9708152	166322
9708652	166335
9709152	166348
9709652	166354
9710152	166362
9710653	166370
9711154	166377
9711654	166387
9712154	166395
9712654	166400
9713154	166407
9713654	166415
9714154	166424
9714654	166434
9715154	166447
9715655	166460
9716156	166472
9716656	166485
9717156	166492
9717656	166502
9718156	166513
9718656	166518
9719156	166526
9719656	166534
9720156	166544
9720656	166559
9721156	166566
9721656	166572
9722156	166583
9722656	166591
9723157	166602
9723657	166608
9724157	166614
9724657	166622
9725158	166634
9725658	166639
9726158	166646
9726660	166652
9727161	166659
9727661	166668
9728161	166680
9728662	166685
9729162	166698
9729662	166705
9730163	166715
9730664	166723
9731164	166730
9731664	166735
9732164	166745
9732664	166753
9733165	166760
9733665	166767
9734165	166778
9734665	166786
9735165	166799
9735665	166806
9736165	166818
9736665	166825
9737165	166835
9737665	166848
9738165	166856
9738666	166863
9739167	166872
9739667	166880
9740168	166888
9740669	166897
9741169	166911
9741670	166920
9742170	166925
9742670	166935
9743170	166945
9743670	166958
9744170	166966
9744671	166971
9745171	166977
9745672	166982
9746172	166992
9746672	167001
9747173	167015
9747673	167023
9748173	167030
9748674	167041
9749174	167052
9749674	167061
9750174	167070
9750674	167079
9751174	167091
9751674	167100
9752176	167109
9752676	167117
9753176	167122
9753676	167127
9754176	167132
9754676	167139
9755176	167148
9755677	167156
9756177	167165
9756677	167177
9757177	167186
9757677	167194
9758177	167199
9758677	167207
9759180	167214
9759680	167219
9760181	167227
9760681	167243
9761182	167252
9761683	167257
9762184	167260
9762684	167262
9763184	167275
9763685	167285
9764185	167290
9764685	167298
9765185	167302
9765686	167312
9766186	167322
9766686	167337
9767187	167347
9767687	167353
9768187	167361
9768687	167367
9769187	167378
9769687	167388
9770187	167395
9770687	167399
9771187	167408
9771687	167417
9772187	167424
9772687	167433
9773187	167441
9773687	167446
9774189	167456
9774690	167466
9775190	167472
9775691	167477
9776191	167490
9776691	167494
9777191	167508
9777691	167518
9778191	167523
9778691	167531
9779191	167538
9779693	167549
9780193	167557
9780693	167561
9781193	167570
9781695	167579
9782195	167591
9782695	167606
9783196	167613
9783697	167619
9784197	167627
9784697	167633
9785197	167641
9785697	167647
9786198	167651
9786698	167664
9787198	167676
9787698	167686
9788198	167697
9788698	167706
9789199	167717
9789700	167724
9790201	167733
9790702	167739
9791202	167748
9791703	167755
9792204	167762
9792705	167771
9793206	167781
9793707	167787
9794207	167791
9794707	167799
9795207	167807
9795708	167819
9796208	167831
9796709	167836
9797209	167850
9797710	167858
9798211	167862
9798711	167866
9799211	167879
9799712	167884
9800212	167894
9800712	167898
9801212	167910
9801712	167919
9802212	167925
9802712	167933
9803212	167943
9803712	167955
9804213	167964
9804714	167970
9805214	167981
9805714	167989
9806215	168001
9806715	168006
9807215	168022
9807716	168029
9808217	168040
9808717	168050
9809217	168057
9809717	168061
9810217	168067
9810717	168075
9811217	168088
9811717	168095
9812217	168104
9812717	168111
9813217	168120
9813717	168129
9814217	168134
9814717	168148
9815218	168158
9815718	168172
9816218	168179
9816718	168184
9817219	168191
9817719	168196
9818220	168199
9818720	168205
9819220	168215
9819720	168222
9820220	168227
9820720	168235
9821220	168243
9821720	168252
9822220	168259
9822720	168270
9823220	168276
9823720	168287
9824220	168293
9824720	168301
9825220	168307
9825720	168314
9826221	168321
9826721	168330
9827221	168337
9827722	168350
9828222	168357
9828722	168363
9829224	168372
9829724	168380
9830224	168390
9830724	168397
9831224	168407
9831724	168415
9832224	168427
9832724	168437
9833224	168442
9833725	168450
9834225	168456
9834725	168466
9835225	168474
9835725	168488
9836226	168497
9836726	168504
9837226	168516
9837726	168523
9838226	168529
9838726	168536
9839227	168545
9839727	168550
9840227	168559
9840727	168574
9841228	168578
9841728	168581
9842228	168588
9842728	168594
9843228	168607
9843728	168612
9844229	168622
9844729	168635
9845231	168640
9845731	168652
9846232	168658
9846733	168668
9847233	168682
9847733	168688
9848233	168696
9848733	168706
9849235	168718
9849735	168726
9850236	168739
9850736	168746
9851238	168758
9851738	168765
9852238	168780
9852738	168791
9853240	168799
9853740	168809
9854242	168824
9854742	168830
9855243	168834
9855743	168838
9856243	168845
9856743	168854
9857245	168861
9857746	168868
9858246	168873
9858746	168878
9859246	168890
9859746	168900
9860246	168907
9860748	168915
9861249	168924
9861749	168932
9862249	168942
9862749	168949
9863251	168961
9863751	168969
9864251	168979
9864751	168987
9865251	168995
9865751	169001
9866254	169008
9866755	169013
9867255	169024
9867755	169028
9868257	169040
9868757	169049
9869258	169060
9869758	169069
9870258	169079
9870758	169090
9871260	169103
9871760	169115
9872260	169123
9872760	169133
9873260	169139
9873760	169148
9874261	169154
9874761	169159
9875261	169166
9875761	169176
9876261	169182
9876761	169190
9877261	169200
9877761	169209
9878261	169219
9878761	169229
9879261	169240
9879761	169250
9880261	169257
9880761	169269
9881261	169277
9881761	169287
9882261	169296
9882761	169299
9883262	169307
9883762	169318
9884263	169325
9884764	169333
9885265	169342
9885765	169352
9886265	169356
9886765	169370
9887266	169387
9887766	169397
9888266	169407
9888766	169413
9889269	169423
9889769	169435
9890269	169443
9890769	169447
9891269	169454
9891770	169466
9892270	169474
9892770	169484
9893270	169492
9893770	169496
9894270	169505
9894770	169511
9895270	169519
9895770	169524
9896270	169531
9896771	169540
9897271	169543
9897771	169555
9898271	169562
9898773	169571
9899273	169580
9899773	169587
9900273	169593
9900773	169601
9901273	169606
9901773	169614
9902273	169621
9902774	169628
9903274	169636
9903774	169644
9904275	169655
9904776	169664
9905276	169675
9905776	169687
9906276	169693
9906778	169705
9907279	169715
9907779	169723
9908279	169730
9908779	169734
9909279	169739
9909779	169740
9910279	169747
9910780	169762
9911280	169767
9911780	169774
9912280	169784
9912781	169795
9913281	169801
9913782	169807
9914283	169815
9914783	169820
9915283	169832
9915784	169841
9916284	169851
9916784	169860
9917284	169870
9917784	169879
9918284	169888
9918784	169895
9919284	169905
9919784	169918
9920284	169923
9920785	169930
9921289	169939
9921789	169947
9922289	169952
9922789	169957
9923289	169962
9923789	169971
9924289	169977
9924789	169991
9925289	170005
9925789	170014
9926290	170021
9926790	170035
9927290	170052
9927791	170060
9928291	170070
9928791	170080
9929294	170088
9929794	170099
9930296	170105
9930796	170113
9931298	170119
9931799	170124
9932299	170129
9932800	170136
9933300	170140
9933800	170151
9934301	170160
9934801	170167
9935301	170175
9935801	170184
9936301	170189
9936803	170201
9937303	170212
9937803	170218
9938303	170230
9938803	170236
9939304	170245
9939804	170250
9940304	170258
9940805	170270
9941305	170277
9941805	170287
9942305	170297
9942805	170302
9943309	170311
9943811	170323
9944312	170328
9944813	170337
9945315	170345
9945815	170355
9946316	170362
9946817	170372
9947318	170380
9947818	170387
9948318	170393
9948820	170406
9949320	170416
9949821	170429
9950321	170437
9950821	170443
9951321	170454
9951822	170463
9952322	170469
9952822	170481
9953322	170488
9953822	170495
9954323	170512
9954824	170521
9955324	170531
9955824	170540
9956324	170548
9956824	170555
9957324	170560
9957825	170567
9958326	170578
9958828	170586
9959329	170592
9959830	170602
9960330	170608
9960830	170619
9961330	170626
9961830	170634
9962330	170642
9962831	170649
9963331	170658
9963831	170665
9964331	170673
9964831	170680
9965332	170688
9965832	170699
9966332	170701
9966832	170712
9967332	170721
9967832	170730
9968333	170740
9968834	170754
9969334	170760
9969834	170769
9970336	170773
9970836	170784
9971336	170788
9971836	170796
9972336	170801
9972836	170813
9973337	170819
9973837	170831
9974337	170839
9974837	170847
9975337	170851
9975838	170854
9976339	170862
9976839	170877
9977339	170885
9977839	170891
9978339	170897
9978839	170909
9979340	170914
9979840	170918
9980340	170926
9980840	170934
9981341	170939
9981841	170949
9982341	170957
9982841	170964
9983342	170975
9983842	170981
9984342	170986
9984842	170995
9985342	171002
9985842	171007
9986342	171012
9986842	171025
9987342	171036
9987842	171045
9988342	171051
9988842	171058
9989343	171068
9989843	171079
9990343	171088
9990843	171096
9991343	171105
9991843	171114
9992343	171126
9992843	171139
9993343	171152
9993843	171159
9994343	171165
9994844	171175
9995345	171185
9995845	171196
9996345	171204
9996845	171214
9997346	171223
9997846	171230
9998346	171237
9998846	171242
9999346	171245
9999846	171251
10000346	171262
10000846	171270
10001347	171278
10001848	171286
10002349	171292
10002849	171300
10003350	171310
10003850	171321
10004351	171330
10004851	171340
10005352	171344
10005854	171355
10006354	171366
10006854	171376
10007354	171384
10007854	171387
10008354	171397
10008854	171411
10009354	171421
10009854	171427
10010354	171434
10010857	171446
10011358	171458
10011858	171466
10012359	171470
10012859	171477
10013359	171495
10013860	171511
10014361	171524
10014861	171529
10015362	171533
10015862	171543
10016362	171548
10016863	171555
10017365	171565
10017866	171577
10018366	171586
10018866	171594
10019366	171603
10019868	171609
10020368	171618
10020869	171626
10021369	171633
10021869	171638
10022369	171644
10022870	171656
10023370	171667
10023870	171676
10024370	171685
10024870	171697
10025371	171702
10025871	171713
10026371	171718
10026872	171727
10027373	171734
10027873	171741
10028373	171749
10028873	171765
10029373	171777
10029873	171783
10030373	171789
10030873	171796
10031373	171811
10031873	171817
10032373	171824
10032873	171830
10033373	171837
10033874	171847
10034374	171857
10034874	171870
10035374	171875
10035874	171889
10036376	171895
10036876	171898
10037376	171905
10037876	171910
10038377	171917
10038877	171925
10039377	171932
10039878	171939
10040379	171948
10040879	171957
10041380	171968
10041881	171977
10042381	171982
10042881	171993
10043381	172002
10043882	172008
10044382	172014
10044882	172022
10045382	172032
10045883	172043
10046384	172054
10046884	172063
10047384	172069
10047886	172075
10048386	172082
10048887	172098
10049387	172105
10049887	172109
10050387	172122
10050887	172130
10051387	172141
10051889	172147
10052389	172160
10052889	172172
10053390	172180
10053890	172194
10054390	172201
10054890	172210
10055390	172223
10055890	172234
10056390	172240
10056890	172247
10057390	172256
10057890	172265
10058390	172273
10058890	172276
10059390	172281
10059890	172287
10060390	172292
10060890	172299
10061390	172306
10061890	172314
10062391	172323
10062892	172334
10063392	172344
10063892	172350
10064392	172357
10064893	172366
10065393	172376
10065894	172383
10066394	172391
10066894	172399
10067395	172404
10067895	172413
10068397	172425
10068899	172431
10069399	172437
10069900	172447
10070401	172456
10070902	172467
10071402	172472
10071902	172482
10072402	172491
10072902	172501
10073403	172509
10073904	172517
10074404	172521
10074904	172528
10075404	172536
10075904	172541
10076404	172551
10076904	172562
10077404	172575
10077905	172588
10078405	172591
10078905	172602
10079405	172613
10079905	172616
10080405	172628
10080905	172637
10081405	172644
10081905	172650
10082405	172656
10082906	172663
10083407	172671
10083907	172681
10084408	172689
10084910	172697
10085410	172704
10085910	172709
10086410	172717
10086911	172724
10087411	172739
10087911	172754
10088411	172761
10088912	172771
10089413	172780
10089913	172791
10090413	172802
10090913	172815
10091414	172819
10091914	172823
10092414	172833
10092914	172844
10093414	172850
10093914	172863
10094414	172871
10094914	172884
10095414	172895
10095915	172902
10096415	172909
10096915	172925
10097415	172933
10097915	172944
10098415	172949
10098915	172956
10099416	172967
10099916	172975
10100416	172980
10100916	172988
10101416	172996
10101917	173005
10102417	173013
10102919	173023
10103419	173033
10103919	173039
10104419	173054
10104919	173061
10105419	173070
10105921	173081
10106421	173084
10106922	173092
10107423	173098
10107923	173108
10108423	173114
10108923	173122
10109423	173130
10109924	173140
10110424	173151
10110925	173158
10111426	173166
10111927	173172
10112428	173178
10112928	173186
10113429	173196
10113929	173203
10114429	173215
10114930	173226
10115431	173235
10115931	173240
10116433	173246
10116933	173259
10117433	173262
10117933	173271
10118433	173275
10118933	173282
10119433	173284
10119934	173296
10120435	173309
10120935	173322
10121435	173327
10121935	173336
10122436	173346
10122937	173355
10123437	173363
10123937	173371
10124438	173378
10124938	173391
10125438	173397
10125938	173406
10126438	173412
10126938	173419
10127438	173428
10127938	173431
10128438	173436
10128938	173443
10129438	173451
10129939	173462
10130440	173473
10130941	173483
10131441	173495
10131942	173503
10132442	173515
10132942	173526
10133442	173530
10133942	173543
10134442	173553
10134942	173560
10135443	173562
10135943	173571
10136443	173578
10136943	173591
10137443	173599
10137945	173604
10138446	173615
10138946	173623
10139446	173632
10139946	173634
10140446	173640
10140947	173648
10141448	173659
10141948	173669
10142448	173682
10142948	173686
10143448	173695
10143948	173705
10144448	173709
10144948	173718
10145448	173728
10145948	173741
10146448	173756
10146949	173764
10147450	173773
10147950	173782
10148451	173791
10148951	173798
10149451	173803
10149951	173812
10150451	173826
10150951	173831
10151451	173841
10151951	173849
10152451	173862
10152952	173867
10153454	173874
10153954	173884
10154454	173891
10154954	173895
10155455	173897
10155955	173908
10156455	173913
10156955	173923
10157456	173932
10157957	173939
10158457	173950
10158957	173961
10159458	173966
10159958	173975
10160458	173983
10160958	173991
10161458	173998
10161958	174005
10162458	174016
10162958	174026
10163458	174035
10163958	174039
10164459	174048
10164959	174054
10165459	174061
10165959	174068
10166460	174077
10166961	174084
10167463	174093
10167963	174108
10168463	174118
10168963	174125
10169463	174135
10169964	174145
10170464	174148
10170964	174153
10171464	174163
10171964	174178
10172464	174187
10172965	174193
10173466	174205
10173967	174218
10174469	174225
10174970	174234
10175472	174238
10175973	174246
10176473	174254
10176973	174263
10177473	174270
10177974	174283
10178474	174291
10178974	174304
10179474	174310
10179974	174315
10180474	174322
10180974	174330
10181474	174333
10181974	174344
10182475	174354
10182975	174360
10183475	174367
10183975	174373
10184475	174376
10184975	174384
10185475	174396
10185975	174407
10186475	174424
10186975	174433
10187475	174442
10187975	174445
10188475	174451
10188976	174459
10189476	174468
10189978	174476
10190478	174487
10190978	174491
10191479	174503
10191979	174508
10192480	174516
10192980	174530
10193480	174538
10193981	174550
10194485	174557
10194986	174572
10195486	174579
10195986	174588
10196488	174594
10196988	174601
10197488	174615
10197988	174623
10198490	174631
10198990	174636
10199490	174644
10199990	174651
10200490	174657
10200990	174666
10201490	174673
10201990	174683
10202490	174687
10202990	174696
10203490	174705
10203990	174712
10204492	174723
10204994	174734
10205495	174741
10205995	174746
10206495	174755
10206995	174763
10207495	174776
10207997	174786
10208497	174796
10208997	174803
10209498	174809
10209998	174817
10210500	174823
10211000	174841
10211500	174853
10212000	174863
10212503	174870
10213004	174875
10213504	174888
10214004	174899
10214504	174909
10215005	174914
10215505	174923
10216006	174935
10216506	174943
10217006	174954
10217506	174962
10218006	174976
10218506	174985
10219007	174991
10219507	174995
10220007	174999
10220508	175004
10221008	175009
10221508	175023
10222008	175034
10222508	175038
10223009	175044
10223510	175058
10224010	175069
10224510	175076
10225010	175083
10225510	175090
10226011	175102
10226511	175113
10227012	175120
10227512	175123
10228012	175134
10228512	175144
10229012	175156
10229512	175162
10230013	175170
10230513	175177
10231014	175186
10231514	175193
10232014	175200
10232514	175205
10233014	175209
10233515	175219
10234016	175225
10234517	175234
10235017	175244
10235517	175252
10236017	175267
10236518	175275
10237018	175281
10237519	175293
10238019	175303
10238519	175311
10239019	175320
10239519	175330
10240019	175338
10240519	175346
10241019	175355
10241519	175365
10242019	175376
10242520	175383
10243020	175392
10243521	175399
10244021	175407
10244521	175413
10245021	175421
10245521	175425
10246022	175438
10246523	175445
10247023	175453
10247523	175457
10248023	175468
10248524	175481
10249024	175491
10249525	175498
10250025	175505
10250525	175511
10251025	175517
10251525	175524
10252025	175530
10252525	175539
10253025	175547
10253526	175552
10254026	175557
10254526	175566
10255027	175573
10255527	175583
10256027	175586
10256529	175599
10257030	175611
10257530	175619
10258030	175624
10258530	175629
10259030	175638
10259530	175645
10260030	175650
10260530	175653
10261032	175658
10261532	175668
10262032	175678
10262532	175690
10263033	175695
10263535	175703
10264035	175711
10264535	175715
10265035	175721
10265537	175734
10266038	175740
10266538	175751
10267038	175760
10267538	175768
10268038	175786
10268538	175793
10269038	175805
10269538	175817
10270038	175828
10270540	175837
10271041	175841
10271542	175847
10272042	175857
10272542	175863
10273043	175869
10273544	175878
10274044	175889
10274544	175901
10275045	175909
10275545	175920
10276045	175928
10276545	175937
10277047	175949
10277547	175961
10278047	175966
10278547	175977
10279048	175984
10279548	175990
10280048	176002
10280548	176013
10281049	176021
10281549	176035
10282051	176043
10282553	176057
10283054	176066
10283554	176073
10284054	176081
10284554	176088
10285055	176094
10285555	176101
10286055	176108
10286555	176119
10287055	176130
10287556	176140
10288056	176146
10288557	176156
10289060	176168
10289561	176176
10290061	176181
10290562	176185
10291062	176191
10291562	176199
10292062	176204
10292564	176210
10293064	176214
10293564	176222
10294064	176233
10294564	176239
10295065	176251
10295565	176260
10296065	176270
10296565	176280
10297065	176292
10297565	176311
10298065	176315
10298566	176327
10299066	176335
10299566	176345
10300066	176352
10300566	176360
10301066	176367
10301566	176375
10302066	176378
10302566	176387
10303067	176394
10303567	176405
10304067	176410
10304568	176420
10305069	176424
10305569	176434
10306070	176442
10306570	176449
10307071	176455
10307572	176464
10308072	176472
10308572	176484
10309073	176492
10309573	176503
10310074	176515
10310574	176522
10311074	176529
10311576	176537
10312076	176543
10312576	176554
10313077	176557
10313578	176560
10314078	176573
10314578	176579
10315080	176588
10315580	176600
10316080	176606
10316582	176615
10317082	176626
10317582	176629
10318082	176635
10318583	176647
10319083	176654
10319585	176659
10320085	176665
10320585	176672
10321085	176679
10321586	176685
10322086	176692
10322586	176705
10323086	176721
10323586	176732
10324086	176742
10324586	176755
10325086	176764
10325586	176775
10326086	176777
10326588	176785
10327088	176795
10327589	176805
10328089	176817
10328590	176823
10329090	176826
10329590	176834
10330090	176839
10330590	176849
10331090	176858
10331590	176862
10332095	176867
10332595	176875
10333095	176890
10333595	176903
10334095	176912
10334597	176922
10335097	176928
10335599	176934
10336099	176943
10336599	176949
10337099	176953
10337599	176958
10338099	176968
10338599	176974
10339099	176982
10339600	176996
10340102	177004
10340603	177017
10341103	177025
10341603	177033
10342103	177037
10342604	177050
10343104	177060
10343604	177069
10344104	177081
10344605	177086
10345105	177092
10345606	177098
10346106	177107
10346606	177116
10347106	177125
10347606	177133
10348106	177139
10348606	177152
10349106	177164
10349606	177169
10350106	177176
10350606	177187
10351107	177194
10351607	177202
10352107	177209
10352608	177223
10353108	177234
10353608	177241
10354108	177246
10354608	177253
10355108	177259
10355610	177268
10356110	177276
10356610	177281
10357110	177286
10357610	177294
10358110	177299
10358610	177313
10359110	177318
10359610	177327
10360110	177335
10360610	177345
10361110	177351
10361611	177353
10362112	177362
10362612	177374
10363112	177383
10363613	177398
10364113	177405
10364613	177412
10365113	177420
10365613	177426
10366113	177437
10366613	177441
10367113	177449
10367613	177460
10368113	177479
10368613	177487
10369113	177502
10369613	177514
10370114	177523
10370614	177529
10371114	177537
10371615	177551
10372116	177558
10372617	177565
10373118	177570
10373618	177576
10374118	177580
10374618	177585
10375118	177602
10375618	177606
10376119	177612
10376621	177616
10377121	177620
10377621	177627
10378121	177641
10378622	177651
10379122	177661
10379622	177665
10380122	177677
10380622	177688
10381123	177698
10381623	177710
10382124	177719
10382624	177725
10383124	177736
10383626	177746
10384126	177757
10384628	177764
10385129	177773
10385629	177779
10386129	177788
10386629	177798
10387130	177805
10387630	177811
10388130	177817
10388630	177830
10389130	177835
10389630	177841
10390133	177850
10390633	177862
10391133	177869
10391633	177883
10392133	177890
10392633	177897
10393133	177906
10393634	177923
10394134	177932
10394634	177941
10395134	177947
10395635	177960
10396136	177964
10396636	177974
10397136	177983
10397636	177991
10398136	178008
10398636	178020
10399137	178028
10399637	178035
10400137	178045
10400637	178056
10401137	178067
10401637	178074
10402137	178086
10402637	178089
10403137	178098
10403638	178105
10404139	178114
10404639	178125
10405141	178133
10405642	178139
10406144	178148
10406644	178161
10407144	178172
10407645	178178
10408146	178191
10408646	178205
10409147	178211
10409647	178222
10410147	178228
10410647	178230
10411148	178239
10411649	178245
10412149	178251
10412649	178257
10413149	178272
10413651	178280
10414151	178291
10414651	178295
10415152	178310
10415652	178319
10416152	178323
10416652	178329
10417152	178335
10417652	178347
10418152	178357
10418653	178363
10419155	178378
10419657	178386
10420157	178393
10420658	178403
10421158	178416
10421658	178429
10422158	178440
10422658	178442
10423158	178451
10423658	178457
10424158	178468
10424658	178473
10425158	178483
10425658	178489
10426158	178497
10426659	178512
10427160	178521
10427660	178524
10428160	178533
10428661	178540
10429164	178548
10429664	178557
10430164	178564
10430664	178568
10431164	178572
10431665	178584
10432165	178597
10432665	178607
10433165	178618
10433665	178625
10434165	178630
10434666	178633
10435166	178639
10435667	178650
10436167	178661
10436667	178670
10437167	178683
10437667	178691
10438167	178698
10438668	178708
10439168	178719
10439668	178727
10440168	178739
10440668	178747
10441168	178756
10441668	178767
10442168	178770
10442668	178780
10443169	178795
10443669	178801
10444170	178805
10444670	178814
10445170	178822
10445670	178827
10446171	178837
10446671	178845
10447172	178849
10447673	178858
10448173	178866
10448673	178878
10449174	178887
10449674	178896
10450175	178906
10450675	178917
10451176	178928
10451676	178935
10452176	178947
10452676	178959
10453176	178973
10453676	178981
10454176	178987
10454677	178994
10455177	178999
10455677	179002
10456177	179016
10456678	179025
10457178	179039
10457678	179046
10458178	179054
10458678	179062
10459178	179069
10459678	179076
10460178	179088
10460679	179099
10461180	179108
10461680	179118
10462181	179124
10462681	179132
10463181	179146
10463681	179154
10464181	179162
10464681	179168
10465181	179172
10465681	179181
10466181	179191
10466681	179199
10467182	179209
10467682	179218
10468183	179228
10468683	179235
10469183	179248
10469685	179254
10470185	179261
10470685	179264
10471186	179272
10471686	179282
10472189	179290
10472689	179295
10473189	179305
10473690	179311
10474191	179318
10474692	179327
10475194	179334
10475694	179342
10476194	179350
10476694	179360
10477195	179373
10477695	179378
10478195	179383
10478695	179387
10479197	179399
10479697	179405
10480197	179415
10480697	179424
10481197	179432
10481697	179437
10482197	179450
10482697	179457
10483197	179466
10483697	179478
10484198	179492
10484698	179500
10485198	179511
10485699	179516
10486199	179527
10486699	179529
10487199	179539
10487700	179548
10488200	179553
10488701	179558
10489203	179573
10489703	179578
10490203	179588
10490703	179595
10491203	179607
10491704	179615
10492204	179624
10492704	179641
10493206	179648
10493706	179655
10494206	179666
10494706	179674
10495208	179687
10495708	179694
10496209	179703
10496709	179722
10497209	179727
10497709	179736
10498209	179747
10498710	179758
10499211	179762
10499711	179770
10500211	179776
10500711	179786
10501212	179790
10501713	179797
10502214	179805
10502714	179813
10503215	179823
10503715	179827
10504215	179842
10504715	179849
10505216	179855
10505716	179865
10506216	179874
10506717	179883
10507217	179893
10507718	179903
10508218	179912
10508718	179918
10509219	179924
10509721	179933
10510222	179945
10510722	179954
10511224	179960
10511726	179963
10512226	179974
10512726	179984
10513226	179993
10513727	180001
10514227	180008
10514727	180019
10515227	180026
10515727	180034
10516227	180038
10516727	180053
10517228	180062
10517729	180075
10518230	180084
10518730	180094
10519230	180102
10519730	180113
10520230	180121
10520730	180125
10521230	180129
10521731	180139
10522231	180151
10522733	180159
10523233	180169
10523733	180178
10524234	180190
10524734	180196
10525234	180204
10525734	180208
10526235	180216
10526735	180222
10527235	180229
10527735	180240
10528235	180252
10528735	180258
10529235	180266
10529735	180275
10530235	180285
10530735	180295
10531235	180303
10531735	180313
10532236	180318
10532736	180326
10533237	180333
10533737	180338
10534239	180346
10534739	180356
10535239	180364
10535740	180374
10536240	180391
10536740	180397
10537240	180408
10537740	180418
10538240	180423
10538741	180425
10539241	180433
10539741	180438
10540241	180443
10540742	180456
10541242	180468
10541742	180476
10542243	180486
10542746	180497
10543246	180500
10543746	180509
10544246	180518
10544746	180524
10545246	180531
10545747	180540
10546247	180547
10546747	180554
10547247	180564
10547747	180570
10548247	180577
10548747	180585
10549247	180600
10549748	180610
10550248	180623
10550748	180633
10551248	180639
10551748	180653
10552248	180666
10552748	180674
10553248	180685
10553749	180697
10554249	180707
10554749	180714
10555249	180725
10555750	180735
10556250	180741
10556752	180747
10557252	180759
10557752	180777
10558252	180785
10558752	180791
10559252	180802
10559752	180816
10560252	180823
10560752	180827
10561252	180836
10561752	180847
10562252	180852
10562752	180859
10563253	180872
10563754	180883
10564254	180890
10564754	180902
10565254	180908
10565754	180921
10566254	180932
10566754	180939
10567254	180949
10567754	180957
10568254	180963
10568756	180971
10569256	180980
10569759	180984
10570259	180989
10570761	181000
10571261	181009
10571761	181020
10572261	181027
10572763	181042
10573264	181051
10573764	181055
10574264	181064
10574764	181071
10575264	181076
10575765	181086
10576265	181097
10576765	181109
10577265	181120
10577766	181127
10578267	181129
10578768	181141
10579268	181148
10579768	181153
10580270	181159
10580772	181168
10581272	181177
10581772	181194
10582272	181201
10582772	181206
10583272	181215
10583774	181222
10584274	181225
10584774	181236
10585276	181241
10585776	181258
10586277	181269
10586777	181280
10587277	181288
10587778	181293
10588278	181302
10588780	181306
10589281	181314
10589781	181324
10590282	181333
10590782	181338
10591282	181345
10591784	181355
10592284	181368
10592784	181380
10593285	181390
10593786	181399
10594289	181407
10594789	181416
10595289	181428
10595790	181432
10596290	181440
10596792	181446
10597292	181452
10597792	181457
10598292	181470
10598792	181474
10599292	181484
10599793	181490
10600293	181497
10600793	181505
10601293	181510
10601794	181520
10602294	181528
10602794	181534
10603294	181540
10603795	181549
10604297	181554
10604799	181559
10605299	181571
10605800	181580
10606300	181592
10606800	181601
10607301	181616
10607801	181627
10608302	181632
10608803	181641
10609304	181654
10609805	181662
10610305	181666
10610806	181679
10611307	181692
10611807	181700
10612307	181705
10612807	181716
10613307	181724
10613808	181732
10614308	181739
10614808	181747
10615308	181755
10615808	181762
10616308	181767
10616809	181778
10617309	181785
10617810	181793
10618312	181800
10618812	181810
10619312	181822
10619813	181831
10620314	181844
10620814	181850
10621314	181861
10621814	181877
10622315	181882
10622815	181888
10623315	181898
10623816	181902
10624316	181908
10624816	181919
10625317	181927
10625818	181934
10626319	181947
10626819	181959
10627319	181966
10627821	181973
10628321	181979
10628824	181991
10629325	181998
10629825	182001
10630325	182012
10630825	182019
10631325	182025
10631827	182036
10632327	182044
10632827	182048
10633327	182054
10633829	182065
10634329	182075
10634829	182082
10635329	182091
10635831	182100
10636332	182109
10636832	182118
10637332	182128
10637832	182140
10638332	182150
10638833	182159
10639334	182169
10639835	182188
10640335	182198
10640836	182207
10641337	182219
10641837	182228
10642337	182237
10642837	182245
10643337	182252
10643837	182264
10644338	182269
10644838	182273
10645338	182278
10645839	182281
10646339	182286
10646839	182291
10647340	182300
10647841	182304
10648342	182311
10648843	182319
10649343	182325
10649843	182334
10650346	182344
10650848	182353
10651350	182362
10651850	182368
10652350	182376
10652850	182386
10653351	182402
10653851	182406
10654352	182421
10654852	182431
10655352	182441
10655852	182451
10656352	182462
10656852	182470
10657353	182479
10657853	182485
10658353	182494
10658853	182502
10659353	182510
10659854	182523
10660355	182534
10660855	182544
10661357	182552
10661858	182563
10662359	182570
10662860	182574
10663360	182587
10663860	182590
10664360	182601
10664860	182614
10665360	182628
10665860	182635
10666361	182641
10666863	182650
10667364	182659
10667864	182668
10668365	182681
10668865	182687
10669365	182691
10669865	182707
10670366	182714
10670866	182719
10671366	182724
10671866	182732
10672367	182739
10672868	182747
10673369	182753
10673869	182763
10674369	182776
10674869	182786
10675369	182793
10675870	182805
10676370	182809
10676870	182819
10677370	182829
10677870	182841
10678371	182850
10678871	182860
10679373	182870
10679873	182884
10680373	182892
10680873	182901
10681374	182911
10681874	182921
10682375	182925
10682875	182936
10683375	182950
10683875	182959
10684375	182974
10684877	182982
10685377	182989
10685877	182993
10686378	182996
10686879	183009
10687380	183020
10687880	183029
10688380	183042
10688881	183051
10689382	183056
10689882	183065
10690384	183069
10690884	183078
10691385	183086
10691885	183098
10692385	183107
10692885	183118
10693385	183129
10693885	183140
10694385	183145
10694887	183151
10695387	183162
10695887	183165
10696387	183171
10696887	183177
10697387	183181
10697887	183192
10698387	183199
10698887	183210
10699387	183230
10699889	183235
10700390	183240
10700890	183249
10701390	183259
10701890	183267
10702390	183275
10702890	183289
10703390	183295
10703890	183302
10704390	183309
10704890	183319
10705390	183326
10705890	183336
10706390	183347
10706891	183351
10707392	183359
10707893	183367
10708395	183372
10708895	183384
10709396	183392
10709897	183404
10710397	183409
10710898	183416
10711398	183429
10711898	183436
10712398	183440
10712898	183442
10713398	183450
10713898	183460
10714399	183468
10714901	183471
10715403	183481
10715904	183489
10716404	183494
10716904	183502
10717404	183512
10717904	183521
10718405	183523
10718906	183535
10719406	183546
10719906	183555
10720406	183569
10720907	183579
10721407	183590
10721908	183596
10722408	183605
10722908	183611
10723408	183619
10723908	183629
10724409	183636
10724909	183638
10725410	183643
10725911	183655
10726412	183662
10726912	183667
10727413	183676
10727913	183681
10728415	183694
10728915	183704
10729416	183715
10729916	183724
10730416	183727
10730916	183735
10731416	183745
10731916	183754
10732416	183764
10732917	183769
10733417	183780
10733917	183788
10734418	183800
10734918	183804
10735418	183809
10735918	183821
10736419	183827
10736919	183832
10737420	183837
10737920	183846
10738420	183853
10738920	183856
10739420	183861
10739920	183869
10740420	183876
10740920	183888
10741420	183896
10741920	183902
10742421	183917
10742921	183924
10743421	183930
10743921	183938
10744422	183944
10744922	183954
10745422	183961
10745922	183969
10746422	183975
10746923	183984
10747424	183997
10747924	184005
10748426	184010
10748926	184020
10749426	184030
10749926	184039
10750426	184044
10750927	184051
10751429	184058
10751929	184065
10752430	184078
10752931	184092
10753431	184101
10753931	184108
10754431	184120
10754932	184130
10755433	184140
10755933	184149
10756433	184156
10756933	184161
10757433	184170
10757933	184175
10758433	184185
10758935	184194
10759435	184204
10759937	184212
10760437	184223
10760938	184237
10761438	184245
10761939	184254
10762439	184263
10762941	184272
10763441	184274
10763941	184289
10764444	184297
10764944	184306
10765445	184309
10765946	184328
10766446	184333
10766946	184342
10767446	184349
10767946	184358
10768446	184367
10768946	184373
10769447	184380
10769948	184386
10770449	184397
10770950	184405
10771450	184410
10771951	184418
10772451	184426
10772951	184428
10773452	184441
10773952	184450
10774452	184459
10774953	184471
10775453	184477
10775953	184483
10776454	184489
10776954	184497
10777454	184507
10777956	184516
10778456	184528
10778956	184538
10779456	184546
10779957	184553
10780457	184566
10780957	184580
10781457	184587
10781957	184591
10782458	184604
10782958	184618
10783458	184630
10783958	184637
10784462	184641
10784962	184652
10785462	184660
10785962	184672
10786462	184683
10786962	184686
10787462	184691
10787963	184698
10788465	184705
10788967	184710
10789467	184715
10789967	184723
10790467	184730
10790967	184742
10791467	184751
10791967	184767
10792467	184780
10792967	184788
10793467	184799
10793967	184802
10794468	184813
10794969	184819
10795469	184824
10795969	184840
10796470	184845
10796970	184851
10797470	184857
10797972	184869
10798472	184881
10798972	184892
10799473	184899
10799974	184901
10800475	184909
10800975	184917
10801475	184923
10801975	184940
10802475	184948
10802976	184957
10803477	184963
10803978	184972
10804478	184985
10804978	184991
10805478	185000
10805979	185007
10806479	185019
10806979	185029
10807480	185035
10807980	185049
10808482	185056
10808983	185061
10809483	185067
10809984	185072
10810484	185078
10810986	185089
10811487	185098
10811987	185110
10812487	185119
10812987	185128
10813487	185140
10813987	185155
10814487	185168
10814989	185176
10815489	185193
10815989	185201
10816489	185209
10816989	185216
10817489	185221
10817989	185233
10818489	185244
10818989	185249
10819489	185260
10819990	185265
10820491	185275
10820992	185280
10821492	185287
10821992	185293
10822492	185299
10822992	185311
10823492	185325
10823993	185336
10824493	185346
10824995	185362
10825495	185372
10825995	185379
10826496	185387
10826996	185393
10827496	185398
10827998	185406
10828498	185414
10828998	185429
10829498	185433
10829999	185439
10830499	185446
10830999	185461
10831500	185469
10832000	185482
10832500	185489
10833000	185499
10833501	185511
10834002	185521
10834503	185527
10835003	185532
10835503	185541
10836003	185556
10836504	185564
10837004	185570
10837505	185582
10838005	185594
10838505	185601
10839006	185615
10839506	185620
10840006	185627
10840506	185638
10841007	185648
10841508	185652
10842008	185660
10842508	185668
10843008	185672
10843508	185682
10844009	185694
10844509	185705
10845009	185708
10845509	185714
10846009	185720
10846510	185729
10847010	185742
10847510	185746
10848010	185754
10848510	185765
10849010	185771
10849511	185783
10850011	185791
10850513	185800
10851013	185812
10851513	185820
10852016	185833
10852516	185843
10853016	185852
10853516	185861
10854016	185873
10854516	185883
10855016	185887
10855516	185892
10856016	185902
10856516	185909
10857016	185918
10857516	185928
10858016	185934
10858516	185938
10859016	185952
10859518	185962
10860020	185970
10860520	185973
10861020	185976
10861520	185983
10862020	185988
10862520	186000
10863020	186006
10863520	186014
10864021	186022
10864521	186029
10865021	186033
10865521	186046
10866021	186055
10866523	186062
10867024	186073
10867524	186076
10868025	186091
10868525	186105
10869025	186117
10869525	186125
10870025	186132
10870527	186138
10871027	186146
10871528	186154
10872028	186165
10872528	186173
10873028	186181
10873528	186188
10874029	186194
10874530	186204
10875030	186217
10875530	186228
10876030	186237
10876531	186246
10877031	186257
10877531	186268
10878031	186275
10878531	186285
10879032	186298
10879534	186308
10880034	186314
10880534	186329
10881034	186338
10881535	186348
10882036	186358
10882537	186366
10883037	186375
10883538	186381
10884038	186388
10884541	186398
10885041	186407
10885541	186416
10886041	186426
10886541	186433
10887041	186441
10887541	186450
10888041	186458
10888542	186467
10889043	186475
10889543	186481
10890043	186489
10890543	186496
10891043	186502
10891543	186512
10892043	186524
10892543	186531
10893043	186535
10893543	186543
10894045	186554
10894545	186558
10895045	186567
10895545	186574
10896045	186584
10896545	186594
10897045	186606
10897545	186615
10898045	186626
10898545	186634
10899045	186642
10899545	186652
10900045	186659
10900545	186670
10901046	186680
10901546	186688
10902046	186701
10902546	186708
10903046	186717
10903546	186724
10904046	186729
10904547	186737
10905047	186746
10905548	186754
10906048	186764
10906548	186769
10907048	186775
10907548	186782
10908048	186794
10908550	186807
10909051	186814
10909551	186830
10910052	186836
10910552	186843
10911053	186854
10911553	186864
10912053	186868
10912555	186876
10913056	186880
10913556	186886
10914056	186891
10914557	186905
10915057	186910
10915557	186919
10916057	186931
10916557	186937
10917057	186946
10917557	186956
10918057	186966
10918557	186978
10919058	186984
10919558	186997
10920059	186999
10920560	187007
10921060	187009
10921561	187015
10922061	187021
10922561	187030
10923061	187036
10923562	187046
10924062	187056
10924563	187064
10925063	187074
10925564	187085
10926064	187089
10926564	187099
10927064	187107
10927566	187120
10928066	187127
10928567	187139
10929067	187146
10929568	187154
10930069	187165
10930569	187172
10931069	187182
10931569	187189
10932069	187199
10932569	187210
10933069	187221
10933569	187237
10934069	187245
10934569	187252
10935069	187265
10935570	187270
10936070	187275
10936570	187282
10937070	187290
10937570	187295
10938071	187304
10938571	187320
10939071	187333
10939571	187347
10940072	187356
10940572	187362
10941072	187367
10941573	187373
10942073	187376
10942574	187388
10943075	187400
10943576	187409
10944076	187416
10944576	187429
10945076	187441
10945576	187457
10946076	187466
10946576	187473
10947077	187484
10947577	187489
10948077	187500
10948579	187505
10949080	187516
10949580	187521
10950080	187526
10950582	187536
10951082	187544
10951582	187552
10952082	187561
10952583	187569
10953083	187576
10953583	187583
10954083	187593
10954583	187602
10955083	187604
10955583	187614
10956084	187626
10956584	187634
10957084	187643
10957584	187646
10958084	187651
10958584	187662
10959084	187675
10959584	187682
10960085	187691
10960585	187703
10961085	187710
10961585	187715
10962085	187723
10962586	187730
10963088	187740
10963588	187751
10964089	187762
10964589	187769
10965089	187771
10965591	187776
10966091	187785
10966591	187793
10967092	187801
10967592	187814
10968092	187821
10968592	187835
10969093	187848
10969593	187859
10970093	187866
10970593	187874
10971093	187880
10971594	187887
10972095	187897
10972595	187906
10973095	187915
10973595	187930
10974095	187942
10974596	187950
10975097	187954
10975597	187964
10976099	187972
10976602	187981
10977102	187986
10977603	187987
10978103	187992
10978603	188006
10979104	188013
10979605	188021
10980105	188026
10980608	188036
10981108	188041
10981608	188056
10982108	188064
10982609	188068
10983109	188074
10983610	188080
10984110	188091
10984610	188100
10985110	188110
10985611	188121
10986111	188132
10986611	188144
10987112	188161
10987612	188168
10988113	188171
10988614	188179
10989114	188194
10989615	188201
10990115	188209
10990615	188216
10991116	188226
10991616	188237
10992116	188244
10992616	188250
10993116	188259
10993619	188266
10994119	188277
10994619	188284
10995119	188291
10995620	188299
10996120	188311
10996620	188324
10997121	188331
10997622	188339
10998122	188351
10998622	188359
10999123	188362
10999623	188372
11000123	188378
11000623	188384
11001123	188388
11001623	188400
11002124	188406
11002624	188415
11003124	188426
11003625	188440
11004125	188447
11004625	188453
11005125	188466
11005625	188473
11006125	188487
11006625	188493
11007125	188498
11007625	188503
11008125	188515
11008625	188524
11009127	188531
11009627	188538
11010127	188547
11010627	188562
11011127	188570
11011627	188577
11012127	188585
11012627	188591
11013127	188597
11013628	188602
11014129	188616
11014630	188624
11015133	188630
11015633	188647
11016135	188659
11016636	188664
11017137	188668
11017640	188676
11018140	188683
11018642	188693
11019144	188704
11019644	188712
11020144	188727
11020644	188745
11021144	188753
11021644	188767
11022145	188776
11022646	188782
11023146	188786
11023646	188793
11024146	188796
11024646	188802
11025146	188814
11025646	188822
11026149	188829
11026649	188840
11027149	188850
11027649	188852
11028149	188862
11028649	188874
11029149	188883
11029649	188892
11030149	188895
11030649	188902
11031150	188907
11031651	188917
11032151	188928
11032651	188934
11033151	188947
11033651	188952
11034151	188958
11034651	188975
11035151	188985
11035651	188997
11036151	189008
11036651	189013
11037151	189022
11037652	189031
11038152	189035
11038652	189040
11039152	189054
11039654	189059
11040154	189064
11040654	189072
11041154	189081
11041654	189090
11042155	189099
11042655	189108
11043156	189119
11043656	189129
11044156	189139
11044656	189147
11045156	189155
11045656	189170
11046157	189177
11046657	189186
11047157	189192
11047657	189204
11048157	189210
11048657	189219
11049158	189226
11049661	189235
11050161	189248
11050661	189254
11051162	189267
11051663	189276
11052163	189287
11052663	189297
11053163	189305
11053664	189311
11054164	189317
11054665	189331
11055165	189334
11055665	189346
11056165	189361
11056665	189369
11057165	189378
11057667	189382
11058167	189387
11058667	189390
11059167	189398
11059667	189406
11060168	189412
11060668	189423
11061168	189429
11061668	189436
11062168	189447
11062668	189459
11063168	189471
11063668	189476
11064168	189482
11064668	189487
11065170	189496
11065670	189501
11066170	189512
11066670	189526
11067170	189531
11067670	189540
11068170	189548
11068670	189560
11069170	189573
11069670	189581
11070171	189586
11070671	189596
11071172	189609
11071672	189614
11072172	189620
11072673	189631
11073175	189640
11073675	189653
11074176	189662
11074678	189671
11075178	189677
11075678	189688
11076178	189696
11076678	189700
11077178	189708
11077678	189718
11078178	189726
11078678	189736
11079178	189745
11079678	189753
11080178	189762
11080678	189770
11081178	189780
11081679	189788
11082179	189795
11082679	189802
11083179	189810
11083679	189817
11084180	189823
11084680	189832
11085181	189838
11085681	189849
11086182	189853
11086682	189859
11087184	189866
11087684	189874
11088184	189882
11088684	189895
11089184	189901
11089684	189913
11090184	189927
11090685	189935
11091185	189940
11091685	189945
11092185	189954
11092685	189961
11093185	189968
11093685	189976
11094187	189981
11094687	189997
11095188	190004
11095688	190010
11096189	190027
11096690	190029
11097190	190036
11097691	190040
11098191	190045
11098691	190053
11099191	190057
11099691	190061
11100191	190070
11100691	190089
11101191	190097
11101691	190106
11102191	190115
11102692	190122
11103192	190129
11103692	190140
11104192	190153
11104692	190162
11105192	190170
11105692	190183
11106192	190195
11106692	190204
11107192	190213
11107692	190219
11108193	190225
11108693	190235
11109193	190245
11109694	190254
11110194	190260
11110694	190267
11111194	190277
11111696	190283
11112197	190288
11112697	190302
11113197	190311
11113697	190319
11114197	190333
11114697	190341
11115197	190347
11115697	190351
11116197	190358
11116697	190366
11117197	190372
11117697	190381
11118197	190387
11118698	190405
11119198	190414
11119699	190419
11120200	190425
11120702	190431
11121203	190438
11121703	190447
11122203	190452
11122703	190465
11123205	190471
11123706	190481
11124206	190491
11124707	190499
11125208	190508
11125709	190519
11126209	190532
11126709	190538
11127209	190546
11127709	190554
11128209	190564
11128710	190572
11129210	190577
11129710	190592
11130210	190600
11130711	190607
11131212	190614
11131712	190626
11132212	190635
11132712	190644
11133212	190654
11133712	190661
11134214	190670
11134715	190679
11135215	190689
11135715	190694
11136215	190701
11136715	190713
11137215	190721
11137715	190729
11138216	190740
11138716	190749
11139216	190757
11139716	190770
11140217	190777
11140717	190788
11141218	190797
11141718	190808
11142218	190810
11142718	190819
11143218	190834
11143719	190845
11144219	190853
11144719	190862
11145220	190868
11145721	190879
11146221	190891
11146721	190901
11147223	190906
11147723	190917
11148225	190927
11148725	190938
11149225	190948
11149725	190956
11150225	190964
11150726	190974
11151226	190980
11151726	190989
11152226	190995
11152726	191005
11153226	191013
11153726	191024
11154227	191032
11154727	191046
11155227	191054
11155728	191066
11156228	191075
11156729	191083
11157230	191096
11157731	191106
11158231	191112
11158731	191121
11159232	191130
11159732	191138
11160234	191145
11160734	191151
11161234	191153
11161735	191166
11162236	191175
11162736	191182
11163236	191190
11163736	191198
11164236	191207
11164736	191217
11165237	191224
11165737	191233
11166237	191244
11166737	191255
11167238	191260
11167738	191268
11168239	191279
11168740	191297
11169240	191308
11169740	191317
11170241	191331
11170743	191341
11171244	191349
11171745	191355
11172245	191363
11172745	191375
11173245	191383
11173746	191393
11174246	191394
11174746	191406
11175246	191411
11175747	191421
11176247	191435
11176748	191444
11177250	191449
11177750	191457
11178251	191466
11178753	191479
11179254	191488
11179754	191492
11180254	191503
11180754	191514
11181256	191522
11181758	191527
11182258	191534
11182758	191541
11183259	191550
11183759	191557
11184260	191563
11184760	191570
11185260	191575
11185760	191590
11186260	191602
11186761	191606
11187262	191617
11187762	191624
11188262	191635
11188762	191643
11189262	191650
11189762	191655
11190262	191660
11190762	191672
11191262	191681
11191762	191693
11192262	191701
11192762	191713
11193262	191722
11193763	191735
11194263	191743
11194763	191752
11195264	191760
11195764	191768
11196264	191781
11196764	191788
11197265	191794
11197765	191801
11198266	191809
11198766	191815
11199266	191820
11199766	191829
11200267	191836
11200767	191846
11201267	191854
11201767	191860
11202268	191869
11202768	191880
11203268	191893
11203768	191902
11204268	191912
11204768	191923
11205268	191931
11205768	191940
11206268	191948
11206768	191958
11207268	191968
11207770	191975
11208271	191985
11208771	191993
11209271	192000
11209774	192009
11210274	192017
11210774	192025
11211275	192032
11211775	192035
11212276	192045
11212776	192055
11213276	192063
11213776	192074
11214276	192079
11214777	192089
11215278	192099
11215778	192111
11216279	192120
11216779	192136
11217280	192138
11217780	192145
11218280	192159
11218782	192168
11219282	192174
11219783	192185
11220283	192193
11220784	192199
11221285	192205
11221785	192222
11222285	192230
11222785	192241
11223286	192253
11223786	192259
11224286	192265
11224786	192271
11225286	192279
11225787	192290
11226287	192298
11226788	192303
11227288	192314
11227789	192320
11228289	192328
11228789	192336
11229289	192347
11229789	192351
11230290	192359
11230790	192364
11231290	192369
11231791	192382
11232291	192394
11232791	192405
11233291	192410
11233791	192414
11234291	192422
11234791	192433
11235291	192439
11235791	192457
11236292	192464
11236792	192472
11237292	192479
11237792	192485
11238295	192491
11238795	192499
11239296	192505
11239797	192513
11240297	192517
11240797	192529
11241297	192536
11241797	192545
11242299	192552
11242799	192563
11243299	192568
11243800	192579
11244300	192588
11244800	192597
11245301	192607
11245801	192619
11246301	192632
11246803	192639
11247304	192649
11247805	192656
11248305	192664
11248805	192674
11249305	192677
11249805	192683
11250306	192687
11250807	192698
11251308	192704
11251808	192713
11252308	192721
11252808	192732
11253309	192740
11253809	192745
11254310	192751
11254810	192760
11255310	192768
11255811	192776
11256311	192790
11256811	192805
11257313	192817
11257813	192823
11258314	192830
11258814	192842
11259314	192850
11259815	192858
11260315	192868
11260815	192871
11261315	192877
11261815	192882
11262315	192889
11262815	192900
11263315	192909
11263815	192919
11264316	192932
11264816	192935
11265316	192942
11265817	192947
11266317	192955
11266817	192959
11267317	192969
11267817	192982
11268319	192988
11268820	192995
11269321	193002
11269821	193012
11270321	193021
11270822	193030
11271322	193037
11271822	193046
11272322	193055
11272823	193063
11273325	193070
11273826	193080
11274326	193093
11274826	193101
11275326	193105
11275826	193114
11276326	193121
11276827	193130
11277328	193142
11277828	193154
11278328	193169
11278829	193177
11279333	193187
11279833	193195
11280333	193198
11280833	193206
11281334	193217
11281834	193225
11282334	193236
11282835	193243
11283335	193250
11283835	193256
11284335	193262
11284836	193271
11285336	193276
11285836	193281
11286337	193294
11286837	193299
11287337	193311
11287837	193318
11288338	193327
11288838	193334
11289338	193344
11289839	193351
11290340	193360
11290840	193367
11291340	193373
11291840	193385
11292340	193392
11292841	193405
11293341	193414
11293842	193419
11294342	193422
11294842	193432
11295342	193450
11295842	193460
11296343	193469
11296845	193478
11297345	193485
11297845	193490
11298346	193495
11298846	193507
11299346	193527
11299846	193534
11300346	193541
11300848	193546
11301348	193552
11301848	193561
11302348	193569
11302849	193577
11303350	193584
11303851	193591
11304351	193601
11304852	193606
11305353	193612
11305853	193622
11306354	193634
11306855	193646
11307355	193660
11307856	193670
11308357	193681
11308859	193687
11309360	193692
11309861	193701
11310361	193713
11310862	193722
11311363	193731
11311863	193740
11312363	193748
11312863	193752
11313363	193762
11313863	193768
11314363	193780
11314863	193786
11315363	193790
11315863	193798
11316365	193809
11316865	193821
11317365	193827
11317867	193836
11318367	193840
11318868	193849
11319370	193861
11319871	193869
11320372	193879
11320872	193887
11321372	193896
11321872	193907
11322372	193923
11322872	193930
11323373	193937
11323873	193945
11324373	193954
11324873	193969
11325373	193972
11325873	193980
11326373	193987
11326874	193998
11327374	194005
11327875	194017
11328375	194023
11328875	194026
11329375	194031
11329875	194043
11330375	194054
11330876	194061
11331376	194072
11331876	194079
11332377	194091
11332877	194099
11333377	194106
11333877	194115
11334377	194122
11334877	194127
11335377	194134
11335877	194144
11336377	194149
11336877	194158
11337377	194168
11337877	194174
11338378	194183
11338878	194196
11339378	194205
11339878	194212
11340378	194225
11340878	194233
11341379	194245
11341879	194253
11342379	194260
11342879	194266
11343379	194272
11343881	194278
11344381	194285
11344883	194297
11345383	194306
11345883	194316
11346383	194325
11346883	194334
11347383	194342
11347883	194347
11348384	194360
11348884	194365
11349384	194380
11349884	194387
11350387	194395
11350888	194403
11351388	194409
11351889	194414
11352389	194424
11352890	194431
11353390	194440
11353890	194450
11354390	194459
11354890	194470
11355390	194478
11355890	194487
11356390	194496
11356890	194503
11357391	194515
11357891	194526
11358391	194532
11358894	194541
11359394	194547
11359894	194555
11360396	194564
11360896	194572
11361397	194578
11361897	194593
11362397	194602
11362898	194607
11363398	194614
11363898	194619
11364398	194626
11364898	194631
11365399	194640
11365899	194646
11366399	194659
11366899	194666
11367399	194671
11367899	194676
11368399	194682
11368900	194691
11369400	194704
11369900	194710
11370400	194720
11370900	194733
11371400	194737
11371900	194750
11372401	194760
11372901	194772
11373402	194779
11373902	194786
11374402	194794
11374902	194798
11375402	194815
11375902	194822
11376402	194831
11376903	194844
11377403	194851
11377903	194853
11378403	194859
11378904	194864
11379404	194870
11379905	194880
11380405	194890
11380905	194898
11381407	194908
11381909	194918
11382409	194923
11382909	194935
11383409	194948
11383909	194957
11384411	194964
11384911	194975
11385412	194980
11385913	194989
11386413	194993
11386913	195001
11387414	195008
11387915	195012
11388415	195021
11388915	195030
11389415	195036
11389915	195043
11390415	195054
11390915	195063
11391415	195072
11391915	195086
11392418	195096
11392918	195109
11393418	195113
11393919	195124
11394419	195132
11394919	195144
11395419	195158
11395919	195165
11396419	195176
11396919	195188
11397419	195193
11397920	195200
11398420	195206
11398920	195216
11399421	195222
11399923	195230
11400424	195239
11400925	195249
11401426	195262
11401927	195269
11402427	195273
11402928	195284
11403428	195295
11403928	195301
11404428	195309
11404928	195315
11405428	195327
11405930	195338
11406430	195348
11406933	195360
11407433	195365
11407934	195373
11408434	195377
11408934	195383
11409434	195389
11409934	195395
11410434	195405
11410934	195414
11411434	195420
11411934	195435
11412434	195442
11412934	195451
11413434	195460
11413934	195465
11414435	195475
11414935	195484
11415435	195490
11415937	195502
11416438	195508
11416938	195516
11417438	195521
11417939	195528
11418439	195536
11418939	195545
11419439	195553
11419939	195561
11420439	195572
11420939	195580
11421439	195589
11421940	195594
11422440	195602
11422940	195616
11423440	195624
11423940	195633
11424440	195640
11424940	195642
11425440	195651
11425941	195660
11426441	195665
11426941	195674
11427441	195680
11427943	195689
11428444	195699
11428944	195712
11429445	195716
11429945	195722
11430445	195736
11430945	195745
11431445	195753
11431945	195762
11432445	195773
11432945	195778
11433445	195788
11433945	195798
11434445	195809
11434945	195817
11435445	195820
11435946	195836
11436446	195843
11436946	195851
11437447	195860
11437947	195867
11438447	195878
11438947	195885
11439448	195889
11439948	195900
11440448	195909
11440948	195918
11441448	195928
11441950	195935
11442452	195944
11442952	195951
11443452	195963
11443952	195964
11444455	195966
11444955	195974
11445455	195982
11445955	195990
11446455	196003
11446955	196016
11447458	196021
11447958	196034
11448458	196043
11448958	196048
11449458	196053
11449958	196066
11450458	196076
11450958	196087
11451458	196091
11451959	196099
11452459	196110
11452960	196121
11453460	196129
11453960	196135
11454461	196140
11454962	196149
11455462	196159
11455962	196168
11456462	196176
11456962	196181
11457462	196186
11457963	196193
11458464	196203
11458964	196213
11459465	196224
11459965	196230
11460465	196242
11460965	196253
11461466	196265
11461967	196270
11462468	196279
11462968	196288
11463469	196296
11463969	196304
11464469	196316
11464969	196321
11465469	196331
11465969	196342
11466470	196350
11466970	196359
11467470	196366
11467970	196375
11468471	196385
11468972	196391
11469473	196399
11469973	196402
11470473	196413
11470973	196423
11471473	196436
11471973	196447
11472473	196459
11472973	196476
11473474	196490
11473974	196499
11474474	196504
11474974	196513
11475474	196522
11475974	196528
11476474	196541
11476974	196548
11477474	196555
11477974	196563
11478474	196570
11478974	196582
11479474	196592
11479974	196599
11480474	196605
11480974	196613
11481476	196619
11481976	196629
11482476	196640
11482976	196650
11483476	196669
11483976	196679
11484476	196687
11484976	196700
11485476	196706
11485976	196710
11486476	196720
11486976	196730
11487478	196731
11487978	196736
11488478	196749
11488978	196758
11489478	196763
11489978	196770
11490478	196778
11490979	196787
11491480	196798
11491980	196807
11492481	196815
11492981	196821
11493481	196832
11493982	196839
11494482	196843
11494982	196850
11495482	196861
11495983	196868
11496483	196880
11496984	196886
11497486	196892
11497986	196897
11498486	196905
11498988	196912
11499489	196917
11499989	196922
11500489	196933
11500991	196939
11501491	196947
11501991	196952
11502491	196964
11502991	196978
11503491	196994
11503992	196999
11504492	197005
11504992	197021
11505492	197028
11505993	197033
11506493	197043
11506994	197050
11507495	197060
11507996	197067
11508496	197077
11508996	197083
11509496	197098
11509998	197105
11510498	197111
11510998	197119
11511498	197130
11511999	197137
11512499	197142
11512999	197148
11513501	197159
11514001	197170
11514501	197177
11515001	197192
11515502	197200
11516003	197211
11516503	197220
11517003	197228
11517504	197238
11518004	197244
11518504	197254
11519007	197264
11519507	197271
11520007	197280
11520507	197282
11521007	197291
11521508	197302
11522008	197307
11522508	197320
11523009	197329
11523509	197340
11524009	197347
11524509	197354
11525010	197365
11525510	197375
11526012	197385
11526513	197396
11527014	197407
11527514	197417
11528016	197426
11528516	197429
11529016	197436
11529516	197441
11530016	197448
11530516	197461
11531016	197470
11531517	197482
11532017	197487
11532518	197495
11533018	197506
11533518	197513
11534018	197522
11534518	197537
11535018	197547
11535520	197553
11536020	197563
11536521	197573
11537021	197586
11537521	197601
11538021	197607
11538521	197615
11539022	197619
11539523	197629
11540023	197638
11540524	197645
11541024	197657
11541524	197666
11542024	197675
11542525	197684
11543025	197696
11543525	197701
11544025	197708
11544526	197718
11545026	197726
11545526	197732
11546026	197737
11546526	197744
11547026	197751
11547527	197758
11548027	197768
11548527	197771
11549029	197778
11549529	197787
11550029	197793
11550529	197804
11551029	197818
11551529	197825
11552029	197833
11552531	197842
11553031	197848
11553531	197857
11554031	197867
11554531	197871
11555032	197874
11555532	197886
11556033	197891
11556533	197898
11557033	197905
11557533	197912
11558033	197920
11558533	197930
11559033	197940
11559534	197945
11560034	197953
11560534	197965
11561035	197978
11561536	197988
11562036	197995
11562536	198000
11563039	198008
11563539	198011
11564041	198017
11564541	198029
11565041	198036
11565541	198040
11566041	198045
11566541	198052
11567041	198060
11567542	198071
11568043	198082
11568543	198086
11569043	198095
11569543	198103
11570043	198109
11570544	198118
11571046	198122
11571546	198134
11572046	198140
11572547	198148
11573047	198153
11573547	198158
11574047	198167
11574548	198179
11575048	198186
11575548	198200
11576050	198213
11576550	198221
11577051	198234
11577551	198242
11578051	198249
11578551	198257
11579051	198265
11579551	198274
11580051	198280
11580551	198285
11581052	198295
11581552	198304
11582052	198317
11582552	198327
11583052	198336
11583552	198340
11584053	198348
11584553	198356
11585053	198371
11585553	198377
11586053	198384
11586553	198392
11587053	198401
11587553	198410
11588054	198417
11588554	198424
11589054	198431
11589554	198441
11590054	198446
11590556	198454
11591056	198459
11591556	198465
11592056	198470
11592556	198478
11593056	198484
11593556	198491
11594056	198502
11594556	198508
11595056	198519
11595557	198529
11596057	198537
11596557	198547
11597057	198559
11597558	198566
11598059	198573
11598559	198581
11599059	198592
11599559	198602
11600059	198615
11600559	198625
11601060	198634
11601560	198643
11602060	198650
11602560	198661
11603062	198669
11603562	198674
11604064	198680
11604565	198694
11605065	198703
11605565	198710
11606066	198719
11606566	198727
11607066	198736
11607566	198741
11608067	198746
11608568	198760
11609068	198767
11609568	198776
11610068	198784
11610568	198798
11611069	198803
11611569	198812
11612069	198822
11612571	198831
11613071	198840
11613571	198842
11614072	198852
11614573	198866
11615073	198872
11615573	198876
11616073	198891
11616573	198905
11617073	198909
11617574	198919
11618074	198928
11618574	198936
11619074	198948
11619574	198958
11620074	198965
11620574	198973
11621074	198978
11621574	198982
11622074	198989
11622574	198997
11623074	199005
11623574	199016
11624074	199024
11624574	199033
11625076	199042
11625577	199055
11626077	199071
11626579	199081
11627080	199090
11627581	199100
11628081	199107
11628582	199114
11629082	199124
11629582	199131
11630082	199136
11630583	199148
11631083	199157
11631583	199165
11632083	199170
11632583	199178
11633083	199179
11633583	199190
11634083	199202
11634583	199210
11635083	199218
11635583	199222
11636083	199229
11636583	199242
11637083	199248
11637583	199259
11638083	199265
11638583	199273
11639083	199281
11639585	199294
11640085	199301
11640585	199310
11641085	199316
11641586	199337
11642086	199346
11642588	199353
11643088	199360
11643588	199372
11644088	199380
11644588	199383
11645088	199389
11645588	199396
11646090	199411
11646590	199419
11647090	199428
11647590	199437
11648090	199446
11648590	199454
11649091	199464
11649591	199470
11650092	199480
11650592	199494
11651092	199503
11651592	199514
11652095	199522
11652595	199527
11653096	199540
11653596	199549
11654098	199554
11654598	199558
11655098	199569
11655599	199574
11656099	199588
11656599	199599
11657099	199612
11657600	199617
11658101	199626
11658601	199638
11659101	199644
11659601	199655
11660101	199661
11660601	199667
11661102	199673
11661602	199680
11662102	199688
11662602	199691
11663102	199694
11663602	199711
11664102	199723
11664602	199731
11665102	199741
11665602	199750
11666103	199753
11666603	199764
11667104	199768
11667606	199783
11668107	199788
11668608	199800
11669109	199806
11669612	199818
11670112	199827
11670612	199836
11671113	199845
11671613	199853
11672113	199864
11672613	199871
11673113	199880
11673613	199888
11674114	199900
11674614	199911
11675115	199920
11675615	199931
11676115	199939
11676616	199948
11677116	199955
11677616	199962
11678116	199971
11678617	199981
11679119	199986
11679619	199996
11680119	200001
11680619	200008
11681119	200021
11681619	200026
11682119	200031
11682621	200041
11683121	200046
11683622	200053
11684122	200063
11684622	200072
11685122	200086
11685623	200093
11686123	200106
11686623	200114
11687123	200120
11687623	200129
11688123	200142
11688624	200150
11689124	200158
11689624	200163
11690125	200172
11690626	200178
11691126	200186
11691626	200195
11692126	200200
11692627	200209
11693127	200214
11693627	200221
11694128	200227
11694628	200237
11695129	200246
11695629	200252
11696129	200259
11696629	200270
11697129	200281
11697630	200294
11698130	200304
11698630	200317
11699130	200327
11699632	200333
11700132	200341
11700632	200354
11701133	200361
11701633	200373
11702133	200379
11702633	200389
11703133	200399
11703633	200405
11704134	200419
11704635	200431
11705135	200439
11705635	200445
11706136	200461
11706636	200467
11707137	200477
11707637	200482
11708137	200487
11708638	200495
11709139	200500
11709640	200513
11710140	200521
11710640	200534
11711140	200548
11711640	200555
11712140	200562
11712640	200570
11713140	200578
11713641	200591
11714142	200598
11714643	200605
11715143	200612
11715645	200619
11716145	200631
11716645	200640
11717145	200644
11717645	200653
11718147	200662
11718648	200669
11719148	200675
11719648	200681
11720149	200691
11720649	200699
11721149	200705
11721650	200713
11722150	200722
11722650	200726
11723150	200731
11723650	200736
11724150	200744
11724652	200751
11725152	200759
11725652	200766
11726153	200777
11726654	200791
11727155	200803
11727655	200815
11728155	200824
11728655	200833
11729156	200845
11729656	200850
11730156	200856
11730656	200865
11731158	200871
11731658	200876
11732158	200891
11732658	200899
11733158	200906
11733658	200916
11734158	200923
11734658	200930
11735158	200935
11735659	200946
11736159	200956
11736659	200967
11737160	200975
11737660	200983
11738161	200993
11738662	200996
11739162	201006
11739664	201013
11740164	201023
11740664	201030
11741166	201040
11741666	201055
11742166	201064
11742666	201076
11743167	201086
11743667	201091
11744168	201102
11744668	201111
11745168	201120
11745668	201124
11746169	201130
11746669	201137
11747170	201150
11747670	201162
11748171	201172
11748671	201177
11749172	201183
11749672	201190
11750172	201196
11750672	201203
11751172	201210
11751672	201218
11752172	201227
11752672	201235
11753172	201246
11753672	201254
11754172	201265
11754672	201279
11755172	201295
11755672	201304
11756172	201308
11756674	201320
11757174	201326
11757674	201332
11758175	201337
11758675	201343
11759176	201355
11759676	201363
11760177	201369
11760680	201379
11761180	201388
11761681	201400
11762181	201409
11762681	201427
11763182	201431
11763682	201437
11764182	201438
11764682	201448
11765182	201455
11765682	201470
11766182	201478
11766682	201489
11767182	201501
11767683	201511
11768183	201519
11768683	201530
11769183	201541
11769684	201548
11770184	201557
11770685	201565
11771185	201580
11771686	201582
11772187	201588
11772688	201591
11773188	201597
11773688	201606
11774189	201611
11774689	201619
11775189	201624
11775689	201636
11776189	201647
11776689	201654
11777189	201661
11777689	201673
11778189	201681
11778689	201688
11779189	201696
11779689	201703
11780189	201711
11780690	201721
11781190	201727
11781690	201736
11782190	201751
11782692	201756
11783192	201768
11783694	201773
11784194	201777
11784695	201783
11785196	201790
11785696	201801
11786196	201811
11786698	201820
11787198	201829
11787698	201838
11788199	201850
11788699	201859
11789200	201866
11789700	201876
11790200	201886
11790700	201891
11791202	201902
11791703	201909
11792203	201913
11792704	201922
11793204	201927
11793705	201938
11794205	201945
11794707	201955
11795207	201960
11795707	201969
11796207	201975
11796707	201979
11797207	201989
11797707	201996
11798207	202007
11798707	202017
11799208	202027
11799708	202032
11800210	202039
11800710	202051
11801211	202060
11801712	202072
11802212	202079
11802712	202089
11803212	202097
11803712	202103
11804212	202111
11804713	202121
11805213	202127
11805713	202134
11806214	202143
11806714	202151
11807215	202161
11807716	202174
11808216	202182
11808716	202191
11809216	202202
11809716	202208
11810216	202214
11810716	202220
11811217	202234
11811717	202244
11812217	202252
11812717	202255
11813217	202262
11813717	202277
11814217	202284
11814717	202292
11815217	202299
11815719	202307
11816219	202312
11816720	202320
11817220	202327
11817720	202332
11818221	202341
11818722	202348
11819222	202368
11819723	202379
11820224	202384
11820724	202389
11821224	202394
11821724	202402
11822226	202412
11822726	202422
11823226	202433
11823728	202443
11824230	202449
11824731	202460
11825232	202464
11825733	202472
11826233	202478
11826733	202485
11827233	202493
11827734	202502
11828234	202511
11828735	202516
11829235	202528
11829738	202531
11830238	202541
11830738	202549
11831238	202566
11831738	202574
11832238	202584
11832738	202601
11833238	202611
11833738	202619
11834238	202626
11834739	202636
11835239	202641
11835739	202646
11836239	202661
11836739	202671
11837240	202679
11837740	202689
11838240	202698
11838741	202706
11839241	202715
11839743	202724
11840243	202730
11840743	202738
11841243	202749
11841743	202756
11842243	202770
11842743	202779
11843243	202787
11843743	202791
11844243	202796
11844745	202807
11845245	202815
11845747	202819
11846247	202829
11846747	202842
11847247	202852
11847748	202860
11848248	202868
11848748	202877
11849248	202883
11849748	202896
11850248	202907
11850748	202912
11851249	202918
11851750	202935
11852250	202942
11852750	202949
11853251	202960
11853751	202966
11854251	202975
11854751	202983
11855254	202992
11855754	202999
11856255	203011
11856755	203020
11857255	203026
11857755	203040
11858255	203049
11858755	203056
11859255	203063
11859755	203069
11860255	203075
11860755	203088
11861256	203092
11861756	203101
11862256	203113
11862757	203122
11863257	203134
11863759	203146
11864259	203157
11864760	203166
11865260	203178
11865762	203186
11866262	203199
11866762	203204
11867263	203214
11867765	203229
11868265	203237
11868765	203241
11869265	203251
11869765	203257
11870265	203267
11870765	203277
11871265	203284
11871765	203290
11872265	203299
11872765	203308
11873266	203320
11873767	203325
11874267	203332
11874768	203338
11875269	203346
11875769	203352
11876269	203356
11876769	203363
11877271	203374
11877771	203385
11878271	203395
11878772	203404
11879272	203415
11879773	203425
11880273	203432
11880774	203445
11881274	203453
11881774	203459
11882274	203463
11882775	203468
11883276	203477
11883776	203482
11884277	203488
11884777	203498
11885278	203509
11885778	203516
11886278	203530
11886778	203542
11887278	203553
11887778	203562
11888281	203576
11888781	203585
11889281	203593
11889781	203599
11890281	203608
11890781	203617
11891282	203624
11891784	203628
11892285	203634
11892785	203638
11893285	203648
11893785	203657
11894286	203662
11894786	203675
11895286	203689
11895787	203698
11896287	203708
11896788	203717
11897288	203731
11897788	203739
11898288	203746
11898788	203757
11899288	203770
11899788	203776
11900289	203790
11900790	203800
11901291	203806
11901791	203814
11902291	203822
11902793	203829
11903293	203840
11903793	203848
11904293	203856
11904793	203863
11905293	203870
11905793	203876
11906293	203881
11906793	203889
11907293	203905
11907793	203919
11908293	203925
11908793	203928
11909293	203936
11909793	203939
11910293	203943
11910793	203951
11911293	203962
11911795	203976
11912295	203988
11912795	203993
11913295	204001
11913795	204008
11914295	204016
11914795	204024
11915295	204036
11915795	204050
11916296	204061
11916797	204069
11917298	204080
11917798	204088
11918298	204103
11918798	204109
11919299	204115
11919799	204122
11920299	204131
11920799	204137
11921299	204147
11921799	204153
11922299	204161
11922799	204169
11923299	204179
11923799	204189
11924301	204194
11924801	204198
11925302	204205
11925802	204210
11926302	204220
11926802	204225
11927303	204239
11927804	204251
11928305	204257
11928805	204262
11929307	204271
11929807	204277
11930307	204287
11930808	204300
11931308	204307
11931808	204317
11932309	204324
11932810	204336
11933310	204349
11933810	204357
11934310	204361
11934810	204368
11935313	204377
11935814	204383
11936315	204389
11936815	204399
11937315	204408
11937815	204414
11938315	204426
11938815	204441
11939315	204446
11939815	204449
11940317	204461
11940818	204474
11941318	204481
11941819	204487
11942319	204496
11942819	204504
11943319	204511
11943819	204520
11944319	204533
11944819	204541
11945319	204550
11945819	204556
11946319	204562
11946819	204568
11947319	204583
11947819	204592
11948321	204602
11948821	204606
11949321	204619
11949821	204621
11950323	204627
11950823	204639
11951323	204643
11951824	204652
11952324	204662
11952825	204670
11953327	204681
11953829	204691
11954329	204701
11954829	204711
11955330	204723
11955830	204730
11956330	204738
11956830	204744
11957331	204753
11957831	204758
11958332	204767
11958832	204774
11959332	204781
11959832	204793
11960333	204800
11960833	204806
11961333	204815
11961833	204822
11962333	204833
11962833	204842
11963333	204851
11963833	204866
11964333	204874
11964833	204880
11965333	204887
11965833	204896
11966333	204909
11966833	204918
11967333	204924
11967834	204936
11968336	204938
11968836	204948
11969336	204954
11969836	204959
11970336	204970
11970836	204984
11971336	204996
11971837	205004
11972337	205010
11972837	205018
11973337	205022
11973837	205030
11974337	205035
11974838	205049
11975339	205056
11975840	205062
11976340	205070
11976840	205081
11977340	205086
11977840	205092
11978340	205104
11978840	205111
11979342	205119
11979844	205133
11980345	205150
11980845	205156
11981345	205166
11981845	205172
11982345	205179
11982845	205185
11983345	205193
11983847	205204
11984347	205216
11984847	205223
11985347	205237
11985847	205249
11986347	205254
11986847	205262
11987347	205270
11987847	205274
11988347	205287
11988847	205300
11989347	205306
11989847	205311
11990347	205320
11990847	205330
11991347	205338
11991847	205346
11992347	205353
11992848	205359
11993348	205368
11993848	205380
11994348	205393
11994848	205397
11995348	205405
11995848	205415
11996348	205423
11996849	205429
11997349	205439
11997849	205445
11998349	205458
11998850	205468
11999350	205475
11999850	205480
12000350	205485
12000851	205499
12001351	205508
12001851	205516
12002351	205524
12002852	205532
12003352	205542
12003852	205553
12004353	205561
12004853	205574
12005355	205580
12005856	205588
12006356	205598
12006856	205607
12007356	205618
12007856	205623
12008358	205631
12008858	205638
12009360	205649
12009860	205656
12010360	205664
12010860	205668
12011361	205671
12011862	205679
12012362	205695
12012862	205704
12013363	205719
12013863	205733
12014363	205736
12014863	205744
12015364	205748
12015865	205753
12016365	205760
12016866	205768
12017366	205782
12017866	205791
12018366	205796
12018867	205810
12019367	205814
12019867	205820
12020367	205832
12020868	205845
12021368	205854
12021868	205866
12022368	205878
12022868	205883
12023370	205888
12023870	205900
12024370	205910
12024870	205922
12025370	205926
12025871	205933
12026371	205938
12026871	205943
12027371	205950
12027871	205959
12028372	205968
12028872	205976
12029372	205980
12029872	205987
12030372	205996
12030873	206006
12031374	206012
12031874	206023
12032374	206036
12032874	206041
12033374	206051
12033874	206059
12034374	206067
12034874	206074
12035375	206076
12035878	206085
12036378	206094
12036878	206099
12037378	206109
12037878	206118
12038378	206126
12038879	206135
12039379	206144
12039880	206154
12040380	206162
12040880	206173
12041380	206178
12041881	206186
12042382	206188
12042883	206202
12043383	206210
12043884	206220
12044384	206225
12044884	206234
12045384	206241
12045884	206251
12046386	206264
12046886	206274
12047386	206285
12047886	206290
12048387	206295
12048887	206305
12049388	206312
12049889	206324
12050389	206335
12050889	206341
12051389	206350
12051889	206358
12052390	206367
12052890	206378
12053390	206386
12053890	206393
12054390	206402
12054890	206416
12055391	206421
12055891	206423
12056391	206436
12056891	206444
12057391	206452
12057891	206459
12058391	206464
12058891	206472
12059392	206478
12059892	206490
12060393	206499
12060893	206503
12061394	206509
12061894	206517
12062394	206528
12062894	206537
12063394	206546
12063894	206561
12064394	206570
12064894	206582
12065394	206588
12065894	206594
12066394	206604
12066895	206612
12067395	206616
12067896	206627
12068396	206633
12068896	206643
12069396	206653
12069896	206662
12070397	206669
12070897	206678
12071397	206684
12071897	206689
12072397	206701
12072899	206715
12073399	206717
12073899	206727
12074399	206737
12074899	206746
12075399	206757
12075899	206766
12076399	206777
12076899	206785
12077399	206800
12077900	206808
12078400	206819
12078900	206827
12079400	206833
12079900	206837
12080400	206845
12080901	206850
12081401	206860
12081901	206865
12082401	206880
12082901	206890
12083401	206897
12083901	206906
12084403	206913
12084904	206926
12085404	206935
12085904	206942
12086404	206952
12086905	206957
12087405	206970
12087905	206979
12088407	206984
12088907	206988
12089409	206994
12089909	207009
12090409	207022
12090909	207030
12091411	207038
12091911	207048
12092411	207054
12092912	207063
12093412	207073
12093913	207080
12094414	207086
12094916	207094
12095417	207103
12095918	207117
12096418	207128
12096918	207141
12097418	207147
12097918	207157
12098420	207167
12098920	207175
12099420	207179
12099920	207185
12100420	207190
12100921	207202
12101421	207212
12101922	207224
12102422	207231
12102922	207241
12103422	207253
12103922	207258
12104423	207272
12104923	207281
12105423	207288
12105924	207299
12106424	207306
12106925	207317
12107425	207324
12107925	207333
12108425	207339
12108926	207352
12109426	207357
12109927	207364
12110428	207375
12110928	207382
12111428	207387
12111928	207395
12112429	207405
12112929	207410
12113429	207417
12113929	207423
12114431	207429
12114931	207437
12115431	207447
12115931	207458
12116431	207463
12116932	207478
12117432	207487
12117933	207489
12118433	207502
12118933	207507
12119433	207511
12119935	207520
12120435	207528
12120937	207536
12121437	207542
12121937	207552
12122437	207564
12122937	207570
12123438	207581
12123939	207583
12124440	207588
12124940	207610
12125440	207619
12125940	207624
12126442	207634
12126942	207646
12127442	207663
12127943	207675
12128443	207683
12128943	207690
12129444	207699
12129944	207707
12130444	207721
12130944	207730
12131444	207737
12131944	207741
12132444	207746
12132944	207754
12133445	207764
12133946	207772
12134446	207780
12134946	207786
12135448	207799
12135949	207807
12136449	207813
12136949	207821
12137449	207831
12137950	207844
12138451	207855
12138951	207863
12139452	207871
12139953	207876
12140454	207884
12140954	207889
12141455	207898
12141955	207904
12142456	207915
12142956	207924
12143456	207936
12143956	207945
12144457	207956
12144958	207968
12145458	207981
12145958	207988
12146458	208000
12146958	208005
12147458	208012
12147959	208018
12148460	208025
12148962	208030
12149462	208041
12149964	208050
12150464	208062
12150964	208071
12151464	208078
12151964	208083
12152464	208090
12152965	208098
12153465	208107
12153966	208118
12154466	208127
12154967	208133
12155467	208143
12155969	208149
12156469	208157
12156969	208164
12157469	208176
12157970	208181
12158471	208194
12158971	208201
12159472	208204
12159972	208212
12160474	208219
12160974	208230
12161474	208249
12161975	208256
12162475	208262
12162976	208269
12163478	208275
12163979	208286
12164479	208295
12164980	208306
12165480	208313
12165980	208320
12166480	208329
12166981	208333
12167481	208342
12167982	208352
12168482	208363
12168982	208372
12169482	208381
12169982	208383
12170482	208389
12170982	208400
12171482	208405
12171982	208413
12172482	208418
12172983	208424
12173484	208428
12173984	208439
12174486	208447
12174987	208458
12175487	208464
12175987	208473
12176487	208478
12176987	208486
12177487	208497
12177989	208509
12178489	208518
12178989	208532
12179489	208537
12179989	208546
12180489	208562
12180989	208568
12181489	208574
12181989	208580
12182491	208587
12182991	208595
12183492	208604
12183992	208613
12184493	208622
12184993	208634
12185493	208638
12185993	208650
12186493	208658
12186993	208667
12187494	208675
12187994	208686
12188494	208700
12188994	208704
12189494	208708
12189994	208719
12190494	208723
12190994	208728
12191494	208739
12191994	208747
12192496	208757
12192997	208764
12193497	208769
12193997	208775
12194497	208784
12194999	208791
12195499	208800
12195999	208810
12196500	208818
12197001	208826
12197501	208833
12198001	208840
12198501	208846
12199001	208857
12199501	208868
12200001	208874
12200502	208883
12201003	208894
12201504	208899
12202004	208906
12202505	208910
12203005	208921
12203507	208928
12204007	208939
12204507	208953
12205007	208968
12205508	208976
12206008	208990
12206508	208995
12207010	209005
12207510	209011
12208010	209017
12208511	209021
12209013	209027
12209514	209034
12210014	209042
12210515	209052
12211017	209065
12211517	209075
12212017	209083
12212517	209088
12213017	209101
12213517	209106
12214017	209112
12214517	209123
12215017	209137
12215517	209144
12216017	209155
12216517	209164
12217017	209174
12217517	209180
12218017	209188
12218517	209191
12219018	209204
12219518	209214
12220021	209223
12220521	209233
12221021	209238
12221523	209244
12222023	209255
12222524	209263
12223024	209270
12223524	209279
12224024	209286
12224524	209299
12225024	209304
12225524	209310
12226024	209313
12226524	209322
12227024	209335
12227524	209346
12228024	209360
12228524	209369
12229025	209377
12229525	209384
12230028	209390
12230528	209396
12231028	209404
12231528	209411
12232029	209422
12232529	209433
12233029	209441
12233529	209450
12234029	209456
12234529	209463
12235029	209470
12235531	209486
12236033	209496
12236533	209506
12237034	209513
12237534	209519
12238034	209531
12238534	209545
12239035	209553
12239535	209565
12240035	209575
12240535	209584
12241035	209592
12241535	209598
12242038	209603
12242538	209613
12243038	209627
12243538	209634
12244038	209641
12244538	209655
12245038	209668
12245539	209674
12246040	209682
12246540	209691
12247040	209700
12247540	209705
12248041	209712
12248542	209723
12249042	209735
12249543	209742
12250043	209752
12250543	209757
12251043	209763
12251543	209768
12252043	209777
12252543	209786
12253045	209795
12253545	209805
12254045	209818
12254546	209822
12255046	209830
12255547	209840
12256048	209846
12256548	209857
12257048	209871
12257548	209881
12258048	209890
12258549	209899
12259050	209909
12259550	209914
12260050	209922
12260552	209940
12261052	209949
12261552	209955
12262052	209969
12262552	209978
12263052	209986
12263552	209989
12264052	209996
12264552	210002
12265052	210007
12265552	210018
12266052	210028
12266552	210036
12267052	210046
12267552	210052
12268052	210065
12268552	210075
12269052	210087
12269552	210095
12270052	210100
12270552	210108
12271053	210117
12271555	210124
12272056	210131
12272556	210137
12273056	210144
12273556	210154
12274056	210160
12274556	210168
12275057	210178
12275557	210182
12276057	210192
12276557	210200
12277058	210207
12277558	210217
12278059	210225
12278559	210232
12279060	210241
12279560	210252
12280060	210260
12280561	210268
12281061	210275
12281561	210282
12282062	210295
12282562	210301
12283062	210312
12283562	210319
12284064	210327
12284564	210335
12285064	210348
12285564	210361
12286064	210366
12286564	210373
12287064	210381
12287564	210387
12288064	210396
12288564	210407
12289064	210412
12289564	210417
12290064	210426
12290564	210434
12291065	210439
12291565	210450
12292065	210463
12292565	210473
12293065	210480
12293565	210487
12294065	210496
12294565	210508
12295065	210515
12295565	210520
12296065	210535
12296565	210545
12297065	210554
12297565	210569
12298065	210575
12298565	210584
12299065	210597
12299566	210601
12300066	210606
12300566	210607
12301066	210620
12301567	210625
12302067	210630
12302567	210640
12303067	210655
12303570	210662
12304070	210672
12304570	210683
12305070	210692
12305570	210701
12306071	210711
12306572	210719
12307072	210726
12307573	210732
12308074	210739
12308574	210748
12309074	210762
12309576	210770
12310076	210777
12310576	210782
12311076	210788
12311577	210793
12312077	210800
12312577	210817
12313078	210823
12313578	210831
12314078	210844
12314578	210849
12315078	210864
12315579	210872
12316080	210880
12316580	210885
12317080	210896
12317582	210906
12318082	210914
12318582	210922
12319082	210929
12319583	210939
12320083	210944
12320583	210950
12321083	210954
12321584	210968
12322086	210976
12322586	210984
12323086	210990
12323588	210994
12324088	211007
12324588	211014
12325088	211023
12325588	211033
12326088	211043
12326588	211056
12327088	211066
12327590	211079
12328090	211087
12328591	211097
12329091	211105
12329591	211112
12330092	211122
12330594	211131
12331094	211141
12331594	211149
12332094	211160
12332595	211171
12333096	211178
12333597	211183
12334097	211191
12334597	211194
12335099	211201
12335600	211213
12336100	211222
12336602	211229
12337104	211239
12337604	211247
12338104	211257
12338604	211264
12339104	211273
12339605	211283
12340105	211289
12340605	211301
12341105	211306
12341605	211311
12342107	211317
12342607	211324
12343107	211333
12343607	211341
12344107	211345
12344607	211354
12345107	211366
12345607	211375
12346107	211385
12346607	211392
12347108	211398
12347609	211408
12348109	211416
12348609	211421
12349109	211429
12349610	211434
12350110	211442
12350611	211451
12351111	211457
12351611	211463
12352111	211475
12352611	211482
12353111	211492
12353612	211503
12354113	211511
12354615	211521
12355116	211531
12355616	211543
12356116	211551
12356617	211559
12357117	211574
12357617	211580
12358118	211588
12358618	211598
12359118	211604
12359618	211610
12360118	211617
12360619	211628
12361119	211639
12361619	211650
12362119	211659
12362619	211664
12363120	211670
12363620	211680
12364120	211689
12364620	211701
12365121	211707
12365621	211714
12366121	211722
12366622	211728
12367122	211735
12367622	211742
12368124	211752
12368624	211755
12369125	211766
12369625	211780
12370125	211787
12370625	211801
12371125	211805
12371625	211818
12372126	211826
12372626	211834
12373126	211843
12373626	211851
12374127	211860
12374627	211866
12375127	211877
12375627	211885
12376128	211899
12376628	211905
12377129	211913
12377631	211921
12378131	211934
12378633	211946
12379133	211957
12379633	211965
12380133	211970
12380634	211984
12381134	211989
12381634	212000
12382134	212005
12382636	212012
12383137	212019
12383637	212024
12384137	212028
12384637	212036
12385137	212048
12385637	212058
12386137	212066
12386637	212073
12387140	212082
12387641	212093
12388141	212099
12388641	212110
12389141	212118
12389642	212123
12390142	212136
12390642	212143
12391142	212153
12391643	212165
12392143	212172
12392644	212183
12393145	212199
12393645	212207
12394145	212220
12394645	212234
12395145	212243
12395645	212253
12396145	212263
12396645	212269
12397146	212273
12397646	212277
12398146	212287
12398647	212293
12399148	212303
12399648	212307
12400150	212312
12400651	212316
12401152	212328
12401652	212334
12402152	212342
12402652	212356
12403152	212364
12403652	212374
12404154	212379
12404654	212387
12405154	212394
12405655	212399
12406157	212410
12406657	212416
12407157	212420
12407658	212425
12408158	212431
12408658	212440
12409158	212448
12409659	212456
12410159	212461
12410660	212469
12411160	212475
12411660	212481
12412160	212494
12412660	212507
12413160	212522
12413660	212534
12414161	212548
12414661	212554
12415161	212564
12415662	212578
12416162	212583
12416662	212590
12417162	212600
12417662	212605
12418163	212616
12418663	212623
12419166	212630
12419666	212637
12420166	212646
12420666	212657
12421167	212665
12421667	212673
12422167	212681
12422667	212689
12423168	212696
12423668	212703
12424168	212708
12424668	212716
12425169	212726
12425670	212735
12426171	212747
12426671	212756
12427171	212766
12427671	212770
12428171	212774
12428671	212782
12429171	212793
12429672	212801
12430172	212811
12430673	212818
12431174	212833
12431674	212847
12432176	212860
12432676	212871
12433176	212880
12433677	212894
12434181	212901
12434681	212909
12435183	212918
12435684	212923
12436184	212936
12436684	212944
12437184	212949
12437684	212957
12438184	212964
12438684	212972
12439184	212983
12439684	212992
12440184	213003
12440684	213011
12441185	213020
12441685	213023
12442185	213032
12442685	213042
12443185	213048
12443685	213055
12444185	213062
12444685	213068
12445185	213074
12445685	213085
12446185	213092
12446685	213100
12447185	213111
12447685	213118
12448185	213125
12448686	213135
12449186	213145
12449689	213151
12450189	213161
12450689	213170
12451189	213181
12451690	213186
12452191	213192
12452691	213198
12453191	213203
12453691	213215
12454192	213222
12454692	213235
12455193	213243
12455694	213256
12456195	213267
12456695	213276
12457196	213284
12457696	213289
12458196	213297
12458696	213307
12459197	213310
12459697	213317
12460198	213326
12460699	213335
12461199	213346
12461699	213353
12462200	213362
12462700	213364
12463200	213373
12463700	213384
12464200	213393
12464700	213406
12465200	213418
12465700	213429
12466202	213433
12466702	213440
12467203	213453
12467703	213463
12468203	213473
12468703	213478
12469204	213485
12469705	213494
12470205	213501
12470705	213509
12471205	213518
12471705	213525
12472205	213533
12472706	213536
12473207	213544
12473708	213550
12474208	213561
12474708	213568
12475209	213576
12475709	213587
12476210	213595
12476710	213605
12477210	213613
12477710	213616
12478210	213624
12478711	213632
12479211	213647
12479711	213655
12480211	213662
12480713	213665
12481214	213672
12481715	213680
12482216	213688
12482716	213695
12483216	213700
12483717	213707
12484217	213716
12484718	213723
12485219	213733
12485720	213739
12486220	213746
12486721	213758
12487223	213766
12487723	213775
12488224	213783
12488724	213792
12489225	213800
12489725	213812
12490227	213825
12490728	213831
12491228	213838
12491728	213848
12492228	213858
12492728	213870
12493228	213876
12493728	213881
12494228	213888
12494728	213898
12495228	213902
12495728	213910
12496228	213919
12496728	213924
12497228	213938
12497729	213951
12498229	213970
12498730	213979
12499231	213982
12499731	213990
12500232	214000
12500734	214004
12501234	214021
12501734	214032
12502235	214042
12502736	214052
12503237	214059
12503737	214067
12504237	214080
12504737	214088
12505237	214102
12505737	214108
12506237	214123
12506737	214131
12507237	214137
12507737	214139
12508237	214149
12508739	214155
12509239	214161
12509739	214170
12510239	214177
12510740	214188
12511240	214201
12511740	214209
12512241	214216
12512741	214227
12513241	214233
12513741	214245
12514241	214249
12514741	214255
12515241	214261
12515741	214273
12516241	214286
12516741	214292
12517241	214303
12517741	214306
12518241	214318
12518741	214325
12519241	214334
12519741	214347
12520241	214358
12520741	214363
12521242	214372
12521742	214386
12522242	214399
12522742	214404
12523242	214414
12523743	214421
12524243	214436
12524743	214444
12525243	214454
12525743	214460
12526244	214470
12526744	214475
12527244	214488
12527744	214500
12528244	214506
12528744	214513
12529244	214527
12529744	214539
12530244	214548
12530744	214560
12531244	214561
12531744	214573
12532244	214581
12532744	214585
12533245	214593
12533745	214595
12534245	214604
12534745	214610
12535245	214615
12535745	214623
12536247	214633
12536747	214647
12537247	214654
12537748	214665
12538248	214674
12538748	214685
12539250	214697
12539750	214702
12540251	214712
12540751	214721
12541251	214729
12541752	214741
12542253	214751
12542753	214769
12543253	214775
12543754	214786
12544254	214797
12544754	214805
12545254	214819
12545754	214825
12546254	214829
12546754	214841
12547254	214848
12547754	214857
12548254	214865
12548754	214878
12549254	214891
12549754	214897
12550256	214903
12550756	214912
12551257	214923
12551757	214934
12552257	214943
12552757	214961
12553257	214970
12553760	214975
12554260	214980
12554761	214991
12555261	214999
12555762	215002
12556262	215014
12556762	215025
12557262	215035
12557763	215042
12558263	215057
12558763	215070
12559263	215080
12559765	215093
12560265	215099
12560766	215108
12561266	215115
12561766	215126
12562267	215140
12562768	215148
12563269	215156
12563770	215166
12564270	215177
12564770	215182
12565271	215188
12565771	215199
12566271	215211
12566771	215215
12567271	215221
12567771	215228
12568273	215238
12568775	215246
12569276	215258
12569777	215267
12570278	215272
12570778	215285
12571279	215294
12571780	215300
12572280	215309
12572780	215316
12573280	215325
12573780	215336
12574280	215343
12574780	215351
12575281	215362
12575782	215366
12576282	215374
12576782	215381
12577282	215387
12577783	215396
12578283	215407
12578784	215418
12579284	215429
12579784	215436
12580284	215449
12580784	215458
12581284	215469
12581785	215477
12582285	215485
12582786	215493
12583287	215502
12583788	215506
12584289	215516
12584789	215517
12585289	215528
12585790	215535
12586291	215543
12586791	215555
12587291	215559
12587791	215566
12588291	215577
12588791	215585
12589291	215589
12589793	215599
12590294	215608
12590794	215618
12591294	215628
12591794	215636
12592294	215643
12592794	215652
12593294	215665
12593794	215670
12594294	215678
12594794	215688
12595294	215697
12595795	215704
12596296	215709
12596796	215716
12597296	215727
12597798	215733
12598298	215741
12598798	215752
12599298	215759
12599798	215771
12600298	215780
12600798	215789
12601298	215796
12601798	215798
12602300	215802
12602801	215815
12603301	215822
12603801	215833
12604302	215843
12604802	215852
12605302	215859
12605802	215866
12606302	215871
12606802	215878
12607302	215887
12607802	215894
12608302	215899
12608803	215911
12609303	215920
12609803	215930
12610303	215938
12610803	215947
12611304	215956
12611804	215974
12612304	215979
12612804	215990
12613308	215996
12613809	216005
12614309	216012
12614811	216020
12615311	216024
12615811	216029
12616311	216037
12616811	216044
12617311	216055

