Contact	NrofDelivered
500	0.0
1000	3.7037037037037033
1500	2.5
2000	12.727272727272727
2500	15.714285714285714
3000	18.6046511627907
3500	16.666666666666664
4000	16.101694915254235
4500	16.417910447761194
5000	21.333333333333336
5500	21.686746987951807
6000	23.333333333333332
6500	23.195876288659793
7000	22.857142857142858
7500	24.0
8000	24.066390041493776
8500	26.07003891050584
9000	26.10294117647059
9500	27.526132404181187
10000	28.14569536423841
10500	28.706624605678233
11000	29.34131736526946
11500	30.45977011494253
12000	30.11049723756906
12500	29.708222811671085
13000	29.336734693877553
13500	29.975429975429975
14000	30.641330166270787
14500	30.275229357798167
15000	30.666666666666664
15500	31.759656652360512
16000	31.535269709543567
16500	31.388329979879277
17000	30.739299610894943
17500	31.25
18000	32.34750462107209
18500	33.03249097472924
19000	34.44639718804921
19500	34.76027397260274
20000	35.89315525876461
20500	36.48208469055375
21000	36.82539682539683
21500	37.51937984496124
22000	37.46223564954683
22500	38.75739644970414
23000	39.24963924963925
23500	39.97175141242938
24000	40.331491712707184
24500	40.78590785907859
25000	41.51193633952255
25500	41.81818181818181
26000	42.31257941550191
26500	42.11180124223603
27000	41.829268292682926
27500	41.96642685851319
28000	42.0
28500	42.19653179190752
29000	42.61363636363637
29500	42.66517357222844
30000	43.109151047409036
30500	43.105320304017376
31000	42.84188034188034
31500	43.11251314405888
32000	43.37474120082816
32500	43.730886850152906
33000	44.120603015075375
33500	44.31256181998022
34000	44.54191033138402
34500	44.80769230769231
35000	45.64393939393939
35500	45.938375350140056
36000	45.806451612903224
36500	46.09090909090909
37000	45.96774193548387
37500	45.88859416445623
38000	45.94594594594595
38500	46.46551724137931
39000	46.97872340425532
39500	46.689019279128246
40000	46.69421487603306
40500	47.30392156862745
41000	47.82258064516129
41500	48.12749003984064
42000	47.91502753737215
42500	48.01556420233463
43000	47.68875192604006
43500	47.60456273764259
44000	47.708489857250186
44500	47.512991833704525
45000	47.90902421129861
45500	48.113207547169814
46000	48.600143575017945
46500	48.82895670688431
47000	48.561403508771924
47500	48.541666666666664
48000	48.592999313658204
48500	48.60639021074099
49000	48.45222072678331
49500	48.43437708194537
50000	48.8110964332893
50500	48.92086330935252
51000	49.19093851132686
51500	49.39141575912876
52000	49.65123652504756
52500	49.780288763339605
53000	49.68905472636816
53500	49.72273567467653
54000	50.03050640634533
54500	50.27223230490018
55000	50.51051051051051
55500	50.535714285714285
56000	50.383480825958706
56500	50.46783625730994
57000	50.3768115942029
57500	50.45977011494253
58000	50.45610034207526
58500	50.33898305084745
59000	50.50391937290034
59500	50.5
60000	50.60706401766004
60500	50.68493150684932
61000	50.78761542639869
61500	50.86206896551724
62000	50.989834135901546
62500	50.87626128518322
63000	51.0806536636795
63500	51.071615263983276
64000	50.88082901554404
64500	50.92592592592593
65000	50.84226646248086
65500	50.835443037974684
66000	50.678733031674206
66500	50.649350649350644
67000	50.69375619425174
67500	50.86079685194294
68000	50.97560975609756
68500	50.89588377723972
69000	51.105769230769226
69500	51.169451073985684
70000	51.11321648507816
70500	51.12994350282486
71000	51.050910789350766
71500	51.09048723897912
72000	51.17457392906495
72500	51.21170553269319
73000	51.36239782016349
73500	51.69300225733634
74000	51.704035874439455
74500	51.75946547884187
75000	51.76991150442478
75500	51.88927943760984
76000	51.94238323876037
76500	51.95143104943626
77000	51.74493752692805
77500	51.605995717344754
78000	51.61702127659574
78500	51.37420718816068
79000	51.44897102057959
79500	51.608859172586705
80000	51.64104694640631
80500	51.65152766308836
81000	51.908083709478866
81500	52.12071778140294
82000	52.188006482982175
82500	52.23340040241449
83000	52.28
83500	52.286282306163024
84000	52.153299091268266
84500	52.14145383104126
85000	52.34558248631743
85500	52.33100233100233
86000	52.6051717483597
86500	52.62754123513618
87000	52.57535291873331
87500	52.59764884338263
88000	52.772538664654846
88500	52.73818454613654
89000	52.873134328358205
89500	52.967359050445104
90000	52.78495020287717
90500	52.84195086175284
91000	52.69876002917579
91500	52.66594124047879
92000	52.65247203175749
92500	52.69203158650395
93000	52.83827204569796
93500	52.788632326820604
94000	53.10954063604241
94500	53.12719606465214
95000	53.14685314685315
95500	53.14782608695652
96000	53.21799307958478
96500	53.0970406056435
97000	53.00957592339262
97500	52.91113381001021
98000	53.03287021348695
98500	53.00067430883345
99000	53.1029855753103
99500	53.104138851802404
100000	53.204915310528065
100500	53.10641110376735
101000	53.074646497862545
101500	53.0278232405892
102000	53.11176278918215
102500	53.03276029841064
103000	53.01905069422021
103500	53.03760848601736
104000	53.00703774792066
104500	52.95989815404201
105000	52.900158478605384
105500	53.18611987381704
106000	53.15541601255887
106500	53.21875
107000	53.21928460342146
107500	53.126934984520126
108000	53.18952234206471
108500	53.06748466257669
109000	52.94476655477571
109500	53.1145548465512
110000	53.29703569267997
110500	53.25301204819277
111000	53.147482014388494
111500	53.19212410501193
112000	53.17884729649436
112500	53.16568047337278
113000	53.13696612665685
113500	53.10850439882698
114000	53.095794392523366
114500	53.054101221640494
115000	53.171155516941795
115500	53.31603229527106
116000	53.300803673938
116500	53.46109839816934
117000	53.41880341880342
117500	53.335225659948904
118000	53.37856940910376
118500	53.39341030695579
119000	53.464235624123425
119500	53.49357182783678
120000	53.52073476203729
120500	53.741685144124176
121000	53.712393044438315
121500	53.818681318681314
122000	53.98084815321478
122500	53.96565821749796
123000	53.94843962008141
123500	53.90435017562821
124000	53.85029617662897
124500	53.79458299812282
125000	53.73931623931624
125500	53.65594256846583
126000	53.76059322033898
126500	53.76088677751386
127000	53.70857443450815
127500	53.7332984018863
128000	53.81002087682673
128500	53.87415496619865
129000	53.93578456758157
129500	53.86996904024768
130000	53.97070161912105
130500	54.04505888376856
131000	54.00305966343703
131500	54.014227642276424
132000	53.98431570958766
132500	53.892668178382465
133000	53.977415307402765
133500	54.02701350675338
134000	54.13552566018933
134500	54.09429280397022
135000	54.04202719406675
135500	54.05072642206353
136000	54.04808635917566
136500	54.10557184750733
137000	54.140282513395036
137500	54.1747572815534
138000	54.13442940038685
138500	54.24096385542169
139000	54.152664426308206
139500	54.077971777086816
140000	54.088200238379024
140500	54.0855106888361
141000	54.02271651680076
141500	54.07826496935407
142000	54.01596993893847
142500	53.979400749063664
143000	53.98973401773215
143500	53.97674418604651
144000	54.09038238702202
144500	54.1002541002541
145000	54.1206261510129
145500	54.11791695342969
146000	54.11522633744856
146500	54.16856492027334
147000	54.26690876078075
147500	54.22885572139303
148000	54.248366013071895
148500	54.145135924511344
149000	54.120017913121366
149500	54.05224380442063
150000	53.99332591768632
150500	54.091816367265466
151000	54.19982316534041
151500	54.16299559471366
152000	54.182217343578486
152500	54.11378555798687
153000	54.10122164048866
153500	54.10869565217391
154000	54.08450704225351
154500	54.16846652267818
155000	54.28325441239777
155500	54.29796355841372
156000	54.20760358821016
156500	54.193273733503624
157000	54.339062168470186
157500	54.45314152739581
158000	54.47068747363981
158500	54.467101114147574
159000	54.495912806539515
159500	54.492269118261596
160000	54.467819204332436
160500	54.494498650612414
161000	54.37616387337057
161500	54.37293729372937
162000	54.380913204442614
162500	54.35718679516096
163000	54.29272281275552
163500	54.300856094578066
164000	54.32926829268293
164500	54.366767983789266
165000	54.4040404040404
165500	54.44108761329305
166000	54.42682192330858
166500	54.40176070428171
167000	54.35866746459206
167500	54.37549721559268
168000	54.27155599603568
168500	54.297569650266745
169000	54.32341934213119
169500	54.29917550058892
170000	54.363992172211354
170500	54.37158469945356
171000	54.41634241245136
171500	54.48195576251456
172000	54.47862255755466
172500	54.58052073288332
173000	54.60842793919569
173500	54.575100709764044
174000	54.658503921943755
174500	54.59748187714612
175000	54.57659372026641
175500	54.650721336370545
176000	54.817338633352264
176500	54.936756654710216
177000	54.968009032743694
177500	54.91741741741741
178000	54.911131898971
178500	54.93378101100541
179000	54.90050213873907
179500	54.89614243323442
180000	55.05825781394489
180500	55.051622418879056
181000	55.01011215296929
181500	55.04402054292002
182000	55.07591000548747
182500	55.018248175182485
183000	55.050045495905366
183500	55.08166969147006
184000	55.16742081447964
184500	55.198555956678696
185000	55.38350738206697
185500	55.4058908045977
186000	55.3107648217804
186500	55.45828122208326
187000	55.38927489755924
187500	55.37395629774383
188000	55.38625088589653
188500	55.39657304363187
189000	55.32851858375902
189500	55.31354294747936
190000	55.335552829858074
190500	55.34778049632996
191000	55.42378793163586
191500	55.358385525400145
192000	55.36860364267129
192500	55.30958145970253
193000	55.25862068965517
193500	55.28035775713794
194000	55.23335621139327
194500	55.20369736391647
195000	55.17418032786885
195500	55.186509964230964
196000	55.21576622494053
196500	55.24487375021183
197000	55.26449214128781
197500	55.268925982127804
198000	55.31449714093508
198500	55.30773100788194
199000	55.27680214082622
199500	55.231102953445685
200000	55.26709935097354
200500	55.23651452282158
201000	55.323729094220894
201500	55.31141582686271
202000	55.33036744109408
202500	55.34012487676635
203000	55.43353548598591
203500	55.435671080595064
204000	55.406948295547224
204500	55.385616661243084
205000	55.35714285714286
205500	55.424222797927456
206000	55.55016965584101
206500	55.52869116698904
207000	55.49123653320469
207500	55.49494625381036
208000	55.422264875239925
208500	55.33577923113734
209000	55.25855210819412
209500	55.27694016822726
210000	55.296912114014255
210500	55.371248025276465
211000	55.45397225725095
211500	55.44025157232705
212000	55.44399121430813
212500	55.47033964626702
213000	55.40118638776147
213500	55.380781809686965
214000	55.38294236445549
214500	55.44876763292513
215000	55.476485148514854
215500	55.4406544219787
216000	55.497382198952884
216500	55.430941772929785
217000	55.45677498467197
217500	55.5130753937911
218000	55.49961861174676
218500	55.64012787334449
219000	55.680437424058326
219500	55.67338282078473
220000	55.66137566137566
220500	55.7315233785822
221000	55.794701986754966
221500	55.75739378471701
222000	55.75194727381666
222500	55.852892809089546
223000	55.90692124105012
223500	55.93094210447983
224000	55.933462052576864
224500	55.8766859344894
225000	55.82014494897205
225500	55.747380846982445
226000	55.704401589871935
226500	55.66980023501763
227000	55.68748167692759
227500	55.69046225863078
228000	55.737226277372265
228500	55.80480699198834
229000	55.74771108850458
229500	55.79237349572278
230000	55.74363425925925
230500	55.74480369515011
231000	55.7476231633535
231500	55.81595974119339
232000	55.753228120516496
232500	55.70508231925555
233000	55.63651950278611
233500	55.58089807555239
234000	55.56978233034571
234500	55.585521646557844
235000	55.516215833451355
235500	55.53356890459364
236000	55.5148095909732
236500	55.518018018018026
237000	55.653883972468044
237500	55.66302214746286
238000	55.63015806406491
238500	55.6393076493579
239000	55.69796600724436
239500	55.72858731924361
240000	55.76522825031219
240500	55.71705426356589
241000	55.73362807405361
241500	55.73634859349145
242000	55.794109551334984
242500	55.87144622991347
243000	55.844867753871455
243500	55.82603938730853
244000	55.84823256448751
244500	55.83707941697317
245000	55.866757307953776
245500	55.83446404341926
246000	55.793178126691934
246500	55.74611748818366
247000	55.7456553953927
247500	55.73329748622127
248000	55.70911042533208
248500	55.76536761751707
249000	55.74121106803903
249500	55.7156195811658
250000	55.72417465388712
250500	55.745981134582166
251000	55.694020946572984
251500	55.62169312169311
252000	55.64505479994718
252500	55.65366367949394
253000	55.68854399579114
253500	55.68390653714885
254000	55.731691340233205
254500	55.76621338912135
255000	55.72807933194155
255500	55.749446542518555
256000	55.77223088923557
256500	55.78045932269365
257000	55.72390572390572
257500	55.770970660462716
258000	55.81785345717234
258500	55.74868031414961
259000	55.73117450526857
259500	55.73223903565017
260000	55.75889429229588
260500	55.696040868454666
261000	55.671679836859546
261500	55.653058629022
262000	55.621827411167516
262500	55.59777102330293
263000	55.700202224469166
263500	55.702750441584655
264000	55.71788413098236
264500	55.73708684177454
265000	55.78683385579938
265500	55.78222778473091
266000	55.77211394302849
266500	55.79800498753117
267000	55.7919621749409
267500	55.77496274217586
268000	55.793778659065566
268500	55.78374365953235
269000	55.834053586862574
269500	55.829430613754006
270000	55.80565805658056
270500	55.83108273999508
271000	55.84415584415584
271500	55.83954995719702
272000	55.810546875
272500	55.849378503534
273000	55.87448309413768
273500	55.845574845210635
274000	55.89625499939401
274500	55.92113221241078
275000	55.90437092489737
275500	55.89298626174982
276000	55.97786865528025
276500	55.94909352863488
277000	55.920421860019175
277500	55.934434075137595
278000	55.91783112385047
278500	55.89462391226606
279000	55.883402736466394
279500	55.87746378532415
280000	55.8833985069321
280500	55.92618878637331
281000	55.89798087141339
281500	55.898644667059514
282000	55.84048935419362
282500	55.866118614210215
283000	55.87856054389873
283500	55.807696806644046
284000	55.80852305896089
284500	55.90395150949994
285000	55.8645566674424
285500	55.88850174216028
286000	55.873825814681666
286500	55.87452251417988
287000	55.876574598405185
287500	55.878620053074876
288000	55.84475411724058
288500	55.87491377328121
289000	55.811818703384965
289500	55.8712338183068
290000	55.958371454711795
290500	55.90820869962324
291000	55.915204011853206
291500	55.96904518038011
292000	55.998636673483304
292500	56.00045372050817
293000	56.09424558223834
293500	56.15106286748078
294000	56.15124153498871
294500	56.12256392925538
295000	56.09536662168241
295500	56.07455647877835
296000	56.12599484362739
296500	56.12621685129238
297000	56.16132275723383
297500	56.167744813740796
298000	56.15675796036518
298500	56.152050683561185
299000	56.18064802485575
299500	56.15861763402747
300000	56.18710604887759
300500	56.21550011039965
301000	56.29409171075837
301500	56.28782044229288
302000	56.251373324544055
302500	56.22463529669848
303000	56.21988611476127
303500	56.24316641154603
304000	56.216570243423206
304500	56.2384221423123
305000	56.2166866093767
305500	56.16854908774979
306000	56.213402732595966
306500	56.24120385406517
307000	56.312148724600085
307500	56.31675477397777
308000	56.32270573028867
308500	56.32394063239406
309000	56.36207451948889
309500	56.35856744585032
310000	56.33832976445397
310500	56.32282202030999
311000	56.307363927427964
311500	56.29661197528234
312000	56.25398851308232
312500	56.255310110450296
313000	56.2599385137284
313500	56.24603006563624
314000	56.32001690974424
314500	56.3350564405528
315000	56.331647703329125
315500	56.30455358081817
316000	56.301197227473224
316500	56.28604382929643
317000	56.3605905140823
317500	56.31859517089997
318000	56.30936227951153
318500	56.27800354277378
319000	56.29421556387848
319500	56.33115196842214
320000	56.316116988176724
320500	56.23317457030441
321000	56.21833970846687
321500	56.24483897605285
322000	56.265457543281116
322500	56.21271343344991
323000	56.2082777036048
323500	56.20961952620244
324000	56.1994471178458
324500	56.24041704998467
325000	56.1906706134531
325500	56.2041564792176
326000	56.157835858842674
326500	56.137678952177886
327000	56.13910574875799
327500	56.17533913747722
328000	56.17670845127376
328500	56.17807389460933
329000	56.23299405421748
329500	56.24874220165024
330000	56.27009646302251
330500	56.245610514698505
331000	56.27128831897416
331500	56.26250500200079
332000	56.32241310427487
332500	56.336623791006076
333000	56.35766205317137
333500	56.35875509595307
334000	56.32571996027805
334500	56.33118492811106
335000	56.32240815922368
335500	56.343320478591906
336000	56.289494470774095
336500	56.29067245119306
337000	56.331232768806615
337500	56.44051130776795
338000	56.41629847815415
338500	56.422828005491276
339000	56.39870752961911
339500	56.40524154116957
340000	56.39523530560437
340500	56.38650546021841
341000	56.43072729042936
341500	56.45663166083236
342000	56.466019417475735
342500	56.44754702346325
343000	56.4291247095275
343500	56.376293145122304
344000	56.39119521143078
344500	56.37590361445783
345000	56.35768601405332
345500	56.36171439554103
346000	56.38736922929264
346500	56.362591031046385
347000	56.41025641025641
347500	56.45361612687494
348000	56.41637248354164
348500	56.41196646341463
349000	56.47954329210276
349500	56.4709236031927
350000	56.46110056925996
350500	56.390336333491234
351000	56.37120423800965
351500	56.36157551714367
352000	56.34666163711807
352500	56.30766334023725
353000	56.30346902322083
353500	56.280510702215544
354000	56.28574107059154
354500	56.26696620799401
355000	56.305506216696266
355500	56.33986928104575
356000	56.36889220440134
356500	56.38852672750978
357000	56.360424028268554
357500	56.337635806481565
358000	56.314910979228486
358500	56.34376736432672
359000	56.358087487283825
359500	56.312921400203194
360000	56.33244165667374
360500	56.328297715549006
361000	56.358115568641885
361500	56.38669362249586
362000	56.443914081145586
362500	56.44362969752521
363000	56.43935926773456
363500	56.46252285191956
364000	56.449109995435876
364500	56.46704949412087
365000	56.49126001456665
365500	56.48063988365751
366000	56.438878301116254
366500	56.443719412724306
367000	56.47175959449674
367500	56.485582572539094
368000	56.490341216826145
368500	56.50527454692994
369000	56.4790634849167
369500	56.52486734418562
370000	56.561573699811376
370500	56.58803480132747
371000	56.651437785541525
371500	56.621331424481035
372000	56.5939957112223
372500	56.57683383901482
373000	56.5674567813224
373500	56.63433300703035
374000	56.62104514752932
374500	56.56225042151034
375000	56.571833732163434
375500	56.54482697583857
376000	56.53941322021916
376500	56.545149616029654
377000	56.562362274129576
377500	56.62353666050524
378000	56.62798874824191
378500	56.61106233538191
379000	56.576639775517364
379500	56.57237936772047
380000	56.586773967809656
380500	56.692294251266816
381000	56.72774869109948
381500	56.70471377537684
382000	56.70031326139924
382500	56.68723385765186
383000	56.665509460163165
383500	56.64759923730283
384000	56.64329611356358
384500	56.663785652549706
385000	56.62983425414365
385500	56.58132919575899
386000	56.58574380165289
386500	56.56921754084265
387000	56.5982656478063
387500	56.65409020751157
388000	56.663240835902705
388500	56.683485846232784
389000	56.710807347287485
389500	56.70648464163822
390000	56.702172986791645
390500	56.66751765807165
391000	56.66439986399185
391500	56.643178538076235
392000	56.61833290935301
392500	56.61303979678238
393000	56.59085144161664
393500	56.59039094823947
394000	56.60679652584535
394500	56.609969686763215
395000	56.60472546876314
395500	56.58380920389654
396000	56.59174773565917
396500	56.58765390736242
397000	56.58246905319505
397500	56.586751315679564
398000	56.59574468085107
398500	56.599999999999994
399000	56.62089055347482
399500	56.629811289383994
400000	56.650614413816
400500	56.63929667413121
401000	56.630497805019466
401500	56.59690627843494
402000	56.55514250309789
402500	56.56048852946031
403000	56.59304433822317
403500	56.5843621399177
404000	56.629675297986026
404500	56.633825944170766
405000	56.59588423382799
405500	56.61644284310514
406000	56.684929266497676
406500	56.669117046475534
407000	56.72214064284549
407500	56.71799885928461
408000	56.70111481813004
408500	56.68888166449935
409000	56.69994318642967
409500	56.66693685661019
410000	56.70336787564767
410500	56.752385573346274
411000	56.80129240710824
411500	56.82129891085115
412000	56.845837698444676
412500	56.80135222150676
413000	56.769577102428045
413500	56.72528707941862
414000	56.7086374208036
414500	56.71713530401345
415000	56.72107537205952
415500	56.76950127877238
416000	56.757404007344135
416500	56.77270190544527
417000	56.79592324229637
417500	56.80318091451292
418000	56.8308181096108
418500	56.842522808409356
419000	56.81115777795388
419500	56.799113503245216
420000	56.78817110777259
420500	56.80435984519391
421000	56.768696749763336
421500	56.82874931042635
422000	56.820149547422275
422500	56.80371040012577
423000	56.807474874371856
423500	56.77540777917189
424000	56.75908521303258
424500	56.7662703379224
425000	56.7890625
425500	56.797253004526304
426000	56.808792579312495
426500	56.84472823547734
427000	56.85618729096989
427500	56.84766565680106
428000	56.85574610072166
428500	56.85165090683615
429000	56.86972675903708
429500	56.88108860368022
430000	56.875916917612535
430500	56.85972082979872
431000	56.86334925281159
431500	56.85263562908811
432000	56.905695181000695
432500	56.9333538083538
433000	56.917177914110425
433500	56.86710072769054
434000	56.86634534465611
434500	56.900504355800095
435000	56.87681270035109
435500	56.86513684531525
436000	56.87961623391457
436500	56.86796470946152
437000	56.88240656335461
437500	56.86646433990895
438000	56.85056077599272
438500	56.85087055261165
439000	56.816635160680526
439500	56.820241691842895
440000	56.85830692621096
440500	56.82743029389601
441000	56.79987958154587
441500	56.803488197263576
442000	56.81784051659409
442500	56.85568556855686
443000	56.89241833982619
443500	56.87771291722796
444000	56.877990430622006
444500	56.90814040328603
445000	56.86259883634194
445500	56.832066756072116
446000	56.80482178733537
446500	56.77443329617242
447000	56.73990498812351
447500	56.75094535478608
448000	56.75355450236966
448500	56.72756860714549
449000	56.77233429394812
449500	56.764336851428155
450000	56.75317015629607
450500	56.73784977908689
451000	56.72256546042954
451500	56.7418620030862
452000	56.75278919553729
452500	56.741696605322964
453000	56.73478356405186
453500	56.77494878548435
454000	56.74925089527151
454500	56.741367983064464
455000	56.748086037185566
455500	56.77348871085215
456000	56.770719639088995
456500	56.75970344526821
457000	56.745570723206505
457500	56.767735383722616
458000	56.792986015506116
458500	56.81505609844372
459000	56.83297180043384
459500	56.8405085235481
460000	56.83048278848235
460500	56.84521663903107
461000	56.83422151807576
461500	56.833549129621645
462000	56.81948835872377
462500	56.7860475130984
463000	56.782334384858046
463500	56.785791019121966
464000	56.79233135417412
464500	56.781477776189796
465000	56.79920051395532
465500	56.82498930252461
466000	56.81818181818182
466500	56.83985765124555
467000	56.81478848204764
467500	56.81107954545455
468000	56.818504328082874
468500	56.811738020981004
469000	56.7827810818465
469500	56.81850332437403
470000	56.796665253638544
470500	56.80615341189754
471000	56.844776540250955
471500	56.841067530455604
472000	56.86246922265212
472500	56.88382880033734
473000	56.8871103622578
473500	56.89437508767008
474000	56.8476357267951
474500	56.84298908480269
475000	56.81135108688055
475500	56.77977936042452
476000	56.76523922443856
476500	56.76466490176955
477000	56.78196116639989
477500	56.782312452200514
478000	56.766891188111934
478500	56.752445030172716
479000	56.74196230598669
479500	56.72364869541144
480000	56.70630530973452
480500	56.709717521928305
481000	56.70622326479923
481500	56.71652078020539
482000	56.723817393100596
482500	56.68202764976959
483000	56.68155273102027
483500	56.69572379710344
484000	56.705979155238616
484500	56.723984380352135
485000	56.733269467633775
485500	56.80109364319891
486000	56.81119836121543
486500	56.80376509105791
487000	56.790459965928456
487500	56.78012253233492
488000	56.79020741244475
488500	56.75565518646831
489000	56.783169324737024
489500	56.79414157851912
490000	56.78385152069363
490500	56.781266919328644
491000	56.771009397606655
491500	56.76168603080248
492000	56.77846008502598
492500	56.7942841736317
493000	56.79752205238704
493500	56.820933674155796
494000	56.821236559139784
494500	56.81772406847936
495000	56.83342274678112
495500	56.826098606645225
496000	56.81301030651854
496500	56.776091462191616
497000	56.77354709418838
497500	56.7701034367701
498000	56.78576189841355
498500	56.772775705913695
499000	56.7655667908462
499500	56.75639747424393
500000	56.73970783532537
500500	56.796921647979836
501000	56.83038377411016
501500	56.83639012116798
502000	56.876364358007535
502500	56.87285223367697
503000	56.86649940578371
503500	56.83002440472264
504000	56.83974696889826
504500	56.80621379673513
505000	56.81594002761886
505500	56.78250016422518
506000	56.818480115500726
506500	56.82726974762373
507000	56.82666492043743
507500	56.805546471319246
508000	56.7694720334553
508500	56.779163130752664
509000	56.78601708732799
509500	56.77331074477097
510000	56.77646139825544
510500	56.77222186097926
511000	56.736390801611016
511500	56.791485495489646
512000	56.78356128864978
512500	56.763582205530014
513000	56.79906844352439
513500	56.844622543950365
514000	56.825519824357485
514500	56.80645161290323
515000	56.80675518886167
515500	56.78964651342476
516000	56.795523252074354
516500	56.79218609433235
517000	56.80534155110426
517500	56.776345327432495
518000	56.79589875040051
518500	56.76973305166122
519000	56.76280616486539
519500	56.781447645818695
520000	56.76814091518284
520500	56.748485814472424
521000	56.745222929936304
521500	56.757444642402646
522000	56.74507310870948
522500	56.787143492345805
523000	56.810104087331815
523500	56.79497748747543
524000	56.795286067287584
524500	56.84177215189874
525000	56.828528072837635
525500	56.80267812026276
526000	56.78046317915063
526500	56.746532156368225
527000	56.71726396674435
527500	56.76440976591996
528000	56.79260702835229
528500	56.82788944723618
529000	56.82816618551525
529500	56.82487930277761
530000	56.80010023178601
530500	56.837098692033294
531000	56.83025945608002
531500	56.80739445415938
532000	56.826407088481226
532500	56.813364917092635
533000	56.809265832243604
533500	56.78920196554083
534000	56.80109364319891
534500	56.775715438574714
535000	56.730948099460534
535500	56.73047141175742
536000	56.73618416981249
536500	56.75157660442686
537000	56.78280207561156
537500	56.79812380423378
538000	56.809914298045506
538500	56.83750153997782
539000	56.83692307692307
539500	56.845146615848044
540000	56.87876182287188
540500	56.85973739109094
541000	56.85649482008215
541500	56.859382655561
542000	56.84307127561945
542500	56.849440674857874
543000	56.88022964636902
543500	56.85520776130332
544000	56.86154971651527
544500	56.85307017543859
545000	56.84639727361246
545500	56.83711315133459
546000	56.80272108843537
546500	56.829904727228595
547000	56.86833171677983
547500	56.8875696631936
548000	56.890395206681596
548500	56.926891213642136
549000	56.9236346060899
549500	56.9169483341381
550000	56.90164626424652
550500	56.92595047297705
551000	56.940765711533835
551500	56.924649708340844
552000	56.905977771102435
552500	56.894171318806656
553000	56.894380135548495
553500	56.91773024147642
554000	56.94444444444444
554500	56.93522339852862
555000	56.93714149139579
555500	56.94925373134328
556000	56.91876416557319
556500	56.89768190215124
557000	56.901274264618316
557500	56.89634654290134
558000	56.90844233055886
558500	56.92901692901693
559000	56.94106475161731
559500	56.93785578747628
560000	56.94987557767508
560500	56.93992305415804
561000	56.92153036485128
561500	56.94452649613044
562000	56.95313422264196
562500	56.934780044816605
563000	56.951808648521265
563500	56.96038613220319
564000	56.94460778548748
564500	56.95652173913044
565000	56.95080427380533
565500	56.95096198967621
566000	56.93191140278917
566500	56.963877993091735
567000	56.9347762503656
567500	56.91992986557569
568000	56.92676089241912
568500	56.930259702363585
569000	56.93294460641399
569500	56.923166540455526
570000	56.89675241531835
570500	56.89113747383112
571000	56.914584543869836
571500	56.88824383164006
572000	56.87935034802785
572500	56.87047232686177
573000	56.84265369920111
573500	56.824754193175245
574000	56.83577949843984
574500	56.823692414270866
575000	56.84046602837698
575500	56.85472252636432
576000	56.86647089307307
576500	56.88643424231964
577000	56.8866406070361
577500	56.898334290637564
578000	56.919015094989376
578500	56.90772495268681
579000	56.89072259469371
579500	56.890924706555964
580000	56.89033808134546
580500	56.88650131443593
581000	56.897339271439996
581500	56.90245293782088
582000	56.8904593639576
582500	56.89311542622858
583000	56.904694167852064
583500	56.89596361569074
584000	56.901840490797554
584500	56.896355999545925
585000	56.89410697067665
585500	56.893522978409926
586000	56.89049937719397
586500	56.86651583710407
587000	56.89499265287669
587500	56.8911975608379
588000	56.90024825095915
588500	56.89480211974293
589000	56.88218067132237
589500	56.84785055142921
590000	56.844886715016585
590500	56.846776005392044
591000	56.83336139641915
591500	56.78797734537094
592000	56.821110426354416
592500	56.82861300794806
593000	56.85364353224093
593500	56.85069289226643
594000	56.862088218872145
594500	56.832887103971444
595000	56.81729536969967
595500	56.81995323460639
596000	56.86154530789342
596500	56.852284094698234
597000	56.849353101227166
597500	56.85197514425211
598000	56.85774476105998
598500	56.84688677154885
599000	56.85818664895383
599500	56.857648490211254
600000	56.84995855208621
600500	56.840768551236756
601000	56.82683290119711
601500	56.82632420217164
602000	56.8124242758013
602500	56.79304462664392
603000	56.78706910770246
603500	56.76699989014611
604000	56.739846322722286
604500	56.75112427333553
605000	56.75068493150685
605500	56.76193604905826
606000	56.75365173149516
606500	56.72041541404755
607000	56.73328964613368
607500	56.75233262399738
608000	56.754988550866855
608500	56.71406003159558
609000	56.70821313884504
609500	56.71633674135306
610000	56.71122704053907
610500	56.724034963895974
611000	56.75074586384594
611500	56.73639713852157
612000	56.73056097032705
612500	56.705436840681635
613000	56.75208130608714
613500	56.74624608404451
614000	56.75661090124123
614500	56.73766513885145
615000	56.74568965517241
615500	56.74526270456502
616000	56.753994297702945
616500	56.77811223392819
617000	56.75995058280067
617500	56.759512692534756
618000	56.75603217158177
618500	56.77239605657951
619000	56.78800856531049
619500	56.7668770728576
620000	56.78015928162916
620500	56.796453559792766
621000	56.78762006403415
621500	56.774193548387096
622000	56.77677144379329
622500	56.78696901948259
623000	56.77889473964151
623500	56.78375936653026
624000	56.788615727712
624500	56.76994906621392
625000	56.77480916030534
625500	56.75546846035697
626000	56.7557554908706
626500	56.74246430460074
627000	56.74504623513871
627500	56.72579453067258
628000	56.74192867693606
628500	56.73396236360762
629000	56.733554537315
629500	56.73911899373717
630000	56.73643247791333
630500	56.73900478167201
631000	56.733343833674596
631500	56.7486754445785
632000	56.74372280756932
632500	56.73127291775799
633000	56.723370845328446
633500	56.70431963183768
634000	56.70690285833725
634500	56.696778236123436
635000	56.706839881045546
635500	56.75929305041447
636000	56.7387340453243
636500	56.744234473423916
637000	56.74157303370787
637500	56.74411351941369
638000	56.756335687577895
638500	56.75142708873897
639000	56.75984027381632
639500	56.76011815308078
640000	56.736743993371995
640500	56.73927665959538
641000	56.77506074548933
641500	56.75689637359231
642000	56.74685112533554
642500	56.72511603919547
643000	56.709956709956714
643500	56.72502574665293
644000	56.709199423749745
644500	56.71465295629821
645000	56.712736988131326
645500	56.70208942964218
646000	56.71044531089677
646500	56.737915833717764
647000	56.735990164942116
647500	56.749424110570764
648000	56.7439005677459
648500	56.736863627070136
649000	56.7218306262131
649500	56.7243403256265
650000	56.71154630762953
650500	56.714744406503236
651000	56.71436573814738
651500	56.71619008853159
652000	56.688189536834614
652500	56.66751333502666
653000	56.67005076142132
653500	56.67985392574558
654000	56.67443746199068
654500	56.70802734869588
655000	56.699726748304826
655500	56.67694796986399
656000	56.66649825695953
656500	56.64815749621403
657000	56.64917768136414
657500	56.66397822361125
658000	56.6658272475447
658500	56.67270531400966
659000	56.6931509604747
659500	56.69564343500326
660000	56.66516041572526
660500	56.65981036472182
661000	56.66516268110493
661500	56.65764953411482
662000	56.635130399959955
662500	56.635485968685906
663000	56.65733706517393
663500	56.65201757890531
664000	56.66516943654239
664500	56.64771593855974
665000	56.642415786326495
665500	56.65056521089588
666000	56.653065286624205
666500	56.660534036099655
667000	56.65027078054354
667500	56.64498833341608
668000	56.652445679134836
668500	56.63791394011501
669000	56.637606498910245
669500	56.61750148485448
670000	56.65248788208527
670500	56.65776986951364
671000	56.655306959055665
671500	56.65712593762338
672000	56.66518715786359
672500	56.6669951709865
673000	56.682095725822336
673500	56.68454460463514
674000	56.65748844527485
674500	56.65225508499557
675000	56.65962982964309
675500	56.66421388275693
676000	56.65196078431373
676500	56.62927952196699
677000	56.63175411119812
677500	56.619552990658775
678000	56.63180529762487
678500	56.621740404336364
679000	56.633972576001554
679500	56.64131070801638
680000	56.65139849917162
680500	56.658713541413064
681000	56.641689373297
681500	56.646246596655004
682000	56.651443008453995
682500	56.6830120891392
683000	56.70693251831369
683500	56.70238037523634
684000	56.689595039720984
684500	56.72378739471391
685000	56.7137467350295
685500	56.718870843000765
686000	56.730908563976236
686500	56.71332046332046
687000	56.70331790123457
687500	56.707787201233614
688000	56.71016516588819
688500	56.70772784140121
689000	56.69840353914214
689500	56.72208341341533
690000	56.73677134351291
690500	56.70488893153577
691000	56.716203259827424
691500	56.708339320783644
692000	56.68677005552365
692500	56.682292164928725
693000	56.681961571551476
693500	56.69182269774551
694000	56.70437729724569
694500	56.69926067254949
695000	56.68795881399561
695500	56.69715156711441
696000	56.704269598743394
696500	56.71819262782402
697000	56.74635235967872
697500	56.7391717325228
698000	56.736747188078404
698500	56.724841126814
699000	56.715639810426545
699500	56.729494222390606
700000	56.755477734134686
700500	56.78206583427923
701000	56.76812553171378
701500	56.770415151372035
702000	56.77946104110624
702500	56.777662484671254
703000	56.77319004524887
703500	56.754592557701365
704000	56.76095448769238
704500	56.74912990311354
705000	56.763489377702584
705500	56.754344762799434
706000	56.76132363295001
706500	56.75891181988742
707000	56.75321023526103
707500	56.74346726608598
708000	56.73436915013104
708500	56.734636610232904
709000	56.75359880351467
709500	56.77455513521087
710000	56.77479579929988
710500	56.7604122942027
711000	56.760031691289555
711500	56.76493875459923
712000	56.755247358868154
712500	56.747581845238095
713000	56.75449602676704
713500	56.74546045604421
714000	56.729162799331725
714500	56.76853870055187
715000	56.75688200945407
715500	56.75850891410049
716000	56.76738697885336
716500	56.74650883196153
717000	56.734278981656885
717500	56.71944970222982
718000	56.73755593486184
718500	56.77008897699507
719000	56.78875835061046
719500	56.80279939223721
720000	56.82142364146689
720500	56.82622890513635
721000	56.8146310081794
721500	56.809624391587846
722000	56.79805442114441
722500	56.797652345362
723000	56.790066892696785
723500	56.77791512154924
724000	56.757251349620276
724500	56.75947515201389
725000	56.753917134895616
725500	56.77896466721446
726000	56.75318159011085
726500	56.739140343680205
727000	56.76672892087642
727500	56.77348871085215
728000	56.764625602765896
728500	56.752579662711945
729000	56.76326308139535
729500	56.74988651838402
730000	56.75405969336841
730500	56.75369413471126
731000	56.751981879954705
731500	56.747702476345694
732000	56.76030216673452
732500	56.757367564635686
733000	56.762128466889514
733500	56.73528349584688
734000	56.72140021652833
734500	56.715206708444164
735000	56.72899301644515
735500	56.735704637550654
736000	56.737907761529804
736500	56.730509846236856
737000	56.73271330367974
737500	56.73430905989045
738000	56.75445286912827
738500	56.741245572344525
739000	56.71594982078854
739500	56.723234675144404
740000	56.720959369965996
740500	56.716751632233255
741000	56.72148730782982
741500	56.73261578312715
742000	56.74372935820762
742500	56.74144774987735
743000	56.7321834469849
743500	56.72991270265455
744000	56.756275591953
744500	56.73620068496197
745000	56.74029956886972
745500	56.736108026473595
746000	56.74212161562361
746500	56.724030870220886
747000	56.766700651624625
747500	56.77962347729789
748000	56.77793518682487
748500	56.782585611892756
749000	56.76512203749557
749500	56.77861246133451
750000	56.78957827334953
750500	56.79862306368331
751000	56.787509923260124
751500	56.78081889902597
752000	56.76592370716237
752500	56.76175382989963
753000	56.781487835994895
753500	56.76602479556845
754000	56.75248220718741
754500	56.7596048298573
755000	56.75616390278143
755500	56.730094703612764
756000	56.72348069929457
756500	56.727527474933225
757000	56.76468014351973
757500	56.78240335840476
758000	56.76832998339596
758500	56.77481332692895
759000	56.75699262556181
759500	56.76040985393504
760000	56.764411136769645
760500	56.770878690237744
761000	56.75687434737209
761500	56.744064701278376
762000	56.731270641404485
762500	56.737742649932684
763000	56.713826924746115
763500	56.70670887722798
764000	56.717517552223285
764500	56.73264325003249
765000	56.74154871661688
765500	56.74120852978069
766000	56.75009726364934
766500	56.74111192708108
767000	56.74567197685965
767500	56.74777806540685
768000	56.749299417978015
768500	56.75757184093748
769000	56.766415500538216
769500	56.755593803786574
770000	56.736185766501826
770500	56.72725710111297
771000	56.73795413553208
771500	56.73147075232823
772000	56.73114036968735
772500	56.713667338104834
773000	56.704783930789326
773500	56.713606985404276
774000	56.709012361521026
774500	56.70442402222697
775000	56.69984195463671
775500	56.706796448087424
776000	56.72966170385223
776500	56.72564485184396
777000	56.74719843197409
777500	56.725569512454754
778000	56.72823218997362
778500	56.73273222184416
779000	56.73113708820404
779500	56.71197960917587
780000	56.70558267883676
780500	56.705842420128135
781000	56.69945725915875
781500	56.69124502076447
782000	56.67824172101296
782500	56.6882484871567
783000	56.70303645436861
783500	56.69723995097004
784000	56.68370148245132
784500	56.68580111430018
785000	56.6860710368683
785500	56.688166603431554
786000	56.694472531176274
786500	56.68210526315789
787000	56.70103092783505
787500	56.70731707317073
788000	56.69916785744306
788500	56.69046619067619
789000	56.705141657922354
789500	56.70903066146554
790000	56.698524480214616
790500	56.67909353663134
791000	56.676992632284
791500	56.66234363887378
792000	56.65788703541118
792500	56.642713903743314
793000	56.638276553106216
793500	56.64038052321943
794000	56.629419613075385
794500	56.64402683445143
795000	56.64737477620019
795500	56.65127116880956
796000	56.65751829673985
796500	56.66971409574468
797000	56.671234583281425
797500	56.66735837310646
798000	56.6860223973455
798500	56.69278282137379
799000	56.70132990843933
799500	56.68861011054528
800000	56.675907153792046
800500	56.684447752553446
801000	56.67644749349093
801500	56.68497790260625
802000	56.676986584107325
802500	56.6996699669967
803000	56.68288258575198
803500	56.664331918750776
804000	56.65637224624254
804500	56.664883328532035
805000	56.65871514353871
805500	56.64611590628853
806000	56.658177934773676
806500	56.660235622511394
807000	56.678700361010826
807500	56.66612003935717
808000	56.671719447744685
808500	56.66557484441533
809000	56.67989688612464
809500	56.66966549439765
810000	56.65944664677755
810500	56.65101082295283
811000	56.66122448979591
811500	56.6504874168944
812000	56.668840697864006
812500	56.66911105679133
813000	56.65893082529213
813500	56.6795523906409
814000	56.66937779585197
814500	56.65921560658403
815000	56.64906580016247
815500	56.64880662445202
816000	56.667072329722934
816500	56.689369982972515
817000	56.67517523601151
817500	56.660997732426296
818000	56.65897778317348
818500	56.67367739847921
819000	56.694154741692934
819500	56.6921181270957
820000	56.693580944691156
820500	56.69329460179134
821000	56.703899350780276
821500	56.69554704815636
822000	56.69754329440193
822500	56.69376911930446
823000	56.70783217345831
823500	56.689716169494254
824000	56.68997107039537
824500	56.70976549951815
825000	56.73582406998676
825500	56.72575599582898
826000	56.72317742775841
826500	56.72287419393599
827000	56.71856862666613
827500	56.71080529663559
828000	56.70651261344101
828500	56.72047307016142
829000	56.74240306672523
829500	56.7483438422859
830000	56.750289155665456
830500	56.74199848539201
831000	56.72176857199761
831500	56.717487361171926
832000	56.7097672568132
832500	56.70603204898803
833000	56.70176832902841
833500	56.689567531075014
834000	56.67910151599334
834500	56.69694205370246
835000	56.71872522593944
835500	56.714998811504636
836000	56.71299045809083
836500	56.69515669515669
837000	56.708980899276305
837500	56.70078646800775
838000	56.686413902053715
838500	56.702455198547405
839000	56.706114398422095
839500	56.71200473092844
840000	56.68807375595918
840500	56.70748513603969
841000	56.713363765150326
841500	56.73326516164556
842000	56.73689175379294
842500	56.732657710739254
843000	56.71325376884422
843500	56.71518813512771
844000	56.69751392047683
844500	56.713960962608766
845000	56.730392540938645
845500	56.73453406421301
846000	56.71519135947406
846500	56.727158948685855
847000	56.72126021185944
847500	56.715368388155326
848000	56.73290906961309
848500	56.72870576300285
849000	56.73451879581969
849500	56.7498051441933
850000	56.75391446599672
850500	56.75528395157837
851000	56.754969463570234
851500	56.75686183033979
852000	56.75875199129658
852500	56.745107176141666
853000	56.730955799604175
853500	56.73673596028544
854000	56.75633770059695
854500	56.75822260101499
855000	56.749012622938125
855500	56.749226006191954
856000	56.75278465346535
856500	56.745264785465785
857000	56.74328761831177
857500	56.729210099606206
858000	56.742678550758185
858500	56.75060738112684
859000	56.73925611871267
859500	56.74332601409916
860000	56.73365673365674
860500	56.74760457151653
861000	56.74127057375789
861500	56.754679272839084
862000	56.768592501536574
862500	56.764954311602544
863000	56.74929015424757
863500	56.752818467673904
864000	56.75085271912007
864500	56.75489332362967
865000	56.7584121272442
865500	56.7832274848879
866000	56.785591373178846
866500	56.78578253391936
867000	56.79144385026738
867500	56.78399633503856
868000	56.77222434185425
868500	56.755519963390924
869000	56.74594100160073
869500	56.74234344049977
870000	56.73988351288591
870500	56.74503538005021
871000	56.737130256254275
871500	56.72923474428148
872000	56.71046635272672
872500	56.721572794899046
873000	56.70826537192277
873500	56.7101372355751
874000	56.70606956126393
874500	56.707940474838125
875000	56.69845594913715
875500	56.69440242057489
876000	56.697913516782585
876500	56.701420368691444
877000	56.71624886741166
877500	56.71005470665912
878000	56.70865072780753
878500	56.712648876827984
879000	56.71186440677967
879500	56.705687507057625
880000	56.71344193220722
880500	56.71742808798646
881000	56.71765192228193
881500	56.70873713470063
882000	56.72510229362964
882500	56.72106546614144
883000	56.71328409133516
883500	56.70551204706411
884000	56.698251001835146
884500	56.7001048061087
885000	56.694975494780955
885500	56.71128393030733
886000	56.70565374985988
886500	56.707499253062444
887000	56.73547086708223
887500	56.748489144221445
888000	56.737006934605915
888500	56.738830718783774
889000	56.746489888644746
889500	56.744584232859374
890000	56.74107142857143
890500	56.74288901282767
891000	56.75213675213675
891500	56.75183837183392
892000	56.75575352635486
892500	56.74432408369194
893000	56.73871936524415
893500	56.74684060334284
894000	56.74544376944732
894500	56.73034207019103
895000	56.73375758472695
895500	56.73926709314795
896000	56.733683199053885
896500	56.722813238770684
897000	56.72093624247794
897500	56.74279600044275
898000	56.73672566371681
898500	56.74221485166758
899000	56.71823204419889
899500	56.714769547931084
900000	56.72234895871661
900500	56.71054566848066
901000	56.719708941237
901500	56.71208726631652
902000	56.717568460465465
902500	56.72304362182192
903000	56.72851276034028
903500	56.722981639608605
904000	56.71379386125559
904500	56.719259069443936
905000	56.72155140870838
905500	56.7233497897239
906000	56.71259914470558
906500	56.71232876712329
907000	56.70584799591152
907500	56.71129920828925
908000	56.716744457409575
908500	56.701895043731774
909000	56.69847745319443
909500	56.71120171830063
910000	56.72755057487993
910500	56.72933561220408
911000	56.72336095362698
911500	56.72308586372221
912000	56.71349232277033
912500	56.70645430468382
913000	56.70304964281829
913500	56.69034502754422
914000	56.66678740899047
914500	56.6737863374724
915000	56.67559157681453
915500	56.67739485770079
916000	56.676064483481525
916500	56.670158581078645
917000	56.68483951330469
917500	56.690242494226325
918000	56.68481985068705
918500	56.68505100753397
919000	56.69765095835134
919500	56.717922863624906
920000	56.719694788367406
920500	56.723021582733814
921000	56.72430528094331
921500	56.744035642425985
922000	56.72735107185177
922500	56.71272205275435
923000	56.71138532175909
923500	56.71625739379817
924000	56.71850365486599
924500	56.6931671680275
925000	56.690405468274705
925500	56.66869344397153
926000	56.66642836717186
926500	56.65952125759199
927000	56.66797586317707
927500	56.691171222610805
928000	56.71434176267076
928500	56.704926213730666
929000	56.69445632036483
929500	56.69776385130323
930000	56.71222151042778
930500	56.72416859327761
931000	56.722360469249914
931500	56.724107301474504
932000	56.71519886363636
932500	56.72759538598048
933000	56.71514721532458
933500	56.734621521006915
934000	56.72572643515238
934500	56.721915285451196
935000	56.71858407079646
935500	56.72539446685063
936000	56.736209335219236
936500	56.727336985333096
937000	56.74014412886817
937500	56.74540126399039
938000	56.74760022586109
938500	56.75132275132275
939000	56.73741362290227
939500	56.73056593135527
940000	56.737338874410085
940500	56.746576548033936
941000	56.74524982406756
941500	56.73793782529189
942000	56.746687286914344
942500	56.7448886390782
943000	56.75210674157304
943500	56.76681173662782
944000	56.77903672782124
944500	56.791725105189336
945000	56.81993411368893
945500	56.82709822054084
946000	56.81476035430452
946500	56.79941209406495
947000	56.783128737802954
947500	56.79577710969726
948000	56.788958770090844
948500	56.790640824166225
949000	56.7783595113438
949500	56.764110793274256
950000	56.76382400111568
950500	56.779454298358715
951000	56.78762972765898
951500	56.773879142300196
952000	56.79841347157469
952500	56.79810835245844
953000	56.78390213387085
953500	56.79797137696262
954000	56.80508298034859
954500	56.79483620210994
955000	56.77672192550462
955500	56.77193468991576
956000	56.76864973493642
956500	56.763402133259454
957000	56.767047421253025
957500	56.76030999169666
958000	56.75703713949789
958500	56.75526215739812
959000	56.74116549794466
959500	56.739866031351426
960000	56.72579198012285
960500	56.7151824515417
961000	56.7188361831219
961500	56.725932051547105
962000	56.7261330761813
962500	56.72782348284052
963000	56.71770170307931
963500	56.71251719394773
964000	56.72257354962882
964500	56.7085737840066
965000	56.71175501235924
965500	56.71344748310057
966000	56.71365366807285
966500	56.72757190360289
967000	56.73953265264168
967500	56.74463203314954
968000	56.747783824485744
968500	56.7391899288451
969000	56.73698246093883
969500	56.73329916282248
970000	56.72860168044266
970500	56.71127193281901
971000	56.71000102364623
971500	56.691221608348684
972000	56.677346785738635
972500	56.687789588443714
973000	56.68119594088401
973500	56.68096113266626
974000	56.68027210884353
974500	56.669839543105795
975000	56.67300896982875
975500	56.65964816953066
976000	56.66281990360464
976500	56.66451809885673
977000	56.67830863653318
977500	56.67660814749542
978000	56.679764243614926
978500	56.686302390141506
979000	56.68944982066725
979500	56.68391329342938
980000	56.6653146758602
980500	56.64966388541702
981000	56.64989701860418
981500	56.65350477540414
982000	56.66677910075219
982500	56.649698277315174
983000	56.6634093742629
983500	56.68867034891554
984000	56.68170189847852
984500	56.687190875138796
985000	56.68168673078217
985500	56.68672066682351
986000	56.69891822885171
986500	56.70058090728989
987000	56.6969829177434
987500	56.70535354890648
988000	56.70846184792813
988500	56.7048652995577
989000	56.718017414601476
989500	56.71821650933923
990000	56.72465707594513
990500	56.72819689673623
991000	56.711229946524064
991500	56.71955904459662
992000	56.7226469900838
992500	56.729068642173054
993000	56.71213687756396
993500	56.70044669644643
994000	56.700206570267206
994500	56.699966699966694
995000	56.7097117752779
995500	56.71324018629408
996000	56.716318659396194
996500	56.716517115320705
997000	56.71339356896093
997500	56.71978751660026
998000	56.71666556049645
998500	56.70315091210614
999000	56.696280580786315
999500	56.68466916271827
1000000	56.70144063586686
1000500	56.693147964250244
1001000	56.69997353096876
1001500	56.698303515327886
1002000	56.71459262931747
1002500	56.71479070996729
1003000	56.706511689340914
1003500	56.68646864686468
1004000	56.70317345121067
1004500	56.719862833025594
1005000	56.7252232952111
1005500	56.733429964422186
1006000	56.73317529303306
1006500	56.7333640492332
1007000	56.733552631578945
1007500	56.73516357060661
1008000	56.73490848148269
1008500	56.75436003547147
1009000	56.765806578688206
1009500	56.76500508646999
1010000	56.75161533667881
1010500	56.7400996590611
1011000	56.73984272608126
1011500	56.745160973373075
1012000	56.73693858845096
1012500	56.73854006478422
1013000	56.740139969913
1013500	56.739883637314506
1014000	56.75454931556079
1014500	56.75331461041082
1015000	56.74837614648954
1015500	56.74529379139342
1016000	56.75014674232048
1016500	56.741957563312795
1017000	56.750065155069066
1017500	56.75024422012373
1018000	56.758340113913754
1018500	56.75807553430272
1019000	56.75596592756356
1019500	56.77195034769611
1020000	56.76843130886652
1020500	56.78114652989677
1021000	56.78087080656674
1021500	56.76622239517462
1022000	56.756231160665095
1022500	56.770765841648306
1023000	56.75981995401703
1023500	56.750283217349086
1024000	56.74678916890428
1024500	56.74836706977947
1025000	56.76191091861141
1025500	56.766710819629765
1026000	56.76871407349997
1026500	56.781794706262104
1027000	56.764952577585646
1027500	56.7651231781246
1028000	56.756582551806375
1028500	56.757714359337754
1029000	56.78503589710569
1029500	56.812769517924956
1030000	56.80926342875523
1030500	56.81401703906125
1031000	56.80591259640103
1031500	56.78956834532374
1032000	56.792501284026706
1032500	56.79863963039015
1033000	56.80061575959719
1033500	56.809001731102136
1034000	56.81512335789811
1034500	56.80202395439697
1035000	56.78391959798995
1035500	56.78321230926714
1036000	56.7847550837703
1036500	56.79087306659849
1037000	56.77782036540181
1037500	56.7579646300198
1038000	56.77046774296471
1038500	56.784768951111396
1039000	56.77493386032576
1039500	56.78103794322852
1040000	56.79032001273683
1040500	56.79142002418688
1041000	56.78022712090849
1041500	56.77540378990207
1042000	56.761481010646754
1042500	56.764397573139355
1043000	56.76731117249262
1043500	56.78154353896928
1044000	56.77853200532893
1044500	56.76918199112239
1045000	56.765749778172136
1045500	56.756414317389925
1046000	56.74349395301716
1046500	56.74820417075409
1047000	56.736668986020625
1047500	56.74453893086334
1048000	56.74292214357938
1048500	56.74224720520432
1049000	56.75189393939394
1049500	56.75027606878057
1050000	56.73783468415907
1050500	56.7569271506478
1051000	56.75845989035226
1051500	56.75326720201544
1052000	56.739062008183815
1052500	56.732947394915676
1053000	56.74528301886792
1053500	56.754887785251775
1054000	56.75013352602972
1054500	56.746742031716124
1055000	56.74513496547395
1055500	56.74174927845401
1056000	56.727603399078106
1056500	56.72872007020183
1057000	56.7302571813426
1057500	56.74296270783105
1058000	56.738232348522786
1058500	56.73037820252135
1059000	56.7506722531424
1059500	56.760220027503436
1060000	56.77018245438641
1060500	56.76409968146899
1061000	56.75447905612086
1061500	56.742168975414955
1062000	56.743692893005274
1062500	56.72963032229911
1063000	56.74185307495794
1063500	56.75936594936315
1064000	56.7577662952126
1064500	56.76995830999938
1065000	56.78298189960813
1065500	56.79380770306817
1066000	56.79395954385856
1066500	56.79058355849561
1067000	56.781423648837425
1067500	56.78912746679906
1068000	56.79238260653806
1068500	56.790774095545146
1069000	56.792686705918804
1069500	56.79727427597956
1070000	56.809808353199784
1070500	56.81438385838955
1071000	56.81143281365999
1071500	56.817338609943114
1072000	56.820569874528715
1072500	56.801754494347314
1073000	56.80239557929182
1073500	56.803455723542115
1074000	56.80493446414804
1074500	56.7940813810111
1075000	56.78631951933446
1075500	56.7754850631352
1076000	56.764660612590426
1076500	56.77056090581828
1077000	56.7676457019837
1077500	56.76564613303824
1078000	56.75833461361193
1078500	56.76289926289926
1079000	56.777996070726914
1079500	56.77160039273441
1080000	56.75120365543255
1080500	56.74615337460921
1081000	56.7319180222406
1081500	56.74086775467712
1082000	56.74277668952008
1082500	56.746917923460494
1083000	56.75890536615197
1083500	56.769559902200484
1084000	56.77236070381232
1084500	56.77557251908397
1085000	56.79536090340302
1085500	56.79245858629001
1086000	56.77826564215148
1086500	56.770595227210386
1087000	56.76120266853505
1087500	56.75181926133423
1088000	56.7611163526798
1088500	56.7612789388823
1089000	56.74886733359686
1089500	56.73515287824449
1090000	56.719727808493836
1090500	56.715148938754446
1091000	56.72837632776935
1091500	56.73855673855673
1092000	56.75954279477307
1092500	56.756674849228716
1093000	56.764206955046646
1093500	56.769603390856794
1094000	56.76027355807057
1094500	56.76476815583315
1095000	56.76925867698633
1095500	56.76941674221819
1096000	56.7661451096478
1096500	56.77707660255442
1097000	56.790607834852416
1097500	56.79075660673344
1098000	56.79693625233702
1098500	56.79968653927301
1099000	56.79640898957643
1099500	56.79354372440376
1100000	56.78596153267315
1100500	56.8024550213611
1101000	56.80389739271645
1101500	56.81264841143406
1102000	56.80206705924768
1102500	56.79790972159654
1103000	56.78693642312541
1103500	56.80038404992649
1104000	56.801823416506714
1104500	56.79726610509908
1105000	56.81239325203008
1105500	56.79415376321543
1106000	56.80028739933539
1106500	56.79873122269436
1107000	56.80057431725045
1107500	56.80499910303175
1108000	56.79576833422987
1108500	56.80786234914565
1109000	56.8122779254128
1109500	56.832900587936855
1110000	56.82496122181124
1110500	56.819130538493646
1111000	56.81757219920722
1111500	56.8177078678464
1112000	56.81148199982133
1112500	56.81162008512665
1113000	56.80580762250453
1113500	56.797026022304834
1114000	56.79082072471092
1114500	56.78036605657238
1115000	56.78308386790212
1115500	56.78579909760152
1116000	56.77832833872356
1116500	56.790343150339595
1117000	56.7888058816554
1117500	56.787269979553734
1118000	56.79037943188887
1118500	56.80068687825675
1119000	56.80082864752885
1119500	56.79801206957757
1120000	56.81293985451534
1120500	56.83376684795461
1121000	56.82503102286829
1121500	56.82516243354991
1122000	56.823616236162366
1122500	56.830923576276184
1123000	56.82012563777391
1123500	56.82742762808797
1124000	56.81664162173311
1124500	56.80164924164335
1125000	56.78794301189215
1125500	56.77464913054992
1126000	56.773130992294575
1126500	56.77749360613811
1127000	56.780582410155446
1127500	56.78327018533204
1128000	56.77254579614842
1128500	56.77983508905777
1129000	56.76365342875579
1129500	56.76927587217825
1130000	56.76776556776557
1130500	56.77084858958962
1131000	56.7546993031563
1131500	56.76656520721143
1132000	56.76047273578282
1132500	56.75604549840638
1133000	56.76331326357631
1133500	56.7734961582284
1134000	56.764491166593665
1134500	56.76425089752196
1135000	56.75817603640926
1135500	56.762510206462146
1136000	56.76305970149254
1136500	56.76573426573427
1137000	56.76132226590942
1137500	56.77603423680456
1138000	56.79033900771133
1138500	56.786316830531156
1139000	56.79023113824684
1139500	56.781261805817905
1140000	56.797583081571
1140500	56.809338521400775
1141000	56.81527922907234
1141500	56.80921434373912
1142000	56.81554524361949
1142500	56.82108070500927
1143000	56.810871895917245
1143500	56.7994207096307
1144000	56.78922987840185
1144500	56.779047894660685
1145000	56.779195232722955
1145500	56.77770067083044
1146000	56.78776843261366
1146500	56.78627145085804
1147000	56.80663047245004
1147500	56.802632718455015
1148000	56.79824561403509
1148500	56.79386230567333
1149000	56.79236579599839
1149500	56.80115273775216
1150000	56.81981852225263
1150500	56.81955601623909
1151000	56.81478070680327
1151500	56.811644229662875
1152000	56.81301935075764
1152500	56.79427487497845
1153000	56.782923465869914
1153500	56.79253409906676
1154000	56.780804224907435
1154500	56.80064262558453
1155000	56.79876125480301
1155500	56.79889933501491
1156000	56.80314013122081
1156500	56.807377283922335
1157000	56.803022929608105
1157500	56.80192296686316
1158000	56.79510283474928
1158500	56.80629020729092
1159000	56.80642487638973
1159500	56.79922294594903
1160000	56.78631599988577
1160500	56.77056573614203
1161000	56.77603423680456
1161500	56.79167260801369
1162000	56.79019384264539
1162500	56.789947572372924
1163000	56.79131895987013
1163500	56.79391920744726
1164000	56.794058222588994
1164500	56.78689270679258
1165000	56.785419806090246
1165500	56.77826408230546
1166000	56.78977272727273
1166500	56.778553984210824
1167000	56.78314928889772
1167500	56.77477937629466
1168000	56.77208906538079
1168500	56.76334665872813
1169000	56.76878170431037
1169500	56.76448926406435
1170000	56.76425618664703
1170500	56.77695072595025
1171000	56.782370081190415
1171500	56.77930156934823
1172000	56.78631995477671
1172500	56.783252344897726
1173000	56.77209827732279
1173500	56.77506775067751
1174000	56.76796749343943
1174500	56.75927231702158
1175000	56.77070117567453
1175500	56.768029760730485
1176000	56.76901408450704
1176500	56.776010136562014
1177000	56.76732993723791
1177500	56.76831326656915
1178000	56.76086039645719
1178500	56.748173130972454
1179000	56.75675675675676
1179500	56.77656706358122
1180000	56.772310024422424
1180500	56.76244458162636
1181000	56.756605149492344
1181500	56.76516765728385
1182000	56.76652747807079
1182500	56.76788615608718
1183000	56.76682254767439
1183500	56.77536738978306
1184000	56.78269628966366
1184500	56.78404609403407
1185000	56.786982413957
1185500	56.78832932759488
1186000	56.779708363595724
1186500	56.77388730663986
1187000	56.76565814446801
1187500	56.776965571117685
1188000	56.769947290626654
1188500	56.76014719000892
1189000	56.758338209479234
1189500	56.76526292335116
1190000	56.78527675687716
1190500	56.77390626739397
1191000	56.76653036245792
1191500	56.75953731509287
1192000	56.763667695044326
1192500	56.75548023226739
1193000	56.77784875163163
1193500	56.771686328938245
1194000	56.76350620161492
1194500	56.762079103566876
1195000	56.76859527043886
1195500	56.76162500692789
1196000	56.77128057394532
1196500	56.78250034611657
1197000	56.768426005369356
1197500	56.76662609272989
1198000	56.760867160712316
1198500	56.772071424622695
1199000	56.77064625756362
1199500	56.762130961915545
1200000	56.76742581090407
1200500	56.77189690380264
1201000	56.770100675768866
1201500	56.77143644885581
1202000	56.761747278489736
1202500	56.757575757575765
1203000	56.753407682775716
1203500	56.754748142031374
1204000	56.74627194189181
1204500	56.74880369616633
1205000	56.74895535517924
1205500	56.73380780962326
1206000	56.72654361678752
1206500	56.71105010295127
1207000	56.71240395170143
1207500	56.70552736250172
1208000	56.72452085218392
1208500	56.71060925809193
1209000	56.722919292093586
1209500	56.72034176799211
1210000	56.710371444994934
1210500	56.71719382729561
1211000	56.73886883273165
1211500	56.749958991743675
1212000	56.75520577143794
1212500	56.751440981233095
1213000	56.74885994374812
1213500	56.74591260201436
1214000	56.75424954298654
1214500	56.75557737413407
1215000	56.756904119298824
1215500	56.751233070823226
1216000	56.7471126607104
1216500	56.74535108497373
1217000	56.76300892662748
1217500	56.762785636561475
1218000	56.75168588209702
1218500	56.75418569254186
1219000	56.752791588556526
1219500	56.762261691380154
1220000	56.75697687045281
1220500	56.763724186589236
1221000	56.763868167638684
1221500	56.770607375271155
1222000	56.76496097137901
1222500	56.751557843402864
1223000	56.7505348969477
1223500	56.755732423725604
1224000	56.763631443647675
1224500	56.76223965377333
1225000	56.75237245518696
1225500	56.74945274707456
1226000	56.742665730185315
1226500	56.73588421137904
1227000	56.72757699263138
1227500	56.72737083501956
1228000	56.71484817431638
1228500	56.71231399611818
1229000	56.723255187281055
1229500	56.726107100527955
1230000	56.74358491074073
1230500	56.73296907382984
1231000	56.74810310498843
1231500	56.75210456953821
1232000	56.7599537597118
1232500	56.762785197925346
1233000	56.762564805114565
1233500	56.75581332903711
1234000	56.759803526854014
1234500	56.751898258699796
1235000	56.75972859173438
1235500	56.7621907085221
1236000	56.77689050860175
1236500	56.77550692416896
1237000	56.77260435353022
1237500	56.77505687140372
1238000	56.77100053504548
1238500	56.77265798411467
1239000	56.765932420872545
1239500	56.76874565763455
1240000	56.7780537970457
1240500	56.77552001281675
1241000	56.767288547254914
1241500	56.781921989221495
1242000	56.77254180334427
1242500	56.765474222956755
1243000	56.7656150074611
1243500	56.755100953598635
1244000	56.74992011928853
1244500	56.73941974980037
1245000	56.73273912465079
1245500	56.737060481940524
1246000	56.74102039188579
1246500	56.729031572233446
1247000	56.739453830623745
1247500	56.73508403919174
1248000	56.736383904873136
1248500	56.73768273593165
1249000	56.74464247825164
1249500	56.7576882290562
1250000	56.75783113372555
1250500	56.74701986754967
1251000	56.76190980589466
1251500	56.76848959712002
1252000	56.76297825051595
1252500	56.77255534689343
1253000	56.76854740627149
1253500	56.768685907601224
1254000	56.77410832232497
1254500	56.770104317971736
1255000	56.7740232312566
1255500	56.7767984377474
1256000	56.76566786241823
1256500	56.75262353003217
1257000	56.73809335547298
1257500	56.73674781325746
1258000	56.74479852515144
1258500	56.744590112146575
1259000	56.73534906976132
1259500	56.72348484848485
1260000	56.713121220089405
1260500	56.7132793607402
1261000	56.7172022386295
1261500	56.727864891130196
1262000	56.71978786526294
1262500	56.718454755406256
1263000	56.71563483735572
1263500	56.711330204263575
1264000	56.7193520484391
1264500	56.74160247340565
1265000	56.729787066865725
1265500	56.72173207319947
1266000	56.721534556302835
1266500	56.71985351817944
1267000	56.73308231356553
1267500	56.72242550967067
1268000	56.7222280280071
1268500	56.72499347088012
1269000	56.72888656833312
1269500	56.73164748558156
1270000	56.73666362332072
1270500	56.73829143632002
1271000	56.73956677006491
1271500	56.733024128406896
1272000	56.721277316177435
1272500	56.71847744018329
1273000	56.72756610451801
1273500	56.72251417867735
1274000	56.72231757424455
1274500	56.71207237184153
1275000	56.70815684847855
1275500	56.705368970622615
1276000	56.71184504336085
1276500	56.702743388097275
1277000	56.70809226059207
1277500	56.71196638829815
1278000	56.70252754374595
1278500	56.6975044701858
1279000	56.700256456752065
1279500	56.69748051477252
1280000	56.69393249119901
1280500	56.68969442935135
1281000	56.693218848600836
1281500	56.6893306791448
1282000	56.6931982633864
1282500	56.699646095425074
1283000	56.70608893250013
1283500	56.70624677336087
1284000	56.70124374258141
1284500	56.70252005468287
1285000	56.698638613861384
1285500	56.71022449032191
1286000	56.70084501236603
1286500	56.70100437805821
1287000	56.716264222828606
1287500	56.72782481150767
1288000	56.73020037554338
1288500	56.719718201218726
1289000	56.73015138663994
1289500	56.73141154103077
1290000	56.72239771939287
1290500	56.71852536455124
1291000	56.7069571688865
1291500	56.7016391760511
1292000	56.702907841427766
1292500	56.70528528220638
1293000	56.70766077376377
1293500	56.69577688426768
1294000	56.689365623879986
1294500	56.695754535916265
1295000	56.697022408676965
1295500	56.70741062752519
1296000	56.70577409707845
1296500	56.709934587080944
1297000	56.70974662852473
1297500	56.70955882352941
1298000	56.71481802868664
1298500	56.73138250376304
1299000	56.733736260933874
1299500	56.738637232659514
1300000	56.73334182698433
1300500	56.73679384646733
1301000	56.73693858845096
1301500	56.72656011401812
1302000	56.72526521993538
1302500	56.725413900968945
1303000	56.71615232091107
1303500	56.7159627992072
1304000	56.71831343662688
1304500	56.7105062712639
1305000	56.71031927313335
1305500	56.708693777112565
1306000	56.70706968252358
1306500	56.69928013788908
1307000	56.70813591101427
1307500	56.70541752146493
1308000	56.69400982328219
1308500	56.69779566218713
1309000	56.70301313026539
1309500	56.707887616012954
1310000	56.711663885939636
1310500	56.718303808344494
1311000	56.74228262517052
1311500	56.74965910812585
1312000	56.760236280102994
1312500	56.75675675675676
1313000	56.75402971520823
1313500	56.751304874051286
1314000	56.74245097544992
1314500	56.74763152590203
1315000	56.73735643763852
1315500	56.74471299093655
1316000	56.74703040064425
1316500	56.746081662431756
1317000	56.73976461120611
1317500	56.74099399180472
1318000	56.73862237076873
1318500	56.729803054662376
1319000	56.72852371744972
1319500	56.71720467894975
1320000	56.727053746173524
1320500	56.72184599949836
1321000	56.729515595226154
1321500	56.7346734172139
1322000	56.7183624383033
1322500	56.72318365098049
1323000	56.72191067494492
1323500	56.71313095923322
1324000	56.71686596287587
1324500	56.71917979494874
1325000	56.72432756724327
1325500	56.74412793603199
1326000	56.74892596663004
1326500	56.74406991260924
1327000	56.740297017346805
1327500	56.73261645168534
1328000	56.72885075818037
1328500	56.73398155073548
1329000	56.73163194098295
1329500	56.730361992077526
1330000	56.72660258006674
1330500	56.72500062233949
1331000	56.72763468956078
1331500	56.73026692206273
1332000	56.72899985079823
1332500	56.74016256929081
1333000	56.734257740668944
1333500	56.75037881610652
1334000	56.74662296384585
1334500	56.749981384497005
1335000	56.76004267672382
1335500	56.756287514261615
1336000	56.76352456984182
1336500	56.7625845787791
1337000	56.763787721123826
1337500	56.76391915989697
1338000	56.765120942784286
1338500	56.76986660727101
1339000	56.76364356043738
1339500	56.75635572262341
1340000	56.761433868974045
1340500	56.74780674657111
1341000	56.74901185770751
1341500	56.75268551673046
1342000	56.75175274019947
1342500	56.75402230776824
1343000	56.75415659381321
1343500	56.75395768604823
1344000	56.74776307032463
1344500	56.73910900847625
1345000	56.75402729198483
1345500	56.74717482827387
1346000	56.750836778893486
1346500	56.74817949222594
1347000	56.76061187349368
1347500	56.76213890596189
1348000	56.75841730154829
1348500	56.77574685534591
1349000	56.77939045654363
1349500	56.789335428276836
1350000	56.787002724126936
1350500	56.78467162238414
1351000	56.78724708767627
1351500	56.775838399686215
1352000	56.7696718700223
1352500	56.76350987212777
1353000	56.75947011435147
1353500	56.76032896025064
1354000	56.75278919553729
1354500	56.75259244766191
1355000	56.74889372417671
1355500	56.735422063639476
1356000	56.741504409645025
1356500	56.73187290888221
1357000	56.74072265625
1357500	56.74468552461377
1358000	56.75181146161166
1358500	56.75405438361175
1359000	56.7528035104827
1359500	56.769995613393775
1360000	56.77255895536932
1360500	56.77893865224909
1361000	56.79018357111555
1361500	56.7830023364486
1362000	56.78660924993309
1362500	56.783968481723775
1363000	56.785141245684834
1363500	56.77416219106175
1364000	56.789913516665045
1364500	56.782418649830014
1365000	56.77978444509175
1365500	56.78128564148608
1366000	56.780031049873855
1366500	56.781531149210664
1367000	56.77575757575758
1367500	56.78040032956913
1368000	56.78366397790858
1368500	56.79451789432902
1369000	56.792215336948104
1369500	56.79442508710801
1370000	56.79316933942869
1370500	56.790869743936945
1371000	56.78719907183603
1371500	56.79045156925753
1372000	56.789199111196986
1372500	56.785533209396654
1373000	56.778086159044285
1373500	56.775469831849655
1374000	56.78250174837823
1374500	56.777801885200454
1375000	56.770368942333185
1375500	56.77668031799566
1376000	56.77406925781439
1376500	56.77282684576683
1377000	56.76540655003971
1377500	56.75591157297154
1378000	56.74505843312654
1378500	56.75207922696024
1379000	56.7518862030852
1379500	56.744487678339816
1380000	56.757665250066026
1380500	56.75987039481579
1381000	56.75280117085343
1381500	56.75396939607617
1382000	56.74658355310477
1382500	56.74295985620132
1383000	56.73830230719471
1383500	56.736756394290644
1384000	56.72220626256823
1384500	56.71277461350691
1385000	56.71156192435588
1385500	56.71274153434093
1386000	56.70881839695934
1386500	56.70625343496858
1387000	56.71085632389824
1387500	56.72293989827837
1388000	56.73875680320825
1388500	56.731411663644174
1389000	56.72271914132379
1389500	56.72730740802556
1390000	56.742778148536566
1390500	56.747033878115026
1391000	56.73255537032627
1391500	56.72419950005951
1392000	56.71790966636524
1392500	56.71432309631991
1393000	56.72025111766384
1393500	56.72276898207579
1394000	56.72631353817638
1394500	56.72035347776511
1395000	56.71811921158869
1395500	56.711138543348206
1396000	56.71570953962981
1396500	56.713479147886325
1397000	56.71432975267364
1397500	56.70838666856303
1398000	56.71295199279655
1398500	56.71885733235427
1399000	56.71426203499799
1399500	56.71645323928326
1400000	56.715252472670485
1400500	56.71641791044776
1401000	56.70710080158899
1401500	56.706927931547966
1402000	56.6973040663469
1402500	56.690756223135416
1403000	56.7047547098541
1403500	56.703561230028555
1404000	56.703706325052494
1404500	56.708568194146366
1405000	56.70533314471636
1405500	56.706497914162476
1406000	56.69792206568346
1406500	56.70615388238619
1407000	56.71037453800702
1407500	56.70447592601309
1408000	56.707991248911995
1408500	56.7279653842536
1409000	56.719400108130976
1409500	56.72055644327474
1410000	56.71098374518463
1410500	56.70376631915094
1411000	56.68919870440783
1411500	56.692710166349926
1412000	56.69723479606914
1412500	56.68401556712149
1413000	56.67479141276836
1413500	56.684003373629466
1414000	56.685481415556126
1414500	56.68563133618974
1415000	56.68913542105509
1415500	56.68694431445952
1416000	56.68475464284044
1416500	56.679915828852
1417000	56.67508063385219
1417500	56.674921732629315
1418000	56.6640977136318
1418500	56.66760050427231
1419000	56.67444574095683
1419500	56.68159761104889
1420000	56.680114736130214
1420500	56.67762314380958
1421000	56.67645413870246
1421500	56.68429266929116
1422000	56.69608550869758
1422500	56.683272033148654
1423000	56.682102715658665
1423500	56.674963362720696
1424000	56.684106499244265
1424500	56.69789172729597
1425000	56.702683861972815
1425500	56.70514994541105
1426000	56.70265877162429
1426500	56.695837879245104
1427000	56.701628997076156
1427500	56.71174410243326
1428000	56.71157279662392
1428500	56.706765871636186
1429000	56.7102275360304
1429500	56.71932181405476
1430000	56.72872094100213
1430500	56.73116985324753
1431000	56.72436134764902
1431500	56.7281223252909
1432000	56.7200073998705
1432500	56.717521960240404
1433000	56.72097053726169
1433500	56.72541636829826
1434000	56.7268612599298
1434500	56.73030310025624
1435000	56.720895350178836
1435500	56.73125720876586
1436000	56.741611898996894
1436500	56.74143058020793
1437000	56.74716563738593
1437500	56.74498963372495
1438000	56.747110026251555
1438500	56.75414364640884
1439000	56.757565297434134
1439500	56.75899512284899
1440000	56.7601131476669
1440500	56.763529357671615
1441000	56.76365140650855
1441500	56.758867855173676
1442000	56.75048800091859
1442500	56.745712908335435
1443000	56.74683311914816
1443500	56.7413797058891
1444000	56.733327217686444
1444500	56.7380439268192
1445000	56.737864967685745
1445500	56.758304696449024
1446000	56.778729446251084
1446500	56.78212495135184
1447000	56.77407543024533
1447500	56.76862888649935
1448000	56.7720245174275
1448500	56.77381006812674
1449000	56.76348927028818
1449500	56.764289304153145
1450000	56.76212661003015
1450500	56.75410360021003
1451000	56.75780536790214
1451500	56.75564681724846
1452000	56.75546229986772
1452500	56.76569161669821
1453000	56.763532763532766
1453500	56.75096832991569
1454000	56.753063362638365
1454500	56.75288010564182
1455000	56.751405357427345
1455500	56.75608035856483
1456000	56.76370252444849
1456500	56.765789114718324
1457000	56.76560156356529
1457500	56.75958108998387
1458000	56.74675265691707
1458500	56.740744103693274
1459000	56.74252910076921
1459500	56.74394338081844
1460000	56.74829931972789
1460500	56.748424536428345
1461000	56.74854967367657
1461500	56.74285843735134
1462000	56.742679861409904
1462500	56.75057726264319
1463000	56.76752132883749
1463500	56.766662141984526
1464000	56.76519143354667
1464500	56.765982457726736
1465000	56.76323044244588
1465500	56.76206826447401
1466000	56.76414135711866
1466500	56.766518431567306
1467000	56.76407536951371
1467500	56.76742612226483
1468000	56.76626451685647
1468500	56.76059513074843
1469000	56.755904092302146
1469500	56.757000292852155
1470000	56.769660390955764
1470500	56.75243691047027
1471000	56.75353317130255
1471500	56.75335193017187
1472000	56.74447892772005
1472500	56.743328612216445
1473000	56.74217907227616
1473500	56.74455178611548
1474000	56.74437407357499
1474500	56.74195141664048
1475000	56.73279770187172
1475500	56.73838422363314
1476000	56.73626841904591
1476500	56.730338086270294
1477000	56.73046752431754
1477500	56.7232726946859
1478000	56.71989429128127
1478500	56.72099583575875
1479000	56.71538237729684
1479500	56.7120100232683
1480000	56.72876920668292
1480500	56.723158789071235
1481000	56.714049439005855
1481500	56.7141835731522
1482000	56.716251228446346
1482500	56.71415174384853
1483000	56.729910714285715
1483500	56.73227116526086
1484000	56.72763774258309
1484500	56.729997324056725
1485000	56.73012617593295
1485500	56.737904753415194
1486000	56.743450365353766
1486500	56.74453822684453
1487000	56.744662377273634
1487500	56.7470120851973
1488000	56.743647933075245
1488500	56.742510175485414
1489000	56.748343487348244
1489500	56.762764231256526
1490000	56.75117203990491
1490500	56.75225445337835
1491000	56.75969715135771
1491500	56.75507712795472
1492000	56.756157088972714
1492500	56.7607133351078
1493000	56.761790727067115
1493500	56.77299226387073
1494000	56.764243136038296
1494500	56.776394488502945
1495000	56.77333628612556
1495500	56.7699800752712
1496000	56.76345609065155
1496500	56.76136112217355
1497000	56.75484384676635
1497500	56.75054172378721
1498000	56.75353093296201
1498500	56.75335292428025
1499000	56.7478022706189
1499500	56.74070476022256
1500000	56.74053147347047
1500500	56.73564841371398
1501000	56.7310661197124
1501500	56.73780756680483
1502000	56.743294174693084
1502500	56.750682999911874
1503000	56.73699511077831
1503500	56.744974570113826
1504000	56.74795316489127
1504500	56.7421292323939
1505000	56.753903672751264
1505500	56.7493294640109
1506000	56.77142857142857
1506500	56.76465418753844
1507000	56.766966835053815
1507500	56.77337197558512
1508000	56.776629134566846
1508500	56.77425017004191
1509000	56.772467042488316
1509500	56.77791421805105
1510000	56.768960982025426
1510500	56.768779034095886
1511000	56.758888085693634
1511500	56.756815942187664
1512000	56.758827521288936
1512500	56.77521008403361
1513000	56.76190059502974
1513500	56.764204172680756
1514000	56.767451520517696
1514500	56.757583704869305
1515000	56.75085204928777
1515500	56.743180378710115
1516000	56.749852623305166
1516500	56.75652079013423
1517000	56.7616512480363
1517500	56.756167251946685
1518000	56.7538102609947
1518500	56.75705130999608
1519000	56.768064150614485
1519500	56.777538173342926
1520000	56.76893931145614
1520500	56.767522855899
1521000	56.76981329155242
1521500	56.76992690567351
1522000	56.7666311462932
1522500	56.75898952128353
1523000	56.76345301225767
1523500	56.760162513307414
1524000	56.76338994830806
1524500	56.75235572538973
1525000	56.75247438791457
1525500	56.75013018573164
1526000	56.74901850204975
1526500	56.758749295286
1527000	56.766306114928575
1527500	56.763023316286734
1528000	56.76653452048266
1528500	56.759858804166576
1529000	56.773900242466226
1529500	56.76845499599628
1530000	56.768275533825154
1530500	56.77797482590078
1531000	56.77224083882824
1531500	56.768030430741966
1532000	56.760435571687836
1532500	56.75377969762418
1533000	56.75389730966879
1533500	56.76264893800725
1534000	56.76462972553081
1534500	56.752442785962344
1535000	56.747024322925654
1535500	56.743183532708265
1536000	56.73224020167633
1536500	56.73422792771448
1537000	56.72358476346332
1537500	56.722490098157394
1538000	56.72541045338153
1538500	56.727397879068164
1539000	56.71462056211427
1539500	56.72305939508588
1540000	56.71831016180674
1540500	56.72273420549505
1541000	56.72593737920371
1541500	56.74080116783307
1542000	56.737847408520224
1542500	56.74011457014739
1543000	56.74116334934798
1543500	56.740067325628765
1544000	56.73132568856499
1544500	56.73544599430053
1545000	56.73927477564309
1545500	56.733898595409386
1546000	56.73280678096706
1546500	56.73906066117471
1547000	56.7379679144385
1547500	56.74115257136747
1548000	56.75074818298418
1548500	56.7420292332678
1549000	56.739724856874304
1549500	56.741693004185535
1550000	56.73725557168474
1550500	56.74106952328112
1551000	56.759178275060265
1551500	56.75473951336021
1552000	56.74390841842717
1552500	56.74587107085776
1553000	56.7557203119008
1553500	56.750654938126985
1554000	56.74743431418473
1554500	56.74237425232551
1555000	56.74370105549881
1555500	56.73289652825051
1556000	56.726638594700354
1556500	56.71889283360616
1557000	56.732056704427116
1557500	56.738266726156326
1558000	56.73477189703509
1558500	56.74763259586394
1559000	56.73742305243048
1559500	56.74574544837245
1560000	56.74253834241954
1560500	56.73629519669176
1561000	56.739453042187826
1561500	56.732012292041965
1562000	56.73093220338983
1562500	56.736206713968016
1563000	56.73300868092315
1563500	56.73827918298232
1564000	56.748979030449235
1564500	56.74246430460074
1565000	56.74138295622754
1565500	56.742416235070294
1566000	56.75310129123608
1566500	56.754130223517976
1567000	56.75607180570221
1567500	56.742035594401166
1568000	56.751509011861046
1568500	56.74712013165113
1569000	56.75327962205255
1569500	56.753109846088975
1570000	56.77008683922098
1570500	56.767804466919515
1571000	56.76461295418641
1571500	56.769846283428095
1572000	56.76876118303337
1572500	56.77637947725073
1573000	56.77438357317176
1573500	56.77301310227344
1574000	56.76533658495564
1574500	56.76215296021522
1575000	56.755961760689146
1575500	56.75397508874372
1576000	56.762772726318225
1576500	56.7532958266857
1577000	56.75312683622933
1577500	56.75086011580096
1578000	56.749785038693034
1578500	56.75080716172586
1579000	56.75273504631764
1579500	56.74656386188401
1580000	56.746397453083105
1580500	56.749513180761745
1581000	56.756813329426045
1581500	56.7557387683358
1582000	56.744205505815415
1582500	56.74940923064054
1583000	56.757321738403334
1583500	56.76342131109857
1584000	56.767427771626735
1584500	56.7660694148603
1585000	56.764994467756416
1585500	56.7618332081142
1586000	56.758955955684456
1586500	56.76233782487172
1587000	56.76335050149092
1587500	56.76526379421758
1588000	56.761825380287554
1588500	56.76401966502791
1589000	56.7557999083677
1589500	56.76542233141097
1590000	56.76851350788827
1590500	56.7784620505992
1591000	56.780930193859724
1591500	56.7899694342212
1592000	56.793048973143755
1592500	56.787532467532465
1593000	56.77786548128453
1593500	56.78122728688609
1594000	56.7780776416857
1594500	56.774648764189514
1595000	56.764101819388834
1595500	56.770433664475185
1596000	56.768187755271285
1596500	56.755580426537335
1597000	56.75272471095272
1597500	56.7599478012304
1598000	56.76392023688733
1598500	56.764925064171564
1599000	56.76682393841569
1599500	56.76575849727963
1600000	56.76648192571759
1600500	56.766590862104614
1601000	56.77111322392625
1601500	56.76563565362921
1602000	56.774006981595846
1602500	56.77707111588337
1603000	56.776004789133616
1603500	56.77817446395773
1604000	56.78329757385707
1604500	56.788417513972824
1605000	56.77849027815006
1605500	56.781268035287326
1606000	56.77697189483227
1606500	56.77885803740628
1607000	56.77339647894575
1607500	56.76704884625676
1608000	56.76482087371648
1608500	56.767876244548674
1609000	56.76976227687752
1609500	56.771368663405006
1610000	56.780584040607465
1610500	56.77074774034511
1611000	56.762640161005464
1611500	56.764802496509816
1612000	56.763746074749086
1612500	56.76679387746727
1613000	56.76778864890366
1613500	56.76673228346457
1614000	56.77476221712037
1614500	56.77049180327869
1615000	56.7694356242958
1615500	56.76544676319401
1616000	56.773467089773774
1616500	56.769202431387
1617000	56.773401534526855
1617500	56.772346083043566
1618000	56.77333605970759
1618500	56.76498845076756
1619000	56.76189308484552
1619500	56.78767696990745
1620000	56.78457642349481
1620500	56.77242843725755
1621000	56.771981386235616
1621500	56.767730351750586
1622000	56.769877208012076
1622500	56.76970759756943
1623000	56.76254153331839
1623500	56.76964460384741
1624000	56.76336375488917
1624500	56.773654840943344
1625000	56.78102412704876
1625500	56.78112723645911
1626000	56.777160531510084
1626500	56.786280971561084
1627000	56.789294938279134
1627500	56.79055015654861
1628000	56.79559358549623
1628500	56.7968464258138
1629000	56.795515021023334
1629500	56.79533778707332
1630000	56.801526562595164
1630500	56.80480577992451
1631000	56.802596875634
1631500	56.79112499239459
1632000	56.78053725291434
1632500	56.78064006161454
1633000	56.77959233294161
1633500	56.791573830261285
1634000	56.780398906550566
1634500	56.784875718565296
1635000	56.782679077296635
1635500	56.77441540577717
1636000	56.76440849342771
1636500	56.76768493621495
1637000	56.76058046000243
1637500	56.759814915843286
1638000	56.75473679957985
1638500	56.74851581115464
1639000	56.75064599483204
1639500	56.744702320887995
1640000	56.749994955914694
1640500	56.755012303844445
1641000	56.76117115663817
1641500	56.76100628930818
1642000	56.764871836208286
1642500	56.76470588235294
1643000	56.762526180119224
1643500	56.75974954196783
1644000	56.76562342759384
1644500	56.771766031509685
1645000	56.76958664387006
1645500	56.771702628245095
1646000	56.773817421546745
1646500	56.76962961474307
1647000	56.7754897036665
1647500	56.78362690554138
1648000	56.785735799048254
1648500	56.78784350723649
1649000	56.776497973271255
1649500	56.76743766173845
1650000	56.76152658283697
1650500	56.758219727345626
1651000	56.748306409588324
1651500	56.75042077422457
1652000	56.74852770321702
1652500	56.74549932915474
1653000	56.74247277386291
1653500	56.743450677447115
1654000	56.744427994077874
1654500	56.75540532431946
1655000	56.75864827034594
1655500	56.7616191904048
1656000	56.76372429504987
1656500	56.763560083907706
1657000	56.75367992170804
1657500	56.753788710740174
1658000	56.767007345895884
1658500	56.76711235282379
1659000	56.78204488778055
1659500	56.77702433187076
1660000	56.76801914066394
1660500	56.76300578034682
1661000	56.76311174876455
1661500	56.76806310882687
1662000	56.76590660161306
1662500	56.76375146821684
1663000	56.762458207291836
1663500	56.7585850145239
1664000	56.74734978818194
1664500	56.74375136704381
1665000	56.74160653586976
1665500	56.751386046141924
1666000	56.75321321440633
1666500	56.747363612892975
1667000	56.75031766200762
1667500	56.75214353763099
1668000	56.75171620173802
1668500	56.752682626891726
1669000	56.75450597822854
1669500	56.74979185663879
1670000	56.74791914387634
1670500	56.752847944527
1671000	56.754669148957234
1671500	56.76638881739164
1672000	56.76424598697623
1672500	56.76237212339474
1673000	56.756275591953
1673500	56.761192849232714
1674000	56.768084138939955
1674500	56.76284584980237
1675000	56.75702374837002
1675500	56.75995970688735
1676000	56.76091935866046
1676500	56.76497295590035
1677000	56.75803682434433
1677500	56.750838429670544
1678000	56.75489113284948
1678500	56.74402097833159
1679000	56.73598107815118
1679500	56.731887056412674
1680000	56.724708477781284
1680500	56.71668241965973
1681000	56.72946317840902
1681500	56.73016372795969
1682000	56.72804532577904
1682500	56.72619281752743
1683000	56.74007078254031
1683500	56.74018162519165
1684000	56.737212364165146
1684500	56.73228037089423
1685000	56.741098607592455
1685500	56.73813169984686
1686000	56.73935658625631
1686500	56.759090284727534
1687000	56.76815631498411
1687500	56.767411300919846
1688000	56.7722834398651
1688500	56.760359088948995
1689000	56.75765711038389
1689500	56.75495650811065
1690000	56.75088131609871
1690500	56.74231002682435
1691000	56.742419793685286
1691500	56.735284909204765
1692000	56.74602398325476
1692500	56.73609074019752
1693000	56.73509286412512
1693500	56.732986749013016
1694000	56.72612883687306
1694500	56.73405606016213
1695000	56.738918180042965
1695500	56.737076370451355
1696000	56.73803157750932
1696500	56.73118195653022
1697000	56.727130875755805
1697500	56.72893187224584
1698000	56.73073174535106
1698500	56.7347416010601
1699000	56.74348834037911
1699500	56.738596969578936
1700000	56.73260387056579
1700500	56.72051381860646
1701000	56.725624112233184
1701500	56.72742126864946
1702000	56.73615432482887
1702500	56.73211508553655
1703000	56.73196517412935
1703500	56.729031882030654
1704000	56.72499854332161
1704500	56.72511213374497
1705000	56.715259040705014
1705500	56.722297690665634
1706000	56.71827105886005
1706500	56.7145073700543
1707000	56.72431845503548
1707500	56.73883967512454
1708000	56.73784977908689
1708500	56.74183424386842
1709000	56.73864626706692
1709500	56.73959341723136
1710000	56.73860447111198
1710500	56.74064900636622
1711000	56.74379014160799
1711500	56.749700228213364
1712000	56.747612234639035
1712500	56.75325679384592
1713000	56.7552944813727
1713500	56.755138309380314
1714000	56.75858340091917
1714500	56.75456546079302
1715000	56.751645212961
1715500	56.76442214933436
1716000	56.759571800559364
1716500	56.76353188453306
1717000	56.764467748775886
1717500	56.76951837647195
1718000	56.76550488411074
1718500	56.76810477657936
1719000	56.76711273707519
1719500	56.759253912340476
1720000	56.75660072357787
1720500	56.75285697795221
1721000	56.77027234959225
1721500	56.77177465871948
1722000	56.76418576041827
1722500	56.760184473481935
1723000	56.76028739386022
1723500	56.75462856264885
1724000	56.74596317416432
1724500	56.743891437455616
1725000	56.739902139499186
1725500	56.73099056241847
1726000	56.73218908811967
1726500	56.73779260366941
1727000	56.735984666986106
1727500	56.73226158769089
1728000	56.74495230067813
1728500	56.74097054655483
1729000	56.7331623080752
1729500	56.73301435406699
1730000	56.740777590693405
1730500	56.74745117542417
1731000	56.739650062147426
1731500	56.73676161345823
1732000	56.73661277376447
1732500	56.73754800252192
1733000	56.74503886777317
1733500	56.74705466765958
1734000	56.741433616493275
1734500	56.743191923818245
1735000	56.74793956043956
1735500	56.75541653951785
1736000	56.75361324028525
1736500	56.75778718212665
1737000	56.75490252129667
1737500	56.746303917085804
1738000	56.739614879149755
1738500	56.73210579431422
1739000	56.735766089886354
1739500	56.730165375758844
1740000	56.73109851223317
1740500	56.72632519923161
1741000	56.72427889643108
1741500	56.74504362371457
1742000	56.74977196716328
1742500	56.753676051521715
1743000	56.74998100736914
1743500	56.75090663983139
1744000	56.74695822181729
1744500	56.76198789350841
1745000	56.759115225556776
1745500	56.758140681598356
1746000	56.75173486026317
1746500	56.7548099706189
1747000	56.75598847786537
1747500	56.74825704759018
1748000	56.7405303030303
1748500	56.74227506816116
1749000	56.75266415551475
1749500	56.756552180906425
1750000	56.75261534969069
1750500	56.74893617021277
1751000	56.75445728006655
1751500	56.75537746191358
1752000	56.754152258942234
1752500	56.75803313372499
1753000	56.75624634095673
1753500	56.77308512847622
1754000	56.767264971783405
1754500	56.76088761415956
1755000	56.75318795744359
1755500	56.746563071642754
1756000	56.74585218702865
1756500	56.743817852834745
1757000	56.744738180927435
1757500	56.75426203258924
1758000	56.752226888382516
1758500	56.75879207771669
1759000	56.762403071595266
1759500	56.76707998570004
1760000	56.758586960610955
1760500	56.759247071212314
1761000	56.759093899802615
1761500	56.76457875251357
1762000	56.75985420659077
1762500	56.761579204387516
1763000	56.77106804867057
1763500	56.76634566649772
1764000	56.77369714939854
1764500	56.77648118269484
1765000	56.77069657526539
1765500	56.76760101246836
1766000	56.77332283641681
1766500	56.77260972227428
1767000	56.76308591554573
1767500	56.76024947090442
1768000	56.7600966129304
1768500	56.76125940623713
1769000	56.76216853491027
1769500	56.76388603071858
1770000	56.76666417296327
1770500	56.773180262887266
1771000	56.77140774249023
1771500	56.767767374932255
1772000	56.765997197571224
1772500	56.765035487485996
1773000	56.76513425701162
1773500	56.76815950118544
1774000	56.77279683475794
1774500	56.767296066870664
1775000	56.764217633782856
1775500	56.781904975013056
1776000	56.780940663273874
1776500	56.785314945956024
1777000	56.78087679093772
1777500	56.77885600402317
1778000	56.78453717669404
1778500	56.774265609292975
1779000	56.770387464175386
1779500	56.77234501748902
1780000	56.77485352924765
1780500	56.76937094404879
1781000	56.77027177752165
1781500	56.76534537548085
1782000	56.771017185322805
1782500	56.76820208023774
1783000	56.779440710067966
1783500	56.785906551077616
1784000	56.78098207326578
1784500	56.78107606679035
1785000	56.78939070759529
1785500	56.802462496986784
1786000	56.796737417740296
1786500	56.80213487518764
1787000	56.79826592808048
1787500	56.80496388220041
1788000	56.794741227664105
1788500	56.800133281501644
1789000	56.80287215930121
1789500	56.797409805735434
1790000	56.795146852112154
1790500	56.79973374258085
1791000	56.803268082589334
1791500	56.80415419299997
1792000	56.811380011084424
1792500	56.81226336688522
1793000	56.81683899556869
1793500	56.815874480849104
1794000	56.81675585901458
1794500	56.8297542616781
1795000	56.82878695660193
1795500	56.82333634502977
1796000	56.82605810352456
1796500	56.820611109063435
1797000	56.824127639190834
1797500	56.82316320704327
1798000	56.82140423886424
1798500	56.82123594057765
1799000	56.8210677414012
1799500	56.81274607204622
1800000	56.809152442613296
1800500	56.80426588213662
1801000	56.8022646642525
1801500	56.80235229256638
1802000	56.802439875801504
1802500	56.808831092498714
1803000	56.80107230729683
1803500	56.79907485590514
1804000	56.798120859559944
1804500	56.7922070774706
1805000	56.79675751017863
1805500	56.79293021891386
1806000	56.791187037172804
1806500	56.794693249285345
1807000	56.79399102317486
1807500	56.80690122529717
1808000	56.80594719302743
1808500	56.79767156638415
1809000	56.80587072688675
1809500	56.80204903036956
1810000	56.810242341106544
1810500	56.81556380391655
1811000	56.80991463615259
1811500	56.80609615700894
1812000	56.813241016459926
1812500	56.820630833013716
1813000	56.82228998155892
1813500	56.81220794392523
1814000	56.8104675353115
1814500	56.806115560745106
1815000	56.8059532711985
1815500	56.80135662448489
1816000	56.80794822714429
1816500	56.799460562764246
1817000	56.80294417723364
1817500	56.799927146890084
1818000	56.78962892829832
1818500	56.78843808587707
1819000	56.78100263852242
1819500	56.77824267782427
1820000	56.779661016949156
1820500	56.770416696967494
1821000	56.76869388200225
1821500	56.782294259807756
1822000	56.777721261444555
1822500	56.78404736392859
1823000	56.78958548940574
1823500	56.7951208001307
1824000	56.79261033681765
1824500	56.78519593613933
1825000	56.79048171793384
1825500	56.79498105202082
1826000	56.7958525178552
1826500	56.79153301074684
1827000	56.78696959814472
1827500	56.78627710254135
1828000	56.77990655898012
1828500	56.78283696931293
1829000	56.785274741185845
1829500	56.79157544285016
1830000	56.787019282949245
1830500	56.78867228471193
1831000	56.79056985825861
1831500	56.78704406608105
1832000	56.783274908749235
1832500	56.78234008345828
1833000	56.785798132663935
1833500	56.79286500929788
1834000	56.78753858094328
1834500	56.782994694864485
1835000	56.77898838300022
1835500	56.77342566544038
1836000	56.762701474777344
1836500	56.759971882266
1837000	56.759045696987165
1837500	56.7578765334246
1838000	56.75154876818902
1838500	56.753204666570646
1839000	56.756902696281365
1839500	56.754179187735055
1840000	56.7568539972656
1840500	56.76312429185476
1841000	56.75758284039627
1841500	56.75947728865961
1842000	56.76214778608396
1842500	56.77122633035104
1843000	56.77389227149451
1843500	56.773741762878636
1844000	56.7674301716091
1844500	56.7657298732996
1845000	56.771982704487144
1845500	56.767470225283404
1846000	56.763978051142274
1846500	56.76664097093993
1847000	56.76135854467246
1847500	56.7683789933884
1848000	56.765664744026076
1848500	56.75859598853869
1849000	56.75307934689201
1849500	56.75675675675676
1850000	56.7601903875747
1850500	56.76362205287825
1851000	56.76627859148381
1851500	56.76791875994493
1852000	56.77158739521333
1852500	56.77602658947143
1853000	56.776648386001895
1853500	56.76959619952494
1854000	56.774032281102706
1854500	56.76954108134159
1855000	56.77600114212292
1855500	56.77329574851474
1856000	56.773146414111686
1856500	56.7668770728576
1857000	56.76798288617524
1857500	56.76961736557894
1858000	56.77784904853539
1858500	56.78251420631669
1859000	56.78438496197753
1859500	56.78245232965976
1860000	56.77975152183974
1860500	56.773493246970475
1861000	56.7707962712588
1861500	56.774445985842846
1862000	56.784964972796125
1862500	56.79370045149135
1863000	56.78999182570992
1863500	56.78018795857095
1864000	56.78915865939648
1864500	56.783678687476694
1865000	56.78275996733766
1865500	56.78539104509397
1866000	56.78777986729588
1866500	56.78686082190809
1867000	56.787715440811404
1867500	56.78603084559475
1868000	56.78765108283416
1868500	56.78951098511694
1869000	56.7956779736073
1869500	56.792987426952365
1870000	56.79130373203031
1870500	56.78407079646017
1871000	56.78415967724811
1871500	56.7893154077481
1872000	56.78763440860215
1872500	56.78217821782178
1873000	56.77596111356606
1873500	56.76874414659575
1874000	56.78019997880084
1874500	56.77675732956552
1875000	56.7793767105147
1875500	56.781231795795165
1876000	56.77931703873643
1876500	56.77211058379351
1877000	56.78330805319411
1877500	56.78944862729885
1878000	56.790297560287684
1878500	56.79038454760143
1879000	56.793995348509405
1879500	56.80012682531574
1880000	56.793928080864994
1880500	56.79301420749635
1881000	56.80342151116743
1881500	56.8015061671916
1882000	56.80386983289358
1882500	56.80019695424331
1883000	56.801800217995144
1883500	56.80440093502293
1884000	56.79821478774249
1884500	56.79179328637426
1885000	56.78988497673193
1885500	56.786222151998736
1886000	56.780047739399045
1886500	56.7798989331836
1887000	56.77747566002982
1887500	56.783584707120305
1888000	56.7906862573202
1888500	56.79053461875547
1889000	56.793649681082215
1889500	56.796244065658776
1890000	56.79433965568575
1890500	56.79167979829815
1891000	56.789777699982494
1891500	56.79412022049173
1892000	56.80271513794371
1892500	56.80331596068417
1893000	56.801412735601644
1893500	56.803999370728384
1894000	56.8013420942262
1894500	56.79693914988032
1895000	56.79428511545045
1895500	56.79337861670363
1896000	56.79497250589159
1896500	56.791567043054854
1897000	56.79165285362833
1897500	56.790747976555956
1898000	56.782868004813146
1898500	56.78794958071096
1899000	56.798731066218124
1899500	56.79956783884571
1900000	56.79418835580642
1900500	56.79003744666028
1901000	56.793369434625895
1901500	56.788748085224896
1902000	56.78634204068847
1902500	56.79141221706073
1903000	56.79398872886663
1903500	56.80525849027075
1904000	56.80660582355498
1904500	56.81016354125028
1905000	56.81719458585999
1905500	56.81628682601445
1906000	56.80819657897022
1906500	56.804805638986785
1907000	56.803152066373904
1907500	56.80323459489476
1908000	56.79290782602662
1908500	56.7895238921169
1909000	56.786655569427104
1909500	56.781306337539874
1910000	56.78387605497115
1910500	56.78569572223089
1911000	56.77861881419639
1911500	56.78118722726329
1912000	56.784267562233836
1912500	56.780893042575286
1913000	56.77999826974652
1913500	56.77391454765611
1914000	56.76858160688963
1914500	56.76694329183955
1915000	56.763577280741174
1915500	56.76861931916364
1916000	56.77636693443897
1916500	56.79372700737492
1917000	56.80342588755353
1917500	56.79907469746405
1918000	56.79915776393227
1918500	56.79998619642488
1919000	56.80006900120752
1919500	56.79129445038458
1920000	56.78867605730936
1920500	56.78778268063982
1921000	56.793782633420065
1921500	56.79288839885608
1922000	56.789294202748785
1922500	56.78937943384531
1923000	56.784066652895405
1923500	56.779500593711816
1924000	56.77321680487217
1924500	56.774049293957795
1925000	56.76702718503361
1925500	56.75680321809836
1926000	56.76623242704431
1926500	56.76265420432287
1927000	56.75318206022296
1927500	56.75476104614222
1928000	56.751188861611354
1928500	56.757406199581204
1929000	56.757266893167234
1929500	56.756385843926374
1930000	56.755273537986625
1930500	56.746562424990564
1931000	56.74397079241014
1931500	56.73526740579536
1932000	56.74221788216751
1932500	56.75013702384215
1933000	56.75388725255155
1933500	56.75740455401473
1934000	56.76434342051212
1934500	56.76466561708536
1935000	56.75962360992302
1935500	56.75532369793894
1936000	56.76812585499316
1936500	56.76821554347454
1937000	56.769044078688744
1937500	56.76987218918734
1938000	56.77166968464928
1938500	56.77346632053559
1939000	56.77355462213571
1939500	56.76999761018743
1940000	56.78373950440303
1940500	56.77870670534039
1941000	56.779530916844344
1941500	56.78132301028326
1942000	56.779704362948195
1942500	56.77638195237527
1943000	56.77232447171098
1943500	56.77922785974716
1944000	56.786127955304224
1944500	56.78791594291748
1945000	56.79140561154998
1945500	56.79659574468086
1946000	56.79911511954394
1946500	56.80089827999796
1947000	56.80097970846869
1947500	56.79839477622092
1948000	56.7878149117737
1948500	56.78426973930186
1949000	56.77319605144673
1949500	56.76869246186772
1950000	56.760795367713236
1950500	56.76235421936272
1951000	56.76317843929263
1951500	56.77152261698735
1952000	56.77064780418299
1952500	56.769773436440104
1953000	56.77155742429893
1953500	56.77989084375742
1954000	56.77393116770881
1954500	56.789265929151064
1955000	56.79008163680093
1955500	56.790165266865344
1956000	56.790018959913326
1956500	56.79421869446748
1957000	56.79430128085819
1957500	56.794153965864304
1958000	56.79592768598536
1958500	56.79504953843032
1959000	56.80189317106152
1959500	56.8019738398621
1960000	56.80205447050077
1960500	56.80117561610053
1961000	56.8036745584113
1961500	56.80375472717451
1962000	56.80310574732045
1962500	56.799581512293074
1963000	56.79628848587094
1963500	56.79108127709096
1964000	56.78491940379038
1964500	56.78140381633065
1965000	56.77379126712617
1965500	56.773650071603065
1966000	56.78193057216486
1966500	56.77987506103824
1967000	56.78428335746272
1967500	56.789915683535575
1968000	56.79409092438672
1968500	56.79658194418745
1969000	56.78466324728832
1969500	56.78043039677202
1970000	56.778834840488116
1970500	56.79286182386449
1971000	56.790310116587705
1971500	56.78753169977999
1972000	56.79192692591847
1972500	56.793460014772045
1973000	56.792588987530834
1973500	56.787410029696495
1974000	56.78055653399085
1974500	56.793104604755676
1975000	56.790558098207846
1975500	56.79113733114336
1976000	56.7902682595801
1976500	56.79035095066588
1977000	56.790206159669076
1977500	56.79006144624709
1978000	56.788242974072276
1978500	56.79334638619743
1979000	56.79008214686052
1979500	56.78754223396781
1980000	56.79359186608471
1980500	56.78698610669921
1981000	56.77586495069363
1981500	56.78407913645023
1982000	56.781543910058296
1982500	56.77065936268287
1983000	56.76122418312658
1983500	56.75869666822461
1984000	56.756170418704
1984500	56.7593720282287
1985000	56.760904011341836
1985500	56.76171419042855
1986000	56.757522714011834
1986500	56.76072065465576
1987000	56.75725211190162
1987500	56.76233945794673
1988000	56.76314825300602
1988500	56.75801671606007
1989000	56.75171851334032
1989500	56.75729641585411
1990000	56.75954420693671
1990500	56.75940862450317
1991000	56.75689156386127
1991500	56.75770017120726
1992000	56.75873300761126
1992500	56.75289504726777
1993000	56.75608338177892
1993500	56.762591122698055
1994000	56.76173716714257
1994500	56.762543360276176
1995000	56.76003053131119
1995500	56.76083674789735
1996000	56.765900986814835
1996500	56.762672237974435
1997000	56.75590551181102
1997500	56.75151635676643
1998000	56.755144646585144
1998500	56.753578054598464
1999000	56.749416226421346
1999500	56.748567833371965
2000000	56.7451253020823
2000500	56.74521744886476
2001000	56.753581946328715
2001500	56.75201799655948
2002000	56.748085796027716
2002500	56.74773091738721
2003000	56.750904913805925
2003500	56.74510063121716
2004000	56.74827369742624
2004500	56.73916992848768
2005000	56.74069181870718
2005500	56.741498844503134
2006000	56.74631988910159
2006500	56.750424840375516
2007000	56.74463101639561
2007500	56.73812664907651
2008000	56.747889738855186
2008500	56.7486937746205
2009000	56.74361889696311
2009500	56.755242911978385
2010000	56.757914154890145
2010500	56.75800289816888
2011000	56.757157203299144
2011500	56.754666052207114
2012000	56.75453318853457
2012500	56.76520423102864
2013000	56.766713263711864
2013500	56.76351140268666
2014000	56.766886393898055
2014500	56.75524659402784
2015000	56.76097528916929
2015500	56.750985545335084
2016000	56.749921999441675
2016500	56.755647491463094
2017000	56.7447356759507
2017500	56.745536886321865
2018000	56.74234718986844
2018500	56.74478867695537
2019000	56.73996097528982
2019500	56.73398465674382
2020000	56.73735618997673
2020500	56.737228430055374
2021000	56.74573272614094
2021500	56.73834362358953
2022000	56.7431275275472
2022500	56.74158222978834
2023000	56.736544094784556
2023500	56.731728865692645
2024000	56.73814547655266
2024500	56.730769230769226
2025000	56.73391315720638
2025500	56.73891013696839
2026000	56.74134352991159
2026500	56.73887473044501
2027000	56.74179323860853
2027500	56.743297521470794
2028000	56.74153635206164
2028500	56.74326000391671
2029000	56.73753079571225
2029500	56.730879018709125
2030000	56.728417207527485
2030500	56.72829241253383
2031000	56.740281965609974
2031500	56.7459670848949
2032000	56.7418750509082
2032500	56.73012719248245
2033000	56.72533663317974
2033500	56.723366159355415
2034000	56.720911310008134
2034500	56.719161813034844
2035000	56.72787599824341
2035500	56.72449958535911
2036000	56.7194993091116
2036500	56.714501633323046
2037000	56.714599073848404
2037500	56.71122951219117
2038000	56.710406651942314
2038500	56.70054552539291
2039000	56.707138915040744
2039500	56.701449181285604
2040000	56.699007073788046
2040500	56.69981022205641
2041000	56.70407368967306
2041500	56.70671401008479
2042000	56.71145835021802
2042500	56.70739612367927
2043000	56.69917698140108
2043500	56.711316995740134
2044000	56.72345111247854
2044500	56.72170956775133
2045000	56.716031399206926
2045500	56.71542768374381
2046000	56.71714230246554
2046500	56.715404024066764
2047000	56.715283616842385
2047500	56.71284695840541
2048000	56.71757575757576
2048500	56.71099190512352
2049000	56.70441145589352
2049500	56.701763451973385
2050000	56.70143037034645
2050500	56.70244532321846
2051000	56.70555582449855
2051500	56.70936310253597
2052000	56.71521427073757
2052500	56.71165288056885
2053000	56.70578373847444
2053500	56.71211242183974
2054000	56.71107960495577
2054500	56.709350084561486
2055000	56.708534621578096
2055500	56.71093938662158
2056000	56.71082068532617
2056500	56.71343975283213
2057000	56.70527670527671
2057500	56.70355120946989
2058000	56.705042449189605
2058500	56.704229427556385
2059000	56.70250550439548
2059500	56.708816015681485
2060000	56.70618093035209
2060500	56.69985546812269
2061000	56.701345406672445
2061500	56.6996244101313
2062000	56.70020379017635
2062500	56.69458080662238
2063000	56.6905644035991
2063500	56.68815342184593
2064000	56.68665234537818
2064500	56.69134852710197
2065000	56.689153460349
2065500	56.68856135853893
2066000	56.68615359974374
2066500	56.68625598488366
2067000	56.67995453308359
2067500	56.68144496550841
2068000	56.681548333413346
2068500	56.680531115021594
2069000	56.672424271503054
2069500	56.678019219392084
2070000	56.68771481096635
2070500	56.68462017932203
2071000	56.69590783439592
2071500	56.69441027525281
2072000	56.69200792180412
2072500	56.68848794507425
2073000	56.685183411550625
2073500	56.68938221165355
2074000	56.688578996074924
2074500	56.685063484974165
2075000	56.68426172516625
2075500	56.67777370342617
2076000	56.68404023015987
2076500	56.68143285104213
2077000	56.67994264776167
2077500	56.680735844548856
2078000	56.675849110682954
2078500	56.673458991339785
2079000	56.67584472632936
2079500	56.67276632985918
2080000	56.684007063427664
2080500	56.6861759653922
2081000	56.68468754968994
2081500	56.69024719815595
2082000	56.69352659768909
2082500	56.68795881399561
2083000	56.68488276037365
2083500	56.68567253783968
2084000	56.68942521435376
2084500	56.69111343937517
2085000	56.69644982622082
2085500	56.699722332407774
2086000	56.701407065467414
2086500	56.705150976909415
2087000	56.705934581661936
2087500	56.70671781377802
2088000	56.70411866313805
2088500	56.70421597984695
2089000	56.701145237680386
2089500	56.70736535385687
2090000	56.70498084291188
2090500	56.699905033238366
2091000	56.70227074926814
2091500	56.70669007957224
2092000	56.71221610678813
2092500	56.70735563847954
2093000	56.713563073031935
2093500	56.70396358809027
2094000	56.70632475391446
2094500	56.700786655293335
2095000	56.70314745503071
2095500	56.70234937476317
2096000	56.704920361805236
2096500	56.70680702640426
2097000	56.71232012118153
2097500	56.70994305185278
2098000	56.70846147780143
2098500	56.711499345642615
2099000	56.70686529518405
2099500	56.70312697011725
2100000	56.7007547704962
2100500	56.69523299410819
2101000	56.69827070274357
2101500	56.69432678832921
2102000	56.69914833997135
2102500	56.69656909033679
2103000	56.69713800210834
2103500	56.70263638079658
2104000	56.70252248851985
2104500	56.70125786163523
2105000	56.69485663983903
2105500	56.68934953088903
2106000	56.68384501775445
2106500	56.68216518488266
2107000	56.671063789691885
2107500	56.66467799164756
2108000	56.661643749607585
2108500	56.66556816220203
2109000	56.67440692858039
2109500	56.67675801163903
2110000	56.678428605034114
2110500	56.66912306558585
2111000	56.673041351851275
2111500	56.6731444332999
2112000	56.67638118517125
2112500	56.67314138914127
2113000	56.67794274259224
2113500	56.68253272374272
2114000	56.679502833348984
2114500	56.68341236677779
2115000	56.682416997840846
2115500	56.68767890381818
2116000	56.68511915931694
2116500	56.68610559559731
2117000	56.687559591728274
2117500	56.693024128016
2118000	56.69270426495861
2118500	56.69212626712275
2119000	56.686445971267965
2119500	56.68566076028413
2120000	56.68888229877164
2120500	56.68476734388166
2121000	56.69355216150018
2121500	56.691415023708515
2122000	56.68595131535859
2122500	56.68740158707887
2123000	56.68573387989214
2123500	56.6836003241289
2124000	56.68058455114823
2124500	56.673572062740455
2125000	56.671909307504244
2125500	56.67958837357745
2126000	56.67859922178988
2126500	56.688710806815536
2127000	56.68860160856241
2127500	56.685589859242555
2128000	56.68791789768309
2128500	56.68537317145211
2129000	56.679255839977614
2129500	56.68557221661099
2130000	56.6870174457442
2130500	56.68866972120835
2131000	56.68302226638924
2131500	56.68400217340681
2132000	56.68565397569417
2132500	56.6857533013671
2133000	56.682542391287484
2133500	56.676231097324546
2134000	56.67855481469996
2134500	56.686407044524366
2135000	56.69626943165791
2135500	56.692388744266765
2136000	56.69072995414549
2136500	56.69082798996376
2137000	56.70021678538247
2137500	56.69633872590758
2138000	56.702419092724156
2138500	56.70385442616863
2139000	56.7099299228068
2139500	56.722396646921446
2140000	56.72227977672289
2140500	56.72546261227141
2141000	56.71916294453116
2141500	56.723013690163484
2142000	56.724441560849016
2142500	56.72231918081147
2143000	56.72086595327435
2143500	56.71390638508089
2144000	56.709161624891955
2144500	56.71059128502654
2145000	56.70122176971491
2145500	56.698025909932134
2146000	56.694831626989014
2146500	56.69646986280252
2147000	56.70118981567105
2147500	56.70328654412104
2148000	56.705382174435435
2148500	56.70306315740841
2149000	56.70469767656705
2149500	56.70853729872849
2150000	56.71170893868506
2150500	56.71400655475374
2151000	56.71389235005461
2151500	56.70762653215016
2152000	56.709051492181615
2152500	56.711347495926454
2153000	56.70595829043016
2153500	56.71132690062074
2154000	56.701791035605666
2154500	56.705622187754344
2155000	56.69783366342715
2155500	56.689178818112055
2156000	56.68533722090079
2156500	56.68937371505722
2157000	56.687067629960275
2157500	56.70030365303806
2158000	56.701268035388466
2158500	56.699166053470684
2159000	56.69466327437698
2159500	56.69542299382479
2160000	56.69924627734543
2160500	56.696073025791826
2161000	56.69223819804922
2161500	56.69998928369131
2162000	56.70401322435485
2162500	56.70716777866194
2163000	56.697671572377075
2163500	56.69669485952006
2164000	56.69439432398544
2164500	56.6997385840735
2165000	56.69896680320352
2165500	56.69340667736267
2166000	56.693707319308864
2166500	56.68835532746823
2167000	56.689113869928384
2167500	56.69445207779915
2168000	56.69912693082606
2168500	56.695304512368196
2169000	56.69280527247208
2169500	56.68985082822366
2170000	56.68277954833102
2170500	56.68114947785654
2171000	56.68343240359701
2171500	56.683986773736414
2172000	56.69083818287072
2172500	56.69007112722178
2173000	56.68930442197588
2173500	56.69680915844598
2174000	56.69365639839279
2174500	56.68832453324001
2175000	56.69212279794322
2175500	56.693536121673006
2176000	56.69190767265761
2176500	56.696360706576264
2177000	56.696252165719315
2177500	56.7024250896493
2178000	56.70601102857403
2178500	56.7043815020123
2179000	56.69384594360679
2179500	56.687008531438806
2180000	56.68017423242119
2180500	56.680069797435706
2181000	56.68669033099724
2181500	56.68117502540226
2182000	56.68238397743984
2182500	56.68485675306958
2183000	56.69167234977647
2183500	56.69545454545455
2184000	56.697720215102635
2184500	56.68983689973195
2185000	56.69967296511628
2185500	56.705618793896825
2186000	56.709393301956744
2186500	56.70625614645586
2187000	56.71305400090758
2187500	56.707750472589794
2188000	56.70159205334059
2188500	56.70470863880281
2189000	56.70545564455192
2189500	56.69995618474927
2190000	56.705032928523956
2190500	56.7059818475618
2191000	56.709950173637324
2191500	56.70702252279452
2192000	56.70238454572895
2192500	56.69774880801497
2193000	56.70322376261522
2193500	56.70417181985461
2194000	56.70793310915753
2194500	56.71340268355194
2195000	56.71198601229953
2195500	56.71122229087238
2196000	56.71583324544619
2196500	56.717227251502514
2197000	56.72635272502748
2197500	56.73246307421292
2198000	56.724618047715815
2198500	56.7262110791735
2199000	56.72694992778046
2199500	56.73069691180673
2200000	56.72541883478208
2200500	56.725304465493906
2201000	56.72088268895437
2201500	56.71776375112714
2202000	56.72471564016648
2202500	56.72179908963901
2203000	56.71567817611102
2203500	56.72092255022674
2204000	56.72316214552715
2204500	56.73205361028981
2205000	56.72958617171323
2205500	56.7273218223549
2206000	56.726558281840546
2206500	56.72494452108199
2207000	56.72483060502489
2207500	56.723419561763734
2208000	56.72415601540375
2208500	56.72104624511258
2209000	56.720285166546844
2209500	56.73215141351222
2210000	56.72924339052068
2210500	56.735317008920546
2211000	56.73091311764882
2211500	56.72800718132854
2212000	56.73193424378861
2212500	56.727332545723726
2213000	56.73105675497877
2213500	56.72795216741405
2214000	56.73082670811166
2214500	56.72578403980337
2215000	56.73099904397706
2215500	56.733870967741936
2216000	56.7331093691676
2216500	56.72786983131811
2217000	56.72880318791695
2217500	56.72485825126827
2218000	56.72409935108526
2218500	56.727815063385535
2219000	56.724919479899796
2219500	56.72013356787215
2220000	56.72300217592179
2220500	56.72288941204518
2221000	56.71915267619062
2221500	56.710949600857866
2222000	56.713173215801305
2222500	56.710929824039056
2223000	56.70551115476775
2223500	56.70624646608934
2224000	56.709113087977144
2224500	56.709847256718774
2225000	56.70825093304388
2225500	56.701552000951416
2226000	56.70610267233436
2226500	56.69920801200612
2227000	56.69845797308138
2227500	56.69835140353483
2228000	56.70354146558765
2228500	56.710213776722085
2229000	56.71030367797667
2229500	56.71316219023594
2230000	56.708601608165445
2230500	56.70656639819636
2231000	56.704975161266404
2231500	56.70570793180133
2232000	56.69734833325922
2232500	56.69660057496814
2233000	56.70345951551967
2233500	56.708635757665526
2234000	56.716771566086635
2234500	56.71750074030204
2235000	56.716550468493274
2235500	56.72403841884832
2236000	56.7196863209292
2236500	56.72061303588863
2237000	56.721539394477226
2237500	56.725863930087094
2238000	56.71855827087122
2238500	56.720565195542285
2239000	56.72424748422561
2239500	56.72728884423892
2240000	56.722744930062184
2240500	56.7219941522195
2241000	56.718929931792005
2241500	56.72113241523861
2242000	56.720580856527256
2242500	56.71624173748819
2243000	56.71908189756903
2243500	56.722118986520364
2244000	56.72937984724721
2244500	56.728827301540505
2245000	56.72512896094326
2245500	56.7254133388347
2246000	56.732228360957635
2246500	56.731477389895424
2247000	56.73745287464656
2247500	56.73817341244718
2248000	56.737421615097006
2248500	56.728476821192054
2249000	56.73214154344147
2249500	56.73099552835962
2250000	56.72627275668363
2250500	56.72008232872684
2251000	56.722275299478206
2251500	56.71315004481801
2252000	56.71597937387063
2252500	56.71376534868692
2253000	56.712187958883995
2253500	56.71291198708067
2254000	56.72033935622128
2254500	56.72776367345141
2255000	56.74085593978785
2255500	56.7380047819518
2256000	56.740188889540676
2256500	56.74154008562547
2257000	56.74435649369687
2257500	56.740873184529484
2258000	56.738025114657056
2258500	56.73644580519461
2259000	56.73633181505294
2259500	56.73245870914842
2260000	56.73297908158037
2260500	56.73223275963002
2261000	56.730853647830024
2261500	56.727182292961956
2262000	56.73082548411631
2262500	56.73071299058314
2263000	56.72494956287828
2263500	56.732343311506085
2264000	56.73013692624688
2264500	56.730853519562864
2265000	56.72343781952031
2265500	56.72395916996451
2266000	56.72676837725381
2266500	56.7231061158955
2267000	56.72090477927764
2267500	56.72035950859377
2268000	56.721077122810094
2268500	56.72033601680084
2269000	56.72251140953297
2269500	56.72968993717109
2270000	56.72894744512782
2270500	56.72592160862596
2271000	56.71998368440987
2271500	56.71778739022152
2272000	56.717678407618266
2272500	56.72150240209638
2273000	56.72449930135072
2273500	56.72729918509896
2274000	56.72781762369612
2274500	56.72499309100959
2275000	56.73215350386086
2275500	56.72767980460288
2276000	56.73212494730875
2276500	56.730126435111174
2277000	56.728128677912906
2277500	56.728017548192156
2278000	56.72873035698724
2278500	56.7242631043996
2279000	56.734510191045814
2279500	56.73541663642829
2280000	56.734676108660324
2280500	56.73040652293765
2281000	56.72821688110123
2281500	56.72438295774239
2282000	56.737516673432694
2282500	56.731605496608104
2283000	56.73086677390838
2283500	56.72785754647271
2284000	56.727746795103926
2284500	56.7270094134685
2285000	56.72274991312406
2285500	56.735042487586675
2286000	56.73657244583388
2286500	56.73438675696012
2287000	56.73138128580521
2287500	56.732090426532054
2288000	56.7305328609645
2288500	56.723387644754155
2289000	56.72616896726169
2289500	56.72172367451337
2290000	56.72243411927877
2290500	56.72829698107756
2291000	56.724479038803125
2291500	56.72066297066297
2292000	56.71848612133547
2292500	56.7132302008774
2293000	56.71600877192983
2293500	56.723307272884625
2294000	56.7196896497022
2294500	56.737506848525044
2295000	56.732446340795406
2295500	56.73171153513575
2296000	56.73366472156185
2296500	56.734370498415444
2297000	56.73137853562993
2297500	56.73227836253941
2298000	56.73135058877724
2298500	56.72486003367827
2299000	56.72988373431564
2299500	56.73859876276794
2300000	56.73498741459907
2300500	56.736935952374104
2301000	56.73557996434527
2301500	56.7342245220641
2302000	56.736365596033636
2302500	56.739127311389204
2303000	56.74864251443675
2303500	56.74421944564124
2304000	56.74697757229418
2304500	56.75710594315245
2305000	56.754933620380335
2305500	56.74682890432188
2306000	56.739542089860564
2306500	56.73450654733732
2307000	56.72579188115689
2307500	56.72300832939086
2308000	56.728205716251466
2308500	56.72747596050501
2309000	56.7355360059604
2309500	56.74545194098267
2310000	56.74820267522126
2310500	56.75462837015507
2311000	56.755325240494734
2311500	56.74581025574972
2312000	56.74202317928173
2312500	56.743533989471274
2313000	56.744232612022486
2313500	56.744312413309885
2314000	56.7433881343817
2314500	56.74980347316515
2315000	56.75254711993255
2315500	56.75814677771904
2316000	56.750889120591886
2316500	56.7485363415679
2317000	56.74475709166702
2317500	56.75178054037081
2318000	56.751473295187
2318500	56.74912265685184
2319000	56.747158077905034
2319500	56.74927986766677
2320000	56.746506986027946
2320500	56.748628037916035
2321000	56.740155909304676
2321500	56.738811393072396
2322000	56.74316566235025
2322500	56.736740158377486
2323000	56.7337813977331
2323500	56.73447888045784
2324000	56.73009863505032
2324500	56.72856634649591
2325000	56.729880069994735
2325500	56.72915540636646
2326000	56.732505723589725
2326500	56.73158942280353
2327000	56.73512898870017
2327500	56.72791348708985
2328000	56.72596044555581
2328500	56.72462285860394
2329000	56.729390044734785
2329500	56.73008661081925
2330000	56.72652423876783
2330500	56.72277255825835
2331000	56.71679909194097
2331500	56.720334775515994
2332000	56.715359523471854
2332500	56.722534172763886
2333000	56.72606643133585
2333500	56.72898388445565
2334000	56.72845279596406
2334500	56.73136865967696
2335000	56.730033713913365
2335500	56.73356087750854
2336000	56.73364201464113
2336500	56.73150428947592
2337000	56.72875502462775
2337500	56.726619214060314
2338000	56.72589909736566
2338500	56.7229624600413
2339000	56.73497093886556
2339500	56.73505167757716
2340000	56.74361402863969
2340500	56.743693025227905
2341000	56.73651636969945
2341500	56.73659673659673
2342000	56.7316384180791
2342500	56.73797924168609
2343000	56.73142082674497
2343500	56.73634734004263
2344000	56.73905987609895
2344500	56.74459289775533
2345000	56.74669224475978
2345500	56.74597018714127
2346000	56.74040861215685
2346500	56.74452698797558
2347000	56.74098711841474
2347500	56.738058334507535
2348000	56.731514220913695
2348500	56.729807760016904
2349000	56.72467686069106
2349500	56.72095609453962
2350000	56.71320404199622
2350500	56.70404817853072
2351000	56.706150469866635
2351500	56.71045599032322
2352000	56.716166047924396
2352500	56.71807560910459
2353000	56.718767569998874
2353500	56.72447230107648
2354000	56.7249736564805
2354500	56.73067468288641
2355000	56.736981068479295
2355500	56.731862793277266
2356000	56.72674696089166
2356500	56.724629138422245
2357000	56.72110905315149
2357500	56.72100331070086
2358000	56.7216931513766
2358500	56.724203205406845
2359000	56.72489205405709
2359500	56.71637607220945
2360000	56.71645974047812
2360500	56.71654337592468
2361000	56.72124718109619
2361500	56.71974120909129
2362000	56.71422370944934
2362500	56.70632698768196
2363000	56.70062695924764
2363500	56.69852107847938
2364000	56.69842069187405
2364500	56.69710913134082
2365000	56.69500531349628
2365500	56.69430037326474
2366000	56.697788835155
2366500	56.70067076579094
2367000	56.70774303518037
2367500	56.70903757508032
2368000	56.711123524893516
2368500	56.717397375034906
2369000	56.717292981182645
2369500	56.71997990286384
2370000	56.71648038846331
2370500	56.72074887348112
2371000	56.723433337517605
2371500	56.72272423025435
2372000	56.72638550017428
2372500	56.72985781990521
2373000	56.72993840064665
2373500	56.726629230704916
2374000	56.718767413351166
2374500	56.71527458599702
2375000	56.711596301659796
2375500	56.713675154181345
2376000	56.71018567491579
2376500	56.711661564152514
2377000	56.71095652173913
2377500	56.71841094975797
2378000	56.71849358885211
2378500	56.71440489432703
2379000	56.71509001181623
2379500	56.7143849895761
2380000	56.70534287500868
2380500	56.69949849269966
2381000	56.69463040640018
2381500	56.69809617707914
2382000	56.696007108346755
2382500	56.70581049943089
2383000	56.69659584507139
2383500	56.69353607947056
2384000	56.68946193006062
2384500	56.68538936273491
2385000	56.68607875762618
2385500	56.68796872617381
2386000	56.69835901984699
2386500	56.69368807593709
2387000	56.68943350743271
2387500	56.687351099783925
2388000	56.69002381875588
2388500	56.69684886747521
2389000	56.70602566409657
2389500	56.69960419607517
2390000	56.696552105816586
2390500	56.69092015714049
2391000	56.69497151075953
2391500	56.69408918078119
2392000	56.6941760322924
2392500	56.691128709039894
2393000	56.69241291641911
2393500	56.692315130751915
2394000	56.68687761556842
2394500	56.678680420343284
2395000	56.67679138478531
2395500	56.68318540093591
2396000	56.680513960003864
2396500	56.68041891463027
2397000	56.68032391121412
2397500	56.67944721816126
2398000	56.68229453943739
2398500	56.67866054565256
2399000	56.68959243587447
2399500	56.684764634549666
2400000	56.68880193982145
2400500	56.68259893386961
2401000	56.67837223714108
2401500	56.68396921339961
2402000	56.68446989510778
2402500	56.68694264009688
2403000	56.67505950661108
2403500	56.67730486697664
2404000	56.67368073606469
2404500	56.672396012375394
2405000	56.675236118175945
2405500	56.67651707786406
2406000	56.6777974742686
2406500	56.68319892288458
2407000	56.6872244275648
2407500	56.68259723137772
2408000	56.68309694781212
2408500	56.67732769625674
2409000	56.6766393105152
2409500	56.67576801174485
2410000	56.67645202886224
2410500	56.673798551678736
2411000	56.67585393612791
2411500	56.67772537837244
2412000	56.6709613750377
2412500	56.66831113303733
2413000	56.6682194333315
2413500	56.66127883403649
2414000	56.662558203231995
2414500	56.666164610518535
2415000	56.66333556927542
2415500	56.666757910872654
2416000	56.669585921891674
2416500	56.67378098834346
2417000	56.66958472397001
2417500	56.671042914581115
2418000	56.669765915554585
2418500	56.666529959397934
2419000	56.66858017604286
2419500	56.66867091202273
2420000	56.67286042190403
2420500	56.6749081372
2421000	56.67226615315278
2421500	56.6680776110436
2422000	56.66953352172667
2422500	56.66671216236505
2423000	56.66543851748747
2423500	56.66825840780408
2424000	56.669713132084745
2424500	56.669030603895045
2425000	56.66562129290009
2425500	56.6593053056328
2426000	56.65512729651638
2426500	56.65735504530899
2427000	56.65881006553223
2427500	56.654815904540065
2428000	56.65395614871306
2428500	56.65541092533086
2429000	56.658816482663795
2429500	56.658908714765964
2430000	56.652015947965005
2430500	56.65346992639756
2431000	56.65610250411458
2431500	56.65950444692251
2432000	56.65746645093746
2432500	56.65950736773422
2433000	56.67319035581288
2433500	56.67115078879785
2434000	56.67318769698946
2434500	56.669020971422356
2435000	56.667571971754484
2435500	56.66417758468536
2436000	56.66408763285418
2436500	56.666304760870744
2437000	56.661555787731174
2437500	56.65237798095445
2438000	56.6497585851462
2438500	56.65102782448338
2439000	56.65094083834933
2439500	56.6522092708051
2440000	56.65017955146012
2440500	56.65239540429222
2441000	56.65095361941916
2441500	56.65027966250897
2442000	56.65096000216644
2442500	56.648165696493834
2443000	56.645372601034026
2443500	56.64276048714479
2444000	56.64691398111319
2444500	56.64818071148383
2445000	56.650392870183786
2445500	56.64836799264448
2446000	56.64616424467725
2446500	56.646664504270724
2447000	56.66085640547516
2447500	56.66711699540665
2448000	56.6712591512008
2448500	56.66846725185686
2449000	56.66720674011666
2449500	56.66729663327844
2450000	56.66392236783502
2450500	56.672693906190965
2451000	56.67084901714764
2451500	56.67093815336885
2452000	56.66369962777148
2452500	56.664374418510576
2453000	56.6656331306704
2453500	56.65610890221713
2454000	56.65912092058102
2454500	56.65575448948525
2455000	56.65373632886159
2455500	56.65364934015621
2456000	56.65701783911141
2456500	56.65962229610585
2457000	56.65240094745909
2457500	56.65980435689393
2458000	56.6562634524322
2458500	56.652724167148605
2459000	56.6512928774086
2459500	56.65196816519682
2460000	56.651299076600495
2460500	56.65542311155309
2461000	56.65282760288605
2461500	56.64929342861748
2462000	56.658787504364874
2462500	56.65811770708847
2463000	56.656687564606855
2463500	56.65409446599465
2464000	56.651502341747516
2464500	56.645467718563836
2465000	56.64556113004051
2465500	56.64641424911815
2466000	56.64632919879317
2466500	56.6512039470156
2467000	56.65245831322717
2467500	56.651791098781814
2468000	56.64424674419851
2468500	56.6443402545211
2469000	56.64903234447197
2469500	56.64626879661494
2470000	56.65305576009104
2470500	56.64971222058627
2471000	56.6463700234192
2471500	56.64838105432165
2472000	56.65248682344758
2472500	56.65257864326985
2473000	56.64714377406932
2473500	56.64456268884195
2474000	56.64657211981875
2474500	56.649917143315335
2475000	56.64466476042863
2475500	56.638657707362036
2476000	56.640666737899345
2476500	56.649529278226616
2477000	56.647530040053404
2477500	56.65104854965093
2478000	56.64562452454991
2478500	56.647051759337096
2479000	56.648301071252284
2479500	56.64381369044443
2480000	56.64506321011362
2480500	56.64422371841877
2481000	56.6395627832578
2481500	56.63814702276241
2482000	56.639573617588276
2482500	56.64024512089523
2483000	56.64566656455201
2483500	56.64558226246754
2484000	56.64341250399404
2484500	56.644659780641035
2485000	56.642667979718674
2485500	56.64732962558876
2486000	56.645914810971874
2486500	56.653810347120626
2487000	56.656383799164956
2487500	56.65381547460782
2488000	56.656963993779655
2488500	56.64815159327079
2489000	56.64257625677542
2489500	56.63660392896516
2490000	56.6351938169794
2490500	56.632456617852064
2491000	56.631047985664026
2491500	56.62906436629065
2492000	56.626330175410665
2492500	56.62434831058224
2493000	56.62028993196016
2493500	56.61888533807169
2494000	56.6235350267805
2494500	56.63405969990987
2495000	56.642105542155896
2495500	56.645246770453795
2496000	56.650637841274886
2496500	56.656026912837895
2497000	56.65461671897138
2497500	56.66322450816851
2498000	56.65916611515552
2498500	56.657756133710926
2499000	56.65387668695422
2499500	56.64867582083234
2500000	56.65141254893662
2500500	56.64868295779117
2501000	56.65124272871497
2501500	56.64794131253718
2502000	56.65596215094689
2502500	56.65644901302751
2503000	56.656714840550606
2503500	56.65794965264019
2504000	56.65315392639738
2504500	56.650604000264046
2505000	56.64937499175016
2505500	56.65531712724682
2506000	56.65936559877554
2506500	56.659850933315745
2507000	56.654488861924804
2507500	56.65251331821298
2508000	56.65317530421484
2508500	56.64856457438114
2509000	56.65129151291512
2509500	56.65138219095054
2510000	56.65318596777805
2510500	56.649149841294935
2511000	56.64774896962196
2511500	56.64634868810806
2512000	56.64964329902335
2512500	56.65162062930161
2513000	56.653422098255405
2513500	56.64996119595386
2514000	56.64799179357689
2514500	56.64882776031873
2515000	56.64685930639182
2515500	56.64957939011567
2516000	56.64949537426409
2516500	56.65146956418915
2517000	56.66789270420093
2517500	56.66649155525203
2518000	56.666579127054995
2518500	56.67716948930025
2519000	56.681192901396614
2519500	56.68521483503503
2520000	56.685867240497025
2520500	56.68595117215685
2521000	56.68266834553134
2521500	56.68537557700377
2522000	56.68414842008653
2522500	56.686854386240896
2523000	56.68077744721563
2523500	56.67806648584195
2524000	56.67347901273385
2524500	56.682733869488914
2525000	56.68019905709796
2525500	56.67373713567444
2526000	56.67626652703234
2526500	56.67674427735678
2527000	56.67347099002905
2527500	56.67469059891677
2528000	56.67329374525859
2528500	56.6778694634427
2529000	56.67908740275871
2529500	56.674509803921566
2530000	56.67237345949266
2530500	56.67489840983628
2531000	56.67515840355346
2531500	56.67580982236154
2532000	56.67572085248642
2532500	56.67580624102363
2533000	56.67776254813654
2533500	56.67710780475071
2534000	56.672538657271474
2534500	56.66910191514899
2535000	56.67236229407698
2535500	56.66836195766989
2536000	56.67348987600881
2536500	56.67153322731183
2537000	56.66697076724576
2537500	56.66892525800063
2538000	56.66045675425683
2538500	56.66314980527009
2539000	56.66770849611918
2539500	56.6659288290517
2540000	56.665842196388816
2540500	56.661113569513496
2541000	56.66623292127522
2541500	56.67135014180522
2542000	56.67590171823987
2542500	56.67134831460674
2543000	56.677198320136256
2543500	56.67858303542411
2544000	56.679230569274765
2544500	56.67987785069196
2545000	56.67792646485644
2545500	56.674503487601804
2546000	56.67627655706197
2546500	56.67302873316974
2547000	56.68276345509775
2547500	56.68397144711227
2548000	56.68202167001881
2548500	56.68007265179035
2549000	56.68015669183075
2549500	56.668957736250334
2550000	56.6677471636953
2550500	56.66969147005445
2551000	56.66960443776246
2551500	56.66727140783745
2552000	56.668653312948614
2552500	56.66986191352108
2553000	56.66386064883766
2553500	56.6735724459407
2554000	56.67421839601269
2554500	56.66968677193891
2555000	56.66183549873182
2555500	56.659895718777086
2556000	56.666451070435286
2556500	56.66248496527464
2557000	56.66959760008275
2557500	56.66489987460086
2558000	56.66020421351945
2558500	56.65641476274165
2559000	56.6565027520091
2559500	56.65400713067742
2560000	56.65594689191109
2560500	56.657713961055734
2561000	56.656510625112965
2561500	56.653845160957225
2562000	56.657805079496185
2562500	56.66141976105076
2563000	56.662065762825556
2563500	56.658111611230765
2564000	56.65579182194483
2564500	56.65901706977464
2565000	56.65764372260892
2565500	56.65846145915224
2566000	56.66022419791265
2566500	56.662157809983896
2567000	56.660784894578896
2567500	56.66142989595138
2568000	56.65932820928765
2568500	56.66310545894528
2569000	56.65988880881293
2569500	56.65997580997967
2570000	56.65804741872821
2570500	56.65942094228716
2571000	56.65436401280848
2571500	56.65758074470274
2572000	56.656939748814125
2572500	56.65629900007711
2573000	56.64833470394737
2573500	56.6456834532374
2574000	56.64577285688597
2574500	56.64569153717734
2575000	56.64432632308759
2575500	56.65340179717586
2576000	56.65019572611178
2576500	56.65084049788271
2577000	56.65020206555905
2577500	56.64828116983068
2578000	56.65166147256101
2578500	56.64773237251407
2579000	56.64837700630737
2579500	56.6508587541656
2580000	56.650221054654956
2580500	56.64740624959963
2581000	56.64348204793196
2581500	56.64395666316625
2582000	56.648612658292684
2582500	56.646695854776354
2583000	56.64806471431497
2583500	56.64853797427859
2584000	56.6453428863869
2584500	56.64325824731059
2585000	56.64317777806197
2585500	56.643097341738155
2586000	56.64391092020148
2586500	56.642722020553194
2587000	56.642087641052505
2587500	56.63561909872615
2588000	56.63609422104133
2588500	56.635461500146874
2589000	56.632998352763906
2589500	56.63764267293109
2590000	56.644668819647435
2590500	56.65352170195388
2591000	56.655438166692186
2591500	56.65407970607747
2592000	56.653444383505736
2592500	56.65153408656176
2593000	56.65017721906316
2593500	56.64189473415849
2594000	56.64198411990364
2594500	56.642625958867455
2595000	56.643267552520605
2595500	56.641913665949126
2596000	56.64111249777144
2596500	56.63865546218487
2597000	56.63730332501655
2597500	56.63539982945361
2598000	56.63349706054513
2598500	56.63486005089059
2599000	56.63478172382212
2599500	56.63741574462673
2600000	56.63568276896863
2600500	56.63831572523742
2601000	56.635143380109824
2601500	56.638877592517275
2602000	56.636976989441315
2602500	56.63579658777647
2603000	56.627929129357966
2603500	56.63619047619047
2604000	56.639370278677085
2604500	56.64127951256665
2605000	56.635404901201824
2605500	56.63858295691011
2606000	56.630342395372146
2606500	56.63098348595926
2607000	56.63217428796064
2607500	56.63082891700687
2608000	56.62893432544461
2608500	56.623788099613456
2609000	56.622445230040164
2609500	56.62633812630645
2610000	56.63006168382921
2610500	56.62745197360923
2611000	56.623577225478904
2611500	56.62746686583034
2612000	56.63190401458006
2612500	56.63182669433618
2613000	56.62938690822601
2613500	56.628045232614035
2614000	56.62851723047739
2614500	56.636742951068406
2615000	56.63468466760211
2615500	56.63460687789896
2616000	56.6359604230638
2616500	56.63445139283684
2617000	56.633825944170766
2617500	56.6299598413861
2618000	56.63438592947059
2618500	56.63304593710946
2619000	56.63494547657512
2619500	56.640082780203414
2620000	56.63748076001111
2620500	56.63866394207725
2621000	56.63534901317864
2621500	56.634010414696576
2622000	56.63519356587291
2622500	56.63637623986993
2623000	56.63520546391623
2623500	56.634748645583976
2624000	56.637357653935304
2624500	56.64193861229013
2625000	56.6382491090655
2625500	56.63942991677893
2626000	56.63574224896464
2626500	56.643383047007745
2627000	56.63827056410514
2627500	56.640708543535425
2628000	56.640084526175436
2628500	56.63765782987071
2629000	56.63255041995675
2629500	56.63712364070652
2630000	56.63650075414781
2630500	56.64396300392078
2631000	56.64710834139538
2631500	56.641626048942264
2632000	56.64477072055665
2632500	56.64414697239872
2633000	56.637790332705585
2633500	56.63269148695805
2634000	56.632236850362084
2634500	56.634125530152836
2635000	56.62526659139381
2635500	56.62322676132302
2636000	56.621897846832944
2636500	56.62378695554051
2637000	56.625675353816455
2637500	56.62489033713498
2638000	56.62067842061076
2638500	56.62006063795134
2639000	56.625706161612364
2639500	56.6227487914235
2640000	56.62409216128225
2640500	56.620427172797164
2641000	56.621061723140855
2641500	56.621153148192185
2642000	56.61928476688606
2642500	56.616708784747416
2643000	56.616800920598386
2643500	56.62064480628298
2644000	56.62057065693066
2644500	56.621912191219124
2645000	56.624503162262826
2645500	56.62334416395901
2646000	56.6263103314717
2646500	56.62764987320583
2647000	56.623827544431535
2647500	56.62196248844934
2648000	56.616894304477015
2648500	56.61877597892976
2649000	56.6113794351467
2649500	56.60951810536298
2650000	56.60711612355907
2650500	56.59956094397046
2651000	56.59753831572909
2651500	56.59194055159343
2652000	56.590084643288996
2652500	56.594296824368115
2653000	56.598671667642776
2653500	56.59752071263938
2654000	56.6011883260049
2654500	56.6055594301086
2655000	56.59980326970727
2655500	56.60060254463063
2656000	56.601777401608125
2656500	56.60544065307748
2657000	56.605909797822704
2657500	56.60475935762356
2658000	56.60468876313662
2658500	56.60407858741606
2659000	56.59903525784474
2659500	56.603562505438234
2660000	56.59727831976635
2660500	56.60164015904573
2661000	56.60049196213382
2661500	56.60274244833068
2662000	56.60283635099223
2662500	56.60595224792342
2663000	56.60215747855556
2663500	56.60812907229289
2664000	56.61140616468954
2664500	56.61009379187137
2665000	56.60452250710131
2665500	56.60126990426112
2666000	56.60314193252408
2666500	56.60290818034189
2667000	56.604779138366965
2667500	56.60293188267512
2668000	56.61083304425393
2668500	56.61108908928748
2669000	56.615434155282806
2669500	56.611109735258424
2670000	56.6117390712243
2670500	56.6136059810863
2671000	56.61493527387936
2671500	56.603726892523945
2672000	56.602419773857534
2672500	56.60111317254174
2673000	56.60104370192664
2673500	56.600437680048465
2674000	56.60300389393659
2674500	56.60417001396596
2675000	56.60356374959839
2675500	56.60102295470831
2676000	56.59477753897082
2676500	56.595944377207495
2677000	56.59958019508581
2677500	56.6039133386828
2678000	56.60437905753992
2678500	56.60060712258447
2679000	56.60000246752125
2679500	56.59993339007512
2680000	56.59986433989024
2680500	56.596794081381006
2681000	56.60358749922949
2681500	56.60051768766178
2682000	56.600611258996345
2682500	56.5975430944196
2683000	56.597102449120385
2683500	56.600194612437946
2684000	56.605214221499736
2684500	56.607769500707995
2685000	56.604331072180436
2685500	56.601265355358066
2686000	56.60505070394801
2686500	56.61306000910534
2687000	56.6124547892626
2687500	56.60553731104633
2688000	56.60300790713117
2688500	56.59679104936374
2689000	56.599877074370006
2689500	56.60119954771152
2690000	56.60305484215829
2690500	56.59929971128448
2691000	56.59362256178451
2691500	56.59126077665611
2692000	56.58927102390629
2692500	56.58797677359162
2693000	56.59175432351822
2693500	56.58923290260035
2694000	56.58634143947388
2694500	56.58259525503569
2695000	56.585676965155216
2695500	56.57964118851705
2696000	56.57904416272284
2696500	56.58686671815051
2697000	56.594847660367186
2697500	56.58812140817802
2698000	56.58192955589586
2698500	56.586925366552755
2699000	56.58126775742139
2699500	56.58067122968985
2700000	56.57746547840564
2700500	56.57846424987149
2701000	56.57856093979442
2701500	56.581104558690384
2702000	56.58173188662858
2702500	56.58044395523757
2703000	56.57671097198615
2703500	56.57648626511327
2704000	56.573286398748415
2704500	56.57391453116789
2705000	56.58118196146469
2705500	56.583029977278834
2706000	56.57807958181685
2706500	56.57870636073902
2707000	56.58246547914098
2707500	56.58134055980762
2708000	56.57830501855107
2708500	56.57787160307021
2709000	56.579188170271955
2709500	56.57127522018103
2710000	56.57556132840609
2710500	56.56887132962638
2711000	56.57506522640268
2711500	56.57187435244213
2712000	56.58225071294514
2712500	56.58409387222947
2713000	56.58349982944301
2713500	56.57872298959779
2714000	56.57447663585546
2714500	56.5737245829782
2715000	56.57260420724582
2715500	56.57079565233267
2716000	56.568827881619946
2716500	56.562682499513336
2717000	56.55950078458562
2717500	56.564464930737145
2718000	56.565091563510784
2718500	56.57179677336997
2719000	56.568615534216605
2719500	56.571671629094
2720000	56.574039197579616
2720500	56.5696445491873
2721000	56.5725390174288
2721500	56.574377656344865
2722000	56.5755287375859
2722500	56.572510651727946
2723000	56.56759348034516
2723500	56.572385424629616
2724000	56.570582811665936
2724500	56.568094706710006
2725000	56.56924569488236
2725500	56.566918059024665
2726000	56.56928112498485
2726500	56.57370035029029
2727000	56.57000206013161
2727500	56.56941381733589
2728000	56.56967024446975
2728500	56.564237351776256
2729000	56.56728347219531
2729500	56.56637811005509
2730000	56.56994831196814
2730500	56.57057100670491
2731000	56.57171898066359
2731500	56.57391725139124
2732000	56.5733293014817
2732500	56.5746350784264
2733000	56.57110382936532
2733500	56.57829519215658
2734000	56.57770686779317
2734500	56.57280966767372
2735000	56.569281330046884
2735500	56.56612024498375
2736000	56.567266929961235
2736500	56.570303820702314
2737000	56.57349833987323
2737500	56.56981446385244
2738000	56.57164236748093
2738500	56.569849525165615
2739000	56.57047028448713
2739500	56.576963439200036
2740000	56.575694352319736
2740500	56.57269636096173
2741000	56.57399816752664
2741500	56.57445910926294
2742000	56.56784767413835
2742500	56.56914957707786
2743000	56.5697695430616
2743500	56.57211683227943
2744000	56.57394026974952
2744500	56.56801598959713
2745000	56.569316704386765
2745500	56.57182061096266
2746000	56.57243943824687
2746500	56.57305804215997
2747000	56.57487940139786
2747500	56.577744635812564
2748000	56.57475438617588
2748500	56.569882777276824
2749000	56.56757503996923
2749500	56.56406619953608
2750000	56.55867720925761
2750500	56.56342360093232
2751000	56.56216216216217
2751500	56.556776556776555
2752000	56.5537944284342
2752500	56.55561558316826
2753000	56.55331356756172
2753500	56.55341262316528
2754000	56.55283304134968
2754500	56.55277491182187
2755000	56.55459463349687
2755500	56.555735444024705
2756000	56.55463494766124
2756500	56.55869377577443
2757000	56.5575931918974
2757500	56.555658082375636
2758000	56.55320321579622
2758500	56.55262464361868
2759000	56.55220323148603
2759500	56.552302257349865
2760000	56.55172413793104
2760500	56.54994912312205
2761000	56.548331498061
2761500	56.544164283235396
2762000	56.549050576115434
2762500	56.54915002811307
2763000	56.54805334609174
2763500	56.55652423492269
2764000	56.5576612662163
2764500	56.55521153363379
2765000	56.55702435875983
2765500	56.554056476380545
2766000	56.54989485757981
2766500	56.55118862740414
2767000	56.55674068057762
2767500	56.557200859804155
2768000	56.555429526595425
2768500	56.55672146020604
2769000	56.55562584295143
2769500	56.55266235471014
2770000	56.55156779458789
2770500	56.549280652780766
2771000	56.55363255764024
2771500	56.559175690502315
2772000	56.56098346190993
2772500	56.56076771770877
2773000	56.56070845401128
2773500	56.5648982315649
2774000	56.56566860084119
2774500	56.56270847231488
2775000	56.560940459033574
2775500	56.560520173391126
2776000	56.55435170853673
2776500	56.55496696625201
2777000	56.55609907047048
2777500	56.55552382312342
2778000	56.55546566411269
2778500	56.556753027383245
2779000	56.55922930542341
2779500	56.560876131134286
2780000	56.556217379415294
2780500	56.562102535452354
2781000	56.56814157188529
2781500	56.5683932836619
2782000	56.56967695177445
2782500	56.571632216678545
2783000	56.57529040074114
2783500	56.57352539514778
2784000	56.57227663995251
2784500	56.566795660122025
2785000	56.56265948229821
2785500	56.56327131194229
2786000	56.56609996559456
2786500	56.56129529683886
2787000	56.5576783956547
2787500	56.55406286683188
2788000	56.55890268046615
2788500	56.55544360813134
2789000	56.55368570751362
2789500	56.55141360760244
2790000	56.55424056106432
2790500	56.55469749372246
2791000	56.55937662829804
2791500	56.55828932723958
2792000	56.5546795463693
2792500	56.55477700975287
2793000	56.55590267916312
2793500	56.55414758811628
2794000	56.548689315794455
2794500	56.54981549815498
2795000	56.546520978194025
2795500	56.540553322298415
2796000	56.541166735622674
2796500	56.54347543463616
2797000	56.541724765438516
2797500	56.55060786143831
2798000	56.54243694997342
2798500	56.54726050856866
2799000	56.548898283069214
2799500	56.550690074497346
2800000	56.551300816846876
2800500	56.550063730349805
2801000	56.54815986029333
2801500	56.547436472170446
2802000	56.5426623575759
2802500	56.54158215010142
2803000	56.53629835752437
2803500	56.539780965966024
2804000	56.53803540699182
2804500	56.54351540863827
2805000	56.53941322021916
2805500	56.547605023207595
2806000	56.545859294943526
2806500	56.544780074191834
2807000	56.54354711471665
2807500	56.54231461970405
2808000	56.53704008851016
2808500	56.54051636894255
2809000	56.5417921686747
2809500	56.54306754817306
2810000	56.53748897383123
2810500	56.53508307757434
2811000	56.533342738901425
2811500	56.53431130545172
2812000	56.538958749559285
2812500	56.53486869161624
2813000	56.53665413533835
2813500	56.534915134785926
2814000	56.534708113630764
2814500	56.534808082942924
2815000	56.538940151675234
2815500	56.53551809944128
2816000	56.53245396829122
2816500	56.535564264426355
2817000	56.53500076254384
2817500	56.52959253090619
2818000	56.527857586809425
2818500	56.529640746646656
2819000	56.531423279368845
2819500	56.53371464738218
2820000	56.53330520789387
2820500	56.53258971985612
2821000	56.52499882854599
2821500	56.526118528929494
2822000	56.525048598262174
2822500	56.52265542676501
2823000	56.52209540532631
2823500	56.536242231299525
2824000	56.53700322988344
2824500	56.537611007757384
2825000	56.53537043319569
2825500	56.53480864601853
2826000	56.5295692951784
2826500	56.53083893598363
2827000	56.52809277747901
2827500	56.52738004792239
2828000	56.52448287951385
2828500	56.525904980019156
2829000	56.5318472825833
2829500	56.530779114589414
2830000	56.53204708960104
2830500	56.534482355963476
2831000	56.537424258344714
2831500	56.53919783349676
2832000	56.54563915829278
2832500	56.5510642270351
2833000	56.551160891377904
2833500	56.55242405860669
2834000	56.55018778138049
2834500	56.55028454146842
2835000	56.550887870626234
2835500	56.546675370698495
2836000	56.54662004662004
2836500	56.54904794089543
2837000	56.5443318187114
2837500	56.548430310443244
2838000	56.555009434182026
2838500	56.55211766212895
2839000	56.546239914308
2839500	56.545678897373804
2840000	56.548609737077946
2840500	56.550528324721874
2841000	56.56175461050672
2841500	56.55835921776661
2842000	56.55663340079558
2842500	56.555060648702714
2843000	56.55267839493972
2843500	56.551106770833336
2844000	56.54655352783913
2844500	56.550137139138116
2845000	56.54942424559324
2845500	56.556843792839054
2846000	56.5546159921944
2846500	56.55587299375189
2847000	56.554807245703664
2847500	56.56070773446026
2848000	56.5601457939152
2848500	56.558927638832465
2849000	56.55786212418339
2849500	56.563101840035266
2850000	56.560876020786935
2850500	56.558650924358055
2851000	56.56156870020988
2851500	56.559847887585214
2852000	56.56508282425493
2852500	56.562203008738784
2853000	56.5657736163901
2853500	56.56768123834131
2854000	56.561175080508775
2854500	56.56293070499531
2855000	56.56518869344696
2855500	56.56165699929376
2856000	56.562254016761585
2856500	56.55922689659163
2857000	56.55750983568618
2857500	56.55413378994377
2858000	56.55769942624468
2858500	56.554826920185505
2859000	56.554268137561
2859500	56.55290418054014
2860000	56.55812555628764
2860500	56.559877955758964
2861000	56.557509648494374
2861500	56.56157214321199
2862000	56.56332301436954
2862500	56.56326511756825
2863000	56.55858851785137
2863500	56.558682952735
2864000	56.5638959749749
2864500	56.56152985031564
2865000	56.56493394103733
2865500	56.56141484292982
2866000	56.56266220658631
2866500	56.56390916744514
2867000	56.56385125396368
2867500	56.5591819324195
2868000	56.55927612241369
2868500	56.5725481157082
2869000	56.5726401179941
2869500	56.570427890043554
2870000	56.56591254665254
2870500	56.56930943935136
2871000	56.56234167012114
2871500	56.553725002590404
2872000	56.555471142113866
2872500	56.556716692753895
2873000	56.55435883273498
2873500	56.546749347108296
2874000	56.54554447473458
2874500	56.545490092348736
2875000	56.54148652377886
2875500	56.544382235609255
2876000	56.54432809572524
2876500	56.54377456501253
2877000	56.542571527059636
2877500	56.5423674294642
2878000	56.53886795920242
2878500	56.54241025287673
2879000	56.54630001722257
2879500	56.54854151599683
2880000	56.55158165373491
2880500	56.55297466030114
2881000	56.5460345144116
2881500	56.54613037193401
2882000	56.540839383824824
2882500	56.536048898521805
2883000	56.53355346885426
2883500	56.53579411933284
2884000	56.542618422711485
2884500	56.54141886394628
2885000	56.54315895602758
2885500	56.54081422254805
2886000	56.53747480300532
2886500	56.53791982044911
2887000	56.539509536784735
2887500	56.53910873521903
2888000	56.53169134982947
2888500	56.534575289796194
2889000	56.53223499799782
2889500	56.532183342675104
2890000	56.53605983668428
2890500	56.53551050278435
2891000	56.53446442658374
2891500	56.537195372868176
2892000	56.541714285714285
2892500	56.54573501685425
2893000	56.546177397980166
2893500	56.54676916399192
2894000	56.54115416680943
2894500	56.54224282631285
2895000	56.54382720277644
2895500	56.53806643077274
2896000	56.53344897633122
2896500	56.53647348783076
2897000	56.53428861533547
2897500	56.53815444279685
2898000	56.538101863467375
2898500	56.538049303322616
2899000	56.53849223087358
2899500	56.54478309435339
2900000	56.547157769977666
2900500	56.546757671403014
2901000	56.55012133018901
2901500	56.54828348178691
2902000	56.548229131078465
2902500	56.54198690577854
2903000	56.53738003893398
2903500	56.53732770297187
2904000	56.537918790968675
2904500	56.54063648465678
2905000	56.537665233317405
2905500	56.535338140624646
2906000	56.53785793890873
2906500	56.538942581011945
2907000	56.534342814269145
2907500	56.53201791275488
2908000	56.537154675727585
2908500	56.53902965572094
2909000	56.542533854403345
2909500	56.53808582657489
2910000	56.536552679696996
2910500	56.536007085594896
2911000	56.53432635869257
2911500	56.54513258263712
2912000	56.54231594239085
2912500	56.54063499988653
2913000	56.546896450006244
2913500	56.54585672962396
2914000	56.544176023590786
2914500	56.54653905470381
2915000	56.53968253968253
2915500	56.54253811710027
2916000	56.53957747755916
2916500	56.545683237203825
2917000	56.546910936632564
2917500	56.54119326227075
2918000	56.5372505493012
2918500	56.532028852577824
2919000	56.52744913786272
2919500	56.53547050633341
2920000	56.532023495591744
2920500	56.532120265698026
2921000	56.52867503139603
2921500	56.52296867753357
2922000	56.52454195883284
2922500	56.52414822521005
2923000	56.520215267727934
2923500	56.52193572454021
2924000	56.521395149076604
2924500	56.524097406633146
2925000	56.520805793761085
2925500	56.524293121561634
2926000	56.52277039848197
2926500	56.52335941999526
2927000	56.52281914052797
2927500	56.52453686456463
2928000	56.52335857873292
2928500	56.52860850919761
2929000	56.52355430183357
2929500	56.52316162368285
2930000	56.525368285694945
2930500	56.52129783130899
2931000	56.51722893739852
2931500	56.51943542568543
2932000	56.5238954012624
2932500	56.53011776638305
2933000	56.53521126760563
2933500	56.53804990705796
2934000	56.53799799506651
2934500	56.53471479249957
2935000	56.53417407949555
2935500	56.53701097663946
2936000	56.54209815398469
2936500	56.53964752751581
2937000	56.5413567675222
2937500	56.53920145803099
2938000	56.53753571348226
2938500	56.53763102253813
2939000	56.542077092610086
2939500	56.542513125498886
2940000	56.54309608380919
2940500	56.546414924702184
2941000	56.545873363672115
2941500	56.54596726173757
2942000	56.547037349059245
2942500	56.54986522911051
2943000	56.54981135465326
2943500	56.54702428399816
2944000	56.546336206896555
2944500	56.54628299515173
2945000	56.54925547314205
2945500	56.5471048232377
2946000	56.54705149920917
2946500	56.544267737376906
2947000	56.54597037352681
2947500	56.544308906628395
2948000	56.5464980719218
2948500	56.547078668056436
2949000	56.549413359929176
2949500	56.55208730140946
2950000	56.546432172062275
2950500	56.54589236713894
2951000	56.54919877716935
2951500	56.544666748771235
2952000	56.5474857833699
2952500	56.54470771262605
2953000	56.54703953626302
2953500	56.548884463042945
2954000	56.54897749138586
2954500	56.550675033276285
2955000	56.55237200563646
2955500	56.550713942280815
2956000	56.55576424291209
2956500	56.56144508282846
2957000	56.56216820340877
2957500	56.55987752958398
2958000	56.564437740908325
2958500	56.56613047363718
2959000	56.56223823085944
2959500	56.56232900423232
2960000	56.5680024117102
2960500	56.56634441492331
2961000	56.569151607826505
2961500	56.573558459529735
2962000	56.574616457461644
2962500	56.57790519962963
2963000	56.58405460872669
2963500	56.58113367457317
2964000	56.58107460223661
2964500	56.5783019709266
2965000	56.57839006665329
2965500	56.578331513138835
2966000	56.581131823195804
2966500	56.581072801203135
2967000	56.57941635108041
2967500	56.58206844326648
2968000	56.5802658828245
2968500	56.5830633759699
2969000	56.57918169271181
2969500	56.574188450795134
2970000	56.573164354144176
2970500	56.576590608208086
2971000	56.578903460473185
2971500	56.57502557942969
2972000	56.57733792950073
2972500	56.58076136262563
2973000	56.581960470441764
2973500	56.58141887010547
2974000	56.58628736526281
2974500	56.586709922561575
2975000	56.58838950478772
2975500	56.589104237241074
2976000	56.58807982320736
2976500	56.58753775093267
2977000	56.593656679137204
2977500	56.593595649037134
2978000	56.591315155752355
2978500	56.59029126213593
2979000	56.592595879696916
2979500	56.59031667683434
2980000	56.58471127080769
2980500	56.582580251704826
2981000	56.58377587334671
2981500	56.58988627042366
2982000	56.5915614713673
2982500	56.59371710344063
2983000	56.597126048371905
2983500	56.59499518128344
2984000	56.59382649049164
2984500	56.587748051027646
2985000	56.58942193779824
2985500	56.58888126286891
2986000	56.58834076746837
2986500	56.589533326693456
2987000	56.583940959736225
2987500	56.58388185187234
2988000	56.585074494795876
2988500	56.5850152059718
2989000	56.582744551696685
2989500	56.57826370540698
2990000	56.58041625678379
2990500	56.58271353896139
2991000	56.584864590124084
2991500	56.57990675887669
2992000	56.576534782512645
2992500	56.57047565406575
2993000	56.57608515618961
2993500	56.578380825154284
2994000	56.58053050456437
2994500	56.57764043703786
2995000	56.57600000000001
2995500	56.57704570779229
2996000	56.57871514295799
2996500	56.572997772239006
2997000	56.569777699364856
2997500	56.568618804021874
2998000	56.56319583765074
2998500	56.56155974121874
2999000	56.570465139343455
2999500	56.56662479892466
3000000	56.563887328288
3000500	56.569962111199224
3001000	56.56219716324553
3001500	56.56937119452121
3002000	56.579077729219186
3002500	56.57413929734966
3003000	56.578006184591345
3003500	56.57637039808111
3004000	56.57095709570957
3004500	56.567600862334466
3005000	56.572566011591206
3005500	56.57140972214586
3006000	56.571497674827675
3006500	56.574405874205816
3007000	56.57621418444393
3007500	56.57458077844443
3008000	56.5734250368059
3008500	56.572891149363414
3009000	56.57440966501922
3009500	56.578745085981595
3010000	56.57429568959839
3010500	56.57094557509495
3011000	56.570556793361945
3011500	56.574889988697095
3012000	56.56762924602826
3012500	56.56709705020898
3013000	56.56327461776384
3013500	56.57041967781201
3014000	56.57441722769237
3014500	56.57216777390427
3015000	56.57725992261402
3015500	56.577822589483375
3016000	56.577289313069116
3016500	56.573945243599155
3017000	56.57136597655822
3017500	56.574119708668746
3018000	56.57796758650898
3018500	56.574150106749876
3019000	56.58066140491073
3019500	56.58326766482795
3020000	56.58711138833262
3020500	56.58548327096873
3021000	56.583999737449545
3021500	56.588460486737766
3022000	56.5863581185271
3022500	56.58534985183646
3023000	56.58590982638737
3023500	56.58209722024857
3024000	56.58047170429955
3024500	56.58431042584113
3025000	56.58924045100952
3025500	56.588088787905264
3026000	56.58366098733071
3026500	56.58811453032521
3027000	56.58634582000415
3027500	56.58362989323843
3028000	56.57811442666608
3028500	56.57867455285529
3029000	56.57657854251455
3029500	56.568268097918576
3030000	56.57319241298823
3030500	56.573752971711485
3031000	56.57554709903937
3031500	56.571746287857316
3032000	56.56842013472564
3032500	56.57163408095207
3033000	56.56830910715453
3033500	56.57152195228239
3034000	56.57411744202512
3034500	56.57685521988195
3035000	56.583331518543524
3035500	56.58777163262639
3036000	56.592682900279755
3036500	56.588413273690975
3037000	56.59005832680422
3037500	56.586262797706475
3038000	56.58232529805935
3038500	56.578060081355645
3039000	56.58405559120023
3039500	56.57917627103901
3040000	56.58082120299608
3040500	56.576887961392984
3041000	56.57139752227776
3041500	56.575215950453625
3042000	56.57577403585008
3042500	56.57571742011166
3043000	56.57580364900087
3043500	56.57357539958304
3044000	56.5758332428618
3044500	56.57204884667571
3045000	56.572135577768364
3045500	56.57160839464375
3046000	56.57325131009342
3046500	56.57225301845242
3047000	56.57144096657339
3047500	56.5704433070183
3048000	56.57208530754302
3048500	56.571087863840866
3049000	56.575652795993804
3049500	56.581157676843205
3050000	56.582326488595115
3050500	56.58071505958829
3051000	56.576937659101986
3051500	56.58027272038038
3052000	56.57696680924793
3052500	56.57366204350321
3053000	56.56941813261164
3053500	56.56889273730923
3054000	56.565120935014335
3054500	56.565208452807326
3055000	56.56745967349324
3055500	56.569710212337874
3056000	56.572102229096146
3056500	56.5684747815555
3057000	56.56964297299051
3057500	56.56681404927407
3058000	56.56582033572208
3058500	56.571169204500016
3059000	56.577738878623826
3059500	56.57552153668313
3060000	56.571144644033744
3060500	56.57062012657408
3061000	56.570706634416034
3061500	56.58482865841808
3062000	56.59570793212142
3062500	56.59241030954539
3063000	56.58911382570035
3063500	56.58783419286624
3064000	56.58177189519217
3064500	56.58617082088506
3065000	56.57917439503084
3065500	56.581415910120114
3066000	56.57920269075699
3066500	56.58083361177878
3067000	56.58522917093253
3067500	56.58193886237029
3068000	56.58141388894874
3068500	56.586274868856165
3069000	56.585607512869665
3069500	56.587235783738386
3070000	56.58886352870247
3070500	56.59203444564047
3071000	56.586594343277795
3071500	56.5837754080897
3072000	56.58264209405157
3072500	56.58211780904436
3073000	56.580518181524866
3073500	56.574617717272076
3074000	56.576245309593695
3074500	56.57525558195285
3075000	56.57856551694487
3075500	56.579583678118915
3076000	56.580134955086606
3076500	56.58638248501385
3077000	56.59076262083781
3077500	56.58808999624121
3078000	56.590320952657066
3078500	56.58979644421541
3079000	56.58651781880636
3079500	56.588140595653336
3080000	56.587150843983736
3080500	56.587092967115495
3081000	56.58395820594514
3081500	56.58343522749212
3082000	56.586736444749484
3082500	56.5845342254246
3083000	56.58186730132184
3083500	56.58516716152337
3084000	56.58403798133085
3084500	56.58673010158159
3085000	56.590027641475075
3085500	56.585825692004455
3086000	56.59233553970397
3086500	56.59334775438521
3087000	56.59664225448628
3087500	56.59825930564922
3088000	56.59559437415709
3088500	56.5892551369863
3089000	56.58705701078583
3089500	56.585000534931
3090000	56.58187497325745
3090500	56.57754010695187
3091000	56.58022777094583
3091500	56.58719127552657
3092000	56.587738521567154
3092500	56.58889043277504
3093000	56.59203847181406
3093500	56.59351226600564
3094000	56.59498552489611
3094500	56.59659916260787
3095000	56.59440410081162
3095500	56.58961080561635
3096000	56.59122451158321
3096500	56.59390510754123
3097000	56.5895774858326
3097500	56.58905629775065
3098000	56.58306039495162
3098500	56.58833694226072
3099000	56.58888272684612
3099500	56.58882490936234
3100000	56.5901142954623
3100500	56.58685826368753
3101000	56.589535614934505
3101500	56.59661537149921
3102000	56.5966968566862
3102500	56.599974431091795
3103000	56.60158288861194
3103500	56.60226643377497
3104000	56.601603680158455
3104500	56.60168435846384
3105000	56.60162445842515
3105500	56.60429571918173
3106000	56.605901946386574
3106500	56.60903335638666
3107000	56.607306227527076
3107500	56.60997479179297
3108000	56.607184635344666
3108500	56.611376927166404
3109000	56.61344162609232
3109500	56.61504448294554
3110000	56.611794212355335
3110500	56.61339680380822
3111000	56.61439741628421
3111500	56.614796324818094
3112000	56.613812805998364
3112500	56.60904283560219
3113000	56.61262753341615
3113500	56.61150445295997
3114000	56.6077986032986
3114500	56.614705476617466
3115000	56.611460643162545
3115500	56.61472201300561
3116000	56.616321249018895
3116500	56.61958089420548
3117000	56.62542015247426
3117500	56.62231645905115
3118000	56.625573728786605
3118500	56.62279028360676
3119000	56.6219481180061
3119500	56.62612307170707
3120000	56.62440016525249
3120500	56.6249364514489
3121000	56.62123667016128
3121500	56.62329136976294
3122000	56.623827570875065
3122500	56.62118822570573
3123000	56.61960800914363
3123500	56.621062544307954
3124000	56.621598747408065
3124500	56.62107701583473
3125000	56.62175310940012
3125500	56.62546131314306
3126000	56.62765248834333
3126500	56.625614461652304
3127000	56.63294965701663
3127500	56.62865778266245
3128000	56.63236195346675
3128500	56.63138100067613
3129000	56.63508360532793
3129500	56.637588712402845
3130000	56.634953486162
3130500	56.63291700539502
3131000	56.63390793071053
3131500	56.63067684091653
3132000	56.628502084102784
3132500	56.62857806054083
3133000	56.627001708968926
3133500	56.624231365558856
3134000	56.624168222130834
3134500	56.6269506537326
3135000	56.6196470364982
3135500	56.621832440865205
3136000	56.62145213477936
3136500	56.621389506517595
3137000	56.61876264329063
3137500	56.62502106859936
3138000	56.6229908786417
3138500	56.62022557103592
3139000	56.620619946091644
3139500	56.61950480040424
3140000	56.61912530919425
3140500	56.620115553403984
3141000	56.62064901721453
3141500	56.61967385586534
3142000	56.61750783666084
3142500	56.61804145938726
3143000	56.61528107846643
3143500	56.61535873496509
3144000	56.62009734355126
3144500	56.61957915536776
3145000	56.623720548981694
3145500	56.622607014520774
3146000	56.620443323878554
3146500	56.619786360246614
3147000	56.617623893387105
3147500	56.62025662025661
3148000	56.6185502073382
3148500	56.61593366222315
3149000	56.61856535656189
3149500	56.61969170715327
3150000	56.61602702645992
3150500	56.61984537434305
3151000	56.61873446398792
3151500	56.618672595140474
3152000	56.61546526867628
3152500	56.61180417234512
3153000	56.61219826637458
3153500	56.61542008572537
3154000	56.61864095981558
3154500	56.62381745607694
3155000	56.62284606924004
3155500	56.61964160408877
3156000	56.6161224788992
3156500	56.61679248641461
3157000	56.6161383526653
3157500	56.61621553727313
3158000	56.61346868295746
3158500	56.61668532683192
3159000	56.62349347171075
3159500	56.62029288702929
3160000	56.620823092611
3160500	56.6198538100367
3161000	56.61829283593325
3161500	56.618823111259786
3162000	56.61771622680951
3162500	56.616609712512144
3163000	56.614005391511505
3163500	56.61021906960709
3164000	56.61134148761712
3164500	56.60978360765311
3165000	56.60986153749765
3165500	56.61202756316559
3166000	56.61419295571748
3166500	56.62007995240431
3167000	56.62492172824045
3167500	56.62291044931861
3168000	56.62448225855251
3168500	56.623514807590006
3169000	56.62136651404375
3169500	56.620261744616506
3170000	56.621242610336665
3170500	56.624760236844295
3171000	56.62438373583765
3171500	56.624911417733124
3172000	56.62186099822861
3172500	56.616589919363236
3173000	56.6125
3173500	56.61452257957007
3174000	56.61564094553785
3174500	56.61884136437466
3175000	56.61936934592282
3175500	56.6224303929222
3176000	56.6250390259132
3176500	56.62452525883148
3177000	56.62238220576149
3177500	56.62336041274432
3178000	56.621807138697065
3178500	56.61966558522585
3179000	56.61960409215669
3179500	56.61922928989469
3180000	56.61812852732999
3180500	56.61449889844952
3181000	56.60879232775371
3181500	56.609771553828736
3182000	56.61445457755988
3182500	56.61453140578266
3183000	56.60927894999169
3183500	56.609356506571984
3184000	56.609434040609564
3184500	56.604635232332456
3185000	56.600425465677375
3185500	56.595179547836196
3186000	56.59304750147827
3186500	56.58987895823178
3187000	56.587885135905914
3187500	56.58620546638464
3188000	56.58894636988503
3188500	56.58533045857865
3189000	56.582888531896145
3189500	56.58459242678605
3190000	56.58201485810201
3190500	56.58151002817835
3191000	56.582354525304
3191500	56.58126385120441
3192000	56.57823889993373
3192500	56.588537352989896
3193000	56.594242653223894
3193500	56.596392088676374
3194000	56.594714294583916
3194500	56.59258799428891
3195000	56.59298031467554
3195500	56.59350888443001
3196000	56.593452048561566
3196500	56.590293430385245
3197000	56.58978838658989
3197500	56.59813740994552
3198000	56.59911329743807
3198500	56.59802229822586
3199000	56.6022336325974
3199500	56.61264164781472
3200000	56.61671297109157
3200500	56.61723703504823
3201000	56.61098147727507
3201500	56.60724055702945
3202000	56.602605123547264
3202500	56.60254690305669
3203000	56.60262495356804
3203500	56.596824610813655
3204000	56.59676737253607
3204500	56.60097150459453
3205000	56.60046608509146
3205500	56.59951336192675
3206000	56.59636318654132
3206500	56.595275395778366
3207000	56.59405205993281
3207500	56.596055966535474
3208000	56.59819515411241
3208500	56.59491193737769
3209000	56.598527367282834
3209500	56.60567745389772
3210000	56.60929006753418
3210500	56.608920318273995
3211000	56.60944382693178
3211500	56.60790911616708
3212000	56.609015052524356
3212500	56.60497700782865
3213000	56.603890026022654
3213500	56.607945371713
3214000	56.61038907625237
3214500	56.61122190924605
3215000	56.618939448447414
3215500	56.61901482996413
3216000	56.619535954294165
3216500	56.62461216019068
3217000	56.62205056035501
3217500	56.623598044451754
3218000	56.62295519659892
3218500	56.62084047763278
3219000	56.62033425040036
3219500	56.62348859647322
3220000	56.62092958816104
3220500	56.62305679544405
3221000	56.62094366529532
3221500	56.61530886486265
3222000	56.61569387608586
3222500	56.61416353903894
3223000	56.61423942911045
3223500	56.61681035808379
3224000	56.61630552879194
3224500	56.62239439217856
3225000	56.6217531635842
3225500	56.62650602409639
3226000	56.62600002048698
3226500	56.62139740674738
3227000	56.62031253200074
3227500	56.619228012695814
3228000	56.61565235194759
3228500	56.61559247090613
3229000	56.614065250317246
3229500	56.608445631375915
3230000	56.615683666683715
3230500	56.616067592725194
3231000	56.6171657666503
3231500	56.61812827225131
3232000	56.61909046294782
3232500	56.619608885435945
3233000	56.62012714896053
3233500	56.61962331251979
3234000	56.62129851020784
3234500	56.620351450756026
3235000	56.62233390536896
3235500	56.62445102645286
3236000	56.62234748687784
3236500	56.61966654074308
3237000	56.61974131506682
3237500	56.62127954925897
3238000	56.622374624946424
3238500	56.62755102040816
3239000	56.62850963108064
3239500	56.62494517040528
3240000	56.62284414617479
3240500	56.62291838753429
3241000	56.624012235534025
3241500	56.618853921358735
3242000	56.62198664695989
3242500	56.62206096678523
3243000	56.620539262640875
3243500	56.620613766964176
3244000	56.62099526307747
3244500	56.61933959381557
3245000	56.61622436302165
3245500	56.61731763939234
3246000	56.615221729038566
3246500	56.61587320975967
3247000	56.61289501806523
3247500	56.61124226636275
3248000	56.60870715354014
3248500	56.60400390625
3249000	56.602046420797826
3249500	56.605481263029446
3250000	56.61165848153006
3250500	56.612616276114466
3251000	56.613573759160815
3251500	56.61683249824683
3252000	56.616197540900316
3252500	56.62020197915185
3253000	56.61607850307796
3253500	56.61716909076135
3254000	56.61260675731942
3254500	56.619349335932746
3255000	56.61871453081695
3255500	56.61922936375817
3256000	56.616124710753866
3256500	56.61708000162358
3257000	56.61137320549891
3257500	56.611754681381996
3258000	56.60922746128178
3258500	56.611197306643135
3259000	56.613166512891745
3259500	56.61020041969527
3260000	56.610142004277364
3260500	56.610791308577916
3261000	56.61174610894941
3261500	56.611247885069346
3262000	56.61061588330632
3262500	56.610996890729915
3263000	56.61036514976608
3263500	56.61044062854366
3264000	56.611089177068465
3264500	56.61001852282964
3265000	56.616032303441855
3265500	56.617691700564635
3266000	56.61864389631938
3266500	56.6216188876975
3267000	56.617951959544875
3267500	56.61657632877599
3268000	56.62069523366565
3268500	56.62279105503659
3269000	56.61824908269399
3269500	56.6202108199339
3270000	56.62129525772779
3270500	56.62123523646908
3271000	56.62376757717795
3271500	56.622697155785396
3272000	56.623208749482444
3272500	56.620824750595744
3273000	56.62089853609288
3273500	56.614915610110636
3274000	56.6129715981348
3274500	56.614055625075686
3275000	56.614263803680984
3275500	56.61289183490219
3276000	56.61340434975588
3276500	56.61895972646677
3277000	56.626530324116096
3277500	56.6280488419694
3278000	56.62610519099515
3278500	56.62920215714934
3279000	56.62813315729534
3279500	56.62719806519877
3280000	56.625692695214106
3280500	56.62909123878026
3281000	56.6317485898469
3281500	56.62765871737029
3282000	56.6277313462894
3282500	56.623073283195914
3283000	56.62415316938626
3283500	56.6222132756278
3284000	56.620273928488764
3284500	56.61474684053771
3285000	56.62028793046208
3285500	56.61764705882353
3286000	56.62060503660793
3286500	56.62010920389755
3287000	56.618608111640626
3287500	56.621697695926656
3288000	56.61848955715922
3288500	56.621009154950805
3289000	56.61605859951971
3289500	56.61713734591157
3290000	56.6172112786411
3290500	56.61916096698706
3291000	56.623687011708945
3291500	56.624328530548716
3292000	56.62239355881496
3292500	56.62076164856563
3293000	56.62327756646361
3293500	56.62121075288239
3294000	56.62258964223368
3294500	56.61694636426559
3295000	56.61845826730588
3295500	56.6179641198945
3296000	56.61703514312929
3296500	56.615973774699
3297000	56.615480223723516
3297500	56.61298243152504
3298000	56.610485390196
3298500	56.606552449654345
3299000	56.61106937139995
3299500	56.61301469336245
3300000	56.61452491587886
3300500	56.622175049314606
3301000	56.62368347282848
3301500	56.62462462462462
3302000	56.62856799711757
3302500	56.62920673678311
3303000	56.63127982950281
3303500	56.63291848413302
3304000	56.63085663985916
3304500	56.63079569548346
3305000	56.62960222386657
3305500	56.62867426514697
3306000	56.63504503333766
3306500	56.63311711027376
3307000	56.62949194547707
3307500	56.63242875984174
3308000	56.62793834104237
3308500	56.6254469904309
3309000	56.62538699690403
3309500	56.63131827531803
3310000	56.63568383534838
3310500	56.63375824790121
3311000	56.632831292231835
3311500	56.630341496517175
3312000	56.63141089602873
3312500	56.632912655260135
3313000	56.633981386348
3313500	56.634917468707926
3314000	56.636850450234846
3314500	56.635924024128826
3315000	56.6334363473233
3315500	56.635500976835054
3316000	56.63401070371441
3316500	56.63594240446416
3317000	56.63857006217121
3317500	56.645049460566035
3318000	56.64256260084862
3318500	56.6471800898308
3319000	56.65179638333466
3319500	56.64831390197035
3320000	56.6493783162275
3320500	56.64875087090674
3321000	56.64626561178285
3321500	56.647761194029854
3322000	56.64428194796797
3322500	56.643655751402534
3323000	56.642730690430255
3323500	56.63812734305858
3324000	56.64005408683721
3324500	56.63558462731375
3325000	56.63807412855709
3325500	56.63900621118012
3326000	56.64006995300033
3326500	56.63802096269435
3327000	56.634117752237536
3327500	56.63448741632402
3328000	56.63144724037259
3328500	56.62853965606259
3329000	56.62351586387643
3329500	56.62004823964981
3330000	56.61701219693737
3330500	56.620062117348205
3331000	56.62410334256035
3331500	56.623613673789265
3332000	56.62666137671097
3332500	56.620221153369364
3333000	56.616327380539225
3333500	56.61471655463684
3334000	56.61422864563198
3334500	56.61473200126863
3335000	56.61734830391739
3335500	56.61431756254645
3336000	56.61382999801863
3336500	56.61433311871627
3337000	56.61255657789178
3337500	56.60909865124477
3338000	56.60762200857451
3338500	56.61561612101652
3339000	56.61667903984162
3339500	56.61761067289516
3340000	56.61613362887904
3340500	56.61607566883015
3341000	56.62294238683128
3341500	56.62387244817217
3342000	56.6283289985067
3342500	56.62741142851493
3343000	56.62141988551542
3343500	56.62304027203891
3344000	56.622552556411044
3344500	56.621934106765224
3345000	56.626946486443764
3345500	56.62701784197112
3346000	56.6266607398627
3346500	56.630682772175525
3347000	56.62864760776182
3347500	56.63451190252861
3348000	56.636556592131896
3348500	56.63267824181465
3349000	56.63373567699338
3349500	56.63071472976841
3350000	56.63374542440776
3350500	56.630297529792436
3351000	56.628264814960936
3351500	56.62580498821488
3352000	56.62574569836809
3352500	56.62920240559992
3353000	56.626612911175286
3353500	56.63456894767448
3354000	56.63858093126386
3354500	56.632180510395116
3355000	56.63028058007566
3355500	56.62726556343578
3356000	56.626778943221545
3356500	56.62333825701625
3357000	56.62032569954513
3357500	56.624205075702385
3358000	56.62076636121145
3358500	56.61972385423125
3359000	56.61838505894161
3359500	56.621148321593004
3360000	56.61967951681602
3360500	56.619194681039396
3361000	56.61772659776377
3361500	56.61809529427959
3362000	56.61872413216803
3362500	56.61712668082095
3363000	56.62407862407862
3363500	56.62752419790694
3364000	56.62759508346515
3364500	56.62655336706125
3365000	56.62508594440625
3365500	56.618578569534606
3366000	56.62398617466271
3366500	56.61957450150702
3367000	56.626092078138804
3367500	56.6246258036021
3368000	56.627085377821395
3368500	56.623231351924176
3369000	56.62470935651287
3369500	56.6243550254066
3370000	56.62135389081778
3370500	56.61988957861395
3371000	56.6173154230807
3371500	56.61389147590804
3372000	56.617329935306806
3372500	56.61390699269858
3373000	56.62113432367812
3373500	56.620651140917246
3374000	56.622257053291534
3374500	56.61938997394558
3375000	56.62380397418445
3375500	56.6251493253432
3376000	56.625644941796146
3376500	56.62614041270214
3377000	56.62859324074346
3377500	56.62559816806443
3378000	56.623582478009446
3378500	56.62254571068001
3379000	56.62010681378015
3379500	56.61851717831611
3380000	56.61901316175464
3380500	56.62384388259909
3381000	56.6247629474672
3381500	56.623303001573596
3382000	56.623797982956766
3382500	56.62722413843644
3383000	56.62368112543963
3383500	56.624599515511456
3384000	56.621187409049625
3384500	56.618329183145356
3385000	56.61589533294279
3385500	56.614309282778684
3386000	56.61675711552727
3386500	56.61585306345519
3387000	56.61732418692246
3387500	56.61531557021181
3388000	56.61623403860973
3388500	56.61464937091583
3389000	56.614721485411145
3389500	56.61898772437867
3390000	56.62143191389799
3390500	56.622054996149686
3391000	56.62504994980654
3391500	56.62359430119472
3392000	56.62116473259088
3392500	56.615684364344865
3393000	56.61507592507816
3393500	56.61751816287178
3394000	56.61856352730389
3394500	56.61613653844282
3395000	56.61844871894712
3395500	56.61796910738445
3396000	56.61748963584344
3396500	56.61548640706794
3397000	56.616531112581235
3397500	56.61300520402705
3398000	56.61142557040322
3398500	56.61010356396169
3399000	56.60962566844919
3399500	56.608047284357475
3400000	56.606176067495454
3400500	56.60417699252651
3401000	56.60703701184495
3401500	56.60808145578905
3402000	56.60760428202288
3402500	56.60961964334279
3403000	56.61496926319061
3403500	56.61698305578482
3404000	56.61886777798274
3404500	56.621851186720384
3405000	56.62276402247867
3405500	56.626166954563985
3406000	56.62416797655781
3406500	56.62216961912338
3407000	56.62460108833771
3407500	56.62703185009893
3408000	56.62904132968717
3408500	56.63050117804473
3409000	56.63166875103006
3409500	56.634517520476905
3410000	56.63403760418686
3410500	56.629681670623576
3411000	56.63307819009786
3411500	56.630112568538934
3412000	56.62950514804878
3412500	56.62612097851982
3413000	56.62854763587772
3413500	56.627649171725395
3414000	56.626494361357146
3414500	56.62698412698413
3415000	56.62953751463714
3415500	56.63238154215329
3416000	56.637835955186624
3416500	56.637904349171954
3417000	56.64171309192201
3417500	56.64178094114462
3418000	56.63881959351008
3418500	56.639854596078735
3419000	56.63798936684389
3419500	56.6384767795873
3420000	56.63896405102435
3420500	56.634072814408285
3421000	56.63594559084937
3421500	56.64277572783648
3422000	56.64187753525207
3422500	56.65160206269193
3423000	56.650702919820795
3423500	56.64871022551745
3424000	56.65057915057915
3424500	56.649680545100075
3425000	56.65347872237769
3425500	56.65396304693907
3426000	56.65348253907003
3426500	56.65480289746038
3427000	56.65625120549319
3427500	56.654806329370246
3428000	56.653361871155596
3428500	56.655355903447216
3429000	56.65680330791992
3429500	56.65812196438208
3430000	56.656260237806165
3430500	56.658798593381185
3431000	56.666024467777675
3431500	56.66939561762582
3432000	56.67372881355932
3432500	56.67257216584183
3433000	56.67167282809612
3433500	56.667212120628754
3434000	56.66426062268418
3434500	56.66624967522782
3435000	56.664261317169384
3435500	56.66185666185666
3436000	56.66192143434265
3436500	56.66871838273481
3437000	56.66919888838672
3437500	56.66913440183061
3438000	56.66865338767977
3438500	56.67022309370705
3439000	56.67400267171537
3439500	56.6733929086192
3440000	56.67236708106758
3440500	56.67297476440696
3441000	56.67153312714909
3441500	56.66871542716656
3442000	56.668779166906724
3442500	56.66980298782596
3443000	56.66548271591901
3443500	56.668842262876005
3444000	56.668362107849255
3444500	56.67130451470518
3445000	56.67219924974336
3445500	56.67171881894749
3446000	56.67274122386342
3446500	56.67923008314871
3447000	56.67874882534568
3447500	56.68018523312336
3448000	56.68066260209363
3448500	56.6796380784419
3449000	56.678741877982866
3449500	56.678804139517055
3450000	56.67790829133692
3450500	56.676469742980586
3451000	56.684194898614024
3451500	56.68617179194959
3452000	56.69006329538164
3452500	56.69191072984384
3453000	56.69155657668007
3453500	56.69777458722183
3454000	56.69687718324417
3454500	56.694352477369726
3455000	56.69291338582677
3455500	56.69338792377745
3456000	56.6912791476175
3456500	56.69188176001989
3457000	56.69439663415567
3457500	56.69254450542096
3458000	56.69193488256493
3458500	56.68804419509305
3459000	56.68577981651376
3459500	56.68912139888204
3460000	56.689054274823015
3460500	56.692808085053535
3461000	56.69137170254628
3461500	56.68993573154311
3462000	56.6880866219171
3462500	56.68665151891241
3463000	56.69380781015836
3463500	56.6937400383672
3464000	56.69039621345141
3464500	56.69032898252042
3465000	56.688894612823525
3465500	56.694265328703885
3466000	56.689556509299
3466500	56.69193725265818
3467000	56.6952707856598
3467500	56.6962838675234
3468000	56.69580302929206
3468500	56.69599031652386
3469000	56.692523204177704
3469500	56.69217063200922
3470000	56.693468485633716
3470500	56.6906707816578
3471000	56.691428571428574
3471500	56.68837723057
3472000	56.69075433435206
3472500	56.69259107654523
3473000	56.68912873812651
3473500	56.69055300196991
3474000	56.68817081525462
3474500	56.68987955933558
3475000	56.689939882809526
3475500	56.69421644807547
3476000	56.69414886029727
3476500	56.69176792743453
3477000	56.69347478895733
3477500	56.69340734544902
3478000	56.691850795913524
3478500	56.68757126567845
3479000	56.68696618752197
3479500	56.690699419604265
3480000	56.69496998708304
3480500	56.695979183681224
3481000	56.69401241952943
3481500	56.69163510011107
3482000	56.693593552735244
3482500	56.689729791292955
3483000	56.689789992123515
3483500	56.69364556745832
3484000	56.693578225355054
3484500	56.693100111931095
3485000	56.69641586919203
3485500	56.698371755602125
3486000	56.702350587409796
3486500	56.69659363475195
3487000	56.69706334009517
3487500	56.69901808393676
3488000	56.69812930005117
3488500	56.699956413803555
3489000	56.7004253787197
3489500	56.70076726342711
3490000	56.70069895630102
3490500	56.70009374733672
3491000	56.696648362052635
3491500	56.69266741134818
3492000	56.68827788557096
3492500	56.68672874555227
3493000	56.68868156614878
3493500	56.688205409598766
3494000	56.685711042584984
3494500	56.68091626156203
3495000	56.68003177365056
3495500	56.681857720963656
3496000	56.68138288318097
3496500	56.68604376388298
3497000	56.68597782839213
3497500	56.6878017897134
3498000	56.6849012216207
3498500	56.686851129353755
3499000	56.69109868520478
3499500	56.69021400373987
3500000	56.688258956393646
3500500	56.691434020336295
3501000	56.69338166576987
3501500	56.69573753161929
3502000	56.6982191561046
3502500	56.6963906581741
3503000	56.69468897128893
3503500	56.69286138810011
3504000	56.692386054935106
3504500	56.688138374626284
3505000	56.68631241454099
3505500	56.68813230122288
3506000	56.68860062596629
3506500	56.6870575815558
3507000	56.68834228630666
3507500	56.68893642283012
3508000	56.692638898048784
3508500	56.69040620996307
3509000	56.68710616293199
3509500	56.683807048275604
3510000	56.68427545034229
3510500	56.68286069370693
3511000	56.68844372481831
3511500	56.68649523737811
3512000	56.6892527762093
3512500	56.68636380744476
3513000	56.69072058256263
3513500	56.69118753762793
3514000	56.69447605790122
3514500	56.69346875440824
3515000	56.693402036652216
3515500	56.691455056549486
3516000	56.691514462169
3516500	56.692513745946705
3517000	56.696739028286814
3517500	56.69397880177404
3518000	56.695916871793905
3518500	56.69503626047421
3519000	56.69280984361058
3519500	56.692869016425774
3520000	56.69186346776844
3520500	56.69273596154388
3521000	56.69226292172803
3521500	56.69272862090651
3522000	56.69037876797177
3522500	56.69084460125175
3523000	56.69171662585494
3523500	56.69030599801129
3524000	56.68836406610516
3524500	56.68695431995724
3525000	56.6906393871485
3525500	56.69338583415365
3526000	56.69625699528492
3526500	56.703002127639635
3527000	56.70333995576714
3527500	56.705677314168454
3528000	56.70426652176357
3528500	56.7021994079958
3529000	56.70172612413483
3529500	56.69856907401858
3530000	56.70224719101123
3530500	56.701774095398584
3531000	56.70491987419499
3531500	56.70351062734564
3532000	56.70197634376404
3532500	56.69776101947062
3533000	56.70184104176022
3533500	56.69762699815735
3534000	56.693009118541035
3534500	56.694938235816686
3535000	56.68991697209963
3535500	56.69091113063964
3536000	56.688570867724174
3536500	56.68757067955177
3537000	56.688034986730464
3537500	56.68768979210464
3538000	56.688028997963414
3538500	56.68796353378542
3539000	56.694435623961006
3539500	56.68982519049754
3540000	56.68882581416194
3540500	56.68981870460613
3541000	56.69308243025025
3541500	56.69009155304197
3542000	56.68775544482392
3542500	56.685295242715725
3543000	56.683489276752155
3543500	56.688212963222064
3544000	56.69200279785498
3544500	56.69206165667341
3545000	56.69146714402924
3545500	56.68953687821612
3546000	56.6898750104857
3546500	56.68580268774114
3547000	56.683470466002596
3547500	56.68113889613535
3548000	56.67961508723882
3548500	56.68368012219883
3549000	56.683212113874895
3549500	56.68088196953332
3550000	56.67908016013406
3550500	56.68419827786828
3551000	56.68041064398135
3551500	56.67755474282736
3552000	56.678018460622305
3552500	56.67888508484668
3553000	56.67748807010037
3553500	56.675564318864566
3554000	56.676028046943294
3554500	56.6787540678754
3555000	56.6786902924716
3555500	56.68141510661635
3556000	56.68280714146305
3556500	56.67704316312781
3557000	56.67233417881465
3557500	56.67307638714711
3558000	56.6679670084708
3558500	56.66499507810033
3559000	56.66440728326169
3559500	56.66156059973078
3560000	56.664810173582104
3560500	56.6653982161254
3561000	56.66638826247947
3561500	56.666048065324304
3562000	56.66280094632834
3562500	56.66604823747681
3563000	56.670747769306395
3563500	56.672540109431516
3564000	56.67260116464523
3564500	56.67040618596846
3565000	56.674051894357255
3565500	56.67040514612511
3566000	56.67191844300278
3566500	56.672782534563915
3567000	56.67695101500032
3567500	56.676362693148555
3568000	56.67497198114169
3568500	56.676359999259105
3569000	56.67682164584742
3569500	56.6758325695081
3570000	56.673115910500535
3570500	56.676879217305185
3571000	56.67786508222969
3571500	56.67382291975126
3572000	56.67323581388033
3572500	56.67052130070771
3573000	56.669133290167416
3573500	56.6681464217672
3574000	56.669009265595236
3574500	56.66617356090165
3575000	56.6680841622601
3575500	56.66669747751578
3576000	56.66848423796013
3576500	56.665650209297816
3577000	56.669808008574016
3577500	56.66552733923936
3578000	56.67100778630607
3578500	56.67423948578711
3579000	56.676546903422995
3579500	56.67383737570515
3580000	56.67377477452528
3580500	56.68029647132664
3581000	56.68220202113423
3581500	56.68358401771708
3582000	56.68115179864744
3582500	56.676875392051954
3583000	56.67589005718502
3583500	56.67819430995527
3584000	56.67680958967266
3584500	56.676347208777024
3585000	56.67628432628755
3585500	56.669247359398334
3586000	56.670230020642876
3586500	56.6697688132907
3587000	56.67127326331306
3587500	56.673053539187144
3588000	56.67535529745512
3588500	56.67437170195328
3589000	56.6770715357771
3589500	56.68161187269263
3590000	56.68022902590349
3590500	56.67832489645651
3591000	56.67589976717863
3591500	56.67727866620047
3592000	56.676940061640366
3592500	56.67279919050685
3593000	56.67141871694642
3593500	56.67319594265272
3594000	56.66985417164714
3594500	56.66939405918748
3595000	56.66709563554804
3595500	56.66427704863792
3596000	56.66289894228031
3596500	56.66244004630906
3597000	56.66106257292212
3597500	56.660205946924115
3598000	56.66026800885403
3598500	56.66663605557749
3599000	56.6722065615617
3599500	56.678173371770626
3600000	56.67535662486919
3600500	56.679088038769365
3601000	56.67679205631062
3601500	56.680522292876745
3602000	56.675871812985676
3602500	56.67541188126077
3603000	56.67455469337589
3603500	56.67959758256069
3604000	56.679137323943664
3604500	56.67828000366737
3605000	56.67861431701302
3605500	56.67763489546576
3606000	56.677969208211145
3606500	56.67882275326198
3607000	56.6811114877555
3607500	56.677903376509164
3608000	56.67796299688588
3608500	56.68025092724026
3609000	56.67887556084607
3609500	56.68848706797894
3610000	56.68698852089855
3610500	56.68600926247963
3611000	56.68777568314513
3611500	56.6858815994144
3612000	56.68203608153108
3612500	56.68261358750834
3613000	56.67718479901222
3613500	56.679073425454284
3614000	56.686447884567905
3614500	56.68833484187717
3615000	56.68513236799766
3615500	56.68753713267218
3616000	56.68616340705538
3616500	56.69066851858621
3617000	56.68929475290313
3617500	56.68831702704925
3618000	56.687339586967845
3618500	56.68310502283105
3619000	56.681337545884546
3619500	56.679966036392194
3620000	56.67612988032534
3620500	56.67606765057547
3621000	56.67481930349712
3621500	56.67396660279223
3622000	56.673904713245626
3622500	56.6691600379479
3623000	56.67052782312864
3623500	56.67411426747526
3624000	56.67262382376541
3624500	56.66864202033095
3625000	56.670009115770284
3625500	56.66824653189201
3626000	56.674686497521144
3626500	56.66955214360563
3627000	56.66687925363752
3627500	56.67252735239726
3628000	56.67258732978093
3628500	56.669398907103826
3629000	56.67583368240844
3629500	56.673556164583125
3630000	56.67452636945458
3630500	56.669276000801005
3631000	56.67012504778026
3631500	56.67188381531294
3632000	56.67415771228925
3632500	56.67500568569479
3633000	56.67260919393862
3633500	56.66890994743448
3634000	56.66742441463969
3634500	56.66515137739795
3635000	56.66236387106159
3635500	56.66060716233412
3636000	56.65833598400509
3636500	56.663334847796456
3637000	56.66572781043584
3637500	56.67084559758712
3638000	56.67414546412448
3638500	56.67550679357698
3639000	56.67544496912459
3639500	56.67317383211513
3640000	56.675563786904895
3640500	56.676016448353806
3641000	56.67426050809152
3641500	56.67925076230579
3642000	56.67516582431244
3642500	56.67821889969517
3643000	56.67634252539913
3643500	56.67446669569003
3644000	56.67452616305432
3644500	56.677305864858006
3645000	56.68111264234423
3645500	56.68156394194595
3646000	56.6842205443817
3646500	56.67950518827314
3647000	56.677630684752764
3647500	56.67587768969422
3648000	56.677235256816736
3648500	56.672644602648404
3649000	56.66805527883936
3649500	56.6661837411036
3650000	56.665338789700506
3650500	56.66527863272622
3651000	56.66533915026882
3651500	56.66760183534395
3652000	56.66766204269258
3652500	56.671854076942566
3653000	56.67411501822887
3653500	56.67559157681453
3654000	56.67875586748307
3654500	56.67507663926643
3655000	56.67371923542921
3655500	56.67106643040538
3656000	56.669830508474575
3656500	56.66937816341287
3657000	56.66660641989589
3657500	56.667961796676636
3658000	56.66841334947509
3658500	56.669376693766935
3659000	56.669436566287914
3659500	56.67130265154252
3660000	56.6708505277986
3660500	56.672204265154654
3661000	56.67112009821622
3661500	56.67027710082137
3662000	56.67072785524119
3662500	56.66847139505504
3663000	56.66750875166914
3663500	56.66795969364282
3664000	56.66841051359298
3664500	56.66615560826471
3665000	56.663390353210644
3665500	56.66164762737691
3666000	56.66029605322467
3666500	56.65933550864416
3667000	56.65747399917086
3667500	56.65741525041902
3668000	56.65555455446437
3668500	56.65639695151613
3669000	56.6555575571969
3669500	56.65471837455194
3670000	56.65078750439003
3670500	56.65174993922258
3671000	56.653102380352195
3671500	56.649443704317136
3672000	56.650286208013824
3672500	56.64932867787337
3673000	56.64708158252279
3673500	56.65074267001341
3674000	56.65080464526343
3674500	56.65356490767307
3675000	56.65401633152272
3675500	56.65575657303169
3676000	56.65351038866462
3676500	56.65345235205811
3677000	56.65081747665316
3677500	56.65306635991085
3678000	56.65133080531244
3678500	56.65217156924404
3679000	56.6544193609242
3679500	56.65178611527787
3680000	56.65274596973371
3680500	56.65229885057471
3681000	56.655832495331126
3681500	56.65526559119514
3682000	56.65751113025994
3682500	56.65616614164042
3683000	56.656107825806046
3683500	56.65694674980934
3684000	56.65599124435951
3684500	56.65682994429844
3685000	56.6562634524322
3685500	56.656324539536215
3686000	56.660749188588234
3686500	56.65901674615412
3687000	56.66266291389541
3687500	56.66221533111663
3688000	56.660871747078644
3688500	56.65645216207014
3689000	56.654602139363206
3689500	56.65735067540937
3690000	56.66048669514827
3690500	56.65786056508306
3691000	56.65639941978117
3691500	56.65404345607391
3692000	56.656790167661775
3692500	56.659924101389095
3693000	56.66944093931502
3693500	56.66669649328454
3694000	56.663177389483856
3694500	56.664400472322605
3695000	56.67072145399903
3695500	56.66529539072421
3696000	56.6643417922993
3696500	56.66478913535212
3697000	56.66613030107989
3697500	56.66517697533071
3698000	56.66282384693066
3698500	56.65701622703553
3699000	56.658357679559
3699500	56.66148541208841
3700000	56.665892566855426
3700500	56.666726204297426
3701000	56.66627972390146
3701500	56.664315623130705
3702000	56.66476227883809
3702500	56.66470304718042
3703000	56.66681540315024
3703500	56.6694327702974
3704000	56.66720196991596
3704500	56.66625037911902
3705000	56.66402062131524
3705500	56.664466878321974
3706000	56.66669638956014
3706500	56.66943055072618
3707000	56.6666963816112
3707500	56.66625071306331
3708000	56.66937000365396
3708500	56.668805246649555
3709000	56.66429080541696
3709500	56.66512257696693
3710000	56.670407581587575
3710500	56.668180644241986
3711000	56.67180167585328
3711500	56.67402685280815
3712000	56.67129580173058
3712500	56.67808981263074
3713000	56.67764328942684
3713500	56.67859113318028
3714000	56.68042851549987
3714500	56.68010071084777
3715000	56.683331257672535
3715500	56.68644211013173
3716000	56.69144981412639
3716500	56.691891122829176
3717000	56.68916095418456
3717500	56.69138041391082
3718000	56.690043821053656
3718500	56.68858869534304
3719000	56.68408331556124
3719500	56.68541372355643
3720000	56.68674377698417
3720500	56.68452047858875
3721000	56.68217907955736
3721500	56.67678974195039
3722000	56.674065524283044
3722500	56.676402439565706
3723000	56.67418203767154
3723500	56.67500931892007
3724000	56.67089652234873
3724500	56.67438579680055
3725000	56.67444398115702
3725500	56.67133834799887
3726000	56.67139689578714
3726500	56.67006606659868
3727000	56.66950399886507
3727500	56.668557953155194
3728000	56.669385005407136
3728500	56.67514557427612
3729000	56.67343122745761
3729500	56.67830370908575
3730000	56.67508305647841
3730500	56.67121394656651
3731000	56.668113336226675
3731500	56.669943409761146
3732000	56.666843764389185
3732500	56.673484023480036
3733000	56.6691158895548
3733500	56.66828944456738
3734000	56.671268762390255
3734500	56.66943933172873
3735000	56.67076612724844
3735500	56.6748646448919
3736000	56.67568906343984
3736500	56.67297555453356
3737000	56.67164825835891
3737500	56.66816980114415
3738000	56.66584154039288
3738500	56.67096842626312
3739000	56.67052595296384
3739500	56.667815452047044
3740000	56.663957022690326
3740500	56.66489972612422
3741000	56.660924870809595
3741500	56.6622504857799
3742000	56.66219223568476
3742500	56.66301698866245
3743000	56.66522464618997
3743500	56.66086987226454
3744000	56.664460037954015
3744500	56.66654899745834
3745000	56.66384300437668
3745500	56.658373475905634
3746000	56.65693392023853
3746500	56.656494205224995
3747000	56.65958216115633
3747500	56.65511555520285
3748000	56.65065020938946
3748500	56.652091891605984
3749000	56.64989026292826
3749500	56.65159647128291
3750000	56.652039053963556
3750500	56.65347982766065
3751000	56.651279159912605
3751500	56.65084076915624
3752000	56.648523920242376
3752500	56.64846777034167
3753000	56.6466507008523
3753500	56.64697648622714
3754000	56.6456587564256
3754500	56.65188079773284
3755000	56.64968276177653
3755500	56.649362076550815
3756000	56.6484260904756
3756500	56.64672765657988
3757000	56.65282859555305
3757500	56.65678782175867
3758000	56.6583720950681
3758500	56.661450274300186
3759000	56.65749523114655
3759500	56.656676012762254
3760000	56.65799557071044
3760500	56.66019349226295
3761000	56.66277159349493
3761500	56.65832125444723
3762000	56.66101590703476
3762500	56.660577531089714
3763000	56.66464694363217
3763500	56.66333017244407
3764000	56.665525384743695
3764500	56.66909525021726
3765000	56.667895448241964
3765500	56.666578908108015
3766000	56.664882461851654
3766500	56.663566653213785
3767000	56.666257281212715
3767500	56.66619886323767
3768000	56.66087841156248
3768500	56.661697649947385
3769000	56.663890228398586
3769500	56.660325586696004
3770000	56.65775518253934
3770500	56.655068754875074
3771000	56.66038645226307
3771500	56.661321837569766
3772000	56.662636669470146
3772500	56.659571299678525
3773000	56.658754696819734
3773500	56.65256723502263
3774000	56.654262072588764
3774500	56.65257093828523
3775000	56.65563667559571
3775500	56.65908096280088
3776000	56.65864437929374
3776500	56.65908295414771
3777000	56.66077553020228
3777500	56.65771448067115
3778000	56.657045394909474
3778500	56.655239361236944
3779000	56.65704791885274
3779500	56.652503103743726
3780000	56.65157263492841
3780500	56.65075868820362
3781000	56.65419841991191
3781500	56.657258452101125
3782000	56.66518134081239
3782500	56.664482592932345
3783000	56.66480320050313
3783500	56.6643667519673
3784000	56.66218387592566
3784500	56.66125314333613
3785000	56.663058092228184
3785500	56.660876245013405
3786000	56.661313409908175
3786500	56.66212866966872
3787000	56.6615767200384
3787500	56.662886058279526
3788000	56.66294467609959
3788500	56.66288704753598
3789000	56.6641957005189
3789500	56.671230129317486
3790000	56.67291512271677
3790500	56.67061859264941
3791000	56.67192552755672
3791500	56.67073383301378
3792000	56.670181339700406
3792500	56.672736619239714
3793000	56.673665136295924
3793500	56.67023806412836
3794000	56.668060200668904
3794500	56.6702371310883
3795000	56.66991745324091
3795500	56.67110681606463
3796000	56.67290533188248
3796500	56.67061240121157
3797000	56.66794305009225
3797500	56.6723516820104
3798000	56.67353987767424
3798500	56.673973937401044
3799000	56.67614748323461
3799500	56.677827542722966
3800000	56.67739130434782
3800500	56.67385407247687
3801000	56.673795117880246
3801500	56.67472141578151
3802000	56.67553145260816
3802500	56.67373433671076
3803000	56.6803659712749
3803500	56.679929803832984
3804000	56.67764043675025
3804500	56.67645219566426
3805000	56.67737733391229
3805500	56.67520514045066
3806000	56.67639040822351
3806500	56.67372697442664
3807000	56.67751594844421
3807500	56.674737271441344
3808000	56.67592190889371
3808500	56.68118406440866
3809000	56.68285912560722
3809500	56.680804558819695
3810000	56.68086065893658
3810500	56.68227540756157
3811000	56.681348408129296
3811500	56.68426482189454
3812000	56.68420459568861
3812500	56.68079353110943
3813000	56.68024263431543
3813500	56.68240696616558
3814000	56.68197175777527
3814500	56.67942898721458
3815000	56.677377725040486
3815500	56.67867534986837
3816000	56.681213632585205
3816500	56.682510410984996
3817000	56.68640385048218
3817500	56.685102957596534
3818000	56.6867735765779
3818500	56.682386535715835
3819000	56.68195189479148
3819500	56.68682359658457
3820000	56.6842838236439
3820500	56.67952465793707
3821000	56.67995537760405
3821500	56.681740754511424
3822000	56.68081648179688
3822500	56.680756896000275
3823000	56.67908415948555
3823500	56.67729641440461
3824000	56.68550394027374
3824500	56.68717168924523
3825000	56.68489387617591
3825500	56.67953601257568
3826000	56.682931041927546
3826500	56.68952058579718
3827000	56.688711989086706
3827500	56.68914077539991
3828000	56.68821696460169
3828500	56.69284543022353
3829000	56.69192137100254
3829500	56.69234950518115
3830000	56.6910521412057
3830500	56.69099127074492
3831000	56.687480594749374
3831500	56.68963376249321
3832000	56.688337443308214
3832500	56.683966412055796
3833000	56.683044565123694
3833500	56.682726700740375
3834000	56.682667034359135
3834500	56.680999198642
3835000	56.682662898792955
3835500	56.68949476676573
3836000	56.68819982773471
3836500	56.6912112991431
3837000	56.693360888659264
3837500	56.6932998123052
3838000	56.69409961949691
3838500	56.69071064591654
3839000	56.686719509781135
3839500	56.684565606498694
3840000	56.68462081189448
3840500	56.686281594659235
3841000	56.68498877448324
3841500	56.685903996834874
3842000	56.68498404753919
3842500	56.6857840566127
3843000	56.688418319534364
3843500	56.6857791264431
3844000	56.68448738224575
3844500	56.68405538033156
3845000	56.68373835630563
3845500	56.680241949341855
3846000	56.68018281158723
3846500	56.6806105532602
3847000	56.680436630967826
3847500	56.68123620688175
3848000	56.67994642305183
3848500	56.67828505691867
3849000	56.67773972308775
3849500	56.67693733746448
3850000	56.67393244542084
3850500	56.67361701032255
3851000	56.6756464592735
3851500	56.676074219587726
3852000	56.67269935756131
3852500	56.66798168127476
3853000	56.669267773995216
3853500	56.66921025781726
3854000	56.667924010698854
3854500	56.66846675409949
3855000	56.670494866213
3855500	56.667009443501804
3856000	56.669522748693346
3856500	56.67080745341615
3857000	56.670864064280146
3857500	56.673375872553635
3858000	56.67257576925383
3858500	56.678255210563265
3859000	56.67953800183224
3859500	56.67776702935461
3860000	56.67770844567701
3860500	56.67459733324205
3861000	56.67673560897134
3861500	56.67545090523289
3862000	56.6697749223649
3862500	56.6684914633729
3863000	56.666467101718254
3863500	56.66774988027639
3864000	56.670371953826425
3864500	56.674218783396746
3865000	56.672451081799615
3865500	56.67031351499197
3866000	56.675868080778734
3866500	56.6793420209357
3867000	56.67768863370329
3867500	56.680563149261886
3868000	56.679280094985096
3868500	56.67970551560392
3869000	56.68087068648967
3869500	56.679957991444596
3870000	56.68342823969334
3870500	56.679840547669244
3871000	56.681119095983476
3871500	56.683734425669904
3872000	56.68122941447514
3872500	56.68080096238344
3873000	56.68415440392408
3873500	56.68361167499702
3874000	56.67977178334769
3874500	56.680082541739864
3875000	56.67880193368517
3875500	56.6762998388788
3876000	56.6762416999804
3876500	56.6745928255478
3877000	56.6737965180192
3877500	56.67129625684852
3878000	56.67353928467974
3878500	56.67603714115342
3879000	56.674389288269566
3879500	56.67225917440959
3880000	56.67438731542824
3880500	56.672257745915246
3881000	56.67024229112394
3881500	56.667149022378474
3882000	56.663092137738516
3882500	56.65793011896455
3883000	56.66090922240469
3883500	56.663405504274955
3884000	56.668084382443006
3884500	56.67021050393366
3885000	56.668084020750065
3885500	56.667658687980946
3886000	56.66989746467378
3886500	56.666326634703665
3887000	56.66771498270279
3887500	56.665590155017675
3888000	56.665533650577835
3888500	56.666440090403924
3889000	56.66542068778034
3889500	56.666326894653686
3890000	56.67136620747058
3890500	56.678102549296014
3891000	56.67671407344513
3891500	56.67809963663532
3892000	56.68058809548063
3892500	56.68137837379052
3893000	56.68131980040055
3893500	56.681742199896476
3894000	56.67489628140192
3894500	56.672293714954655
3895000	56.67489418729909
3895500	56.67494975023535
3896000	56.67828402316687
3896500	56.68040223160536
3897000	56.677800573085335
3897500	56.67604726465153
3898000	56.67525511068923
3898500	56.67265516423172
3899000	56.67355827077225
3899500	56.6719194794632
3900000	56.67222932849918
3900500	56.66830416885471
3901000	56.668360433604335
3901500	56.66841668501363
3902000	56.668839800523244
3902500	56.66672310453422
3903000	56.67053216973227
3903500	56.671434495950166
3904000	56.670531188382746
3904500	56.67058714028245
3905000	56.67174280879864
3905500	56.672052242909224
3906000	56.6724744569998
3906500	56.67168445444243
3907000	56.6746433735551
3907500	56.674219621901315
3908000	56.67669833970176
3908500	56.67627443853702
3909000	56.6766957962171
3909500	56.67458191436322
3910000	56.674045659631275
3910500	56.67229872433893
3911000	56.67573320719016
3911500	56.67483108108108
3912000	56.67525229067264
3912500	56.675673393565816
3913000	56.67367425681551
3913500	56.67482694580449
3914000	56.67212478266007
3914500	56.670379934849024
3915000	56.67116699012742
3915500	56.66905716093651
3916000	56.67248753574773
3916500	56.6696470747014
3917000	56.66585137517184
3917500	56.66880302238114
3918000	56.669224348002054
3918500	56.667594068003815
3919000	56.66585178753573
3919500	56.6641099769898
3920000	56.66958822835375
3920500	56.6657959266219
3921000	56.66621730924778
3921500	56.67110339831179
3922000	56.67104664678829
3922500	56.673881370063754
3923000	56.67418909360369
3923500	56.676293034494954
3924000	56.67502904382672
3924500	56.67460711610172
3925000	56.677916459765854
3925500	56.68086037430995
3926000	56.6825976473756
3926500	56.678332856589996
3927000	56.68343483966486
3927500	56.681217565373906
3928000	56.67827227772732
3928500	56.68084963253225
3929000	56.68042745318951
3929500	56.6798930679086
3930000	56.67947112272945
3930500	56.67857292936085
3931000	56.68030823788435
3931500	56.67736568807031
3932000	56.678624536877564
3932500	56.677362991834954
3933000	56.67909758269079
3933500	56.68046795609343
3934000	56.68004635305578
3934500	56.6799885812161
3935000	56.67897918065816
3935500	56.68191547404206
3936000	56.68233319345363
3936500	56.68742237588533
3937000	56.687112446193474
3937500	56.688731720822524
3938000	56.69286714929241
3938500	56.68992820237536
3939000	56.69045682128869
3939500	56.68955917251558
3940000	56.68877392740658
3940500	56.68332187589075
3941000	56.68373890374444
3941500	56.68032821234903
3942000	56.67560546383977
3942500	56.67278348960559
3943000	56.67152599741952
3943500	56.66870512938653
3944000	56.67331177860051
3944500	56.67372970075627
3945000	56.671160722510194
3945500	56.6694297221036
3946000	56.66901078293483
3946500	56.66655505516398
3947000	56.66482532349052
3947500	56.66691772739826
3948000	56.66722450004183
3948500	56.6680052875525
3949000	56.66889744018738
3949500	56.667642507632465
3950000	56.66889688048842
3950500	56.66608129918133
3951000	56.66315490225588
3951500	56.66357335741098
3952000	56.65981208412746
3952500	56.65605175396805
3953000	56.6565822023133
3953500	56.657836902841964
3954000	56.6599268084822
3954500	56.65533287107042
3955000	56.64979368181894
3955500	56.65605973290572
3956000	56.65589431403496
3956500	56.65703693808028
3957000	56.657928570235924
3957500	56.66669449151481
3958000	56.66794644943746
3958500	56.666221584270794
3959000	56.66402436480455
3959500	56.66491460799773
3960000	56.661049751409784
3960500	56.66182897941481
3961000	56.66485968058046
3961500	56.668973741046194
3962000	56.66855656350054
3962500	56.66541619774081
3963000	56.66594425180048
3963500	56.66838911854914
3964000	56.669750077085254
3964500	56.67099956671
3965000	56.67105460483561
3965500	56.67135942953775
3966000	56.66999833416625
3966500	56.67088628678981
3967000	56.671662919477065
3967500	56.679322575810566
3968000	56.67676784495246
3968500	56.676711006043256
3969000	56.67368561227123
3969500	56.670883126393925
3970000	56.67509860373778
3970500	56.67956237780274
3971000	56.6800878477306
3971500	56.67872738615096
3972000	56.67415169660679
3972500	56.67503783657924
3973000	56.674621057795434
3973500	56.67467555681185
3974000	56.67414796342477
3974500	56.67004671110594
3975000	56.669159810521066
3975500	56.667802271764145
3976000	56.679129278830175
3976500	56.677050882658364
3977000	56.674142370628786
3977500	56.67029325537551
3978000	56.671067819270405
3978500	56.66935128986458
3979000	56.666805030924415
3979500	56.667109369812074
3980000	56.67167412251944
3980500	56.66970954356847
3981000	56.66929427872049
3981500	56.67006828118907
3982000	56.67131219617407
3982500	56.66887856668878
3983000	56.66893360094216
3983500	56.67302429720541
3984000	56.67307883652284
3984500	56.67183445394175
3985000	56.67094955858582
3985500	56.67006489792874
3986000	56.67083792586208
3986500	56.67042309540776
3987000	56.66953884902816
3987500	56.666169624070115
3988000	56.66859935393026
3988500	56.66735682636962
3989000	56.669896239617756
3989500	56.67456032855298
3990000	56.67213087609492
3990500	56.66710816046092
3991000	56.66669425660296
3991500	56.66829425736347
3992000	56.66694249069094
3992500	56.66487403301203
3993000	56.66611515552614
3993500	56.669837462260645
3994000	56.6730901241409
3994500	56.67314451106058
3995000	56.67603770464693
3995500	56.6743278547571
3996000	56.66967009167335
3996500	56.6655921710597
3997000	56.6671900696677
3997500	56.670082136541666
3998000	56.667189939933735
3998500	56.665124578679524
3999000	56.66377565770454
3999500	56.66749256689791
4000000	56.665317885661906
4000500	56.66985930378493
4001000	56.67109727806352
4001500	56.66738208053359
4002000	56.671563934101485
4002500	56.67079310060246
4003000	56.66826201046325
4003500	56.668316831683164
4004000	56.668729117683455
4004500	56.66713410157635
4005000	56.668728607365246
4005500	56.66749134092034
4006000	56.66378066378066
4006500	56.664193255833126
4007000	56.66177537426631
4007500	56.66042976896003
4008000	56.657188774879465
4008500	56.664661431078954
4009000	56.66589763026927
4009500	56.66219032946391
4010000	56.65683641695636
4010500	56.65524512387981
4011000	56.65519172486494
4011500	56.65302492568408
4012000	56.65719813922853
4012500	56.661370390799306
4013000	56.66260577524612
4013500	56.663593863172444
4014000	56.664005727876486
4014500	56.66452717158751
4015000	56.66375948263095
4015500	56.66699573851951
4016000	56.66658440885423
4016500	56.66406217872271
4017000	56.665762053964265
4017500	56.66499469629069
4018000	56.667050350248296
4018500	56.6683930582616
4019000	56.668694208354566
4019500	56.665707828230936
4020000	56.665762723007006
4020500	56.666639277585595
4021000	56.66587247467486
4021500	56.66663928433538
4022000	56.66540723461576
4022500	56.66453138858776
4023000	56.66694038429956
4023500	56.664997167324884
4024000	56.66341014884202
4024500	56.664641854509036
4025000	56.66540816494033
4025500	56.66535361990579
4026000	56.664943504911015
4026500	56.668280235964
4027000	56.668334741626126
4027500	56.66827983890151
4028000	56.66904510001722
4028500	56.670274880272906
4029000	56.67114908411093
4029500	56.66909889893665
4030000	56.6698636762331
4030500	56.66699452476968
4031000	56.66704912389975
4031500	56.669917153556824
4032000	56.67442317776612
4032500	56.67237410189821
4033000	56.675704678194904
4033500	56.67529404055958
4034000	56.673709727613705
4034500	56.67283536135995
4035000	56.671606474696446
4035500	56.66909531489198
4036000	56.6702136367357
4036500	56.665248064426365
4037000	56.66320242878536
4037500	56.66279374222688
4038000	56.662739708096076
4038500	56.664785229903394
4039000	56.662631682261335
4039500	56.66257769054629
4040000	56.66298703953555
4040500	56.66304196747583
4041000	56.66345116248651
4041500	56.66257969592938
4042000	56.66217154999795
4042500	56.661654626875425
4043000	56.66078373696768
4043500	56.662009918057564
4044000	56.66206490928547
4044500	56.6611942858543
4045000	56.65751992682608
4045500	56.65863716163801
4046000	56.65542664456764
4046500	56.65746893725407
4047000	56.66008195516954
4047500	56.660844583013656
4048000	56.663347914082394
4048500	56.66702026095258
4049000	56.66614994248044
4049500	56.662941238854316
4050000	56.6621803499327
4050500	56.66258869586493
4051000	56.66090388661459
4051500	56.661774298760605
4052000	56.661829210625015
4052500	56.664329735546346
4053000	56.66473757570324
4053500	56.66259168704156
4054000	56.662646478804376
4054500	56.659333496292675
4055000	56.6585739425145
4055500	56.662240650380014
4056000	56.66927312416512
4056500	56.665960843079134
4057000	56.66229652370056
4057500	56.65944731228322
4058000	56.659149563221014
4058500	56.65944907528002
4059000	56.667182145967466
4059500	56.666775175377204
4060000	56.66764313380854
4060500	56.66596153220295
4061000	56.6615956590005
4061500	56.66281642480641
4062000	56.66566355702678
4062500	56.66642269877285
4063000	56.66392916094094
4063500	56.67165319761297
4064000	56.669972523452614
4064500	56.66840068927399
4065000	56.6683462826306
4065500	56.667587641599894
4066000	56.66439157566303
4066500	56.6660708772728
4067000	56.66672082141929
4067500	56.66758719277441
4068000	56.667181015649746
4068500	56.666774937473605
4069000	56.664745093899946
4069500	56.66631487510047
4070000	56.66393382740903
4070500	56.66839815596389
4071000	56.668452062131756
4071500	56.66885756712675
4072000	56.670885665141334
4072500	56.66769425470122
4073000	56.66647739716583
4073500	56.66723440148584
4074000	56.66358505254963
4074500	56.662720550077836
4075000	56.66196429440093
4075500	56.66028956370888
4076000	56.6606956141133
4076500	56.66364093171025
4077000	56.66161538399203
4077500	56.66455993647398
4078000	56.664965283685355
4078500	56.66699070023654
4079000	56.668205639119066
4079500	56.66618073440562
4080000	56.665317029719006
4080500	56.66385969457984
4081000	56.666342821982575
4081500	56.66224136256193
4082000	56.67003925695091
4082500	56.66882486241502
4083000	56.66831206454276
4083500	56.669417609269054
4084000	56.664509343904214
4084500	56.665615116438964
4085000	56.661975704048785
4085500	56.66723274865151
4086000	56.66451039055551
4086500	56.66480713413697
4087000	56.66728644069167
4087500	56.66965736317563
4088000	56.66844470306792
4088500	56.66769026877636
4089000	56.66971016717706
4089500	56.66607419855222
4090000	56.66567036375827
4090500	56.66122805033682
4091000	56.66163251790892
4091500	56.66077182102279
4092000	56.65991134651562
4092500	56.65859368692985
4093000	56.65773372293883
4093500	56.65525980210167
4094000	56.656928887310755
4094500	56.661368019301065
4095000	56.66257886498959
4095500	56.66263310745402
4096000	56.660509610653584
4096500	56.66529562152702
4097000	56.669381567169594
4097500	56.6705907016497
4098000	56.67179954368454
4098500	56.67058975268435
4099000	56.67547918043622
4099500	56.672657377035975
4100000	56.673059566786996
4100500	56.67104446825826
4101000	56.669835489744294
4101500	56.675635180202676
4102000	56.676493330755854
4102500	56.67206262533523
4103000	56.67372625441895
4103500	56.67412799123965
4104000	56.677052387508155
4104500	56.67216743811632
4105000	56.67130818328893
4105500	56.67195132746924
4106000	56.67396237346508
4106500	56.673666594253625
4107000	56.668785145973956
4107500	56.666318101014326
4108000	56.6653530324843
4108500	56.66449542833707
4109000	56.66535334936117
4109500	56.66575549516811
4110000	56.664442640214155
4110500	56.66152263374485
4111000	56.661014361142136
4111500	56.66382746207251
4112000	56.665381154390026
4112500	56.665327763496144
4113000	56.67135226314309
4113500	56.67301158952365
4114000	56.67020012206482
4114500	56.667844352727684
4115000	56.66583703323084
4115500	56.66313440264599
4116000	56.664686712366155
4116500	56.662680481873565
4117000	56.66342997921565
4117500	56.66669341314482
4118000	56.670758418177
4118500	56.6711590296496
4119000	56.67190708418891
4119500	56.67436600741061
4120000	56.67727888756124
4120500	56.67412378821774
4121000	56.672920274517345
4121500	56.67206438786635
4122000	56.668804103879445
4122500	56.669551836891706
4123000	56.66789537790884
4123500	56.66909708590063
4124000	56.67029850507122
4124500	56.66944359890418
4125000	56.66789478742832
4125500	56.66760100908982
4126000	56.67029676014157
4126500	56.67125722612776
4127000	56.66765405214996
4127500	56.66485223015594
4128000	56.66685342447114
4128500	56.67069471898333
4129000	56.664132826565314
4129500	56.66567992895488
4130000	56.663333466661335
4130500	56.66842635696118
4131000	56.669972328412165
4131500	56.66602693279595
4132000	56.66402808094861
4132500	56.66477458967246
4133000	56.66448167807124
4133500	56.66602723959332
4134000	56.66642691025918
4134500	56.663523620788844
4135000	56.66861082925192
4135500	56.66890348144242
4136000	56.67249766360739
4136500	56.67278971328169
4137000	56.6760365425158
4137500	56.675183647397
4138000	56.67204240982324
4138500	56.67369160519845
4139000	56.673983318034885
4139500	56.67278531524341
4140000	56.670337387085446
4140500	56.66959227639033
4141000	56.670895063944535
4141500	56.6737930374294
4142000	56.66940520535052
4142500	56.66935168717651
4143000	56.67134495462592
4143500	56.6700420191518
4144000	56.67272553333971
4144500	56.674265854669514
4145000	56.67899384703669
4145500	56.678142233272766
4146000	56.676494023904375
4146500	56.67484623474298
4147000	56.68047478690353
4147500	56.68405750925963
4148000	56.68331222771764
4148500	56.68211572459268
4149000	56.68171575536074
4149500	56.68017483658829
4150000	56.67887279095686
4150500	56.67812853208526
4151000	56.67818031325608
4151500	56.67504894080947
4152000	56.67544578562506
4152500	56.67266015339083
4153000	56.67032599875901
4153500	56.67117403754375
4154000	56.673612547123284
4154500	56.675149105367794
4155000	56.67475052677613
4155500	56.67435204325012
4156000	56.6755435430661
4156500	56.679119306891344
4157000	56.67837614445575
4157500	56.679116338207244
4158000	56.67543322977665
4158500	56.677418329731786
4159000	56.6770198670236
4159500	56.676171338252466
4160000	56.68064423901649
4160500	56.681039616933084
4161000	56.67791496288063
4161500	56.67751667195935
4162000	56.67791228418337
4162500	56.68068894356695
4163000	56.68108408396492
4163500	56.676268241007456
4164000	56.67497104047986
4164500	56.67298675953766
4165000	56.670553427091505
4165500	56.667777037530534
4166000	56.66817341929754
4166500	56.66856970677324
4167000	56.66782950653304
4167500	56.66912423399212
4168000	56.67144906743186
4168500	56.67670603154475
4169000	56.677550244087996
4169500	56.673296512595385
4170000	56.673348598775064
4170500	56.67363817853408
4171000	56.67289808463111
4171500	56.673293361952204
4172000	56.67165585675481
4172500	56.66888382110731
4173000	56.67402991219528
4173500	56.67408187338204
4174000	56.67210208023303
4174500	56.67012275716875
4175000	56.6721007897944
4175500	56.66843383790029
4176000	56.67006875380757
4176500	56.66853892585062
4177000	56.67017346801559
4177500	56.66932938934015
4178000	56.66848552426593
4178500	56.66661395157592
4179000	56.667799906705355
4179500	56.66389975888375
4180000	56.66440067031334
4180500	56.661186810407514
4181000	56.66474367586277
4181500	56.66355863899996
4182000	56.661136130204625
4182500	56.66582402477367
4183000	56.663849416671276
4183500	56.663007337087436
4184000	56.66577168488218
4184500	56.667298338702544
4185000	56.674114368274374
4185500	56.67519221964351
4186000	56.674349219378975
4186500	56.67824165417095
4187000	56.68144944919668
4187500	56.68150041818555
4188000	56.67715951496217
4188500	56.67844690216619
4189000	56.67805112753488
4189500	56.6756311269194
4190000	56.67197628022143
4190500	56.670792957446636
4191000	56.673104970633446
4191500	56.67271007409743
4192000	56.67433831990793
4192500	56.67281382006178
4193000	56.67310192663804
4193500	56.67181418509005
4194000	56.67254880335282
4194500	56.66923973660166
4195000	56.668058060502005
4195500	56.664514198415574
4196000	56.6664829410792
4196500	56.67351614350835
4197000	56.677057749228545
4197500	56.67745007753037
4198000	56.67828838117125
4198500	56.674640771809436
4199000	56.67492820331248
4199500	56.673406289090465
4200000	56.67492625368732
4200500	56.67655086165535
4201000	56.674032888476454
4201500	56.673979539682165
4202000	56.67201308299526
4202500	56.66960158485582
4203000	56.67324335584081
4203500	56.67319013149105
4204000	56.67245593216344
4204500	56.672062359541734
4205000	56.67166887968761
4205500	56.67441787386481
4206000	56.675935526439815
4206500	56.677897944597596
4207000	56.680750141358295
4207500	56.68035586685617
4208000	56.67726612491658
4208500	56.677212457116845
4209000	56.67715880279756
4209500	56.67485538925211
4210000	56.67726113400039
4210500	56.6709300774476
4211000	56.67087723702896
4211500	56.668131040542235
4212000	56.66684968899277
4212500	56.6676862505196
4213000	56.67278345017959
4213500	56.67239067535461
4214000	56.67479438951916
4214500	56.67832113011711
4215000	56.67993980058945
4215500	56.67484383694775
4216000	56.67288372020124
4216500	56.67102860859276
4217000	56.67074088003009
4217500	56.670688142391576
4218000	56.66985211179346
4218500	56.672592987100465
4219000	56.66906824126428
4219500	56.66711038376309
4220000	56.67107725311807
4220500	56.67102451091679
4221000	56.66862353723925
4221500	56.670240825239304
4222000	56.66951002872056
4222500	56.66799690133571
4223000	56.667266510707215
4223500	56.66531065667392
4224000	56.66726636994392
4224500	56.663746715054444
4225000	56.661348848848846
4225500	56.660958502427924
4226000	56.664920524468144
4226500	56.662966321648575
4227000	56.664920933940955
4227500	56.66486904733992
4228000	56.664478517059756
4228500	56.66442669833878
4229000	56.66291643227702
4229500	56.66531256347359
4230000	56.66369842683289
4230500	56.667655971757945
4231000	56.66926981647794
4231500	56.66687489263349
4232000	56.66526131696882
4232500	56.66330983551527
4233000	56.66492338675055
4233500	56.66541787643221
4234000	56.66346701628701
4234500	56.663519386982756
4235000	56.661907325484314
4235500	56.663182038039665
4236000	56.6627924210395
4236500	56.665522727981774
4237000	56.669136283876
4237500	56.668408206551824
4238000	56.67079912360724
4238500	56.667290360807065
4239000	56.66323683020751
4239500	56.66440635692629
4240000	56.663237632095765
4240500	56.668303060055635
4241000	56.6679132968694
4241500	56.66352453588651
4242000	56.66513472039384
4242500	56.66786092591438
4243000	56.6678088592611
4243500	56.66630328136924
4244000	56.6658102289803
4244500	56.6654210845906
4245000	56.66269683736933
4245500	56.663527470560304
4246000	56.663916948123706
4246500	56.66430633476769
4247000	56.66391758994149
4247500	56.665084835424715
4248000	56.666355518217735
4248500	56.66562961810687
4249000	56.669570086480434
4249500	56.67195446274437
4250000	56.671901970236526
4250500	56.67063149629561
4251000	56.665811626985054
4251500	56.66464589939688
4252000	56.66381722101337
4252500	56.666977481467676
4253000	56.66692564680289
4253500	56.666873825023686
4254000	56.66482837901866
4254500	56.665320451085776
4255000	56.662602604623714
4255500	56.660221916808375
4256000	56.662603551214666
4256500	56.660766686850806
4257000	56.66115548517803
4257500	56.66343280686096
4258000	56.66702882242468
4258500	56.66907217294814
4259000	56.665683870767516
4259500	56.67106283941039
4260000	56.673777295116935
4260500	56.674060745199014
4261000	56.67866116574123
4261500	56.67982289493886
4262000	56.682095534932046
4262500	56.68059507105036
4263000	56.680205878705195
4263500	56.67782738095239
4264000	56.67544947303161
4264500	56.67661074735578
4265000	56.68097437009948
4265500	56.67815780299802
4266000	56.6786472292367
4266500	56.67947208625069
4267000	56.68040023543261
4267500	56.67890164010594
4268000	56.67807423695743
4268500	56.681556720265704
4269000	56.68194203616547
4269500	56.67923126339988
4270000	56.679281496443856
4270500	56.68000216669633
4271000	56.67951039103725
4271500	56.68066934342145
4272000	56.6845871204796
4272500	56.6877305880624
4273000	56.68458296276246
4273500	56.68452919479435
4274000	56.68424389565002
4274500	56.68230910173252
4275000	56.68104447845648
4275500	56.67877569948987
4276000	56.67949550217936
4276500	56.67823170778824
4277000	56.68335573995952
4277500	56.68340543881335
4278000	56.68224479548878
4278500	56.68219137876436
4279000	56.68533034714446
4279500	56.68131240202929
4280000	56.68015256566655
4280500	56.68130901005921
4281000	56.68092135733473
4281500	56.677883947453736
4282000	56.680583745572136
4282500	56.680299405818346
4283000	56.68420727755317
4283500	56.68358844587088
4284000	56.683534929647
4284500	56.67952178943308
4285000	56.680343040473836
4285500	56.67643429981493
4286000	56.676715729739314
4286500	56.67589216192671
4287000	56.67540275957759
4287500	56.675453200147984
4288000	56.68035850525196
4288500	56.680845161588614
4289000	56.67891731964958
4289500	56.67611666640987
4290000	56.67562758525069
4290500	56.67547230843878
4291000	56.6774993454187
4291500	56.677549511811996
4292000	56.68144931553256
4292500	56.679625851649405
4293000	56.68077900084674
4293500	56.683907515162716
4294000	56.684726561898756
4294500	56.68323688746614
4295000	56.68174753397043
4295500	56.68179719956916
4296000	56.68338538701786
4296500	56.68751105675673
4297000	56.68789319059265
4297500	56.691018148262074
4298000	56.697551036100116
4298500	56.69870069962328
4299000	56.69590351072744
4299500	56.69892316088022
4300000	56.70017522825786
4300500	56.69594485556861
4301000	56.695224557224634
4301500	56.693633269566156
4302000	56.69368158248511
4302500	56.69483063215301
4303000	56.69257472888698
4303500	56.689116027615015
4304000	56.689829922831805
4304500	56.68593715211399
4305000	56.68642142111404
4305500	56.68570288153026
4306000	56.68882203051607
4306500	56.69260521226632
4307000	56.69342091128129
4307500	56.68996524394454
4308000	56.689144093346535
4308500	56.68832314430578
4309000	56.682465908916605
4309500	56.67944785276073
4310000	56.67949759995092
4310500	56.6819746536536
4311000	56.684323901661216
4311500	56.688205670660196
4312000	56.688049417914
4312500	56.6902946473045
4313000	56.689806301336276
4313500	56.68745403285119
4314000	56.686302597611515
4314500	56.688215199374994
4315000	56.68749808534754
4315500	56.683615646154315
4316000	56.68619118716741
4316500	56.68537218364581
4317000	56.68269083560428
4317500	56.68230629692845
4318000	56.6849830866484
4318500	56.68459837313764
4319000	56.684213747934145
4319500	56.683497819600646
4320000	56.68191484478987
4320500	56.68229553085872
4321000	56.680381779803604
4321500	56.679564432753196
4322000	56.680378633798725
4322500	56.676503417378946
4323000	56.6761200761369
4323500	56.68032285679344
4324000	56.681467668345476
4324500	56.68228119913496
4325000	56.68113328646963
4325500	56.67965467186187
4326000	56.678074343422004
4326500	56.67888787045524
4327000	56.67883546159956
4327500	56.679546704135866
4328000	56.67763635114189
4328500	56.67715140780554
4329000	56.676437808210814
4329500	56.67671640651834
4330000	56.67905578154454
4330500	56.68063154842303
4331000	56.6810114605747
4331500	56.679102484874846
4332000	56.681440570003126
4332500	56.68487132156641
4333000	56.68677593294539
4333500	56.68715492785895
4334000	56.68710159514442
4334500	56.6839986581684
4335000	56.683945723433446
4335500	56.68094577495923
4336000	56.683611642494036
4336500	56.68551484484545
4337000	56.68350591659619
4337500	56.68040561646236
4338000	56.68426385111716
4338500	56.68192585709172
4339000	56.68002010631979
4339500	56.68029759593052
4340000	56.678392495469566
4340500	56.679862961553106
4341000	56.67904937350608
4341500	56.67866738721733
4342000	56.67676337179214
4342500	56.676280124493005
4343000	56.672423894269905
4343500	56.672474000136944
4344000	56.67361438634393
4344500	56.670849971477466
4345000	56.67166074728684
4345500	56.66975909478039
4346000	56.67079781935964
4346500	56.67041722418197
4347000	56.675028506271374
4347500	56.67345666813615
4348000	56.67198662410701
4348500	56.67269521869965
4349000	56.67122559076058
4349500	56.670946567089345
4350000	56.668287272672025
4350500	56.67018601930833
4351000	56.67046403888509
4351500	56.66975486771362
4352000	56.67175410221949
4352500	56.67398054861707
4353000	56.67360014575489
4353500	56.67397888312852
4354000	56.67425622343655
4354500	56.67192812044682
4355000	56.67230691018354
4355500	56.67377301660762
4356000	56.671875711186296
4356500	56.67561704516149
4357000	56.67599523712013
4357500	56.675286462875476
4358000	56.67414810209126
4358500	56.67333848883228
4359000	56.669926390878835
4359500	56.67139143023899
4360000	56.67101194446129
4360500	56.67788235650737
4361000	56.675229024118565
4361500	56.67323282066823
4362000	56.67469660469978
4362500	56.675933009642556
4363000	56.675553266582845
4363500	56.67333090997213
4364000	56.67653539491319
4364500	56.677013930950935
4365000	56.67597828802434
4365500	56.67797072048204
4366000	56.67683411418321
4366500	56.676782430356376
4367000	56.67531838578596
4367500	56.67039934627665
4368000	56.67380334541273
4368500	56.674180761898995
4369000	56.676827192896205
4369500	56.67460767630932
4370000	56.67531249763689
4370500	56.68075582406448
4371000	56.6815607823569
4371500	56.68420495607867
4372000	56.683497611416826
4372500	56.687325221071724
4373000	56.68402318568956
4373500	56.68245944128337
4374000	56.683263696327245
4374500	56.68137314154479
4375000	56.68283176214648
4375500	56.683433784988146
4376000	56.686402150765005
4376500	56.6840841475754
4377000	56.68478671196679
4377500	56.68709989129121
4378000	56.685210486190265
4378500	56.68525884386345
4379000	56.6845525142068
4379500	56.68040023543261
4380000	56.68153044055623
4380500	56.684923652604255
4381000	56.68454441904848
4381500	56.6841652713038
4382000	56.68723038402364
4382500	56.68609693011892
4383000	56.68529032549934
4383500	56.687072163083144
4384000	56.69046201162379
4384500	56.69008245775359
4385000	56.69110941962906
4385500	56.68846924781094
4386000	56.6858296727722
4386500	56.68964478095453
4387000	56.69260495212842
4387500	56.68921259961135
4388000	56.68840656113028
4388500	56.6869484020603
4389000	56.69108733463343
4389500	56.693820393904716
4390000	56.69805852285131
4390500	56.69843133712703
4391000	56.701814596551436
4391500	56.70143435529267
4392000	56.70062754894731
4392500	56.701752274043926
4393000	56.69750996765215
4393500	56.69745610999954
4394000	56.69858078684727
4394500	56.69927882265354
4395000	56.701906881616935
4395500	56.70034885119692
4396000	56.698791195573726
4396500	56.699589590943944
4397000	56.70048853814356
4397500	56.70108515946733
4398000	56.70103092783505
4398500	56.701302018767706
4399000	56.698343537542726
4399500	56.699892585387104
4400000	56.70336933499572
4400500	56.699559921296505
4401000	56.69692805598733
4401500	56.69815145736038
4402000	56.69852328435972
4402500	56.698469414564215
4403000	56.69691442810715
4403500	56.69986266313444
4404000	56.6993831885102
4404500	56.69642857142857
4405000	56.69422479631492
4405500	56.692570811329816
4406000	56.69594305729522
4406500	56.69513960237883
4407000	56.695186604377724
4407500	56.69405872297034
4408000	56.69507980418176
4408500	56.69887483789719
4409000	56.69549835854233
4409500	56.69319663653941
4410000	56.69271867576864
4410500	56.69276589367998
4411000	56.69580982776316
4411500	56.694358505689436
4412000	56.69388060819415
4412500	56.693827419379
4413000	56.6905548191914
4413500	56.68952917215766
4414000	56.69247125059894
4414500	56.6961612169122
4415000	56.6998502994012
4415500	56.70022078359466
4416000	56.69984284965951
4416500	56.69744403208428
4417000	56.692477462312496
4417500	56.6919003022052
4418000	56.69259536275243
4418500	56.69082288184395
4419000	56.68927457769071
4419500	56.690817463343876
4420000	56.68894570792027
4420500	56.688993212331425
4421000	56.69043561455437
4421500	56.69421981734204
4422000	56.696084951837214
4422500	56.69528442162994
4423000	56.69448408280974
4423500	56.69176639325894
4424000	56.69288397905603
4424500	56.69442473580044
4425000	56.69223129139939
4425500	56.69451849196927
4426000	56.69105569658056
4426500	56.68993318651786
4427000	56.691796670896466
4427500	56.69706830666348
4428000	56.696691766356466
4428500	56.691415140096254
4429000	56.694769827650525
4429500	56.69205577148314
4430000	56.69232605322831
4430500	56.69567941288345
4431000	56.69455754918191
4431500	56.69343593643976
4432000	56.69646518494218
4432500	56.695666435563105
4433000	56.6960358990414
4433500	56.69384652077992
4434000	56.69655167274055
4434500	56.696275541380395
4435000	56.697812350977586
4435500	56.699671442301245
4436000	56.69812796579235
4436500	56.69318317244667
4437000	56.6969538988605
4437500	56.69615596562561
4438000	56.69493607737728
4438500	56.69721628684381
4439000	56.699496021022696
4439500	56.69572078274915
4440000	56.700877473709276
4440500	56.7006012978508
4441000	56.70106928394437
4441500	56.69856103331795
4442000	56.70073948429526
4442500	56.70227326826945
4443000	56.6986001814855
4443500	56.69896847413004
4444000	56.69827105409927
4444500	56.700026767391364
4445000	56.70039477499312
4445500	56.69885447098266
4446000	56.69773595564078
4446500	56.698625046451134
4447000	56.704194998699506
4447500	56.706048447020365
4448000	56.71013039117352
4448500	56.710496991308226
4449000	56.71192785940309
4449500	56.70815941533846
4450000	56.70746197718631
4450500	56.70772909194864
4451000	56.70735329056783
4451500	56.70549282495564
4452000	56.70543872801906
4452500	56.70728991939674
4453000	56.708398578097054
4453500	56.711312284346825
4454000	56.71390414008013
4454500	56.71469056486194
4455000	56.717702213518486
4455500	56.71361711280716
4456000	56.71462474043311
4456500	56.713927655093656
4457000	56.71503458911982
4457500	56.716882654725545
4458000	56.71502383264516
4458500	56.71951553964407
4459000	56.718397960393695
4459500	56.72204766421627
4460000	56.72060937476845
4460500	56.72023293547599
4461000	56.72207899961478
4461500	56.72054161358182
4462000	56.71762283547379
4462500	56.71978909015507
4463000	56.717832522528525
4463500	56.71819702960035
4464000	56.71972164643174
4464500	56.71860542581146
4465000	56.717909243647725
4465500	56.719333950046256
4466000	56.72075831908895
4466500	56.72366211147036
4467000	56.72592493952106
4467500	56.723229872473894
4468000	56.72137452571319
4468500	56.72131874958401
4469000	56.71840453143834
4469500	56.72024724949723
4470000	56.71913235696384
4470500	56.72139388070404
4471000	56.71912072317119
4471500	56.71874538090874
4472000	56.71878925821374
4472500	56.72031092983389
4473000	56.721732962941076
4473500	56.722515254938465
4474000	56.722558723592854
4474500	56.7158557121333
4475000	56.71336469510889
4475500	56.71330995015691
4476000	56.71524978218816
4476500	56.71635179730239
4477000	56.72156318512995
4477500	56.72266426536366
4478000	56.720074983209955
4478500	56.71790481953495
4479000	56.716373859083426
4479500	56.71599946879934
4480000	56.71383044645755
4480500	56.7140949894153
4481000	56.71740862023188
4481500	56.71334704984403
4482000	56.71255502547579
4482500	56.71176318796771
4483000	56.710234351387015
4483500	56.71312846897182
4484000	56.71054377146564
4484500	56.709114491215665
4485000	56.71021508941796
4485500	56.71141434086824
4486000	56.711876643803826
4486500	56.710348942564806
4487000	56.714812877945306
4487500	56.71360395922937
4488000	56.712911824916425
4488500	56.71032964443757
4489000	56.71405537926921
4489500	56.71672555948174
4490000	56.71561591402599
4490500	56.71997703704249
4491000	56.72107501876573
4491500	56.72070109859383
4492000	56.718537321119825
4492500	56.71774650374088
4493000	56.71411232483725
4493500	56.70890917248329
4494000	56.7162093589357
4494500	56.71772396702723
4495000	56.71776772912761
4495500	56.7199182479176
4496000	56.71775645973462
4496500	56.72221038008365
4497000	56.7234055063133
4497500	56.72334984347213
4498000	56.72559739000088
4498500	56.72333734975167
4499000	56.726319037334164
4499500	56.723105740625115
4500000	56.72713918472273
4500500	56.72341113053185
4501000	56.72051696284329
4501500	56.72266439543011
4502000	56.721458304273455
4502500	56.721402931828024
4503000	56.71882798508558
4503500	56.715202043182785
4504000	56.71881650204734
4504500	56.719593801361825
4505000	56.718805024063855
4505500	56.71591425930544
4506000	56.715126087403
4506500	56.71915452258543
4507000	56.71836614967184
4507500	56.72019357677078
4508000	56.724953260750034
4508500	56.72521479048764
4509000	56.72515905825784
4509500	56.72290463486852
4510000	56.72148206774246
4510500	56.71786153936339
4511000	56.725548953380176
4511500	56.722245827899954
4512000	56.71894342829098
4512500	56.72150118653503
4513000	56.71841816184548
4513500	56.719510855636514
4514000	56.716942451310594
4514500	56.716887756596094
4515000	56.721225075396006
4515500	56.720853125663304
4516000	56.71828573937735
4516500	56.720841230233354
4517000	56.721616143878364
4517500	56.72156093849452
4518000	56.720872561283386
4518500	56.72488955206413
4519000	56.72388447220415
4519500	56.72319606853733
4520000	56.7198993843139
4520500	56.7214049659287
4521000	56.722910239351975
4521500	56.72400055555149
4522000	56.725406930425315
4522500	56.72764212788037
4523000	56.72612479630536
4523500	56.72585123483852
4524000	56.72662448675424
4524500	56.72802980495288
4525000	56.72546656440598
4525500	56.724778883865646
4526000	56.72701248055618
4526500	56.73112029559096
4527000	56.729702102803735
4527500	56.731836234084795
4528000	56.731779957953755
4528500	56.73036217391939
4529000	56.72862887628723
4529500	56.73231995212832
4530000	56.7318496898942
4530500	56.73147776602342
4531000	56.73120413195407
4531500	56.727500838840506
4532000	56.727858856821946
4532500	56.73332166506228
4533000	56.73513734240442
4533500	56.73372073523729
4534000	56.736265018080026
4534500	56.73662188463585
4535000	56.73510739874197
4535500	56.733908582089555
4536000	56.73353688306578
4536500	56.73202328648349
4537000	56.73466414104619
4537500	56.74094687229099
4538000	56.74098785755388
4538500	56.74207222036095
4539000	56.745754318506215
4539500	56.74433845481687
4540000	56.743867721901466
4540500	56.74837469696198
4541000	56.750185624645134
4541500	56.74658631030367
4542000	56.74703968675628
4542500	56.74530979376191
4543000	56.744307887096426
4543500	56.74175288485325
4544000	56.742835941421674
4544500	56.74309323944892
4545000	56.74199390496695
4545500	56.73944030719106
4546000	56.7404250987122
4546500	56.74078059562587
4547000	56.73936750272628
4547500	56.73826918184132
4548000	56.73540293213354
4548500	56.73389294669138
4549000	56.73206889034227
4549500	56.73969118982743
4550000	56.735903751008046
4550500	56.73449225248262
4551000	56.73692926769034
4551500	56.734379652695566
4552000	56.73359718238263
4552500	56.740802056331276
4553000	56.741156995992334
4553500	56.74078591081009
4554000	56.742592511940536
4554500	56.74449662140094
4555000	56.74443920316412
4555500	56.74406791959945
4556000	56.74328501153628
4556500	56.74032588035577
4557000	56.74244512469353
4557500	56.74134892255916
4558000	56.74284015171843
4558500	56.739882381093956
4559000	56.74074611173548
4559500	56.7392391848098
4560000	56.73783029468267
4560500	56.73704887613166
4561000	56.739989128465304
4561500	56.73795357533681
4562000	56.7400708680246
4562500	56.74590811276872
4563000	56.746575094361496
4563500	56.74362001897877
4564000	56.74315182593832
4564500	56.74278141091099
4565000	56.74014105924778
4565500	56.74194319144469
4566000	56.74147542170419
4566500	56.74038148322415
4567000	56.74517581319938
4567500	56.74562679578203
4568000	56.74576467438107
4568500	56.74394709040652
4569000	56.74140638000766
4569500	56.74320687559684
4570000	56.74531986921675
4570500	56.747432373788506
4571000	56.74882119818334
4571500	56.74845073070555
4572000	56.74767003839285
4572500	56.74513092638915
4573000	56.74290505862453
4573500	56.74511391233954
4574000	56.74072039777983
4574500	56.74531199190663
4575000	56.743399661854596
4575500	56.74550997702611
4576000	56.751953999739946
4576500	56.75189599133261
4577000	56.75224786047015
4577500	56.749711149624495
4578000	56.75140977782912
4578500	56.74981048983865
4579000	56.74686532256318
4579500	56.75041682605902
4580000	56.747062729136
4580500	56.74813644202945
4581000	56.75106246347218
4581500	56.749249682558
4582000	56.74991343490304
4582500	56.74769186381996
4583000	56.74958349260384
4583500	56.75313155788244
4584000	56.751319546595134
4584500	56.751982696467195
4585000	56.756347592888964
4585500	56.7567957210925
4586000	56.75817879100207
4586500	56.75831501567511
4587000	56.75907443305061
4587500	56.75942471754669
4588000	56.75977492633232
4588500	56.758995785758025
4589000	56.75800270838736
4589500	56.75773006532653
4590000	56.756951396040535
4590500	56.757301687885246
4591000	56.75693189427376
4591500	56.75625085492545
4592000	56.761640127847045
4592500	56.761989764703344
4593000	56.76193080814988
4593500	56.75683455308248
4594000	56.754617604098456
4594500	56.75568729585449
4595000	56.7517211115827
4595500	56.74950548462506
4596000	56.747912516271946
4596500	56.746105941405744
4597000	56.74933308406377
4597500	56.74906173159052
4598000	56.75156900381737
4598500	56.753356910779495
4599000	56.75298819098548
4599500	56.754367683097726
4600000	56.75359111258022
4600500	56.75219325032154
4601000	56.75572765871847
4601500	56.75966898454112
4602000	56.75345663494343
4602500	56.752059408642694
4603000	56.75415604466626
4603500	56.752662076096236
4604000	56.748704105222345
4604500	56.74618272661359
4605000	56.744690167029155
4605500	56.744226104181315
4606000	56.747350216360125
4606500	56.74626522968299
4607000	56.74415267613718
4607500	56.74306825926324
4608000	56.740549458431964
4608500	56.74018289402905
4609000	56.73654090260397
4609500	56.73617485084901
4610000	56.73611907766434
4610500	56.73431932724914
4611000	56.73753781307796
4611500	56.73717181418751
4612000	56.7404859170071
4612500	56.73899645994869
4613000	56.73894039924908
4613500	56.73754800252192
4614000	56.73861495368613
4614500	56.738249072389436
4615000	56.73778675433131
4615500	56.74100173305261
4616000	56.739203597488064
4616500	56.73781208159407
4617000	56.73959422115949
4617500	56.74321383575764
4618000	56.741106577911395
4618500	56.741456432277694
4619000	56.7422122671552
4619500	56.74287145361525
4620000	56.739237753181996
4620500	56.739993561540935
4621000	56.73993748256451
4621500	56.738141557475544
4622000	56.74166142227817
4622500	56.738841296855114
4623000	56.73816673816674
4623500	56.74025565500872
4624000	56.74060518546583
4624500	56.74095464097323
4625000	56.7409948542024
4625500	56.73991496051738
4626000	56.738120757413355
4626500	56.73704140320795
4627000	56.73984326444304
4627500	56.73804965856167
4628000	56.73656543724823
4628500	56.736915023531175
4629000	56.73440824895388
4629500	56.734352910936906
4630000	56.735107658918274
4630500	56.73505225286962
4631000	56.73316441240498
4631500	56.73748742140609
4632000	56.73783664207116
4632500	56.7346181563907
4633000	56.730686909620154
4633500	56.72960999864459
4634000	56.73169513891365
4634500	56.73061835817702
4635000	56.72923322683706
4635500	56.726634864269364
4636000	56.72738939788243
4636500	56.72590913303534
4637000	56.72728050353917
4637500	56.7318109248489
4638000	56.73439426441558
4638500	56.732201264136016
4639000	56.73102956893481
4639500	56.730262314235645
4640000	56.727762304015506
4640500	56.72851597279105
4641000	56.72703705550135
4641500	56.72311395325652
4642000	56.71949986471283
4642500	56.72096599646864
4643000	56.7189891439758
4643500	56.71974318274029
4644000	56.723248282979256
4644500	56.72511706685265
4645000	56.72942817294282
4645500	56.72958570198718
4646000	56.72962686301711
4646500	56.72753398445003
4647000	56.72930566027
4647500	56.72965457403153
4648000	56.728984590003066
4648500	56.726393629124004
4649000	56.72532082044719
4649500	56.723940598141745
4650000	56.7224650815652
4650500	56.7252542625852
4651000	56.724182040421844
4651500	56.728391552738536
4652000	56.725898242946556
4652500	56.72513373542763
4653000	56.73045504269133
4653500	56.72796232767254
4654000	56.7250672897329
4654500	56.72430321320788
4655000	56.72465208747515
4655500	56.729663339344285
4656000	56.72960885923192
4656500	56.73106953238125
4657000	56.72999808373373
4657500	56.73278217365079
4658000	56.73312992265663
4658500	56.728818128928815
4659000	56.732003887600115
4659500	56.73589830893202
4660000	56.73371538810713
4660500	56.73366050153182
4661000	56.73117151103012
4661500	56.727878615995465
4662000	56.72791980376309
4662500	56.72786559863897
4663000	56.724669525463376
4663500	56.722182849043236
4664000	56.72394855259895
4664500	56.72500531424928
4665000	56.719188369654546
4665500	56.71731661530832
4666000	56.71554044482221
4666500	56.7191240420981
4667000	56.72230523550199
4667500	56.72012745618693
4668000	56.71835174171623
4668500	56.71940816254292
4669000	56.71945012706255
4669500	56.71909062597321
4670000	56.719840337442854
4670500	56.725849709510086
4671000	56.72256421142008
4671500	56.72543581616482
4672000	56.72649070805538
4672500	56.729667407019676
4673000	56.730109557455776
4673500	56.72974922561208
4674000	56.729694946895016
4674500	56.72832173765484
4675000	56.72928051806658
4675500	56.72821353842674
4676000	56.728159457167095
4676500	56.72810538813818
4677000	56.725931369777825
4677500	56.724770188441944
4678000	56.72481154136906
4678500	56.72334503634527
4679000	56.72399788098181
4679500	56.723238058916166
4680000	56.72560872267104
4680500	56.7248488956674
4681000	56.72489021307842
4681500	56.72493152232231
4682000	56.72426693772677
4682500	56.722801767338126
4683000	56.724560153002535
4683500	56.7242011967935
4684000	56.72534838595872
4684500	56.73103380156485
4685000	56.73036902217237
4685500	56.72608257094287
4686000	56.73106084650487
4686500	56.73180673780123
4687000	56.73638338081404
4687500	56.73350819302253
4688000	56.73455863172663
4688500	56.73480896658678
4689000	56.73334461078689
4689500	56.73298517876398
4690000	56.732131154472235
4690500	56.731771934274676
4691000	56.73070826199987
4691500	56.73034926807276
4692000	56.72919117284516
4692500	56.73094530446664
4693000	56.73349812322622
4693500	56.73525145408199
4694000	56.73599571915396
4694500	56.73673983751285
4695000	56.73567652421211
4695500	56.73290115505627
4696000	56.730430865813666
4696500	56.731175228712175
4697000	56.734429644015684
4697500	56.738596627007865
4698000	56.73823728050428
4698500	56.739684013562375
4699000	56.73791788876932
4699500	56.73645640661373
4700000	56.73710488379452
4700500	56.7356438219391
4701000	56.73418308878843
4701500	56.73593341394145
4702000	56.73517586526836
4702500	56.73090438840629
4703000	56.7304516482667
4703500	56.73391091717785
4704000	56.734653729686435
4704500	56.73328884049317
4705000	56.73342371643123
4705500	56.732667008491774
4706000	56.73270733985546
4706500	56.73396299287244
4707000	56.7383107353757
4707500	56.73544754375741
4708000	56.735089295743016
4708500	56.735034815813115
4709000	56.736782262649236
4709500	56.736025825467564
4710000	56.7357622028237
4710500	56.737509033629664
4711000	56.73715079487576
4711500	56.738897111951346
4712000	56.73924022220975
4712500	56.7413839054018
4713000	56.73852368195907
4713500	56.73966243838133
4714000	56.73860305975068
4714500	56.73894602533633
4715000	56.738587931807984
4715500	56.738229913577385
4716000	56.73747433192933
4716500	56.73501422544883
4717000	56.73395601084664
4717500	56.73420488461054
4718000	56.73134851138354
4718500	56.72989367216283
4719000	56.73483681187842
4719500	56.733173194764454
4720000	56.73101835318503
4720500	56.73166462454052
4721000	56.73331373125551
4721500	56.735359587842474
4722000	56.73780210396646
4722500	56.73814456077487
4723000	56.740283550964996
4723500	56.737127143726774
4724000	56.74127038542534
4724500	56.740610156211744
4725000	56.73995005630906
4725500	56.73819382273948
4726000	56.738535991775706
4726500	56.73857557428062
4727000	56.74041029800445
4727500	56.7396563054938
4728000	56.73860006011926
4728500	56.74003760581002
4729000	56.741286404204615
4729500	56.74123147235791
4730000	56.74406579508214
4730500	56.74091360060366
4731000	56.739857902348035
4731500	56.73919877056337
4732000	56.73704870399732
4732500	56.73778677934141
4733000	56.74171426975237
4733500	56.745452641133966
4734000	56.743302776633556
4734500	56.740757288059875
4735000	56.73660845164803
4735500	56.7362521549167
4736000	56.736291881555715
4736500	56.73693539045546
4737000	56.73597543957577
4737500	56.73841001848816
4738000	56.74014649459366
4738500	56.73869676213328
4739000	56.73694562040996
4739500	56.736985250531745
4740000	56.73414173250308
4740500	56.738364999128464
4741000	56.7376133741399
4741500	56.73656033905866
4742000	56.73292722026291
4742500	56.73366413916147
4743000	56.737489808575425
4743500	56.737830794743516
4744000	56.73707971630415
4744500	56.739905815476355
4745000	56.74054776963584
4745500	56.740285700355905
4746000	56.73853696584767
4746500	56.73748494154185
4747000	56.73712940914345
4747500	56.73438413768136
4748000	56.73581621997912
4748500	56.73476490446525
4749000	56.73331894961755
4749500	56.736443603162236
4750000	56.73539255867679
4750500	56.734642760232944
4751000	56.736675872912066
4751500	56.737016374740875
4752000	56.7401389690693
4752500	56.74117450691295
4753000	56.74290522450853
4753500	56.74394025782586
4754000	56.743885312234944
4754500	56.74501379938407
4755000	56.7428734281921
4755500	56.74520433694745
4756000	56.743853114097874
4756500	56.74736637296051
4757000	56.747705370232694
4757500	56.749433783990334
4758000	56.747294274559934
4758500	56.746243983079694
4759000	56.74519391043449
4759500	56.74583333333333
4760000	56.74131166892338
4760500	56.738780271050885
4761000	56.73525491502832
4761500	56.735594843922456
4762000	56.73424627109115
4762500	56.73488649691518
4763000	56.73284434482711
4763500	56.733578035123266
4764000	56.7350053769036
4764500	56.74059480121263
4765000	56.74340850287521
4765500	56.744047330055004
4766000	56.745773055744344
4766500	56.744818212708125
4767000	56.743470091040834
4767500	56.74064213759299
4768000	56.73899480069324
4768500	56.740326896150165
4769000	56.7375935680621
4769500	56.73585363318202
4770000	56.73757882336636
4770500	56.73722501299151
4771000	56.735392332100155
4771500	56.73543184903988
4772000	56.73122212063281
4772500	56.73333979748729
4773000	56.73437164562573
4773500	56.73046296168067
4774000	56.729810568295115
4774500	56.73015015888181
4775000	56.73088238348066
4775500	56.73359773527966
4776000	56.73354418553148
4776500	56.73111523237468
4777000	56.73037004234591
4777500	56.728633794339245
4778000	56.73035682167218
4778500	56.72792922410752
4779000	56.7319330230242
4779500	56.735038242901204
4780000	56.73567605692238
4780500	56.73631372982839
4781000	56.73941748646724
4781500	56.74044682851297
4782000	56.74000041470546
4782500	56.7400393932064
4783000	56.73869628012079
4783500	56.73488847737763
4784000	56.731679344484284
4784500	56.73715260747322
4785000	56.73502655881967
4785500	56.73950879907175
4786000	56.74221706582691
4786500	56.74570840641356
4787000	56.745653644862394
4787500	56.74293052026952
4788000	56.741495471614755
4788500	56.73907191518439
4789000	56.7400996590611
4789500	56.73719222700674
4790000	56.737138441156986
4790500	56.738259015737434
4791000	56.73898796178124
4791500	56.73785282675276
4792000	56.73809737290415
4792500	56.73765223507993
4793000	56.73592100454417
4793500	56.7382341179553
4794000	56.73689435512782
4794500	56.736635301416605
4795000	56.73766197959746
4795500	56.73799924187601
4796000	56.73941657650455
4796500	56.74142980189492
4797000	56.73999765745034
4797500	56.742699284223285
4798000	56.743724685201
4798500	56.74298151362371
4799000	56.74086113330211
4799500	56.741588508311644
4800000	56.73740308743132
4800500	56.73627031827664
4801000	56.73867250423361
4801500	56.74107419414789
4802000	56.73973639836195
4802500	56.739682474141674
4803000	56.73825235503382
4803500	56.7358368537656
4804000	56.736564022124995
4804500	56.73621286226276
4805000	56.73576911436983
4805500	56.735715661192266
4806000	56.732223903177
4806500	56.7318733454808
4807000	56.73152286008938
4807500	56.73254734815934
4808000	56.73228941833129
4808500	56.731251675338335
4809000	56.728839651428096
4809500	56.72535114482834
4810000	56.72774995018517
4810500	56.72886665933824
4811000	56.72851676547569
4811500	56.72846417507539
4812000	56.72566432461762
4812500	56.72217834701095
4813000	56.72272081190389
4813500	56.721592859594914
4814000	56.72026032513181
4814500	56.72059802716932
4815000	56.718190179417135
4815500	56.72019765287214
4816000	56.72435563119321
4816500	56.72263429830039
4817000	56.72267466192805
4817500	56.723104153231894
4818000	56.72314446426121
4818500	56.721034870641176
4819000	56.719314729341406
4819500	56.7200411452083
4820000	56.71861822121351
4820500	56.71552764370338
4821000	56.71341998464408
4821500	56.71062733055494
4822000	56.713318346309904
4822500	56.71502682995361
4823000	56.717512265986905
4823500	56.71892343743576
4824000	56.72092736465656
4824500	56.717542609744065
4825000	56.71543646227191
4825500	56.715180986952504
4826000	56.71688809752089
4826500	56.7166325419597
4827000	56.71560035056967
4827500	56.714272021470336
4828000	56.712852037952324
4828500	56.71241315582326
4829000	56.71206625145439
4829500	56.711035072711724
4830000	56.711372656356914
4830500	56.711710170709175
4831000	56.71273175070124
4831500	56.71131298482754
4832000	56.707842573973
4832500	56.70856814575696
4833000	56.711345141215894
4833500	56.71578515504804
4834000	56.71621381394522
4834500	56.72124423175525
4835000	56.72148852978973
4835500	56.721141162077004
4836000	56.72489441095666
4836500	56.72561775639624
4837000	56.728095169765425
4837500	56.73134736266739
4838000	56.73031596925705
4838500	56.73308786862401
4839000	56.72864129395372
4839500	56.728588990575055
4840000	56.726875405470004
4840500	56.725753147789035
4841000	56.72813671338937
4841500	56.72817635051645
4842000	56.72851135867191
4842500	56.72309057402225
4843000	56.72372138733057
4843500	56.72132713711521
4844000	56.72225330585843
4844500	56.72327099806922
4845000	56.72360629792343
4845500	56.72462364344523
4846000	56.72116165026361
4846500	56.71935950244142
4847000	56.7190131673156
4847500	56.72041727746906
4848000	56.72016253289519
4848500	56.71699785268755
4849000	56.719083355486035
4849500	56.71698756176521
4850000	56.71586866745717
4850500	56.71416014227601
4851000	56.7124519663151
4851500	56.71103904951359
4852000	56.7124426097737
4852500	56.712392213488805
4853000	56.71136597358905
4853500	56.713744824580516
4854000	56.709314122685775
4854500	56.710331023025915
4855000	56.71096164581263
4855500	56.7112974698623
4856000	56.71580838812431
4856500	56.71857135079218
4857000	56.715889758421234
4857500	56.717494403505555
4858000	56.71608281229802
4858500	56.71641791044776
4859000	56.71713873697385
4859500	56.71543321974875
4860000	56.71402242881334
4860500	56.71018631850945
4861000	56.70945633550001
4861500	56.706981297546456
4862000	56.706251826876674
4862500	56.70590794160029
4863000	56.704204867506235
4863500	56.703475926743906
4864000	56.70351772452079
4864500	56.700841809176325
4865000	56.70253671924891
4865500	56.70287270825267
4866000	56.705540348708475
4866500	56.70752826921118
4867000	56.705532429257296
4867500	56.706840943812594
4868000	56.70475453354244
4868500	56.70509008458583
4869000	56.706783147005524
4869500	56.7077971439431
4870000	56.70745363112568
4870500	56.70749499541954
4871000	56.70599729955287
4871500	56.705745067708754
4872000	56.70985686181399
4872500	56.71328955936619
4873000	56.712267446198084
4873500	56.714636428988015
4874000	56.714677082485686
4874500	56.71492016137234
4875000	56.712926867300794
4875500	56.71403004501329
4876000	56.71300846624686
4876500	56.71546699200217
4877000	56.71473881102768
4877500	56.71303982489785
4878000	56.71066361307984
4878500	56.71061367732144
4879000	56.70862237155864
4879500	56.70760206189757
4880000	56.70493413254767
4880500	56.707977786807525
4881000	56.708019014857044
4881500	56.70961669973119
4882000	56.707242766035236
4882500	56.70854713583623
4883000	56.70820444438428
4883500	56.712215657211694
4884000	56.7132261382708
4884500	56.7149130820189
4885000	56.71292380765509
4885500	56.70910739172202
4886000	56.708764856692525
4886500	56.708038824444515
4887000	56.70904910050047
4887500	56.709292182016135
4888000	56.71165445054499
4888500	56.7126640388893
4889000	56.71126194033383
4889500	56.709274894042736
4890000	56.70719755598061
4890500	56.70685553633218
4891000	56.707481889934044
4891500	56.7078155933486
4892000	56.70641489038273
4892500	56.70674863203404
4893000	56.710076597814194
4893500	56.7093514878902
4894000	56.70862653466416
4894500	56.707992329092725
4895000	56.706592486563856
4895500	56.708951344490735
4896000	56.711309724716145
4896500	56.71501758317415
4897000	56.71332541439447
4897500	56.71404084166768
4898000	56.713698657867575
4898500	56.71508862365141
4899000	56.71744498266161
4899500	56.71575340155558
4900000	56.71194809049091
4900500	56.71122381536885
4901000	56.71155648766935
4901500	56.710922907830586
4902000	56.71019896304587
4902500	56.71091395711002
4903000	56.70778564206269
4903500	56.70831985333765
4904000	56.7093265401023
4904500	56.70822102425876
4905000	56.70990129030085
4905500	56.707538907228994
4906000	56.70719795210347
4906500	56.70609314167935
4907000	56.70402349169574
4907500	56.70839702881617
4908000	56.712478199680824
4908500	56.71559385941287
4909000	56.71516187885847
4909500	56.71414723463838
4910000	56.71342415594206
4910500	56.71346461886366
4911000	56.71110453104706
4911500	56.71278227868544
4912000	56.7100411766289
4912500	56.713536060279864
4913000	56.713486169411254
4913500	56.71238220793284
4914000	56.70935112450232
4914500	56.71208188188458
4915000	56.71135975470353
4915500	56.71467183024729
4916000	56.71433085264439
4916500	56.71398994380361
4917000	56.71730071246135
4917500	56.72061076910669
4918000	56.72085100092061
4918500	56.723578382954706
4919000	56.7221837775374
4919500	56.72376729813248
4920000	56.722082283795125
4920500	56.72097896461865
4921000	56.722361758424775
4921500	56.72163951598823
4922000	56.718903167761084
4922500	56.71453411478788
4923000	56.714193652328014
4923500	56.712801374644265
4924000	56.71610738255034
4924500	56.71337306061094
4925000	56.71609743004764
4925500	56.711641294356816
4926000	56.71235266099114
4926500	56.712683463468295
4927000	56.71531671719475
4927500	56.71468619639719
4928000	56.71807939914163
4928500	56.718409494753075
4929000	56.721041092584024
4929500	56.719739885361854
4930000	56.72246093619076
4930500	56.72308053218942
4931000	56.72139937001541
4931500	56.72268907563025
4932000	56.72359842672689
4932500	56.72392769566791
4933000	56.72320698849096
4933500	56.72152670324002
4934000	56.723195627712585
4934500	56.726493436914005
4935000	56.72644238495741
4935500	56.73145810875053
4936000	56.7317863503073
4936500	56.73173474715829
4937000	56.730054820377916
4937500	56.726656984332024
4938000	56.72573715417665
4938500	56.730460385438974
4939000	56.73250632301578
4939500	56.73350326823622
4940000	56.731444626551166
4940500	56.728717533661985
4941000	56.728376896118135
4941500	56.72631945001739
4942000	56.72731649581737
4942500	56.72668676994671
4943000	56.72166657752581
4943500	56.717515408372
4944000	56.71851292368775
4944500	56.72380952380952
4945000	56.7251852792387
4945500	56.726271616817684
4946000	56.725552556324665
4946500	56.72358733849093
4947000	56.72525167505027
4947500	56.72357593245698
4948000	56.72152169266938
4948500	56.721471311037504
4949000	56.720753205128204
4949500	56.718699925221664
4950000	56.71836091620992
4950500	56.71964594444853
4951000	56.71817119973303
4951500	56.72250400427122
4952000	56.72091983477141
4952500	56.72058077775108
4953000	56.71986336099917
4953500	56.72248165443629
4954000	56.72205286925433
4954500	56.72200249444752
4955000	56.72728727767441
4955500	56.72685808783324
4956000	56.72547372351349
4956500	56.72817941811782
4957000	56.72659640421575
4957500	56.728545242459596
4958000	56.73524883530282
4958500	56.73386424977508
4959000	56.730858932498165
4959500	56.729186794149975
4960000	56.729513657561625
4960500	56.727464094433635
4961000	56.729212876925835
4961500	56.72725335180462
4962000	56.726536537936454
4962500	56.72857304575389
4963000	56.73060917389654
4963500	56.73197914794176
4964000	56.73030835596741
4964500	56.731966105530816
4965000	56.72925249755403
4965500	56.72957900200982
4966000	56.73094838829886
4966500	56.73251581910003
4967000	56.73055812437212
4967500	56.73021912960179
4968000	56.7335834397616
4968500	56.7319139879349
4969000	56.73452286738446
4969500	56.73513628535141
4970000	56.73858838392234
4970500	56.74090818429626
4971000	56.74123317267742
4971500	56.7425999906939
4972000	56.743876906716295
4972500	56.74524320624181
4973000	56.74386151443665
4973500	56.74456308679792
4974000	56.74792210639612
4974500	56.74558886054422
4975000	56.74857017596301
4975500	56.74851719259559
4976000	56.747225598214825
4976500	56.74555741493346
4977000	56.74720955093856
4977500	56.74582887949063
4978000	56.743587020022304
4978500	56.74125604890904
4979000	56.74025301668636
4979500	56.73688262387343
4980000	56.73625673559313
4980500	56.737532181436954
4981000	56.736619316485424
4981500	56.73628064961257
4982000	56.73622903842072
4982500	56.733900654652544
4983000	56.73782853504705
4983500	56.73645050696623
4984000	56.73885367212158
4984500	56.74079083459305
4985000	56.73788956583422
4985500	56.73821392586308
4986000	56.73986385720251
4986500	56.73914916460663
4987000	56.739097300915155
4987500	56.74008401913622
4988000	56.73974544996787
4988500	56.73978283768475
4989000	56.74114506395692
4989500	56.739481771937264
4990000	56.738856877938936
4990500	56.73595888823401
4991000	56.73826961024514
4991500	56.738969225064885
4992000	56.74156559504263
4992500	56.74321309652264
4993000	56.743822768220596
4993500	56.746417816605444
4994000	56.74532796865901
4994500	56.744613837277015
4995000	56.74266583742441
4995500	56.74298907758158
4996000	56.7405770833609
4996500	56.743546157458546
4997000	56.740473261643054
4997500	56.74240520559179
4998000	56.74442593033405
4998500	56.7467322530099
4999000	56.74734079475364
4999500	56.7490745637229
5000000	56.74600289496817
5000500	56.744628683589646
5001000	56.7409864664834
5001500	56.74395247880643
5002000	56.743328686482954
5002500	56.74166952937135
5003000	56.741617565460935
5003500	56.739584158938996
5004000	56.7384973022236
5004500	56.74117608214746
5005000	56.739428994004705
5005500	56.73909168333696
5006000	56.73809429503175
5006500	56.73973742054298
5007000	56.74204023443687
5007500	56.745002540801316
5008000	56.745324728458115
5008500	56.74461262355006
5009000	56.741636043358646
5009500	56.73931973507138
5010000	56.739731268263405
5010500	56.743066319295586
5011000	56.743103232231306
5011500	56.74267702412197
5012000	56.74036172780082
5012500	56.740310000857086
5013000	56.74157673722584
5013500	56.74387639412556
5014000	56.74288011705543
5014500	56.739621845693534
5015000	56.74097699520926
5015500	56.74459365075182
5016000	56.74585919278966
5016500	56.74383061700418
5017000	56.73888270437973
5017500	56.73722896962352
5018000	56.73961578229859
5018500	56.73927931724791
5019000	56.73725242309313
5019500	56.739923363575315
5020000	56.741188397782786
5020500	56.74254193106717
5021000	56.74314825053314
5021500	56.741121962776745
5022000	56.74313315170898
5022500	56.73987998104963
5023000	56.73917048265699
5023500	56.73554507358214
5024000	56.73624038784115
5024500	56.737220132073986
5025000	56.73857283788227
5025500	56.735802404187595
5026000	56.73480928177377
5026500	56.73578876776815
5027000	56.736110654579164
5027500	56.73483339578116
5028000	56.734409506783045
5028500	56.733701366982125
5029000	56.73627904531595
5029500	56.73885618166526
5030000	56.73551981499001
5030500	56.736214213451404
5031000	56.73250612523729
5031500	56.73376900594398
5032000	56.734835947145825
5032500	56.736559386922856
5033000	56.735940116221805
5033500	56.73494846037686
5034000	56.733956999835875
5034500	56.73296573454116
5035000	56.734972498260625
5035500	56.73726282905316
5036000	56.735615287694245
5036500	56.737993530056364
5037000	56.73737459894627
5037500	56.74125975056913
5038000	56.73989622350649
5038500	56.73496963098034
5039000	56.73500708326775
5039500	56.73598405109944
5040000	56.733310164390204
5040500	56.73531475179816
5041000	56.73498020087588
5041500	56.73604510144548
5042000	56.73346049725024
5042500	56.734437060049544
5043000	56.73139307036457
5043500	56.728349758859295
5044000	56.72511171390756
5044500	56.725433544946505
5045000	56.72874727319179
5045500	56.73299883405605
5046000	56.73893109772072
5046500	56.73831322776272
5047000	56.73966000471488
5047500	56.74362567279109
5048000	56.74132659408002
5048500	56.74192978206647
5049000	56.74617720988688
5049500	56.74677976751492
5050000	56.74579022114019
5050500	56.74480086903032
5051000	56.74147745861414
5051500	56.74151422365288
5052000	56.740154389637574
5052500	56.740669030207094
5053000	56.73641043082417
5053500	56.73673058309572
5054000	56.73219026693347
5054500	56.73251077240955
5055000	56.730869815366916
5055500	56.729229180149964
5056000	56.72758886666405
5056500	56.727626866061854
5057000	56.73186895059832
5057500	56.734520503185756
5058000	56.738566490456556
5058500	56.738886130204115
5059000	56.738640446868985
5059500	56.73998392986628
5060000	56.738996956118456
5060500	56.74575961230741
5061000	56.747949427929576
5061500	56.74761497423976
5062000	56.744668904007625
5062500	56.74535815945473
5063000	56.747264798809304
5063500	56.748236000600514
5064000	56.74716094504634
5064500	56.744868992071005
5065000	56.74481732582496
5065500	56.746635001207025
5066000	56.74490821079551
5066500	56.74550886485499
5067000	56.7464795162963
5067500	56.74679779824172
5068000	56.74487759706807
5068500	56.748174230568594
5069000	56.74718826405868
5069500	56.7487222280171
5070000	56.7487581972022
5070500	56.7476845062344
5071000	56.74763260970157
5071500	56.745907621728705
5072000	56.74585592160133
5072500	56.75101636610028
5073000	56.749379490954574
5073500	56.752954050990766
5074000	56.75057804409418
5074500	56.747269636798194
5075000	56.74665451111907
5075500	56.74558216457658
5076000	56.74589998502575
5076500	56.746587158471726
5077000	56.74495202634971
5077500	56.743686539963555
5078000	56.74066264472168
5078500	56.73894087483895
5079000	56.73758865248227
5079500	56.734654045086366
5080000	56.735166500783876
5080500	56.73845593448552
5081000	56.74100667954446
5081500	56.74132459289319
5082000	56.740060605272404
5082500	56.74139769564878
5083000	56.740046290276446
5083500	56.738413932534606
5084000	56.73873194576253
5084500	56.73543137178437
5085000	56.73639949828755
5085500	56.737454999155226
5086000	56.739072520646396
5086500	56.74125183539287
5087000	56.74295625962282
5087500	56.74216786078507
5088000	56.741467216575195
5088500	56.74299593458976
5089000	56.74692849164913
5089500	56.74594671809157
5090000	56.74422832212325
5090500	56.74686124563431
5091000	56.74652888216699
5091500	56.74582827620674
5092000	56.746794039769476
5092500	56.74905744858958
5093000	56.74604204515962
5093500	56.750251402990884
5094000	56.75140931412298
5094500	56.7484821752893
5095000	56.7481499257376
5095500	56.74716922398475
5096000	56.744523843490214
5096500	56.74650517415773
5097000	56.7464536708073
5097500	56.744825261411
5098000	56.74190077394765
5098500	56.743881572124856
5099000	56.74586201086181
5099500	56.74682633799257
5100000	56.75010205337878
5100500	56.74903464897504
5101000	56.74842253922597
5101500	56.748090712994816
5102000	56.744520441473654
5102500	56.74807489297765
5103000	56.74506553385484
5103500	56.743351830148725
5104000	56.74071100694692
5104500	56.738438034077376
5105000	56.737547334692685
5105500	56.74174757281554
5106000	56.74012231822153
5106500	56.738410167473404
5107000	56.739740918561466
5107500	56.74005732364568
5108000	56.73843287444363
5108500	56.73874934504596
5109000	56.74035936509579
5109500	56.74298279653344
5110000	56.74422514808971
5110500	56.74527478354209
5111000	56.74171106398386
5111500	56.743686885012735
5112000	56.743635822979556
5112500	56.74302557075265
5113000	56.74297458700654
5113500	56.74107200558364
5114000	56.742313607402714
5114500	56.74484719260838
5115000	56.74645475982815
5115500	56.750366604435435
5116000	56.75113525524672
5116500	56.751450014855386
5117000	56.7520440190646
5117500	56.75595391847911
5118000	56.757280299606116
5118500	56.759252085431676
5119000	56.75919948353777
5119500	56.75886776619436
5120000	56.75687886865766
5120500	56.757925444031386
5121000	56.75630328022251
5121500	56.75532669996257
5122000	56.75351322054895
5122500	56.750880633798275
5123000	56.752119108748666
5123500	56.75206728846576
5124000	56.75016769000567
5124500	56.749941960946174
5125000	56.749611498358945
5125500	56.75065765719296
5126000	56.7486719273815
5126500	56.746773590500624
5127000	56.748656069923044
5127500	56.74804712676275
5128000	56.750381841733855
5128500	56.751619035344916
5129000	56.75221164812082
5129500	56.75215987939466
5130000	56.75118532261389
5130500	56.750576504386586
5131000	56.75153451285255
5131500	56.75056029264021
5132000	56.74986477088324
5132500	56.74953479237897
5133000	56.75085790073461
5133500	56.75153700067595
5134000	56.75193758529238
5134500	56.751242244020496
5135000	56.75063393788052
5135500	56.750669275123556
5136000	56.752269846274615
5136500	56.75056619312333
5137000	56.748306409588324
5137500	56.750636852533255
5138000	56.7513154001518
5138500	56.74804800555692
5139000	56.75102093314898
5139500	56.75161242613063
5140000	56.75164764507314
5140500	56.75131798894175
5141000	56.755036706566045
5141500	56.75369920423721
5142000	56.75401217309707
5142500	56.75689570962186
5143000	56.754551120992666
5143500	56.7551417722007
5144000	56.75930922827847
5144500	56.75989927281137
5145000	56.761496117109765
5145500	56.76593940873095
5146000	56.76496654122302
5146500	56.76536502982784
5147000	56.76631865521182
5147500	56.764703994042
5148000	56.76822535500603
5148500	56.767530233394105
5149000	56.76884763995328
5149500	56.76659157858257
5150000	56.76332997503738
5150500	56.7626356280759
5151000	56.761577252255144
5151500	56.75960021041557
5152000	56.762200441319855
5152500	56.760951831184656
5153000	56.761263427930096
5153500	56.759373857726416
5154000	56.76032676301986
5154500	56.761279485025874
5155000	56.762509215629706
5155500	56.76538461538462
5156000	56.765608875955834
5156500	56.76591981132076
5157000	56.765589854338764
5157500	56.76077456395535
5158000	56.75815938184754
5158500	56.7623147738848
5159000	56.7625392351547
5159500	56.761205692837834
5160000	56.758955047040814
5160500	56.7550606120763
5161000	56.755735699969904
5161500	56.757050933188204
5162000	56.75516488581873
5162500	56.75246612084472
5163000	56.75589180332066
5163500	56.75456
5164000	56.75350521863221
5164500	56.75545971679219
5165000	56.75513128934841
5165500	56.753886507581086
5166000	56.75027346523633
5166500	56.747110482854794
5167000	56.746782982424726
5167500	56.74901356389612
5168000	56.74932538718299
5168500	56.75374995204665
5169000	56.75378477905073
5169500	56.758018014562516
5170000	56.75888165884714
5170500	56.75827687587882
5171000	56.75895036875136
5171500	56.75670494411747
5172000	56.75829371773246
5172500	56.757326586548594
5173000	56.75699847956355
5173500	56.7563078888534
5174000	56.75725736914381
5174500	56.759207812030986
5175000	56.761710144002045
5175500	56.761381776387196
5176000	56.76041500399043
5176500	56.7610012704209
5177000	56.76003472576856
5177500	56.757515797536215
5178000	56.75810219164443
5178500	56.75641181087791
5179000	56.75763627894512
5179500	56.75986065563311
5180000	56.75761886838193
5180500	56.75637746151835
5181000	56.75760146448185
5181500	56.75691189132307
5182000	56.761410378230835
5182500	56.75972096463596
5183000	56.76202985226889
5183500	56.76215006598619
5184000	56.761184705417364
5184500	56.76194240110149
5185000	56.76125282037554
5185500	56.76311261232554
5186000	56.76233686786297
5186500	56.764833316342134
5187000	56.76614126071943
5187500	56.76572702659659
5188000	56.76639764569492
5188500	56.76706814519468
5189000	56.770010699546546
5189500	56.77095605326337
5190000	56.77308848250217
5190500	56.77203705472257
5191000	56.769798828622356
5191500	56.7672858288668
5192000	56.764325858787736
5192500	56.768814638027045
5193000	56.77084327688577
5193500	56.771701642974406
5194000	56.772921040911115
5194500	56.77259280465693
5195000	56.77572025623247
5195500	56.7743946265353
5196000	56.77251941411045
5196500	56.77409918217315
5197000	56.772499221040185
5197500	56.77026374017651
5198000	56.76902536715621
5198500	56.765072342156785
5199000	56.76538077712732
5199500	56.76632472765638
5200000	56.765636717210874
5200500	56.765859021039454
5201000	56.765171202195866
5201500	56.76575414699847
5202000	56.76451717412986
5202500	56.76192412010188
5203000	56.762867740460344
5203500	56.766626022455924
5204000	56.76784353568707
5204500	56.770416650793045
5205000	56.77235442009295
5205500	56.77012245830767
5206000	56.770704397006455
5206500	56.76974243751349
5207000	56.77104488220959
5207500	56.773890584644285
5208000	56.77129931027481
5208500	56.77323571025232
5209000	56.7700105944972
5209500	56.77031793154196
5210000	56.770985297289066
5210500	56.7738293810608
5211000	56.77576464768814
5211500	56.77524905040615
5212000	56.77781793510997
5212500	56.77685636031649
5213000	56.77327332086596
5213500	56.771952510443015
5214000	56.76927854784224
5214500	56.76831818700331
5215000	56.769259040992594
5215500	56.765490454496494
5216000	56.76670531364238
5216500	56.768005676167064
5217000	56.76605286661726
5217500	56.766633942426445
5218000	56.765126854045015
5218500	56.766426870662144
5219000	56.76582703291415
5219500	56.767041065707666
5220000	56.76698869319693
5220500	56.76693633129503
5221000	56.76760260272932
5221500	56.76890165947267
5222000	56.7679426897106
5222500	56.76860869069993
5223000	56.77180549843399
5223500	56.77274452739466
5224000	56.77178554483632
5224500	56.77263871669661
5225000	56.773577387465444
5225500	56.77099473194917
5226000	56.76904495412264
5226500	56.76736892688232
5227000	56.76767549045021
5227500	56.76572663998938
5228000	56.76413698941859
5228500	56.765075813597775
5229000	56.76276906353881
5229500	56.7652448657188
5230000	56.76744700344359
5230500	56.770639187763386
5231000	56.771030753291384
5231500	56.7699878086527
5232000	56.76812591979687
5232500	56.767168967651486
5233000	56.770991209457414
5233500	56.77607567280856
5234000	56.77448683869909
5234500	56.774792292734666
5235000	56.77636022750945
5235500	56.77513018778602
5236000	56.77516268090559
5236500	56.775826270250484
5237000	56.77928666986395
5237500	56.77769855441909
5238000	56.77882158472186
5238500	56.778495546190925
5239000	56.77934562520106
5239500	56.77956480605487
5240000	56.77671617317819
5240500	56.77647592982633
5241000	56.778944979002986
5241500	56.780510563713285
5242000	56.78144543070406
5242500	56.780761472516396
5243000	56.78421732690428
5243500	56.78172799979833
5244000	56.78175986085466
5244500	56.78107612524339
5245000	56.77724222663264
5245500	56.77403909759279
5246000	56.772811742102114
5246500	56.7733889305308
5247000	56.77262106449845
5247500	56.77319814855631
5248000	56.7735029280272
5248500	56.77407981061036
5249000	56.77753224923037
5249500	56.77559062553114
5250000	56.77427882648405
5250500	56.77305254677852
5251000	56.773629195169384
5251500	56.77231797330715
5252000	56.773880982042854
5252500	56.77364152830818
5253000	56.77367404583514
5253500	56.773077527913195
5254000	56.773110089377255
5254500	56.77377156405854
5255000	56.775690649427425
5255500	56.77626656102821
5256000	56.77244119736685
5256500	56.77427466758872
5257000	56.77476537405003
5257500	56.77506945404719
5258000	56.77447332696466
5258500	56.77190689256447
5259000	56.773196264970906
5259500	56.77385709618237
5260000	56.772004774769115
5260500	56.768726285900954
5261000	56.76750292081758
5261500	56.77059126480675
5262000	56.77081043740384
5262500	56.76824635324111
5263000	56.7663106607144
5263500	56.76607232546459
5264000	56.764493549703374
5264500	56.7680216938258
5265000	56.76922497552158
5265500	56.77239578757107
5266000	56.769646880157644
5266500	56.768424685470464
5267000	56.76720270550073
5267500	56.76777816117193
5268000	56.77059155636409
5268500	56.768301479674086
5269000	56.76824946846209
5269500	56.769180599280055
5270000	56.76706109574782
5270500	56.76736516057835
5271000	56.76597452101515
5271500	56.76412693238381
5272000	56.76263547523679
5272500	56.764193398769
5273000	56.764226623213844
5273500	56.76605504587155
5274000	56.764834889404106
5274500	56.7654098216859
5275000	56.76669590276908
5275500	56.767896965596734
5276000	56.76730347635453
5276500	56.77082354709607
5277000	56.774528898602824
5277500	56.77197157080685
5278000	56.77281606892406
5278500	56.77257786821098
5279000	56.775385000626024
5279500	56.771407110666
5280000	56.77045845720544
5280500	56.76959471299472
5281000	56.76516232384671
5281500	56.76671734900106
5282000	56.76451818761965
5282500	56.76357061977241
5283000	56.76422937139925
5283500	56.76328200252693
5284000	56.76465069735443
5284500	56.76495419155123
5285000	56.762840955989944
5285500	56.76314456678734
5286000	56.762822917448176
5286500	56.76187618386752
5287000	56.763075153613904
5287500	56.76150355638336
5288000	56.76153692315384
5288500	56.759881268551794
5289000	56.76214399080218
5289500	56.76236293774015
5290000	56.759812833055335
5290500	56.759761879478035
5291000	56.760690060086695
5291500	56.76224261009138
5292000	56.76325485542997
5292500	56.76257914652879
5293000	56.76163360618378
5293500	56.76283111807563
5294000	56.76286433070522
5294500	56.76477013826036
5295000	56.7688178754213
5295500	56.76751791108116
5296000	56.76782048161946
5296500	56.76785324306617
5297000	56.76780154853039
5297500	56.77032970460713
5298000	56.76724326145132
5298500	56.765404838981304
5299000	56.76855622844384
5299500	56.76796527617539
5300000	56.76577329359092
5300500	56.76759237320896
5301000	56.766917293233085
5301500	56.76597283262579
5302000	56.767521878973746
5302500	56.76595426413119
5303000	56.767064894273375
5303500	56.763897630189994
5304000	56.763930687702114
5304500	56.7648561424495
5305000	56.762666566991236
5305500	56.761016083419506
5306000	56.76202577374168
5306500	56.763304580699405
5307000	56.76316920221941
5307500	56.766854090000564
5308000	56.76999993773853
5308500	56.76905645342033
5309000	56.76678390239348
5309500	56.76770820365991
5310000	56.76738758363156
5310500	56.76795837974746
5311000	56.76826005251826
5311500	56.7669640746133
5312000	56.76513040015927
5312500	56.76543225236546
5313000	56.76911306424826
5313500	56.76976757203899
5314000	56.77469107010703
5314500	56.77277334543849
5315000	56.773343115980325
5315500	56.773997003288926
5316000	56.775894117135095
5316500	56.773708289820476
5317000	56.774361970587876
5317500	56.77120234677009
5318000	56.77496333490766
5318500	56.77207285019231
5319000	56.77423764197131
5319500	56.771347808529804
5320000	56.76978506646788
5320500	56.77292321452973
5321000	56.772065810803255
5321500	56.773340123337945
5322000	56.77328812633121
5322500	56.770936817007744
5323000	56.773720905687554
5323500	56.7757995629718
5324000	56.773348561780736
5324500	56.77178696226966
5325000	56.77146687188144
5325500	56.77176739250498
5326000	56.777115909654995
5326500	56.77528633650589
5327000	56.77612273638106
5327500	56.77774745043548
5328000	56.780176156804366
5328500	56.77931937010413
5329000	56.77687026735381
5329500	56.776817992968006
5330000	56.77393353174603
5330500	56.776713475309215
5331000	56.775773355650614
5331500	56.77518534130074
5332000	56.77327383165986
5332500	56.77384169166315
5333000	56.777056169748654
5333500	56.780805789988975
5334000	56.78021760142754
5334500	56.778038671466014
5335000	56.77904153037963
5335500	56.77554029026084
5336000	56.77424949057644
5336500	56.7726912405866
5337000	56.77334258078099
5337500	56.77329073324169
5338000	56.77456103420094
5338500	56.772384248224796
5339000	56.77144590395306
5339500	56.769186014124514
5340000	56.77161017211395
5340500	56.77137482053567
5341000	56.77070442057324
5341500	56.77224157452838
5342000	56.77501577599327
5342500	56.77284059064787
5343000	56.771200593802185
5343500	56.770179420732646
5344000	56.76986060778469
5344500	56.769541853979476
5345000	56.77196366851539
5345500	56.77288127210228
5346000	56.77035681610248
5346500	56.770923476325876
5347000	56.770871962224035
5347500	56.77143845944676
5348000	56.77085264419809
5348500	56.77115193307011
5349000	56.770833333333336
5349500	56.76954630819413
5350000	56.76984563306504
5350500	56.767941298184724
5351000	56.76673851417702
5351500	56.76571936714958
5352000	56.767871366911805
5352500	56.76693586229039
5353000	56.76935424126436
5353500	56.76938652048842
5354000	56.76968563474869
5354500	56.76963431569202
5355000	56.774336883940805
5355500	56.77525254083541
5356000	56.77485037329549
5356500	56.774531881420245
5357000	56.7748303516348
5357500	56.77574561268236
5358000	56.778511071362495
5358500	56.777842191605096
5359000	56.77814024333841
5359500	56.778438239936854
5360000	56.779352738438014
5360500	56.77876760888998
5361000	56.77871545607536
5361500	56.775581402516075
5362000	56.77341419520252
5362500	56.77397884980403
5363000	56.7729611485966
5363500	56.77360920276773
5364000	56.77302495795161
5364500	56.77050927437488
5365000	56.769492318874505
5365500	56.77128884837585
5366000	56.772469176858934
5366500	56.77188531454751
5367000	56.77068581210054
5367500	56.77045173286377
5368000	56.76855357527626
5368500	56.773077585994635
5369000	56.77355819535914
5369500	56.77447148967597
5370000	56.773272450907385
5370500	56.774185608624485
5371000	56.775630495105545
5371500	56.77346720313019
5372000	56.769724781929355
5372500	56.768094280319104
5373000	56.76724562094076
5373500	56.76789294367981
5374000	56.767925224449634
5374500	56.76883819596028
5375000	56.76852136489394
5375500	56.76916834702208
5376000	56.77008095697662
5376500	56.771873751498205
5377000	56.77436404870044
5377500	56.77439575229071
5378000	56.77592203418993
5378500	56.776568029885965
5379000	56.77563633906135
5379500	56.77646451739729
5380000	56.77913526329691
5380500	56.777589426100626
5381000	56.77700669409814
5381500	56.78414178073359
5382000	56.78277795175026
5382500	56.78553009651514
5383000	56.78302187952754
5383500	56.786038745795175
5384000	56.78729698874307
5384500	56.78847168861776
5385000	56.78815363939296
5385500	56.78687357718339
5386000	56.78471506405537
5386500	56.7843974502911
5387000	56.78250467748367
5387500	56.78280071152548
5388000	56.78309669109755
5388500	56.78680722928511
5389000	56.78464991353619
5389500	56.78187983248411
5390000	56.783583782425026
5390500	56.78300157551755
5391000	56.781723336827326
5391500	56.78079337059919
5392000	56.77925070633155
5392500	56.778238062555154
5393000	56.781862745098046
5393500	56.78338388015808
5394000	56.78237110370515
5394500	56.7835440556699
5395000	56.783227063082265
5395500	56.785359938264804
5396000	56.788104817720296
5396500	56.785602753063216
5397000	56.78406113002376
5397500	56.786540792712046
5398000	56.78587607282344
5398500	56.78739540549309
5399000	56.791098217072765
5399500	56.787373239738315
5400000	56.78487286968761
5400500	56.78359674725113
5401000	56.78738153362334
5401500	56.78977602946305
5402000	56.78972319926594
5402500	56.78826580544138
5403000	56.791535427051166
5403500	56.789995107632095
5404000	56.787843580884825
5404500	56.78874961785386
5405000	56.786334401212976
5405500	56.78479511428729
5406000	56.78727084899721
5406500	56.79001026844654
5407000	56.79030454153756
5407500	56.79216803045766
5408000	56.79211502386147
5408500	56.79084004912354
5409000	56.791051158926244
5409500	56.7898594990837
5410000	56.78832116788322
5410500	56.79114140525749
5411000	56.791435359068785
5411500	56.79260376528924
5412000	56.78958070011541
5412500	56.787085823834325
5413000	56.78790764685054
5413500	56.78663427378496
5414000	56.789369922544964
5414500	56.789663842980254
5415000	56.79022139771035
5415500	56.788948280491084
5416000	56.78871486360336
5416500	56.78935519885792
5417000	56.79174266594277
5417500	56.79195334992436
5418000	56.79015357591578
5418500	56.79044720777201
5419000	56.79004817366913
5419500	56.78938575417972
5420000	56.78967937032453
5420500	56.788753688214776
5421000	56.78870114353985
5421500	56.789340875013714
5422000	56.78780602263516
5422500	56.78749024960999
5423000	56.789265867212634
5423500	56.78937876239915
5424000	56.787927158410355
5424500	56.78708498324703
5425000	56.78676940882649
5425500	56.78740886471473
5426000	56.78709331644275
5426500	56.786514664328166
5427000	56.78524454403742
5427500	56.78519240136386
5428000	56.78357695562441
5428500	56.787523132365834
5429000	56.78755341295059
5429500	56.785592560132436
5430000	56.78562299930622
5430500	56.78469936044495
5431000	56.782295995667695
5431500	56.78502330222314
5432000	56.78539923954372
5432500	56.78421305561807
5433000	56.787022055692745
5433500	56.7848823418503
5434000	56.78535591571138
5434500	56.78591191297103
5435000	56.785251752631225
5435500	56.79127934193807
5436000	56.78974820362558
5436500	56.78977825325811
5437000	56.788165004345736
5437500	56.79210423959549
5438000	56.7954350719195
5438500	56.79416679325535
5439000	56.79289876117163
5439500	56.79110598098478
5440000	56.789920969025445
5440500	56.78770135328847
5441000	56.78617196372934
5441500	56.78646472252924
5442000	56.7871022589264
5442500	56.786098107433645
5443000	56.78430705903067
5443500	56.783910446311495
5444000	56.783251590346225
5444500	56.7805097141886
5445000	56.7810650887574
5445500	56.78257175799503
5446000	56.7813065058311
5446500	56.782206150915236
5447000	56.78128564148608
5447500	56.78313618441007
5448000	56.783428866041916
5448500	56.78640959237268
5449000	56.78427614981564
5449500	56.787862617638496
5450000	56.786597788125725
5450500	56.78689001655117
5451000	56.785887487875854
5451500	56.785917780983674
5452000	56.7862099897569
5452500	56.78494591072998
5453000	56.78463216579809
5453500	56.78492440997365
5454000	56.78487255454374
5454500	56.78577054026874
5455000	56.7857186125683
5455500	56.783326064835
5456000	56.78153957967416
5456500	56.781570213899855
5457000	56.778834799774735
5457500	56.780943846349466
5458000	56.78460718783299
5458500	56.78377053050896
5459000	56.78708927576939
5459500	56.787380985527605
5460000	56.79069880043093
5460500	56.7900412727999
5461000	56.791542869591005
5461500	56.79235693454506
5462000	56.79040727923916
5462500	56.78680749640061
5463000	56.789257198161145
5463500	56.78739052595926
5464000	56.78578556179809
5464500	56.784262977117706
5465000	56.78542059691385
5465500	56.78778718258767
5466000	56.7886830094006
5466500	56.789921960478516
5467000	56.78839970020068
5467500	56.78661654317108
5468000	56.787773305776135
5468500	56.78599052499275
5469000	56.787490256974195
5469500	56.786916147586055
5470000	56.78444781403103
5470500	56.788706530471714
5471000	56.78805047021376
5471500	56.785321721484735
5472000	56.786738730034116
5472500	56.788841253547496
5473000	56.788871178090126
5473500	56.78795452761729
5474000	56.78884904680841
5474500	56.79129343023396
5475000	56.79124115786678
5475500	56.79040658551452
5476000	56.79001170691673
5476500	56.786942617510405
5477000	56.78723340070591
5477500	56.790622473726756
5478000	56.787814809229374
5478500	56.786817216753526
5479000	56.78865662280014
5479500	56.78645302521363
5480000	56.78614069151823
5480500	56.78393777697386
5481000	56.78732486073264
5481500	56.790629540097534
5482000	56.786700261606526
5482500	56.78940167437151
5483000	56.78917107626291
5483500	56.78825606691535
5484000	56.786656864989936
5484500	56.78634476691992
5485000	56.786114491583625
5485500	56.78339287112728
5486000	56.78127409406323
5486500	56.78431608745408
5487000	56.78434631784346
5487500	56.78403459011556
5488000	56.78621320872874
5488500	56.79079989162176
5489000	56.79066603252198
5489500	56.790353844857265
5490000	56.7884960333225
5490500	56.78818409981402
5491000	56.787448771416706
5491500	56.78868221998905
5492000	56.78622357804293
5492500	56.784188676974914
5493000	56.78181249398402
5493500	56.78089978885821
5494000	56.78608377643577
5494500	56.78517083967354
5495000	56.78391657595786
5495500	56.78566918622481
5496000	56.78355400026456
5496500	56.78264163194632
5497000	56.7837927199495
5497500	56.78434248411587
5498000	56.787897365621454
5498500	56.784499441085615
5499000	56.78324619914669
5499500	56.78525719985339
5500000	56.784004133547214
5500500	56.78875879345665
5501000	56.789307703859436
5501500	56.78693487257417
5502000	56.787224330947005
5502500	56.78751373717114
5503000	56.78772157371379
5503500	56.78981212961796
5504000	56.78855955861605
5504500	56.78824843020255
5505000	56.786395995149995
5505500	56.78582575084627
5506000	56.785433507972805
5506500	56.78366328018578
5507000	56.78301201855286
5507500	56.7805609719514
5508000	56.782569049504474
5508500	56.78019987283002
5509000	56.7777497870707
5509500	56.77735862635617
5510000	56.777989001697115
5510500	56.77707953564233
5511000	56.77642939370683
5511500	56.7763788968825
5512000	56.776927872626125
5512500	56.777557993166695
5513000	56.78178418163075
5513500	56.78019429345383
5514000	56.77954421520042
5514500	56.780173885949516
5515000	56.7787470641806
5515500	56.77997579649888
5516000	56.77906705085274
5516500	56.7814935278861
5517000	56.78084365997257
5517500	56.78267066721764
5518000	56.78270086411843
5518500	56.78179227093637
5519000	56.779863971644794
5519500	56.77690106442845
5520000	56.777109335248866
5520500	56.77859579816843
5521000	56.77948349642398
5521500	56.77883435766393
5522000	56.77938210954002
5522500	56.77899170725287
5523000	56.77987903008693
5523500	56.78110586672888
5524000	56.78019835145772
5524500	56.77929099902508
5525000	56.780776039423955
5525500	56.781064805678646
5526000	56.78374532103948
5526500	56.78522956239947
5527000	56.783643211574095
5527500	56.787776622072386
5528000	56.787725191569734
5528500	56.787592636863494
5529000	56.785829538527736
5529500	56.78765207830389
5530000	56.78793998673542
5530500	56.786693671249076
5531000	56.78425281519759
5531500	56.78454094737471
5532000	56.78542631028819
5532500	56.78750597228858
5533000	56.78966635414117
5533500	56.78909874781301
5534000	56.78845017106213
5534500	56.79299804174428
5535000	56.79388219281122
5535500	56.79271750485002
5536000	56.79214988748888
5536500	56.792776017140845
5537000	56.793917729412954
5537500	56.79752719547926
5538000	56.79602381889999
5538500	56.79843925255948
5539000	56.795404109098726
5539500	56.79364359766645
5540000	56.795719832753775
5540500	56.794556005510785
5541000	56.79305368367067
5541500	56.79580677284898
5542000	56.79549709624718
5542500	56.79757227432346
5543000	56.79964708126669
5543500	56.79576058512509
5544000	56.79400141858344
5544500	56.7945455303983
5545000	56.792190842833556
5545500	56.793750297945365
5546000	56.79463269598585
5546500	56.79525752926807
5547000	56.79308003002467
5547500	56.79225614296352
5548000	56.79280009053493
5548500	56.790785210596525
5549000	56.79303486142375
5549500	56.79315950244431
5550000	56.79132158826366
5550500	56.789741269482185
5551000	56.78968986249181
5551500	56.78870523252007
5552000	56.789249090898274
5552500	56.78842628960461
5553000	56.79024099970247
5553500	56.78874245083747
5554000	56.79505943669011
5554500	56.79619736575964
5555000	56.797415946891284
5555500	56.79744471276811
5556000	56.79858211707051
5556500	56.7974213806556
5557000	56.797707041214984
5557500	56.7961280502307
5558000	56.79403563635931
5558500	56.79101150313587
5559000	56.791554469746956
5559500	56.792610951625264
5560000	56.794423016349405
5560500	56.79377700128953
5561000	56.79168597810974
5561500	56.78892051024591
5562000	56.79217708494232
5562500	56.78983010573838
5563000	56.787996863788635
5563500	56.78828301785938
5564000	56.788569120948296
5564500	56.79038004750594
5565000	56.78880398059578
5565500	56.789346505732254
5566000	56.78878222823796
5566500	56.786437216922614
5567000	56.78697982513934
5567500	56.78548536429029
5568000	56.78509753188257
5568500	56.7832665776591
5569000	56.78566978562826
5569500	56.78476927275532
5570000	56.78598547767073
5570500	56.78627145085804
5571000	56.787231013784435
5571500	56.78480772424264
5572000	56.79017470615445
5572500	56.78953048469539
5573000	56.78710763794187
5573500	56.785358565737056
5574000	56.78327316272149
5574500	56.780595369349506
5575000	56.783925554929915
5575500	56.78421146209921
5576000	56.784416908152444
5576500	56.78503919744491
5577000	56.78566138349874
5577500	56.78620305585014
5578000	56.78792941051023
5578500	56.78795884398268
5579000	56.78798827257382
5579500	56.78582427214365
5580000	56.7890706887669
5580500	56.78850788424986
5581000	56.79056934444866
5581500	56.79111016387232
5582000	56.790803127978364
5582500	56.79227190396704
5583000	56.79170908402188
5583500	56.79165778945624
5584000	56.79379826611829
5584500	56.79408284023668
5585000	56.79495902730527
5585500	56.79498784232292
5586000	56.79290598897329
5586500	56.79555658083865
5587000	56.797023788400345
5587500	56.79553371301503
5588000	56.79514623963667
5588500	56.79424790534588
5589000	56.795378894032645
5589500	56.794816465761365
5590000	56.79265582143195
5590500	56.79142235672404
5591000	56.788496317923375
5591500	56.79055391725222
5592000	56.79142931429787
5592500	56.79163343082514
5593000	56.79040062388855
5593500	56.79422954228597
5594000	56.79299671573376
5594500	56.79353604082501
5595000	56.7953366957631
5595500	56.792748102873006
5596000	56.79210633536265
5596500	56.790028695251706
5597000	56.79326488803349
5597500	56.7927034446117
5598000	56.793912956218385
5598500	56.79563228567213
5599000	56.79558076262534
5599500	56.79678970818212
5600000	56.794457983466
5600500	56.79356163413656
5601000	56.79620528734682
5601500	56.796998513414664
5602000	56.794922462558475
5602500	56.79158704319721
5603000	56.791870868054936
5603500	56.789460959198955
5604000	56.788565633218155
5604500	56.79061842237145
5605000	56.79056742815033
5605500	56.792030181560946
5606000	56.79618517688944
5606500	56.79377615371014
5607000	56.794568823775535
5607500	56.794008285160366
5608000	56.79311320087675
5608500	56.794240331817214
5609000	56.79452361455578
5609500	56.79295963808582
5610000	56.795598984562275
5610500	56.79588206885992
5611000	56.7961651031453
5611500	56.79585924250989
5612000	56.792529483458054
5612500	56.79188964835126
5613000	56.79360463405014
5613500	56.79414205746105
5614000	56.795936504946944
5614500	56.79815914454364
5615000	56.79810753396847
5615500	56.794525545297816
5616000	56.79363174244564
5616500	56.79273809733915
5617000	56.79184460993659
5617500	56.79002905643065
5618000	56.78972410588782
5618500	56.79235962456776
5619000	56.791052674906794
5619500	56.7922575789647
5620000	56.79169851255218
5620500	56.79113953816489
5621000	56.7922642840348
5621500	56.79288090563909
5622000	56.79047898912724
5622500	56.79042817013975
5623000	56.79012345679012
5623500	56.79250271747114
5624000	56.790101697305104
5624500	56.790718167131736
5625000	56.79041353383458
5625500	56.79061653852705
5626000	56.79140679140679
5626500	56.79084844498732
5627000	56.7902901903677
5627500	56.78998573248707
5628000	56.79026841697391
5628500	56.79113808872478
5629000	56.79142062196969
5629500	56.79287697283084
5630000	56.79231884313138
5630500	56.79134782404582
5631000	56.79431059370269
5631500	56.797193114211616
5632000	56.79596841376559
5632500	56.795330556696186
5633000	56.79451910161131
5633500	56.79605386636637
5634000	56.79600262738106
5634500	56.797790366278456
5635000	56.799498070856444
5635500	56.79768759014529
5636000	56.80031423496098
5636500	56.79967641524366
5637000	56.80171625518745
5637500	56.80115814275164
5638000	56.797083782643355
5638500	56.798031000029304
5639000	56.79688736017439
5639500	56.7985938186612
5640000	56.799207916151595
5640500	56.804002319845814
5641000	56.803364632696216
5641500	56.801888339619985
5642000	56.80166329907171
5642500	56.80428671820098
5643000	56.803063662341316
5643500	56.804848059019854
5644000	56.80036532460614
5644500	56.79805176178573
5645000	56.80159217958849
5645500	56.80011706175008
5646000	56.79948029449978
5646500	56.796502849919825
5647000	56.79937740640616
5647500	56.799658305687686
5648000	56.79785173961118
5648500	56.79512828612544
5649000	56.797416969852954
5649500	56.797618420975674
5650000	56.79405830579841
5650500	56.79166837220998
5651000	56.79446175794748
5651500	56.794742873178826
5652000	56.7932701582495
5652500	56.790044074494084
5653000	56.78831946132984
5653500	56.7897699046773
5654000	56.79272076999947
5654500	56.79241754902649
5655000	56.79445155334303
5655500	56.79506429618897
5656000	56.79559753938905
5656500	56.796462451516426
5657000	56.795243212933975
5657500	56.797023746948405
5658000	56.79471606437898
5658500	56.79550139267633
5659000	56.79377813589308
5659500	56.7920551608176
5660000	56.79025318598691
5660500	56.78878303913327
5661000	56.79356073871729
5661500	56.791506895686325
5662000	56.79353852259066
5662500	56.79348777498979
5663000	56.7935163142417
5663500	56.79229871645274
5664000	56.793998226536615
5664500	56.79278081105045
5665000	56.79314065735367
5665500	56.79350044908957
5666000	56.79344973582001
5666500	56.793399032013525
5667000	56.79167832820225
5667500	56.79429101149144
5668000	56.796572128137115
5668500	56.799766831827455
5669000	56.802960976889224
5669500	56.79999533747909
5670000	56.80060607826568
5670500	56.796475750388964
5671000	56.79733839861093
5671500	56.7981216827951
5672000	56.7990632427646
5672500	56.797012890936735
5673000	56.79787519075522
5673500	56.797572524330086
5674000	56.79668755386802
5674500	56.79721892250716
5675000	56.79782935264868
5675500	56.798109000296925
5676000	56.80104788240431
5676500	56.803986285501395
5677000	56.80459596165376
5677500	56.80487492579357
5678000	56.805484426649286
5678500	56.80692709212264
5679000	56.80520886064902
5679500	56.80556686875269
5680000	56.808172716113305
5680500	56.81044763095896
5681000	56.8115587973546
5681500	56.81233933161953
5682000	56.81319895552854
5682500	56.81463993301079
5683000	56.81499700548316
5683500	56.816186517049914
5684000	56.82020335908749
5684500	56.81906699607615
5685000	56.817851558640086
5685500	56.818128981261914
5686000	56.8165836592609
5686500	56.81478769706373
5687000	56.81481438440934
5687500	56.81426006727982
5688000	56.81337578137708
5688500	56.81481524511028
5689000	56.81276936838559
5689500	56.80898145513048
5690000	56.80859960277361
5690500	56.80655482582211
5691000	56.80509104422148
5691500	56.80536928337949
5692000	56.80299555890975
5692500	56.80683586040356
5693000	56.80512183513078
5693500	56.80423919162841
5694000	56.80335670179674
5694500	56.80247436559564
5695000	56.800352782806485
5695500	56.799141332095616
5696000	56.79974938215741
5696500	56.79919715989512
5697000	56.8001345699851
5697500	56.80074239480324
5698000	56.80160064953894
5698500	56.804198440082345
5699000	56.805965475852226
5699500	56.80740285492306
5700000	56.809749083994255
5700500	56.80828739210333
5701000	56.808894195934315
5701500	56.808513104663426
5702000	56.80854023228319
5702500	56.80823815070438
5703000	56.80677722537055
5703500	56.80490857262045
5704000	56.80261862001043
5704500	56.804634322954385
5705000	56.807557967782486
5705500	56.80783532382685
5706000	56.80488793652633
5706500	56.804507577293016
5707000	56.80503523389866
5707500	56.80639184807781
5708000	56.80493241091846
5708500	56.804881013713384
5709000	56.80515842237477
5709500	56.80601455021096
5710000	56.80777800283573
5710500	56.80747641918871
5711000	56.80916065869719
5711500	56.80885900914714
5712000	56.81087147683621
5712500	56.81172666323443
5713000	56.8096896220631
5713500	56.81021619183121
5714000	56.80875795902081
5714500	56.80705021077771
5715000	56.8093115231834
5715500	56.80901007157642
5716000	56.80614651743594
5716500	56.80634476539513
5717000	56.80455930038322
5717500	56.80689850482305
5718000	56.80692568641389
5718500	56.80662459838661
5719000	56.80368410104699
5719500	56.80338334787356
5720000	56.80448760535878
5720500	56.806746960113216
5721000	56.805041327565
5721500	56.803585454881485
5722000	56.8023793023793
5722500	56.80356173559541
5723000	56.80095156158879
5723500	56.800651255167324
5724000	56.80010160606865
5724500	56.80070656691605
5725000	56.80337094865653
5725500	56.80447417479987
5726000	56.80557719720447
5726500	56.8032176718044
5727000	56.807782631023194
5727500	56.80888504255013
5728000	56.81031498788508
5728500	56.80886043090767
5729000	56.80888740201535
5729500	56.807433211830386
5730000	56.806306877818656
5730500	56.80485315403113
5731000	56.80653177957551
5731500	56.80507829616476
5732000	56.805931084579065
5732500	56.80447790446983
5733000	56.80681084570691
5733500	56.80503043157506
5734000	56.80934076383566
5734500	56.8084640473913
5735000	56.81227563714728
5735500	56.81230230293672
5736000	56.814306125270775
5736500	56.81170106745166
5737000	56.809345245295404
5737500	56.80896650232686
5738000	56.809569333901564
5738500	56.80902033952964
5739000	56.81102339534857
5739500	56.81105014365417
5740000	56.811901252763455
5740500	56.80962523746474
5741000	56.81130055374556
5741500	56.811575851411014
5742000	56.81062166921811
5742500	56.81081858725363
5743000	56.808792220495995
5743500	56.80906763326716
5744000	56.8073685845621
5744500	56.80977501136161
5745000	56.80799783717867
5745500	56.808273228192476
5746000	56.80912369088493
5746500	56.80734704674714
5747000	56.806720756257576
5747500	56.80699615924196
5748000	56.80727151472643
5748500	56.80672365524021
5749000	56.803301775624114
5749500	56.802924406842
5750000	56.80320001839091
5750500	56.80372381691233
5751000	56.803346510986486
5751500	56.807643912276575
5752000	56.80759265323475
5752500	56.8093429918944
5753000	56.809369812339526
5753500	56.80816968875462
5754000	56.81106816524141
5754500	56.81224337439343
5755000	56.812191718680914
5755500	56.81246626781346
5756000	56.8101181522775
5756500	56.8066223492807
5757000	56.808619333804025
5757500	56.809794119166376
5758000	56.810642669390845
5758500	56.810917208490906
5759000	56.81086571069529
5759500	56.81081422235482
5760000	56.812562032782
5760500	56.810541653759216
5761000	56.81171557717458
5761500	56.811494450658174
5762000	56.81348933241569
5762500	56.8148322313149
5763000	56.81772568538514
5763500	56.82004529686648
5764000	56.82113965634872
5764500	56.82288531544701
5765000	56.82438319728516
5765500	56.82236348108195
5766000	56.82280592156166
5766500	56.82193288098295
5767000	56.82302649674521
5767500	56.823299546775
5768000	56.82275224732298
5768500	56.82098111218685
5769000	56.82035595424264
5769500	56.822100156369025
5770000	56.82556228200296
5770500	56.824038758890836
5771000	56.82455879152971
5771500	56.82196863423209
5772000	56.82199435484333
5772500	56.82725060827251
5773000	56.827770177055484
5773500	56.82918732041258
5774000	56.82709202566348
5774500	56.82826190217298
5775000	56.82706448530212
5775500	56.82594540159184
5776000	56.823929237564506
5776500	56.82191341956669
5777000	56.822186119946
5777500	56.82384972658841
5778000	56.82526609586886
5778500	56.826188406460176
5779000	56.825316947921614
5779500	56.826239107065255
5780000	56.824549165799496
5780500	56.826614678322116
5781000	56.82721166214092
5781500	56.82887373457337
5782000	56.83004201080277
5782500	56.828923980819454
5783000	56.82805285054634
5783500	56.82946759695769
5784000	56.82802518655651
5784500	56.82747903192632
5785000	56.82603703090098
5785500	56.82606236825719
5786000	56.82486734105202
5786500	56.82693076545241
5787000	56.827773684901864
5787500	56.828045409899715
5788000	56.82538413662759
5788500	56.825656016625935
5789000	56.82225596876035
5789500	56.82342329999543
5790000	56.82597850346194
5790500	56.82486230415799
5791000	56.82627553932199
5791500	56.82508160423657
5792000	56.82331728025929
5792500	56.82415971061295
5793000	56.823783117683305
5793500	56.82666088603406
5794000	56.82864362597183
5794500	56.829239078978134
5795000	56.82772150743681
5795500	56.826930205238455
5796000	56.828912255092035
5796500	56.82714894975711
5797000	56.83051697794805
5797500	56.831034089613496
5798000	56.83358508849431
5798500	56.83279376225434
5799000	56.832170701682394
5799500	56.83244148872515
5800000	56.833036075512986
5800500	56.83127360990034
5801000	56.832114126843045
5801500	56.831491397971966
5802000	56.83290136994105
5802500	56.82910714692547
5803000	56.828484862291276
5803500	56.82932523931824
5804000	56.828133630188084
5804500	56.82783515720191
5805000	56.82729094552742
5805500	56.827561865617696
5806000	56.822632058287795
5806500	56.82461083127009
5807000	56.82545102726083
5807500	56.827674902973946
5808000	56.82534624620181
5808500	56.82707844966885
5809000	56.82784045331194
5809500	56.828434412101004
5810000	56.82927384216334
5810500	56.831573918187196
5811000	56.83127548612019
5811500	56.83048611269079
5812000	56.829864665074496
5812500	56.82721447375154
5813000	56.826671063328995
5813500	56.829215603788384
5814000	56.83119127335565
5814500	56.8306476823827
5815000	56.829535831405686
5815500	56.833784183128365
5816000	56.836081782950146
5816500	56.836106186644855
5817000	56.83410318907771
5817500	56.83291388057242
5818000	56.83212524710854
5818500	56.83036830027491
5819000	56.82950240533433
5819500	56.829449748130145
5820000	56.82655778851669
5820500	56.824234165176165
5821000	56.82215611019008
5821500	56.82412984609445
5822000	56.82691598122194
5822500	56.82945657233026
5823000	56.827456255356346
5823500	56.8294288568056
5824000	56.82710641002361
5824500	56.82624163777598
5825000	56.82821382777129
5825500	56.82678179373571
5826000	56.828508704753155
5826500	56.8278889840555
5827000	56.82475583334279
5827500	56.82356944365679
5828000	56.82383963253849
5828500	56.82443198249027
5829000	56.82543642311639
5829500	56.824572542972476
5830000	56.822575067882795
5830500	56.82114475518926
5831000	56.82117028270874
5831500	56.820062340606405
5832000	56.81661056520802
5832500	56.81801440381684
5833000	56.8179629115509
5833500	56.81685560673273
5834000	56.81995853302063
5834500	56.81788572755646
5835000	56.82009979666853
5835500	56.8211808013592
5836000	56.82112904961182
5836500	56.82164353621317
5837000	56.823045826680705
5837500	56.823637310627504
5838000	56.82479479196151
5838500	56.82595208984287
5839000	56.82654320288887
5839500	56.82656826568265
5840000	56.82829105972632
5840500	56.82742854556052
5841000	56.82705473638946
5841500	56.82934280800217
5842000	56.83025485814499
5842500	56.8288267903609
5843000	56.827643159347495
5843500	56.82597138170918
5844000	56.827371695178854
5844500	56.82530168172719
5845000	56.82645768308681
5845500	56.825596055882535
5846000	56.826674656701734
5846500	56.82750901629151
5847000	56.82632632066833
5847500	56.82595303359991
5848000	56.82590095563178
5848500	56.825848887080646
5849000	56.824987851871946
5849500	56.82832574379372
5850000	56.825525953042735
5850500	56.82547393632645
5851000	56.82348356049095
5851500	56.824638393285774
5852000	56.823777898256076
5852500	56.823803123905904
5853000	56.82600987001841
5853500	56.82345568183743
5854000	56.825418332091324
5854500	56.82286462655309
5855000	56.82394179371539
5855500	56.82727637022447
5856000	56.828917294506056
5856500	56.83039140445126
5857000	56.82759476814391
5857500	56.82835041949007
5858000	56.8286188181931
5858500	56.829451285898834
5859000	56.82706571829858
5859500	56.825078115306084
5860000	56.82478273374804
5860500	56.819899173311384
5861000	56.81872004510854
5861500	56.816733853917064
5862000	56.81869432856015
5862500	56.81743875353724
5863000	56.82084639145041
5863500	56.822805999086945
5864000	56.82589240427858
5864500	56.824226850599594
5865000	56.82441836222974
5865500	56.82348301312749
5866000	56.82181809987381
5866500	56.82007661108608
5867000	56.821791882118355
5867500	56.822060388963045
5868000	56.822405694912206
5868500	56.823237243561955
5869000	56.82069012117663
5869500	56.82200789374412
5870000	56.82227626897266
5870500	56.82222472416123
5871000	56.82386184536408
5871500	56.82212166238912
5872000	56.82295272023276
5872500	56.82145590420025
5873000	56.82164741364273
5873500	56.8211100796129
5874000	56.81824574826583
5874500	56.81939639411583
5875000	56.819984362607514
5875500	56.825634305062636
5876000	56.82477728786106
5876500	56.819664387259316
5877000	56.81929363869974
5877500	56.82132535675329
5878000	56.822155631391645
5878500	56.82129927368398
5879000	56.820609099391795
5879500	56.819114316065175
5880000	56.81689175138956
5880500	56.82189840909474
5881000	56.82240890062653
5881500	56.821795584921986
5882000	56.8206972105958
5882500	56.82240785578257
5883000	56.821232972897064
5883500	56.82406663708514
5884000	56.82289180309454
5884500	56.82171718022586
5885000	56.82335038492422
5885500	56.823936979579
5886000	56.82564635207591
5886500	56.82503326203749
5887000	56.82442028212655
5887500	56.82444530508922
5888000	56.82471264367817
5888500	56.82129388524737
5889000	56.821242592925124
5889500	56.81958456307302
5890000	56.820732063107336
5890500	56.818997823306326
5891000	56.81950770749658
5891500	56.82057840299747
5892000	56.822044117399614
5892500	56.82367522278241
5893000	56.82145721062991
5893500	56.821966659751155
5894000	56.821431174554405
5894500	56.822577661166896
5895000	56.81916283137224
5895500	56.81711172395237
5896000	56.817863368101285
5896500	56.82125143609718
5897000	56.819837489492855
5897500	56.81786344661418
5898000	56.818614762272944
5898500	56.820562810579446
5899000	56.81931490350951
5899500	56.81702337409189
5900000	56.815368674563835
5900500	56.815636200716845
5901000	56.81534369312614
5901500	56.81624745223643
5902000	56.81571314990873
5902500	56.8145427672463
5903000	56.817049481338834
5903500	56.81651525074588
5904000	56.81629911563865
5904500	56.81512906042222
5905000	56.81459510884772
5905500	56.81542206429591
5906000	56.814252382204664
5906500	56.81172231671292
5907000	56.81223147153598
5907500	56.811697973887654
5908000	56.80996968374893
5908500	56.81135589523314
5909000	56.8111403165371
5909500	56.811090109939265
5910000	56.80904480466107
5910500	56.81011299403441
5911000	56.80894479385046
5911500	56.81224879954833
5912000	56.81115675917386
5912500	56.81006488969869
5913000	56.81200889713526
5913500	56.81115848649615
5914000	56.811667085743025
5914500	56.81161687553428
5915000	56.811325392746205
5915500	56.807923491162605
5916000	56.80707379333844
5916500	56.811009768712196
5917000	56.81135299965373
5917500	56.811061657796714
5918000	56.8141207478055
5918500	56.81302973790885
5919000	56.811380588681935
5919500	56.812523028482744
5920000	56.81230776101239
5920500	56.81106515514326
5921000	56.811256097424845
5921500	56.80897371505106
5922000	56.808048792736884
5922500	56.80712404588672
5923000	56.8085830492588
5923500	56.80749340310515
5924000	56.804895463774905
5924500	56.80516278732507
5925000	56.80344006380403
5925500	56.80259210100718
5926000	56.801186645773974
5926500	56.80201177625123
5927000	56.80203838133788
5927500	56.799759162420415
5928000	56.799469309712414
5928500	56.79949610653111
5929000	56.80063762073828
5929500	56.80058852050626
5930000	56.79758813236294
5930500	56.79952747393584
5931000	56.80090931378011
5931500	56.802290922664646
5932000	56.802001047318754
5932500	56.80083778032776
5933000	56.801826890943516
5933500	56.80495452596169
5934000	56.8036265217246
5934500	56.80500721123059
5935000	56.80662817307639
5935500	56.810235396298694
5936000	56.81081803302417
5936500	56.81052766350666
5937000	56.80801086520907
5937500	56.80660763284002
5938000	56.806558070422454
5938500	56.80714075046883
5939000	56.806610466572074
5939500	56.80791400529678
5940000	56.80730800899036
5940500	56.807334141809726
5941000	56.807600527319956
5941500	56.80508587701344
5942000	56.804240101887025
5942500	56.806490899283176
5943000	56.80675726773282
5943500	56.81202773406876
5944000	56.81427737469769
5944500	56.81485887735644
5945000	56.813696878734824
5945500	56.81563003724084
5946000	56.81502395429232
5946500	56.81584519370239
5947000	56.815314939846076
5947500	56.81613602267045
5948000	56.812992049425795
5948500	56.812070842870156
5949000	56.812336475594236
5949500	56.81402853921226
5950000	56.81333451822888
5950500	56.81280476290973
5951000	56.81108877461488
5951500	56.81333570254542
5952000	56.81613752207083
5952500	56.81751306095483
5953000	56.81659209255332
5953500	56.8143213988343
5954000	56.81490197819764
5954500	56.81516713934476
5955000	56.818446682760346
5955500	56.822356264115555
5956000	56.81873668323863
5956500	56.81868619618287
5957000	56.8180809515356
5957500	56.81803053164107
5958000	56.817185931320616
5958500	56.81452641620357
5959000	56.81392176218098
5959500	56.81450181882708
5960000	56.812233853797025
5960500	56.81218397941985
5961000	56.816090297258036
5961500	56.815800706220166
5962000	56.81250034643121
5962500	56.81158135100982
5963000	56.8127154431895
5963500	56.80958001540516
5964000	56.80794357050639
5964500	56.80757936727796
5965000	56.80523854898398
5965500	56.8050254541023
5966000	56.80442236217507
5966500	56.80468784616066
5967000	56.80661471919011
5967500	56.80830209158218
5968000	56.80769890972718
5968500	56.805434824735755
5969000	56.80688273006101
5969500	56.80659429476144
5970000	56.808683763333136
5970500	56.80926314391193
5971000	56.80810674695195
5971500	56.810346258778225
5972000	56.8088756086764
5972500	56.80858715799375
5973000	56.809166302441504
5973500	56.80863893606546
5974000	56.806376846868275
5974500	56.80442935053155
5975000	56.80445555506394
5975500	56.801088351103836
5976000	56.80056182881916
5976500	56.798854324482726
5977000	56.80046442196053
5977500	56.79962407054205
5978000	56.79996462094661
5978500	56.79825773571974
5979000	56.79955342091737
5979500	56.796264058139215
5980000	56.795349299853
5980500	56.793568350093935
5981000	56.79296780039338
5981500	56.79551845488346
5982000	56.79499290145451
5982500	56.79328763415617
5983000	56.79355330453898
5983500	56.79516209200861
5984000	56.792114200513566
5984500	56.79143912580133
5985000	56.79122772146028
5985500	56.79197054098369
5986000	56.79278821736923
5986500	56.791636307434146
5987000	56.79134999089298
5987500	56.791854079858716
5988000	56.791567794271835
5988500	56.79135650552082
5989000	56.79296398677989
5989500	56.794019475324816
5990000	56.79428476857726
5990500	56.79368511633551
5991000	56.79481522338665
5991500	56.79256105363013
5992000	56.79416760417356
5992500	56.793329914473354
5993000	56.7951743455151
5993500	56.79386030202286
5994000	56.795228014465906
5994500	56.79376436670728
5995000	56.7926140278352
5995500	56.79374335176009
5996000	56.793144305750744
5996500	56.79317128545372
5997000	56.7919465306055
5997500	56.79110973983757
5998000	56.79137491254262
5998500	56.789987440230924
5999000	56.78891300276514
5999500	56.7864991545448
6000000	56.7851124059612
6000500	56.78592866307981
6001000	56.78595617913801
6001500	56.786221630014644
6002000	56.78672495237676
6002500	56.78785343081124
6003000	56.787255592742646
6003500	56.78752084720854
6004000	56.787235681970785
6004500	56.790252546654266
6005000	56.78996720301116
6005500	56.789919665456146
6006000	56.789321948106256
6006500	56.791162603907075
6007000	56.791502095870975
6007500	56.79231687394459
6008000	56.79085679085679
6008500	56.79205851619644
6009000	56.791773213451016
6009500	56.790863401920134
6010000	56.789716183375674
6010500	56.788569166657496
6011000	56.78969589023023
6011500	56.79058492422535
6012000	56.79084952950488
6012500	56.78860358775941
6013000	56.78886831128721
6013500	56.788820933823494
6014000	56.78884816782694
6014500	56.789736827646834
6015000	56.78835324818019
6015500	56.788855257881465
6016000	56.78723462689847
6016500	56.79000818371057
6017000	56.788862344509425
6017500	56.78865226416545
6018000	56.78891677145509
6018500	56.787771304954184
6019000	56.7861515402733
6019500	56.78696516211201
6020000	56.78527122421422
6020500	56.784987018974796
6021000	56.78720987030948
6021500	56.78747434391772
6022000	56.78742715409858
6022500	56.78721734788501
6023000	56.785212658561214
6023500	56.784068466096116
6024000	56.78895861675517
6024500	56.79008282595579
6025000	56.78987291784361
6025500	56.78818025765195
6026000	56.78789607028089
6026500	56.7876119296591
6027000	56.790069304324945
6027500	56.79111842105263
6028000	56.79388643415527
6028500	56.79391321507663
6029000	56.791436229397675
6029500	56.791151936336036
6030000	56.79055646283854
6030500	56.79113147165841
6031000	56.79444608826205
6031500	56.79666440202503
6032000	56.79849671018391
6032500	56.797190845047275
6033000	56.79495185197357
6033500	56.795215169490135
6034000	56.7927400981423
6034500	56.79464642647872
6035000	56.794051132661274
6035500	56.7951729386707
6036000	56.79379366226486
6036500	56.79429347231042
6037000	56.79479319480634
6037500	56.79286695603151
6038000	56.79586676445155
6038500	56.792609780657585
6039000	56.79427827209946
6039500	56.79454138555569
6040000	56.79175808243012
6040500	56.79304119481372
6041000	56.793851371680205
6041500	56.793331108911005
6042000	56.79437744414363
6042500	56.79432980951704
6043000	56.794903343996936
6043500	56.79383636174739
6044000	56.79440984619423
6044500	56.795529968781956
6045000	56.79384221776375
6045500	56.79215476196984
6046000	56.79351093717546
6046500	56.79463075510471
6047000	56.794967783540365
6047500	56.7916413930283
6048000	56.79214044903914
6048500	56.78990761026941
6049000	56.7893141030894
6049500	56.78926696565626
6050000	56.78781721452059
6050500	56.78808037445451
6051000	56.7880333571807
6051500	56.78938861099583
6052000	56.78801347610285
6052500	56.79069640468456
6053000	56.791505159141785
6053500	56.79285967737533
6054000	56.79203056768559
6054500	56.79424061480019
6055000	56.794503053555935
6055500	56.79585689026653
6056000	56.798537596856924
6056500	56.79794408433183
6057000	56.797424845872655
6057500	56.79519491996988
6058000	56.79436616645119
6058500	56.79182711712792
6059000	56.7904533877275
6059500	56.79017058592557
6060000	56.79206905765529
6060500	56.79209583580974
6061000	56.79266783344511
6061500	56.79441748896037
6062000	56.792425060099106
6062500	56.79214224199016
6063000	56.79216900303037
6063500	56.79212172737776
6064000	56.793164330710376
6064500	56.790937425077914
6065000	56.792363392667426
6065500	56.79255151072709
6066000	56.791724092847915
6066500	56.789498052673146
6067000	56.788906378505565
6067500	56.786680971805445
6068000	56.78803258691295
6068500	56.78853023174769
6069000	56.79073515479522
6069500	56.7899083717613
6070000	56.79211284167434
6070500	56.79213957159577
6071000	56.794034400174176
6071500	56.79709143158823
6072000	56.794322690191514
6072500	56.792951829520476
6073000	56.79313966079192
6073500	56.79262221496776
6074000	56.794751130237046
6074500	56.791439777617
6075000	56.788746797504366
6075500	56.789478836928495
6076000	56.794944309084585
6076500	56.7949707971243
6077000	56.796863529833985
6077500	56.79797732648234
6078000	56.79715109008862
6078500	56.796090114382636
6079000	56.79604261796043
6079500	56.7963038456312
6080000	56.79710853850752
6080500	56.79736963669465
6081000	56.79848276536662
6081500	56.79874371040133
6082000	56.797139876553935
6082500	56.79933935304409
6083000	56.79867448935245
6083500	56.79870066379132
6084000	56.797949018777125
6084500	56.79464271166557
6085000	56.79249689090188
6085500	56.7946218633419
6086000	56.79620348701464
6086500	56.79490938311018
6087000	56.792998800197616
6087500	56.794653956604115
6088000	56.79328650679057
6088500	56.792462046992796
6089000	56.79264943720218
6089500	56.794846748285146
6090000	56.795342073276615
6090500	56.796145477827274
6091000	56.79501299377709
6091500	56.79720939820868
6092000	56.79530019311303
6092500	56.79308324835651
6093000	56.79171706105359
6093500	56.796390298928365
6094000	56.796342891848504
6094500	56.794742492761166
6095000	56.79260014313908
6095500	56.79371103280022
6096000	56.791803323123624
6096500	56.789895923677356
6097000	56.790464730560345
6097500	56.791501815619746
6098000	56.79338842975207
6098500	56.79395683297298
6099000	56.793983300190185
6099500	56.79106661031826
6100000	56.79271860439917
6100500	56.79344734746502
6101000	56.79455720406693
6101500	56.793968379489456
6102000	56.79368724342241
6102500	56.794796811368165
6103000	56.79289114154361
6103500	56.79176119596939
6104000	56.7898560925166
6104500	56.78880010394335
6105000	56.79014350596272
6105500	56.79202797354205
6106000	56.79174717608153
6106500	56.79200762003723
6107000	56.791960690939
6107500	56.791987273140485
6108000	56.793637052267066
6108500	56.79312247746626
6109000	56.79361644576684
6109500	56.79449105553842
6110000	56.793903039285155
6110500	56.79030373831776
6111000	56.78840090638199
6111500	56.7903571196816
6112000	56.79177233328107
6112500	56.78986980405727
6113000	56.78935588162148
6113500	56.78667964104227
6114000	56.78585907727236
6114500	56.783884288586684
6115000	56.78036178503678
6115500	56.78285776048422
6116000	56.78257815244117
6116500	56.78260540663212
6117000	56.7855676341553
6117500	56.787682333873576
6118000	56.786322016044075
6118500	56.78526865050857
6119000	56.783602041643036
6119500	56.7803155092055
6120000	56.77895623622932
6120500	56.78037032437132
6121000	56.7794779866743
6121500	56.77680596047943
6122000	56.77730030879526
6122500	56.78018709548564
6123000	56.78314657685083
6123500	56.78371347459547
6124000	56.78282127804252
6124500	56.78385451798289
6125000	56.78334205655887
6125500	56.78552737357224
6126000	56.78524800656027
6126500	56.786120806382876
6127000	56.78614774658144
6127500	56.78255897994627
6128000	56.784976566334265
6128500	56.78254023038095
6129000	56.78010428855684
6129500	56.781210065728104
6130000	56.78093122560332
6130500	56.77872900178983
6131000	56.78006759852728
6131500	56.77978891991246
6132000	56.78173929447274
6132500	56.78068865906041
6133000	56.781254883786104
6133500	56.780670226695904
6134000	56.783391614985476
6134500	56.78465599913798
6135000	56.78191632637669
6135500	56.78163767702178
6136000	56.78151880598301
6136500	56.784006204489636
6137000	56.78318891467901
6137500	56.781527492824566
6138000	56.78309704445964
6138500	56.78312416210366
6139000	56.78200151817776
6139500	56.782494011250776
6140000	56.78329206588438
6140500	56.78055501733083
6141000	56.780509332013004
6141500	56.77884925845406
6142000	56.779341813564066
6142500	56.77976132829734
6143000	56.78109717716554
6143500	56.780586472717886
6144000	56.77984336001377
6144500	56.77664346647446
6145000	56.77767379822948
6145500	56.77685817078877
6146000	56.77896378350765
6146500	56.77730520859657
6147000	56.77510927595606
6147500	56.77429413156141
6148000	56.77808478384742
6148500	56.77750185441997
6149000	56.776149244586335
6149500	56.777178849161345
6150000	56.780662912170584
6150500	56.78061728925762
6151000	56.780876750895935
6151500	56.780598923356294
6152000	56.7790145475643
6152500	56.77635607696523
6153000	56.77638363698866
6153500	56.778559535957896
6154000	56.779051158394466
6154500	56.78145858952534
6155000	56.778728179685025
6155500	56.77975656767945
6156000	56.77733158674598
6156500	56.777054266894986
6157000	56.776704240472355
6157500	56.77558556431009
6158000	56.776613786145155
6158500	56.77656857063129
6159000	56.77521825684283
6159500	56.776550880468726
6160000	56.77872440877291
6160500	56.777606111325696
6161000	56.77434235935287
6161500	56.77651551722288
6162000	56.77570218768268
6162500	56.774352703949205
6163000	56.773539679220086
6163500	56.77279941660947
6164000	56.77198663885776
6164500	56.77362283876156
6165000	56.77365055028707
6165500	56.773142216957105
6166000	56.77286565756185
6166500	56.77205318812539
6167000	56.77154509450849
6167500	56.770964509439324
6168000	56.77229568982146
6168500	56.77393084086111
6169000	56.773654349957404
6169500	56.77307377071135
6170000	56.77195764078227
6170500	56.775358049553844
6171000	56.77354741617082
6171500	56.77082496586071
6172000	56.767495033546986
6172500	56.771502612867295
6173000	56.77122650348265
6173500	56.76766595289079
6174000	56.76708633093526
6174500	56.76550875127121
6175000	56.76553702554003
6175500	56.76251331203408
6176000	56.75972153104415
6176500	56.75998159384464
6177000	56.76001027243349
6177500	56.761412575366066
6178000	56.76060255916463
6178500	56.76025525131985
6179000	56.76242331534442
6179500	56.76352142731079
6180000	56.76126610302729
6180500	56.76075994716945
6181000	56.76041276800513
6181500	56.75953102696114
6182000	56.76055660392488
6182500	56.76272337059072
6183000	56.761913924700146
6183500	56.762173515688886
6184000	56.76327082476045
6184500	56.76269257282098
6185000	56.76592697874978
6185500	56.766417156870595
6186000	56.76537682777633
6186500	56.76212759819869
6187000	56.763455334059785
6187500	56.76287734740531
6188000	56.76130355368988
6188500	56.76102896019909
6189000	56.75831540051155
6189500	56.75994596528323
6190000	56.762268825011745
6190500	56.75978667634703
6191000	56.75890636176323
6191500	56.760536316665956
6192000	56.76262755646641
6192500	56.761285708949046
6193000	56.76238146821988
6193500	56.76287130561914
6194000	56.76313037539749
6194500	56.76095260451122
6195000	56.76075046544008
6195500	56.75834257915848
6196000	56.75669909540877
6196500	56.75429193132911
6197000	56.7550848451882
6197500	56.756641462348156
6198000	56.754696056006104
6198500	56.754883562228095
6199000	56.75331321768613
6199500	56.7557050485882
6200000	56.756266956628345
6200500	56.755460330657804
6201000	56.75442336388829
6201500	56.75331457560643
6202000	56.75296926036244
6202500	56.75109756617365
6203000	56.75188995381001
6203500	56.754049979490404
6204000	56.754842008821086
6204500	56.75190548983472
6205000	56.75239530684959
6205500	56.75258280967089
6206000	56.75147500479244
6206500	56.752497178029095
6207000	56.75222412113274
6207500	56.75164898345959
6208000	56.752512562814076
6208500	56.75277184876857
6209000	56.75379350354203
6209500	56.752758101340596
6210000	56.754843893846754
6210500	56.75304634704411
6211000	56.75140731912358
6211500	56.749998669951
6212000	56.74919405462341
6212500	56.74755577305659
6213000	56.74758520914004
6213500	56.74678097892279
6214000	56.746206903886964
6214500	56.745172903383626
6215000	56.74300389750571
6215500	56.74379532549286
6216000	56.74967304277557
6216500	56.74727424473588
6217000	56.748295052862666
6217500	56.74832441281366
6218000	56.74729082627805
6218500	56.74701868503285
6219000	56.74674658717127
6219500	56.74700587666444
6220000	56.7451399182858
6220500	56.74320260951794
6221000	56.74482597424674
6221500	56.743721582458676
6222000	56.742918753551905
6222500	56.74105388381998
6223000	56.74214584616691
6223500	56.74376865156488
6224000	56.74531958500143
6224500	56.7445169442483
6225000	56.744776182791135
6225500	56.74526499065738
6226000	56.74476374483805
6226500	56.746084399696414
6227000	56.74770600816231
6227500	56.74690355653198
6228000	56.74291748250264
6228500	56.74271767390036
6229000	56.744869591052826
6229500	56.744827586206895
6230000	56.746075950710015
6230500	56.74557499827615
6231000	56.74424278425424
6231500	56.74367051685918
6232000	56.74127809860163
6232500	56.74372978418793
6233000	56.744748311294444
6233500	56.744247693775854
6234000	56.74397646248045
6234500	56.74499472571044
6235000	56.74714440940291
6235500	56.747403010387956
6236000	56.74577097553737
6236500	56.74996820551952
6237000	56.748636919995555
6237500	56.74684751510014
6238000	56.74793646757155
6238500	56.74690625529751
6239000	56.74504589925999
6239500	56.74583417197216
6240000	56.74533398300955
6240500	56.74506294121073
6241000	56.744033340217435
6241500	56.74693946710722
6242000	56.746739803779334
6242500	56.74775657145883
6243000	56.74794337804787
6243500	56.74608425922495
6244000	56.74664295430607
6244500	56.74607164972188
6245000	56.745429047707255
6245500	56.74409990475182
6246000	56.74382920183073
6246500	56.74567483201947
6247000	56.74850682706703
6247500	56.74922240325003
6248000	56.74554898496758
6248500	56.748222899213
6249000	56.74983869773542
6249500	56.751154145139374
6250000	56.75058297244563
6250500	56.751598081773146
6251000	56.75185568972445
6251500	56.748641390539426
6252000	56.75018500898615
6252500	56.750742623973274
6253000	56.74994318452082
6253500	56.74808692343466
6254000	56.74864456398821
6254500	56.74860240734674
6255000	56.74704651605131
6255500	56.745719372579686
6256000	56.74627701442706
6256500	56.74722024139661
6257000	56.74830585911297
6257500	56.74675060604301
6258000	56.745581191480824
6258500	56.74448322657979
6259000	56.74421306074174
6259500	56.74499886487828
6260000	56.74495705378967
6260500	56.7452147932305
6261000	56.74600032725795
6261500	56.74543065092442
6262000	56.74410504316987
6262500	56.746245342958765
6263000	56.74544754185729
6263500	56.74517749356296
6264000	56.745363897755155
6264500	56.744566364211856
6265000	56.74324146116313
6265500	56.74221605683874
6266000	56.74330047520345
6266500	56.74167673070737
6267000	56.740879800035856
6267500	56.741137575204725
6268000	56.743048159357166
6268500	56.74376182919564
6269000	56.742964985713826
6269500	56.74186916873122
6270000	56.74182768835057
6270500	56.74050416093517
6271000	56.74257076155293
6271500	56.74184539179006
6272000	56.742401888462666
6272500	56.743186212782994
6273000	56.74186308702204
6273500	56.74422769966654
6274000	56.74501169381176
6274500	56.74338986621721
6275000	56.74575378538512
6275500	56.74285112433514
6276000	56.74159965877317
6276500	56.741857011973586
6277000	56.743167327425994
6277500	56.742072872192004
6278000	56.7428565412394
6278500	56.74123591957048
6279000	56.74119455146425
6279500	56.743556951965935
6280000	56.742533877121424
6280500	56.741966207292116
6281000	56.740644862566825
6281500	56.739323726396975
6282000	56.73770431434028
6282500	56.73615604336643
6283000	56.736711990111246
6283500	56.737424526118694
6284000	56.74024054820167
6284500	56.739445951915194
6285000	56.74000147230489
6285500	56.73920701603108
6286000	56.742021975711054
6286500	56.743401165999906
6287000	56.7426066295903
6287500	56.74023537079573
6288000	56.73973941881671
6288500	56.73894535478921
6289000	56.741077058897716
6289500	56.742981151705905
6290000	56.74188887429396
6290500	56.742443745107416
6291000	56.743680262245476
6291500	56.74160844670904
6292000	56.74163795276914
6292500	56.74031901428054
6293000	56.74087378487813
6293500	56.7422515832922
6294000	56.740109849718024
6294500	56.73931648613598
6295000	56.74219832836322
6295500	56.74087995506255
6296000	56.74068241469816
6296500	56.740414140618846
6297000	56.74329501915709
6297500	56.745352828188466
6298000	56.746729359411
6298500	56.745638200183656
6299000	56.7451426892423
6299500	56.74697278126377
6300000	56.74520111007937
6300500	56.74493264509631
6301000	56.74496186649603
6301500	56.74394209587747
6302000	56.74554475177528
6302500	56.745205594390924
6303000	56.74575915681288
6303500	56.74421531153162
6304000	56.74342277727097
6304500	56.74420311508841
6305000	56.743410706422594
6305500	56.742320998008175
6306000	56.73995649781178
6306500	56.73781909847965
6307000	56.73620609242926
6307500	56.73511734776754
6308000	56.73567120933474
6308500	56.737796731824105
6309000	56.738576951688444
6309500	56.74063131868707
6310000	56.74245876480355
6310500	56.742120313825716
6311000	56.744017973573825
6311500	56.744047213829
6312000	56.74467071261382
6312500	56.74492638280939
6313000	56.74525264265632
6313500	56.74416413198825
6314000	56.744419783073
6314500	56.7431050997922
6315000	56.744478174395475
6315500	56.74682716210911
6316000	56.746106505903036
6316500	56.74636190954616
6317000	56.74475065273469
6317500	56.74239015559765
6318000	56.7418257912634
6318500	56.74155833965423
6319000	56.7436800066953
6319500	56.74311566725071
6320000	56.74180220699754
6320500	56.743626617858546
6321000	56.74231332357248
6321500	56.74152309743536
6322000	56.740732995242325
6322500	56.74203413754345
6323000	56.7417668583377
6323500	56.74411311188354
6324000	56.741981173986446
6324500	56.73962350924503
6325000	56.73928606888479
6325500	56.74088317822936
6326000	56.739867600879876
6326500	56.74176088274018
6327000	56.74328701285132
6327500	56.74510930603077
6328000	56.746112582331776
6328500	56.74607112452799
6329000	56.74714462531531
6329500	56.743969879423695
6330000	56.74481750300245
6330500	56.74611669494845
6331000	56.7437610942884
6331500	56.74587844680873
6332000	56.746429466299176
6332500	56.74414477427302
6333000	56.743581580087366
6333500	56.744358390914975
6334000	56.7474481808504
6334500	56.74591164775988
6335000	56.744826722599626
6335500	56.74351630120048
6336000	56.74004903750848
6336500	56.740304113090424
6337000	56.74026319495516
6337500	56.74260441440314
6338000	56.746509796559074
6338500	56.74594690431618
6339000	56.74769532390606
6339500	56.748992434788505
6340000	56.746865469332434
6340500	56.743992076317575
6341000	56.74349992702405
6341500	56.74196541191924
6342000	56.740586319218245
6342500	56.7409113649629
6343000	56.73937739054309
6343500	56.73829447993414
6344000	56.73861960808833
6344500	56.73887447511279
6345000	56.74121305890259
6345500	56.74124234926423
6346000	56.745734108381775
6346500	56.744651153100975
6347000	56.74684803382928
6347500	56.7442030004322
6348000	56.74423206094151
6348500	56.74419088973234
6349000	56.743699338306875
6349500	56.74372842886667
6350000	56.74502373615391
6350500	56.74557321757596
6351000	56.743745478580834
6351500	56.74615152429821
6352000	56.750118386611646
6352500	56.749036074991025
6353000	56.748994531709315
6353500	56.748502962858915
6354000	56.74481998033596
6354500	56.74299327937413
6355000	56.7442876536339
6355500	56.74402155257601
6356000	56.742715391936095
6356500	56.74274452296636
6357000	56.74455849166484
6357500	56.7442223204305
6358000	56.74388620861753
6358500	56.742875560130166
6359000	56.74127517127382
6359500	56.740264870371526
6360000	56.739999272390875
6360500	56.74337147786681
6361000	56.744664598500314
6361500	56.74543791827742
6362000	56.748514069578945
6362500	56.74935709276048
6363000	56.75168831168831
6363500	56.75142196711944
6364000	56.75323326234872
6364500	56.75118414492272
6365000	56.74877051947175
6365500	56.75080617103808
6366000	56.75054000166154
6366500	56.75079306567259
6367000	56.752898178287936
6367500	56.75270201522057
6368000	56.75376853120717
6368500	56.75216958020181
6369000	56.75108988997302
6369500	56.75030488595968
6370000	56.748931047366014
6370500	56.74837076086505
6371000	56.75121794306408
6371500	56.748582426760876
6372000	56.74809231583261
6372500	56.74442006546017
6373000	56.746747992780236
6373500	56.74677675320768
6374000	56.74436694583452
6374500	56.744914414904926
6375000	56.74568607930978
6375500	56.74571490786923
6376000	56.74626215706198
6376500	56.745996775648365
6377000	56.74758061589977
6377500	56.745760252104326
6378000	56.744388529849246
6378500	56.74515981924464
6379000	56.74304605563155
6379500	56.74226291327934
6380000	56.744812579333214
6380500	56.7452896166937
6381000	56.744506490680976
6381500	56.744759428367196
6382000	56.74856793627446
6382500	56.74704286039815
6383000	56.74618997560963
6383500	56.74362970749212
6384000	56.74417641363384
6384500	56.743911530815105
6385000	56.744612230740955
6385500	56.74583044319982
6386000	56.74630697404789
6386500	56.74804237678489
6387000	56.74903614769581
6387500	56.74906467821308
6388000	56.74902336170543
6388500	56.749275662251655
6389000	56.74952792364003
6389500	56.75081475350473
6390000	56.752842349192555
6390500	56.755163157323075
6391000	56.75282897867147
6391500	56.75042534376568
6392000	56.755107633915415
6392500	56.75373828876342
6393000	56.75369661875711
6393500	56.75623978990467
6394000	56.75597438110943
6394500	56.75755304577055
6395000	56.757357425650454
6395500	56.75679866042358
6396000	56.75682659114869
6396500	56.75892146629323
6397000	56.75769240705816
6397500	56.75920041746103
6398000	56.760261410895566
6398500	56.75999586734167
6399000	56.75921382267104
6399500	56.75887858190608
6400000	56.761488643054136
6400500	56.76306548233836
6401000	56.76257655406033
6401500	56.76466943428961
6402000	56.76256169843663
6402500	56.76016127949778
6403000	56.760119142873364
6403500	56.75963062184163
6404000	56.760174456114996
6404500	56.76241987593027
6405000	56.7624473619024
6405500	56.76269795810951
6406000	56.762948515525835
6406500	56.76135835973213
6407000	56.758959755260804
6407500	56.75781632853082
6408000	56.758067178344476
6408500	56.757509490014854
6409000	56.75901477019556
6409500	56.758972772277225
6410000	56.75980879994638
6410500	56.76182914065038
6411000	56.75898620362542
6411500	56.759013908793776
6412000	56.75749515443936
6412500	56.75870707029055
6413000	56.7571189279732
6413500	56.75736961451248
6414000	56.757550616571415
6414500	56.75603258601234
6415000	56.75709096529871
6415500	56.75586559366918
6416000	56.75324809132778
6416500	56.75372173285942
6417000	56.75867788176756
6417500	56.75915100510407
6418000	56.75756405304493
6418500	56.75369483495546
6419000	56.75298527829127
6419500	56.75272116899567
6420000	56.75062038572032
6420500	56.75057915057915
6421000	56.752958617956075
6421500	56.75269459228528
6422000	56.75265319567254
6422500	56.757535677709214
6423000	56.75756343819312
6423500	56.75752165031208
6424000	56.75747986931131
6424500	56.756701137006736
6425000	56.75437919592561
6425500	56.75382328280204
6426000	56.75436566108583
6426500	56.75542228782743
6427000	56.75464401061488
6427500	56.753643460284486
6428000	56.7530878163662
6428500	56.75304642912232
6429000	56.751532102167566
6429500	56.751560266916165
6430000	56.74865705400056
6430500	56.749713439801795
6431000	56.74945005242491
6431500	56.7497006357315
6432000	56.749728921389774
6432500	56.75071553730814
6433000	56.75177137337314
6433500	56.74938347718865
6434000	56.75139733684037
6434500	56.75377178698201
6435000	56.75563226184239
6435500	56.75529920544019
6436000	56.75503559066117
6436500	56.75448056283059
6437000	56.7542170530694
6437500	56.75498048880674
6438000	56.75500836867343
6438500	56.755549623180066
6439000	56.75477277043988
6439500	56.752678126876745
6440000	56.75058382734108
6440500	56.74746344642829
6441000	56.745369918970376
6441500	56.74539847394051
6442000	56.7466751498235
6442500	56.74560827450337
6443000	56.74578949258448
6443500	56.74545771649585
6444000	56.74497332786213
6444500	56.74859211997497
6445000	56.749646132069664
6445500	56.7467500833312
6446000	56.74436730215052
6446500	56.74388318054103
6447000	56.74369004711637
6447500	56.74423135089689
6448000	56.744481694501694
6448500	56.74685146931432
6449000	56.75075856978842
6449500	56.752033374504784
6450000	56.74891741614779
6450500	56.74785166358358
6451000	56.747229324329176
6451500	56.74689783078705
6452000	56.74612322682773
6452500	56.747688446072274
6453000	56.74771678387944
6453500	56.746651642807755
6454000	56.74792584246645
6454500	56.74657025660984
6455000	56.74594843697995
6455500	56.74700090625624
6456000	56.7477626917327
6456500	56.74874577659465
6457000	56.74665738446733
6457500	56.747709474330755
6458000	56.748913694360425
6458500	56.74996545565274
6459000	56.747587223285464
6459500	56.749081531360964
6460000	56.74655151242274
6460500	56.74555668109402
6461000	56.74398141990403
6461500	56.74116208764508
6462000	56.74016787122712
6462500	56.7385934135626
6463000	56.73679796254436
6463500	56.737780868711454
6464000	56.73620698471136
6464500	56.737479868088045
6465000	56.73846248229815
6465500	56.73900263272243
6466000	56.73874150181465
6466500	56.74008270165557
6467000	56.73989041992068
6467500	56.73758502792954
6468000	56.738125047908625
6468500	56.73837506387328
6469000	56.7357804165219
6469500	56.73858509893681
6470000	56.737523435863636
6470500	56.740327540585
6471000	56.74239947695325
6471500	56.74184849227751
6472000	56.740497117088594
6472500	56.73899388733703
6473000	56.73589019551775
6473500	56.73431875622271
6474000	56.732305775799134
6474500	56.73539817135739
6475000	56.73688992797309
6475500	56.73531888829339
6476000	56.737610371050884
6476500	56.73821845239918
6477000	56.73817858928955
6477500	56.736607917376794
6478000	56.73765740759639
6478500	56.73615575351272
6479000	56.73516447636927
6479500	56.73468346681631
6480000	56.7360221992114
6480500	56.73576186638648
6481000	56.73419219274356
6481500	56.733932041062985
6482000	56.73549104297232
6482500	56.73625062462395
6483000	56.736500231985445
6483500	56.73588205005328
6484000	56.737729654778654
6484500	56.73775856620008
6485000	56.74055649284123
6485500	56.74051649006926
6486000	56.74178489889107
6486500	56.74057389788878
6487000	56.74177341608324
6487500	56.743261833188974
6488000	56.74379980028937
6488500	56.744337690654
6489000	56.74356766999639
6489500	56.74069169255844
6490000	56.74246861391937
6490500	56.74140995411513
6491000	56.73933301761408
6491500	56.73776560264368
6492000	56.73619844304487
6492500	56.73826384893827
6493000	56.73851291501645
6493500	56.73643702851558
6494000	56.73537944724385
6494500	56.73591742839111
6495000	56.73384223918575
6495500	56.732853638926485
6496000	56.73484964127614
6496500	56.735387495929665
6497000	56.73483923483923
6497500	56.734868293874065
6498000	56.73555757893291
6498500	56.73406068004374
6499000	56.73227545519276
6499500	56.7333218059949
6500000	56.73124841088227
6500500	56.73127771224017
6501000	56.732323899978645
6501500	56.73358990914777
6502000	56.733042209558285
6502500	56.73532461723023
6503000	56.7365901016067
6503500	56.73458600377123
6504000	56.73934034659756
6504500	56.7380643849887
6505000	56.73831300813008
6505500	56.73950929035602
6506000	56.74070536594288
6506500	56.740157480314956
6507000	56.740625603202176
6507500	56.737826402750905
6508000	56.73677100209754
6508500	56.73527634311948
6509000	56.734001604663675
6509500	56.733234826673986
6510000	56.73551453116432
6510500	56.73373237684736
6511000	56.733829822878114
6511500	56.73531337722526
6512000	56.73353162719401
6512500	56.73660596463447
6513000	56.736127323108775
6513500	56.73869356934069
6514000	56.73922971532958
6514500	56.739834180696356
6515000	56.73935544100337
6515500	56.7393157189821
6516000	56.7431832593532
6516500	56.744884398048114
6517000	56.743829821767314
6517500	56.74740835412736
6518000	56.74736799399558
6518500	56.745874788288155
6519000	56.747136403048415
6519500	56.745643433334514
6520000	56.74813812123885
6520500	56.746796171627864
6521000	56.74675587996756
6521500	56.75055120504828
6522000	56.750729808627966
6522500	56.750250853916874
6523000	56.74897765796262
6523500	56.7464037252289
6524000	56.74665099406197
6524500	56.74711735262529
6525000	56.74787110631551
6525500	56.748775459550906
6526000	56.74952896128366
6526500	56.7495568498354
6527000	56.74806547016165
6527500	56.748531496860444
6528000	56.74899744804958
6528500	56.75278845228874
6529000	56.750791039108975
6529500	56.75255644426446
6530000	56.75157172216204
6530500	56.75283065663136
6531000	56.75206494452992
6531500	56.75180542411652
6532000	56.75284520755214
6532500	56.751860828732916
6533000	56.75391239671931
6533500	56.75437753279672
6534000	56.75686613750993
6534500	56.757399323172486
6535000	56.7594498763284
6535500	56.757891329526544
6536000	56.757412848769285
6536500	56.75607338633007
6537000	56.756100767589324
6537500	56.75836927448591
6538000	56.756374152514525
6538500	56.75503518563455
6539000	56.75701633775477
6539500	56.75697533360291
6540000	56.75801348469073
6540500	56.75674309770605
6541000	56.757494289583796
6541500	56.755650552549
6542000	56.75517267513832
6542500	56.755200097004476
6543000	56.75364368890349
6543500	56.753602982405624
6544000	56.75132339273448
6544500	56.75185615435123
6545000	56.754627408398775
6545500	56.75335824664175
6546000	56.752594238392206
6546500	56.75738449886393
6547000	56.756688528397525
6547500	56.75614275112455
6548000	56.75739800296829
6548500	56.757425242796856
6549000	56.757166002937566
6549500	56.75892559731096
6550000	56.757588756276654
6550500	56.758407008195064
6551000	56.760166109101185
6551500	56.75918404415808
6552000	56.759142942188454
6552500	56.7609015880703
6553000	56.76158288985851
6553500	56.762332290931106
6554000	56.76106417853991
6554500	56.76159544906677
6555000	56.7601095293566
6555500	56.759850341370935
6556000	56.759086990062166
6556500	56.757383562058216
6557000	56.758637030464655
6557500	56.757151858853184
6558000	56.754372700236914
6558500	56.754836043264824
6559000	56.75681124068903
6559500	56.753814831986126
6560000	56.7517586116542
6560500	56.75027460622978
6561000	56.74951254780054
6561500	56.74846471231303
6562000	56.7479207910817
6562500	56.749391776516276
6563000	56.749351532398194
6563500	56.74952911433204
6564000	56.7510676013214
6564500	56.75383073754601
6565000	56.753572399625384
6565500	56.750864720897795
6566000	56.751613520343945
6566500	56.75106972061415
6567000	56.74901593629509
6567500	56.75048570076806
6568000	56.750445399551076
6568500	56.75147952816136
6569000	56.74971191634756
6569500	56.74916852417443
6570000	56.75221501632647
6570500	56.752460105044975
6571000	56.75248759973036
6571500	56.75093811933481
6572000	56.75017729872194
6572500	56.751713766967924
6573000	56.753250018858914
6573500	56.751198073025876
6574000	56.753454413805585
6574500	56.75319647445083
6575000	56.75645782429891
6575500	56.75519427310339
6576000	56.753428238227364
6576500	56.751445086705196
6577000	56.75147262821415
6577500	56.75322521472115
6578000	56.75368727857484
6578500	56.751134359407274
6579000	56.75116191433237
6579500	56.75162403725865
6580000	56.75114917987491
6580500	56.74981916090661
6581000	56.75034909536583
6581500	56.74958940437266
6582000	56.74954925998282
6582500	56.75108345762337
6583000	56.75154534087885
6583500	56.75257706076992
6584000	56.75203462247147
6584500	56.75127515161251
6585000	56.74872495080518
6585500	56.74975655299114
6586000	56.74827842357807
6586500	56.749025098995745
6587000	56.74926982024028
6587500	56.747290244881576
6588000	56.75384105893805
6588500	56.75587532863708
6589000	56.75712286088409
6589500	56.75457386662921
6590000	56.752093020922686
6590500	56.75312363630892
6591000	56.75587565577634
6591500	56.7543982828141
6592000	56.7533548632981
6592500	56.75281304530958
6593000	56.75105167892581
6593500	56.75007645758233
6594000	56.74925052889098
6594500	56.74849239807709
6595000	56.74895366030926
6595500	56.74819566960706
6596000	56.74815572127335
6596500	56.75068905036331
6597000	56.750215469724
6597500	56.751962881866326
6598000	56.74963426120764
6598500	56.748659886779215
6599000	56.74711710899382
6599500	56.74579123735869
6600000	56.74453315168939
6600500	56.74427689271959
6601000	56.744738067695266
6601500	56.74376449026804
6602000	56.7412214160896
6602500	56.742751573350425
6603000	56.74321273197863
6603500	56.744174404925786
6604000	56.742633183335755
6604500	56.74394626465259
6605000	56.74519165803342
6605500	56.74622040505848
6606000	56.74396260971387
6606500	56.74298981246122
6607000	56.742017151491495
6607500	56.740193012912556
6608000	56.73993736805771
6608500	56.73996558485733
6609000	56.738425833299985
6609500	56.74195516699842
6610000	56.73941527720822
6610500	56.737592199024874
6611000	56.73633681684084
6611500	56.737081572960676
6612000	56.73432656734326
6612500	56.734138867086926
6613000	56.73210063534434
6613500	56.73241295198489
6614000	56.73344129230892
6614500	56.73368617279137
6615000	56.730649102730034
6615500	56.729894764193844
6616000	56.73063951193432
6616500	56.73110070795842
6617000	56.72913117546848
6617500	56.73065875382779
6618000	56.73062033896612
6618500	56.72908352604477
6619000	56.72698033770994
6619500	56.72665894291079
6620000	56.72718738452627
6620500	56.72771575226187
6621000	56.7309564583531
6621500	56.73091804080737
6622000	56.732161220435096
6622500	56.735184889385835
6623000	56.73642756961532
6623500	56.736604647448694
6624000	56.73656579367614
6624500	56.73709318456272
6625000	56.738335337528
6625500	56.73651648954747
6626000	56.73526403751653
6626500	56.73579135883148
6627000	56.736035595638334
6627500	56.73627979589902
6628000	56.735377878414575
6628500	56.73540632870358
6629000	56.735434775020074
6629500	56.73446592501359
6630000	56.73321433201368
6630500	56.731248628921286
6631000	56.73355435351597
6631500	56.7333000997009
6632000	56.73248029827981
6632500	56.730165375758844
6633000	56.72741952364577
6633500	56.72844520414825
6634000	56.729188052502025
6634500	56.726160224022635
6635000	56.725192817426304
6635500	56.726285372658424
6636000	56.7247529092938
6636500	56.724149954670885
6637000	56.725390872096796
6637500	56.72535298951615
6638000	56.72659362549801
6638500	56.72761859232922
6639000	56.72736507177748
6639500	56.72483756130349
6640000	56.72601089305095
6640500	56.72753340369183
6641000	56.7297688796412
6641500	56.73079316094671
6642000	56.727983993788634
6642500	56.727515228729544
6643000	56.7292524048151
6643500	56.73006110547163
6644000	56.72902776395661
6644500	56.73005164333264
6645000	56.73157287272148
6645500	56.7306066002726
6646000	56.72872697608945
6646500	56.72648416361611
6647000	56.72694358239835
6647500	56.73386775938892
6648000	56.73460863338688
6648500	56.73258120814045
6649000	56.72906256991573
6649500	56.73107994571188
6650000	56.72855616036587
6650500	56.7272419997813
6651000	56.728480046919195
6651500	56.72701790657568
6652000	56.72697997783598
6652500	56.72821776766281
6653000	56.7302341296657
6653500	56.72998097092974
6654000	56.729512879747624
6654500	56.72925981122703
6655000	56.72701984452226
6655500	56.73074057517509
6656000	56.72992396211516
6656500	56.72973778307509
6657000	56.73267916732878
6657500	56.73022493669
6658000	56.7324545070877
6658500	56.73248303288171
6659000	56.73031097343024
6659500	56.731050847121075
6660000	56.73157583849976
6660500	56.731041260292734
6661000	56.728521586357836
6661500	56.72649856830216
6662000	56.72766789396901
6662500	56.729118496392815
6663000	56.728932549428194
6663500	56.727687651932335
6664000	56.72941935163826
6664500	56.73086939052882
6665000	56.73104583916119
6665500	56.732066338676404
6666000	56.731250836850165
6666500	56.7279561254748
6667000	56.72848076160254
6667500	56.72745121370776
6668000	56.72995885181697
6668500	56.72998750768377
6669000	56.731222024496994
6669500	56.732175162945154
6670000	56.730154482061344
6670500	56.729125265750525
6671000	56.731846066936896
6671500	56.73060247650099
6672000	56.73183637877046
6672500	56.73102170434334
6673000	56.73055488128087
6673500	56.730797808577464
6674000	56.72856414041101
6674500	56.72633080412861
6675000	56.72706922935971
6675500	56.72653623123814
6676000	56.726284203333435
6676500	56.72377085705798
6677000	56.72280972750316
6677500	56.72156792855411
6678000	56.721316344411775
6678500	56.72035559427406
6679000	56.72264540365569
6679500	56.72359779666134
6680000	56.72263709290299
6680500	56.721395841374466
6681000	56.72213398251369
6681500	56.72160184447622
6682000	56.71915737813597
6682500	56.71989552105904
6683000	56.71837437302757
6683500	56.715864238443345
6684000	56.7156133001637
6684500	56.71585693938914
6685000	56.7148310784081
6685500	56.71429984177215
6686000	56.717724072462616
6686500	56.71796747927286
6687000	56.71814442774657
6687500	56.717893456844436
6688000	56.719339261265624
6688500	56.718313687696146
6689000	56.71862336173326
6689500	56.71710383269751
6690000	56.71565091067211
6690500	56.71632204352874
6691000	56.716565387085616
6691500	56.716875058664286
6692000	56.71705196601462
6692500	56.71905716854199
6693000	56.71732462747383
6693500	56.71587244361255
6694000	56.717597210836644
6694500	56.71833413163599
6695000	56.71935100011356
6695500	56.7201540436457
6696000	56.71962321530836
6696500	56.7203597750912
6697000	56.71989535256806
6697500	56.719151036525176
6698000	56.721581711217276
6698500	56.71991669504365
6699000	56.720373066199514
6699500	56.71864206059409
6700000	56.72255225088318
6700500	56.72195526261261
6701000	56.723744123291254
6701500	56.72179991219459
6702000	56.71978967825311
6702500	56.720871619588756
6703000	56.72012783334319
6703500	56.72135674798673
6704000	56.7215992583607
6704500	56.72254819782062
6705000	56.72131147540984
6705500	56.72176729556648
6706000	56.721796357003775
6706500	56.72246539690051
6707000	56.722001518093904
6707500	56.719779596946296
6708000	56.71854363381892
6708500	56.72075730174295
6709000	56.71966848814234
6709500	56.71963146355283
6710000	56.71741058232338
6710500	56.71694729893494
6711000	56.71768246727977
6711500	56.71813816032508
6712000	56.71865996187925
6712500	56.717145600945564
6713000	56.71640321071551
6713500	56.71341205203707
6714000	56.71639586410635
6714500	56.71691759307581
6715000	56.72067228876516
6715500	56.7191584253457
6716000	56.720730476729585
6716500	56.719495988580995
6717000	56.718966857952815
6717500	56.717240564761
6718000	56.71945122431305
6718500	56.71969335386826
6719000	56.71993544768409
6719500	56.719685527474525
6720000	56.71894370215864
6720500	56.71939869744014
6721000	56.7198536211069
6721500	56.720521332841514
6722000	56.71879610504573
6722500	56.71974271720529
6723000	56.720197470644926
6723500	56.7177021259858
6724000	56.71843581461433
6724500	56.718398969614434
6725000	56.71710021825046
6725500	56.71558893498221
6726000	56.71407788939784
6726500	56.71726876446681
6727000	56.71646191646191
6727500	56.718456715508516
6728000	56.71995990723635
6728500	56.71669655358765
6729000	56.71546472784436
6729500	56.71542814477149
6730000	56.714687780894046
6730500	56.716403249413084
6731000	56.715450348688734
6731500	56.714153125414335
6732000	56.71439514465854
6732500	56.714424597134524
6733000	56.71396307934015
6733500	56.71441756342786
6734000	56.71220503556509
6734500	56.71027119892011
6735000	56.712755044444116
6735500	56.71194958676063
6736000	56.71093182576605
6736500	56.711877048697666
6737000	56.71337867145563
6737500	56.714323563178915
6738000	56.71477771127486
6738500	56.716212901643374
6739000	56.714001913030685
6739500	56.71648379676181
6740000	56.71518813512771
6740500	56.71865038497377
6741000	56.71490288191363
6741500	56.71465416638064
6742000	56.71363712136812
6742500	56.713878797684
6743000	56.71384241307129
6743500	56.71380603416583
6744000	56.71432562653478
6744500	56.714845147598666
6745000	56.71214616168745
6745500	56.71287788575097
6746000	56.71360950224914
6746500	56.71238112037159
6747000	56.710875071652886
6747500	56.71181873851806
6748000	56.71261597546757
6748500	56.71334734243435
6749000	56.713800821868155
6749500	56.71355248207499
6750000	56.713581915591725
6750500	56.71480268151391
6751000	56.71350927875435
6751500	56.71255948767161
6752000	56.71356813441824
6752500	56.712552747779945
6753000	56.71230462726823
6753500	56.71156707651343
6754000	56.71104150352389
6754500	56.711005402865865
6755000	56.713269945045
6755500	56.713576888071174
6756000	56.711094149076715
6756500	56.7117590939113
6757000	56.71081018937522
6757500	56.70958400187844
6758000	56.70884713777704
6758500	56.71202324239193
6759000	56.710373801151285
6759500	56.709147993466416
6760000	56.70813406488083
6760500	56.708864473163075
6761000	56.711827778239545
6761500	56.7101133263584
6762000	56.710843432392934
6762500	56.71206225680934
6763000	56.71306932048136
6763500	56.71352186195639
6764000	56.71648355944794
6764500	56.71372652504728
6765000	56.71326723577673
6765500	56.71176519449046
6766000	56.715426181612095
6766500	56.712458596734635
6767000	56.710956963509354
6767500	56.711963423926846
6768000	56.713669598855134
6768500	56.71439874190492
6769000	56.713939678074695
6769500	56.71341511055551
6770000	56.712956181212704
6770500	56.71200906196903
6771000	56.712526730004974
6771500	56.71374383058079
6772000	56.71321946528553
6772500	56.71276071283881
6773000	56.712236501095724
6773500	56.71589345150364
6774000	56.71689863163443
6774500	56.717692469099056
6775000	56.71695682723086
6775500	56.71796172874443
6776000	56.7177140403858
6776500	56.71670187180775
6777000	56.71450313164621
6777500	56.71202809482002
6778000	56.713455198111554
6778500	56.71418330073982
6779000	56.71400148246401
6779500	56.71299005266237
6780000	56.71274287525293
6780500	56.71520996153265
6781000	56.71621417393467
6781500	56.71547933586171
6782000	56.71355872718764
6782500	56.71505025199107
6783000	56.7143156530088
6783500	56.71351572627413
6784000	56.71250499478593
6784500	56.71107256319801
6785000	56.71256370528449
6785500	56.71329114232402
6786000	56.711306406590246
6786500	56.71036159133311
6787000	56.71060194250421
6787500	56.71181636201581
6788000	56.71129336248922
6788500	56.70757243730217
6789000	56.706075981418536
6789500	56.70485585326783
6790000	56.706767869053586
6790500	56.70506104804004
6791000	56.70648597075374
6791500	56.70416214400794
6792000	56.70677101584706
6792500	56.70895809304114
6793000	56.70773842545282
6793500	56.70749212929847
6794000	56.70627274673517
6794500	56.70651311916474
6795000	56.707726436848716
6795500	56.70650730411687
6796000	56.70765519052854
6796500	56.7071331990934
6797000	56.708070305128935
6797500	56.707613600995955
6798000	56.70785374938608
6798500	56.70712139335414
6799000	56.70736154261293
6799500	56.70690501772076
6800000	56.70866876677167
6800500	56.70821221283504
6801000	56.707204448462576
6801500	56.70911300121507
6802000	56.70810532352284
6802500	56.70986835391366
6803000	56.71302370331497
6803500	56.7115300519897
6804000	56.711834926125846
6804500	56.71228484398
6805000	56.71322047071968
6805500	56.71324968790833
6806000	56.71154630762953
6806500	56.71157563453749
6807000	56.7106336687517
6807500	56.70990205266915
6808000	56.71035189348509
6808500	56.71052631578948
6809000	56.709519555676394
6809500	56.7096940187288
6810000	56.708687484527374
6810500	56.709202370609106
6811000	56.70868136614913
6811500	56.71107228652544
6812000	56.70861013922386
6812500	56.70829936726059
6813000	56.706598157232065
6813500	56.705107243873684
6814000	56.70382659991462
6814500	56.70448647363852
6815000	56.706941460078475
6815500	56.70836101909469
6816000	56.710815385286885
6816500	56.71202451845674
6817000	56.709629241705706
6817500	56.70855879443766
6818000	56.708798161534766
6818500	56.70737323837827
6819000	56.70539873672372
6819500	56.7041841166434
6820000	56.705667949476044
6820500	56.70445348053874
6821000	56.706211896523314
6821500	56.70569193940745
6822000	56.70468751514212
6822500	56.70977213374485
6823000	56.71146467191194
6823500	56.712947263373096
6824000	56.71360547183429
6824500	56.71169709328515
6825000	56.711451653525
6825500	56.70905938532172
6826000	56.706602485254095
6826500	56.70517936003719
6827000	56.704869534060585
6827500	56.70510883879464
6828000	56.70513850831244
6828500	56.70371589566834
6829000	56.70589146461297
6829500	56.70667957405615
6830000	56.70788664908163
6830500	56.707157721531246
6831000	56.707880664908416
6831500	56.70839402106852
6832000	56.708632919477054
6832500	56.70962997368013
6833000	56.70986874888124
6833500	56.70796306060944
6834000	56.70799251200835
6834500	56.709473022322186
6835000	56.70805140284099
6835500	56.710498952958076
6836000	56.71046332251716
6836500	56.70904193846318
6837000	56.70810426609031
6837500	56.71048623768934
6838000	56.71120823019802
6838500	56.71068914842602
6839000	56.70844591818485
6839500	56.70750863964813
6840000	56.7062326012991
6840500	56.70556965083967
6841000	56.70559923455705
6841500	56.702729605272694
6842000	56.70435328791612
6842500	56.704382947474194
6843000	56.70504007227019
6843500	56.70527881902848
6844000	56.70530840940926
6844500	56.70561187772588
6845000	56.705093717249675
6845500	56.70533239325072
6846000	56.707502571358205
6846500	56.708980555568964
6847000	56.70873608281269
6847500	56.70731707317073
6848000	56.707281750246196
6848500	56.70999850357934
6849000	56.70954507059249
6849500	56.70930064192288
6850000	56.70905624864265
6850500	56.709568138056845
6851000	56.713875551909666
6851500	56.713148371531965
6852000	56.71118273136935
6852500	56.71072944808954
6853000	56.71186751376045
6853500	56.711896619089195
6854000	56.7104139837069
6854500	56.711343040276255
6855000	56.70986067641144
6855500	56.70892546281338
6856000	56.70641445385769
6856500	56.703968525652456
6857000	56.704480259954394
6857500	56.70450984645793
6858000	56.70330200048205
6858500	56.70251172475622
6859000	56.70254143752922
6859500	56.70202460758469
6860000	56.70226300165774
6860500	56.70181085743473
6861000	56.70129419587361
6861500	56.703251170768375
6862000	56.70493469704342
6862500	56.70592769227064
6863000	56.70712909441234
6863500	56.706403679888254
6864000	56.706914737344015
6864500	56.70736112114426
6865000	56.708080516228456
6865500	56.70928132899964
6866000	56.70759304733015
6866500	56.71071953010279
6867000	56.708485379497596
6867500	56.70769571433385
6868000	56.70916906133726
6868500	56.71036925801856
6869000	56.70799203010848
6869500	56.70630471084761
6870000	56.70489050146528
6870500	56.703957656682306
6871000	56.704949504183524
6871500	56.70443337903828
6872000	56.702955198175786
6872500	56.70367412908999
6873000	56.70529044794929
6873500	56.70381254238429
6874000	56.70281578377858
6874500	56.70504164502665
6875000	56.705551975841736
6875500	56.70530876010328
6876000	56.70479294976273
6876500	56.702899421654074
6877000	56.70361788656969
6877500	56.705089503739735
6878000	56.704910862344924
6878500	56.703914642058976
6879000	56.70511341791619
6879500	56.703364296457906
6880000	56.70222478496949
6880500	56.70239805503371
6881000	56.69996108444675
6881500	56.70431453181973
6882000	56.70482439917184
6882500	56.70341282993492
6883000	56.70227379705857
6883500	56.701550815751176
6884000	56.70659085233494
6884500	56.70799638885155
6885000	56.70877809629449
6885500	56.707030162190186
6886000	56.70513903825473
6886500	56.70249588340063
6887000	56.7024611293257
6887500	56.70044207221952
6888000	56.698215537018726
6888500	56.699477364457906
6889000	56.70403393767216
6889500	56.70529523261115
6890000	56.70238135223189
6890500	56.70193115029387
6891000	56.70285596403779
6891500	56.70405265379744
6892000	56.70545684792202
6892500	56.704047274157496
6893000	56.704764005928034
6893500	56.704249533611176
6894000	56.70407135663933
6894500	56.70581127153632
6895000	56.70604819762368
6895500	56.70553376739191
6896000	56.70481185489168
6896500	56.70409004621197
6897000	56.703575879589685
6897500	56.70333357298632
6898000	56.702612029714835
6898500	56.70380753839886
6899000	56.70308606478819
6899500	56.70523970387408
6900000	56.70308082985961
6900500	56.70529840985421
6901000	56.70553516848873
6901500	56.70891775887177
6902000	56.70942586436488
6902500	56.70761788442656
6903000	56.70573134928807
6903500	56.705489095558725
6904000	56.70709808409671
6904500	56.708084943379056
6905000	56.70927894283252
6905500	56.70712148414123
6906000	56.7070864709346
6906500	56.70465805358366
6907000	56.70516606755663
6907500	56.70635984224835
6908000	56.70659628333916
6908500	56.70662551144928
6909000	56.708568803564
6909500	56.7073695895576
6910000	56.70951968575516
6910500	56.710027126201425
6911000	56.70828549559893
6911500	56.705794564187926
6912000	56.704531866555065
6912500	56.70620307044813
6913000	56.70793819313926
6913500	56.70673973546037
6914000	56.705270305163204
6914500	56.70577772677721
6915000	56.70744825805711
6915500	56.70720630276607
6916000	56.71010363685036
6916500	56.710339520188136
6917000	56.710097408494335
6917500	56.70931327333815
6918000	56.71146071281792
6918500	56.711425431261056
6919000	56.71118331461882
6919500	56.711419015766836
6920000	56.71138374515087
6920500	56.710870769877516
6921000	56.708718061400454
6921500	56.70820536580007
6922000	56.7072792140493
6922500	56.70539803525462
6923000	56.70447219502878
6923500	56.704501501773954
6924000	56.70480155850108
6924500	56.70285703372675
6925000	56.703841269538145
6925500	56.705780137104014
6926000	56.704854646999856
6926500	56.70536123415305
6927000	56.705533096921066
6927500	56.702634856851056
6928000	56.70212309057852
6928500	56.70188196671248
6929000	56.70116373942543
6929500	56.701812977099245
6930000	56.70204899458531
6930500	56.70180794733578
6931000	56.70252092823582
6931500	56.701055513424045
6932000	56.701974942411425
6932500	56.699079129966194
6933000	56.698297649134524
6933500	56.69805697937775
6934000	56.69835699777818
6934500	56.69709899644823
6935000	56.69774803119577
6935500	56.69607744998498
6936000	56.69706054785249
6936500	56.696613683483065
6937000	56.69562648035801
6937500	56.69633922019004
6938000	56.696511533714855
6938500	56.69627116705895
6939000	56.693791210885394
6939500	56.69307468403275
6940000	56.694469982422454
6940500	56.69634138790053
6941000	56.69657741072024
6941500	56.69735344404704
6942000	56.69949425199775
6942500	56.6999361910839
6943000	56.69975954098517
6943500	56.69856687139932
6944000	56.70002475671764
6944500	56.69788011939503
6945000	56.69784600737832
6945500	56.69760578799562
6946000	56.69634995502292
6946500	56.69896536297961
6947000	56.69797942304581
6947500	56.697596954556275
6948000	56.697356838674374
6948500	56.69786229832666
6949000	56.69857369858321
6949500	56.700236431361176
6950000	56.70237460993987
6950500	56.70329147640791
6951000	56.702511688076974
6951500	56.70254100660577
6952000	56.702031033777644
6952500	56.702535889035246
6953000	56.70208972255902
6953500	56.70327580468787
6954000	56.70235423877078
6954500	56.70211400510555
6955000	56.70160427807487
6955500	56.701903150369795
6956000	56.7011877207074
6956500	56.700678170697515
6957000	56.70138855888307
6957500	56.70162367129328
6958000	56.70233389083169
6958500	56.69992398327632
6959000	56.69914535599082
6959500	56.6982247958539
6960000	56.697510046265066
6960500	56.696256821646884
6961000	56.69574798512531
6961500	56.695302816600424
6962000	56.69431926643842
6962500	56.694285510790344
6963000	56.69493215333631
6963500	56.6973356881065
6964000	56.69608313197534
6964500	56.69774241935177
6965000	56.697913947362174
6965500	56.69761084375089
6966000	56.699949695801976
6966500	56.69950458402141
6967000	56.70048304594156
6967500	56.69923088967228
6968000	56.699465788649675
6968500	56.69854643439979
6969000	56.697421787908254
6969500	56.6969134953349
6970000	56.69803356131248
6970500	56.698742725974974
6971000	56.699041097189685
6971500	56.698058629944704
6972000	56.695717320385405
6972500	56.69554167911279
6973000	56.69693018845561
6973500	56.695000023703315
6974000	56.69591433325275
6974500	56.694189805378855
6975000	56.693208208919856
6975500	56.69296936091561
6976000	56.693204435598524
6976500	56.69681992863676
6977000	56.69684951693225
6977500	56.69586805835225
6978000	56.69637146633693
6978500	56.696811358027034
6979000	56.696098679348964
6979500	56.69707562452042
6980000	56.6975153690951
6980500	56.69673936207998
6981000	56.697716047336485
6981500	56.6993077192617
6982000	56.699273681120445
6982500	56.699713092634155
6983000	56.69994745139254
6983500	56.70045018390793
6984000	56.69920099969706
6984500	56.69842531983472
6985000	56.697918096328856
6985500	56.69747433877082
6986000	56.69892345912694
6986500	56.70010409766253
6987000	56.69980175721646
6987500	56.69956285600741
6988000	56.6988509227152
6988500	56.700236042061846
6989000	56.69905116877465
6989500	56.69908055545045
6990000	56.69668192652567
6990500	56.696506684447726
6991000	56.69721386824037
6991500	56.69703861666564
6992000	56.69720953542689
6992500	56.69676626323752
6993000	56.695850312479315
6993500	56.695139187611375
6994000	56.69605085907404
6994500	56.69797097065399
6995000	56.702931085002405
6995500	56.7028968385237
6996000	56.70117707097866
6996500	56.703096280966356
6997000	56.70528315080272
6997500	56.70713847026031
6998000	56.708316602498996
6998500	56.70929007694887
6999000	56.70905088940741
6999500	56.710024181969324
7000000	56.70884043392226
7000500	56.70886912829328
7001000	56.71139988856044
7001500	56.712577140455835
7002000	56.712070064446074
7002500	56.71209853695844
7003000	56.71064743786438
7003500	56.7096052451464
7004000	56.70903521482411
7004500	56.70900055218111
7005000	56.70869827846572
7005500	56.708191770479424
7006000	56.70842475287235
7006500	56.709664634721726
7007000	56.70895392120323
7007500	56.71080625911057
7008000	56.70982806198259
7008500	56.71053252205085
7009000	56.70928702476571
7009500	56.71039972835826
7010000	56.71225124964633
7010500	56.711744846187216
7011000	56.71345520041115
7011500	56.712948775370684
7012000	56.71318121817839
7012500	56.71099336749364
7013000	56.710079141743385
7013500	56.7088977498751
7014000	56.708595881856695
7014500	56.71024232085128
7015000	56.70953240376414
7015500	56.708555381215575
7016000	56.708787998718456
7016500	56.709020583343936
7017000	56.709049196082404
7017500	56.708339614109136
7018000	56.70978134921009
7018500	56.70907181243141
7019000	56.70930429704425
7019500	56.70859489420618
7020000	56.70768173063793
7020500	56.707710417892876
7021000	56.70653043928622
7021500	56.70696684651093
7022000	56.7114994421403
7022500	56.711731643710515
7023000	56.71317216448261
7023500	56.71428235238746
7024000	56.71471802184666
7024500	56.71494992846924
7025000	56.71544868476778
7025500	56.7156805081755
7026000	56.71685329820269
7026500	56.71822954891888
7027000	56.71752026381773
7027500	56.717548274807726
7028000	56.71898738940446
7028500	56.71774466644091
7029000	56.71965385881579
7029500	56.71706365068542
7030000	56.719442863927696
7030500	56.71853032589939
7031000	56.71829158203566
7031500	56.71805287184478
7032000	56.71587062805566
7032500	56.71542865738434
7033000	56.714046665538575
7033500	56.714608009024246
7034000	56.714636186752145
7034500	56.715337728923956
7035000	56.717981973853625
7035500	56.71674051658921
7036000	56.71697191238242
7036500	56.717266393230815
7037000	56.71655814565305
7037500	56.71866852689581
7038000	56.71681752633977
7038500	56.7180513282982
7039000	56.71713993180473
7039500	56.715759021659494
7040000	56.71437829308839
7040500	56.71501622347543
7041000	56.716719254751716
7041500	56.7164809780695
7042000	56.71577326460287
7042500	56.71351716756331
7043000	56.71354538285328
7043500	56.711429872281705
7044000	56.710456531636176
7044500	56.71236219770318
7045000	56.713125909240226
7045500	56.71476502193754
7046000	56.716606997902595
7046500	56.7166349965984
7047000	56.71659996903603
7047500	56.7175031782593
7048000	56.71746809079523
7048500	56.717229992776666
7049000	56.717992974096084
7049500	56.717019889601225
7050000	56.7181887245477
7050500	56.71607497057541
7051000	56.71865036197907
7051500	56.718412280167094
7052000	56.71656485436074
7052500	56.71773331583191
7053000	56.71588618572165
7053500	56.718929433546606
7054000	56.7170824760146
7054500	56.71631298740252
7055000	56.71593529158153
7055500	56.716634723972945
7056000	56.71499123785247
7056500	56.71355079321945
7057000	56.71351604591239
7057500	56.71441822116871
7058000	56.71625710832764
7058500	56.716222166015605
7059000	56.71712393566698
7059500	56.718088494248995
7060000	56.72012924676297
7060500	56.71915752407977
7061000	56.718185946988676
7061500	56.71841642009065
7062000	56.71864686082385
7062500	56.71553758004718
7063000	56.714224194424155
7063500	56.713784226538735
7064000	56.7130160483369
7064500	56.712981378958546
7065000	56.71227620286573
7065500	56.713240248558805
7066000	56.71460922293756
7066500	56.713170896025154
7067000	56.715803459068006
7067500	56.715768595659874
7068000	56.71553127397234
7068500	56.717695427056
7069000	56.71812811890542
7069500	56.71768826783769
7070000	56.714645118449724
7070500	56.7158107368805
7071000	56.715371127995326
7071500	56.71366858040506
7072000	56.71243379193957
7072500	56.71219685495783
7073000	56.71289479711506
7073500	56.71399727046682
7074000	56.71235821676769
7074500	56.71205862010954
7075000	56.71348865898449
7075500	56.714451255980855
7076000	56.7140120543849
7076500	56.714040103903876
7077000	56.71687112838576
7077500	56.71896969725281
7078000	56.720663658529745
7078500	56.71849530366225
7079000	56.71712194734655
7079500	56.71901779751647
7080000	56.71951247986178
7080500	56.719010464090104
7081000	56.718306439563726
7081500	56.719003132717994
7082000	56.71963698834778
7082500	56.722200697404105
7083000	56.7217614137614
7083500	56.722394914447335
7084000	56.72428920790785
7084500	56.72352241174137
7085000	56.722289106027944
7085500	56.72132065435475
7086000	56.72061698385223
7086500	56.72078376487054
7087000	56.72174432274076
7087500	56.720978071750764
7088000	56.71954365033093
7088500	56.71957129065206
7089000	56.718137174889364
7089500	56.71929939097752
7090000	56.72019696164284
7090500	56.719292028796296
7091000	56.71858900539427
7091500	56.71608391608392
7092000	56.71677971237442
7092500	56.71508213226931
7093000	56.71511004633039
7093500	56.71420581655481
7094000	56.7139694745427
7094500	56.71332972952822
7095000	56.71382372950858
7095500	56.711195187751315
7096000	56.71209262235889
7096500	56.71092476123923
7097000	56.71208627396176
7097500	56.71484667949189
7098000	56.7150762007676
7098500	56.715771432297366
7099000	56.71413801775286
7099500	56.71456911083999
7100000	56.71453449929689
7100500	56.715695175836814
7101000	56.71645265520099
7101500	56.714354216228045
7102000	56.712193577819356
7102500	56.71215915544094
7103000	56.71152029118396
7103500	56.712743181606626
7104000	56.71623036649215
7104500	56.71599422960585
7105000	56.71549421607587
7105500	56.71426510889946
7106000	56.717549793660474
7106500	56.715452752242356
7107000	56.713821191159575
7107500	56.71239121232842
7108000	56.713287038544365
7108500	56.71450895763957
7109000	56.71526566678293
7109500	56.71456473214286
7110000	56.71479388993513
7110500	56.71362812107685
7111000	56.71458592921835
7111500	56.71574484307226
7112000	56.717895793819025
7112500	56.71600163623517
7113000	56.71530098585592
7113500	56.71573115695834
7114000	56.71715317442244
7114500	56.717846720077326
7115000	56.71740968950103
7115500	56.71717382920494
7116000	56.71667448764827
7116500	56.7167022072317
7117000	56.717860096068975
7117500	56.716896292236086
7118000	56.717589517541214
7118500	56.719738418808575
7119000	56.721159204904325
7119500	56.72278078343047
7120000	56.72393777571395
7120500	56.723639183347494
7121000	56.725724526654965
7121500	56.72383216185851
7122000	56.72385939501977
7122500	56.72408750992215
7123000	56.720803182280235
7123500	56.72083060657115
7124000	56.719202494987755
7124500	56.72009578259578
7125000	56.71945837838339
7125500	56.71869635018885
7126000	56.718661556877336
7126500	56.718425972748655
7127000	56.71732494595523
7127500	56.71662561404973
7128000	56.71711713383212
7128500	56.717608589782245
7129000	56.71664633778713
7129500	56.717802222263444
7130000	56.7165770937571
7130500	56.718660162842895
7131000	56.717698113907375
7131500	56.71560832456339
7132000	56.71861817035519
7132500	56.71977341942901
7133000	56.71953797092851
7133500	56.721156475512025
7134000	56.72019464720195
7134500	56.72015978423567
7135000	56.721314513961616
7135500	56.71975127305752
7136000	56.72136920040401
7136500	56.72139653830474
7137000	56.72136159804321
7137500	56.71782139234115
7138000	56.7169225781051
7138500	56.71807697651799
7139000	56.717841843232605
7139500	56.71708143853442
7140000	56.716120727178435
7140500	56.71707443557498
7141000	56.71545046692626
7141500	56.71310120692768
7142000	56.71478038663803
7142500	56.71454559762257
7143000	56.7154369188186
7143500	56.713951820054156
7144000	56.71536799041091
7144500	56.716984275361646
7145000	56.716949701540884
7145500	56.71506436060446
7146000	56.715754993268284
7146500	56.715257891254964
7147000	56.71456062764836
7147500	56.713663234437014
7148000	56.71507863089732
7148500	56.71253150798973
7149000	56.71599685520048
7149500	56.71616253635888
7150000	56.71447860022935
7150500	56.71913000860004
7151000	56.72080669098576
7151500	56.72123417180212
7152000	56.72258613277368
7152500	56.72208894374108
7153000	56.72046738216072
7153500	56.719508249757354
7154000	56.72138420585625
7154500	56.72114935836118
7155000	56.720390359308006
7155500	56.719169442737474
7156000	56.71754878769959
7156500	56.71665234544632
7157000	56.714832129196765
7157500	56.71598357437492
7158000	56.71647306066835
7158500	56.71854794014409
7159000	56.71831343662688
7159500	56.71946432694528
7160000	56.71850613669736
7160500	56.71662465024794
7161000	56.7154049649352
7161500	56.71557041031134
7162000	56.715336216884936
7162500	56.716424799675046
7163000	56.717774987999846
7163500	56.71569464507405
7164000	56.71473730358338
7164500	56.7164110231279
7165000	56.718022544907555
7165500	56.71654186332996
7166000	56.71644545324531
7166500	56.71621135376014
7167000	56.71571566954196
7167500	56.7164041419709
7168000	56.71610814400753
7168500	56.71356825634002
7169000	56.71544055595778
7169500	56.71685149747538
7170000	56.71641791044776
7170500	56.714862696641646
7171000	56.715550904304614
7171500	56.715578482489015
7172000	56.71534461776745
7172500	56.71464985180985
7173000	56.716197780317835
7173500	56.71550305784324
7174000	56.712504262712095
7174500	56.71253202587875
7175000	56.71348133403371
7175500	56.71601218203013
7176000	56.71696113888185
7176500	56.71810936564242
7177000	56.71905806047428
7177500	56.72158784701911
7178000	56.722274933905695
7178500	56.72072105265582
7179000	56.722067946007925
7179500	56.720452389504416
7180000	56.72041772956247
7180500	56.721166552325876
7181000	56.72099447513812
7181500	56.718596064782844
7182000	56.716981305786874
7182500	56.7167476800707
7183000	56.7146730000046
7183500	56.713058846270684
7184000	56.716046996451794
7184500	56.717853379289394
7185000	56.71781893477511
7185500	56.71810727990503
7186000	56.71655524934322
7186500	56.71612265084075
7187000	56.71536741772548
7187500	56.713754099642586
7188000	56.71490074144941
7188500	56.71328767816325
7189000	56.7137752309822
7189500	56.71360379666505
7190000	56.71271175529273
7190500	56.713398288601866
7191000	56.714084727215884
7191500	56.714572069586964
7192000	56.713879196605475
7192500	56.71430475813977
7193000	56.71584850156278
7193500	56.71679520530945
7194000	56.71584172066731
7194500	56.712069409212894
7195000	56.71137701437807
7195500	56.709107366853985
7196000	56.70887471743885
7196500	56.71054142834172
7197000	56.711227489893425
7197500	56.71145409862422
7198000	56.7137784841233
7198500	56.7137444023424
7199000	56.71239419672176
7199500	56.71281945305504
7200000	56.7110102907209
7200500	56.710119706313165
7201000	56.711004182755666
7201500	56.71123068305985
7202000	56.71263565749123
7202500	56.71148487672314
7203000	56.710991971871714
7203500	56.710759429762156
7204000	56.71072559548396
7204500	56.71095202037585
7205000	56.71052088161197
7205500	56.70865166219286
7206000	56.70815917339218
7206500	56.70910467276856
7207000	56.71005005069296
7207500	56.71099530718876
7208000	56.7114201707269
7208500	56.71577441015668
7209000	56.713050018804054
7209500	56.71190031781265
7210000	56.710750774987616
7210500	56.70822576725375
7211000	56.706358121770386
7211500	56.705927661349854
7212000	56.70733105025971
7212500	56.70807738149812
7213000	56.7073869496459
7213500	56.708331614482354
7214000	56.70764125692076
7214500	56.70701247038227
7215000	56.70723883196158
7215500	56.706685606928474
7216000	56.70717178937337
7216500	56.70464906372704
7217000	56.70369946168824
7217500	56.70346786385084
7218000	56.70415244726414
7218500	56.707188596451054
7219000	56.70675851455581
7219500	56.70698475362611
7220000	56.70838657086201
7220500	56.70815474227937
7221000	56.7080597452311
7221500	56.707110480289366
7222000	56.70642096829576
7222500	56.70756271745102
7223000	56.70844472113378
7223500	56.70664164416167
7224000	56.7084389846489
7224500	56.7077496212832
7225000	56.70863136506542
7225500	56.706050317113124
7226000	56.70601692976436
7226500	56.704412874888476
7227000	56.70392211582892
7227500	56.702318432176256
7228000	56.70117240212066
7228500	56.70068198346956
7229000	56.704765302342174
7229500	56.70499135636473
7230000	56.70404346195706
7230500	56.703293688354805
7231000	56.70280329390464
7231500	56.70537673738113
7232000	56.706121161415965
7232500	56.70706341115535
7233000	56.709636130919726
7233500	56.70803336761513
7234000	56.70754281483242
7234500	56.70874389864902
7235000	56.70694367008199
7235500	56.70462542383725
7236000	56.70465345810791
7236500	56.70370641128738
7237000	56.70438918306462
7237500	56.70304669404687
7238000	56.70412498286967
7238500	56.701351141481595
7239000	56.70360186716117
7239500	56.701223967848016
7240000	56.699166571526426
7240500	56.69867711458462
7241000	56.69525035843767
7241500	56.69638984389624
7242000	56.696874928664364
7242500	56.696385773176104
7243000	56.69732727729213
7243500	56.69807100667342
7244000	56.70038157486352
7244500	56.70100269728765
7245000	56.70103092783505
7245500	56.70282332218364
7246000	56.705071752868974
7246500	56.70627098846547
7247000	56.704868968537845
7247500	56.703862191038404
7248000	56.70460506808384
7248500	56.706001487029546
7249000	56.704143766106405
7249500	56.70137416138758
7250000	56.70205585654608
7250500	56.70162798121209
7251000	56.703936088717036
7251500	56.70461747500216
7252000	56.70301913975946
7252500	56.704353772509684
7253000	56.70477649225495
7253500	56.70389278876835
7254000	56.704512823785194
7254500	56.70337082748437
7255000	56.70405191703847
7255500	56.70342690484871
7256000	56.702938174394866
7256500	56.701993876212
7257000	56.70202199684717
7257500	56.7027029489615
7258000	56.702472712695204
7258500	56.70133147482588
7259000	56.69921839415526
7259500	56.699702134249094
7260000	56.70038300914941
7260500	56.701063791030634
7261000	56.70083376212962
7261500	56.70060376465017
7262000	56.70193682331836
7262500	56.703922059593445
7263000	56.7036919014886
7263500	56.70488840738701
7264000	56.70446114421226
7264500	56.70312364879319
7265000	56.70334871612827
7265500	56.70155638481842
7266000	56.70269163386499
7266500	56.70291668562588
7267000	56.70268671656391
7267500	56.70291173794359
7268000	56.70196891945991
7268500	56.70336168857754
7269000	56.70443535731668
7269500	56.70238604215372
7270000	56.70053393245345
7270500	56.70257807206232
7271000	56.70149973170354
7271500	56.70127000150054
7272000	56.70129811080547
7272500	56.70035598837922
7273000	56.70396013947546
7273500	56.70444265641124
7274000	56.705182868623695
7274500	56.70449845233604
7275000	56.70478406704784
7275500	56.704099765039516
7276000	56.704975619509845
7276500	56.70403373487406
7277000	56.704061649468606
7277500	56.702272179993365
7278000	56.70354133066806
7278500	56.70220643350036
7279000	56.702688706885986
7279500	56.70271669762942
7280000	56.700351992733054
7280500	56.70057677460375
7281000	56.703783764145975
7281500	56.70375079465989
7282000	56.70559495809003
7282500	56.70218707008885
7283000	56.70325878710286
7283500	56.70257534694322
7284000	56.70053019573664
7284500	56.70211655341767
7285000	56.70162985017724
7285500	56.70094671011427
7286000	56.69890223591717
7286500	56.697569099382406
7287000	56.69805113778161
7287500	56.69620373773259
7288000	56.69506750871081
7288500	56.69594251288379
7289000	56.69863187690522
7289500	56.700867261775166
7290000	56.70174165457185
7290500	56.70287308102224
7291000	56.703097365198865
7291500	56.70215756872206
7292000	56.70263897705632
7292500	56.70377003468523
7293000	56.7039941968536
7293500	56.7051858030764
7294000	56.70515278854392
7294500	56.703956195380215
7295000	56.702820546523384
7295500	56.69910128756533
7296000	56.698223082256646
7296500	56.69637799700017
7297000	56.69685943822414
7297500	56.69598155020004
7298000	56.69866756069825
7298500	56.698182015864894
7299000	56.7004144866481
7299500	56.70063867373284
7300000	56.702221618316464
7300500	56.70406115969728
7301000	56.70247357504506
7301500	56.702954335500934
7302000	56.703374327579645
7302500	56.70747720254643
7303000	56.70744406313102
7303500	56.706762219938526
7304000	56.705567073777985
7304500	56.705986728347554
7305000	56.70711560309047
7305500	56.70688656359752
7306000	56.70640092683104
7306500	56.70817796763566
7307000	56.70775301133947
7307500	56.708624792999544
7308000	56.70839573087695
7308500	56.70751844663708
7309000	56.70502763980494
7309500	56.704285875833996
7310000	56.70360486679633
7310500	56.70292395015942
7311000	56.70430853974556
7311500	56.705949387696045
7312000	56.70676011756727
7312500	56.70543126367763
7313000	56.70565469597023
7313500	56.70510902046592
7314000	56.70507610312233
7314500	56.706655577051734
7315000	56.708686828509826
7315500	56.7061375757028
7316000	56.707264715851316
7316500	56.70607161578367
7317000	56.706490501924925
7317500	56.707030544008674
7318000	56.70538590475158
7318500	56.704961802747675
7319000	56.704221025622495
7319500	56.70328479022875
7320000	56.701445347786816
7320500	56.70050944827836
7321000	56.70183171357347
7321500	56.7014080182076
7322000	56.70414521809808
7322500	56.70868815301119
7323000	56.71071701077706
7323500	56.71048829817972
7324000	56.71122306640123
7324500	56.7095189946555
7325000	56.71244995508935
7325500	56.709452628538415
7326000	56.706772210739146
7326500	56.70654386115336
7327000	56.7072180206848
7327500	56.70724553978324
7328000	56.707212531920845
7328500	56.706728383365366
7329000	56.706049000103754
7329500	56.70401645555917
7330000	56.70584839108352
7330500	56.707680095257
7331000	56.70609883146695
7331500	56.70490827425726
7332000	56.704484988411
7332500	56.70406175600606
7333000	56.70493074592411
7333500	56.702838928988456
7334000	56.70357313521652
7334500	56.70379603041873
7335000	56.70356814452878
7335500	56.70288956897601
7336000	56.7013097051586
7336500	56.699730054935394
7337000	56.698345748108494
7337500	56.700176184060524
7338000	56.700849771561934
7338500	56.701072730303615
7339000	56.70219667345431
7339500	56.70196903422272
7340000	56.703482820129366
7340500	56.70511717571177
7341000	56.703282845342805
7341500	56.70421127058686
7342000	56.702377253302
7342500	56.702539625360224
7343000	56.70295727973489
7343500	56.70208455269912
7344000	56.70064107181445
7344500	56.70041369748316
7345000	56.7012815145909
7345500	56.701699111061096
7346000	56.70121652092119
7346500	56.70047883064516
7347000	56.69839127010913
7347500	56.69906407487401
7348000	56.70044183681734
7348500	56.69931479423581
7349000	56.69838270688531
7349500	56.698665754977554
7350000	56.69939859026319
7350500	56.698271907019425
7351000	56.69829990105244
7351500	56.69961683066794
7352000	56.700738855336354
7352500	56.70006205426601
7353000	56.69797619636425
7353500	56.696340257171116
7354000	56.69701261042551
7354500	56.69903349067206
7355000	56.700155080574476
7355500	56.70018293861443
7356000	56.69976134080623
7356500	56.69908497671994
7357000	56.69840870381938
7357500	56.69773252208612
7358000	56.69770033340223
7358500	56.69952553826246
7359000	56.70064650040659
7359500	56.699326585713195
7360000	56.696149820540576
7360500	56.69701611200697
7361000	56.695381906703915
7361500	56.69464616932315
7362000	56.69621606085917
7362500	56.69649873591659
7363000	56.69402710299678
7363500	56.694504310344826
7364000	56.693574455858055
7364500	56.691746875448935
7365000	56.6914606610435
7365500	56.69219236742645
7366000	56.692220686188264
7366500	56.69359544006104
7367000	56.6954188058737
7367500	56.694549403602615
7368000	56.695923752086586
7368500	56.69589173860761
7369000	56.69944904075662
7369500	56.69890804030471
7370000	56.69803872310646
7370500	56.697303674198075
7371000	56.69733165281434
7371500	56.69870515471316
7372000	56.69713332376579
7372500	56.69671285707879
7373000	56.69853455543399
7373500	56.69856244787417
7374000	56.70217726604254
7374500	56.700993952001575
7375000	56.698077681741566
7375500	56.696700735162274
7376000	56.6980134112669
7376500	56.6979812829431
7377000	56.697949159226994
7377500	56.699963700407366
7378000	56.69858710605443
7378500	56.69861497582593
7379000	56.69813476470614
7379500	56.69765462243229
7380000	56.697488553790464
7380500	56.69930834288991
7381000	56.69972407367592
7381500	56.70122948066199
7382000	56.70292857046887
7382500	56.703150050605025
7383000	56.70113249116711
7383500	56.69995074553351
7384000	56.70056011497804
7384500	56.6989308930714
7385000	56.698257222030726
7385500	56.69847892065141
7386000	56.698252979960515
7386500	56.695535414568646
7387000	56.69511589292827
7387500	56.69578526229112
7388000	56.697409460904744
7388500	56.697631129128965
7389000	56.69824026058282
7389500	56.70025143838865
7390000	56.700219209949445
7390500	56.69884498045145
7391000	56.700154766910295
7391500	56.69794611228397
7392000	56.69657232816917
7392500	56.69654037422632
7393000	56.69676196097897
7393500	56.69678988718325
7394000	56.69765216652583
7394500	56.69972190677171
7395000	56.69885550786839
7395500	56.699523905317506
7396000	56.69999865897215
7396500	56.699832828242194
7397000	56.70094798803953
7397500	56.70116915156066
7398000	56.70049649859005
7398500	56.699823935794655
7399000	56.699598296670636
7399500	56.69962602374324
7400000	56.700353849453144
7400500	56.69878796813781
7401000	56.699009175623395
7401500	56.69987046053513
7402000	56.69989816154795
7402500	56.699419383653414
7403000	56.69760088604655
7403500	56.69890859725274
7404000	56.6980432782903
7404500	56.69820461415501
7405000	56.69708632097795
7405500	56.69730750514525
7406000	56.69752865969072
7406500	56.69711010525752
7407000	56.6962452462997
7407500	56.69895112698059
7408000	56.700704256781485
7408500	56.700285612281334
7409000	56.70031326139924
7409500	56.702571974226714
7410000	56.70413121366392
7410500	56.703652644118165
7411000	56.70368007566261
7411500	56.70256236394133
7412000	56.70119187810013
7412500	56.70115967885816
7413000	56.70182637200901
7413500	56.69950453323106
7414000	56.70087002278738
7414500	56.702681250863954
7415000	56.70137108460595
7415500	56.701591689330776
7416000	56.70404137223869
7416500	56.70445477685995
7417000	56.70403637417255
7417500	56.70247381323824
7418000	56.702694270496735
7418500	56.701324978496395
7419000	56.70046124022371
7419500	56.701127400739715
7420000	56.699505852682606
7420500	56.697944235036225
7421000	56.696323159240656
7421500	56.6969894063455
7422000	56.697210108290385
7422500	56.697683327171575
7423000	56.697844290040976
7423500	56.69736701464353
7424000	56.6982258007054
7424500	56.69685796729721
7425000	56.694599793395795
7425500	56.69329201506692
7426000	56.69421046070558
7426500	56.69487639509053
7427000	56.69687769873843
7427500	56.6951249910975
7428000	56.69674053830301
7428500	56.69810355033537
7429000	56.69896172212604
7429500	56.70026477983223
7430000	56.7004253955823
7430500	56.70058598703442
7431000	56.69858162339164
7431500	56.69924681576126
7432000	56.69857736416453
7432500	56.6981006182999
7433000	56.696156532027416
7433500	56.69498309909269
7434000	56.69367678582547
7434500	56.69497932138569
7435000	56.69678589850767
7435500	56.69967407591853
7436000	56.699894181776145
7436500	56.698973013826524
7437000	56.70046722116765
7437500	56.70062765598052
7438000	56.69951417687873
7438500	56.69840084624479
7439000	56.69900582638182
7439500	56.698973900909664
7440000	56.69830520525058
7440500	56.6968074470685
7441000	56.69842003305667
7441500	56.69844767684666
7442000	56.69961571780804
7442500	56.700916436780076
7443000	56.702024643977154
7443500	56.701800205204734
7444000	56.70182762985498
7444500	56.701218645633475
7445000	56.70004662832782
7445500	56.70001465357613
7446000	56.69979042341574
7446500	56.70134217758657
7447000	56.701310117337854
7447500	56.70178148902828
7448000	56.70155720094462
7448500	56.70152513182891
7449000	56.70174473052324
7449500	56.70063287206752
7450000	56.70116360602483
7450500	56.702522321032355
7451000	56.70216542421015
7451500	56.700802214965215
7452000	56.69880341273609
7452500	56.69655334572573
7453000	56.697660388072144
7453500	56.696489959589954
7454000	56.69829188345242
7454500	56.698763011882
7455000	56.69942611827108
7455500	56.700724618400166
7456000	56.69961376949444
7456500	56.698754472856905
7457000	56.69789528289757
7457500	56.69653347047531
7458000	56.69783174404738
7458500	56.69691341333133
7459000	56.696689775003996
7459500	56.69779584166227
7460000	56.69984753935612
7460500	56.701647713675406
7461000	56.704585237016914
7461500	56.70436115813076
7462000	56.706795634700846
7462500	56.7068226829063
7463000	56.706406695109365
7463500	56.70681734615675
7464000	56.705013089758985
7464500	56.70675259672669
7465000	56.70893476421842
7465500	56.70826763981647
7466000	56.70892914871286
7466500	56.70712536587742
7467000	56.707344072404595
7467500	56.70642616157055
7468000	56.70601048381384
7468500	56.705978183878734
7469000	56.70442623603936
7469500	56.70483668925589
7470000	56.70524708433842
7470500	56.705214847466934
7471000	56.704799415838735
7471500	56.70571159267011
7472000	56.703717797817646
7472500	56.70482148940972
7473000	56.70523172215462
7473500	56.70342990873337
7474000	56.70270461562962
7474500	56.703114909277495
7475000	56.705736653545046
7475500	56.70507065301519
7476000	56.70661595612949
7476500	56.7044318855192
7477000	56.70307318151669
7477500	56.70367471823917
7478000	56.702566959351316
7478500	56.7012086755851
7479000	56.70023340524101
7479500	56.699627368728144
7480000	56.701805564763866
7480500	56.703158769374916
7481000	56.70097625434762
7481500	56.69942727851234
7482000	56.69939550339367
7482500	56.69828869869521
7483000	56.69724122086139
7483500	56.69613469584311
7484000	56.6967362301426
7484500	56.6958211856171
7485000	56.69515669515669
7485500	56.695375645952026
7486000	56.693636716955794
7486500	56.692530880281225
7487000	56.69186678089149
7487500	56.69189466061431
7488000	56.69186344289221
7488500	56.69296553185666
7489000	56.6927430534095
7489500	56.69088693871065
7490000	56.68997298585731
7490500	56.69157533732637
7491000	56.69085259822224
7491500	56.69043920350233
7492000	56.69065827622271
7492500	56.68999479309158
7493000	56.689581531618984
7493500	56.690241825537946
7494000	56.69096107013024
7494500	56.6905478255499
7495000	56.69095785508218
7495500	56.692559118156915
7496000	56.69321900830091
7496500	56.693496813460655
7497000	56.692833517089305
7497500	56.69393424911252
7498000	56.69484387884239
7498500	56.694239655719784
7499000	56.69332651405594
7499500	56.693104314818164
7500000	56.69439558453352
7500500	56.69555481106625
7501000	56.69596417299928
7501500	56.69888620025476
7502000	56.697782243847406
7502500	56.69755983623536
7503000	56.69714663435056
7503500	56.69906848445858
7504000	56.700858316149386
7504500	56.700195179119795
7505000	56.697710892205755
7505500	56.698810147883506
7506000	56.70034975200204
7506500	56.700626786650275
7507000	56.700404323352984
7507500	56.70156214904496
7508000	56.70114896971459
7508500	56.70450842412126
7509000	56.7042267165119
7509500	56.704004085981744
7510000	56.70202040214324
7510500	56.701548322906994
7511000	56.701956727488835
7511500	56.70286426122133
7512000	56.70333152870026
7512500	56.703549170803846
7513000	56.70420688046545
7513500	56.702414638332336
7514000	56.702001733750485
7514500	56.700649890658205
7515000	56.70042765878812
7515500	56.702346228129215
7516000	56.703443664326315
7516500	56.7022825546665
7517000	56.70337984059679
7517500	56.702218899126954
7518000	56.702436449995595
7518500	56.70265397216298
7519000	56.70149332489051
7519500	56.70083147559437
7520000	56.69841102346972
7520500	56.697998733821045
7521000	56.697586494922405
7521500	56.69642660899304
7522000	56.69526689640622
7522500	56.69592429643239
7523000	56.695263125510905
7523500	56.69529066394783
7524000	56.69858456779002
7524500	56.69855302993686
7525000	56.698331238960606
7525500	56.69986687696884
7526000	56.70033344609288
7526500	56.700550874634295
7527000	56.702027190265966
7527500	56.699989458519276
7528000	56.699328464075684
7528500	56.698916561631265
7529000	56.69869486553426
7529500	56.69778511583792
7530000	56.698002608157296
7530500	56.69646385261808
7531000	56.6968715152473
7531500	56.69596214123287
7532000	56.69623848257517
7532500	56.694451394284165
7533000	56.692474477479614
7533500	56.695574320172746
7534000	56.69798610593021
7534500	56.69883229552008
7535000	56.698361993690185
7535500	56.69701423776408
7536000	56.69635414381609
7536500	56.69544541250998
7537000	56.698484835191834
7537500	56.69669880427058
7538000	56.69647752343274
7538500	56.696884772092325
7539000	56.69841771041645
7539500	56.696442275224854
7540000	56.69671829231929
7540500	56.69399745692112
7541000	56.69490187825538
7541500	56.69574747917579
7542000	56.69377287771519
7542500	56.69160869508042
7543000	56.690072936391054
7543500	56.6913569424965
7544000	56.6908877357829
7544500	56.69091546518252
7545000	56.68913174938432
7545500	56.687538065839114
7546000	56.68869065353406
7546500	56.68909801447523
7547000	56.68937419227652
7547500	56.68934339695375
7548000	56.69005755736024
7548500	56.68871271516798
7549000	56.690244169495244
7549500	56.689585705526845
7550000	56.689554905498426
7550500	56.68983093151873
7551000	56.689420841306045
7551500	56.6888936563325
7552000	56.689986690949844
7552500	56.68845296829239
7553000	56.69061095133663
7553500	56.69082823401703
7554000	56.69211040012605
7554500	56.69282378737018
7555000	56.69066322399947
7555500	56.69088044810082
7556000	56.690281053502126
7556500	56.692496510564574
7557000	56.69008846614923
7557500	56.68811822711821
7558000	56.69164577783027
7558500	56.69142542190494
7559000	56.69170103972111
7559500	56.691043326889265
7560000	56.69144981412639
7560500	56.69191477451632
7561000	56.69144656288263
7561500	56.68941875057391
7562000	56.68851355191878
7562500	56.69047952152775
7563000	56.691512382784325
7563500	56.69110286371246
7564000	56.69088270520252
7564500	56.69066257556089
7565000	56.690194707283496
7565500	56.68947915847252
7566000	56.68969615927494
7566500	56.69141326528383
7567000	56.691003945522944
7567500	56.689968542467675
7568000	56.68906402907871
7568500	56.68965939024869
7569000	56.68962866216163
7569500	56.68916115224181
7570000	56.68763102725367
7570500	56.68697456054155
7571000	56.68962264562927
7571500	56.68940280519118
7572000	56.68874634855623
7572500	56.68653262601786
7573000	56.686065548720585
7573500	56.68447797160668
7574000	56.68644115888127
7574500	56.68529026625928
7575000	56.68357237008651
7575500	56.6850987871461
7576000	56.68493772420595
7576500	56.68758400391
7577000	56.68692810172317
7577500	56.68714493904514
7578000	56.684932941248334
7578500	56.685149879808215
7579000	56.68511950722627
7579500	56.684652931964806
7580000	56.685494951257276
7580500	56.68639517792733
7581000	56.688414772429915
7581500	56.68694533481607
7582000	56.687162044304905
7582500	56.68800362786479
7583000	56.68660673020746
7583500	56.68521005179359
7584000	56.683435925157376
7584500	56.684713431326394
7585000	56.68667372798243
7585500	56.685146926785045
7586000	56.684927805307495
7586500	56.68595783253293
7587000	56.686421474638315
7587500	56.68527257436916
7588000	56.68554747069845
7588500	56.68383262752479
7589000	56.68187105459202
7589500	56.68383038413619
7590000	56.682115974351824
7590500	56.68426371175692
7591000	56.68442210617549
7591500	56.685451488994765
7592000	56.68411472168755
7592500	56.682778140648814
7593000	56.684301047177414
7593500	56.68364681295716
7594000	56.68560482378807
7594500	56.68513915310977
7595000	56.683802948717386
7595500	56.6835841944442
7596000	56.685483484868925
7596500	56.684829441103005
7597000	56.68461066456619
7597500	56.686944640261785
7598000	56.68852444749999
7598500	56.68675354058345
7599000	56.68721638989075
7599500	56.68631588106062
7600000	56.68827214198713
7600500	56.68756008125377
7601000	56.68597823534017
7601500	56.686194433933956
7602000	56.685975715826466
7602500	56.688177841171
7603000	56.68907519176247
7603500	56.68755190510768
7604000	56.68975352281077
7604500	56.691027184947195
7605000	56.69080823537595
7605500	56.692023473158
7606000	56.691311661385605
7606500	56.690904507542996
7607000	56.69155482928865
7607500	56.69220506625064
7608000	56.690682495676285
7608500	56.69114452072651
7609000	56.691230143557306
7609500	56.69144577632762
7610000	56.6903580644881
7610500	56.69032745723247
7611000	56.68992059492989
7611500	56.68883319506401
7612000	56.68818026250641
7612500	56.68951080536446
7613000	56.689045997776546
7613500	56.689942072032174
7614000	56.687740445154624
7614500	56.686841671080856
7615000	56.68779577128468
7615500	56.686521029416866
7616000	56.68735891647856
7616500	56.68863076014863
7617000	56.69014848670304
7617500	56.69129008176942
7618000	56.69020349884342
7618500	56.691344952089985
7619000	56.690692436872695
7619500	56.69239747812013
7620000	56.69155707510944
7620500	56.690658718486034
7621000	56.690006420601456
7621500	56.68960012493385
7622000	56.68981551768263
7622500	56.68742843263125
7623000	56.6873980777905
7623500	56.68891462076563
7624000	56.68652807049498
7624500	56.686989402112644
7625000	56.68720488060808
7625500	56.68766611313687
7626000	56.68658088235294
7626500	56.68592931057653
7627000	56.68552354942887
7627500	56.68747290853923
7628000	56.68657570346226
7628500	56.688958137398096
7629000	56.688306622866705
7629500	56.69087631412451
7630000	56.69369131239248
7630500	56.694585144134734
7631000	56.69306690467318
7631500	56.694148279402654
7632000	56.69782876154499
7632500	56.69593543831682
7633000	56.69658326980387
7633500	56.694632253258206
7634000	56.69311458937868
7634500	56.69357493027526
7635000	56.69230302872832
7635500	56.69227238479591
7636000	56.69242926111148
7636500	56.69134519634584
7637000	56.68914999177439
7637500	56.6893070652762
7638000	56.68927663958375
7638500	56.69079010015842
7639000	56.690326769097595
7639500	56.689921407056055
7640000	56.68945819629565
7640500	56.688374910750994
7641000	56.68747917667268
7641500	56.68769415816482
7642000	56.687346952902594
7642500	56.687994531760346
7643000	56.687531632701614
7643500	56.686448889196484
7644000	56.68536628618636
7644500	56.683851323881775
7645000	56.683821303464086
7645500	56.6853915577985
7646000	56.683631772168866
7646500	56.68273700140526
7647000	56.681655065069826
7647500	56.682734917100795
7648000	56.68424693065883
7648500	56.685326474593126
7649000	56.68448966712629
7649500	56.68427240192943
7650000	56.68516453595416
7650500	56.68605656202461
7651000	56.68473000069142
7651500	56.686428373893804
7652000	56.68442497223914
7652500	56.68574884966841
7653000	56.68571872934407
7653500	56.68352866467663
7654000	56.68528429682809
7654500	56.68593099397018
7655000	56.68608794426713
7655500	56.68673449997409
7656000	56.687625776249995
7656500	56.68703443808701
7657000	56.68724901766053
7657500	56.687463569439345
7658000	56.68681461013729
7658500	56.68616573488462
7659000	56.68354550595508
7659500	56.682839235457635
7660000	56.682190752018926
7660500	56.68388728479622
7661000	56.68453351977006
7661500	56.683885055387975
7662000	56.68434429518907
7662500	56.68504806779544
7663000	56.68458657646308
7663500	56.682212548589874
7664000	56.680701633290475
7664500	56.68048503776686
7665000	56.6803261010223
7665500	56.67721955764121
7666000	56.677678964211474
7666500	56.67918767277479
7667000	56.679028849885725
7667500	56.679674866863586
7668000	56.68013401230601
7668500	56.68145542031535
7669000	56.68210116060496
7669500	56.68096480072424
7670000	56.680748340374166
7670500	56.67758620689655
7671000	56.67890730731766
7671500	56.6780733359767
7672000	56.67723946526921
7672500	56.67683662564209
7673000	56.677238098521144
7673500	56.676533571173124
7674000	56.6763750420074
7674500	56.67511072050182
7675000	56.673171614303996
7675500	56.67572701779476
7676000	56.67508033183724
7676500	56.67634315051383
7677000	56.67957259693445
7677500	56.6822419844534
7678000	56.68460942209973
7678500	56.68396236570715
7679000	56.68307133230858
7679500	56.68439067444514
7680000	56.684360752709004
7680500	56.68352741126584
7681000	56.68379909430583
7681500	56.68425719475555
7682000	56.6835529119089
7682500	56.68204549953949
7683000	56.68201575074235
7683500	56.6805086386815
7684000	56.68066539874872
7684500	56.68161126266059
7685000	56.67862735987058
7685500	56.67693446106986
7686000	56.676102144061666
7686500	56.676259178485246
7687000	56.6749394595013
7687500	56.67625794075776
7688000	56.67542588283867
7688500	56.67760427641906
7689000	56.67652851478847
7689500	56.6765565875473
7690000	56.67671351853365
7690500	56.67883384280697
7691000	56.6787469208249
7691500	56.6798782584772
7692000	56.68113823933976
7692500	56.680492574842575
7693000	56.67941720032664
7693500	56.67834196445839
7694000	56.67775399874515
7694500	56.679013725001504
7695000	56.67750903411264
7695500	56.67662033556038
7696000	56.67578912093625
7696500	56.6771060217465
7697000	56.67707666599367
7697500	56.67532913811989
7698000	56.67339575637832
7698500	56.67207820096548
7699000	56.673151500315655
7699500	56.67379522987469
7700000	56.67443887650775
7700500	56.67440971760048
7701000	56.6746238922855
7701500	56.67336407270979
7702000	56.6746801751524
7702500	56.67317722306884
7703000	56.67382066360476
7703500	56.67446402128893
7704000	56.67210300429184
7704500	56.67145891895371
7705000	56.67467708020426
7705500	56.675749318801095
7706000	56.6735747293627
7706500	56.67416058143626
7707000	56.67547577780447
7707500	56.67483172963489
7708000	56.67332984445912
7708500	56.67311494957901
7709000	56.67424404889556
7709500	56.67360024017327
7710000	56.67387146300251
7710500	56.674028173845926
7711000	56.67491391841652
7711500	56.67488476792797
7712000	56.67552735379866
7712500	56.673783311040225
7713000	56.675097526471475
7713500	56.6748826542641
7714000	56.674239177025285
7714500	56.67383868949142
7715000	56.6744810975061
7715500	56.67573764168934
7716000	56.67448009290407
7716500	56.67383684557834
7717000	56.672950854792404
7717500	56.672307791178426
7718000	56.676006134916754
7718500	56.675605743856885
7719000	56.67630491122105
7719500	56.67676123002325
7720000	56.6745904272406
7720500	56.67314808469814
7721000	56.67464657841656
7721500	56.67547394430432
7722000	56.67635837333482
7722500	56.674131131958326
7723000	56.67306029130952
7723500	56.67437280589092
7724000	56.67648418637305
7724500	56.67455727684057
7725000	56.67391471839607
7725500	56.67442796120494
7726000	56.674456028623766
7726500	56.67442696475341
7727000	56.67354204823608
7727500	56.67436884895165
7728000	56.674339797018604
7728500	56.67498106797986
7729000	56.67324072608418
7729500	56.67174305490199
7730000	56.672812124374936
7730500	56.671927730941476
7731000	56.671955929463195
7731500	56.67003104925969
7732000	56.66963170769257
7732500	56.6666096505482
7733000	56.6661535567072
7733500	56.66850519276733
7734000	56.66975916955609
7734500	56.668633184561976
7735000	56.667749602448566
7735500	56.66729358660899
7736000	56.66635323081132
7736500	56.66809128985384
7737000	56.66635327099608
7737500	56.665099782060594
7738000	56.664644099373575
7738500	56.66522818456438
7739000	56.66477255734665
7739500	56.66547045353566
7740000	56.6663533914886
7740500	56.66784849274459
7741000	56.669585460137114
7741500	56.67041100922133
7742000	56.671848574405935
7742500	56.669627529188695
7743000	56.66917184070509
7743500	56.66968410804717
7744000	56.66776255395821
7744500	56.666638204127636
7745000	56.6683173811699
7745500	56.67029519113787
7746000	56.66898591801802
7746500	56.67005284139898
7747000	56.66898562106009
7747500	56.67157458976164
7748000	56.67221439849784
7748500	56.67072051889308
7749000	56.66941171952671
7749500	56.668103098853564
7750000	56.667889689067884
7750500	56.66554326449295
7751000	56.66557177044719
7751500	56.666211673974985
7752000	56.66776143212383
7752500	56.67034883968899
7753000	56.671471707125676
7753500	56.67077482057034
7754000	56.668244444728735
7754500	56.667604744970625
7755000	56.66781787095426
7755500	56.66669508940372
7756000	56.66587087752804
7756500	56.665473054198536
7757000	56.66690821358999
7757500	56.66602732135626
7758000	56.665331242115315
7758500	56.667859943404586
7759000	56.668499081661786
7759500	56.66724902738658
7760000	56.6678881257137
7760500	56.667433577040406
7761000	56.66855543389811
7761500	56.668157709757814
7762000	56.668555192523144
7762500	56.6692508221022
7763000	56.668001260765486
7763500	56.667362314890134
7764000	56.66587169091343
7764500	56.666269205873334
7765000	56.66964741951968
7765500	56.667731153264775
7766000	56.66964703878742
7766500	56.66882375981336
7767000	56.66709237973606
7767500	56.66645382372347
7768000	56.66563089273781
7768500	56.6656593301354
7769000	56.66563102498734
7769500	56.666879455261196
7770000	56.66581556661986
7770500	56.663900768068764
7771000	56.66496468385669
7771500	56.662993486131974
7772000	56.66272431015852
7772500	56.66275290554223
7773000	56.66551813614766
7773500	56.664639152016804
7774000	56.661874665056104
7774500	56.663065852372284
7775000	56.66115238552906
7775500	56.661606303766355
7776000	56.66096880634078
7776500	56.66245732192133
7777000	56.66200410702062
7777500	56.65985043979542
7778000	56.66072939205993
7778500	56.659851309016254
7779000	56.66048931431389
7779500	56.65852051767006
7780000	56.65769935273843
7780500	56.657855819408795
7781000	56.659527816021615
7781500	56.6616810993176
7782000	56.66013774467524
7782500	56.65883532515645
7783000	56.657164826481676
7783500	56.65477252453167
7784000	56.656075846132936
7784500	56.65562351342168
7785000	56.65565248413703
7785500	56.657380196035135
7786000	56.6561350761417
7786500	56.65974513475756
7787000	56.65966074347706
7787500	56.660114041158415
7788000	56.65990218388072
7788500	56.66029886228562
7789000	56.65966252785737
7789500	56.659394206934024
7790000	56.65979083902075
7790500	56.661517175815504
7791000	56.659791714409394
7791500	56.66127738666599
7792000	56.662946760074504
7792500	56.66236708785567
7793000	56.66215522471648
7793500	56.66194338854195
7794000	56.65937012149597
7794500	56.656797203746436
7795000	56.65725023116926
7795500	56.65552605461161
7796000	56.65332157155459
7796500	56.65395853388576
7797000	56.65308303261344
7797500	56.653055686294465
7798000	56.65157258303866
7798500	56.65414553903031
7799000	56.652789906988964
7799500	56.65337024115844
7800000	56.65395049169209
7800500	56.65241144881896
7801000	56.65304807757509
7801500	56.65368462539253
7802000	56.65516861455535
7802500	56.65646875370769
7803000	56.656257547317715
7803500	56.65731741418318
7804000	56.656866150939244
7804500	56.656782174023554
7805000	56.657178196851866
7805500	56.65781414793448
7806000	56.658266449249275
7806500	56.65932576655938
7807000	56.65718060778534
7807500	56.65696948139114
7808000	56.65778876811748
7808500	56.65848081971377
7809000	56.65808614952116
7809500	56.66041514082867
7810000	56.658990271862905
7810500	56.657269363946526
7811000	56.65681850889297
7811500	56.656551163706084
7812000	56.656819759272736
7812500	56.65666512905369
7813000	56.6573568617494
7813500	56.65974111703051
7814000	56.658627401201656
7814500	56.65926254997778
7815000	56.65796565568534
7815500	56.65836107738581
7816000	56.65838976992483
7816500	56.6586017866811
7817000	56.65645936252284
7817500	56.65413390738728
7818000	56.65416284292124
7818500	56.65884342953801
7819000	56.66032390375915
7819500	56.66077529344113
7820000	56.66394665967639
7820500	56.66397500560175
7821000	56.66225602306499
7821500	56.659875045441865
7822000	56.660326316679345
7822500	56.660059087815995
7823000	56.65834083503442
7823500	56.66029937538563
7824000	56.658398164307954
7824500	56.660779027609934
7825000	56.65845548001639
7825500	56.65885037074593
7826000	56.659062103929024
7826500	56.656739116659274
7827000	56.65616234665946
7827500	56.65547318845171
7828000	56.655868153961165
7828500	56.655179112924344
7829000	56.65436332308524
7829500	56.65451904277287
7830000	56.653942623573826
7830500	56.65349310499159
7831000	56.65322665765975
7831500	56.65174990501119
7832000	56.65177892977154
7832500	56.653623243464565
7833000	56.65359598509182
7833500	56.65446902262684
7834000	56.65425877626126
7834500	56.65296545437665
7835000	56.65317731256619
7835500	56.654050153803304
7836000	56.65407902786861
7836500	56.65368599141841
7837000	56.65263211184893
7837500	56.65290005779444
7838000	56.651846352431015
7838500	56.65060993099259
7839000	56.64847401008891
7839500	56.6486299549996
7840000	56.64842023582598
7840500	56.650740704818695
7841000	56.65161309365684
7841500	56.65092549647932
7842000	56.65150282266735
7842500	56.65297931720643
7843000	56.65042281783001
7843500	56.6494260868099
7844000	56.650663654334934
7844500	56.652139828543966
7845000	56.65211271167154
7845500	56.649135671361265
7846000	56.64790061860535
7846500	56.647269754722466
7847000	56.64579629052238
7847500	56.6487187913412
7848000	56.6472454280045
7848500	56.647218653242625
7849000	56.64677065387256
7849500	56.647165114545295
7850000	56.646534586744835
7850500	56.64524443246521
7851000	56.64395445204325
7851500	56.64398386376843
7852000	56.64359220521112
7852500	56.645193886573196
7853000	56.6460092789842
7853500	56.64556162699649
7854000	56.64685379447373
7854500	56.64670053752805
7855000	56.64799249104523
7855500	56.647839189211936
7856000	56.646073042834175
7856500	56.6471264029222
7857000	56.647520461192116
7857500	56.64610490705131
7858000	56.64668139265804
7858500	56.64623397604453
7859000	56.644342170580465
7859500	56.643894969754584
7860000	56.64452735585963
7860500	56.64305663043844
7861000	56.64518896730398
7861500	56.64540059971151
7862000	56.64435061985904
7862500	56.64414177645273
7863000	56.64519438581147
7863500	56.645588247660214
7864000	56.64682289433192
7864500	56.64535277227765
7865000	56.643700580527735
7865500	56.644332540289696
7866000	56.64346539564051
7866500	56.64385922146478
7867000	56.64365053015562
7867500	56.64152291303343
7868000	56.64131439616774
7868500	56.64231061736073
7869000	56.64155557142797
7869500	56.640030920991826
7870000	56.639640396572
7870500	56.63901199302682
7871000	56.63916798279512
7871500	56.64147979520091
7872000	56.64127138789259
7872500	56.63830537800586
7873000	56.637383679914
7873500	56.63699349149696
7874000	56.635763591474785
7874500	56.63615752792006
7875000	56.63594953714394
7875500	56.63700096553461
7876000	56.63661092081402
7876500	56.635381425297396
7877000	56.63577526505327
7877500	56.63556736293853
7878000	56.63955615987645
7878500	56.64018732768496
7879000	56.640343073901875
7879500	56.64037259262368
7880000	56.640220186873535
7880500	56.64043161966453
7881000	56.63909118367621
7881500	56.640798691220276
7882000	56.64119191631083
7882500	56.64080194614546
7883000	56.641852077086
7883500	56.642482700775844
7884000	56.642456366945396
7884500	56.64159139893158
7885000	56.641928721174004
7885500	56.64195812405141
7886000	56.64007311479946
7886500	56.641542021597694
7887000	56.64199062701732
7887500	56.64094428120533
7888000	56.641392867172144
7888500	56.64010930290063
7889000	56.640320512283225
7889500	56.639693588062
7890000	56.63966746141823
7890500	56.641610310816134
7891000	56.64032713530362
7891500	56.63928142006678
7892000	56.64122393236869
7892500	56.64161660843994
7893000	56.64284697031893
7893500	56.643421080186805
7894000	56.6429759057842
7894500	56.64360557151592
7895000	56.644653916859646
7895500	56.64402720085756
7896000	56.6451310351758
7896500	56.64366699603088
7897000	56.64345911186097
7897500	56.642832623056506
7898000	56.64322491523295
7898500	56.64194285618611
7899000	56.64262783621228
7899500	56.64218302048675
7900000	56.64071981586106
7900500	56.64284159957148
7901000	56.64245244332115
7901500	56.6439184411259
7902000	56.6423998995858
7902500	56.64201084409933
7903000	56.642458521239305
7903500	56.64201393827336
7904000	56.642642918989914
7904500	56.641598768633614
7905000	56.639899623588455
7905500	56.640709948309606
7906000	56.641338847744535
7906500	56.64131266543172
7907000	56.64408764007359
7907500	56.641789484686946
7908000	56.642236892164775
7908500	56.64226619231364
7909000	56.64229548903297
7909500	56.641015244552385
7910000	56.64146258887259
7910500	56.64041928931465
7911000	56.64081110674613
7911500	56.64120287178116
7912000	56.64392062145595
7912500	56.64598349524705
7913000	56.64739159863292
7913500	56.64634834159853
7914000	56.64655849472787
7914500	56.646169784365
7915000	56.64828738512949
7915500	56.6486229105581
7916000	56.64692566636317
7916500	56.646481520150346
7917000	56.64692813951157
7917500	56.64666507990196
7918000	56.64538595473012
7918500	56.645651538557885
7919000	56.64693308394983
7919500	56.64797799105782
7920000	56.65014965497952
7920500	56.649524556907075
7921000	56.64955338509058
7921500	56.64851102902815
7922000	56.65057113404644
7922500	56.64929244200362
7923000	56.64777753667941
7923500	56.64668010231119
7924000	56.645693733988665
7924500	56.64655719101499
7925000	56.64879748023613
7925500	56.64811740265808
7926000	56.64647779223812
7926500	56.6441850086131
7927000	56.64499284722251
7927500	56.64770499870716
7928000	56.64874873330359
7928500	56.64895835070806
7929000	56.649112492651014
7929500	56.65015593469088
7930000	56.64989306306569
7930500	56.648018142707066
7931000	56.64947830473006
7931500	56.65034075988412
7932000	56.65025862464207
7932500	56.65171836057649
7933000	56.652941813847654
7933500	56.65463728497133
7934000	56.65383237076114
7934500	56.65552759212653
7935000	56.653708819252614
7935500	56.652251441522516
7936000	56.654127037689705
7936500	56.65326695965508
7937000	56.65264297913109
7937500	56.65201907657704
7938000	56.65097875885048
7938500	56.648689169772815
7939000	56.64830153792336
7939500	56.64702575527285
7940000	56.644681506649675
7940500	56.64595962960496
7941000	56.644920084432805
7941500	56.644061163912795
7942000	56.643021871435586
7942500	56.64400867469478
7943000	56.64487019933154
7943500	56.64484390412413
7944000	56.646537624384585
7944500	56.64490193385685
7945000	56.644875641351064
7945500	56.64656904966983
7946000	56.64363014525075
7946500	56.643839605921166
7947000	56.64404904044964
7947500	56.64366209487201
7948000	56.64701893918911
7948500	56.646812192200194
7949000	56.6463698675717
7949500	56.645095821133886
7950000	56.64501426397079
7950500	56.64540381400687
7951000	56.647331545354376
7951500	56.646528820127315
7952000	56.646322196537554
7952500	56.64712729691528
7953000	56.64650495728627
7953500	56.64593794685911
7954000	56.646327270308916
7954500	56.645524900456365
7955000	56.645969444582974
7955500	56.64695444023787
7956000	56.64822995059071
7956500	56.64926991830731
7957000	56.65197176251594
7957500	56.650933989230865
7958000	56.65114269452396
7958500	56.65111603155546
7959000	56.64883232115115
7959500	56.64631360332295
7960000	56.644861171681924
7960500	56.64631613921423
7961000	56.6462898054785
7961500	56.64525291618738
7962000	56.64445136509914
7962500	56.64442516016791
7963000	56.644814142831635
7963500	56.64478791728421
7964000	56.644996845006816
7964500	56.64378045844368
7965000	56.64647990801811
7965500	56.64479336579049
7966000	56.64464236799947
7966500	56.644616163544455
7967000	56.64506008897151
7967500	56.643968911960094
7968000	56.642697990531474
7968500	56.643086816720256
7969000	56.643115844323944
7969500	56.64143037895916
7970000	56.63998008877089
7970500	56.63876491181497
7971000	56.63708004977188
7971500	56.637289260311476
7972000	56.63737366615933
7972500	56.63592406134145
7973000	56.63654797497066
7973500	56.634269318162964
7974000	56.632640368843965
7974500	56.634328358208954
7975000	56.63453765313102
7975500	56.63321353214526
7976000	56.63360262633213
7976500	56.63564959691625
7977000	56.63710212201592
7977500	56.63819505746126
7978000	56.63982694387693
7978500	56.642577137600384
7979000	56.64320017237308
7979500	56.64447215880606
7980000	56.64154586169609
7980500	56.6421688444043
7981000	56.64367530396238
7981500	56.64199228701261
7982000	56.64238051253589
7982500	56.64442539232862
7983000	56.644454292068566
7983500	56.645131900443126
7984000	56.64386341237173
7984500	56.64342324287169
7985000	56.64386624488647
7985500	56.64614480128844
7986000	56.64593907578681
7986500	56.64692026510683
7987000	56.645652146916746
7987500	56.64438419669281
7988000	56.64500641529738
7988500	56.64669072608681
7989000	56.647726567317356
7989500	56.646872607643125
7990000	56.6489152608298
7990500	56.64912324255439
7991000	56.64726252684101
7991500	56.64853236249302
7992000	56.64708559136227
7992500	56.647293635855966
7993000	56.646440079251825
7993500	56.64576595058277
7994000	56.647090450390834
7994500	56.64830483941672
7995000	56.647740665539104
7995500	56.64900985390745
7996000	56.65247053959066
7996500	56.65226469311393
7997000	56.65187965883768
7997500	56.65208727789859
7998000	56.6533558212213
7998500	56.65226826495815
7999000	56.65288914606927
7999500	56.652738341744055
8000000	56.653359121867354
8000500	56.654806329370246
8001000	56.65436634035677
8001500	56.65292090540217
8002000	56.653541517752004
8002500	56.65380388527611
8003000	56.652358741949215
8003500	56.65173997818831
8004000	56.65365470805709
8004500	56.6542750929368
8005000	56.65300930132664
8005500	56.65256967274049
8006000	56.65171713167154
8006500	56.65115357138433
8007000	56.65159492102818
8007500	56.65386679879434
8008000	56.65301437619217
8008500	56.65404733693611
8009000	56.65466734919665
8009500	56.653581173401356
8010000	56.65131177043604
8010500	56.6498132364777
8011000	56.648135996137036
8011500	56.647518116839166
8012000	56.64813829018986
8012500	56.64793312041462
8013000	56.64690276075771
8013500	56.647165124972155
8014000	56.64778517176935
8014500	56.64858398135352
8015000	56.6502625619279
8015500	56.650236145771025
8016000	56.649206021860174
8016500	56.6506506093663
8017000	56.65186138295372
8017500	56.65353924823192
8018000	56.65356749646405
8018500	56.653307274271626
8019000	56.65268964834811
8019500	56.6520720988143
8020000	56.65021787435431
8020500	56.65042500391614
8021000	56.64916200196206
8021500	56.649011808832924
8022000	56.64880682520711
8022500	56.64954996538195
8023000	56.65140544706032
8023500	56.650142781204806
8024000	56.6498829811781
8024500	56.65026863113485
8025000	56.64965166627528
8025500	56.65274241787577
8026000	56.65418504924678
8026500	56.65521559323151
8027000	56.65459847520666
8027500	56.65586220814577
8028000	56.65547845067233
8028500	56.65550654987667
8029000	56.654244476929726
8029500	56.65257081211064
8030000	56.650307152621096
8030500	56.65174913850246
8031000	56.65172267575657
8031500	56.6525195226471
8032000	56.650613320161355
8032500	56.65205490728735
8033000	56.6506153023007
8033500	56.651878312975334
8034000	56.65061728395062
8034500	56.65211326143046
8035000	56.651908422074825
8035500	56.6539939598917
8036000	56.65384378021435
8036500	56.65176018529565
8037000	56.652199847789866
8037500	56.65534064451373
8038000	56.65495738589621
8038500	56.653751552692846
8039000	56.6530806973674
8039500	56.65616594971171
8040000	56.655960982510386
8040500	56.65452242709345
8041000	56.65202874952715
8041500	56.651412924154776
8042000	56.65156473548324
8042500	56.65364850976362
8043000	56.652388743186464
8043500	56.65159487010851
8044000	56.653678265801865
8044500	56.65347356653474
8045000	56.65285791783794
8045500	56.65288610903353
8046000	56.65162684813071
8046500	56.65242223774499
8047000	56.65262855147195
8047500	56.65288950607646
8048000	56.65315043280707
8048500	56.65335666691315
8049000	56.651865118323386
8049500	56.65183870795494
8050000	56.65122353926908
8050500	56.65060844637746
8051000	56.65163611275379
8051500	56.651896992817754
8052000	56.65104934444203
8052500	56.65084500796558
8053000	56.650695308362174
8053500	56.65113414759314
8054000	56.65051931524283
8054500	56.651546561031175
8055000	56.64946782091855
8055500	56.64908572249472
8056000	56.648471167658535
8056500	56.648445002585504
8057000	56.64970453053184
8057500	56.64996532522477
8058000	56.65017151673314
8058500	56.650965846613374
8059000	56.65134979896611
8059500	56.652020693078654
8060000	56.6508181993461
8060500	56.65143447834541
8061000	56.65187287732366
8061500	56.65307696093712
8062000	56.65182013550536
8062500	56.651971539297506
8063000	56.65194516548362
8063500	56.65027862406049
8064000	56.65066238063413
8064500	56.64963838824475
8065000	56.64943445267564
8065500	56.64923054218695
8066000	56.6502564018479
8066500	56.64846740939311
8067000	56.65013525698828
8067500	56.65075103998033
8068000	56.65060161961903
8068500	56.65226905770792
8069000	56.65598518251406
8069500	56.656422864167176
8070000	56.65803512164742
8070500	56.65695685484036
8071000	56.65611084027382
8071500	56.65672595590585
8072000	56.65698591306983
8072500	56.65818802914685
8073000	56.660263682794266
8073500	56.66175205799239
8074000	56.66259869606526
8074500	56.66280369698483
8075000	56.66090673829724
8075500	56.66198526792478
8076000	56.660730004708384
8076500	56.65901098406226
8077000	56.66003487829441
8077500	56.66041736596069
8078000	56.66039048749539
8078500	56.65826266330507
8079000	56.65683076658632
8079500	56.655630900690376
8080000	56.65793673527847
8080500	56.657500838836924
8081000	56.65671031096563
8081500	56.65709282534694
8082000	56.65834799329051
8082500	56.657734868784395
8083000	56.65612638520161
8083500	56.65569076592699
8084000	56.65630496134811
8084500	56.654696855675155
8085000	56.654724805535785
8085500	56.65493000944658
8086000	56.655366861993805
8086500	56.656389790727914
8087000	56.6575898077505
8087500	56.65679989533591
8088000	56.658054176921254
8088500	56.65884507525897
8089000	56.65700609474445
8089500	56.655984827428355
8090000	56.65496368533558
8090500	56.65540029671286
8091000	56.65420217004843
8091500	56.65463877503484
8092000	56.65502094187354
8092500	56.655048847956394
8093000	56.656125384062236
8093500	56.654696098738796
8094000	56.653852595972765
8094500	56.6540576311898
8095000	56.65362275033291
8095500	56.65318792631622
8096000	56.65397841908791
8096500	56.653135235357055
8097000	56.65334024836959
8097500	56.65150351991899
8098000	56.65130028949764
8098500	56.65068879071704
8099000	56.64984608349868
8099500	56.648772223469614
8100000	56.648569212556644
8100500	56.649005649348524
8101000	56.649033869664244
8101500	56.6500010203457
8102000	56.64997490113496
8102500	56.651458513573075
8103000	56.651201129514696
8103500	56.6540854840355
8104000	56.65452141874992
8104500	56.65554213721522
8105000	56.65510770234987
8105500	56.653734911252265
8106000	56.65330064572974
8106500	56.652689628167266
8107000	56.65108614965454
8107500	56.65205244805155
8108000	56.65208047012956
8108500	56.65210848900797
8109000	56.65108996158833
8109500	56.65047930096676
8110000	56.64864556322065
8110500	56.648673771414124
8111000	56.64870197638771
8111500	56.64931454357938
8112000	56.64829655234259
8112500	56.65053945325078
8113000	56.6513826903874
8113500	56.652402494192444
8114000	56.651561213761184
8114500	56.651942526955764
8115000	56.65360041725071
8115500	56.65304426127312
8116000	56.65337119622566
8116500	56.65270671055633
8117000	56.652680462766824
8117500	56.65329232774599
8118000	56.652912927835644
8118500	56.65108095338949
8119000	56.650471004606196
8119500	56.651490099937284
8120000	56.65169463572356
8120500	56.65003970112181
8121000	56.64902280130293
8121500	56.64986523569503
8122000	56.651521813474034
8122500	56.65032852688058
8123000	56.65279903605042
8123500	56.65218931009358
8124000	56.6519325323174
8124500	56.65272034643311
8125000	56.65373862013112
8125500	56.655624827047355
8126000	56.65699555237255
8126500	56.65620943754755
8127000	56.65478602641409
8127500	56.656034370524665
8128000	56.65623843096414
8128500	56.65458480288663
8129000	56.65333816034072
8129500	56.65377278292313
8130000	56.653800632049034
8130500	56.652960961107524
8131000	56.65130805737315
8131500	56.65232560976602
8132000	56.65433253364779
8132500	56.653953745568096
8133000	56.65398157408988
8133500	56.655405268057876
8134000	56.655785421299335
8134500	56.65581314049015
8135000	56.6550958857338
8135500	56.65372812811186
8136000	56.65329545500729
8136500	56.65088492877898
8137000	56.65004612302453
8137500	56.651008947655
8138000	56.64981796905474
8138500	56.65205361459734
8139000	56.65225763989892
8139500	56.65020027787031
8140000	56.649591953626114
8140500	56.64962000430567
8141000	56.650230298697814
8141500	56.65061043465547
8142000	56.65122059187843
8142500	56.65322498771569
8143000	56.65319878992142
8143500	56.65241453798334
8144000	56.65203639567507
8144500	56.65183428877666
8145000	56.65140221821666
8145500	56.653229898635615
8146000	56.65383959667795
8146500	56.65549097285362
8147000	56.655058770050005
8147500	56.655438311688314
8148000	56.6540186271128
8148500	56.65254512400987
8149000	56.6517074595858
8149500	56.651559475941426
8150000	56.6511276914276
8150500	56.65092579069503
8151000	56.65275225449987
8151500	56.65353739813324
8152000	56.653389363013915
8152500	56.652957591096396
8153000	56.65298540755822
8153500	56.652553714383046
8154000	56.652811289766625
8154500	56.6512710507001
8155000	56.651934149704
8155500	56.65335414681615
8156000	56.65540910362499
8156500	56.6576395420491
8157000	56.659518317475886
8157500	56.65989711909134
8158000	56.6602758715734
8158500	56.657817408045396
8159000	56.65888513321823
8159500	56.65827771090929
8160000	56.65726512351682
8160500	56.656077023445796
8161000	56.657671456008565
8161500	56.657469420168304
8162000	56.65738906377238
8162500	56.655917811770806
8163000	56.65768739999595
8163500	56.6584710852597
8164000	56.659025184489145
8164500	56.658242612752716
8165000	56.65804063549146
8165500	56.65922905285835
8166000	56.6592564697498
8166500	56.65796133211863
8167000	56.657530031458634
8167500	56.65727425832362
8168000	56.65684305978367
8168500	56.65704605345715
8169000	56.65545449761792
8169500	56.65565755176713
8170000	56.6534322474634
8170500	56.65282600425742
8171000	56.655052546810566
8171500	56.65323233304199
8172000	56.65464933257264
8172500	56.65548618894063
8173000	56.654367737968094
8173500	56.65399085723533
8174000	56.654369230520295
8174500	56.656365533811716
8175000	56.65472136160299
8175500	56.65492430829959
8176000	56.655989905607726
8176500	56.65492573286477
8177000	56.65472425979991
8177500	56.654293731855056
8178000	56.652650305260174
8178500	56.651990927725016
8179000	56.65236919021842
8179500	56.65418913565474
8180000	56.65259992239038
8180500	56.65297807669922
8181000	56.653409963544064
8181500	56.65315491899013
8182000	56.652724737831115
8182500	56.65575625328323
8183000	56.65497567519516
8183500	56.65494949494949
8184000	56.652499232372854
8184500	56.65108612658617
8185000	56.65065623901724
8185500	56.65166705714124
8186000	56.654872403848486
8186500	56.6540384661987
8187000	56.65343343739525
8187500	56.653582418647474
8188000	56.65517157832678
8188500	56.654162813891794
8189000	56.65476921089182
8189500	56.6550255364677
8190000	56.655631812676624
8190500	56.659063843529864
8191000	56.658176343079035
8191500	56.6578000944512
8192000	56.65921327725801
8192500	56.65941552282899
8193000	56.66024996872364
8193500	56.661662752314314
8194000	56.66100402303257
8194500	56.65999564231474
8195000	56.659794313564895
8195500	56.66264569305313
8196000	56.661233974229674
8196500	56.659822426249605
8197000	56.66169174297124
8197500	56.6610332880243
8198000	56.658761655857774
8198500	56.65873527988386
8199000	56.65858783012667
8199500	56.655160733583884
8200000	56.65732545714805
8200500	56.65591484557697
8201000	56.656117080250766
8201500	56.65568774163378
8202000	56.655083727717624
8202500	56.657073064551234
8203000	56.65641538256906
8203500	56.65661752259042
8204000	56.655838921846794
8204500	56.65684705996139
8205000	56.65463132359223
8205500	56.65523646810894
8206000	56.653652286380826
8206500	56.65523784966338
8207000	56.656823208537624
8207500	56.6554138433897
8208000	56.654582074521656
8208500	56.65639538396472
8209000	56.65740293217335
8209500	56.65823580110675
8210000	56.659874027417565
8210500	56.65967308706805
8211000	56.65803599112503
8211500	56.65800970385134
8212000	56.65803703360726
8212500	56.65904406080907
8213000	56.66269454665497
8213500	56.66249350879382
8214000	56.66586161091656
8214500	56.66646541488056
8215000	56.66608977738782
8215500	56.666411780567216
8216000	56.666559353545765
8216500	56.66492294072674
8217000	56.66391711095463
8217500	56.663944089257626
8218000	56.66316640716467
8218500	56.661879302090746
8219000	56.66386416023364
8219500	56.66401184212644
8220000	56.66300644761664
8220500	56.66257767410059
8221000	56.66260471588465
8221500	56.66222960392177
8222000	56.660822429004575
8222500	56.65946897957706
8223000	56.660823133956285
8223500	56.66286054309631
8224000	56.66323601540577
8224500	56.66366501575867
8225000	56.6636919836312
8225500	56.663893142965094
8226000	56.66512590687112
8226500	56.66469730036051
8227000	56.66633175926856
8227500	56.66492525317474
8228000	56.66512627835486
8228500	56.66595678851123
8229000	56.665581819569844
8229500	56.66601043805268
8230000	56.66718893750024
8230500	56.6668139655401
8231000	56.66575615399447
8231500	56.66653277634961
8232000	56.665475124208264
8232500	56.66550196593452
8233000	56.664324009558044
8233500	56.66475248876591
8234000	56.66289211198381
8234500	56.662464063729665
8235000	56.66065757406642
8235500	56.66040371922725
8236000	56.66002938602478
8236500	56.662465075949775
8237000	56.66146182469183
8237500	56.662291634054604
8238000	56.662492574932976
8238500	56.66229216080523
8239000	56.662666993061436
8239500	56.664071716920404
8240000	56.66369735490498
8240500	56.66344344448769
8241000	56.66376463885802
8241500	56.664366580279705
8242000	56.66416614182389
8242500	56.66476798665041
8243000	56.66554357592093
8243500	56.66431367515883
8244000	56.66313737757779
8244500	56.66047746421825
8245000	56.66125313283208
8245500	56.659850034083156
8246000	56.65787236772466
8246500	56.657899590246096
8247000	56.65764628059414
8247500	56.65859564164649
8248000	56.65759399038751
8248500	56.657968679228645
8249000	56.65879750057115
8249500	56.659572847907725
8250000	56.658571382770674
8250500	56.659800754983124
8251000	56.66143070092484
8251500	56.663808440049365
8252000	56.66240629519967
8252500	56.661004318875655
8253000	56.66217981075082
8253500	56.66232699741622
8254000	56.661152257769906
8254500	56.6634757496986
8255000	56.66327568667345
8255500	56.66324920503969
8256000	56.66247517139745
8256500	56.66312944238663
8257000	56.66413069592377
8257500	56.6647848073897
8258000	56.66555897649428
8258500	56.66347728264481
8259000	56.66590606122474
8259500	56.665132197826395
8260000	56.66613297041988
8260500	56.668561182177676
8261000	56.667560504124324
8261500	56.66816075301953
8262000	56.66876092985286
8262500	56.666506606484035
8263000	56.666706679310664
8263500	56.666680003360845
8264000	56.666253255612055
8264500	56.66582656249375
8265000	56.667280044163185
8265500	56.66587999055989
8266000	56.66727997056141
8266500	56.66707995536482
8267000	56.66790646334001
8267500	56.6681063441789
8268000	56.6690526366301
8268500	56.6696522823966
8269000	56.67099818076407
8269500	56.67199744122821
8270000	56.67237023059456
8270500	56.67274297227286
8271000	56.67391512903329
8271500	56.67268890096888
8272000	56.67454046211585
8272500	56.673021354147934
8273000	56.6737935857728
8273500	56.67342021027897
8274000	56.672420820446426
8274500	56.673419400724825
8275000	56.673565441135345
8275500	56.673138848271286
8276000	56.673338207153336
8276500	56.67296499434749
8277000	56.67464239064004
8277500	56.67484162679044
8278000	56.67606601377151
8278500	56.676664523317896
8279000	56.67646424549325
8279500	56.67808766213022
8280000	56.67668938749596
8280500	56.67569056802664
8281000	56.67446558759413
8281500	56.67563618361693
8282000	56.67520978546392
8282500	56.67478344177878
8283000	56.674636660107055
8283500	56.67358505627844
8284000	56.67218774321008
8284500	56.67313187427167
8285000	56.67390298019059
8285500	56.673250733225586
8286000	56.673675978277785
8286500	56.67547100552998
8287000	56.675497111487026
8287500	56.67689288008202
8288000	56.68050918113748
8288500	56.681159998404404
8289000	56.684549570212006
8289500	56.68452183901628
8290000	56.685119009635635
8290500	56.684346959122635
8291000	56.68431924583077
8291500	56.687136135258
8292000	56.68573934887059
8292500	56.6857115517262
8293000	56.68608243929083
8293500	56.68503133421569
8294000	56.68443229064933
8294500	56.6836606569858
8295000	56.68311504029718
8295500	56.683485982574865
8296000	56.68487986067105
8296500	56.683483971753304
8297000	56.6839080917807
8297500	56.68388042811262
8298000	56.682657444078764
8298500	56.682231447763684
8299000	56.6807829138962
8299500	56.680184522718754
8300000	56.680210325047796
8300500	56.6816568613002
8301000	56.68145681648
8301500	56.68046024621341
8302000	56.67872048937458
8302500	56.678693172767524
8303000	56.67769694218463
8303500	56.67794855459106
8304000	56.67951392759878
8304500	56.67732341711423
8305000	56.67610186832918
8305500	56.67368622190022
8306000	56.67365923755767
8306500	56.67420274164531
8307000	56.67377772117237
8307500	56.674321145863594
8308000	56.67536870925892
8308500	56.67380300522093
8309000	56.67434633305878
8309500	56.67409382087295
8310000	56.67366896628552
8310500	56.67284633317685
8311000	56.673840486599815
8311500	56.67346881948837
8312000	56.67468825202363
8312500	56.674886643862855
8313000	56.6749127007485
8313500	56.67267181279851
8314000	56.67565396514836
8314500	56.67460623580918
8315000	56.67378399118883
8315500	56.673757032383755
8316000	56.674180710772916
8316500	56.67437903507935
8317000	56.674577335734355
8317500	56.67557060745546
8318000	56.67616628707932
8318500	56.676086118430725
8319000	56.67605902481093
8319500	56.67620410109681
8320000	56.67605790513127
8320500	56.67568652226951
8321000	56.675262135305125
8321500	56.676652178404275
8322000	56.67481079792622
8322500	56.67381718507926
8323000	56.676001509463944
8323500	56.67614651933175
8324000	56.675153012387945
8324500	56.675523147982666
8325000	56.67407966323815
8325500	56.673086468777925
8326000	56.67430382109204
8326500	56.67648717113883
8327000	56.676288070385795
8327500	56.67591699320717
8328000	56.67440798745509
8328500	56.67619387876622
8329000	56.67594184029501
8329500	56.676139746449586
8330000	56.67611268544758
8330500	56.67670742500188
8331000	56.67566173260844
8331500	56.676825154956624
8332000	56.677988429581546
8332500	56.677789372195356
8333000	56.67781520406584
8333500	56.67739132849599
8334000	56.67674267307723
8334500	56.67892375614342
8335000	56.678499890922794
8335500	56.67830087653195
8336000	56.677308691427555
8336500	56.678074722102146
8337000	56.67872183492351
8337500	56.67676495313021
8338000	56.67582602765254
8338500	56.67426600321155
8339000	56.6738426283843
8339500	56.674265099407314
8340000	56.67508394150457
8340500	56.67386780299276
8341000	56.67627205308198
8341500	56.67646965565349
8342000	56.67632383073673
8342500	56.67652140830335
8343000	56.676269769248144
8343500	56.67629565348328
8344000	56.67688942776312
8344500	56.67787933896741
8345000	56.67807676460333
8345500	56.677257313092255
8346000	56.67824702205285
8346500	56.678668900745876
8347000	56.67807405294929
8347500	56.67708320956263
8348000	56.67552485772108
8348500	56.673742237992656
8349000	56.673319394284995
8349500	56.67294944999247
8350000	56.67156325106808
8350500	56.67096907020572
8351000	56.671338305857766
8351500	56.67029552067457
8352000	56.66953000368144
8352500	56.668368740425834
8353000	56.66856654317469
8353500	56.66916010654508
8354000	56.669977876894215
8354500	56.67017554968103
8355000	56.67116462939293
8355500	56.67113796528215
8356000	56.67150696964062
8356500	56.66955486186118
8357000	56.67133497911128
8357500	56.67232369265338
8358000	56.674551812528684
8358500	56.67378663818678
8359000	56.674379511519824
8359500	56.67400994308631
8360000	56.672849442166005
8360500	56.67220310831652
8361000	56.67116142783141
8361500	56.66994855735202
8362000	56.66895990004666
8362500	56.67192497617947
8363000	56.67031694135972
8363500	56.67209563416138
8364000	56.6707117982125
8364500	56.66870886776418
8365000	56.66969684992688
8365500	56.667075055231265
8366000	56.66710137882794
8366500	56.66870838355298
8367000	56.668681911400355
8367500	56.667865200504174
8368000	56.66969577242197
8368500	56.67164462143839
8369000	56.673027009730134
8369500	56.67339529996406
8370000	56.67280239530419
8370500	56.67198571755839
8371000	56.67314391336288
8371500	56.67232731724655
8372000	56.670773702334685
8372500	56.6715895718652
8373000	56.672352657806
8373500	56.67153630512891
8374000	56.67133861065599
8374500	56.67187783752201
8375000	56.671338057359414
8375500	56.669166699561835
8376000	56.670890123032834
8376500	56.67029783471871
8377000	56.66891627890456
8377500	56.669902759360994
8378000	56.66913964152388
8378500	56.669955015389476
8379000	56.670375719122134
8379500	56.67451834491357
8380000	56.67234794684847
8380500	56.67232128767555
8381000	56.67155830118267
8381500	56.671531695002166
8382000	56.67207043036836
8382500	56.671084080744016
8383000	56.669650850492395
8383500	56.66967697664972
8384000	56.66987396879979
8384500	56.670070937646635
8385000	56.66886156005661
8385500	56.67125334637054
8386000	56.67206787385619
8386500	56.671647027749415
8387000	56.67127883095432
8387500	56.67085808437757
8388000	56.66987245179498
8388500	56.66984597436585
8389000	56.66846641627814
8389500	56.66945151603522
8390000	56.669766562110865
8390500	56.66692935103826
8391000	56.665550324067695
8391500	56.66653534000473
8392000	56.666509084605806
8392500	56.66687676283819
8393000	56.66791404880547
8393500	56.66794023924783
8394000	56.666509121845166
8394500	56.66591837297321
8395000	56.66549835188853
8395500	56.6673229896826
8396000	56.665327852068856
8396500	56.664291086060324
8397000	56.66510490694405
8397500	56.66704723959953
8398000	56.66544628551408
8398500	56.66564318162136
8399000	56.66522338122417
8399500	56.66283564113262
8400000	56.66404282115869
8400500	56.66446275787701
8401000	56.663308514489906
8401500	56.66277088473601
8402000	56.66319082377477
8402500	56.66434521209832
8403000	56.66532895823989
8403500	56.664909395629905
8404000	56.66392601014174
8404500	56.663899957909315
8405000	56.66370344729928
8405500	56.661487934865974
8406000	56.659495557714315
8406500	56.66064960653146
8407000	56.6610170158046
8407500	56.661213961023634
8408000	56.66045407003719
8408500	56.65829195123007
8409000	56.65989125263907
8409500	56.658908816429864
8410000	56.65910582944481
8410500	56.65930281922672
8411000	56.65893636256436
8411500	56.65689310924898
8412000	56.65714252026992
8412500	56.655544944725435
8413000	56.6570913220656
8413500	56.656279839207194
8414000	56.65625429755801
8414500	56.655102369567686
8415000	56.65507690494431
8415500	56.654436028787835
8416000	56.654240337514295
8416500	56.657409626012935
8417000	56.65608773183971
8417500	56.6564549703468
8418000	56.65564396408851
8418500	56.65449261702796
8419000	56.65564526262881
8419500	56.65707251373351
8420000	56.656091470214065
8420500	56.65528072241853
8421000	56.65542543293145
8421500	56.65601494904449
8422000	56.655819303073244
8422500	56.656016203358426
8423000	56.65486545043489
8423500	56.65506238446413
8424000	56.654644495637875
8424500	56.654331113457005
8425000	56.65374322107725
8425500	56.65394017633971
8426000	56.65430718223373
8426500	56.65725047080979
8427000	56.65621800178111
8427500	56.65602247049962
8428000	56.65448012364372
8428500	56.653892469237974
8429000	56.65482157845606
8429500	56.65411617052987
8430000	56.65409081282894
8430500	56.65350331959482
8431000	56.65353018449895
8431500	56.65451123397247
8432000	56.65672063142294
8432500	56.65551891915204
8433000	56.65414742388484
8433500	56.65552023019417
8434000	56.65392681444895
8434500	56.65378373928927
8435000	56.65358852049715
8435500	56.65317128423
8436000	56.654987811664746
8436500	56.657809964965075
8437000	56.65604708666909
8437500	56.65467625899281
8438000	56.65448105352658
8438500	56.654116042988164
8439000	56.653751072490564
8439500	56.65355595427444
8440000	56.65375259032345
8440500	56.6543409115836
8441000	56.65431557177997
8441500	56.65333714549805
8442000	56.65297234635012
8442500	56.65121087753376
8443000	56.6501807188813
8443500	56.64824988350829
8444000	56.64626721326238
8444500	56.645511387439164
8445000	56.64570837966081
8445500	56.64612710517456
8446000	56.64559315730755
8446500	56.64539867694837
8447000	56.645765325693
8447500	56.647358121330726
8448000	56.646941874481435
8448500	56.646134339339106
8449000	56.646892168985865
8449500	56.6465280440754
8450000	56.64689449013608
8450500	56.64887789915177
8451000	56.64829210467632
8451500	56.64687196820329
8452000	56.64706871799686
8452500	56.646483137365344
8453000	56.64707101760479
8453500	56.64570328999859
8454000	56.64724286272976
8454500	56.64800012513883
8455000	56.647584189698584
8455500	56.64839332775489
8456000	56.64881138567407
8456500	56.64810847160753
8457000	56.64769262045131
8457500	56.64872303079347
8458000	56.64735591206179
8458500	56.648555681507254
8459000	56.648752174167946
8459500	56.650121160009384
8460000	56.6501481197777
8460500	56.649732306850595
8461000	56.64992868447275
8461500	56.65029442679577
8462000	56.648485180004535
8462500	56.64851222104145
8463000	56.648539259120355
8463500	56.648006281765305
8464000	56.64803334466176
8464500	56.64744851723383
8465000	56.64798359535202
8465500	56.648961099828156
8466000	56.64737401193489
8466500	56.64695866787466
8467000	56.64481211463291
8467500	56.64539909879658
8468000	56.64637646075818
8468500	56.64774413193198
8469000	56.64850008588785
8469500	56.6488655704939
8470000	56.649504053837774
8470500	56.64691600896196
8471000	56.64611061238828
8471500	56.64474582886135
8472000	56.644994107041114
8472500	56.647974056686614
8473000	56.64755899120839
8473500	56.6471958514287
8474000	56.64739207790992
8474500	56.64719813039628
8475000	56.64539184170282
8475500	56.64497706207284
8476000	56.64556344813329
8476500	56.644979600115455
8477000	56.64517588508088
8477500	56.64459212804792
8478000	56.64556838611803
8478500	56.64598550108605
8479000	56.64579173945595
8479500	56.64681959440227
8480000	56.647015705173196
8480500	56.64721179300638
8481000	56.649188124987816
8481500	56.6487733947708
8482000	56.64880035862553
8482500	56.6472681631969
8483000	56.64651567061502
8483500	56.64593223113439
8484000	56.64540065707683
8484500	56.64325853643328
8485000	56.64284433914474
8485500	56.64187159295035
8486000	56.640288638745695
8486500	56.639147221886724
8487000	56.63878510680572
8487500	56.636981978823364
8488000	56.637347398272006
8488500	56.63598580604451
8489000	56.63540335898794
8489500	56.63620997203592
8490000	56.63579645914306
8490500	56.6373818091188
8491000	56.63718881788764
8491500	56.63677531646801
8492000	56.63619302740292
8492500	56.63483213872742
8493000	56.636248257819375
8493500	56.63673062624328
8494000	56.63731626806179
8494500	56.63729214672728
8495000	56.63632082264613
8495500	56.638683588839456
8496000	56.63926897990318
8496500	56.64002303752939
8497000	56.63988170515789
8497500	56.63951999813229
8498000	56.63937870605263
8498500	56.637798216536716
8499000	56.63938189089721
8499500	56.64013568922188
8500000	56.641278386768015
8500500	56.64142268690853
8501000	56.64144999124871
8501500	56.64381084245038
8502000	56.64239935287163
8502500	56.64087108691426
8503000	56.64123562212734
8503500	56.64048526323976
8504000	56.64090142071744
8504500	56.641603035628194
8505000	56.639634876452014
8505500	56.63983082144121
8506000	56.63968964766614
8506500	56.63983395070606
8507000	56.639421040153294
8507500	56.63944843239294
8508000	56.63825834858678
8508500	56.639011405366546
8509000	56.63959588109579
8509500	56.63940318225089
8510000	56.63904203528648
8510500	56.637852328133796
8511000	56.63843673516957
8511500	56.63863261144022
8512000	56.641379122821334
8512500	56.64118638669432
8513000	56.64094208668161
8513500	56.64191451185695
8514000	56.64366351975332
8514500	56.64242250086401
8515000	56.6447795039859
8515500	56.642813600518735
8516000	56.64322903522633
8516500	56.6408752266295
8517000	56.64046274190105
8517500	56.63910562478165
8518000	56.63813682678311
8518500	56.63894053307147
8519000	56.637752032756985
8519500	56.63733986362455
8520000	56.6361516102869
8520500	56.636347409022825
8521000	56.63515936023094
8521500	56.63341520100259
8522000	56.633391400160626
8522500	56.63281140888565
8523000	56.63218002878412
8523500	56.63165162881991
8524000	56.62952030379079
8524500	56.629716395680774
8525000	56.63163201985728
8525500	56.63165977646265
8526000	56.6323463827972
8526500	56.63387376348006
8527000	56.633294041008774
8527500	56.6333217013687
8528000	56.63407333886463
8528500	56.63327414690124
8529000	56.6309244140519
8529500	56.63172747429953
8530000	56.63209141510458
8530500	56.63168012899025
8531000	56.631100810405435
8531500	56.629358921692486
8532000	56.628340909355124
8532500	56.62870494871487
8533000	56.62890089196458
8533500	56.62650135606354
8534000	56.62764028576299
8534500	56.625679884710145
8535000	56.62427512792999
8535500	56.625026630255846
8536000	56.62367340615074
8536500	56.622488342189655
8537000	56.621909988342864
8537500	56.62426178720108
8538000	56.625232342007436
8538500	56.62581556988248
8539000	56.62501790754673
8539500	56.62620748398087
8540000	56.62458430602819
8540500	56.626160879849174
8541000	56.62691177666036
8541500	56.62732681238799
8542000	56.625251586932954
8542500	56.62566666924691
8543000	56.62547554268951
8543500	56.62661326212728
8544000	56.62564816964631
8544500	56.627172684920055
8545000	56.62753625431415
8545500	56.62756416704712
8546000	56.628365831012076
8546500	56.629722044913834
8547000	56.62991760473483
8547500	56.6295585709644
8548000	56.63096578052658
8548500	56.6332628126535
8549000	56.63401258464859
8549500	56.63343439655972
8550000	56.6322505800464
8550500	56.63443059706975
8551000	56.63269251589155
8551500	56.63228221029678
8552000	56.634461854888904
8552500	56.63349724747944
8553000	56.63330588703723
8553500	56.63101418239589
8554000	56.63060409636784
8554500	56.629202192212844
8555000	56.630002937220766
8555500	56.63113879828724
8556000	56.629955947136565
8556500	56.62915964698063
8557000	56.62836344528075
8557500	56.62877763439531
8558000	56.630132011543765
8558500	56.63153746899797
8559000	56.63057376510899
8559500	56.62784634103946
8560000	56.628260441330404
8560500	56.62608722520045
8561000	56.62765998532422
8561500	56.62901388325706
8562000	56.6278831784182
8562500	56.62730621606802
8563000	56.62871109360702
8563500	56.62912498407342
8564000	56.62970627297156
8564500	56.629850250740255
8565000	56.628719884808554
8565500	56.63024052064556
8566000	56.63065420705041
8566500	56.62870089118579
8567000	56.62928199824011
8567500	56.628705286678525
8568000	56.62791011773605
8568500	56.62909555359189
8569000	56.62912330659382
8569500	56.62717076351458
8570000	56.62758442420244
8570500	56.626403768329524
8571000	56.626984739302856
8571500	56.626961472589535
8572000	56.62787692711206
8572500	56.62751904348664
8573000	56.6244104114682
8573500	56.62405275640655
8574000	56.623207351449736
8574500	56.62147467783356
8575000	56.62205565387715
8575500	56.62191651951297
8576000	56.62348677615853
8576500	56.62235826580414
8577000	56.625470301609816
8577500	56.627592773192816
8578000	56.62932955079827
8578500	56.62858640519248
8579000	56.62729077139499
8579500	56.62611135304705
8580000	56.625099230051866
8580500	56.62594890370314
8581000	56.62361381903932
8581500	56.62364182784927
8582000	56.62263009666471
8582500	56.62188765308913
8583000	56.622249958588064
8583500	56.62326656394453
8584000	56.62522051969462
8584500	56.62519739629472
8585000	56.624840165765434
8585500	56.625805383214136
8586000	56.62715558739034
8586500	56.62696533160819
8587000	56.62677509780365
8587500	56.625647818017995
8588000	56.6254576815422
8588500	56.62587055865901
8589000	56.62512848349059
8589500	56.62493840847499
8590000	56.62568516351543
8590500	56.624943226869284
8591000	56.624150379875445
8591500	56.62523091133005
8592000	56.62614437940867
8592500	56.62655702252272
8593000	56.62614905709019
8593500	56.62672853614055
8594000	56.62692321010169
8594500	56.62437387952326
8595000	56.62281207924601
8595500	56.623776277575836
8596000	56.62276619150557
8596500	56.6221917945207
8597000	56.62139969924581
8597500	56.62159459750489
8598000	56.62200721421924
8598500	56.620830737758496
8599000	56.62025662025661
8599500	56.62105372433071
8600000	56.62141536237567
8600500	56.619905657838586
8601000	56.620920309076226
8601500	56.62128189555096
8602000	56.6222963649153
8602500	56.62073604304795
8603000	56.61977785464468
8603500	56.62095893990868
8604000	56.619783260318194
8604500	56.6214642806365
8605000	56.61952023607797
8605500	56.61933084359199
8606000	56.61837307853374
8606500	56.6193362991648
8607000	56.619146950017864
8607500	56.61758774473839
8608000	56.61838420852491
8608500	56.62028199524502
8609000	56.61992602919658
8609500	56.619186057675684
8610000	56.618779353540475
8610500	56.62034352596028
8611000	56.61938625053757
8611500	56.619414389163204
8612000	56.62021039698995
8612500	56.619470657340074
8613000	56.6192306068156
8613500	56.62177932008722
8614000	56.62180732233474
8614500	56.620082676666684
8615000	56.62044375530131
8615500	56.621239393160195
8616000	56.620449076863444
8616500	56.619876129151095
8617000	56.619686963995875
8617500	56.61928057553956
8618000	56.620459716312595
8618500	56.619336819449614
8619000	56.61991498764712
8619500	56.618575050923916
8620000	56.61860320602078
8620500	56.61742989417482
8621000	56.617240956092175
8621500	56.6174863178403
8622000	56.6166967713235
8622500	56.61612443053702
8623000	56.61708597437756
8623500	56.61634732995656
8624000	56.61577510582173
8624500	56.614985891301686
8625000	56.61534686867448
8625500	56.6165252125645
8626000	56.61688605401759
8626500	56.61626324766669
8627000	56.615691234525315
8627500	56.61621832926451
8628000	56.613679563431226
8628500	56.61212446351931
8629000	56.611169652265545
8629500	56.610164296223644
8630000	56.61052534788206
8630500	56.609520160904125
8631000	56.6093319031566
8631500	56.60897745294077
8632000	56.608406206788246
8632500	56.60728580566333
8633000	56.60846352122009
8633500	56.61282045390136
8634000	56.61383158386533
8634500	56.61402608542478
8635000	56.614603476069945
8635500	56.61534691564595
8636000	56.616523793297524
8636500	56.61616915708593
8637000	56.615496516346376
8637500	56.616456447260134
8638000	56.615502392344496
8638500	56.61607945955256
8639000	56.61950160937841
8639500	56.61914694119673
8640000	56.61895832536068
8640500	56.61893573544155
8641000	56.61743322874416
8641500	56.618009986416936
8642000	56.61901992592819
8642500	56.620195728856615
8643000	56.619025394226426
8643500	56.61780457202313
8644000	56.61723361039815
8644500	56.61584712830084
8645000	56.61441023150149
8645500	56.61362306536181
8646000	56.613103068498184
8646500	56.613131429008455
8647000	56.61430690873496
8647500	56.613786959397714
8648000	56.613000042056484
8648500	56.61357658429166
8649000	56.61453534824511
8649500	56.61702306592558
8650000	56.61721703432169
8650500	56.61686293845819
8651000	56.615693903525035
8651500	56.61419339058386
8652000	56.61319045835658
8652500	56.613052998429424
8653000	56.61346345638725
8653500	56.61349177540455
8654000	56.61270541128105
8654500	56.613231046655564
8655000	56.61364139943919
8655500	56.61307143102717
8656000	56.61495914711241
8656500	56.61472059890761
8657000	56.61410015009911
8657500	56.61641988840556
8658000	56.61666424801607
8658500	56.61609430669533
8659000	56.61607193997366
8659500	56.61512027491409
8660000	56.61395256494448
8660500	56.61512617875005
8661000	56.616083528985094
8661500	56.61551381890365
8662000	56.615542000351184
8662500	56.61578627947188
8663000	56.61500059159628
8663500	56.615576029127766
8664000	56.61538813813527
8664500	56.61422100446863
8665000	56.61539400831098
8665500	56.615422185083006
8666000	56.616047922469384
8666500	56.61619109752887
8667000	56.616384736878246
8667500	56.615217938643006
8668000	56.61464869751634
8668500	56.61293521711269
8669000	56.61236617171975
8669500	56.612178582597885
8670000	56.61318556429745
8670500	56.61473925064353
8671000	56.61591143956467
8671500	56.61741434863015
8672000	56.6185862606713
8672500	56.61665745277084
8673000	56.6157072054899
8673500	56.61573534008859
8674000	56.616144673843436
8674500	56.61655396390971
8675000	56.61674740906475
8675500	56.61694083210098
8676000	56.61560976725218
8676500	56.61656542251965
8677000	56.615184113955166
8677500	56.615327165480345
8678000	56.618403505429605
8678500	56.61919348939283
8679000	56.619336256719535
8679500	56.61838656589053
8680000	56.6170056340067
8680500	56.61779550293875
8681000	56.61875052372572
8681500	56.61987065715004
8682000	56.61979769666687
8682500	56.62053680233975
8683000	56.62111063299912
8683500	56.61973010844401
8684000	56.621281002749036
8684500	56.62185469040902
8685000	56.62313930026268
8685500	56.622951443744405
8686000	56.6231442710316
8686500	56.622360267360946
8687000	56.622603519215616
8687500	56.62279633407423
8688000	56.62298912691859
8688500	56.62204023229087
8689000	56.62054583923163
8689500	56.62035821508887
8690000	56.61979012092018
8690500	56.61922209159428
8691000	56.620175919162406
8691500	56.620749211566476
8692000	56.62001620529753
8692500	56.619828674893114
8693000	56.62104798709795
8693500	56.6223817981964
8694000	56.62426074885428
8694500	56.62309707892344
8695000	56.62290942555311
8695500	56.62462307162875
8696000	56.6237252560895
8696500	56.62429802782414
8697000	56.62296976701746
8697500	56.62213638886565
8698000	56.62363433159228
8698500	56.62480233548231
8699000	56.62385446639324
8699500	56.62345165201461
8700000	56.62321374277896
8700500	56.62411595480681
8701000	56.62566359238612
8701500	56.62488077912504
8702000	56.6266433619576
8702500	56.62629087289224
8703000	56.62496343210148
8703500	56.62423116520973
8704000	56.62480340984204
8704500	56.62554035266321
8705000	56.624972936426246
8705500	56.62613993307581
8706000	56.62611707602384
8706500	56.62576477424206
8707000	56.62736162536789
8707500	56.62619949039458
8708000	56.626771366515285
8708500	56.62674847743876
8709000	56.62525722703561
8709500	56.62338648443432
8710000	56.62238959520456
8710500	56.621278437237834
8711000	56.623583670215794
8711500	56.62280185682131
8712000	56.623158757690426
8712500	56.623465340898306
8713000	56.623822155431846
8713500	56.62325539035996
8714000	56.62242358012324
8714500	56.62337465235488
8715000	56.62166981568744
8715500	56.61953556836159
8716000	56.61858986517757
8716500	56.619540931868094
8717000	56.62032734652076
8717500	56.621872261984684
8718000	56.62471933976576
8718500	56.623179611650485
8719000	56.626026280361785
8719500	56.626597398657616
8720000	56.62581618801331
8720500	56.625414230573824
8721000	56.623925142935136
8721500	56.62276511532688
8722000	56.623715346093626
8722500	56.62618175753027
8723000	56.628698140742564
8723500	56.6288395645714
8724000	56.6290814682863
8724500	56.62830050670619
8725000	56.62887113644287
8725500	56.62868381263476
8726000	56.62747386409709
8726500	56.627122304611575
8727000	56.627857194275954
8727500	56.62631888011214
8728000	56.62515958192377
8728500	56.626702274750464
8729000	56.6274872253304
8729500	56.62973694676439
8730000	56.63068590690452
8730500	56.631256035902965
8731000	56.6301972680141
8731500	56.62995978399994
8732000	56.63031542277254
8732500	56.62899225686754
8733000	56.628426472815384
8733500	56.62781056800069
8734000	56.62648777976317
8734500	56.627272245482004
8735000	56.62670668973166
8735500	56.62424866387076
8736000	56.62363320502776
8736500	56.62231103440968
8737000	56.622666929050425
8737500	56.62134496838329
8738000	56.62207927348406
8738500	56.62075750122971
8739000	56.62073505709292
8739500	56.621897699757874
8740000	56.61976946095325
8740500	56.62017544855136
8741000	56.61923242777059
8741500	56.62245017607166
8742000	56.62399062009493
8742500	56.62375383870626
8743000	56.6231890086867
8743500	56.62224608798905
8744000	56.621895513809484
8744500	56.62284333632043
8745000	56.62379105132219
8745500	56.62473865883305
8746000	56.62476608131865
8746500	56.624743413815395
8747000	56.623586735060314
8747500	56.623942123426175
8748000	56.624133525841145
8748500	56.62432490655459
8749000	56.624352341396865
8749500	56.62362397542145
8750000	56.622517807546245
8750500	56.621197808426224
8751000	56.621175368199914
8751500	56.6198555997597
8752000	56.62080273219089
8752500	56.621208114540444
8753000	56.62215506657853
8753500	56.62196872403113
8754000	56.6212408499966
8754500	56.622187642813174
8755000	56.62011299776422
8755500	56.62025445523242
8756000	56.62228398371711
8756500	56.62323048864756
8757000	56.62379931130309
8757500	56.623071637305465
8758000	56.623262872956126
8758500	56.623290334514955
8759000	56.62402277025522
8759500	56.6230815107843
8760000	56.624732485591025
8760500	56.624759863070054
8761000	56.62511463605176
8761500	56.62676518759482
8762000	56.62754716981132
8762500	56.62827904730281
8763000	56.62830622948345
8763500	56.628547065947785
8764000	56.62734238533772
8764500	56.62753323575126
8765000	56.62869214229129
8765500	56.629096505522355
8766000	56.63009161992629
8766500	56.62969151331596
8767000	56.628323590420514
8767500	56.627382950238534
8768000	56.625901749384376
8768500	56.62701031316578
8769000	56.62623345185531
8769500	56.62776887548308
8770000	56.62855010009841
8770500	56.63008523937524
8771000	56.63086625927839
8771500	56.62912199755733
8772000	56.62834526950622
8772500	56.62810901676109
8773000	56.6290534123287
8773500	56.62903055609991
8774000	56.628303977208496
8774500	56.62774091198559
8775000	56.62906191595828
8775500	56.62941584277791
8776000	56.63073659780803
8776500	56.630663687975854
8777000	56.62918385413723
8777500	56.62786755565601
8778000	56.62805808237753
8778500	56.6269552804342
8779000	56.62526269801216
8779500	56.62679642071646
8780000	56.626610379486564
8780500	56.6239517395381
8781000	56.62322600565569
8781500	56.6228768727385
8782000	56.6246234939759
8782500	56.62653323996476
8783000	56.626936919300675
8783500	56.627127385250134
8784000	56.62812057698679
8784500	56.62755814522473
8785000	56.62758529837966
8785500	56.627612448673126
8786000	56.628555514575815
8786500	56.628156399352726
8787000	56.62877291217454
8787500	56.629289584587596
8788000	56.62894037791507
8788500	56.628378149584826
8789000	56.62851854359947
8789500	56.6275303491421
8790000	56.62814667689854
8790500	56.62833692557109
8791000	56.62927941143283
8791500	56.62963269420269
8792000	56.63170325351546
8792500	56.63076506513433
8793000	56.63095511174119
8793500	56.631521158748896
8794000	56.63225020491958
8794500	56.63185123357922
8795000	56.63204117463504
8795500	56.6305643169438
8796000	56.63113022427054
8796500	56.63078125939737
8797000	56.63226184748616
8797500	56.63094830923503
8798000	56.62925908943994
8798500	56.629236284921866
8799000	56.629050501862025
8799500	56.62731187482621
8800000	56.62825344460267
8800500	56.63032206675784
8801000	56.630136265784024
8801500	56.62990067170571
8802000	56.62992764892826
8802500	56.63199570275377
8803000	56.63122152400341
8803500	56.62990895706259
8804000	56.63155127410663
8804500	56.63211656902508
8805000	56.63225646552533
8805500	56.63115680538918
8806000	56.629306298695205
8806500	56.628369752947364
8807000	56.62738354914645
8807500	56.62757346868289
8808000	56.62851415421923
8808500	56.629667306053655
8809000	56.62948171281003
8809500	56.63047190808809
8810000	56.62969843682561
8810500	56.62833724883848
8811000	56.6313664269953
8811500	56.63118079034564
8812000	56.63270857957636
8812500	56.63364850667867
8813000	56.634538544367196
8813500	56.634890622127685
8814000	56.63379187971505
8814500	56.634306635056866
8815000	56.633370717819645
8815500	56.633722783789366
8816000	56.632787008213626
8816500	56.633776247641975
8817000	56.6358406648216
8817500	56.63373019593138
8818000	56.63258227686724
8818500	56.635446037554736
8819000	56.6365476904619
8819500	56.63539979605302
8820000	56.633127399232244
8820500	56.63261672258355
8821000	56.63243121673289
8821500	56.631333538235495
8822000	56.6313106705146
8822500	56.630163477322306
8823000	56.63131464548044
8823500	56.629792847078576
8824000	56.628645942624175
8824500	56.62819888343512
8825000	56.62897521206126
8825500	56.63120035965833
8826000	56.63363740236387
8826500	56.63312705096124
8827000	56.632404611892326
8827500	56.63050888088157
8828000	56.63016120333193
8828500	56.63109955918759
8829000	56.63391031450592
8829500	56.63255179954988
8830000	56.63177997041808
8830500	56.629348110982136
8831000	56.62937502808105
8831500	56.63047547734931
8832000	56.62986631326348
8832500	56.629518850301906
8833000	56.6289594453969
8833500	56.628936749986906
8834000	56.630835104949554
8834500	56.63043803706698
8835000	56.63046488477055
8835500	56.6293194422615
8836000	56.62833643293082
8836500	56.62836338600502
8837000	56.62983735487468
8837500	56.63136076742629
8838000	56.632248410026186
8838500	56.62998099627408
8839000	56.63012048643452
8839500	56.629561470443015
8840000	56.629750563840176
8840500	56.62769562192851
8841000	56.62676285467458
8841500	56.62769999401663
8842000	56.62692952016274
8842500	56.626370873358034
8843000	56.6296008255687
8843500	56.630213298936305
8844000	56.63077613279498
8844500	56.630802933897584
8845000	56.62816343314269
8845500	56.628190367966994
8846000	56.62821729997234
8846500	56.628942194846644
8847000	56.63009029480356
8847500	56.63044128198995
8848000	56.629671150971596
8848500	56.63076946071983
8849000	56.63021099947315
8849500	56.6303998565269
8850000	56.630962299326384
8850500	56.63003033518134
8851000	56.63117785498151
8851500	56.631155073102576
8852000	56.629638206796606
8852500	56.62812152178623
8853000	56.62777495592937
8853500	56.62828781524374
8854000	56.62889962730878
8854500	56.62929991486057
8855000	56.629650650456284
8855500	56.630001344146244
8856000	56.62832330880404
8856500	56.626645461401196
8857000	56.62741906582248
8857500	56.62984765964754
8858000	56.62753588025606
8858500	56.62681631388591
8859000	56.627005157986666
8859500	56.62703211070805
8860000	56.62514367601618
8860500	56.62736025076498
8861000	56.62925289372151
8861500	56.62853347661264
8862000	56.62946836652078
8862500	56.62821412049128
8863000	56.62786793508674
8863500	56.62954880346185
8864000	56.628245299910475
8864500	56.628968727619956
8865000	56.62974152400134
8865500	56.62976831615223
8866000	56.631075673438026
8866500	56.63089120430798
8867000	56.629960957455935
8867500	56.629080251471024
8868000	56.628311918806254
8868500	56.628289351040586
8869000	56.628105089308015
8869500	56.62866643801912
8870000	56.6275255349288
8870500	56.62899402108277
8871000	56.62864810466286
8871500	56.62771845474367
8872000	56.627534287418015
8872500	56.62942452316889
8873000	56.62982395993262
8873500	56.63208651001259
8874000	56.63136793155871
8874500	56.63171778592506
8875000	56.63206759858126
8875500	56.631510712569344
8876000	56.63037040072418
8876500	56.630558680444324
8877000	56.63128096249115
8877500	56.6297684050565
8878000	56.629956685449955
8878500	56.62977252752164
8879000	56.628098804234895
8879500	56.626797643606686
8880000	56.62677519529941
8880500	56.62712508098207
8881000	56.62768575502712
8881500	56.62734031503275
8882000	56.62848399790039
8882500	56.6271832516863
8883000	56.626093430113535
8883500	56.624048536281244
8884000	56.62349263063868
8884500	56.62193242971664
8885000	56.62100456621004
8885500	56.62252025289606
8886000	56.623825081304744
8886500	56.623852118650376
8887000	56.62552879588944
8887500	56.624762358298575
8888000	56.62643879137804
8888500	56.625349681566576
8889000	56.62521528555327
8889500	56.624449031970094
8890000	56.62314959458455
8890500	56.62206089097496
8891000	56.621666852616315
8891500	56.619995909336005
8892000	56.62092815707274
8892500	56.622975811999176
8893000	56.623858532377525
8893500	56.622608889632474
8894000	56.62152063915771
8894500	56.62143574110562
8895000	56.619877475762806
8895500	56.618789541375804
8896000	56.61844511515187
8896500	56.61900531869423
8897000	56.62068042785041
8897500	56.6223553502477
8898000	56.624401700508365
8898500	56.62570463489044
8899000	56.624196011548456
8899500	56.625709200753505
8900000	56.62462150062232
8900500	56.624438087454024
8901000	56.62446504992867
8901500	56.623216454863915
8902000	56.623243478163964
8902500	56.621153817582126
8903000	56.62134205903217
8903500	56.62264445253251
8904000	56.62155738435485
8904500	56.62285962560391
8905000	56.6234190611284
8905500	56.6222829517522
8906000	56.62130803646017
8906500	56.62038240207908
8907000	56.62040955732763
8907500	56.62017736959919
8908000	56.61962315698823
8908500	56.62018254636967
8909000	56.6186759307716
8909500	56.618864171138874
8910000	56.61730869145699
8910500	56.61765797325179
8911000	56.61853925704935
8911500	56.61851737789833
8912000	56.618285434429325
8912500	56.61879551685631
8913000	56.61638682584083
8913500	56.61657510210593
8914000	56.61548961930657
8914500	56.61641975949734
8915000	56.617027984348056
8915500	56.61515181859653
8916000	56.61529104610455
8916500	56.614737654034855
8917000	56.61619925911917
8917500	56.61416271774677
8918000	56.61514161664325
8918500	56.615910514939515
8919000	56.61646943678264
8919500	56.616657584216554
8920000	56.61758709399999
8920500	56.6174535453093
8921000	56.617061101947776
8921500	56.615766650605984
8922000	56.61727644686907
8922500	56.618576262141495
8923000	56.61881327542505
8923500	56.6188404615624
8924000	56.61680518450724
8924500	56.615671904467256
8925000	56.61300779875146
8925500	56.61282554736413
8926000	56.615236437052
8926500	56.61558521416057
8927000	56.6163043518522
8927500	56.617603484547686
8928000	56.61948253001785
8928500	56.61983097673523
8929000	56.618907779304315
8929500	56.619095581591694
8930000	56.618172527557974
8930500	56.61671868809728
8931000	56.61748643995631
8931500	56.61825411222877
8932000	56.61712170291532
8932500	56.61858066713309
8933000	56.61876841528598
8933500	56.61842543583669
8934000	56.61771237378972
8934500	56.61748106039578
8935000	56.617298753589715
8935500	56.61690695402469
8936000	56.61598463627718
8936500	56.615962969403874
8937000	56.61557131704647
8937500	56.61591964335263
8938000	56.61631688179084
8938500	56.61444557477111
8939000	56.61294439245249
8939500	56.61392100727195
8940000	56.613948396259914
8940500	56.61249639399072
8941000	56.6127332236173
8941500	56.61350029030099
8942000	56.61179028643696
8942500	56.61250841215492
8943000	56.61269628813452
8943500	56.61198427927579
8944000	56.61185134795404
8944500	56.61372727339944
8945000	56.61412432720175
8945500	56.614263165871314
8946000	56.61424162338983
8946500	56.61569849313094
8947000	56.61720410237457
8947500	56.615174248863596
8948000	56.61494344196566
8948500	56.61434314768831
8949000	56.61342230794527
8949500	56.612341263536706
8950000	56.61363737124447
8950500	56.61403418032969
8951000	56.6143820789219
8951500	56.612193031708976
8952000	56.61311948937491
8952500	56.613676489056
8953000	56.6130765736319
8953500	56.61495053051818
8954000	56.617353797066336
8954500	56.61643334822731
8955000	56.61751945026013
8955500	56.61560274260903
8956000	56.614842737573525
8956500	56.61461217558238
8957000	56.61516879856766
8957500	56.61572535991141
8958000	56.614965524369175
8958500	56.61489514051392
8959000	56.614344396916024
8959500	56.61469193438266
8960000	56.61377223411321
8960500	56.613381747332056
8961000	56.61414707944357
8961500	56.61565027451444
8962000	56.61657547437823
8962500	56.617131641665495
8963000	56.61789661634719
8963500	56.61824379159227
8964000	56.61900862418756
8964500	56.61829797279353
8965000	56.61885389503812
8965500	56.61809451101448
8966000	56.61885918490026
8966500	56.618099884575535
8967000	56.61770942036735
8967500	56.619371395702125
8968000	56.61898090111349
8968500	56.61916788025144
8969000	56.61962588570123
8969500	56.621655994603145
8970000	56.620848031789215
8970500	56.61935179485668
8971000	56.61843298269926
8971500	56.61772293721346
8972000	56.61664443183242
8972500	56.61646294051098
8973000	56.61680982544578
8973500	56.61941626656743
8974000	56.62034000722165
8974500	56.62100624852629
8975000	56.619093581685966
8975500	56.61838382647648
8976000	56.61825107102468
8976500	56.61749267915355
8977000	56.618416206261514
8977500	56.619916468395736
8978000	56.618998339035606
8978500	56.62044964922941
8979000	56.62174105170128
8979500	56.62155942189082
8980000	56.622322700845764
8980500	56.621036509035214
8981000	56.623432086856965
8981500	56.623299169464566
8982000	56.621276877712624
8982500	56.62167186309408
8983000	56.62222647565483
8983500	56.621836491321055
8984000	56.62349516206796
8984500	56.62310514752156
8985000	56.62349992823944
8985500	56.62237399403135
8986000	56.62161615195258
8986500	56.620490461210146
8987000	56.62035776569364
8987500	56.62086345492339
8988000	56.61989758380176
8988500	56.618980529489015
8989000	56.62084668267975
8989500	56.6204570449137
8990000	56.62206595217254
8990500	56.62188452754414
8991000	56.62059987349406
8991500	56.62021034051629
8992000	56.619293633137836
8992500	56.61674676157944
8993000	56.61861219267381
8993500	56.62006110316582
8994000	56.620247487261686
8994500	56.620385176689425
8995000	56.619676891690716
8995500	56.62002271549396
8996000	56.61905777019825
8996500	56.62407062343113
8997000	56.62225978941953
8997500	56.62375651828796
8998000	56.6250450145884
8998500	56.62486358575634
8999000	56.62300442746129
8999500	56.62266376171563
9000000	56.62211510907661
9000500	56.6219338816865
9001000	56.62023465796801
9001500	56.6189029653655
9002000	56.61851398851828
9002500	56.61964278499888
9003000	56.61946174638618
9003500	56.618913489752224
9004000	56.6186839012926
9004500	56.618405736967524
9005000	56.61806552525582
9005500	56.61914535060891
9006000	56.61969866071429
9006500	56.61951769279623
9007000	56.62080509812271
9007500	56.61941224405894
9008000	56.61828939737632
9008500	56.618634798757974
9009000	56.61987338287916
9009500	56.61895849388968
9010000	56.618410671363826
9010500	56.61822985468956
9011000	56.620458364827876
9011500	56.62231973817457
9012000	56.624132313878576
9012500	56.62342522140451
9013000	56.62177678810535
9013500	56.62180354869831
9014000	56.62072987774236
9014500	56.621649378658724
9015000	56.62167614157344
9015500	56.62076174059744
9016000	56.620739985550884
9016500	56.62051060147123
9017000	56.62048886379137
9017500	56.61936713966193
9018000	56.61971211310157
9018500	56.62047221000147
9019000	56.621501734010806
9019500	56.62163895965835
9020000	56.62051750112715
9020500	56.620544304957384
9021000	56.619997067878614
9021500	56.62054937604222
9022000	56.62057617391496
9022500	56.62092090074573
9023000	56.622046984415476
9023500	56.62170728400626
9024000	56.6222593504514
9024500	56.62391048680494
9025000	56.62352221395888
9025500	56.62354884915358
9026000	56.621743892566315
9026500	56.62172210561789
9027000	56.61986894684985
9027500	56.61890739682679
9028000	56.61820179454312
9028500	56.619327337181026
9029000	56.618829121456585
9029500	56.61938101445667
9030000	56.62061667685796
9030500	56.621534541087556
9031000	56.6224523045043
9031500	56.62133221064963
9032000	56.62371417066295
9032500	56.62154445355512
9033000	56.621937203054195
9033500	56.62081738124694
9034000	56.62121012487739
9034500	56.6208224151308
9035000	56.622105767788064
9035500	56.622657113373386
9036000	56.62315992842794
9036500	56.62428422458425
9037000	56.623371871798625
9037500	56.623398479515906
9038000	56.62285210481838
9038500	56.62287873633227
9039000	56.62086927258228
9039500	56.62068889839901
9040000	56.621398710357006
9040500	56.62231552460647
9041000	56.62302516091281
9041500	56.62357609113017
9042000	56.62391990375579
9042500	56.62447072245015
9043000	56.6240831876915
9043500	56.62321993309325
9044000	56.62283251258541
9044500	56.62265213163417
9045000	56.623251291311924
9045500	56.62375354563266
9046000	56.62341459848679
9046500	56.62282032257947
9047000	56.62227452470927
9047500	56.623921472607876
9048000	56.62374110183737
9048500	56.6226230322873
9049000	56.62244275311218
9049500	56.62153176128434
9050000	56.62224073302791
9050500	56.62169518026954
9051000	56.6224524462726
9051500	56.62300279809175
9052000	56.625172587608766
9052500	56.626866870961734
9053000	56.62830575267619
9053500	56.62864885197886
9054000	56.62956389637518
9054500	56.627922687320385
9055000	56.62977474138528
9055500	56.626466432256585
9056000	56.62717464721882
9056500	56.62720100471324
9057000	56.626497227323
9057500	56.626110192415105
9058000	56.62556487585507
9058500	56.62627294959302
9059000	56.6262993459472
9059500	56.626070707771134
9060000	56.62735022772393
9060500	56.62758321199581
9061000	56.62703799389879
9061500	56.62779411657386
9062000	56.628550162001225
9062500	56.62852806397945
9063000	56.627046668417826
9063500	56.62764440001897
9064000	56.62798714492601
9064500	56.6272839024319
9065000	56.627991377392284
9065500	56.62781112999584
9066000	56.62815378892317
9066500	56.628496407862585
9067000	56.62763517283379
9067500	56.630055864292075
9068000	56.62946257652606
9068500	56.629853391038665
9069000	56.62987957605521
9069500	56.62881204542555
9070000	56.62842540036673
9070500	56.628816185181805
9071000	56.62879409202416
9071500	56.62986546725617
9072000	56.628749913439
9072500	56.629140593395455
9073000	56.62900874635568
9073500	56.62809977588689
9074000	56.626462121488174
9074500	56.62628213303213
9075000	56.626260197259356
9075500	56.62498724842974
9076000	56.62387246258543
9076500	56.62462751269553
9077000	56.626633299456145
9077500	56.624377592983144
9078000	56.62440403127994
9078500	56.62588730619484
9079000	56.625501214569
9079500	56.62402266577809
9080000	56.62586986049458
9080500	56.6271465400469
9081000	56.62696664397053
9081500	56.628765123298344
9082000	56.62749295528518
9082500	56.62731307041782
9083000	56.6253130642437
9083500	56.62549732635893
9084000	56.62433527337053
9084500	56.62472566068914
9085000	56.62272624706114
9085500	56.623274534993314
9086000	56.62564229464767
9086500	56.62546259065321
9087000	56.625488947512046
9087500	56.6260369669626
9088000	56.62642712130804
9088500	56.62656300591914
9089000	56.6267470878837
9089500	56.62818022422535
9090000	56.6289339289092
9090500	56.63125197775458
9091000	56.63195719933515
9091500	56.6316195269909
9092000	56.63362159881882
9092500	56.63416886975304
9093000	56.631916541520155
9093500	56.631167121773494
9094000	56.62932705067934
9094500	56.62898962760446
9095000	56.62808282922289
9095500	56.62753965109219
9096000	56.62881403988339
9096500	56.62920368135623
9097000	56.628454705377784
9097500	56.62957120946698
9098000	56.629549138325785
9098500	56.62957525365584
9099000	56.63084911933893
9099500	56.63119034036198
9100000	56.63080483825843
9100500	56.63135177555425
9101000	56.630033968501934
9101500	56.62949104515567
9102000	56.62967470076467
9102500	56.6290836971762
9103000	56.6281777006142
9103500	56.629245313856316
9104000	56.62756491737788
9104500	56.628680582792235
9105000	56.62834358590737
9105500	56.629410953034565
9106000	56.63120438618786
9106500	56.63029862939094
9107000	56.63063959250801
9107500	56.63066562596432
9108000	56.629554472158596
9108500	56.63025841509762
9109000	56.63064743866628
9109500	56.63119383266307
9110000	56.6307606320817
9110500	56.629855307041574
9111000	56.63221610950632
9111500	56.63167367615094
9112000	56.6309258150547
9112500	56.629657849860315
9113000	56.62875283446712
9113500	56.62898439257287
9114000	56.629010491489275
9114500	56.62842031566843
9115000	56.62658468904728
9115500	56.62801368148828
9116000	56.6278344383351
9116500	56.62781251360016
9117000	56.62804402618361
9117500	56.628070162714536
9118000	56.62809629659176
9118500	56.62864229045499
9119000	56.6304332061899
9119500	56.62989134178573
9120000	56.632092606758434
9120500	56.63139348986939
9121000	56.631576657894165
9121500	56.630781499202556
9122000	56.631121872009736
9122500	56.629287598944586
9123000	56.62849273366434
9123500	56.62779404516859
9124000	56.62854492350286
9124500	56.628365818395274
9125000	56.62818673275649
9125500	56.628212839037396
9126000	56.62658459442716
9126500	56.627649592621175
9127000	56.6280379790398
9127500	56.626313997377444
9128000	56.62613508354433
9128500	56.62523180343069
9129000	56.62629657530277
9129500	56.627566301013665
9130000	56.62919802130788
9130500	56.63005732204998
9131000	56.63137465058007
9131500	56.63373004522298
9132000	56.63391286087719
9132500	56.63228548568697
9133000	56.634688484234154
9133500	56.63399024051201
9134000	56.634583015091025
9134500	56.63548966236173
9135000	56.634381514940934
9135500	56.634154286024504
9136000	56.63557963383167
9136500	56.637728570549726
9137000	56.63827292728115
9137500	56.63825044867713
9138000	56.637347449010974
9138500	56.636034732272066
9139000	56.63440840764792
9139500	56.634072401954924
9140000	56.634098168519365
9140500	56.635522808083664
9141000	56.63369201555294
9141500	56.63315128937756
9142000	56.63224896475651
9142500	56.6327932880081
9143000	56.63080622705987
9143500	56.62969940444981
9144000	56.630966930136026
9144500	56.63166800442545
9145000	56.6332488548404
9145500	56.63250366032211
9146000	56.63284302916159
9146500	56.63194118114847
9147000	56.63444925577058
9147500	56.63427028629051
9148000	56.63352524277809
9148500	56.63659886956648
9149000	56.637142557720175
9149500	56.63443401339896
9150000	56.63409839856622
9150500	56.63252217585316
9151000	56.63213876675061
9151500	56.63211667756515
9152000	56.63209459093322
9152500	56.63284289465984
9153000	56.632868686357874
9153500	56.63295528425919
9154000	56.63128392752016
9154500	56.631105268480134
9155000	56.63020436464228
9155500	56.630434782608695
9156000	56.630821784251836
9156500	56.63229198261045
9157000	56.633557551008614
9157500	56.6343053755366
9158000	56.63448763863216
9158500	56.633852085296255
9159000	56.634599765364136
9159500	56.63498640985565
9160000	56.634603237624304
9160500	56.63426799822426
9161000	56.63501550077052
9161500	56.632984482136415
9162000	56.63321460920274
9162500	56.63308386798784
9163000	56.6319792741627
9163500	56.631487795637824
9164000	56.63187441597004
9164500	56.634064859677544
9165000	56.632647539475535
9165500	56.63432055120666
9166000	56.63450266029398
9166500	56.634480470060346
9167000	56.635588176949014
9167500	56.636335111390025
9168000	56.637238354899665
9168500	56.63762450504512
9169000	56.63801061620125
9169500	56.6391178612896
9170000	56.639299634745676
9170500	56.63803919871933
9171000	56.636778899019724
9171500	56.63680444148025
9172000	56.637190472928886
9172500	56.636447200043264
9173000	56.63755411294421
9173500	56.63866091413371
9174000	56.63776139091322
9174500	56.6390721913281
9175000	56.63817273664257
9175500	56.63815035567311
9176000	56.63853615647386
9176500	56.63835751681794
9177000	56.638947338079724
9177500	56.64020982926152
9178000	56.64095571255129
9178500	56.640776978831944
9179000	56.640442071743
9179500	56.64062359293559
9180000	56.63931651022569
9180500	56.63918572864104
9181000	56.63900713817519
9181500	56.6391408784964
9182000	56.63916627354668
9182500	56.63929998919737
9183000	56.64060952819896
9183500	56.64130712647486
9184000	56.64056452629116
9184500	56.63889808908025
9185000	56.63815571586965
9185500	56.63941714092361
9186000	56.64144613701154
9186500	56.64203520870752
9187000	56.64185658139099
9187500	56.63983070672026
9188000	56.641139509273984
9188500	56.639881391490846
9189000	56.63918705447584
9189500	56.63936844680805
9190000	56.63867420807968
9190500	56.63813604751985
9191000	56.63856899758597
9191500	56.63998561021675
9192000	56.6407303886125
9192500	56.640036258601526
9193000	56.63913847304851
9193500	56.639116079328424
9194000	56.63888998780799
9194500	56.64107313038318
9195000	56.64125431530495
9195500	56.641639157982546
9196000	56.644133616195035
9196500	56.64483004106052
9197000	56.64475954901058
9197500	56.64437733678458
9198000	56.64476191160928
9198500	56.645302294483244
9199000	56.646202067547556
9199500	56.64478933785736
9200000	56.64404781586722
9200500	56.64258760107816
9201000	56.64272084005649
9201500	56.6443869483973
9202000	56.64380140641113
9202500	56.64106009758761
9203000	56.64180391480556
9203500	56.641110576197626
9204000	56.641698550412244
9204500	56.642286469709155
9205000	56.642311643712596
9205500	56.64080459770114
9206000	56.64082984332685
9206500	56.64208828821711
9207000	56.64298745887862
9207500	56.64388653266729
9208000	56.64555143784653
9208500	56.64568438968865
9209000	56.646942234222855
9209500	56.64471747294648
9210000	56.645053816714416
9210500	56.644875481506205
9211000	56.64397920794922
9211500	56.644674496740656
9212000	56.64521408906709
9212500	56.644066944945926
9213000	56.643374211771125
9213500	56.642322668628545
9214000	56.64306553888444
9214500	56.64196644837176
9215000	56.64322365352184
9215500	56.64217234054768
9216000	56.64255627551863
9216500	56.64212731760519
9217000	56.645177954518545
9217500	56.64612360276075
9218000	56.645945354564006
9218500	56.64504974999463
9219000	56.64451291027191
9219500	56.64525523360698
9220000	56.64435980748679
9220500	56.645102061308506
9221000	56.64313095489965
9221500	56.64530749674592
9222000	56.64600192902757
9222500	56.64638540609729
9223000	56.645848719732115
9223500	56.64510901907923
9224000	56.64436940327935
9224500	56.643785285419845
9225000	56.6440133625819
9225500	56.643632349357
9226000	56.64432657157194
9226500	56.64307344956726
9227000	56.64428135257945
9227500	56.64573971748619
9228000	56.64412840716494
9228500	56.644308768309116
9229000	56.64520567086213
9229500	56.64686662558576
9230000	56.647966238921256
9230500	56.647943429074985
9231000	56.64827882652147
9231500	56.64769491416147
9232000	56.64986873256185
9232500	56.65004870781044
9233000	56.64859328443731
9233500	56.64790184998174
9234000	56.647318119478776
9234500	56.64657922722439
9235000	56.64727259707478
9235500	56.64602055064265
9236000	56.647119474159034
9236500	56.64642834129263
9237000	56.64696638303508
9237500	56.64663328166891
9238000	56.64542916457871
9238500	56.64417759802431
9239000	56.644202584741365
9239500	56.64443028823786
9240000	56.644657970547705
9240500	56.644122383252814
9241000	56.64486302350213
9241500	56.64417234988085
9242000	56.64246843436602
9242500	56.64326907940869
9243000	56.64268619447436
9243500	56.642306000021456
9244000	56.64197336557413
9244500	56.64123557205656
9245000	56.639424882419206
9245500	56.63996280533601
9246000	56.640703230051784
9246500	56.64021570822173
9247000	56.639835796504954
9247500	56.63894331850623
9248000	56.63789589605337
9248500	56.63715864968645
9249000	56.638971513556804
9249500	56.63874678706892
9250000	56.641071837108214
9250500	56.64216930346942
9251000	56.64326665999456
9251500	56.6418145167055
9252000	56.64148219097791
9252500	56.64125738423766
9253000	56.64281936562844
9253500	56.64304678594527
9254000	56.64271447100903
9254500	56.64217980691587
9255000	56.64307431768568
9255500	56.6421824313703
9256000	56.64379132832957
9256500	56.64218505526224
9257000	56.64160311478631
9257500	56.64305690987217
9258000	56.642010407774755
9258500	56.64111886513476
9259000	56.64078682342185
9259500	56.63969317353978
9260000	56.64074216908771
9260500	56.642195545208494
9261000	56.64344653001182
9261500	56.64306702512416
9262000	56.64237798238505
9262500	56.64184379440093
9263000	56.64151185869518
9263500	56.64153691289542
9264000	56.64222842498269
9264500	56.64129003244355
9265000	56.64162458287978
9265500	56.64073373541273
9266000	56.64111567888547
9266500	56.642056544995846
9267000	56.64223627306853
9267500	56.64165498146424
9268000	56.63989610500815
9268500	56.63951708711055
9269000	56.63750909687638
9269500	56.63758169002027
9270000	56.63669148150659
9270500	56.63575403053217
9271000	56.636754666913944
9271500	56.63550801910176
9272000	56.63421418636996
9272500	56.63490546525644
9273000	56.63544203593626
9273500	56.634504988269185
9274000	56.63519613226181
9274500	56.633902692064986
9275000	56.633678896858555
9275500	56.63350242226127
9276000	56.63276763658529
9276500	56.63386240745956
9277000	56.632973111687726
9277500	56.63188207453027
9278000	56.631147540983605
9278500	56.63148216780226
9279000	56.63206582356064
9279500	56.63188951126694
9280000	56.63206952208908
9280500	56.63194048569148
9281000	56.63160969909436
9281500	56.633927203679356
9282000	56.63288388579164
9282500	56.63382348750392
9283000	56.63440680199899
9283500	56.63336360884045
9284000	56.63314005670082
9284500	56.63311822442555
9285000	56.632941955748336
9285500	56.63169739831492
9286000	56.63203173404929
9286500	56.63241326269014
9287000	56.63183379915618
9287500	56.63063678892615
9288000	56.629439889494506
9288500	56.63017746213133
9289000	56.630155808928485
9289500	56.62987260307618
9290000	56.629186287805176
9290500	56.63114584890483
9291000	56.63259495472923
9291500	56.63491001491151
9292000	56.634888098872985
9292500	56.63506771711824
9293000	56.6333138814956
9293500	56.636185732076136
9294000	56.63641247691798
9294500	56.63537037893531
9295000	56.63423397783668
9295500	56.634876366443386
9296000	56.63465300750542
9296500	56.63325555587172
9297000	56.63089831093217
9297500	56.62914554992442
9298000	56.63166055571164
9298500	56.63235006489927
9299000	56.63455623237571
9299500	56.63493711575182
9300000	56.6353179612082
9300500	56.634987680394225
9301000	56.63338950631769
9301500	56.63285802146547
9302000	56.63374854250206
9302500	56.63286162683644
9303000	56.63157221258567
9303500	56.63159765416741
9304000	56.63000017770512
9304500	56.62942192464337
9305000	56.62960159489974
9305500	56.632979403863374
9306000	56.63189163835865
9306500	56.631159307002456
9307000	56.631694136623814
9307500	56.63151836404074
9308000	56.630276849184156
9308500	56.631877344549274
9309000	56.63190275577406
9309500	56.63228336388049
9310000	56.63317314693461
9310500	56.63279621257055
9311000	56.633176715427744
9311500	56.632444698554295
9312000	56.63211496873301
9312500	56.63209325942839
9313000	56.63318385013333
9313500	56.63305521036748
9314000	56.63409854224507
9314500	56.633413802896904
9315000	56.63308412674747
9315500	56.63199744418018
9316000	56.6319757494871
9316500	56.63073532073785
9317000	56.62787437401733
9317500	56.62805388754029
9318000	56.62823338195162
9318500	56.62825894869074
9319000	56.627219984741764
9319500	56.62562537700032
9320000	56.62631366065156
9320500	56.62538183443729
9321000	56.6242962405855
9321500	56.624629738023025
9322000	56.62394602513577
9322500	56.62210430359632
9323000	56.621882359617516
9323500	56.621045052969066
9324000	56.62036166839852
9324500	56.620742238062306
9325000	56.6189481597583
9325500	56.620191762169526
9326000	56.62269971279651
9326500	56.62161491387929
9327000	56.62230289794442
9327500	56.622435558832805
9328000	56.622768925362024
9328500	56.621176136967854
9329000	56.61993797075764
9329500	56.621889841922446
9330000	56.62100618454395
9330500	56.62012262111493
9331000	56.62085731295892
9331500	56.62174564757494
9332000	56.62141715654489
9332500	56.621997973255475
9333000	56.62096088435374
9333500	56.62271129754549
9334000	56.621981634735285
9334500	56.621806884482815
9335000	56.62229369757424
9335500	56.62353578753112
9336000	56.62194422209157
9336500	56.62172260767626
9337000	56.62281090078445
9337500	56.62283668403104
9338000	56.62250834829475
9338500	56.621271352086346
9339000	56.6212503186698
9339500	56.62087523013738
9340000	56.62302534217961
9340500	56.624266733694675
9341000	56.62475308510865
9341500	56.626194690265486
9342000	56.62546546036331
9342500	56.6234740720553
9343000	56.624207653947835
9343500	56.622971241709784
9344000	56.625627705014914
9344500	56.62545294983581
9345000	56.62457051665387
9345500	56.62439583613449
9346000	56.62371389348845
9346500	56.62373960728817
9347000	56.62427254877682
9347500	56.624451676807695
9348000	56.62361643195975
9348500	56.622180404585635
9349000	56.62255989077648
9349500	56.622385388592974
9350000	56.62362556719115
9350500	56.62400492278095
9351000	56.624384240808254
9351500	56.62279523048417
9352000	56.62257392694112
9352500	56.621445315400365
9353000	56.62197803751865
9353500	56.62498541686553
9354000	56.62425718598543
9354500	56.622362048852914
9355000	56.621834184620276
9355500	56.62125956977542
9356000	56.6207318236922
9356500	56.62035744452258
9357000	56.61947640722625
9357500	56.618948841449836
9358000	56.618421331599514
9358500	56.6216273514904
9359000	56.622713107629686
9359500	56.623092142453366
9360000	56.62357758331361
9360500	56.62370970135018
9361000	56.624348268407445
9361500	56.623467452235374
9362000	56.622539947160966
9362500	56.622518895246166
9363000	56.62320417013943
9363500	56.622476798553535
9364000	56.62210263146743
9364500	56.621622098792024
9365000	56.6218010281905
9365500	56.61986152645721
9366000	56.62004053013988
9366500	56.62269073398738
9367000	56.624987644558665
9367500	56.62587233621965
9368000	56.62781585988296
9368500	56.62764143850968
9369000	56.6258554301062
9369500	56.62422270375572
9370000	56.624554469421604
9370500	56.62438026007022
9371000	56.62793446695296
9371500	56.627913130921094
9372000	56.628597436413095
9372500	56.62928166464983
9373000	56.629812814416034
9373500	56.63019091563307
9374000	56.63072196295473
9374500	56.63019477541922
9375000	56.63057279909707
9375500	56.630904012188935
9376000	56.63249292014487
9376500	56.63271783442186
9377000	56.63163833838776
9377500	56.63091157844258
9378000	56.63053749488738
9378500	56.631267937354124
9379000	56.6311402874781
9379500	56.63081300039132
9380000	56.63134368346094
9380500	56.63383647887423
9381000	56.63245163837347
9381500	56.63338138726653
9382000	56.632349157452865
9382500	56.63166946855714
9383000	56.631142687981054
9383500	56.631121197598034
9384000	56.63008929389461
9384500	56.62845887406228
9385000	56.62989362714181
9385500	56.629918929488746
9386000	56.62899339073576
9386500	56.629371023539946
9387000	56.6279872618645
9387500	56.62867046159049
9388000	56.627240193868346
9388500	56.625657317756115
9389000	56.62598834240231
9389500	56.62667150318189
9390000	56.62499559812656
9390500	56.623765339718645
9391000	56.62354490461334
9391500	56.624274688749935
9392000	56.62370217545144
9392500	56.62423252408044
9393000	56.623706712947474
9393500	56.622476925351485
9394000	56.624415244303805
9394500	56.622986248235705
9395000	56.62160402360949
9395500	56.62369474095426
9396000	56.62281720475517
9396500	56.6226435677361
9397000	56.622469949047094
9397500	56.62124075031932
9398000	56.621020632195226
9398500	56.62225443389356
9399000	56.622432681550485
9399500	56.62221252853872
9400000	56.62223816910971
9400500	56.622967311663054
9401000	56.62415408641333
9401500	56.62433218557767
9402000	56.62556534828268
9402500	56.62609502976934
9403000	56.624163056321386
9403500	56.62273545628446
9404000	56.62236286919832
9404500	56.622892604117226
9405000	56.62201596174806
9405500	56.62043628821037
9406000	56.620216408518544
9406500	56.62265623352245
9407000	56.622084746656355
9407500	56.621911356367086
9408000	56.62228845369811
9408500	56.62181016880054
9409000	56.622843547599224
9409500	56.62196733293975
9410000	56.62194642003767
9410500	56.62247583441966
9411000	56.62390684894928
9411500	56.62454195080648
9412000	56.62421612886227
9412500	56.62338666048381
9413000	56.62231183739998
9413500	56.622138544165736
9414000	56.62246887128782
9414500	56.62034061414507
9415000	56.62031980388921
9415500	56.62084901949767
9416000	56.62017235203641
9416500	56.61944926294499
9417000	56.62017724968047
9417500	56.618599702960914
9418000	56.61877778011839
9418500	56.61915461311614
9419000	56.61953140907272
9419500	56.62061024755325
9420000	56.62063591241285
9420500	56.620767359660796
9421000	56.62009104533665
9421500	56.62022251079213
9422000	56.619499835056466
9422500	56.620028705682536
9423000	56.618299850864105
9423500	56.61933183854929
9424000	56.619907089023314
9424500	56.61903241538283
9425000	56.62181837318224
9425500	56.62359804805489
9426000	56.626582100861555
9426500	56.62750765582633
9427000	56.62612990238205
9427500	56.62630740847264
9428000	56.626438414298384
9428500	56.625914469484954
9429000	56.62449062611782
9429500	56.62431750996777
9430000	56.624997808440135
9430500	56.62412342215989
9431000	56.62495573545756
9431500	56.62673412076528
9432000	56.625310695642725
9432500	56.62583870266632
9433000	56.62461397168366
9433500	56.62498992257029
9434000	56.62481686329765
9434500	56.62709719929483
9435000	56.62812744228754
9435500	56.62810624034091
9436000	56.62933475372151
9436500	56.62736303589887
9437000	56.62738832301445
9437500	56.62876863514531
9438000	56.628899352560325
9438500	56.629426828798344
9439000	56.62840107755526
9439500	56.628029578565
9440000	56.62886085171668
9440500	56.63118592538887
9441000	56.63051054038056
9441500	56.63153987048963
9442000	56.631564939362846
9442500	56.631041510543966
9443000	56.63086830006198
9443500	56.628897961470315
9444000	56.62977525532802
9444500	56.6301505109811
9445000	56.63152956662687
9445500	56.63080806135987
9446000	56.62988840504628
9446500	56.63181549296268
9447000	56.63203875339512
9447500	56.632915556893316
9448000	56.63254414054981
9448500	56.63167104111986
9449000	56.6341456586554
9449500	56.63482399048219
9450000	56.634604282060344
9450500	56.635632389009594
9451000	56.63460764728314
9451500	56.63483067450322
9452000	56.63610317191004
9452500	56.63573175125669
9453000	56.63735387327639
9453500	56.639628957281815
9454000	56.638954080115845
9454500	56.63913040437036
9455000	56.637360024060825
9455500	56.63663894697822
9456000	56.637363098485174
9456500	56.63718980233368
9457000	56.63721455519386
9457500	56.63579437585877
9458000	56.63686803178677
9458500	56.637591987274725
9459000	56.63912019072789
9459500	56.63874887268507
9460000	56.638575568084505
9460500	56.638099166043354
9461000	56.6375764099804
9461500	56.637053708725915
9462000	56.636531062271324
9462500	56.63561264711638
9463000	56.63509013463413
9463500	56.63476556358034
9464000	56.63389375707517
9464500	56.633674435504446
9465000	56.634246546628376
9465500	56.635121586546354
9466000	56.63390062597809
9466500	56.63337839301121
9467000	56.633112823342856
9467500	56.63259069366201
9468000	56.6312186774233
9468500	56.631243692137915
9469000	56.6300233269545
9469500	56.63054902768708
9470000	56.630725504025925
9470500	56.6295053577227
9471000	56.629681870234336
9471500	56.62931154866639
9472000	56.62983714719589
9472500	56.62841963060833
9473000	56.62999239055312
9473500	56.629622131782675
9474000	56.62855387794134
9474500	56.6290793730565
9475000	56.62816262432385
9475500	56.62748984520037
9476000	56.629608692921295
9476500	56.62963376507369
9477000	56.62906607957182
9477500	56.628590966499424
9478000	56.62891870582407
9478500	56.62660689679231
9479000	56.62429536194675
9479500	56.62451819941749
9480000	56.62449729857936
9480500	56.624325116142806
9481000	56.625047954521676
9481500	56.62542197918701
9482000	56.6256447096322
9482500	56.625867419883534
9483000	56.62460292830568
9483500	56.62532557417861
9484000	56.62460732801752
9484500	56.62388916198624
9485000	56.62401952239846
9485500	56.62439344079424
9486000	56.624616124680614
9486500	56.627232547439455
9487000	56.62581733517364
9487500	56.6266907846356
9488000	56.62732059900816
9488500	56.626799927515016
9489000	56.62852124945987
9489500	56.62959168739938
9490000	56.627631070058506
9490500	56.62780731522064
9491000	56.62922600964353
9491500	56.62855430836869
9492000	56.62803376285876
9492500	56.62736218758164
9493000	56.62788672541712
9493500	56.62577584585484
9494000	56.6289356366676
9494500	56.63174684990283
9495000	56.63237588454895
9495500	56.632749002319215
9496000	56.63322689713528
9496500	56.63429631925124
9497000	56.63362475671197
9497500	56.633603386868224
9498000	56.630994074682675
9498500	56.63186623824659
9499000	56.632738310729906
9499500	56.633413160313
9500000	56.63463312252222
9500500	56.63480881810399
9501000	56.635378709571896
9501500	56.63466122841025
9502000	56.6351848887466
9502500	56.634513668503985
9503000	56.633645451666894
9503500	56.63297437414102
9504000	56.63210632523833
9504500	56.631238366935136
9505000	56.630567509366884
9505500	56.631091197506464
9506000	56.63196268249159
9506500	56.63198756143628
9507000	56.63146764611767
9507500	56.63090166072515
9508000	56.62988325061992
9508500	56.630603749569644
9509000	56.63167192341263
9509500	56.6325430659777
9510000	56.632521783878886
9510500	56.63269740936606
9511000	56.63306991346432
9511500	56.6319009873453
9512000	56.632968774986615
9512500	56.63477783262534
9513000	56.633215262738936
9513500	56.63373839052333
9514000	56.633172640791344
9514500	56.63339427093832
9515000	56.63213353582884
9515500	56.631115837321076
9516000	56.63129143905592
9516500	56.63161771859841
9517000	56.63144581536677
9517500	56.63196881362528
9518000	56.631947580897325
9518500	56.63331596317527
9519000	56.633294657931124
9519500	56.632427982395505
9520000	56.631410757394185
9520500	56.63034757268739
9521000	56.62874051846295
9521500	56.62856884869575
9522000	56.62770265108106
9522500	56.627531053258465
9523000	56.62686162917077
9523500	56.62773175186283
9524000	56.62805796859919
9524500	56.628777358071325
9525000	56.62840915402988
9525500	56.62973068671763
9526000	56.628818777921644
9526500	56.62968850877132
9527000	56.630708677815036
9527500	56.630039426921364
9528000	56.630712421567
9528500	56.631627897292105
9529000	56.63071616453947
9529500	56.63015153144963
9530000	56.63176083607445
9530500	56.62931094302963
9531000	56.62894294952747
9531500	56.6280316249961
9532000	56.62840352867307
9532500	56.62645169346894
9533000	56.625089317303626
9533500	56.625958593611806
9534000	56.62574133805015
9534500	56.62403240573759
9535000	56.6240575950728
9535500	56.6244295562676
9536000	56.6251022927445
9536500	56.625277823046225
9537000	56.62545333509005
9537500	56.625432507956766
9538000	56.62560799309409
9538500	56.62474346885573
9539000	56.62595890862073
9539500	56.62667725040122
9540000	56.62739552246566
9540500	56.6293038312503
9541000	56.628439333603666
9541500	56.62777117389993
9542000	56.62675653665552
9542500	56.62797144639268
9543000	56.630075469344476
9543500	56.63232955313244
9544000	56.63255053322338
9544500	56.63252932739279
9545000	56.632554078960126
9545500	56.633271670373375
9546000	56.6350284051545
9546500	56.63609219450352
9547000	56.63661333730504
9547500	56.63579498618048
9548000	56.63488479214792
9548500	56.63421678735805
9549000	56.63503826574783
9549500	56.6344745435217
9550000	56.63361057056392
9550500	56.634477887381976
9551000	56.634306448039
9551500	56.63744694404631
9552000	56.63727536773743
9552500	56.63675763995625
9553000	56.63623996593871
9553500	56.635526311235104
9554000	56.63723552642054
9554500	56.63637181679114
9555000	56.636050278246906
9555500	56.636224897652674
9556000	56.63501532967451
9556500	56.63503993134853
9557000	56.634914483631995
9557500	56.6352391661621
9558000	56.63457180518891
9558500	56.63558838283371
9559000	56.6350710900474
9559500	56.634945673042004
9560000	56.63403666551366
9560500	56.6333236486393
9561000	56.63468588741475
9561500	56.63570213178026
9562000	56.63637243916947
9562500	56.636396959658065
9563000	56.63726300429125
9563500	56.6372874792104
9564000	56.63677037016548
9564500	56.63566588300374
9565000	56.63376605417365
9565500	56.63443622070653
9566000	56.63476063563174
9566500	56.63616786668556
9567000	56.63634226935255
9567500	56.63666652841718
9568000	56.63580406916263
9568500	56.635287287204264
9569000	56.63457484674025
9569500	56.63356277989716
9570000	56.63270066031575
9570500	56.63425724374789
9571000	56.635859519408505
9571500	56.635492708610435
9572000	56.63601251960506
9572500	56.63584138509954
9573000	56.63586590441977
9573500	56.63964408951646
9574000	56.63966842241602
9574500	56.63994639828972
9575000	56.63834783809919
9575500	56.63862586246192
9576000	56.63865023895688
9576500	56.637638722954634
9577000	56.63815814460968
9577500	56.63809086483519
9578000	56.63683818046235
9578500	56.63770277314608
9579000	56.636346376236254
9579500	56.63755609250949
9580000	56.63610821557514
9580500	56.63712232599557
9581000	56.63660616602646
9581500	56.639391502710836
9582000	56.637989640381114
9582500	56.63816366108338
9583000	56.63917739208447
9583500	56.63935133270077
9584000	56.63957107073606
9584500	56.640929571439415
9585000	56.64041342813477
9585500	56.64024230381808
9586000	56.63987581924802
9586500	56.63950937512935
9587000	56.63884385886249
9587500	56.63970753073859
9588000	56.64007670049903
9588500	56.63971031985516
9589000	56.639688817928835
9589500	56.63897767984911
9590000	56.63895622071353
9590500	56.639429044269754
9591000	56.64029235834583
9591500	56.63865082703035
9592000	56.63916935836932
9592500	56.64052670584788
9593000	56.64089563248184
9593500	56.641218742998944
9594000	56.64296620012477
9594500	56.642255268554095
9595000	56.64169383352517
9595500	56.641178234096145
9596000	56.64337351058185
9596500	56.64320243669654
9597000	56.642147151544386
9597500	56.64124136125294
9598000	56.64205815784125
9598500	56.641542711871416
9599000	56.64313984850521
9599500	56.64238353569275
9600000	56.64270633496474
9600500	56.641846560773665
9601000	56.641870716671825
9601500	56.6405173838779
9602000	56.639852891548834
9602500	56.639682107894615
9603000	56.63931632171718
9603500	56.6405227858038
9604000	56.64000771193181
9604500	56.638999149662794
9605000	56.63848420588802
9605500	56.63900200686396
9606000	56.63711026511265
9606500	56.63605636517585
9607000	56.635151832208464
9607500	56.63448798031422
9608000	56.634661711060645
9608500	56.63444564121447
9609000	56.63776194900382
9609500	56.63694889943328
9610000	56.636732727773186
9610500	56.63587414632468
9611000	56.638903510129936
9611500	56.64006329767106
9612000	56.64004182920201
9612500	56.639676391879526
9613000	56.641030756213496
9613500	56.641353171409506
9614000	56.64221426630762
9614500	56.641206673017344
9615000	56.64191858925642
9615500	56.64125497316126
9616000	56.640201906975626
9616500	56.640673350662205
9617000	56.64084659577321
9617500	56.63969031051459
9618000	56.64005830462793
9618500	56.63915463230011
9619000	56.639327920582424
9619500	56.63861906824228
9620000	56.63844866282407
9620500	56.638232645738675
9621000	56.637374948879824
9621500	56.63701000353956
9622000	56.638557860156965
9622500	56.63794051349716
9623000	56.63791918636613
9623500	56.635687413031896
9624000	56.635711807166004
9624500	56.634957933538765
9625000	56.63513132853777
9625500	56.63407965155023
9626000	56.63234112127061
9626500	56.633201556591295
9627000	56.63386739477616
9627500	56.63286157312169
9628000	56.632646052830395
9628500	56.63243055770175
9629000	56.63221508773134
9629500	56.6325829888341
9630000	56.631039727527735
9630500	56.63086990256597
9631000	56.63123781274889
9631500	56.63170903348724
9632000	56.63046388532277
9632500	56.63166710716455
9633000	56.63370550500596
9633500	56.63250597182944
9634000	56.63488729648848
9634500	56.63570131880123
9635000	56.63606883653895
9635500	56.63555570806026
9636000	56.636071986138035
9636500	56.6357076933106
9637000	56.637104382880175
9637500	56.63600841186581
9638000	56.63412324876161
9638500	56.63517676195965
9639000	56.634172109104874
9639500	56.633659291170325
9640000	56.63569608357599
9640500	56.63552619846218
9641000	56.63535633082645
9641500	56.63709530847601
9642000	56.63756566584828
9642500	56.63656126346686
9643000	56.6374199830623
9643500	56.63862146520749
9644000	56.6394799905378
9644500	56.6391613330088
9645000	56.640317018490464
9645500	56.63877586697426
9646000	56.63811453074068
9646500	56.63824186671419
9647000	56.637386515136456
9647500	56.637753475923006
9648000	56.63953667689039
9648500	56.63833870193955
9649000	56.63904822604632
9649500	56.63995175554314
9650000	56.64046707005366
9650500	56.64215871014602
9651000	56.6423312652239
9651500	56.64128204337653
9652000	56.64233376609585
9652500	56.64196972655247
9653000	56.6438093411336
9653500	56.64466676484994
9654000	56.64312672525394
9654500	56.64505700361988
9655000	56.6443504614489
9655500	56.64711381403902
9656000	56.64557395460959
9656500	56.64570072690294
9657000	56.64377323865543
9657500	56.64242772825
9658000	56.644460268120014
9658500	56.642430217511865
9659000	56.64123339392134
9659500	56.6409151431965
9660000	56.64006078736061
9660500	56.639206519246635
9661000	56.63933360255717
9661500	56.639848329814214
9662000	56.63894877322657
9662500	56.63999945251228
9663000	56.641346746048036
9663500	56.642203404328114
9664000	56.64139478870156
9664500	56.64122503019128
9665000	56.64100985221675
9665500	56.64293801931359
9666000	56.64257445724118
9666500	56.642404673626025
9667000	56.64272522060333
9667500	56.64270373055719
9668000	56.64302422609195
9668500	56.64217052460956
9669000	56.64180712138776
9669500	56.64026971394183
9670000	56.64005470553038
9670500	56.64091080036925
9671000	56.642450556400746
9671500	56.64091344181594
9672000	56.64162114489256
9672500	56.6428188098404
9673000	56.641965518655745
9673500	56.64243406099507
9674000	56.64226441919917
9674500	56.64166225244776
9675000	56.640957383189075
9675500	56.64029797194553
9676000	56.64096001858806
9676500	56.64230534001646
9677000	56.64243202798828
9677500	56.641920815554016
9678000	56.64189939362883
9678500	56.641877974045315
9679000	56.64273319761166
9679500	56.642222078006355
9680000	56.64034482523071
9680500	56.63876394709071
9681000	56.637524759237756
9681500	56.63735550736762
9682000	56.63630993235468
9682500	56.6366756013863
9683000	56.6359716062155
9683500	56.63667867324468
9684000	56.6374883924182
9684500	56.636591119349745
9685000	56.63646728703976
9685500	56.63761823326814
9686000	56.63710772969615
9686500	56.63727989788012
9687000	56.638965205371925
9687500	56.63826142153634
9688000	56.639263983729016
9688500	56.63977724089923
9689000	56.63951738657186
9689500	56.64071296479531
9690000	56.64156724132637
9690500	56.641056782980115
9691000	56.639864088069835
9691500	56.63939906667031
9692000	56.63869559285032
9692500	56.6395497569711
9693000	56.640210647666535
9693500	56.6407688844627
9694000	56.642157029923126
9694500	56.642817681442125
9695000	56.64196638351709
9695500	56.6419449985508
9696000	56.642116748499724
9696500	56.64282256029786
9697000	56.641778323275716
9697500	56.641950055399306
9698000	56.64109906593032
9698500	56.639907279575944
9699000	56.641590341240274
9699500	56.64020559874841
9700000	56.638968793881475
9700500	56.63860677527094
9701000	56.63843781416668
9701500	56.63788285648079
9702000	56.638395458433145
9702500	56.63841952289926
9703000	56.638250606481854
9703500	56.6379339715853
9704000	56.638401237364874
9704500	56.63944730037712
9705000	56.637768050280194
9705500	56.637792137453204
9706000	56.637134983973866
9706500	56.63949809093355
9707000	56.639522092005464
9707500	56.63852438638136
9708000	56.640013077059294
9708500	56.64033235714773
9709000	56.64205888161703
9709500	56.64237801763764
9710000	56.64114236296718
9710500	56.6413591175269
9711000	56.64206390816181
9711500	56.641361702127654
9712000	56.64168079355678
9712500	56.63976472430331
9713000	56.638960367057415
9713500	56.640153023542354
9714000	56.63877043294183
9714500	56.638942016457825
9715000	56.64081509033305
9715500	56.642007404584305
9716000	56.64285933028681
9716500	56.64507216691278
9717000	56.64490315293092
9717500	56.64594751829512
9718000	56.64679907193838
9718500	56.646142332290104
9719000	56.645780607940786
9719500	56.64488610273034
9720000	56.64539740415226
9720500	56.64794931008799
9721000	56.64641985049551
9721500	56.6459107711875
9722000	56.64554917383335
9722500	56.64708042600074
9723000	56.645506135647274
9723500	56.64635721960043
9724000	56.64516830935875
9724500	56.64461427580674
9725000	56.644740196828316
9725500	56.64384632642378
9726000	56.64299771921536
9726500	56.643316236876004
9727000	56.64212787362182
9727500	56.64161934183652
9728000	56.641937884652634
9728500	56.64142941612239
9729000	56.642574866373764
9729500	56.64206642066421
9730000	56.6435966172988
9730500	56.642748423570346
9731000	56.6420476164592
9731500	56.64187901497111
9732000	56.64190284019689
9732500	56.64086250878915
9733000	56.640354333383144
9733500	56.64052549528405
9734000	56.64050427417191
9734500	56.64063030632344
9735000	56.64128825439085
9735500	56.64078019362222
9736000	56.64226438670597
9736500	56.64088495334846
9737000	56.641203232158624
9737500	56.642200464427816
9738000	56.64256373697254
9738500	56.64254241545763
9739000	56.64305280701695
9739500	56.641866022211964
9740000	56.64222923666971
9740500	56.64157423874234
9741000	56.644120831198094
9741500	56.64376007465852
9742000	56.64378378561806
9742500	56.64346816964877
9743000	56.64412542116389
9743500	56.64599265778635
9744000	56.64543971012821
9744500	56.64546333519923
9745000	56.643937851957396
9745500	56.64260466630936
9746000	56.64417737706364
9746500	56.64333055199408
9747000	56.64451883583133
9747500	56.64551488368781
9748000	56.64519936106787
9748500	56.64464670853624
9749000	56.6463658620947
9749500	56.64668343991808
9750000	56.645689795475505
9750500	56.646493414026345
9751000	56.647104891121934
9751500	56.647128420181915
9752000	56.64850792058063
9752500	56.6480003796533
9753000	56.647492890336615
9753500	56.64611557194521
9754000	56.644738402931
9754500	56.64321444548376
9755000	56.6442097843326
9755500	56.64220021823259
9756000	56.64353436299193
9756500	56.644382625902566
9757000	56.643344796625385
9757500	56.6443398687496
9758000	56.64228581495171
9758500	56.642456435133745
9759000	56.64214141988984
9759500	56.641103982765515
9760000	56.64045035158314
9760500	56.641738977287346
9761000	56.64258692920693
9761500	56.64208016689018
9762000	56.640749344729734
9762500	56.63927181852352
9763000	56.63910390551459
9763500	56.640290376209194
9764000	56.64012242852693
9764500	56.638938826086516
9765000	56.6382406808695
9765500	56.63758755048222
9766000	56.637905063012624
9766500	56.63913617438987
9767000	56.64167611568989
9767500	56.640447841008324
9768000	56.640324900583806
9768500	56.64001028803103
9769000	56.639357299249085
9769500	56.64151326475365
9770000	56.64062367825349
9770500	56.638087375487224
9771000	56.638257992265714
9771500	56.63915014547669
9772000	56.63893747230182
9772500	56.638724823587516
9773000	56.636865801392965
9773500	56.637757828725285
9774000	56.63744351543686
9774500	56.63780566171746
9775000	56.63835932400577
9775500	56.63669228974254
9776000	56.63739258938626
9776500	56.637180111453766
9777000	56.6385116857823
9777500	56.63868217028053
9778000	56.638323049615416
9778500	56.6382003326707
9779000	56.638032744765944
9779500	56.63839468319941
9780000	56.63841855654073
9780500	56.637338642347956
9781000	56.63548116702268
9781500	56.63666566400454
9782000	56.636498205438436
9782500	56.63850495082965
9783000	56.63915978994749
9783500	56.6391387501605
9784000	56.63810405530515
9784500	56.636731604803124
9785000	56.637431247212724
9785500	56.63692597710158
9786000	56.63477649856764
9786500	56.63475570208626
9787000	56.637144227586255
9787500	56.63712330525363
9788000	56.63782272119321
9788500	56.63919754128812
9789000	56.639851944911626
9789500	56.639875726057
9790000	56.63917929599913
9790500	56.63886543981091
9791000	56.63869802306147
9791500	56.638677025197424
9792000	56.6376431901741
9792500	56.637475861882706
9793000	56.63745493336214
9793500	56.63690526422387
9794000	56.63644526054993
9794500	56.63594050082188
9795000	56.63456962627704
9795500	56.635606119411555
9796000	56.63741900647948
9796500	56.636385724312944
9797000	56.63727564459472
9797500	56.63744584362473
9798000	56.637278619605304
9798500	56.63571708120217
9799000	56.63593210732467
9799500	56.63591127603947
9800000	56.63506949129672
9800500	56.63494719230368
9801000	56.63497117723052
9801500	56.63735618808625
9802000	56.636177216556035
9802500	56.635481869199225
9803000	56.634741847367884
9803500	56.63659815542329
9804000	56.63575667655787
9804500	56.6367921665419
9805000	56.6364788865362
9805500	56.63717709253477
9806000	56.636481939733926
9806500	56.636123977696414
9807000	56.63831666380133
9807500	56.63795864021708
9808000	56.63851043892705
9808500	56.639017435531
9809000	56.63865942725027
9809500	56.63762743280816
9810000	56.63659554965441
9810500	56.63556377777104
9811000	56.63602606697352
9811500	56.63634219481789
9812000	56.636321368166406
9812500	56.63596364150906
9813000	56.63565066231858
9813500	56.636831272254426
9814000	56.635126167610416
9814500	56.635969846605725
9815000	56.63681344035136
9815500	56.637466193800876
9816000	56.638118876903235
9816500	56.637424438869154
9817000	56.63706682022218
9817500	56.636080478154724
9818000	56.63423010875787
9818500	56.632716620932314
9819000	56.63307734522034
9819500	56.63238338916289
9820000	56.63087022386804
9820500	56.63070371804151
9821000	56.63053722902922
9821500	56.63171712751813
9822000	56.630394905573375
9822500	56.62984727018168
9823000	56.63102702084196
9823500	56.631343027423206
9824000	56.62997647834763
9824500	56.62981008654454
9825000	56.62858969398227
9825500	56.628232863761305
9826000	56.62773015381717
9826500	56.627081581160645
9827000	56.62725177871596
9827500	56.628285213553596
9828000	56.62893758724499
9828500	56.62780685349873
9829000	56.6285037770498
9829500	56.628001224200155
9830000	56.6284630440485
9830500	56.6278146942509
9831000	56.627984787294494
9831500	56.62762820318831
9832000	56.62880698285891
9832500	56.62945903237736
9833000	56.62843003435918
9833500	56.62811806629463
9834000	56.628624254139005
9834500	56.62725931204642
9835000	56.627955832675084
9835500	56.62860772853009
9836000	56.629449881694995
9836500	56.62961979627021
9837000	56.62945363381569
9837500	56.630340178574436
9838000	56.63017399544346
9838500	56.6283277723456
9839000	56.62782571298014
9839500	56.628331636647076
9840000	56.62768391381911
9840500	56.629679274630554
9841000	56.62951317504468
9841500	56.62718594011381
9842000	56.62701998233197
9842500	56.62536484766245
9843000	56.62721416528404
9843500	56.626902564515916
9844000	56.62625516338113
9844500	56.6281041691153
9845000	56.627456774535844
9845500	56.62858946463588
9846000	56.628233366461636
9846500	56.627015702587556
9847000	56.62881967059013
9847500	56.62817241842353
9848000	56.6295838760356
9848500	56.62908223036048
9849000	56.62973318609171
9849500	56.62918708464792
9850000	56.63156057646482
9850500	56.6309133866724
9851000	56.63156411082474
9851500	56.63206923513167
9852000	56.631713168800225
9852500	56.6341869329468
9853000	56.6344008455099
9853500	56.63524122659867
9854000	56.63660701704946
9854500	56.63629532218673
9855000	56.6354582141072
9855500	56.63433026070389
9856000	56.63263252519018
9856500	56.633282799146734
9857000	56.63278139809434
9857500	56.63242548938725
9858000	56.631924183585184
9858500	56.62960081553815
9859000	56.63144693735895
9859500	56.63128105741052
9860000	56.63126060337833
9860500	56.631094750041065
9861000	56.63030286775602
9861500	56.630137078146944
9862000	56.63150202305648
9862500	56.632196430067886
9863000	56.63188520441511
9863500	56.632389711550715
9864000	56.63327378698047
9864500	56.63296255458625
9865000	56.63241710735326
9865500	56.6328206159311
9866000	56.63150416856553
9866500	56.63186323457469
9867000	56.63136239206843
9867500	56.631531688489225
9868000	56.630506157784
9868500	56.63105491847489
9869000	56.63155920030015
9869500	56.6323984095241
9870000	56.632757309716254
9870500	56.63378606956842
9871000	56.635819525804756
9871500	56.637663103180344
9872000	56.63797722705961
9872500	56.63728668256221
9873000	56.6372659326529
9873500	56.637099987610796
9874000	56.63592957925682
9874500	56.63523928779488
9875000	56.633209907129036
9875500	56.6335241538616
9876000	56.63264452158659
9876500	56.63180938736435
9877000	56.633986818718896
9877500	56.63348640434847
9878000	56.63399009997087
9878500	56.634493745021786
9879000	56.63447315757417
9879500	56.63445257233113
9880000	56.634956114961064
9880500	56.63527010523146
9881000	56.635438972162746
9881500	56.635273256494756
9882000	56.6369697801003
9882500	56.63527640712553
9883000	56.634107178698066
9883500	56.63527955712399
9884000	56.63530332576288
9884500	56.635472132288015
9885000	56.63516143920695
9885500	56.63518520995813
9886000	56.63587781664471
9886500	56.6355671482076
9887000	56.63736344576452
9887500	56.640017654552565
9888000	56.64004119202774
9888500	56.63906172162581
9889000	56.63889594672301
9889500	56.6407359986093
9890000	56.641049383747784
9890500	56.639647017532134
9891000	56.63814426098001
9891500	56.63716518379379
9892000	56.63933905731445
9892500	56.63912895269796
9893000	56.63963160128458
9893500	56.63846338920523
9894000	56.63834209356799
9894500	56.63765307315769
9895000	56.63763235004227
9895500	56.63594115937284
9896000	56.63472909859889
9896500	56.634418803533016
9897000	56.63316263983672
9897500	56.6321844071601
9898000	56.63245368221003
9898500	56.632767229430726
9899000	56.63312504800804
9899500	56.63176877222862
9900000	56.631792666107884
9900500	56.63277402120377
9901000	56.63075017279318
9901500	56.62996153640686
9902000	56.6302751068376
9902500	56.629442302235134
9903000	56.628464792070744
9903500	56.62844457797139
9904000	56.62865764508742
9904500	56.63049537205475
9905000	56.6309978371739
9905500	56.63154451790763
9906000	56.63238062182114
9906500	56.63273819456032
9907000	56.63309573388862
9907500	56.63255261427985
9908000	56.632910125294046
9908500	56.63174401921858
9909000	56.630766972281165
9909500	56.62945639191561
9910000	56.627579189671565
9910500	56.627414351002436
9911000	56.62943986336829
9911500	56.628085390260175
9912000	56.62848718530279
9912500	56.628466987739635
9913000	56.628446792332014
9913500	56.62809311011805
9914000	56.62778366914104
9914500	56.626807341407456
9915000	56.62764293788325
9915500	56.62747817736849
9916000	56.62683541602763
9916500	56.628671065221525
9917000	56.62817290190091
9917500	56.62886364242473
9918000	56.63022100736691
9918500	56.62953407598514
9919000	56.62922471835211
9919500	56.630059826353595
9920000	56.63056157307116
9920500	56.63039674737141
9921000	56.62989869368168
9921500	56.6299226242444
9922000	56.62994655257441
9922500	56.62726073223068
9923000	56.626574265342846
9923500	56.625743365927605
9924000	56.62595613123318
9924500	56.62593609252992
9925000	56.62976891994976
9925500	56.628460459740246
9926000	56.62996122946561
9926500	56.62960791889263
9927000	56.63181874194441
9927500	56.6347956692743
9928000	56.63481935614928
9928500	56.63469863469863
9929000	56.63486672327389
9929500	56.63541194960177
9930000	56.635912939539125
9930500	56.635226512273654
9931000	56.63454015813566
9931500	56.633565143863464
9932000	56.632778743150844
9932500	56.631803898593944
9933000	56.631162001131706
9933500	56.63151868567853
9934000	56.631354028336645
9934500	56.631522194932
9935000	56.63017072115545
9935500	56.630294801784984
9936000	56.63050712099028
9936500	56.62901159598716
9937000	56.63103187832932
9937500	56.631677008301025
9938000	56.63113559694193
9938500	56.631303705625804
9939000	56.63147179753303
9939500	56.63083033403631
9940000	56.63033318808812
9940500	56.62998034304872
9941000	56.631190341570495
9941500	56.629984003299114
9942000	56.631626555105875
9942500	56.63131781708384
9943000	56.6301557532953
9943500	56.630656332399
9944000	56.63082437275986
9944500	56.62999497966932
9945000	56.629974766700016
9945500	56.6299986369998
9946000	56.630166676639334
9946500	56.62933748175922
9947000	56.6301703163017
9947500	56.631523668344045
9948000	56.63021802712045
9948500	56.63000960461553
9949000	56.63183920880523
9949500	56.63304810168647
9950000	56.63340411179675
9950500	56.63309553318957
9951000	56.63255473967506
9951500	56.63357520665551
9952000	56.63326666622369
9952500	56.63295815449217
9953000	56.63445471668654
9953500	56.6341021050149
9954000	56.633605484657444
9954500	56.63614230530341
9955000	56.63612178539758
9955500	56.63610126767252
9956000	56.636600933853174
9956500	56.636436391893284
9957000	56.63523161215341
9957500	56.63459111978856
9958000	56.6340946745955
9958500	56.63459431462778
9959000	56.63461793843457
9959500	56.63445354438406
9960000	56.63462113013631
9960500	56.63346091159258
9961000	56.63481230934686
9961500	56.63412804572445
9962000	56.63344385477549
9962500	56.63327956882189
9963000	56.63382305601555
9963500	56.63436649631646
9964000	56.63349449324223
9964500	56.6328545215034
9965000	56.63217059793555
9965500	56.632625977093866
9966000	56.63179826089264
9966500	56.630782755818
9967000	56.630762545156585
9967500	56.631261900181116
9968000	56.63209290137687
9968500	56.63344334068559
9969000	56.633754655717375
9969500	56.63330282166593
9970000	56.63266321326002
9970500	56.63202366424365
9971000	56.63229101037902
9971500	56.63065679876917
9972000	56.630968169761275
9972500	56.62985348774754
9973000	56.6308719047035
9973500	56.63099547811328
9974000	56.6304560417157
9974500	56.6309550643737
9975000	56.63060339684181
9975500	56.62826308881434
9976000	56.62606678266634
9976500	56.626234506528796
9977000	56.62886570606715
9977500	56.627188738517816
9978000	56.62688129999404
9978500	56.62619863354119
9979000	56.626885254592196
9979500	56.626102859566174
9980000	56.62560792992407
9980500	56.62511304947012
9981000	56.624949482234314
9981500	56.62412343609737
9982000	56.62443483877379
9982500	56.62394011658718
9983000	56.624251497005986
9983500	56.62441919384271
9984000	56.62307470683883
9984500	56.62210536424477
9985000	56.62326653333156
9985500	56.62107260283498
9986000	56.62024712940522
9986500	56.61857212856405
9987000	56.62120108587698
9987500	56.620188296984864
9988000	56.620499715318516
9988500	56.62066751184183
9989000	56.61955514365153
9989500	56.622271060331244
9990000	56.62192038338827
9990500	56.622231635800425
9991000	56.622068376690635
9991500	56.62176158944781
9992000	56.62310932572707
9992500	56.62375133593406
9993000	56.62505500613753
9993500	56.62555334255295
9994000	56.62557730226156
9994500	56.62489579335988
9995000	56.625250580552965
9995500	56.627590039429464
9996000	56.627426594382904
9996500	56.62707587078252
9997000	56.62658173423557
9997500	56.62726707499372
9998000	56.6272909460094
9998500	56.62651000830029
9999000	56.624649489445
9999500	56.62335085804979
10000000	56.623705545489415
10000500	56.623872987743795
10001000	56.62422761701045
10001500	56.62340324244267
10002000	56.623096706798634
10002500	56.62359470707431
10003000	56.623101027329334
10003500	56.62326845085226
10004000	56.62442739008864
10004500	56.62407709747569
10005000	56.62405731772606
10005500	56.6230461650309
10006000	56.623543990086745
10006500	56.62389844005564
10007000	56.62557450281346
10007500	56.624233073093045
10008000	56.623035092472065
10008500	56.623863152087374
10009000	56.6249777020197
10009500	56.62533197679795
10010000	56.62417794395981
10010500	56.62434519523586
10011000	56.62517298209573
10011500	56.626143933314175
10012000	56.6252765760708
10012500	56.62478329067944
10013000	56.62546765773233
10013500	56.62724198959241
10014000	56.630050417504485
10014500	56.63106459547353
10015000	56.62943753528404
10015500	56.62898795689837
10016000	56.62901170582914
10016500	56.62851842437967
10017000	56.627221864633356
10017500	56.629082939452346
10018000	56.630526263676416
10018500	56.62937293729373
10019000	56.629539791759484
10019500	56.62937662937663
10020000	56.6288834991503
10020500	56.62933657139463
10021000	56.62804049149388
10021500	56.628020535019076
10022000	56.62620790677879
10022500	56.62637485896768
10023000	56.62800440723367
10023500	56.62798445674476
10024000	56.628294356301744
10024500	56.62846117057242
10025000	56.62895778364116
10025500	56.628607989024324
10026000	56.62759867032503
10026500	56.627435720716115
10027000	56.62642656703917
10027500	56.62626369205811
10028000	56.62539771509586
10028500	56.62636699625138
10029000	56.628039231847026
10029500	56.629854288916725
10030000	56.62804305186992
10030500	56.627880146355935
10031000	56.62724468000949
10031500	56.62905942339955
10032000	56.62786405463126
10032500	56.62817369295262
10033000	56.625989869796896
10033500	56.625970045969055
10034000	56.62562071431161
10034500	56.626116983419884
10035000	56.62826059022572
10035500	56.627954863685034
10036000	56.62859383081692
10036500	56.62711328387513
10037000	56.62614882893566
10037500	56.625140816770205
10038000	56.624275781201106
10038500	56.6234108425005
10039000	56.62357765079783
10039500	56.62205419361638
10040000	56.62137597639527
10040500	56.621169962296456
10041000	56.62185255796035
10041500	56.62169014270005
10042000	56.62185698435118
10042500	56.621178949447724
10043000	56.62256343063699
10043500	56.622873000562926
10044000	56.621207482825255
10044500	56.6207159879396
10045000	56.62032374219115
10045500	56.621006069063576
10046000	56.62230296328475
10046500	56.62232694674626
10047000	56.622021850730555
10047500	56.62162962572969
10048000	56.62066650872622
10048500	56.62050426582699
10049000	56.62264510992229
10049500	56.62168208556502
10050000	56.62217777353761
10050500	56.62205905573977
10051000	56.62251111016082
10051500	56.62230525824129
10052000	56.622285665419
10052500	56.62296742619587
10053000	56.62426331298674
10053500	56.62438626550163
10054000	56.625024252130075
10054500	56.62416067658839
10055000	56.62502835986282
10055500	56.62580882739755
10056000	56.626818955937374
10056500	56.62618518469813
10057000	56.626208964252136
10057500	56.62656147271532
10058000	56.62658523276378
10058500	56.62609415933392
10059000	56.624474515436674
10059500	56.623140153619126
10060000	56.62246323227343
10060500	56.62178638211449
10061000	56.62030981972094
10061500	56.62014780445648
10062000	56.62045692768214
10062500	56.61963778782463
10063000	56.62229026895251
10063500	56.62151462485914
10064000	56.621024067491476
10064500	56.62104806706788
10065000	56.62107206443687
10065500	56.62236645885205
10066000	56.621175543183725
10066500	56.61984228382999
10067000	56.6199653188303
10067500	56.61848980141411
10068000	56.61861289898857
10068500	56.61925026926209
10069000	56.61824581680632
10069500	56.6180840340549
10070000	56.61825058604908
10070500	56.61855954405479
10071000	56.61891192730424
10071500	56.61795119260995
10072000	56.61928834033614
10072500	56.61912655298617
10073000	56.61910716805997
10073500	56.61960181957819
10074000	56.61845546946023
10074500	56.61815138736196
10075000	56.617704969677874
10075500	56.617357519754286
10076000	56.61621149826585
10076500	56.61600650969893
10077000	56.61715733076108
10077500	56.61924883861316
10078000	56.61927288712757
10078500	56.61779902046011
10079000	56.61979130788484
10079500	56.618886738609895
10080000	56.61755541415479
10080500	56.61852004906495
10081000	56.618172754642224
10081500	56.617169617031884
10082000	56.61602431882052
10082500	56.61534930237896
10083000	56.61485999081906
10083500	56.615212102533164
10084000	56.61552080259664
10084500	56.615173788463935
10085000	56.614313391882455
10085500	56.614152062886404
10086000	56.61333516895956
10086500	56.61270391724328
10087000	56.6122149314
10087500	56.61471904036183
10088000	56.6172229359482
10088500	56.61622053849985
10089000	56.6175554958415
10089500	56.61688086141021
10090000	56.61780125298173
10090500	56.619135927865116
10091000	56.6194442078225
10091500	56.61815775334495
10092000	56.617341138931565
10092500	56.61764946751532
10093000	56.617815658964496
10093500	56.61732673429481
10094000	56.61898850680126
10094500	56.6194821273
10095000	56.620816139385596
10095500	56.62098213554715
10096000	56.62082064380915
10096500	56.61981885220671
10097000	56.62241897564522
10097500	56.62277025434162
10098000	56.622892745708555
10098500	56.62123627839672
10099000	56.62111817509216
10099500	56.62156809469718
10100000	56.621919323847024
10100500	56.620448564358384
10101000	56.620385826410846
10101500	56.6200824769261
10102000	56.620760978419526
10102500	56.62008705043034
10103000	56.62090743982853
10103500	56.620746073298434
10104000	56.62156634981922
10104500	56.622201281938025
10105000	56.621385524430224
10105500	56.62308854994799
10106000	56.62306902124485
10106500	56.62127194632453
10107000	56.62078350299636
10107500	56.620251798208166
10108000	56.620275728980985
10108500	56.62062672322722
10109000	56.62013840739917
10109500	56.61993387424333
10110000	56.62079700713553
10110500	56.62114790979961
10111000	56.621313635665075
10111500	56.62152264612407
10112000	56.61986843309836
10112500	56.618868269972666
10113000	56.61940427813431
10113500	56.619384956374205
10114000	56.619223829075025
10114500	56.61985826730472
10115000	56.62072098868735
10115500	56.62088666344181
10116000	56.62007183687343
10116500	56.61925709019366
10117000	56.62072999761438
10117500	56.6187499387289
10118000	56.61877391506089
10118500	56.617305895192224
10119000	56.617373177633
10119500	56.61520869068038
10120000	56.616496401396965
10120500	56.61829562308481
10121000	56.618787995596506
10121500	56.61830036323725
10122000	56.61846605106631
10122500	56.61849002988585
10123000	56.61930890325952
10123500	56.61845151977322
10124000	56.61777912760072
10124500	56.61845624324439
10125000	56.61876353092153
10125500	56.618276094012245
10126000	56.61866980115584
10126500	56.61832405007085
10127000	56.61765185992908
10127500	56.61749103053373
10128000	56.61606763947377
10128500	56.61460118493855
10129000	56.61458214328847
10129500	56.61437831698098
10130000	56.61454406595451
10130500	56.61499298325773
10131000	56.61599613607289
10131500	56.61648811019485
10132000	56.61679528805208
10132500	56.61691769558067
10133000	56.617877372034144
10133500	56.61618369624085
10134000	56.61732801341507
10134500	56.617862945056665
10135000	56.61756070827407
10135500	56.61576902626866
10136000	56.61523908930784
10136500	56.61507852378544
10137000	56.61603791122953
10137500	56.61606196494089
10138000	56.61575990007795
10138500	56.61606691558918
10139000	56.615906348844035
10139500	56.615561192881316
10140000	56.61358582598092
10140500	56.61258876231587
10141000	56.612059269401925
10141500	56.613018376468204
10142000	56.613368539435726
10142500	56.61446890625916
10143000	56.61249421443425
10143500	56.61317028017157
10144000	56.61366177031356
10144500	56.6121978086442
10145000	56.61199443392568
10145500	56.61197556008146
10146000	56.61344455668155
10146500	56.61593402475701
10147000	56.61624076710794
10147500	56.615570071839315
10148000	56.616571482558996
10148500	56.61641104494338
10149000	56.615230258550206
10149500	56.613908279234
10150000	56.614725157322844
10150500	56.616008963351874
10151000	56.61538160903069
10151500	56.61522127813403
10152000	56.61487659286229
10152500	56.61652886641245
10153000	56.61590160891694
10153500	56.615231328776986
10154000	56.61558097359107
10154500	56.6154206794163
10155000	56.61344827810731
10155500	56.61096624443728
10156000	56.611782782215805
10156500	56.61046189902672
10157000	56.61090984841827
10157500	56.61056557838584
10158000	56.610264371519605
10158500	56.61140618084303
10159000	56.611897021351375
10159500	56.611086162797505
10160000	56.61194539804435
10160500	56.6114599941431
10161000	56.61079044464545
10161500	56.61114003123373
10162000	56.610004066693776
10162500	56.61114545040502
10163000	56.61214558040884
10163500	56.6123539036553
10164000	56.61056754013896
10164500	56.61073290680996
10165000	56.61094126065179
10165500	56.60994679259519
10166000	56.609602851456295
10166500	56.60944303706907
10167000	56.60914213988638
10167500	56.60977378331713
10168000	56.61174894570331
10168500	56.61140499468409
10169000	56.61092001482532
10169500	56.61206058576644
10170000	56.61171666997169
10170500	56.61044056601013
10171000	56.609489632396205
10171500	56.60947093679
10172000	56.612095387605585
10172500	56.6122605513413
10173000	56.61181869294343
10173500	56.61332674708819
10174000	56.614466718877445
10174500	56.613429950121045
10175000	56.613227104060925
10175500	56.612644342926956
10176000	56.61197569771598
10176500	56.611815922418415
10177000	56.61179711585629
10177500	56.6114964185359
10178000	56.61328569108331
10178500	56.61381848419589
10179000	56.61426529816812
10179500	56.61345588593514
10180000	56.61246269214156
10180500	56.611794353856595
10181000	56.611493760168344
10181500	56.609851375354346
10182000	56.61070883527616
10182500	56.61101478638639
10183000	56.610205811020094
10183500	56.6097215729053
10184000	56.608912739302205
10184500	56.60694634260356
10185000	56.60725241265585
10185500	56.60806678828089
10186000	56.609248566170386
10186500	56.611826410954635
10187000	56.61166680730359
10187500	56.61183175016308
10188000	56.610233294715904
10188500	56.60924109330331
10189000	56.6090816465595
10189500	56.609246683128
10190000	56.60941170363256
10190500	56.60935016059436
10191000	56.60770942688632
10191500	56.60884769724357
10192000	56.607715164333264
10192500	56.607739466087125
10193000	56.60915905250287
10193500	56.608999682150476
10194000	56.61060265033826
10194500	56.60965390203404
10195000	56.61158096819384
10195500	56.61073009387616
10196000	56.61107850544263
10196500	56.61008705802247
10197000	56.60960347566709
10197500	56.61189713529846
10198000	56.61178057233261
10198500	56.611804675317934
10199000	56.61048925886666
10199500	56.61032991682388
10200000	56.60966296942156
10200500	56.60903893275252
10201000	56.60938725506084
10201500	56.608720451643435
10202000	56.60934998606512
10202500	56.607387052243396
10203000	56.6076925569489
10203500	56.607349996435815
10204000	56.60700747143941
10204500	56.60782033130627
10205000	56.608082935125935
10205500	56.60709252942263
10206000	56.60614502518586
10206500	56.606676643409195
10207000	56.60633425537842
10207500	56.60797802738803
10208000	56.608650028177045
10208500	56.6093219680286
10209000	56.608472342313455
10209500	56.6080322273531
10210000	56.60805647302636
10210500	56.60724982595885
10211000	56.60996205302216
10211500	56.61128126760472
10212000	56.611586301565
10212500	56.61092010955072
10213000	56.60978981137084
10213500	56.61074227411477
10214000	56.61169463820421
10214500	56.6123660420962
10215000	56.611052674164576
10215500	56.61085076636289
10216000	56.61216934299011
10216500	56.611643793504044
10217000	56.61245542619354
10217500	56.6117895254551
10218000	56.613712104054095
10218500	56.614059608391244
10219000	56.61343651527994
10219500	56.61180017728087
10220000	56.61016400866949
10220500	56.60903459541638
10221000	56.608454603971445
10221500	56.610236373280884
10222000	56.610541159424045
10222500	56.609595022024436
10223000	56.60842315640371
10223500	56.60983844054379
10224000	56.610649601779784
10224500	56.61002699949881
10225000	56.610234158265385
10225500	56.609245572174046
10226000	56.61088623637281
10226500	56.61169715798696
10227000	56.611031909975786
10227500	56.60907371789692
10228000	56.60956136664835
10228500	56.61073814656914
10229000	56.61136590616
10229500	56.611066761900766
10230000	56.61090786871259
10230500	56.610242887242926
10231000	56.61008404990645
10231500	56.61010815159966
10232000	56.609851850655126
10232500	56.60886394551229
10233000	56.60741286395534
10233500	56.60790033954596
10234000	56.607461297909175
10234500	56.607808552839856
10235000	56.60793022692401
10235500	56.608137266302315
10236000	56.61042241329191
10236500	56.61026364831388
10237000	56.60964179943223
10237500	56.61059206128268
10238000	56.61126199295359
10238500	56.61128602567208
10239000	56.61145015983726
10239500	56.612119959703456
10240000	56.61196116479776
10240500	56.61161961031203
10241000	56.61113801452784
10241500	56.61208783404247
10242000	56.61326300362517
10242500	56.612598653948574
10243000	56.61312813097143
10243500	56.61264657562543
10244000	56.61230510039085
10244500	56.610812764639064
10245000	56.61115951850776
10245500	56.60989273405532
10246000	56.6113902361107
10246500	56.611231575414955
10247000	56.61107293007708
10247500	56.609806382505056
10248000	56.609927796669226
10248500	56.61170489042594
10249000	56.611643563845405
10249500	56.61083979019761
10250000	56.61049860977608
10250500	56.609694971890455
10251000	56.60852625671657
10251500	56.60754023285065
10252000	56.6065543107396
10252500	56.60653591398959
10253000	56.60656012588837
10253500	56.60575692207487
10254000	56.60481387737993
10254500	56.60516057892887
10255000	56.60467995383236
10255500	56.60498404203875
10256000	56.603214003642755
10256500	56.604850122010575
10257000	56.604789241773226
10257500	56.60531829170024
10258000	56.603828315612034
10258500	56.60306819646771
10259000	56.602910133904835
10259500	56.6028919374434
10260000	56.60176717387522
10260500	56.600180447251404
10261000	56.5987337081729
10261500	56.5985333728558
10262000	56.599159761330974
10262500	56.60065528139406
10263000	56.59985310035566
10263500	56.59987758915054
10264000	56.59917280832861
10264500	56.59754432075861
10265000	56.597107032082896
10265500	56.598559705242
10266000	56.59757558581422
10266500	56.59820174930118
10267000	56.598548325808764
10267500	56.59857286380381
10268000	56.60099109048933
10268500	56.601155250465254
10269000	56.60246751406972
10269500	56.60313576510737
10270000	56.603858622343694
10270500	56.60420482676255
10271000	56.60294150783661
10271500	56.60218238001738
10272000	56.602024558636565
10272500	56.601502404232996
10273000	56.601022795662935
10273500	56.60100472109496
10274000	56.601672743421496
10274500	56.60215856507552
10275000	56.602644339832096
10275500	56.60377358490566
10276000	56.603294005604766
10276500	56.60295409284384
10277000	56.60339724617166
10277500	56.60549130623602
10278000	56.60455046981204
10278500	56.60517554722807
10279000	56.60473853160843
10279500	56.60393743587434
10280000	56.60520569004499
10280500	56.605733545162764
10281000	56.606036828124694
10281500	56.60762636104626
10282000	56.60732890015049
10282500	56.608135612839746
10283000	56.6099493273658
10283500	56.60864476967
10284000	56.608990310114905
10284500	56.60865036552198
10285000	56.60734606754576
10285500	56.60604190373327
10286000	56.60574462887487
10286500	56.607011995217334
10287000	56.60800030854476
10287500	56.60880659996851
10288000	56.60836980904084
10288500	56.608533297341424
10289000	56.60947888315119
10289500	56.609502877468984
10290000	56.60856293678207
10290500	56.607483662020705
10291000	56.6070045911204
10291500	56.60670742481535
10292000	56.605767778952135
10292500	56.60496761924342
10293000	56.60370691593588
10293500	56.60336753114099
10294000	56.60371298259138
10294500	56.603737225152074
10295000	56.60518548731569
10295500	56.604524945003774
10296000	56.60583367319742
10296500	56.605354929450826
10297000	56.60662107054555
10297500	56.60935317632326
10298000	56.60883189602583
10298500	56.60867415571615
10299000	56.60947953719517
10299500	56.60996382103774
10300000	56.609987769684864
10300500	56.60914559379594
10301000	56.60866690418644
10301500	56.60828510997493
10302000	56.60670443057272
10302500	56.60654685494223
10303000	56.60620764017252
10303500	56.606691888804384
10304000	56.60520844029161
10304500	56.605329440264384
10305000	56.60475428087411
10305500	56.60377358490566
10306000	56.604760239583975
10306500	56.60446360687923
10307000	56.60380384747399
10307500	56.60364648823424
10308000	56.60417301493111
10308500	56.60502023875963
10309000	56.60486284169305
10309500	56.60616984224216
10310000	56.60779742223904
10310500	56.60713770335143
10311000	56.606520421611606
10311500	56.605818468651904
10312000	56.605201309465414
10312500	56.605866680346395
10313000	56.60456601680597
10313500	56.60266664956865
10314000	56.60411230292811
10314500	56.60335625330577
10315000	56.603519569189345
10315500	56.60464445406029
10316000	56.604850031089946
10316500	56.604831834468975
10317000	56.605315531569175
10317500	56.60337451329135
10318000	56.60175414422181
10318500	56.60269741121582
10319000	56.60249796535659
10319500	56.60133734472672
10320000	56.600037805124195
10320500	56.59905876473283
10321000	56.599222188763385
10321500	56.59746358589628
10322000	56.59730675106026
10322500	56.59824986226955
10323000	56.600474024726154
10323500	56.60173714754224
10324000	56.60190039423413
10324500	56.6026618161323
10325000	56.603006257165
10325500	56.60417233705311
10326000	56.6030546572316
10326500	56.60257744336828
10327000	56.60255938221367
10327500	56.603042682067894
10328000	56.603846067656725
10328500	56.6040091425352
10329000	56.602112676056336
10329500	56.601913468217155
10330000	56.600295103270135
10330500	56.60059721746589
10331000	56.601261589372186
10331500	56.60000576042397
10332000	56.59907005321754
10332500	56.59863553746513
10333000	56.60076091860603
10333500	56.602481649996484
10334000	56.60228250749477
10334500	56.60312767945125
10335000	56.60301301759246
10335500	56.6023973818824
10336000	56.60256041150842
10336500	56.60130509884205
10337000	56.600508580293315
10337500	56.59889141566795
10338000	56.598595941342964
10338500	56.598897918325704
10339000	56.5985602676073
10339500	56.59950177958704
10340000	56.599483898199395
10340500	56.60046747649028
10341000	56.60063051944315
10341500	56.601016721552575
10342000	56.60022059881388
10342500	56.60084206891922
10343000	56.60182536003708
10343500	56.601807365638315
10344000	56.60324888283692
10344500	56.602133215709216
10345000	56.60119856172593
10345500	56.59976349515804
10346000	56.599968680389765
10346500	56.600270357504655
10347000	56.60161505251956
10347500	56.601138854626676
10348000	56.60098223101281
10348500	56.60128380040705
10349000	56.602724670279116
10349500	56.60229069823166
10350000	56.60199540602967
10350500	56.60170014024081
10351000	56.6021824129207
10351500	56.602345214860904
10352000	56.601230364318155
10352500	56.6030323452287
10353000	56.604153226064014
10353500	56.60381576510114
10354000	56.60265888311581
10354500	56.602363700810784
10355000	56.60170706551415
10355500	56.60086977067941
10356000	56.60039399618775
10356500	56.599918267266034
10357000	56.59816557109609
10357500	56.59810566035327
10358000	56.597310894325545
10358500	56.59715461298076
10359000	56.596998346600955
10359500	56.59811879007625
10360000	56.59718565186724
10360500	56.597667694310935
10361000	56.597011686463226
10361500	56.59525990126656
10362000	56.59378529991768
10362500	56.595086151882576
10363000	56.59702502121794
10363500	56.59860255878506
10364000	56.598446298393654
10364500	56.59651439892044
10365000	56.59713471801759
10365500	56.596340576474034
10366000	56.59700292817362
10366500	56.59602834888779
10367000	56.59569175028226
10367500	56.59617353366097
10368000	56.59856873150322
10368500	56.59923082319776
10369000	56.60066901150203
10369500	56.602107062229756
10370000	56.60290727520271
10370500	56.60097626919778
10371000	56.60127718318301
10371500	56.60239611826291
10372000	56.60169848131288
10372500	56.60204140182209
10373000	56.600928850794176
10373500	56.60013514547263
10374000	56.598842397817386
10374500	56.597273127107464
10375000	56.59771243183984
10375500	56.5985124188172
10376000	56.59785732950091
10376500	56.59610807159313
10377000	56.59499624017028
10377500	56.594245149861244
10378000	56.595363715145034
10378500	56.59566469568763
10379000	56.59714368542949
10379500	56.596170325277065
10380000	56.59697004446823
10380500	56.59713263703746
10381000	56.59807047327233
10381500	56.59837122864905
10382000	56.59935094094455
10382500	56.5980592912942
10383000	56.59885868596031
10383500	56.599838236137025
10384000	56.59918357989391
10384500	56.60034323886305
10385000	56.599868824065055
10385500	56.59957465233559
10386000	56.60037375322736
10386500	56.60021774701871
10387000	56.59960527153498
10387500	56.599989813848076
10388000	56.59933538743602
10388500	56.59981603078461
10389000	56.599660086951545
10389500	56.59904777666035
10390000	56.598753763215015
10390500	56.59873600600811
10391000	56.59957677682137
10391500	56.60119197248217
10392000	56.60026154771337
10392500	56.60106014037633
10393000	56.60136042301648
10393500	56.60392965310122
10394000	56.60395365557259
10394500	56.60365954522898
10395000	56.60400165410186
10395500	56.60448176598756
10396000	56.603191465676
10396500	56.60331151524404
10397000	56.602975505193456
10397500	56.60327556050247
10398000	56.605843594179305
10398500	56.60727743346933
10399000	56.6077572227133
10399500	56.60700715723338
10400000	56.607984840439904
10400500	56.607510745987746
10401000	56.60876421068694
10401500	56.60860802309205
10402000	56.60954342733079
10402500	56.60843362004844
10403000	56.60863733308753
10403500	56.607209830083974
10404000	56.60882278159166
10404500	56.60888854989003
10405000	56.61000359109789
10405500	56.60857627700345
10406000	56.60905569484298
10406500	56.61030843975304
10407000	56.61078772781577
10407500	56.609954089818736
10408000	56.6097979412886
10408500	56.611865618298786
10409000	56.612027065662815
10409500	56.612188497641405
10410000	56.61230790732541
10410500	56.60992831211071
10411000	56.609274804432545
10411500	56.608483555013535
10412000	56.608645115804926
10412500	56.60690128231999
10413000	56.608968191214714
10413500	56.608494640044704
10414000	56.60929120507521
10414500	56.608817683627656
10415000	56.609254702754185
10415500	56.61036858312962
10416000	56.60890075458641
10416500	56.60793021461925
10417000	56.60709751142712
10417500	56.60608522875153
10418000	56.60706124314442
10418500	56.60676767612651
10419000	56.60919266643182
10419500	56.609533722823244
10420000	56.608246146816064
10420500	56.60890452905506
10421000	56.609478964719614
10421500	56.61204092964226
10422000	56.61233981934763
10422500	56.61091476685088
10423000	56.60980708772575
10423500	56.61096201551863
10424000	56.61030927835051
10424500	56.60979423789993
10425000	56.60963835550397
10425500	56.60948248793994
10426000	56.60819566589389
10426500	56.609625532778566
10427000	56.6106005543188
10427500	56.60945145056904
10428000	56.60915804460116
10428500	56.60927740258093
10429000	56.609121605554755
10429500	56.60828984661818
10430000	56.60736250776702
10430500	56.606572811625256
10431000	56.60496977496854
10431500	56.60427595606764
10432000	56.60525072979629
10432500	56.606679893760656
10433000	56.60765447123551
10433500	56.60686499145917
10434000	56.60603371783496
10434500	56.60542376748401
10435000	56.60445514750151
10435500	56.605112736213734
10436000	56.6060452442811
10436500	56.60475991331787
10437000	56.6065052859012
10437500	56.60684586507848
10438000	56.606690319310694
10438500	56.6079811462999
10439000	56.608321613642985
10439500	56.607711847764804
10440000	56.60959403049364
10440500	56.60930097038182
10441000	56.60914535084414
10441500	56.60940196652786
10442000	56.60829639012033
10442500	56.608594878030246
10443000	56.60943105287988
10443500	56.6099505448927
10444000	56.60952019122699
10444500	56.609185395303776
10445000	56.608671427847845
10445500	56.60806199390951
10446000	56.60758996825116
10446500	56.60693881297617
10447000	56.6070999025156
10447500	56.60712364145055
10448000	56.60615612479349
10448500	56.606950153959104
10449000	56.60742766005924
10449500	56.608221553494516
10450000	56.608245237108314
10450500	56.60854350377943
10451000	56.6104655025675
10451500	56.609181765548925
10452000	56.61029174496517
10452500	56.611538875215906
10453000	56.612827715355806
10453500	56.613441975808485
10454000	56.61215840080972
10454500	56.611549336757605
10455000	56.61089851038932
10455500	56.60898275175044
10456000	56.60819490166688
10456500	56.61106455642165
10457000	56.61253193696086
10457500	56.61201840228922
10458000	56.61249525736689
10458500	56.6113912644841
10459000	56.611277615488696
10459500	56.61094321012633
10460000	56.61173614382039
10460500	56.612350049785846
10461000	56.61192029535225
10461500	56.61415630472024
10462000	56.61305258899421
10462500	56.61275998622045
10463000	56.613099470648656
10463500	56.614661184865426
10464000	56.613336956762176
10464500	56.613497475306026
10465000	56.612078144896024
10465500	56.61174389030189
10466000	56.61257811562059
10466500	56.6119279445494
10467000	56.61244617702901
10467500	56.61260669315963
10468000	56.61339895191375
10468500	56.61342236513356
10469000	56.614351546238716
10469500	56.6141961076615
10470000	56.61323025031739
10470500	56.61212747076453
10471000	56.610077431252925
10471500	56.61132232761996
10472000	56.6119773411894
10472500	56.61087482989331
10473000	56.60990941783039
10473500	56.610743128476805
10474000	56.60946211303266
10474500	56.609306980077214
10475000	56.608794469522394
10475500	56.609270687015666
10476000	56.60893690759136
10476500	56.60783496824856
10477000	56.61065734159797
10477500	56.608608659153525
10478000	56.608138045076714
10478500	56.607173286041565
10479000	56.60737557232157
10479500	56.60623233037156
10480000	56.60594051908551
10480500	56.60708933444811
10481000	56.607922566315835
10481500	56.60699976654826
10482000	56.60765435526001
10482500	56.60826719493268
10483000	56.60779681225889
10483500	56.60845127286376
10484000	56.61050413807025
10484500	56.61192603549363
10485000	56.61141386618226
10485500	56.61062809244945
10486000	56.61015773308359
10486500	56.60937209309659
10487000	56.6102998905877
10487500	56.60906221721954
10488000	56.60890730126301
10488500	56.608615601906735
10489000	56.60958493849423
10489500	56.609114781177794
10490000	56.609947231381256
10490500	56.60902511599758
10491000	56.609994263416354
10491500	56.61033295931618
10492000	56.61126029020587
10492500	56.612681094334505
10493000	56.613649900258736
10493500	56.611919227569516
10494000	56.61253119564395
10494500	56.61345819364271
10495000	56.61343987094497
10495500	56.613914977677936
10496000	56.612636453853796
10496500	56.61482337893905
10497000	56.616106727149585
10497500	56.61577327608745
10498000	56.617056461138674
10498500	56.61690131972661
10499000	56.616746192973345
10499500	56.6156462585034
10500000	56.61544953816405
10500500	56.61466468483902
10501000	56.61419479983751
10501500	56.611889025684306
10502000	56.612007405448296
10502500	56.61171596068233
10503000	56.61183433815543
10503500	56.61167952148591
10504000	56.61251074251644
10504500	56.612219329696515
10505000	56.61206451531672
10505500	56.612402661580205
10506000	56.61148180788115
10506500	56.61357177252599
10507000	56.61345854865206
10507500	56.614425981873104
10508000	56.6149004798993
10508500	56.61488210805214
10509000	56.61364673305959
10509500	56.61398468939868
10510000	56.615088379468524
10510500	56.615070001573066
10511000	56.613478635651504
10511500	56.61220201206737
10512000	56.61236186563573
10512500	56.61283625657415
10513000	56.6132690003114
10513500	56.612485217522575
10514000	56.61363014495671
10514500	56.61316090724969
10515000	56.61314263431324
10515500	56.61168849546391
10516000	56.61086339938747
10516500	56.6112960989061
10517000	56.613205975104776
10517500	56.613365695385895
10518000	56.613839783955754
10518500	56.61364350833071
10519000	56.61398115141113
10519500	56.61427718228397
10520000	56.615065457574374
10520500	56.613831449055354
10521000	56.612733912890434
10521500	56.61222347583684
10522000	56.61139883346742
10522500	56.61272075922318
10523000	56.613194651751066
10523500	56.61447482945744
10524000	56.614770709942974
10524500	56.61475237290319
10525000	56.61379152175484
10525500	56.613008620472996
10526000	56.61204795054158
10526500	56.61193500051831
10527000	56.61133011889243
10527500	56.611667593264414
10528000	56.61353392904817
10528500	56.61243718592964
10529000	56.61241897392091
10529500	56.612306039964956
10530000	56.613093667960456
10530500	56.612625173099204
10531000	56.6140407066197
10531500	56.61361374247614
10532000	56.61265356998207
10532500	56.61357721203445
10533000	56.6123032005902
10533500	56.61120703186313
10534000	56.61123039640387
10534500	56.611389953512315
10535000	56.611194114175944
10535500	56.60992053030017
10536000	56.612277051222904
10536500	56.61400568663265
10537000	56.61371510343442
10537500	56.613874497522524
10538000	56.613092511123796
10538500	56.61244673707727
10539000	56.61117351389002
10539500	56.609764285467776
10540000	56.60943250018039
10540500	56.60847332674541
10541000	56.60939641948548
10541500	56.610496994943475
10542000	56.60949644620374
10542500	56.60992814375013
10543000	56.60991008226516
10543500	56.6085429342031
10544000	56.6093296746374
10544500	56.609039509045466
10545000	56.60843579395616
10545500	56.60810425217689
10546000	56.60790879674919
10546500	56.607399836339525
10547000	56.60612786822544
10547500	56.60722794873724
10548000	56.60595611285266
10548500	56.60625172405146
10549000	56.60511608516987
10549500	56.60666543383618
10550000	56.6083920467367
10550500	56.60851006484246
10551000	56.60965107460497
10551500	56.60900629876845
10552000	56.61010575793185
10552500	56.61116368262403
10553000	56.6113643840767
10553500	56.61371682802269
10554000	56.61289463543314
10554500	56.613189725660476
10555000	56.613171521745265
10555500	56.61458365963525
10556000	56.61398035383151
10556500	56.61315834808075
10557000	56.61220053808401
10557500	56.61521982874718
10558000	56.61694471499394
10558500	56.61536052610976
10559000	56.6158740895227
10559500	56.61665930803844
10560000	56.61708989573222
10560500	56.61711294241415
10561000	56.616019461551225
10561500	56.6169403440665
10562000	56.61629585106016
10562500	56.61600588520715
10563000	56.61661360854689
10563500	56.616595247858214
10564000	56.616754097129196
10564500	56.61753889586144
10565000	56.61644581593755
10565500	56.61701195468486
10566000	56.61775520486173
10566500	56.61773679253253
10567000	56.617718382046945
10567500	56.61863863206145
10568000	56.61692009260998
10568500	56.61707885556964
10569000	56.6167476403953
10569500	56.61583219933368
10570000	56.614916838453574
10570500	56.6155655582074
10571000	56.61634991930137
10571500	56.616060202300744
10572000	56.6163546403618
10572500	56.61696178937559
10573000	56.61805866109598
10573500	56.61647669527964
10574000	56.61730217199607
10574500	56.61732517854239
10575000	56.61560781297389
10575500	56.615141225980324
10576000	56.61525859831988
10576500	56.6168034388433
10577000	56.61741030538528
10577500	56.61739192952952
10578000	56.61647719280697
10578500	56.61667718967037
10579000	56.61656461851494
10579500	56.61605680639072
10580000	56.61416338521158
10580500	56.6149884528724
10581000	56.61420964475889
10581500	56.61620185922974
10582000	56.61649601144853
10582500	56.61616524556563
10583000	56.614272369115795
10583500	56.615816226112116
10584000	56.61405909292547
10584500	56.61252030488567
10585000	56.61281455381463
10585500	56.61373347659862
10586000	56.61576614704201
10586500	56.6157478691873
10587000	56.616218714670296
10587500	56.61539902877754
10588000	56.61337163913437
10588500	56.613842526815404
10589000	56.61306438518704
10589500	56.61322301147451
10590000	56.61387059811608
10590500	56.61278035865928
10591000	56.61200241009744
10591500	56.61233778599145
10592000	56.61339160293429
10592500	56.61573517706366
10593000	56.61509265530727
10593500	56.61618746800834
10594000	56.615274179956934
10594500	56.61574471405165
10595000	56.61586184083235
10595500	56.61553152051126
10596000	56.61506585578192
10596500	56.6141115607712
10597000	56.61329273086931
10597500	56.612691875701984
10598000	56.61329772630843
10598500	56.61252031657988
10599000	56.61143103136328
10599500	56.6112776490185
10600000	56.61081236197582
10600500	56.6108355946477
10601000	56.61054693347971
10601500	56.609416762048525
10602000	56.61019909186168
10602500	56.609422117996324
10603000	56.60850990847717
10603500	56.609468691826294
10604000	56.608515348518154
10604500	56.60760330372371
10605000	56.60713840321253
10605500	56.6075676282341
10606000	56.60844381957671
10606500	56.60811421624402
10607000	56.60889623141423
10607500	56.610301566274444
10608000	56.61081293363006
10608500	56.61079494100121
10609000	56.610288869982014
10609500	56.61058254151773
10610000	56.61029414056048
10610500	56.609652963227255
10611000	56.61088139892128
10611500	56.6123273073975
10612000	56.61266201395813
10612500	56.61108618712925
10613000	56.611379722859134
10613500	56.6112265464616
10614000	56.61134370015949
10614500	56.60976825317717
10615000	56.61086106741835
10615500	56.61070794530788
10616000	56.60962050547362
10616500	56.60884459669885
10617000	56.610736373998016
10617500	56.60920256097257
10618000	56.60984860279876
10618500	56.60938419526899
10619000	56.60985391005443
10619500	56.6106349260711
10620000	56.61141586914154
10620500	56.61157410722346
10621000	56.61128595932522
10621500	56.61206676503365
10622000	56.61537886876321
10622500	56.61278826191566
10623000	56.61245895516581
10623500	56.61230587283309
10624000	56.611395351732206
10624500	56.61124233286342
10625000	56.61091316456878
10625500	56.61040787623066
10626000	56.6099026413474
10626500	56.61175152844542
10627000	56.61253188973928
10627500	56.61162167038957
10628000	56.611333714939896
10628500	56.6105586023897
10629000	56.61164994183117
10629500	56.610252789329785
10630000	56.60881465584274
10630500	56.60959489930798
10631000	56.60917216627583
10631500	56.60906046008254
10632000	56.61046254890132
10632500	56.60968776140381
10633000	56.60766924961753
10633500	56.608449337864684
10634000	56.60864860831282
10634500	56.60898276944888
10635000	56.60914090650484
10635500	56.609257935150936
10636000	56.60892920425508
10636500	56.608911352742595
10637000	56.60889350300574
10637500	56.60901052108102
10638000	56.61010101010101
10638500	56.611191397448444
10639000	56.612457618427555
10639500	56.61261552421736
10640000	56.61415120723409
10640500	56.6159037731921
10641000	56.61575078144905
10641500	56.61621920566221
10642000	56.61624211242532
10642500	56.61698003007295
10643000	56.61607092930059
10643500	56.61560732247533
10644000	56.617669899293624
10644500	56.61561208039932
10645000	56.61404091825357
10645500	56.61278049538008
10646000	56.6116960154042
10646500	56.61043583038825
10647000	56.60935156402843
10647500	56.60875370689521
10648000	56.60829063809968
10648500	56.60813810876686
10649000	56.607809836655996
10649500	56.60752262531241
10650000	56.6073701530533
10650500	56.606772547217844
10651000	56.60755139861985
10651500	56.608330177492746
10652000	56.60649102331703
10652500	56.607310797346834
10653000	56.608885923121086
10653500	56.6097991688676
10654000	56.60937732757336
10654500	56.61184210526316
10655000	56.61164846690685
10655500	56.612292139224444
10656000	56.61178821426799
10656500	56.61301131850676
10657000	56.61303433255357
10657500	56.61292274090919
10658000	56.61228427750219
10658500	56.61230732005422
10659000	56.611358750779374
10659500	56.61147539966625
10660000	56.61335946998833
10660500	56.61382717734157
10661000	56.61495614633601
10661500	56.614493364883344
10662000	56.61460982174975
10662500	56.61414710232787
10663000	56.61368442594993
10663500	56.613315308387804
10664000	56.611788050723966
10664500	56.61394033719221
10665000	56.61547237430323
10665500	56.616290785088744
10666000	56.61551814997365
10666500	56.61452908793334
10667000	56.61464548624564
10667500	56.614761872291886
10668000	56.61474378444049
10668500	56.61486015340513
10669000	56.61377792928197
10669500	56.61428620124387
10670000	56.615373174102466
10670500	56.61535506020437
10671000	56.61413858490215
10671500	56.613232040946585
10672000	56.613523846110944
10672500	56.61164705663674
10673000	56.61228965824887
10673500	56.611827533973724
10674000	56.61225374798662
10674500	56.614094209183044
10675000	56.613322348554064
10675500	56.61281930576547
10676000	56.612626004552425
10676500	56.612164003468344
10677000	56.61329130191092
10677500	56.61375825210251
10678000	56.61484442490317
10678500	56.61548655167395
10679000	56.614890198178905
10679500	56.61566658204491
10680000	56.61812508126381
10680500	56.61673430597733
10681000	56.61764478274463
10681500	56.61793610652832
10682000	56.617608369314574
10682500	56.6160426615826
10683000	56.61823189885954
10683500	56.61962677560115
10684000	56.62026836333028
10684500	56.62090989546908
10685000	56.62040690028623
10685500	56.61946031913018
10686000	56.618554787209355
10686500	56.61685539261184
10687000	56.61759018924195
10687500	56.61946908130214
10688000	56.619801091983355
10688500	56.6210610649006
10689000	56.620733385916886
10689500	56.61978713993647
10690000	56.61963467212659
10690500	56.61793586337643
10691000	56.618092752260665
10691500	56.618249626589886
10692000	56.61884986100245
10692500	56.619934323226204
10693000	56.62150295594528
10693500	56.621309513871495
10694000	56.62098197861177
10694500	56.620345323296185
10695000	56.62019290218869
10695500	56.61990639702745
10696000	56.61834255509876
10696500	56.61805615657571
10697000	56.61697662414732
10697500	56.61647442791974
10698000	56.615838206025245
10698500	56.615995080148465
10699000	56.617079004456095
10699500	56.62063488630078
10700000	56.618803513878454
10700500	56.617858345666725
10701000	56.61784016090811
10701500	56.618480769409004
10702000	56.61766977454015
10702500	56.61800140867695
10703000	56.61966174994208
10703500	56.61875770296443
10704000	56.617503976772554
10704500	56.617310947209766
10705000	56.61764251697109
10705500	56.617356392835084
10706000	56.61764705882353
10706500	56.61842133705544
10707000	56.61720884991277
10707500	56.61701588948379
10708000	56.61690467001158
10708500	56.61710220817072
10709000	56.61805113892474
10709500	56.61820775075096
10710000	56.6181895638913
10710500	56.6171113882475
10711000	56.61792623186124
10711500	56.618257581603515
10712000	56.618414148584826
10712500	56.6164102405827
10713000	56.61471514104067
10713500	56.614388524731815
10714000	56.61489466099263
10714500	56.615051347881895
10715000	56.613356619836516
10715500	56.61430515315048
10716000	56.61380395544723
10716500	56.61193486483651
10717000	56.61319183069045
10717500	56.61259771590047
10718000	56.61275445832267
10718500	56.612468883315906
10719000	56.61293407115405
10719500	56.613049982264855
10720000	56.61417274263789
10720500	56.615871429761015
10721000	56.61523658556894
10721500	56.61631829872269
10722000	56.61524134336965
10722500	56.615840027134944
10723000	56.61489696936061
10723500	56.614436880272315
10724000	56.614634236578496
10724500	56.614831577065125
10725000	56.61283013283926
10725500	56.61188743283609
10726000	56.612352346427954
10726500	56.612857983915966
10727000	56.61116522210852
10727500	56.61132189452336
10728000	56.61151930568569
10728500	56.61339135472975
10729000	56.6131060241855
10729500	56.61418705913894
10730000	56.614076174041664
10730500	56.61313382798827
10731000	56.61329036114508
10731500	56.61278992383723
10732000	56.61263836984685
10732500	56.612271681233274
10733000	56.61119599773271
10733500	56.6124510981733
10734000	56.61278200120747
10734500	56.61355452952175
10735000	56.61230461230461
10735500	56.61157788399941
10736000	56.61239109211243
10736500	56.6116236957834
10737000	56.610856370349616
10737500	56.61039704877042
10738000	56.609763457547366
10738500	56.609304230287236
10739000	56.607479887065836
10739500	56.60706148939052
10740000	56.60660244628547
10740500	56.60645129512305
10741000	56.607049407418806
10741500	56.60786239122337
10742000	56.60674710662399
10742500	56.608924756997666
10743000	56.60785019805545
10743500	56.607083502603686
10744000	56.60737366898504
10744500	56.60616579577417
10745000	56.6071120848822
10745500	56.607094503114
10746000	56.60584615384615
10746500	56.605869285630774
10747000	56.606333588695165
10747500	56.606757197442825
10748000	56.60647265120286
10748500	56.60570637545182
10749000	56.60582235182656
10749500	56.60694237246429
10750000	56.60665786988764
10750500	56.606506855634905
10751000	56.60512565008658
10751500	56.60480063967525
10752000	56.60478318228925
10752500	56.60616981758694
10753000	56.60724883229658
10753500	56.60784621203037
10754000	56.60694684864455
10754500	56.608066311252124
10755000	56.608704206992385
10755500	56.609742226047935
10756000	56.608802309245895
10756500	56.608343887174314
10757000	56.60792613016362
10757500	56.607601161843576
10758000	56.606835505286455
10758500	56.60716590754025
10759000	56.60732231267806
10759500	56.60739748254498
10760000	56.607113225289005
10760500	56.60784355900799
10761000	56.61049862959822
10761500	56.61017365762533
10762000	56.609715407563534
10762500	56.610004946251756
10763000	56.609720656317876
10763500	56.60943639083701
10764000	56.609725904104835
10764500	56.609882110100195
10765000	56.609383398602475
10765500	56.60848493038769
10766000	56.61144587563959
10766500	56.610640042503654
10767000	56.610008137945854
10767500	56.60937629548197
10768000	56.61032042129182
10768500	56.61003626270039
10769000	56.60988535250879
10769500	56.608639587362994
10770000	56.6081817484074
10770500	56.60929949836986
10771000	56.60918922735464
10771500	56.609038389518865
10772000	56.60779294129203
10772500	56.60746843135931
10773000	56.60543559995703
10773500	56.606512598594364
10774000	56.606454543222604
10774500	56.60661075359891
10775000	56.60751383182101
10775500	56.606749433865
10776000	56.60550458715596
10776500	56.604740354376005
10777000	56.60458980180402
10777500	56.60470552864335
10778000	56.60468811834109
10778500	56.60572410196632
10779000	56.605706643436015
10779500	56.605035212131625
10780000	56.604925207875176
10780500	56.60626767345286
10781000	56.60799774279519
10781500	56.60771403424303
10782000	56.60677651128345
10782500	56.60833274559889
10783000	56.6097152634258
10783500	56.6109646164224
10784000	56.610374240389504
10784500	56.60934429295422
10785000	56.61011337228909
10785500	56.610136237108975
10786000	56.6110382205437
10786500	56.61228718740996
10787000	56.61012377314999
10787500	56.60936010568356
10788000	56.60877001020624
10788500	56.60796596871476
10789000	56.6072025080983
10789500	56.60582621859659
10790000	56.605675797421654
10790500	56.60565835960889
10791000	56.60594732891088
10791500	56.6070224891231
10792000	56.608843245628016
10792500	56.61009160258571
10793000	56.6101144523687
10793500	56.61074997396136
10794000	56.60920068371041
10794500	56.60979569332557
10795000	56.60820612089877
10795500	56.60765696784074
10796000	56.60995666355297
10796500	56.609060757237486
10797000	56.608124454516215
10797500	56.60736158745713
10798000	56.608782722392846
10798500	56.61046945999241
10799000	56.61062513204104
10799500	56.61016845366758
10800000	56.608793355233544
10800500	56.60803066297666
10801000	56.60805358443896
10801500	56.60711771224264
10802000	56.609548996920665
10802500	56.610316826288845
10803000	56.60986031023126
10803500	56.6092710367328
10804000	56.60973273389992
10804500	56.61050041619743
10805000	56.60973796066503
10805500	56.61024002741771
10806000	56.610874820231935
10806500	56.611509558661545
10807000	56.61149186146126
10807500	56.61120867420928
10808000	56.612893850441615
10808500	56.61230470841249
10809000	56.61123653249638
10809500	56.61047434638573
10810000	56.61005854535889
10810500	56.60864432026378
10811000	56.609411606383695
10811500	56.609567150804494
10812000	56.6108132739222
10812500	56.61131498470948
10813000	56.61095107914549
10813500	56.61219697155019
10814000	56.614319610577034
10814500	56.61521903969865
10815000	56.61524162432203
10815500	56.617842631912026
10816000	56.61803818945541
10816500	56.618233731455526
10817000	56.61743128240243
10817500	56.61666936674502
10818000	56.61743579711829
10818500	56.618202157215734
10819000	56.61678861117733
10819500	56.617900987436244
10820000	56.616833625689885
10820500	56.61746730228578
10821000	56.61622705160486
10821500	56.61577102768043
10822000	56.6150095023924
10822500	56.614421020470516
10823000	56.61566569104897
10823500	56.61717532765099
10824000	56.61824680383082
10824500	56.618228805508295
10825000	56.62100038182513
10825500	56.62128769575217
10826000	56.62087207242429
10826500	56.6207214608804
10827000	56.620132973768676
10827500	56.619239144044684
10828000	56.61908862707734
10828500	56.61876523003072
10829000	56.62075219928365
10829500	56.61920741109404
10830000	56.61827341424319
10830500	56.61764481393169
10831000	56.61945859804553
10831500	56.618789590170195
10832000	56.62033828974722
10832500	56.61992295529331
10833000	56.62068818162672
10833500	56.62158573770042
10834000	56.62204560992284
10834500	56.62093906886607
10835000	56.620045837542236
10835500	56.61985498754943
10836000	56.622013365475574
10836500	56.62186284232207
10837000	56.62062421241163
10837500	56.62199929215635
10838000	56.6230691549893
10838500	56.62295902179484
10839000	56.62446613788895
10839500	56.62357312378361
10840000	56.623117539936985
10840500	56.62405480672151
10841000	56.62468698243441
10841500	56.6233164161624
10842000	56.62299321719612
10842500	56.62284273092958
10843000	56.621990454843484
10843500	56.62227724734776
10844000	56.622604400128075
10844500	56.62462876343922
10845000	56.623471658993196
10845500	56.62288404312405
10846000	56.62212384793857
10846500	56.62210569638584
10847000	56.62300209431426
10847500	56.62176456422403
10848000	56.62195939767116
10848500	56.623068646307374
10849000	56.622136066737994
10849500	56.62320483749055
10850000	56.62305444061453
10850500	56.62320881103452
10851000	56.62462250150085
10851500	56.624644610419885
10852000	56.6258855793403
10852500	56.62664919711143
10853000	56.627016288749
10853500	56.62764764667171
10854000	56.62823856296766
10854500	56.6288294216568
10855000	56.62694278420549
10855500	56.62570594793501
10856000	56.62616472279674
10856500	56.6260546434772
10857000	56.62620878702506
10857500	56.626667478832914
10858000	56.62556303048206
10858500	56.62402207246028
10859000	56.62522191669027
10859500	56.625812639880635
10860000	56.625489843828504
10860500	56.62381712114385
10861000	56.62214455124204
10861500	56.621040710206174
10862000	56.62010935083595
10862500	56.62117692900131
10863000	56.62024565088352
10863500	56.61992323403271
10864000	56.619945517356825
10864500	56.61931878707455
10865000	56.617951402415265
10865500	56.618369837458495
10866000	56.61913282695491
10866500	56.61867854654117
10867000	56.61944145229706
10867500	56.61759783845625
10868000	56.61940548270301
10868500	56.62047248885711
10869000	56.6216310772947
10869500	56.62148102629001
10870000	56.62051007495377
10870500	56.61975172699094
10871000	56.6197740027071
10871500	56.61914770014083
10872000	56.619697748472475
10872500	56.61954782947198
10873000	56.619265999245805
10873500	56.61898419301671
10874000	56.61853024262825
10874500	56.61851231326378
10875000	56.62001465540045
10875500	56.61999665556924
10876000	56.62058670623037
10876500	56.6205686803248
10877000	56.621026775942994
10877500	56.62209279350209
10878000	56.62129465262748
10878500	56.62062844602769
10879000	56.622130096225746
10879500	56.62228408700647
10880000	56.6219620785962
10880500	56.62376734079893
10881000	56.62361735748146
10881500	56.62472310258803
10882000	56.625048996223114
10882500	56.62537486213277
10883000	56.62522483107287
10883500	56.62429515846782
10884000	56.624489237920194
10884500	56.624946837596454
10885000	56.62483710163947
10885500	56.62559840587106
10886000	56.626399895510914
10886500	56.625946129827845
10887000	56.62497646194124
10887500	56.62495824095727
10888000	56.62528394941753
10888500	56.624658366231394
10889000	56.62442798623827
10889500	56.62367080228583
10890000	56.62291368730435
10890500	56.622935788172924
10891000	56.62217877332426
10891500	56.62220090348278
10892000	56.62417617111962
10892500	56.623287525689015
10893000	56.62205520327104
10893500	56.6223808699928
10894000	56.62236278595428
10894500	56.62177788704052
10895000	56.62115284812912
10895500	56.621134826243576
10896000	56.621460456958005
10896500	56.62204932285013
10897000	56.622031259956486
10897500	56.62343888437125
10898000	56.62359255674526
10898500	56.62404961134945
10899000	56.62389985953394
10899500	56.62418507855706
10900000	56.62360039678808
10900500	56.62483581618694
10901000	56.62451429732739
10901500	56.62497118522742
10902000	56.6257313311516
10902500	56.62571309857062
10903000	56.62539159759689
10903500	56.624726692685826
10904000	56.623232485573325
10904500	56.62321437776504
10905000	56.623499483024716
10905500	56.6231781674191
10906000	56.62380659303344
10906500	56.62261594011769
10907000	56.62199155406942
10907500	56.621064087134975
10908000	56.62152085215251
10908500	56.623493145079394
10909000	56.62282868634577
10909500	56.62449763897898
10910000	56.62387334145558
10910500	56.62260285596529
10911000	56.62336245533969
10911500	56.62425342492735
10912000	56.62289180721285
10912500	56.622439302260055
10913000	56.621249443267864
10913500	56.62079705271067
10914000	56.61943583544645
10914500	56.62140710581164
10915000	56.619571539356336
10915500	56.62019956016794
10916000	56.620313015874935
10916500	56.62012357644778
10917000	56.619671386386
10917500	56.620733517065936
10918000	56.62054408295403
10918500	56.62113178064519
10919000	56.62020536641644
10919500	56.62092437381909
10920000	56.61969528146498
10920500	56.61829488720485
10921000	56.61740886398247
10921500	56.61600871881811
10922000	56.61495148864032
10922500	56.61557928130553
10923000	56.61461344504748
10923500	56.61463582954226
10924000	56.61539485950193
10924500	56.614943207096616
10925000	56.61553081315994
10925500	56.61642098637284
10926000	56.614718876717305
10926500	56.614872531961566
10927000	56.61536878797415
10927500	56.615996272337235
10928000	56.61662370354234
10928500	56.61707978979279
10929000	56.616628245387936
10929500	56.61674174060618
10930000	56.61702648988592
10930500	56.617048757838184
10931000	56.61707102390452
10931500	56.61584342287137
10932000	56.61643060860939
10932500	56.61792502759674
10933000	56.61824966960919
10933500	56.62034867018462
10934000	56.62033075194813
10934500	56.619536886410785
10935000	56.620426082592054
10935500	56.619672319493034
10936000	56.619089801459054
10936500	56.61820501425432
10937000	56.618056059396835
10937500	56.61743367754105
10938000	56.61698249517113
10938500	56.61898946910252
10939000	56.62112739912347
10939500	56.62258060616318
10940000	56.622300397120426
10940500	56.622795750917966
10941000	56.62122672726668
10941500	56.62064443215573
10942000	56.61864242893058
10942500	56.61896675711118
10943000	56.62045961314182
10943500	56.62057276481838
10944000	56.61921536165507
10944500	56.621181133523244
10945000	56.62129423208212
10945500	56.6239038697965
10946000	56.62452992614744
10946500	56.625024918599244
10947000	56.62440273759114
10947500	56.624253644570224
10948000	56.62535258907593
10948500	56.62459948601334
10949000	56.62492337332517
10949500	56.624814291408484
10950000	56.62332642868789
10950500	56.623912268942064
10951000	56.6234613189859
10951500	56.62378518399991
10952000	56.6239380747378
10952500	56.62361812989428
10953000	56.62303633312001
10953500	56.622887380276076
10954000	56.623342127027634
10954500	56.62349500321449
10955000	56.62170604870717
10955500	56.62168809964297
10956000	56.623179089748575
10956500	56.62285929837797
10957000	56.62236867516416
10957500	56.621183684061236
10958000	56.61978800505698
10958500	56.62020275162926
10959000	56.6201449354066
10959500	56.619865327991505
10960000	56.620450815715806
10960500	56.62154865294524
10961000	56.62109822753653
10961500	56.61974295013136
10962000	56.619725106847596
10962500	56.619576429144466
10963000	56.62016177189078
10963500	56.620143910927226
10964000	56.62120147523137
10964500	56.62122349776705
10965000	56.61943631138866
10965500	56.61821240875252
10966000	56.61836535330511
10966500	56.61804609206354
10967000	56.61746528468667
10967500	56.619125569392814
10968000	56.61871544588003
10968500	56.61947121398923
10969000	56.621131192804356
10969500	56.623433774704694
10970000	56.62238082607962
10970500	56.62283490908653
10971000	56.62195272638504
10971500	56.62133207163931
10972000	56.62161551326673
10972500	56.622240168264234
10973000	56.621448974918344
10973500	56.62358010184098
10974000	56.62459664906133
10974500	56.624618508621026
10975000	56.62326472573026
10975500	56.622303090187195
10976000	56.62245571122605
10976500	56.623853100469304
10977000	56.622499600900014
10977500	56.6203732986359
10978000	56.61854837981019
10978500	56.61960463071159
10979000	56.61894465491384
10979500	56.61909737801775
10980000	56.61817623376584
10980500	56.618459602118584
10981000	56.61744780532455
10981500	56.618463956355626
10982000	56.61891773093204
10982500	56.61816725823301
10983000	56.6170759755077
10983500	56.61538276294916
10984000	56.61570599939196
10984500	56.61676178092417
10985000	56.61674411885098
10985500	56.61689685580399
10986000	56.61799227148515
10986500	56.618877372912976
10987000	56.621477257338896
10987500	56.622191729707936
10988000	56.620879534204946
10988500	56.61948777200077
10989000	56.621014183159524
10989500	56.62086581362954
10990000	56.62131914944825
10990500	56.62073944827172
10991000	56.620891930510645
10991500	56.622077300934606
10992000	56.622099231474934
10992500	56.62061726055663
10993000	56.62171185207019
10993500	56.62186425742187
10994000	56.62201664902319
10994500	56.62169802242217
10995000	56.621549694325246
10995500	56.62093042136884
10996000	56.620651706542624
10996500	56.62303924663774
10997000	56.622890885256936
10997500	56.62244189297665
10998000	56.62306505969041
10998500	56.62321733484043
10999000	56.62233738749842
10999500	56.62214927903475
11000000	56.62136004039724
11000500	56.62061068013982
11001000	56.61943046059058
11001500	56.61971323041044
11002000	56.61849337504545
11002500	56.61847565758039
11003000	56.619098702773854
11003500	56.62135443897572
11004000	56.621846972041524
11004500	56.62113764466932
11005000	56.622151451877
11005500	56.621572497664175
11006000	56.622625978598506
11006500	56.62337896415922
11007000	56.622199259243686
11007500	56.620849578574905
11008000	56.621262408578254
11008500	56.62188503344356
11009000	56.62139677925073
11009500	56.62051774881375
11010000	56.62046018294404
11010500	56.621513274256564
11011000	56.62166544554812
11011500	56.62228787960678
11012000	56.62213975385595
11012500	56.62139117067782
11013000	56.62111286574638
11013500	56.61989420657937
11014000	56.62030685730925
11014500	56.62105939351733
11015000	56.62048098742901
11015500	56.62290417274479
11016000	56.62262587941509
11016500	56.623208240293884
11017000	56.62155957107744
11017500	56.62141155145819
11018000	56.62066337171443
11018500	56.62004543094886
11019000	56.62045788699853
11019500	56.62060998844832
11020000	56.62256225622563
11020500	56.62430471801703
11021000	56.62505662505662
11021500	56.62670842482931
11022000	56.626480725446726
11022500	56.62620245304921
11023000	56.62451484412024
11023500	56.624066848023325
11024000	56.62224941441806
11024500	56.621201761015335
11025000	56.62148383614226
11025500	56.6211661408917
11026000	56.62161797469797
11026500	56.6223696125407
11027000	56.62312118277409
11027500	56.62117432600978
11028000	56.62025711133496
11028500	56.620968974934726
11029000	56.621890204237026
11029500	56.62208179954196
11030000	56.6209949852074
11030500	56.62088686133575
11031000	56.6193704629513
11031500	56.61952244370716
11032000	56.619804419296734
11032500	56.61901765111331
11033000	56.61925995181416
11033500	56.618772941793395
11034000	56.61819565588678
11034500	56.619845754657625
11035000	56.62012763280103
11035500	56.621947127483644
11036000	56.62209892779787
11036500	56.621951146446825
11037000	56.62150382381399
11037500	56.6219551646877
11038000	56.62107842256289
11038500	56.619862582890555
11039000	56.61984485908532
11039500	56.62016627533662
11040000	56.61882073197392
11040500	56.61880306047584
11041000	56.61758761015838
11041500	56.61846829177733
11042000	56.6186201651586
11042500	56.61970987589635
11043000	56.61982204232183
11043500	56.619375080457566
11044000	56.620554838748305
11044500	56.62040723467182
11045000	56.62038949454312
11045500	56.62173851877793
11046000	56.622020023645256
11046500	56.620336284351225
11047000	56.62018872498407
11047500	56.6201709995122
11048000	56.62092121328194
11048500	56.620773647971326
11049000	56.620157451099494
11049500	56.62000993375502
11050000	56.62122862237754
11050500	56.620143906415954
11051000	56.621791419852805
11051500	56.62224216588139
11052000	56.62209458853091
11052500	56.62284440854908
11053000	56.62316530020729
11053500	56.623316802957525
11054000	56.62227193740672
11054500	56.62161636764394
11055000	56.62163819116517
11055500	56.62221850076406
11056000	56.62386517230244
11056500	56.62405621589295
11057000	56.62493533986562
11057500	56.62346205020108
11058000	56.622586846613586
11058500	56.6214127474341
11059000	56.61956167545089
11059500	56.61937474216634
11060000	56.61862955224149
11060500	56.619080072216846
11061000	56.619400888325636
11061500	56.61912390607814
11062000	56.61974356675334
11062500	56.62036317557471
11063000	56.62200891162785
11063500	56.62139345854439
11064000	56.62018042677297
11064500	56.61896751098854
11065000	56.61878070060117
11065500	56.6177371309744
11066000	56.619252912196416
11066500	56.61923526195818
11067000	56.61904847257323
11067500	56.61903083384614
11068000	56.617818375162045
11068500	56.61843771655237
11069000	56.62021218130988
11069500	56.62083136711446
11070000	56.61948948294244
11070500	56.619601378511234
11071000	56.62111638018562
11071500	56.620540966668855
11072000	56.61945840387699
11072500	56.61888311292783
11073000	56.61989072343475
11073500	56.62093776590187
11074000	56.62138762837353
11074500	56.62107136033626
11075000	56.620884615499435
11075500	56.62043891489158
11076000	56.62025221998358
11076500	56.619846107008755
11077000	56.61927103852536
11077500	56.620019279726144
11078000	56.6192752818713
11078500	56.620789266359495
11079000	56.62081107695981
11079500	56.62083288573781
11080000	56.62111356448052
11080500	56.620240247766695
11081000	56.62039150398754
11081500	56.62080158479172
11082000	56.620783885537676
11082500	56.62050737434967
11083000	56.619893088965256
11083500	56.61898057557391
11084000	56.61904193760067
11084500	56.61812954103485
11085000	56.61798258825915
11085500	56.6181338836764
11086000	56.6175198764173
11086500	56.61584247582297
11087000	56.615397460593876
11087500	56.614952485173056
11088000	56.615233239411424
11088500	56.615812117435546
11089000	56.616002909836794
11089500	56.61675048967143
11090000	56.61783557217045
11090500	56.61854354779571
11091000	56.61733363141814
11091500	56.61659065843989
11092000	56.61631455958796
11092500	56.61603848377732
11093000	56.61572299677529
11093500	56.61523881615611
11094000	56.61402938906388
11094500	56.6145181476846
11095000	56.61662604218192
11095500	56.61575409406212
11096000	56.617991019685775
11096500	56.617248344943064
11097000	56.616247232989025
11097500	56.6142736275129
11098000	56.61429567269023
11098500	56.61308676250678
11099000	56.61204659932741
11099500	56.61054004867021
11100000	56.60992717687531
11100500	56.61126995472957
11101000	56.61384328102616
11101500	56.61369673722706
11102000	56.613977200986284
11102500	56.61280812821231
11103000	56.61418987526464
11103500	56.614003954169746
11104000	56.61491922277602
11104500	56.615665853869125
11105000	56.61611470353566
11105500	56.61596811022098
11106000	56.6171020317035
11106500	56.616657736500564
11107000	56.61710645771011
11107500	56.616701590627684
11108000	56.61625737016456
11108500	56.61730129346007
11109000	56.61639098370901
11109500	56.618198483459715
11110000	56.61762517780515
11110500	56.61692282513279
11111000	56.617202912479804
11111500	56.616758805781856
11112000	56.61542214988947
11112500	56.61574163604719
11113000	56.617211741850646
11113500	56.61769955733257
11114000	56.617553003191944
11114500	56.619359674929285
11115000	56.61738897647164
11115500	56.61664758108892
11116000	56.61620367616441
11116500	56.61546239980966
11117000	56.615484358317794
11117500	56.61533794875455
11118000	56.615657283557056
11118500	56.61580823864904
11119000	56.61685121971526
11119500	56.617131099772834
11120000	56.61592436225248
11120500	56.61548066774687
11121000	56.61448175807449
11121500	56.61476170091324
11122000	56.61461538232872
11122500	56.61446907679228
11123000	56.61445174330469
11123500	56.61417650485667
11124000	56.614753611127625
11124500	56.616132646601656
11125000	56.61632281877998
11125500	56.61723625557207
11126000	56.617515957636485
11126500	56.61749848454233
11127000	56.615698206496546
11127500	56.61690862307688
11128000	56.61583164725072
11128500	56.61594314846285
11129000	56.6152027117355
11129500	56.616076547632844
11130000	56.61648507028196
11130500	56.616170617239945
11131000	56.615688033337584
11131500	56.615799509346765
11132000	56.61565327924113
11132500	56.61610102042028
11133000	56.617181955056914
11133500	56.61686755574561
11134000	56.61697894705585
11134500	56.616703881419554
11135000	56.6162607371162
11135500	56.616747621818696
11136000	56.615671453467485
11136500	56.61615831754947
11137000	56.61677393307526
11137500	56.6178544181863
11138000	56.61804430037818
11138500	56.61802682117436
11139000	56.61784129528219
11139500	56.618624750688575
11140000	56.618607246307995
11140500	56.61833225505849
11141000	56.619541089467376
11141500	56.62028505550659
11142000	56.61988130563799
11142500	56.61871613642163
11143000	56.620053467209054
11143500	56.62257746763034
11144000	56.622134403769074
11144500	56.622156031482795
11145000	56.621713024492124
11145500	56.62173466784534
11146000	56.62277488231089
11146500	56.62411162393365
11147000	56.623075394412524
11147500	56.62292903708009
11148000	56.62367243317308
11148500	56.62458369292182
11149000	56.62532695147773
11149500	56.62514122702188
11150000	56.624401757809025
11150500	56.62484840757532
11151000	56.62529501761211
11151500	56.62518789970381
11152000	56.62478431279536
11152500	56.62493440732385
11153000	56.624027273401026
11153500	56.62553099404457
11154000	56.62449533724219
11154500	56.62718455810866
11155000	56.62690955652643
11155500	56.62824506441966
11156000	56.62835566988922
11156500	56.628209193637765
11157000	56.62852689194916
11157500	56.6291016093807
11158000	56.62954775775319
11158500	56.629569051344056
11159000	56.63001514060616
11159500	56.62897978774465
11160000	56.629001102117726
11160500	56.62872615880502
11161000	56.62789802048833
11161500	56.62758387790529
11162000	56.62815841701472
11162500	56.62801202588824
11163000	56.628161838753634
11163500	56.62742310483214
11164000	56.627869095216944
11164500	56.628443491497514
11165000	56.626777184519206
11165500	56.62755851416659
11166000	56.62690915982162
11166500	56.62811493272692
11167000	56.62796860334633
11167500	56.627526216995605
11168000	56.62784363416743
11168500	56.629769647736595
11169000	56.63173475429248
11169500	56.631292275357815
11170000	56.63275424694596
11170500	56.634087720440675
11171000	56.63403026069661
11171500	56.633291799727125
11172000	56.632849355123206
11172500	56.63388663811855
11173000	56.632980690981725
11173500	56.63342605196189
11174000	56.6331512572717
11174500	56.63211714683891
11175000	56.63273004855274
11175500	56.63182435450993
11176000	56.634212293610005
11176500	56.63410506884085
11177000	56.63425442475912
11177500	56.633772902874654
11178000	56.6333306711864
11178500	56.63276020669235
11179000	56.63426017669276
11179500	56.63440949260017
11180000	56.63426305189409
11180500	56.6357235166954
11181000	56.63422668949589
11181500	56.63408027725044
11182000	56.633303271781074
11182500	56.63332436452016
11183000	56.63254746826086
11183500	56.63134678721152
11184000	56.63225486022421
11184500	56.63088688721831
11185000	56.62985385233884
11185500	56.63122485597146
11186000	56.63226096312324
11186500	56.632745049936595
11187000	56.63200766084222
11187500	56.63232434285579
11188000	56.632178099316434
11188500	56.63338130601944
11189000	56.63205300205082
11189500	56.63233043159642
11190000	56.63074600140058
11190500	56.63063904220491
11191000	56.63197019432191
11191500	56.632710341119264
11192000	56.63370665689782
11192500	56.632339560660306
11193000	56.63274499667676
11193500	56.63348496484906
11194000	56.634687523999126
11194500	56.634541260422544
11195000	56.6346014690724
11195500	56.635045895403366
11196000	56.634860445405224
11196500	56.63648605549453
11197000	56.6354930442563
11197500	56.63505149768496
11198000	56.634481944075354
11198500	56.634207698031204
11199000	56.63389430174195
11199500	56.63362010427676
11200000	56.632922678144936
11200500	56.63311094054437
11201000	56.633978438758284
11201500	56.63353710913862
11202000	56.632633483575226
11202500	56.632949725650164
11203000	56.632931641564625
11203500	56.63413324046501
11204000	56.63542355274341
11204500	56.6359067582283
11205000	56.63727521143552
11205500	56.63657797436904
11206000	56.63685479325943
11206500	56.63658063773727
11207000	56.63744751912619
11207500	56.63734046131243
11208000	56.63824640075526
11208500	56.636753044463326
11209000	56.63778684389851
11209500	56.636627778351354
11210000	56.637956462745564
11210500	56.63797731201
11211000	56.63711332908614
11211500	56.63650520255763
11212000	56.635012386457475
11212500	56.63667489449797
11213000	56.63711855809949
11213500	56.63592078413796
11214000	56.6359025771068
11214500	56.63605136294615
11215000	56.636661959082346
11215500	56.63752819257927
11216000	56.63734294019493
11216500	56.6367350789168
11217000	56.63819074738971
11217500	56.63695424050559
11218000	56.63723074383673
11218500	56.63780195942043
11219000	56.63706642224115
11219500	56.63708729108522
11220000	56.63887636409717
11220500	56.63755149672012
11221000	56.63694387637834
11221500	56.637937384898706
11222000	56.63880303249055
11222500	56.63865694772632
11223000	56.63972847719191
11223500	56.64004383781188
11224000	56.639603120360114
11224500	56.63857327602714
11225000	56.637671255070266
11225500	56.63857575855762
11226000	56.63809607964419
11226500	56.63795007731389
11227000	56.63734276567484
11227500	56.637030012634106
11228000	56.637934334793016
11228500	56.6377883658337
11229000	56.636759020144225
11229500	56.63736878524212
11230000	56.636378626026115
11230500	56.63648809786689
11231000	56.63474249173436
11231500	56.63446903345276
11232000	56.63621724577481
11232500	56.63708217423942
11233000	56.63723066054398
11233500	56.636035038971436
11234000	56.63395653300054
11234500	56.635743423414944
11235000	56.63543095278738
11235500	56.6358737716931
11236000	56.63762127993927
11236500	56.6367592922281
11237000	56.63661348509012
11237500	56.635879208019844
11238000	56.63543922417852
11238500	56.63516590856934
11239000	56.634725993745235
11239500	56.63323693725233
11240000	56.63309132414718
11240500	56.63281815347143
11241000	56.63355502542938
11241500	56.63298771968527
11242000	56.63313626871379
11242500	56.633873031278945
11243000	56.6334723455817
11243500	56.63332676534336
11244000	56.63389687956736
11244500	56.63387881728493
11245000	56.633860756702084
11245500	56.63430325555138
11246000	56.635921801999935
11246500	56.63649166340809
11247000	56.63614046950565
11247500	56.635406867356544
11248000	56.63542775168003
11248500	56.635115670654635
11249000	56.634970091562444
11249500	56.63377628071166
11250000	56.632621570385176
11250500	56.63126153556776
11251000	56.63233068343791
11251500	56.631558530865576
11252000	56.63212831106853
11252500	56.63139521558095
11253000	56.63163214635164
11253500	56.63089914381247
11254000	56.630254668531336
11254500	56.628767847699635
11255000	56.629210182288226
11255500	56.62860483356883
11256000	56.63038848498201
11256500	56.631711902244156
11257000	56.63240879171232
11257500	56.63268453005084
11258000	56.63149176625383
11258500	56.63327489038276
11259000	56.632248515496975
11259500	56.63340518127412
11260000	56.633132480590106
11260500	56.63223358898768
11261000	56.63150106142775
11261500	56.630015120597776
11262000	56.628861832776
11262500	56.6291376146789
11263000	56.63046031000469
11263500	56.6303151282089
11264000	56.63059080461794
11264500	56.6308664551333
11265000	56.629253717324815
11265500	56.628228118937415
11266000	56.628376554007254
11266500	56.62735108452899
11267000	56.62691262523404
11267500	56.627481821009575
11268000	56.62893126052688
11268500	56.626693387243954
11269000	56.626548444074096
11269500	56.62640351366179
11270000	56.626718105939474
11270500	56.6269937894394
11271000	56.62668274237503
11271500	56.625785047359514
11272000	56.62564018326988
11272500	56.626502490218044
11273000	56.62535049333036
11273500	56.62595831793572
11274000	56.626820498683195
11274500	56.62705720888221
11275000	56.62619864520102
11275500	56.62563338650652
11276000	56.62515650610923
11276500	56.62543211252078
11277000	56.62603973952638
11277500	56.62677447916361
11278000	56.62805662805663
11278500	56.62875234521576
11279000	56.62814830448853
11279500	56.62842369383735
11280000	56.627819725179386
11280500	56.62721581316826
11281000	56.627402937306016
11281500	56.62738524030444
11282000	56.627240437478754
11282500	56.62768173999173
11283000	56.62770287495934
11283500	56.626513084832375
11284000	56.62587059137218
11284500	56.62555997972499
11285000	56.62424338308107
11285500	56.62413757745324
11286000	56.623700014647724
11286500	56.62368249913583
11287000	56.623244996060116
11287500	56.6247308835806
11288000	56.62429337160598
11288500	56.62473456835323
11289000	56.623418462980325
11289500	56.62385965939875
11290000	56.62354929115503
11290500	56.62336597479267
11291000	56.62276283733133
11291500	56.62245256500351
11292000	56.622600904738896
11292500	56.62304201434636
11293000	56.62361007828648
11293500	56.623338602962704
11294000	56.622901389071856
11294500	56.62142027042455
11295000	56.623324922576145
11295500	56.624224329703786
11296000	56.62541635689908
11296500	56.62494036660999
11297000	56.624630143962165
11297500	56.62448566294608
11298000	56.62396038792674
11298500	56.62281112463714
11299000	56.62617815141788
11299500	56.62703835158693
11300000	56.6274789773359
11300500	56.62658357470962
11301000	56.62556135808428
11301500	56.62483178280967
11302000	56.62452170046455
11302500	56.625001096975566
11303000	56.62439851988358
11303500	56.62350349975577
11304000	56.62410974129484
11304500	56.62321481321162
11305000	56.62336294987804
11305500	56.62146393676102
11306000	56.62382477226535
11306500	56.623476122383934
11307000	56.62375105632053
11307500	56.626861831217354
11308000	56.627175336826355
11308500	56.62640739343865
11309000	56.62580507471152
11309500	56.62578749652843
11310000	56.62460060628916
11310500	56.6257523450951
11311000	56.625442470762586
11311500	56.62588271056447
11312000	56.626157407407405
11312500	56.624970773906945
11313000	56.62482647767955
11313500	56.62484767190061
11314000	56.62353449988895
11314500	56.62485133788597
11315000	56.624083965450744
11315500	56.62185576167338
11316000	56.62242271429781
11316500	56.62344719589581
11317000	56.623137598597715
11317500	56.622497210196364
11318000	56.62239177871709
11318500	56.62208227324908
11319000	56.62135400540947
11319500	56.62267033124304
11320000	56.6225262272483
11320500	56.62325828619158
11321000	56.622822131755555
11321500	56.623223406212496
11322000	56.62441269312869
11322500	56.62572853522081
11323000	56.62525366074427
11323500	56.62494416074697
11324000	56.624673371969116
11324500	56.625405074008114
11325000	56.62584477951802
11325500	56.62407571206296
11326000	56.62484601867042
11326500	56.624663228164195
11327000	56.624392522000555
11327500	56.62512404413052
11328000	56.62556364644593
11328500	56.624378741051395
11329000	56.6226102892896
11329500	56.62188267840155
11330000	56.62303252426335
11330500	56.62422092018955
11331000	56.62320155692432
11331500	56.62376766265103
11332000	56.62420716657234
11332500	56.62435489376351
11333000	56.62421088252798
11333500	56.62394035040636
11334000	56.624341124616784
11334500	56.62319555001998
11335000	56.6223417442766
11335500	56.622489514731875
11336000	56.62263727225798
11336500	56.62149196100218
11337000	56.62163974966901
11337500	56.62282748162837
11338000	56.621352089019524
11338500	56.62220952203224
11339000	56.62356217106702
11339500	56.62325318312094
11340000	56.62327439175498
11340500	56.62429666773563
11341000	56.62411413678806
11341500	56.62455326169973
11342000	56.62362268990847
11342500	56.62331378470077
11343000	56.62242197428095
11343500	56.621403818633844
11344000	56.62051217784876
11344500	56.6203298945037
11345000	56.62118686544895
11345500	56.621169559288056
11346000	56.621482228296024
11346500	56.622086247086244
11347000	56.62206890121673
11347500	56.621633826781384
11348000	56.62136374892569
11348500	56.621637762518894
11349000	56.62095002825731
11349500	56.6229718313962
11350000	56.62249823044681
11350500	56.622849303417524
11351000	56.62208448866417
11351500	56.621523227027815
11352000	56.62034097726624
11352500	56.62152717106412
11353000	56.62018014135243
11353500	56.62091016039044
11354000	56.62076656756749
11354500	56.6210404637742
11355000	56.62131433446205
11355500	56.621423330887744
11356000	56.62140602983475
11356500	56.621097616358284
11357000	56.62082777813357
11357500	56.62288668436496
11358000	56.62183127494157
11358500	56.62152289641964
11359000	56.62108829281922
11359500	56.62077997671712
11360000	56.62109227214258
11360500	56.62111352974728
11361000	56.62038801896154
11361500	56.62190278040477
11362000	56.62259363579226
11362500	56.6222853285538
11363000	56.62172463354883
11363500	56.62041737825013
11364000	56.61973060250778
11364500	56.61896685643802
11365000	56.61824169047189
11365500	56.61793366649408
11366000	56.61749948370095
11366500	56.61926604170363
11367000	56.61792079668667
11367500	56.61765133580349
11368000	56.61634477523826
11368500	56.61607540124525
11369000	56.61667844399661
11369500	56.61695216881799
11370000	56.61693509695767
11370500	56.61658879251943
11371000	56.616824005884595
11371500	56.61680694256683
11372000	56.616789880836436
11372500	56.617974098460735
11373000	56.618247672312805
11373500	56.61843359765598
11374000	56.61787360698527
11374500	56.61756584722166
11375000	56.61655074999491
11375500	56.61902326176166
11376000	56.61917064565721
11376500	56.61902741533329
11377000	56.62021108424772
11377500	56.619525136499284
11378000	56.618055131814835
11378500	56.61674976465255
11379000	56.616190083268926
11379500	56.61575649112002
11380000	56.61623292486651
11380500	56.61754239183799
11381000	56.61652781166847
11381500	56.616510776738515
11382000	56.61691022054916
11382500	56.61693160727408
11383000	56.61736943300436
11383500	56.61851406532258
11384000	56.61866136953043
11384500	56.61810187860642
11385000	56.618994380962064
11385500	56.618434921990016
11386000	56.6176726791252
11386500	56.61707489866787
11387000	56.61606087792188
11387500	56.61595633492045
11388000	56.6151068067144
11388500	56.6151282557451
11389000	56.615527526597674
11389500	56.614842466429415
11390000	56.61482552233
11390500	56.6152631563671
11391000	56.61544891479123
11391500	56.61588648612567
11392000	56.61764919276434
11392500	56.61850272935427
11393000	56.6187758086842
11393500	56.61755957994434
11394000	56.6183255279514
11394500	56.61772812998694
11395000	56.61899746712044
11395500	56.620305092810185
11396000	56.61962024398382
11396500	56.62063763743437
11397000	56.62152910734385
11397500	56.620805885031864
11398000	56.62049861495845
11398500	56.619611278210755
11399000	56.61988416036567
11399500	56.61961537234521
11400000	56.619636616736514
11400500	56.61969625348363
11401000	56.62009488348355
11401500	56.62082184313009
11402000	56.620186327299294
11402500	56.619299318919204
11403000	56.6195721190227
11403500	56.61955497571935
11404000	56.61912216617383
11404500	56.61918179920684
11405000	56.61920305189497
11405500	56.61992979323499
11406000	56.62061809053965
11406500	56.621054858802424
11407000	56.62149158908842
11407500	56.62060490835952
11408000	56.62091590399295
11408500	56.619198312236286
11409000	56.61876570256196
11409500	56.61791765309287
11410000	56.61764918940063
11410500	56.618249987685765
11411000	56.61806887520064
11411500	56.61747237529045
11412000	56.61939595857174
11412500	56.61896346939367
11413000	56.61894636825547
11413500	56.619257285209436
11414000	56.61837120114935
11414500	56.61851812159849
11415000	56.618047429822624
11415500	56.61761511571667
11416000	56.618630863775635
11416500	56.61790896954357
11417000	56.61731276550768
11417500	56.61630142698295
11418000	56.61586928384666
11418500	56.61589064576559
11419000	56.61661667458047
11419500	56.615567232668894
11420000	56.61509689597073
11420500	56.61644014069217
11421000	56.6164614747763
11421500	56.61706174033109
11422000	56.615761350939856
11422500	56.61561884032382
11423000	56.61750234437408
11423500	56.61690649564141
11424000	56.61692780533545
11424500	56.616332034935205
11425000	56.61412560660472
11425500	56.614436390468335
11426000	56.61441951846204
11426500	56.61353463515972
11427000	56.613479537662556
11427500	56.612507522103414
11428000	56.6127800407332
11428500	56.61292702189024
11429000	56.61406731367246
11429500	56.612931685319154
11430000	56.6129531445695
11430500	56.61454627492495
11431000	56.61452940529972
11431500	56.61364490846517
11432000	56.61440845848408
11432500	56.615461138937405
11433000	56.61432578583615
11433500	56.615378387209645
11434000	56.616556354583224
11434500	56.61641395741531
11435000	56.61627157259872
11435500	56.614356258167476
11436000	56.616652211621854
11436500	56.615767989916634
11437000	56.61591473444126
11437500	56.615281443218514
11438000	56.614975503302354
11438500	56.61573857297285
11439000	56.61604892598673
11439500	56.614336167580916
11440000	56.615802554765615
11440500	56.61520766625438
11441000	56.61535438418037
11441500	56.61611724998844
11442000	56.61613855835967
11442500	56.61583269285223
11443000	56.61594112871305
11443500	56.616087783061666
11444000	56.61375967088651
11444500	56.61229843019662
11445000	56.612156349570874
11445500	56.61205248045849
11446000	56.611621572439134
11446500	56.6130490414971
11447000	56.61418755577892
11447500	56.613593107850136
11448000	56.61448090035609
11448500	56.61479104878464
11449000	56.61361910289842
11449500	56.612572550604945
11450000	56.61428827174396
11450500	56.61353051743503
11451000	56.61380244197495
11451500	56.61214049391128
11452000	56.61212376657794
11452500	56.612684391328195
11453000	56.61324496429252
11453500	56.613266366470384
11454000	56.612095042371905
11454500	56.61079859497621
11455000	56.611070545215256
11455500	56.61105387254944
11456000	56.611325785887644
11456500	56.61102053183661
11457000	56.609724426489684
11457500	56.609043665942416
11458000	56.60828668705638
11458500	56.608558667728424
11459000	56.609609098436565
11459500	56.61020763192287
11460000	56.60961403650484
11460500	56.61001107726391
11461000	56.61131158937437
11461500	56.61158335905297
11462000	56.61070137841322
11462500	56.61055959021453
11463000	56.610994626989644
11463500	56.610564444495715
11464000	56.61009617464276
11464500	56.61110790703039
11465000	56.61026430676424
11465500	56.6111508385043
11466000	56.61174896632855
11466500	56.61177040445629
11467000	56.61191693263101
11467500	56.61193836218702
11468000	56.61195979001323
11468500	56.61268283683199
11469000	56.61167626092145
11469500	56.61153451476404
11470000	56.60978843604081
11470500	56.61051144961162
11471000	56.61110934982664
11471500	56.612571797465584
11472000	56.61374594016662
11472500	56.615333187324936
11473000	56.617083446197114
11473500	56.61850727001343
11474000	56.619066553717246
11474500	56.617935183477776
11475000	56.61746698973462
11475500	56.617575034715614
11476000	56.6166938425107
11476500	56.617541150781534
11477000	56.6171111872863
11477500	56.61668126094571
11478000	56.61653940429111
11478500	56.61627260604211
11479000	56.61777200475794
11479500	56.61800493625208
11480000	56.61773811272286
11480500	56.61722144949072
11481000	56.61740567749219
11481500	56.61668792706771
11482000	56.61712199391873
11482500	56.61829489505054
11483000	56.61827792909256
11483500	56.621139971555415
11484000	56.62141076353503
11484500	56.62143177918772
11485000	56.62289211424755
11485500	56.622136250982294
11486000	56.62084290393704
11486500	56.6209887949619
11487000	56.6215854504428
11487500	56.61942888718766
11488000	56.618586607420376
11488500	56.619557804042095
11489000	56.620154414155685
11489500	56.61882344816473
11490000	56.61810616937956
11490500	56.617964402653975
11491000	56.61811036082044
11491500	56.61899459985097
11492000	56.6189776150104
11492500	56.61899871408722
11493000	56.618281611377675
11493500	56.61954004803751
11494000	56.618084858525975
11494500	56.616955490040986
11495000	56.616650991828955
11495500	56.617372147734
11496000	56.61649248537625
11496500	56.617501157483964
11497000	56.61694718347323
11497500	56.6162304538109
11498000	56.61538903904767
11498500	56.614921922845795
11499000	56.61400457139572
11499500	56.61312533960457
11500000	56.61150847496608
11500500	56.61222952714143
11501000	56.6118006887472
11501500	56.611046436424786
11502000	56.610205542253865
11502500	56.61121394327496
11503000	56.61279707075091
11503500	56.615117558980664
11504000	56.61443934177477
11504500	56.61372316304626
11505000	56.615717951591535
11505500	56.6152891279611
11506000	56.614285673237994
11506500	56.614718913234604
11507000	56.61425218138304
11507500	56.61439808776295
11508000	56.613969415867786
11508500	56.61423995633501
11509000	56.61397395718131
11509500	56.615393453688945
11510000	56.614639582711
11510500	56.614086384081155
11511000	56.61394504582387
11511500	56.614502709672976
11512000	56.614236770234136
11512500	56.61339651087659
11513000	56.61268090971744
11513500	56.61307597550085
11514000	56.613958670116084
11514500	56.61304261690723
11515000	56.614748568065345
11515500	56.61428218717164
11516000	56.61500213873347
11516500	56.61547294387829
11517000	56.61533162057037
11517500	56.61576439520064
11518000	56.61504901046226
11518500	56.615519735482536
11519000	56.61623945606347
11519500	56.61597361933433
11520000	56.61563186064198
11520500	56.613931224872225
11521000	56.61395247400878
11521500	56.61512150750222
11522000	56.61411945643192
11522500	56.615412866148105
11523000	56.615558526662504
11523500	56.61627796888313
11524000	56.615725347203295
11524500	56.61542168812951
11525000	56.61597863472202
11525500	56.61624868409353
11526000	56.61668110396576
11526500	56.617237917682495
11527000	56.616771876891136
11527500	56.618226975372906
11528000	56.618210079237855
11528500	56.616634930831175
11529000	56.616369298532376
11529500	56.61536785178686
11530000	56.61477762453514
11530500	56.61574543974035
11531000	56.61527963737596
11531500	56.61612295624801
11532000	56.61524612769227
11532500	56.61494270996076
11533000	56.61537491328751
11533500	56.615233798359846
11534000	56.61525497086416
11534500	56.616384684392905
11535000	56.617838830883336
11535500	56.617124449743216
11536000	56.616983289534396
11536500	56.61741527633698
11537000	56.619442247515565
11537500	56.62114456657535
11538000	56.62043019687509
11538500	56.620613381621475
11539000	56.619039569551134
11539500	56.61992006761306
11540000	56.62006531828339
11540500	56.61963761369333
11541000	56.620031395735225
11541500	56.62017662206716
11542000	56.620770449213886
11542500	56.62091563173091
11543000	56.62134721080564
11543500	56.62124388539483
11544000	56.62020556674045
11544500	56.62043705737989
11545000	56.61984737196283
11545500	56.61925774057859
11546000	56.61841973399763
11546500	56.617381793610534
11547000	56.617240757335864
11547500	56.61665135001274
11548000	56.61692083513451
11548500	56.61534850167752
11549000	56.61492132284114
11549500	56.61449418068778
11550000	56.61435330553083
11550500	56.614784878529065
11551000	56.616647443181
11551500	56.616058268820744
11552000	56.61550701286957
11552500	56.61606261357295
11553000	56.6153493962113
11553500	56.61549467057729
11554000	56.61596392436936
11554500	56.61496467841478
11555000	56.61339330163253
11555500	56.61439692389559
11556000	56.61323591256161
11556500	56.612523028687164
11557000	56.61254426765986
11557500	56.61211751951555
11558000	56.61213877296507
11558500	56.61289399919913
11559000	56.613325324981766
11559500	56.61171679269674
11560000	56.611252355799344
11560500	56.61270350574663
11561000	56.613258831166235
11561500	56.61397599181045
11562000	56.61383528389125
11562500	56.61283681778673
11563000	56.61180062957276
11563500	56.61096419126581
11564000	56.60996597958775
11564500	56.61080713309663
11565000	56.610666598060156
11565500	56.60922086571746
11566000	56.60806109994769
11566500	56.60718726151788
11567000	56.607246463797686
11567500	56.607925738358034
11568000	56.60851871327648
11568500	56.60732146429286
11569000	56.60750465075741
11569500	56.607650060864444
11570000	56.60665251319388
11570500	56.60695968707409
11571000	56.60547706461336
11571500	56.60603220949601
11572000	56.60532059559588
11572500	56.60518038800061
11573000	56.60385982152039
11573500	56.60298671176061
11574000	56.60313225687591
11574500	56.604134653284355
11575000	56.60370891871281
11575500	56.60471120453299
11576000	56.605675674903836
11576500	56.60594499353184
11577000	56.606947046191806
11577500	56.60680683138829
11578000	56.60629491832253
11578500	56.607011312436825
11579000	56.60670949321913
11579500	56.60653158875944
11580000	56.60582045323482
11580500	56.604823906570715
11581000	56.60529245525392
11581500	56.60482920243087
11582000	56.60599244735843
11582500	56.60727945289934
11583000	56.60697772653066
11583500	56.6058575399702
11584000	56.60587899543379
11584500	56.60586274599333
11585000	56.60788174528436
11585500	56.6065624759236
11586000	56.60572788412976
11586500	56.60644380784989
11587000	56.606142222932334
11587500	56.60641126593402
11588000	56.60570062449539
11588500	56.60482856401142
11589000	56.604527107016025
11589500	56.60483385581726
11590000	56.60412340551765
11590500	56.60398346829284
11591000	56.603111675199294
11591500	56.60223996166911
11592000	56.601405980407534
11592500	56.60110477070447
11593000	56.60027090610965
11593500	56.59939947132946
11594000	56.600400335323606
11594500	56.600136861313864
11595000	56.60024462774101
11595500	56.60083649084393
11596000	56.60041167045837
11596500	56.60128855693027
11597000	56.60114881911088
11597500	56.602025603676076
11598000	56.60115442172023
11598500	56.60085337802594
11599000	56.6016924273992
11599500	56.6019990252828
11600000	56.60405320291949
11600500	56.60460702367348
11601000	56.604305886040784
11601500	56.60493492948676
11602000	56.604832734940445
11602500	56.605101494204405
11603000	56.60540786961848
11603500	56.60485948077405
11604000	56.6037037037037
11604500	56.60498839080951
11605000	56.60618698846528
11605500	56.60531615784961
11606000	56.60501511142002
11606500	56.60532140039252
11607000	56.605751264640205
11607500	56.604472191920884
11608000	56.60347803302594
11608500	56.604923504550996
11609000	56.604461354012116
11609500	56.604729970241905
11610000	56.604466667995524
11610500	56.60546592481648
11611000	56.6050038296067
11611500	56.6051864337289
11612000	56.60577727922378
11612500	56.60592222699877
11613000	56.606351845314684
11613500	56.60434292481297
11614000	56.60464904440104
11614500	56.606217247867285
11615000	56.60550824300938
11615500	56.604514676541164
11616000	56.605798074897976
11616500	56.607811663991434
11617000	56.60641004479404
11617500	56.606839479682755
11618000	56.60714539789138
11618500	56.60684458684635
11619000	56.60800409736944
11619500	56.60900244693564
11620000	56.608739195502366
11620500	56.60746139993002
11621000	56.60719823159403
11621500	56.60648956810178
11622000	56.606065433401696
11622500	56.60551789661127
11623000	56.6061081860616
11623500	56.60669842850032
11624000	56.60655877584687
11624500	56.606419135109
11625000	56.60672489256837
11625500	56.6075618183628
11626000	56.609536159430796
11626500	56.610126114341774
11627000	56.61132232133463
11627500	56.61175119138338
11628000	56.6112036757974
11628500	56.610741975929926
11629000	56.61056462159549
11629500	56.61087009671532
11630000	56.60987750483982
11630500	56.61014540131046
11631000	56.61000568504833
11631500	56.610879612522524
11632000	56.60988718951536
11632500	56.60901817561711
11633000	56.60729663134022
11633500	56.60760213143872
11634000	56.60843840848444
11634500	56.60842211152378
11635000	56.60783750990984
11635500	56.60712966488416
11636000	56.605816084442615
11636500	56.606775538963326
11637000	56.60647522074617
11637500	56.60674310519198
11638000	56.606319545251814
11638500	56.60545116252646
11639000	56.605311745490695
11639500	56.60671578624462
11640000	56.60588502613042
11640500	56.60606714703218
11641000	56.606050967172095
11641500	56.608751462552966
11642000	56.60974785525033
11642500	56.60932432969666
11643000	56.60849367347402
11643500	56.60973636015163
11644000	56.60975755183859
11644500	56.60848234312095
11645000	56.60777505543268
11645500	56.6066232309898
11646000	56.60814961591088
11646500	56.60861542828756
11647000	56.60847597150075
11647500	56.60748499169753
11648000	56.60872724382809
11648500	56.60842713530757
11649000	56.60841085953331
11649500	56.60798764931081
11650000	56.60886024581209
11650500	56.60969526020221
11651000	56.609802052120216
11651500	56.61035320288737
11652000	56.610213734263596
11652500	56.60849507607891
11653000	56.60977422704395
11653500	56.610769575566046
11654000	56.60993966077269
11654500	56.60841938046068
11655000	56.609414668047144
11655500	56.60826376892989
11656000	56.60970317530101
11656500	56.61025409763998
11657000	56.61080496997989
11657500	56.61062805220439
11658000	56.6103655977404
11658500	56.61079335191681
11659000	56.61109803576847
11659500	56.61007049002762
11660000	56.610744249215315
11660500	56.610037821868644
11661000	56.60860394304863
11661500	56.60862514741903
11662000	56.60775842518257
11662500	56.60676877372317
11663000	56.60549574524777
11663500	56.6070947717513
11664000	56.60707857748199
11664500	56.608479509788076
11665000	56.608019408010335
11665500	56.608890828605276
11666000	56.60701381509033
11666500	56.60772478676075
11667000	56.60673552372452
11667500	56.607729797121166
11668000	56.60746768517626
11668500	56.60793263577818
11669000	56.60807679013605
11669500	56.60907084597579
11670000	56.60877127875057
11670500	56.609359021209215
11671000	56.60865328506439
11671500	56.60968459217924
11672000	56.61011188216967
11672500	56.60940619999151
11673000	56.60983346550357
11673500	56.61026069471389
11674000	56.610404689756734
11674500	56.61115248794329
11675000	56.61230627207004
11675500	56.61188383472272
11676000	56.61231088974904
11676500	56.61233192046004
11677000	56.61263607921969
11677500	56.61249681492596
11678000	56.613121492998744
11678500	56.613227871214676
11679000	56.61220191589103
11679500	56.61190244344301
11680000	56.61148018466573
11680500	56.610491873807675
11681000	56.61120183857555
11681500	56.61074224388256
11682000	56.61019731256438
11682500	56.6092946123849
11683000	56.608872576624094
11683500	56.60816760800914
11684000	56.60859452592024
11684500	56.60861568932588
11685000	56.610136882430496
11685500	56.60999782151719
11686000	56.61070749592613
11686500	56.61113421427096
11687000	56.610872387914036
11687500	56.610290311357026
11688000	56.61184843239084
11688500	56.61086079078594
11689000	56.61072174045854
11689500	56.61058270192915
11690000	56.610000763589774
11690500	56.60970167614512
11691000	56.60927991312806
11691500	56.60970650861472
11692000	56.6093221585061
11692500	56.608617711010645
11693000	56.60787595706902
11693500	56.60688890836558
11694000	56.60634469188297
11694500	56.607054007599054
11695000	56.60792328872455
11695500	56.607096416739225
11696000	56.60610960197416
11696500	56.60625349787725
11697000	56.6079706048615
11697500	56.60899966931684
11698000	56.61055654159648
11698500	56.611265448235514
11699000	56.61112649706944
11699500	56.61086494551702
11700000	56.61084863007505
11700500	56.61143480398528
11701000	56.61226611814036
11701500	56.612692232710714
11702000	56.61138578895324
11702500	56.611246874691
11703000	56.61239791061051
11703500	56.61185390671567
11704000	56.61381490301094
11704500	56.614240842428764
11705000	56.6145442014699
11705500	56.61456509213336
11706000	56.616280580456745
11706500	56.61585908309116
11707000	56.615879919230714
11707500	56.615016195486724
11708000	56.61403003450749
11708500	56.61357135394459
11709000	56.6127078515582
11709500	56.61329350345735
11710000	56.61343693179893
11710500	56.61559397065508
11711000	56.615295143937196
11711500	56.616407844554296
11712000	56.615139676159075
11712500	56.61556527212833
11713000	56.61425990741786
11713500	56.61609675552859
11714000	56.61599512288743
11714500	56.61629816946168
11715000	56.61559475866195
11715500	56.61533338413043
11716000	56.61547665408081
11716500	56.61602451591785
11717000	56.615603405220696
11717500	56.615501819926074
11718000	56.61592720603795
11718500	56.61594801926425
11719000	56.614962731412255
11719500	56.61425963906576
11720000	56.612832700960546
11720500	56.6140670574496
11721000	56.613204407110494
11721500	56.6130656384596
11722000	56.61276720566127
11722500	56.611622692595155
11723000	56.61023354456975
11723500	56.60921160983203
11724000	56.609514678097064
11724500	56.608370508648555
11725000	56.60839160839161
11725500	56.60825309103213
11726000	56.60783263315194
11726500	56.61007200735298
11727000	56.61077921968081
11727500	56.61136405283115
11728000	56.61291686634905
11728500	56.61293778048395
11729000	56.61408622215708
11729500	56.61310189896075
11730000	56.6120803855802
11730500	56.61266502068748
11731000	56.61212227113619
11731500	56.610856374688936
11732000	56.6108401038188
11732500	56.61239235312683
11733000	56.61197196791019
11733500	56.61239694105845
11734000	56.611657570489506
11734500	56.61063652346391
11735000	56.60949332852506
11735500	56.610040567951316
11736000	56.61006158197501
11736500	56.610890447618246
11737000	56.611155867788156
11737500	56.61045402947995
11738000	56.61084165638608
11738500	56.61029933643522
11739000	56.60959762523693
11739500	56.609299797512136
11740000	56.609602446655416
11740500	56.609623469844635
11741000	56.61020767335445
11741500	56.61091400574422
11742000	56.61206124667045
11742500	56.61393091137409
11743000	56.61391451730516
11743500	56.613372297626384
11744000	56.61295226512618
11744500	56.61462497325661
11745000	56.61376406075824
11745500	56.612903225806456
11746000	56.61163887129689
11746500	56.61109688169349
11747000	56.612047080544656
11747500	56.61271575439811
11748000	56.613140165138546
11748500	56.6128796235845
11749000	56.61201909007001
11749500	56.61159931679342
11750000	56.60993199154748
11750500	56.61039362989224
11751000	56.610658758785235
11751500	56.609676430124836
11752000	56.61126334209209
11752500	56.6107216402039
11753000	56.61118315746834
11753500	56.612170038481445
11754000	56.61162836488425
11754500	56.6132997305401
11755000	56.614567658863535
11755500	56.6162759629312
11756000	56.615415767877586
11756500	56.61487408074019
11757000	56.61529808773903
11757500	56.614560046341985
11758000	56.61253813601024
11758500	56.612559011834705
11759000	56.61238352836651
11759500	56.61248921089847
11760000	56.61178865217123
11760500	56.612493780098006
11761000	56.61223353864059
11761500	56.61281662782754
11762000	56.61267835257874
11762500	56.61510699358292
11763000	56.61581184089223
11763500	56.61495222034851
11764000	56.61296850057334
11764500	56.612989348846355
11765000	56.611848945892326
11765500	56.61243185522397
11766000	56.61382054423451
11766500	56.613401294216494
11767000	56.61494889099931
11767500	56.61561629903097
11768000	56.615637036891364
11768500	56.61546154840232
11769000	56.61616601445631
11769500	56.616870421142515
11770000	56.616413998837075
11770500	56.61611664611521
11771000	56.617663580801725
11771500	56.616401767182424
11772000	56.61542090984154
11772500	56.614318291600675
11773000	56.613056774813174
11773500	56.61307760351582
11774000	56.61306129096572
11774500	56.611799986522
11775000	56.61122217480177
11775500	56.61092518137508
11776000	56.61147047593379
11776500	56.61189391323389
11777000	56.61203658474962
11777500	56.612740680854166
11778000	56.611638684830304
11778500	56.61174423174087
11779000	56.611166623628876
11779500	56.61102862547749
11780000	56.6106099813082
11780500	56.61215589314129
11781000	56.61069936212427
11781500	56.6100001683719
11782000	56.61086292820904
11782500	56.61200621804693
11783000	56.6121488115781
11783500	56.61113199818188
11784000	56.610152372562276
11784500	56.60885519826285
11785000	56.608436827591234
11785500	56.608420739626965
11786000	56.60912446843127
11786500	56.60926713921466
11787000	56.609409797992825
11787500	56.60983292056645
11788000	56.60965800411719
11788500	56.610641979532716
11789000	56.61022367801135
11789500	56.609646662927645
11790000	56.610106754380794
11790500	56.61093180868634
11791000	56.61079395699914
11791500	56.61053446158505
11792000	56.609555531256916
11792500	56.60901574770036
11793000	56.60859765294279
11793500	56.60874026188828
11794000	56.609163181323794
11794500	56.60886676309328
11795000	56.60916801677308
11795500	56.60818942925132
11796000	56.60836906863982
11796500	56.60739059149956
11797000	56.60737456595884
11797500	56.607115333417404
11798000	56.608135676814776
11798500	56.6078394010043
11799000	56.607823357991485
11799500	56.607965928354275
11800000	56.60630580904377
11800500	56.60756911835573
11801000	56.60883232148911
11801500	56.608292968542074
11802000	56.6097146234806
11802500	56.60845644878453
11803000	56.609000610647676
11803500	56.60890000588217
11804000	56.60832374022132
11804500	56.60858776113802
11805000	56.60813308687616
11805500	56.60699682980655
11806000	56.607699437958395
11806500	56.60712335518486
11807000	56.60770439150876
11807500	56.60772536995814
11808000	56.60842783144338
11808500	56.60841177491699
11809000	56.60799426621237
11809500	56.60925654262646
11810000	56.608522086262255
11810500	56.607824694592814
11811000	56.60768720450785
11811500	56.608389455239625
11812000	56.60881174899867
11812500	56.60811446228253
11813000	56.60741723411222
11813500	56.607559652746296
11814000	56.60910131446018
11814500	56.60844111869169
11815000	56.60774398997093
11815500	56.60760655444126
11816000	56.60715235049372
11816500	56.606017195985544
11817000	56.60615963113836
11817500	56.60502461951656
11818000	56.60448617164726
11818500	56.604750048955154
11819000	56.60704594916667
11819500	56.607710790799416
11820000	56.60769478203712
11820500	56.607156342562426
11821000	56.605900252836015
11821500	56.605045307081326
11822000	56.605868402801086
11822500	56.60569418305168
11823000	56.60651717378477
11823500	56.60753533060047
11824000	56.607118390994216
11824500	56.607139362115575
11825000	56.606284616696534
11825500	56.60598910208201
11826000	56.60489184980584
11826500	56.605192459834896
11827000	56.6047757222008
11827500	56.60479677978421
11828000	56.60493913432377
11828500	56.6042060306564
11829000	56.60406890132956
11829500	56.60377358490566
11830000	56.602761164831485
11830500	56.60290357287576
11831000	56.60320414476497
11831500	56.60526565809548
11832000	56.6052866882754
11832500	56.60682602439263
11833000	56.60721071101277
11833500	56.60843351614426
11834000	56.60733692235914
11834500	56.60803781449221
11835000	56.607341894500415
11835500	56.60636669385566
11836000	56.60718874649445
11836500	56.60729398554834
11837000	56.607715425264495
11837500	56.60729896020399
11838000	56.60780464100495
11838500	56.60735130666935
11839000	56.6073722423904
11839500	56.60707703649097
11840000	56.606660691199586
11840500	56.60652359652209
11841000	56.60666571737292
11841500	56.60668667550778
11842000	56.607265996443225
11842500	56.60848785335813
11843000	56.608350710874014
11843500	56.6073761431012
11844000	56.60664390807614
11844500	56.605669498810954
11845000	56.60720715188832
11845500	56.60567460605418
11846000	56.6052585309492
11846500	56.60452655373538
11847000	56.60674320349606
11847500	56.607443332282244
11848000	56.60575315938243
11848500	56.60689023998928
11849000	56.60675323515789
11849500	56.60693211018389
11850000	56.60759521923021
11850500	56.60721608931814
11851000	56.60751597793915
11851500	56.60737897444194
11852000	56.60847880299252
11852500	56.608620704082746
11853000	56.60892048766746
11853500	56.60894133659845
11854000	56.60880430174703
11854500	56.609225054173976
11855000	56.60722004545645
11855500	56.60720410707165
11856000	56.608461418341626
11856500	56.60800874431522
11857000	56.607592960228416
11857500	56.60785582048937
11858000	56.60923385747741
11858500	56.608818076638926
11859000	56.60824451996175
11859500	56.60711348741522
11860000	56.60669784970814
11860500	56.60755499559589
11861000	56.60726032131828
11861500	56.60612952495624
11862000	56.60738622586767
11862500	56.60796450558363
11863000	56.60754893654969
11863500	56.60896317640436
11864000	56.60938357748543
11864500	56.60980394342335
11865000	56.61121792192594
11865500	56.61163817723352
11866000	56.61193751236351
11866500	56.612636306396155
11867000	56.61274101479032
11867500	56.61304026854987
11868000	56.61417520244917
11868500	56.613917263010705
11869000	56.612944558338526
11869500	56.61292838361781
11870000	56.612949047176066
11870500	56.61348989288519
11871000	56.61363136333129
11871500	56.612853367346084
11872000	56.612753206681255
11872500	56.613451626107945
11873000	56.61339860272271
11873500	56.61369768419646
11874000	56.61237331551398
11874500	56.61195795921208
11875000	56.61182104178847
11875500	56.61084895811583
11876000	56.60999774512069
11876500	56.608311504661266
11877000	56.609009831538856
11877500	56.61042236114745
11878000	56.61032234001987
11878500	56.61102050131647
11879000	56.61147709340481
11879500	56.61102514722089
11880000	56.61203828161309
11880500	56.61242117800275
11881000	56.61287764318927
11881500	56.61317654522637
11882000	56.61192667698026
11882500	56.61051940391528
11883000	56.610939078032544
11883500	56.60953197029849
11884000	56.60840318367324
11884500	56.60870218347414
11885000	56.60940003560619
11885500	56.60957827655556
11886000	56.609682964413466
11886500	56.61077950903114
11887000	56.61215408149075
11887500	56.61185985326755
11888000	56.61239995327908
11888500	56.61337552871687
11889000	56.613081284603176
11889500	56.613379974251096
11890000	56.61296511530911
11890500	56.61354182885868
11891000	56.61284896474834
11891500	56.6120355310897
11892000	56.61189880455936
11892500	56.61052947619498
11893000	56.60983684940608
11893500	56.60926489596798
11894000	56.609841588396684
11894500	56.60982558543534
11895000	56.610365462171096
11895500	56.61118321766947
11896000	56.61148182012723
11896500	56.61229945781007
11897000	56.61224659932472
11897500	56.61322144107594
11898000	56.61252900232019
11898500	56.61267018616283
11899000	56.614357874381106
11899500	56.6149340979307
11900000	56.6152324541176
11900500	56.61565131390694
11901000	56.61634793817297
11901500	56.61605386846228
11902000	56.61635213137705
11902500	56.61522479431584
11903000	56.61505131445554
11903500	56.615470073600896
11904000	56.61422243206088
11904500	56.614520702401414
11905000	56.614226801260784
11905500	56.61424735288482
11906000	56.613277648809856
11906500	56.61314103721063
11907000	56.61312490455498
11907500	56.61532994050048
11908000	56.615156529367994
11908500	56.61430744800169
11909000	56.61278277936478
11909500	56.61205431994581
11910000	56.61025229631562
11910500	56.609681153144756
11911000	56.61037742657141
11911500	56.61067566667407
11912000	56.61161268119662
11912500	56.61203126040718
11913000	56.61189477803094
11913500	56.61144411144411
11914000	56.61090977706493
11914500	56.61033879963373
11915000	56.610082019067484
11915500	56.611887830552774
11916000	56.61278777487391
11916500	56.61332652710194
11917000	56.612514841816754
11917500	56.61376542028334
11918000	56.614220407438644
11918500	56.61602558590445
11919000	56.61446545067235
11919500	56.61436563386688
11920000	56.61438615467821
11920500	56.61385199504117
11921000	56.61482483970448
11921500	56.61385638895282
11922000	56.61387692623394
11922500	56.61362016709786
11923000	56.61419528007077
11923500	56.61417912310034
11924000	56.613922383557316
11924500	56.61307449395182
11925000	56.611949443170694
11925500	56.61098143147832
11926000	56.61100207356154
11926500	56.61043165866477
11927000	56.61124724196428
11927500	56.61237658615548
11928000	56.61251742689021
11928500	56.61166988628332
11929000	56.611413352253045
11929500	56.61099995011612
11930000	56.61141794581172
11930500	56.6105705948696
11931000	56.61150612658845
11931500	56.61121301627588
11932000	56.611233638852255
11932500	56.61133783832456
11933000	56.612309806398706
11933500	56.61257078268193
11934000	56.6122776885146
11934500	56.61047936952035
11935000	56.611885022257056
11935500	56.61067746563921
11936000	56.61081828178275
11936500	56.61040514939676
11937000	56.61082292206155
11937500	56.61013287840435
11938000	56.61039385429994
11938500	56.61219618235843
11939000	56.6118666079622
11939500	56.61034595426781
11940000	56.6104867358325
11940500	56.61154164555525
11941000	56.61207934772076
11941500	56.61099252787167
11942000	56.61014603086719
11942500	56.61028678994574
11943000	56.61030742912189
11943500	56.610171368149494
11944000	56.61074559279014
11944500	56.61215011472556
11945000	56.611737224337965
11945500	56.61128777374637
11946000	56.610164800952
11946500	56.60959539075883
11947000	56.61025297610812
11947500	56.610790439243594
11948000	56.609667690434684
11948500	56.60980839731617
11949000	56.6098290444584
11949500	56.610403012286525
11950000	56.60904038266287
11950500	56.60961433657648
11951000	56.60920176156859
11951500	56.60906583755404
11952000	56.609363114584056
11952500	56.60832429801076
11953000	56.60818842844459
11953500	56.60998855006167
11954000	56.610405736900184
11954500	56.609716706673595
11955000	56.610253857640615
11955500	56.610827521748504
11956000	56.61081155813632
11956500	56.6111086533357
11957000	56.60983020949401
11957500	56.60926134305786
11958000	56.60817614062055
11958500	56.60859324461056
11959000	56.60869733484822
11959500	56.60816514953409
11960000	56.609291513139524
11960500	56.608566342720046
11961000	56.6078412404472
11961500	56.607585560736176
11962000	56.60701701051585
11962500	56.60727758110382
11963000	56.607850994155285
11963500	56.60885712864556
11964000	56.609670234930675
11964500	56.60969086066072
11965000	56.60971148479506
11965500	56.609575699638334
11966000	56.6101488875566
11966500	56.61056563323628
11967000	56.61086247858997
11967500	56.6110862490953
11968000	56.610121735959765
11968500	56.60900093638907
11969000	56.608985070916596
11969500	56.60900571453824
11970000	56.60769226520252
11970500	56.608385138624605
11971000	56.60963027605024
11971500	56.61075549124328
11972000	56.610776062031945
11972500	56.60925967345113
11973000	56.609400109342126
11973500	56.60902481921922
11974000	56.60876935777333
11974500	56.60847742601647
11975000	56.60834179954946
11975500	56.608362457831596
11976000	56.60822684698263
11976500	56.607971468557714
11977000	56.60823168627841
11977500	56.607111805442464
11978000	56.60709603521797
11978500	56.60735625712401
11979000	56.60722072273462
11979500	56.60736116745455
11980000	56.609865470852014
11980500	56.611661469687355
11981000	56.60998990082946
11981500	56.60985428548566
11982000	56.60968220771553
11982500	56.60899482139753
11983000	56.608031605548625
11983500	56.60813550905554
11984000	56.60993103448276
11984500	56.60991514857275
11985000	56.61017510178412
11985500	56.6103153522164
11986000	56.61140270794317
11986500	56.61043968470233
11987000	56.6103041150822
11987500	56.60973665849441
11988000	56.60987689728203
11988500	56.610964041473636
11989000	56.61055272917787
11989500	56.61002181052144
11990000	56.60961057008305
11990500	56.610026495799545
11991000	56.6093395898697
11991500	56.60979193718691
11992000	56.61051993163147
11992500	56.60971346973432
11993000	56.608678154107395
11993500	56.60909401634012
11994000	56.61045633454979
11994500	56.61000879221434
11995000	56.60947813744539
11995500	56.609581868089464
11996000	56.60968558901421
11996500	56.60896259431336
11997000	56.608983190961695
11997500	56.60826029092051
11998000	56.607729843964826
11998500	56.60964273020579
11999000	56.608836762076365
11999500	56.6085818582547
12000000	56.60730815004188
12000500	56.60674144922426
12001000	56.60853444547591
12001500	56.608362714852355
12002000	56.60783244365852
12002500	56.608128504853084
12003000	56.60814912333853
12003500	56.60927137726662
12004000	56.609925835759114
12004500	56.608964332136324
12005000	56.60993052323741
12005500	56.6094834232845
12006000	56.60958706085463
12006500	56.609607616928834
12007000	56.60962817141835
12007500	56.61004349980728
12008000	56.6090458846428
12008500	56.608754779726524
12009000	56.60944536815794
12009500	56.60884261986424
12010000	56.608276310067104
12010500	56.60715956820196
12011000	56.605923491672925
12011500	56.605513171945354
12012000	56.605222311511326
12012500	56.60744458938075
12013000	56.60719003170131
12013500	56.60855016950646
12014000	56.60947925981977
12014500	56.608482233753946
12015000	56.60752166005882
12015500	56.60683629000308
12016000	56.60501418199726
12016500	56.6049622153081
12017000	56.60412133482613
12017500	56.60618697357636
12018000	56.606171297798944
12018500	56.60536680896009
12019000	56.60645132899137
12019500	56.6056468957475
12020000	56.60437550706104
12020500	56.6062849427029
12021000	56.60642492973936
12021500	56.60656490522767
12022000	56.60725480922579
12022500	56.60837526464847
12023000	56.60741535035262
12023500	56.60700538876059
12024000	56.607731495355104
12024500	56.60924596148982
12025000	56.60950506372263
12025500	56.60842601806596
12026000	56.60746633387669
12026500	56.606937194721375
12027000	56.60582206182677
12027500	56.60529302957094
12028000	56.60512183458201
12028500	56.60483139582818
12029000	56.60481579395745
12029500	56.603856543400546
12030000	56.60329140985444
12030500	56.603275877702764
12031000	56.60360768797483
12031500	56.60331738840151
12032000	56.604162373789414
12032500	56.605126514464686
12033000	56.604442246672434
12033500	56.60544258800388
12034000	56.60475835981903
12034500	56.60419339154894
12035000	56.60436958540029
12035500	56.603447091945334
12036000	56.603431559692496
12036500	56.602903008747475
12037000	56.60221904866527
12037500	56.603027440297026
12038000	56.603752859406455
12038500	56.603343548511106
12039000	56.604151793069356
12039500	56.603037924633995
12040000	56.60329698087927
12040500	56.60276861069775
12041000	56.60404294982141
12041500	56.603514590133784
12042000	56.603105405909936
12042500	56.60147907390428
12043000	56.60287238948547
12043500	56.60270152314082
12044000	56.60296051096674
12044500	56.602706790030275
12045000	56.6022977401347
12045500	56.60161427987255
12046000	56.602851905112125
12046500	56.60432760253015
12047000	56.60415671940772
12047500	56.6042964902027
12048000	56.60337494855261
12048500	56.60210663791235
12049000	56.602676134009734
12049500	56.602815943110485
12050000	56.60338536665661
12050500	56.604503407183074
12051000	56.60424976271335
12051500	56.604115176668415
12052000	56.60421866856845
12052500	56.603809811155145
12053000	56.604223806911676
12053500	56.603970226047274
12054000	56.60371666465548
12054500	56.60495333792229
12055000	56.60579668016794
12055500	56.60456519831519
12056000	56.60415644100283
12056500	56.60414090369423
12057000	56.604280567452115
12057500	56.60430124036279
12058000	56.60404774829607
12058500	56.60336494307231
12059000	56.602682194004
12059500	56.60227363065427
12060000	56.60354601374985
12060500	56.60380461597501
12061000	56.601870429453236
12061500	56.60130683126309
12062000	56.60144655449793
12062500	56.60213438865167
12063000	56.602155134613696
12063500	56.60335477223338
12064000	56.604316467906
12064500	56.60402691919856
12065000	56.605417609697554
12065500	56.604068257290976
12066000	56.603075709130955
12066500	56.604430076300325
12067000	56.60335489385484
12067500	56.60227979388165
12068000	56.602848400342964
12068500	56.60286910954607
12069000	56.60297251546245
12069500	56.603112083770434
12070000	56.60340667256448
12070500	56.60370123876742
12071000	56.60372191107399
12071500	56.60319486018036
12072000	56.60153629181329
12072500	56.60386658634098
12073000	56.60416107603082
12073500	56.603205287931026
12074000	56.60318981449791
12074500	56.60321050052157
12075000	56.60377875061944
12075500	56.605560848472905
12076000	56.60530768009373
12076500	56.605720824425056
12077000	56.6064438422162
12077500	56.607915648172735
12078000	56.60668633773286
12078500	56.60718195752135
12079000	56.60747617509729
12079500	56.60667564342562
12080000	56.605720259549045
12080500	56.60472880521045
12081000	56.60420212678623
12081500	56.60434150866468
12082000	56.60451702228959
12082500	56.605905722947604
12083000	56.606592227989196
12083500	56.60622045175976
12084000	56.60593127599037
12084500	56.606070554119306
12085000	56.60644723596096
12085500	56.606586480727195
12086000	56.60699925051015
12086500	56.60671010235285
12087000	56.606575805564894
12087500	56.60671502182546
12088000	56.606972902604724
12088500	56.60543508878442
12089000	56.60420700292062
12089500	56.60395416883153
12090000	56.60557934515704
12090500	56.60634795638241
12091000	56.60617759562094
12091500	56.60619813809791
12092000	56.606610711649395
12092500	56.606048345207306
12093000	56.605795516675784
12093500	56.60632667789272
12094000	56.60552715742284
12094500	56.605083545853866
12095000	56.60479469090889
12095500	56.60520720021428
12096000	56.60643958752969
12096500	56.60767187380434
12097000	56.60835749597592
12097500	56.60740343992698
12098000	56.608243704092345
12098500	56.608537405114134
12099000	56.60867640669871
12099500	56.60674814274434
12100000	56.60622221736505
12100500	56.60605199602217
12101000	56.60591788396445
12101500	56.60675796392365
12102000	56.60857213101319
12102500	56.607190660118114
12103000	56.60857689155968
12103500	56.60871584065116
12104000	56.608035397263265
12104500	56.60981305220609
12105000	56.60909652011951
12105500	56.60935392077078
12106000	56.60964739808625
12106500	56.60954929615926
12107000	56.609961225492874
12107500	56.610100072357916
12108000	56.61023890784983
12108500	56.609404094292124
12109000	56.60993442211193
12109500	56.60925423904646
12110000	56.60881102005383
12110500	56.609341304288485
12111000	56.60835219068261
12111500	56.607090216287624
12112000	56.60734756263989
12112500	56.607095094351976
12113000	56.60641523543363
12113500	56.60604439689757
12114000	56.60517410763018
12114500	56.60449441268368
12115000	56.60494231419933
12115500	56.60589986438661
12116000	56.605920375883024
12116500	56.60524075610075
12117000	56.60689828279576
12117500	56.60676431831637
12118000	56.60608474557775
12118500	56.6061875806456
12119000	56.605271341513316
12119500	56.60459191327901
12120000	56.60543076524419
12120500	56.60486974642078
12121000	56.60407205880348
12121500	56.60409263102773
12122000	56.60395882991431
12122500	56.60573401438276
12123000	56.604509359047086
12123500	56.60492093401215
12124000	56.60299671424871
12124500	56.60340831629175
12125000	56.60658245242841
12125500	56.606875567442884
12126000	56.60592379332156
12126500	56.605908268085756
12127000	56.60729182001079
12127500	56.608911835742205
12128000	56.610140846606136
12128500	56.61000686895559
12129000	56.608864879008735
12129500	56.60954862483341
12130000	56.6089878637403
12130500	56.61037088716952
12131000	56.61117273066682
12131500	56.610221221815884
12132000	56.60872479746687
12132500	56.60789170365648
12133000	56.60779387802924
12133500	56.60805074355216
12134000	56.60803513532658
12134500	56.608446191694384
12135000	56.60734085417183
12135500	56.60787011182696
12136000	56.60758210955568
12136500	56.60674934693844
12137000	56.60646141861396
12137500	56.60702661331837
12138000	56.60794631281934
12138500	56.60878375066044
12139000	56.60880411337937
12139500	56.608788479553816
12140000	56.60811005846583
12140500	56.60727754949774
12141000	56.606599247387365
12141500	56.60631143300569
12142000	56.6066041537339
12142500	56.60631636264634
12143000	56.606454950110944
12143500	56.60814478652536
12144000	56.60785696202188
12144500	56.60865801572849
12145000	56.60945899965974
12145500	56.6105680899537
12146000	56.61000802928648
12146500	56.61111700810246
12147000	56.61032079317862
12147500	56.610068935111734
12148000	56.60908279450504
12148500	56.60964738025134
12149000	56.608425194493506
12149500	56.60840958996922
12150000	56.60897413223118
12150500	56.60992876927011
12151000	56.60964103233811
12151500	56.60908126343281
12152000	56.60828545312092
12152500	56.60784383067511
12153000	56.60728421155714
12153500	56.607848630828194
12154000	56.6087209602794
12154500	56.60928528492589
12155000	56.608299743794774
12155500	56.608864036900854
12156000	56.60791453972364
12156500	56.60774502338736
12157000	56.60737545991249
12157500	56.608329617020345
12158000	56.6076522107988
12158500	56.60860627878775
12159000	56.60835472223431
12159500	56.6068617508639
12160000	56.606574357775344
12160500	56.60671273767256
12161000	56.60766664944964
12161500	56.609861716326826
12162000	56.60961017285481
12162500	56.608932959314586
12163000	56.608681471011934
12163500	56.60800434871237
12164000	56.60853234621855
12164500	56.60882444864181
12165000	56.60977797103025
12165500	56.609100914439445
12166000	56.608695652173914
12166500	56.60898770155484
12167000	56.60761350976823
12167500	56.60759796329806
12168000	56.60800791173203
12168500	56.60911499015147
12169000	56.60898149908989
12169500	56.609427252698296
12170000	56.60781762320132
12170500	56.60756632829075
12171000	56.60812994879735
12171500	56.607181660147766
12172000	56.60720202947519
12172500	56.60610011135555
12173000	56.60557734299464
12173500	56.6047830361362
12174000	56.60534662929892
12174500	56.60560274597554
12175000	56.60574100574861
12175500	56.60491095066512
12176000	56.605438575055324
12176500	56.60394776139665
12177000	56.6039682453492
12177500	56.604921010264995
12178000	56.605294877781276
12178500	56.60555091049265
12179000	56.606621279737666
12179500	56.605827329927635
12180000	56.6062010916918
12180500	56.608121422348155
12181000	56.6070202388933
12181500	56.60619054727043
12182000	56.605360927700474
12182500	56.60526358638133
12183000	56.60513040387073
12183500	56.60557578652021
12184000	56.60571394459715
12184500	56.60569850197936
12185000	56.606343435439676
12185500	56.6057034643486
12186000	56.606384190907164
12186500	56.605943870976496
12187000	56.606081979220356
12187500	56.60610236434066
12188000	56.60678296203267
12188500	56.60827723137515
12189000	56.60721260252571
12189500	56.605994526760014
12190000	56.606521497400465
12190500	56.605728264082686
12191000	56.60420338983051
12191500	56.60457687374413
12192000	56.60513963571876
12192500	56.6050065618933
12193000	56.60475583633849
12193500	56.603809394699375
12194000	56.602980688155604
12194500	56.603272288568675
12195000	56.60271477020422
12195500	56.602699471653914
12196000	56.60295524839864
12196500	56.60282230739623
12197000	56.602689377203994
12197500	56.60213200198402
12198000	56.601881489471836
12198500	56.60105317646804
12199000	56.60173336151807
12199500	56.602260101352265
12200000	56.601738640305236
12200500	56.60141664092434
12201000	56.60209669509047
12201500	56.60130435607241
12202000	56.601053957760406
12202500	56.60045083122006
12203000	56.60143751574738
12203500	56.600880460548595
12204000	56.601713717596894
12204500	56.603359582612086
12205000	56.605122870888046
12205500	56.605143262672605
12206000	56.606635481870114
12206500	56.605689955906094
12207000	56.605945377923675
12207500	56.60496418367209
12208000	56.60428966040188
12208500	56.602956070560076
12209000	56.602281681826426
12209500	56.60187812750471
12210000	56.602016143225775
12210500	56.60188339010218
12211000	56.60306862577873
12211500	56.60390129005185
12212000	56.6039217172606
12212500	56.602670305038494
12213000	56.60389105901016
12213500	56.602946192200875
12214000	56.602425292334345
12214500	56.60283390399372
12215000	56.604136161505714
12215500	56.60403912462178
12216000	56.60441187216342
12216500	56.60427908789287
12217000	56.60484071744801
12217500	56.60416672304199
12218000	56.604304555122006
12218500	56.60266574309076
12219000	56.60388589610734
12219500	56.6042942793446
12220000	56.60427894292578
12220500	56.60411047475794
12221000	56.60347243638646
12221500	56.60279871993594
12222000	56.60420741125457
12222500	56.60380420669956
12223000	56.603401034862365
12223500	56.60350311580405
12224000	56.60325307917413
12224500	56.604472667184126
12225000	56.60337558448021
12225500	56.60285515715804
12226000	56.60121740494263
12226500	56.60123790956067
12227000	56.60261038149857
12227500	56.602865509251124
12228000	56.605048923784885
12228500	56.60476320506547
12229000	56.60505392129033
12229500	56.60449788730681
12230000	56.60355426279053
12230500	56.60257501912478
12231000	56.60259546482932
12231500	56.60234561460887
12232000	56.60275364747475
12232500	56.60397246464161
12233000	56.6038398754635
12233500	56.60370729703508
12234000	56.60345745471448
12234500	56.60274875830276
12235000	56.602498973172786
12235500	56.60387045173284
12236000	56.60508888114325
12236500	56.60522646953928
12237000	56.60509387216959
12237500	56.604573883207934
12238000	56.605521936459915
12238500	56.60685727869986
12239000	56.60645450591721
12239500	56.607825394038436
12240000	56.608080038679596
12240500	56.60821746129496
12241000	56.60808478572644
12241500	56.6068361295062
12242000	56.60631626706132
12242500	56.60675947555327
12243000	56.608129967135554
12243500	56.60811449402552
12244000	56.607711832370256
12244500	56.6093521333643
12245000	56.610263762551604
12245500	56.6094382362232
12246000	56.60930556530472
12246500	56.609595697810036
12247000	56.60973298671007
12247500	56.608943297925464
12248000	56.608693539635965
12248500	56.60898365063041
12249000	56.61020060028935
12249500	56.61006793467259
12250000	56.61035795928392
12250500	56.6096855332333
12251000	56.608743290324846
12251500	56.6082237472373
12252000	56.60805552407321
12252500	56.60788731634264
12253000	56.60744930007663
12253500	56.607856416289145
12254000	56.60949544168077
12254500	56.608283691617025
12255000	56.60815116370043
12255500	56.608171358431015
12256000	56.60773343548187
12256500	56.60787069381765
12257000	56.610201494348985
12257500	56.610338642463155
12258000	56.61074549573848
12258500	56.61091827074787
12259000	56.61132506985124
12259500	56.609655722938676
12260000	56.61006253691134
12260500	56.61181762288451
12261000	56.61295193718181
12261500	56.61254964771357
12262000	56.61364819064002
12262500	56.61401909979671
12263000	56.61358115558719
12263500	56.61171395834737
12264000	56.61127615638024
12264500	56.610568822969654
12265000	56.609088507550396
12265500	56.60945952866781
12266000	56.60998310004932
12266500	56.609698051064214
12267000	56.61056234587034
12267500	56.60973828395558
12268000	56.61107023798937
12268500	56.611054669710015
12269000	56.61157804251695
12269500	56.611867544386755
12270000	56.610657239550775
12270500	56.6109111288341
12271000	56.61089557064339
12271500	56.61049370243146
12272000	56.609822462889625
12272500	56.60972567570845
12273000	56.60917140555844
12273500	56.60915592549194
12274000	56.60860172767212
12274500	56.60846939929861
12275000	56.60860641939664
12275500	56.60766612083082
12276000	56.60780316230869
12276500	56.607823335353125
12277000	56.60726932926878
12277500	56.607980525320855
12278000	56.60769582895764
12278500	56.607563579573764
12279000	56.607431340872374
12279500	56.60799000576176
12280000	56.6077053549794
12280500	56.60768994685634
12281000	56.60728851750251
12281500	56.60658235480971
12282000	56.60725774106107
12282500	56.60754709870878
12283000	56.60795323022594
12283500	56.60782102455475
12284000	56.60741968822668
12284500	56.606866037979586
12285000	56.60853651972657
12285500	56.60932841042422
12286000	56.60919617557069
12286500	56.6085257759145
12287000	56.60866266100888
12287500	56.607185138945695
12288000	56.60797692589165
12288500	56.60807825897457
12289000	56.607408045111164
12289500	56.605930824090244
12290000	56.60660579877009
12290500	56.606087995093446
12291000	56.605686956474955
12291500	56.60612842141505
12292000	56.60749347750074
12292500	56.60778259513077
12293000	56.60795498860999
12293500	56.60770618910204
12294000	56.60795972537092
12294500	56.60821323982219
12295000	56.60861895567901
12295500	56.60725905768849
12296000	56.60943028921132
12296500	56.609567034036615
12297000	56.60928270495968
12297500	56.61103254703539
12298000	56.61005831099736
12298500	56.61031165067596
12299000	56.61110259863496
12299500	56.610737172594725
12300000	56.60995081041852
12300500	56.60808936577394
12301000	56.60930121297966
12301500	56.60782532506975
12302000	56.60772883761056
12302500	56.607865585242756
12303000	56.60965024253255
12303500	56.60906181392137
12304000	56.60892978062492
12304500	56.61032889079966
12305000	56.610429983583074
12305500	56.610566589287245
12306000	56.611123947491436
12306500	56.61072319938961
12307000	56.61043904824077
12307500	56.61007387508394
12308000	56.609789773978825
12308500	56.60965775852112
12309000	56.610600167608574
12309500	56.610468130138514
12310000	56.61033610330731
12310500	56.60981898265026
12311000	56.60987452732898
12311500	56.60908890715049
12312000	56.6082678539779
12312500	56.608906038952846
12313000	56.609311142975294
12313500	56.60921469173825
12314000	56.610273249866424
12314500	56.60983729796488
12315000	56.611620171126496
12315500	56.61152365458031
12316000	56.611660102925896
12316500	56.6111431754426
12317000	56.611431593245086
12317500	56.61171998937036
12318000	56.612276779123725
12318500	56.61187636215283
12319000	56.611440488044465
12319500	56.611693348183735
12320000	56.610872709804326
12320500	56.60955090101574
12321000	56.6091506775795
12321500	56.60940359463971
12322000	56.60969196093163
12322500	56.61009672788742
12323000	56.60958012819653
12323500	56.608339638232906
12324000	56.60912910270375
12324500	56.60899728241186
12325000	56.608865472728645
12325500	56.609270173047875
12326000	56.609710300429185
12326500	56.61038316591339
12327000	56.61147603861287
12327500	56.612416989411116
12328000	56.612821468705334
12328500	56.613377745237656
12329000	56.613665802240355
12329500	56.6131138660724
12330000	56.61336644150607
12330500	56.61380627031202
12331000	56.613790662505224
12331500	56.613658727541335
12332000	56.61417935058006
12332500	56.614502762801244
12333000	56.61505877937293
12333500	56.61427433991298
12334000	56.614142410611365
12334500	56.61309000450344
12335000	56.612270280702504
12335500	56.61378214148822
12336000	56.613918282890005
12336500	56.61325035445596
12337000	56.61311849743515
12337500	56.61321920249558
12338000	56.61293564336536
12338500	56.61276837490487
12339000	56.61275282163414
12339500	56.612888963915076
12340000	56.61233752836806
12340500	56.61300953289358
12341000	56.61203854778688
12341500	56.611254738590546
12342000	56.61005143591942
12342500	56.61030388753161
12343000	56.60921695525458
12343500	56.60946942099173
12344000	56.608114768149484
12344500	56.60840265911003
12345000	56.609458612543996
12345500	56.608942976207054
12346000	56.610266628102536
12346500	56.609215410076644
12347000	56.60881603928951
12347500	56.60922002527795
12348000	56.609623978814504
12348500	56.60884070505011
12349000	56.60790592569587
12349500	56.60777441922106
12350000	56.606455861919414
12350500	56.60697601576283
12351000	56.60669302615693
12351500	56.60629390097653
12352000	56.60708167373335
12352500	56.60584420277248
12353000	56.60624812641857
12353500	56.60676815690305
12354000	56.60663674537732
12354500	56.60593474351289
12355000	56.6072929099385
12355500	56.60838337454375
12356000	56.608787097913606
12356500	56.60827194618445
12357000	56.61028105400604
12357500	56.60964979170513
12358000	56.60886711632772
12358500	56.610224813190754
12359000	56.60997723326672
12359500	56.609729671887756
12360000	56.609482129051756
12360500	56.60946674334934
12361000	56.61097558365967
12361500	56.61126297938812
12362000	56.61086400072751
12362500	56.61031364588265
12363000	56.61018218385271
12363500	56.609515862891556
12364000	56.61007068035525
12364500	56.60990389192253
12365000	56.61045864886836
12365500	56.609792423719796
12366000	56.60992839533902
12366500	56.60983233113465
12367000	56.60970092988188
12367500	56.60834879505509
12368000	56.60943815899223
12368500	56.60793481486234
12369000	56.60803549947874
12369500	56.609961988976266
12370000	56.60876143024775
12370500	56.6111516492798
12371000	56.60968386841571
12371500	56.61047027506655
12372000	56.60980439842963
12372500	56.610323494434724
12373000	56.6100408593013
12373500	56.60964230171073
12374000	56.60951098356407
12374500	56.60991406951391
12375000	56.609515564924884
12375500	56.61033704262795
12376000	56.61154154421587
12376500	56.610991782344335
12377000	56.610860441694655
12377500	56.61046197902475
12378000	56.61139915749771
12378500	56.612220367278795
12379000	56.613308617507464
12379500	56.61371139197231
12380000	56.612743409157076
12380500	56.614249774326055
12381000	56.61316597676592
12381500	56.613417506529295
12382000	56.61233383714037
12382500	56.61193547611864
12383000	56.61115427851251
12383500	56.610871846355536
12384000	56.60967261348527
12384500	56.60942555986288
12385000	56.609944149589396
12385500	56.61072965498094
12386000	56.61074954218077
12386500	56.6100844329008
12387000	56.609686305494456
12387500	56.61020477888577
12388000	56.61030520598401
12388500	56.61028981987344
12389000	56.61015863526699
12389500	56.60895997181829
12390000	56.61046530246261
12390500	56.61086783067682
12391000	56.61058558258062
12391500	56.611219621529884
12392000	56.610705842800954
12392500	56.6116419113076
12393000	56.61311150004269
12393500	56.613664861403834
12394000	56.61448495907631
12394500	56.61595426547048
12395000	56.6162054018006
12395500	56.61744307633213
12396000	56.61704494229174
12396500	56.617331302661654
12397000	56.61643506787934
12397500	56.61512119143125
12398000	56.61525660138842
12398500	56.615276299893594
12399000	56.61434499237309
12399500	56.61436472338814
12400000	56.61370017892522
12400500	56.612200493821895
12401000	56.61275356754335
12401500	56.61247147153552
12402000	56.611958046059755
12402500	56.61285807595409
12403000	56.61341103519244
12403500	56.61354645397255
12404000	56.612464679852856
12404500	56.6125648728399
12405000	56.61174977943509
12405500	56.61093475554987
12406000	56.61118588504951
12406500	56.60968706525736
12407000	56.609173959854594
12407500	56.60851003728171
12408000	56.60746405873183
12408500	56.60786612662545
12409000	56.60746879121758
12409500	56.607302724133525
12410000	56.60607094042827
12410500	56.605221301888655
12411000	56.603874116521865
12411500	56.60427622290065
12412000	56.60422593741009
12412500	56.605577901494364
12413000	56.607578078178065
12413500	56.60934694942973
12414000	56.610165880059235
12414500	56.610185742517295
12415000	56.60872321102799
12415500	56.611521827129984
12416000	56.61059196668007
12416500	56.610727353099385
12417000	56.61033016368386
12417500	56.61061628789392
12418000	56.61033466375199
12418500	56.61065596685686
12419000	56.610374362019066
12419500	56.609294091024054
12420000	56.60927878689459
12420500	56.60994659865938
12421000	56.610081962194634
12421500	56.60941875445863
12422000	56.60955412825967
12422500	56.609955656816766
12423000	56.60955868849492
12423500	56.60862946324015
12424000	56.60849871324361
12424500	56.60715283673127
12425000	56.60808660340304
12425500	56.60723789249601
12426000	56.60802094642059
12426500	56.608839102785836
12427000	56.60927568160109
12427500	56.608994330320684
12428000	56.607453088958714
12428500	56.60773906913018
12429000	56.6073423782921
12429500	56.60812521946392
12430000	56.60841114037187
12430500	56.60854646291346
12431000	56.608797189070145
12431500	56.61082947225074
12432000	56.61232968161133
12432500	56.6131473054593
12433000	56.61392968934915
12433500	56.61376364903173
12434000	56.61428001595532
12434500	56.61494688418226
12435000	56.61466545770725
12435500	56.61332049976468
12436000	56.6136060896916
12436500	56.61400700828978
12437000	56.61330929992051
12437500	56.61302800145683
12438000	56.613198217836526
12438500	56.61283676914284
12439000	56.612706007442846
12439500	56.6135231543749
12440000	56.615172795075296
12440500	56.61439506697853
12441000	56.61491112434087
12441500	56.61383254666836
12442000	56.61438374002753
12442500	56.61387191070955
12443000	56.613475412885485
12443500	56.613309524568734
12444000	56.612647370644645
12444500	56.61156914999614
12445000	56.611438500656256
12445500	56.61172394737402
12446000	56.61132763205785
12446500	56.61104661511119
12447000	56.61171295140236
12447500	56.61188308704187
12448000	56.61163720398975
12448500	56.610709732256694
12449000	56.61190719664272
12449500	56.61097978805344
12450000	56.611230034579286
12450500	56.61201140908584
12451000	56.61188080423415
12451500	56.6114846563207
12452000	56.61067267146059
12452500	56.6106573483022
12453000	56.60893369691917
12453500	56.60929916417974
12454000	56.608903202168584
12454500	56.609569220476494
12455000	56.609819423280115
12455500	56.610750815642284
12456000	56.61153185581597
12456500	56.610720172856354
12457000	56.61248281317188
12457500	56.61155598966974
12458000	56.610178488487826
12458500	56.6112598828522
12459000	56.61021807151217
12459500	56.60887587940099
12460000	56.60889571773172
12460500	56.609296055704164
12461000	56.60969636180787
12461500	56.61036197390137
12462000	56.609966223835414
12462500	56.60850923832872
12463000	56.608679272314355
12463500	56.60896441030947
12464000	56.60924952712436
12464500	56.61124139175093
12465000	56.611641497271734
12465500	56.6127222521373
12466000	56.61232652888002
12466500	56.61128528308693
12467000	56.61142009935365
12467500	56.613031128414995
12468000	56.61331600652407
12468500	56.61333566706182
12469000	56.612259510203
12469500	56.612544383719296
12470000	56.61184855989775
12470500	56.6114880720371
12471000	56.61230322972375
12471500	56.61243795868154
12472000	56.612042430332224
12472500	56.61081654294804
12473000	56.6099259569527
12473500	56.610210827963
12474000	56.61023059529584
12474500	56.61066549327509
12475000	56.61000506270062
12475500	56.61081999453991
12476000	56.61042465107157
12476500	56.61123950470698
12477000	56.61163924129469
12477500	56.61006887669243
12478000	56.610088643319955
12478500	56.61048838010441
12479000	56.61194801065225
12479500	56.61249764837745
12480000	56.611157479167495
12480500	56.60951745077934
12481000	56.60874241946552
12481500	56.60887718498816
12482000	56.60810223696341
12482500	56.60876683152711
12483000	56.60787700262778
12483500	56.607746894858266
12484000	56.607501860764486
12484500	56.60695697776978
12485000	56.60792134801701
12485500	56.60752641183123
12486000	56.60751126212615
12486500	56.60700145918906
12487000	56.606871421686236
12487500	56.607535808196765
12488000	56.606761269002334
12488500	56.607690393098665
12489000	56.60729557483697
12489500	56.608789125588444
12490000	56.60971806337683
12490500	56.61011744024738
12491000	56.60839892094807
12491500	56.60811901894085
12492000	56.60999182039818
12492500	56.609826727300636
12493000	56.6095817893065
12493500	56.609566561500834
12494000	56.60822799551123
12494500	56.60809798675125
12495000	56.60755353130632
12495500	56.60798780552351
12496000	56.60789279391567
12496500	56.607647994326584
12497000	56.60819703797395
12497500	56.60965464686769
12498000	56.610582965336405
12498500	56.61294888653122
12499000	56.61217481486969
12499500	56.6117801434951
12500000	56.611006174505164
12500500	56.61129040791493
12501000	56.61214848203492
12501500	56.61334095129267
12502000	56.61321081601507
12502500	56.61368944184804
12503000	56.6135942872256
12503500	56.61334941313996
12504000	56.613897939322136
12504500	56.61523977764966
12505000	56.61646679271727
12505500	56.616336568210066
12506000	56.616321069526634
12506500	56.61792702273929
12507000	56.61681887165603
12507500	56.61566608765543
12508000	56.615271542858345
12508500	56.614348293902886
12509000	56.614218189893094
12509500	56.61488113647959
12510000	56.613808361991715
12510500	56.61435659136025
12511000	56.61569772820384
12511500	56.6156822632952
12512000	56.61513821237053
12512500	56.61553667986321
12513000	56.615670843056364
12513500	56.61554073338054
12514000	56.61518134372729
12514500	56.61437317838184
12515000	56.613186209229085
12515500	56.613470024044176
12516000	56.615074877669855
12516500	56.615622803819306
12517000	56.615756922483506
12517500	56.615098486769796
12518000	56.61602512792469
12518500	56.615067624683014
12519000	56.614523900088756
12519500	56.61612826540585
12520000	56.61611279271855
12520500	56.61624685371387
12521000	56.6162663250888
12521500	56.617456754258555
12522000	56.61879661124374
12522500	56.61881598614126
12523000	56.61883535960622
12523500	56.61821206479978
12524000	56.618839148504705
12524500	56.6202932377877
12525000	56.619221497915525
12525500	56.61920590122212
12526000	56.619454307852735
12526500	56.61920966000438
12527000	56.619492995224554
12527500	56.62056822771344
12528000	56.6204380718083
12528500	56.61974507666441
12529000	56.62029228791706
12529500	56.621332369110746
12530000	56.621316688879794
12530500	56.623183318862345
12531000	56.62184807420798
12531500	56.62066235651141
12532000	56.62162269139731
12532500	56.62164194660889
12533000	56.620685287893735
12533500	56.61935041291787
12534000	56.61786627337894
12534500	56.617965196652634
12535000	56.61636680208938
12535500	56.61638624648485
12536000	56.61731150204833
12536500	56.61688287708451
12537000	56.61833557096547
12537500	56.61794184672518
12538000	56.61860314228369
12538500	56.619229470841425
12539000	56.618273402165165
12539500	56.61893459915612
12540000	56.61895394157389
12540500	56.61837608640621
12541000	56.618509836597255
12541500	56.61984754562162
12542000	56.62050854786488
12542500	56.62196044725554
12543000	56.622472034526126
12543500	56.62207833977465
12544000	56.6237936188666
12544500	56.62351424662517
12545000	56.62376208915331
12545500	56.624422748455395
12546000	56.62286042625423
12546500	56.623521070706595
12547000	56.62286388985526
12547500	56.623673710343084
12548000	56.623543642626174
12548500	56.623527892630044
12549000	56.625093217458215
12549500	56.62507740345977
12550000	56.62456952089355
12550500	56.624325157496195
12551000	56.62445856650542
12551500	56.62414441757164
12552000	56.62450636619659
12552500	56.627045595844
12553000	56.62744230277838
12553500	56.627312144057576
12554000	56.62710266095596
12554500	56.62641082035006
12555000	56.62680749071563
12555500	56.62573810991187
12556000	56.62560804422427
12556500	56.62638227943442
12557000	56.626858203747354
12557500	56.62669321030568
12558000	56.62723887867792
12558500	56.62868863897877
12559000	56.62919928277474
12559500	56.62974479412129
12560000	56.630404448352664
12560500	56.629484442174494
12561000	56.6301440545891
12561500	56.62937320662332
12562000	56.63026110395987
12562500	56.63144705739901
12563000	56.631053624870695
12563500	56.630660223408405
12564000	56.63158282602574
12564500	56.63224217158558
12565000	56.63128751852076
12565500	56.629955657311285
12566000	56.631404436725354
12566500	56.63127425827248
12567000	56.63035469950531
12567500	56.63063669899541
12568000	56.63050656591303
12568500	56.62988513005088
12569000	56.630544308426536
12569500	56.63112423015504
12570000	56.63148534959461
12570500	56.63026808332654
12571000	56.631979334908124
12571500	56.63158614630708
12572000	56.630254952142224
12572500	56.6303878970237
12573000	56.630406766644406
12573500	56.6314427431529
12574000	56.63119858618586
12574500	56.6307706467858
12575000	56.63078949928868
12575500	56.63021270217751
12576000	56.62952192135972
12576500	56.628866060700076
12577000	56.62888498013635
12577500	56.628378076386134
12578000	56.62907169335121
12578500	56.63037020289916
12579000	56.63024019390065
12579500	56.630110195154785
12580000	56.630733926867535
12580500	56.6316553116326
12581000	56.631525273154026
12581500	56.63165807221443
12582000	56.632053677728635
12582500	56.63248411325971
12583000	56.63265172041344
12583500	56.631619333934246
12584000	56.63122654697962
12584500	56.630684983340515
12585000	56.630327108574605
12585500	56.63008321268763
12586000	56.63032997291169
12586500	56.62990247593426
12587000	56.62947501714214
12587500	56.62852219052272
12588000	56.62824358900267
12588500	56.627965010901264
12589000	56.62809787105502
12589500	56.628230720739644
12590000	56.62810091008181
12590500	56.62811983747823
12591000	56.62825267094578
12591500	56.629322072178546
12592000	56.62934095254102
12592500	56.62906241465515
12593000	56.629195190416546
12593500	56.62891668132728
12594000	56.6286730050702
12594500	56.62921702326534
12595000	56.62923590307734
12595500	56.62959637488252
12596000	56.62853032443018
12596500	56.62720184810858
12597000	56.62744850976254
12597500	56.62758130097306
12598000	56.62718911427491
12598500	56.62694558912308
12599000	56.627865776039684
12599500	56.628374813986625
12600000	56.6283937171126
12600500	56.62822921805948
12601000	56.62851054672944
12601500	56.62747979426892
12602000	56.62630052873955
12602500	56.6266957046522
12603000	56.627388008595645
12603500	56.62688219721518
12604000	56.62795060225475
12604500	56.62875657523645
12605000	56.62783986568025
12605500	56.628348671024874
12606000	56.62705595341151
12606500	56.62636696771215
12607000	56.6270243047723
12607500	56.62543474497584
12608000	56.6251914643614
12608500	56.62397813731841
12609000	56.62557074032987
12609500	56.625406482744154
12610000	56.62594995463295
12610500	56.62567195489707
12611000	56.62528024333644
12611500	56.62713468754179
12612000	56.628202405392855
12612500	56.62807282490142
12613000	56.62768107848767
12613500	56.62740307100218
12614000	56.62697663688604
12614500	56.62684712599385
12615000	56.62656918846514
12615500	56.625129094998194
12616000	56.62447544932468
12616500	56.62408395626055
12617000	56.62462717470501
12617500	56.62472514368532

