Contact	NrofDelivered
500	0
1000	1
1500	1
2000	7
2500	11
3000	16
3500	17
4000	19
4500	22
5000	32
5500	36
6000	42
6500	45
7000	48
7500	54
8000	58
8500	67
9000	71
9500	79
10000	85
10500	91
11000	98
11500	106
12000	109
12500	112
13000	115
13500	122
14000	129
14500	132
15000	138
15500	148
16000	152
16500	156
17000	158
17500	165
18000	175
18500	183
19000	196
19500	203
20000	215
20500	224
21000	232
21500	242
22000	248
22500	262
23000	272
23500	283
24000	292
24500	301
25000	313
25500	322
26000	333
26500	339
27000	343
27500	350
28000	357
28500	365
29000	375
29500	381
30000	391
30500	397
31000	401
31500	410
32000	419
32500	429
33000	439
33500	448
34000	457
34500	466
35000	482
35500	492
36000	497
36500	507
37000	513
37500	519
38000	527
38500	539
39000	552
39500	557
40000	565
40500	579
41000	593
41500	604
42000	609
42500	617
43000	619
43500	626
44000	635
44500	640
45000	653
45500	663
46000	677
46500	688
47000	692
47500	699
48000	708
48500	715
49000	720
49500	727
50000	739
50500	748
51000	760
51500	771
52000	783
52500	793
53000	799
53500	807
54000	820
54500	831
55000	841
55500	849
56000	854
56500	863
57000	869
57500	878
58000	885
58500	891
59000	902
59500	909
60000	917
60500	925
61000	935
61500	944
62000	953
62500	958
63000	969
63500	977
64000	982
64500	990
65000	996
65500	1004
66000	1008
66500	1014
67000	1023
67500	1034
68000	1045
68500	1051
69000	1063
69500	1072
70000	1079
70500	1086
71000	1093
71500	1101
72000	1111
72500	1120
73000	1131
73500	1145
74000	1153
74500	1162
75000	1170
75500	1181
76000	1190
76500	1198
77000	1201
77500	1205
78000	1213
78500	1215
79000	1225
79500	1235
80000	1243
80500	1251
81000	1265
81500	1278
82000	1288
82500	1298
83000	1307
83500	1315
84000	1320
84500	1327
85000	1339
85500	1347
86000	1363
86500	1372
87000	1378
87500	1387
88000	1399
88500	1406
89000	1417
89500	1428
90000	1431
90500	1441
91000	1445
91500	1452
92000	1459
92500	1468
93000	1480
93500	1486
94000	1503
94500	1512
95000	1520
95500	1528
96000	1538
96500	1543
97000	1550
97500	1554
98000	1565
98500	1572
99000	1583
99500	1591
100000	1602
100500	1607
101000	1614
101500	1620
102000	1630
102500	1635
103000	1642
103500	1650
104000	1657
104500	1664
105000	1669
105500	1686
106000	1693
106500	1703
107000	1711
107500	1716
108000	1726
108500	1730
109000	1735
109500	1748
110000	1762
110500	1768
111000	1773
111500	1783
112000	1790
112500	1797
113000	1804
113500	1811
114000	1818
114500	1824
115000	1836
115500	1849
116000	1857
116500	1869
117000	1875
117500	1879
118000	1888
118500	1896
119000	1906
119500	1914
120000	1923
120500	1939
121000	1946
121500	1959
122000	1973
122500	1980
123000	1988
123500	1995
124000	2000
124500	2006
125000	2012
125500	2018
126000	2030
126500	2037
127000	2042
127500	2051
128000	2062
128500	2072
129000	2083
129500	2088
130000	2100
130500	2111
131000	2118
131500	2126
132000	2134
132500	2139
133000	2151
133500	2160
134000	2173
134500	2180
135000	2186
135500	2195
136000	2203
136500	2214
137000	2223
137500	2232
138000	2239
138500	2251
139000	2256
139500	2261
140000	2269
140500	2277
141000	2283
141500	2294
142000	2300
142500	2306
143000	2314
143500	2321
144000	2334
144500	2342
145000	2351
145500	2359
146000	2367
146500	2378
147000	2391
147500	2398
148000	2407
148500	2410
149000	2417
149500	2421
150000	2427
150500	2439
151000	2452
151500	2459
152000	2468
152500	2473
153000	2480
153500	2489
154000	2496
154500	2508
155000	2522
155500	2533
156000	2538
156500	2546
157000	2561
157500	2574
158000	2583
158500	2591
159000	2600
159500	2608
160000	2615
160500	2625
161000	2628
161500	2636
162000	2644
162500	2651
163000	2656
163500	2664
164000	2673
164500	2683
165000	2693
165500	2703
166000	2711
166500	2719
167000	2725
167500	2734
168000	2738
168500	2748
169000	2758
169500	2766
170000	2778
170500	2786
171000	2797
171500	2808
172000	2816
172500	2830
173000	2838
173500	2845
174000	2857
174500	2862
175000	2868
175500	2879
176000	2896
176500	2910
177000	2921
177500	2926
178000	2935
178500	2945
179000	2952
179500	2960
180000	2977
180500	2986
181000	2992
181500	3001
182000	3011
182500	3015
183000	3025
183500	3035
184000	3048
184500	3058
185000	3076
185500	3085
186000	3088
186500	3104
187000	3109
187500	3117
188000	3126
188500	3136
189000	3141
189500	3149
190000	3158
190500	3167
191000	3178
191500	3182
192000	3192
192500	3198
193000	3205
193500	3214
194000	3219
194500	3225
195000	3231
195500	3240
196000	3250
196500	3260
197000	3270
197500	3278
198000	3289
198500	3298
199000	3305
199500	3310
200000	3321
200500	3328
201000	3341
201500	3348
202000	3358
202500	3368
203000	3382
203500	3391
204000	3397
204500	3404
205000	3410
205500	3423
206000	3438
206500	3445
207000	3451
207500	3459
208000	3465
208500	3469
209000	3473
209500	3483
210000	3492
210500	3505
211000	3518
211500	3526
212000	3534
212500	3544
213000	3549
213500	3556
214000	3565
214500	3577
215000	3586
215500	3592
216000	3604
216500	3608
217000	3618
217500	3630
218000	3638
218500	3655
219000	3666
219500	3675
220000	3682
220500	3695
221000	3707
221500	3714
222000	3722
222500	3736
223000	3748
223500	3758
224000	3766
224500	3770
225000	3774
225500	3778
226000	3784
226500	3790
227000	3799
227500	3807
228000	3818
228500	3831
229000	3836
229500	3848
230000	3853
230500	3862
231000	3870
231500	3882
232000	3886
232500	3891
233000	3894
233500	3899
234000	3906
234500	3916
235000	3920
235500	3929
236000	3936
236500	3944
237000	3962
237500	3971
238000	3977
238500	3986
239000	3998
239500	4008
240000	4019
240500	4025
241000	4034
241500	4042
242000	4054
242500	4068
243000	4075
243500	4082
244000	4092
244500	4099
245000	4109
245500	4115
246000	4122
246500	4128
247000	4138
247500	4146
248000	4152
248500	4164
249000	4170
249500	4177
250000	4186
250500	4196
251000	4201
251500	4205
252000	4214
252500	4223
253000	4234
253500	4242
254000	4254
254500	4265
255000	4271
255500	4281
256000	4290
256500	4299
257000	4303
257500	4315
258000	4327
258500	4330
259000	4337
259500	4346
260000	4357
260500	4361
261000	4368
261500	4376
262000	4383
262500	4390
263000	4407
263500	4415
264000	4424
264500	4435
265000	4449
265500	4457
266000	4464
266500	4475
267000	4484
267500	4491
268000	4502
268500	4509
269000	4522
269500	4530
270000	4537
270500	4548
271000	4558
271500	4566
272000	4572
272500	4583
273000	4594
273500	4600
274000	4612
274500	4623
275000	4630
275500	4638
276000	4654
276500	4660
277000	4666
277500	4675
278000	4682
278500	4689
279000	4697
279500	4706
280000	4716
280500	4728
281000	4734
281500	4743
282000	4747
282500	4757
283000	4767
283500	4771
284000	4780
284500	4796
285000	4801
285500	4812
286000	4818
286500	4827
287000	4835
287500	4843
288000	4849
288500	4860
289000	4864
289500	4877
290000	4893
290500	4897
291000	4906
291500	4918
292000	4929
292500	4937
293000	4952
293500	4966
294000	4975
294500	4982
295000	4988
295500	4994
296000	5007
296500	5016
297000	5027
297500	5036
298000	5044
298500	5052
299000	5063
299500	5070
300000	5081
300500	5092
301000	5107
301500	5116
302000	5120
302500	5126
303000	5134
303500	5144
304000	5150
304500	5161
305000	5168
305500	5172
306000	5184
306500	5195
307000	5210
307500	5220
308000	5229
308500	5237
309000	5249
309500	5256
310000	5262
310500	5269
311000	5276
311500	5284
312000	5289
312500	5297
313000	5307
313500	5313
314000	5329
314500	5340
315000	5347
315500	5354
316000	5361
316500	5368
317000	5383
317500	5388
318000	5395
318500	5401
319000	5411
319500	5423
320000	5430
320500	5431
321000	5438
321500	5449
322000	5460
322500	5465
323000	5473
323500	5481
324000	5489
324500	5502
325000	5505
325500	5517
326000	5522
326500	5529
327000	5537
327500	5549
328000	5557
328500	5565
329000	5580
329500	5590
330000	5600
330500	5606
331000	5617
331500	5624
332000	5639
332500	5650
333000	5660
333500	5668
334000	5672
334500	5681
335000	5688
335500	5698
336000	5701
336500	5709
337000	5721
337500	5740
338000	5746
338500	5754
339000	5760
339500	5768
340000	5776
340500	5783
341000	5796
341500	5806
342000	5816
342500	5822
343000	5828
343500	5831
344000	5841
344500	5849
345000	5855
345500	5865
346000	5875
346500	5882
347000	5896
347500	5909
348000	5913
348500	5921
349000	5936
349500	5943
350000	5951
350500	5952
351000	5959
351500	5967
352000	5975
352500	5981
353000	5989
353500	5995
354000	6004
354500	6011
355000	6023
355500	6034
356000	6045
356500	6055
357000	6061
357500	6067
358000	6073
358500	6084
359000	6094
359500	6097
360000	6107
360500	6115
361000	6125
361500	6136
362000	6149
362500	6158
363000	6166
363500	6177
364000	6184
364500	6195
365000	6205
365500	6214
366000	6219
366500	6228
367000	6239
367500	6249
368000	6258
368500	6267
369000	6272
369500	6285
370000	6297
370500	6309
371000	6324
371500	6328
372000	6334
372500	6340
373000	6348
373500	6364
374000	6371
374500	6374
375000	6383
375500	6389
376000	6398
376500	6406
377000	6417
377500	6433
378000	6442
378500	6448
379000	6452
379500	6460
380000	6469
380500	6489
381000	6501
381500	6508
382000	6516
382500	6523
383000	6529
383500	6536
384000	6544
384500	6556
385000	6560
385500	6564
386000	6573
386500	6579
387000	6592
387500	6607
388000	6616
388500	6628
389000	6638
389500	6646
390000	6654
390500	6659
391000	6666
391500	6672
392000	6677
392500	6686
393000	6693
393500	6702
394000	6713
394500	6723
395000	6732
395500	6738
396000	6748
396500	6756
397000	6765
397500	6774
398000	6783
398500	6792
399000	6803
399500	6812
400000	6823
400500	6829
401000	6837
401500	6842
402000	6846
402500	6854
403000	6867
403500	6875
404000	6889
404500	6898
405000	6903
405500	6914
406000	6932
406500	6938
407000	6953
407500	6961
408000	6968
408500	6975
409000	6986
409500	6991
410000	7004
410500	7018
411000	7032
411500	7043
412000	7054
412500	7057
413000	7061
413500	7064
414000	7071
414500	7080
415000	7089
415500	7103
416000	7110
416500	7121
417000	7133
417500	7143
418000	7155
418500	7165
419000	7169
419500	7176
420000	7182
420500	7192
421000	7196
421500	7211
422000	7219
422500	7226
423000	7235
423500	7240
424000	7247
424500	7257
425000	7269
425500	7278
426000	7288
426500	7300
427000	7310
427500	7318
428000	7327
428500	7335
429000	7347
429500	7357
430000	7366
430500	7373
431000	7382
431500	7388
432000	7404
432500	7415
433000	7422
433500	7424
434000	7433
434500	7446
435000	7452
435500	7459
436000	7470
436500	7477
437000	7488
437500	7495
438000	7502
438500	7510
439000	7514
439500	7523
440000	7536
440500	7541
441000	7547
441500	7556
442000	7567
442500	7580
443000	7594
443500	7600
444000	7608
444500	7620
445000	7623
445500	7628
446000	7634
446500	7639
447000	7644
447500	7654
448000	7664
448500	7669
449000	7683
449500	7691
450000	7698
450500	7705
451000	7712
451500	7722
452000	7732
452500	7739
453000	7746
453500	7760
454000	7765
454500	7773
455000	7783
455500	7795
456000	7802
456500	7809
457000	7815
457500	7826
458000	7838
458500	7849
459000	7860
459500	7869
460000	7875
460500	7885
461000	7892
461500	7901
462000	7907
462500	7912
463000	7920
463500	7929
464000	7939
464500	7946
465000	7957
465500	7968
466000	7975
466500	7986
467000	7991
467500	7999
468000	8008
468500	8015
469000	8020
469500	8033
470000	8039
470500	8050
471000	8064
471500	8072
472000	8083
472500	8094
473000	8103
473500	8112
474000	8115
474500	8124
475000	8128
475500	8132
476000	8139
476500	8148
477000	8159
477500	8167
478000	8175
478500	8182
479000	8189
479500	8196
480000	8202
480500	8211
481000	8219
481500	8229
482000	8238
482500	8241
483000	8250
483500	8260
484000	8270
484500	8280
485000	8291
485500	8310
486000	8320
486500	8328
487000	8334
487500	8341
488000	8351
488500	8355
489000	8367
489500	8376
490000	8383
490500	8390
491000	8397
491500	8403
492000	8414
492500	8426
493000	8435
493500	8447
494000	8455
494500	8463
495000	8475
495500	8483
496000	8489
496500	8492
497000	8499
497500	8507
498000	8519
498500	8525
499000	8533
499500	8539
500000	8545
500500	8561
501000	8574
501500	8584
502000	8598
502500	8606
503000	8613
503500	8616
504000	8626
504500	8630
505000	8640
505500	8644
506000	8658
506500	8669
507000	8678
507500	8685
508000	8688
508500	8698
509000	8707
509500	8713
510000	8722
510500	8731
511000	8734
511500	8751
512000	8760
512500	8766
513000	8780
513500	8795
514000	8800
514500	8805
515000	8813
515500	8820
516000	8830
516500	8838
517000	8848
517500	8852
518000	8863
518500	8868
519000	8876
519500	8888
520000	8895
520500	8901
521000	8909
521500	8920
522000	8926
522500	8940
523000	8951
523500	8956
524000	8964
524500	8981
525000	8988
525500	8993
526000	8998
526500	9000
527000	9005
527500	9021
528000	9034
528500	9047
529000	9055
529500	9063
530000	9067
530500	9082
531000	9090
531500	9096
532000	9107
532500	9114
533000	9123
533500	9130
534000	9141
534500	9146
535000	9149
535500	9158
536000	9168
536500	9179
537000	9192
537500	9203
538000	9214
538500	9227
539000	9236
539500	9247
540000	9261
540500	9267
541000	9275
541500	9284
542000	9291
542500	9300
543000	9313
543500	9318
544000	9327
544500	9333
545000	9341
545500	9348
546000	9352
546500	9365
547000	9381
547500	9391
548000	9400
548500	9414
549000	9422
549500	9430
550000	9436
550500	9448
551000	9459
551500	9466
552000	9472
552500	9478
553000	9486
553500	9499
554000	9512
554500	9519
555000	9529
555500	9539
556000	9543
556500	9548
557000	9556
557500	9562
558000	9572
558500	9584
559000	9594
559500	9602
560000	9612
560500	9620
561000	9626
561500	9639
562000	9649
562500	9655
563000	9667
563500	9677
564000	9684
564500	9694
565000	9701
565500	9709
566000	9716
566500	9730
567000	9733
567500	9739
568000	9747
568500	9755
569000	9764
569500	9772
570000	9776
570500	9783
571000	9795
571500	9799
572000	9806
572500	9813
573000	9819
573500	9825
574000	9836
574500	9843
575000	9855
575500	9866
576000	9876
576500	9888
577000	9896
577500	9906
578000	9917
578500	9923
579000	9928
579500	9936
580000	9945
580500	9954
581000	9965
581500	9975
582000	9982
582500	9991
583000	10001
583500	10008
584000	10017
584500	10024
585000	10031
585500	10040
586000	10048
586500	10054
587000	10067
587500	10076
588000	10085
588500	10092
589000	10100
589500	10103
590000	10111
590500	10121
591000	10126
591500	10127
592000	10142
592500	10153
593000	10166
593500	10174
594000	10184
594500	10189
595000	10197
595500	10206
596000	10222
596500	10230
597000	10238
597500	10247
598000	10256
598500	10262
599000	10272
599500	10281
600000	10287
600500	10295
601000	10301
601500	10310
602000	10316
602500	10321
603000	10329
603500	10335
604000	10338
604500	10348
605000	10357
605500	10367
606000	10374
606500	10377
607000	10389
607500	10401
608000	10410
608500	10411
609000	10419
609500	10429
610000	10436
610500	10448
611000	10462
611500	10469
612000	10477
612500	10482
613000	10498
613500	10506
614000	10517
614500	10522
615000	10532
615500	10541
616000	10550
616500	10563
617000	10567
617500	10576
618000	10585
618500	10596
619000	10608
619500	10612
620000	10623
620500	10634
621000	10642
621500	10648
622000	10657
622500	10668
623000	10675
623500	10685
624000	10695
624500	10700
625000	10710
625500	10716
626000	10724
626500	10730
627000	10739
627500	10745
628000	10756
628500	10763
629000	10772
629500	10781
630000	10789
630500	10798
631000	10806
631500	10818
632000	10825
632500	10830
633000	10837
633500	10843
634000	10852
634500	10858
635000	10869
635500	10887
636000	10891
636500	10900
637000	10908
637500	10917
638000	10929
638500	10936
639000	10945
639500	10953
640000	10957
640500	10966
641000	10982
641500	10987
642000	10993
642500	10999
643000	11004
643500	11016
644000	11022
644500	11031
645000	11038
645500	11045
646000	11054
646500	11069
647000	11076
647500	11086
648000	11094
648500	11100
649000	11105
649500	11114
650000	11120
650500	11128
651000	11137
651500	11147
652000	11150
652500	11155
653000	11164
653500	11175
654000	11183
654500	11197
655000	11205
655500	11209
656000	11216
656500	11222
657000	11229
657500	11241
658000	11251
658500	11262
659000	11274
659500	11283
660000	11286
660500	11294
661000	11303
661500	11310
662000	11314
662500	11322
663000	11336
663500	11344
664000	11354
664500	11359
665000	11367
665500	11376
666000	11385
666500	11395
667000	11402
667500	11410
668000	11420
668500	11425
669000	11434
669500	11439
670000	11454
670500	11463
671000	11471
671500	11481
672000	11490
672500	11500
673000	11511
673500	11520
674000	11523
674500	11531
675000	11541
675500	11551
676000	11557
676500	11562
677000	11571
677500	11577
678000	11588
678500	11595
679000	11606
679500	11616
680000	11626
680500	11636
681000	11641
681500	11651
682000	11660
682500	11675
683000	11689
683500	11696
684000	11703
684500	11718
685000	11725
685500	11734
686000	11745
686500	11751
687000	11758
687500	11768
688000	11777
688500	11785
689000	11791
689500	11805
690000	11816
690500	11819
691000	11831
691500	11839
692000	11843
692500	11850
693000	11859
693500	11869
694000	11879
694500	11887
695000	11892
695500	11903
696000	11913
696500	11925
697000	11940
697500	11947
698000	11955
698500	11961
699000	11967
699500	11979
700000	11993
700500	12006
701000	12011
701500	12020
702000	12031
702500	12038
703000	12045
703500	12049
704000	12060
704500	12066
705000	12077
705500	12083
706000	12093
706500	12101
707000	12110
707500	12117
708000	12123
708500	12131
709000	12143
709500	12156
710000	12164
710500	12170
711000	12179
711500	12188
712000	12195
712500	12203
713000	12213
713500	12219
714000	12224
714500	12241
715000	12247
715500	12257
716000	12268
716500	12272
717000	12279
717500	12286
718000	12299
718500	12314
719000	12326
719500	12337
720000	12349
720500	12358
721000	12364
721500	12372
722000	12378
722500	12387
723000	12395
723500	12402
724000	12406
724500	12415
725000	12424
725500	12438
726000	12442
726500	12448
727000	12462
727500	12472
728000	12478
728500	12485
729000	12497
729500	12502
730000	12512
730500	12521
731000	12528
731500	12535
732000	12548
732500	12557
733000	12566
733500	12568
734000	12574
734500	12580
735000	12591
735500	12601
736000	12610
736500	12618
737000	12627
737500	12637
738000	12650
738500	12655
739000	12659
739500	12668
740000	12676
740500	12683
741000	12692
741500	12703
742000	12714
742500	12722
743000	12729
743500	12737
744000	12752
744500	12756
745000	12766
745500	12773
746000	12784
746500	12789
747000	12806
747500	12818
748000	12825
748500	12834
749000	12838
749500	12849
750000	12860
750500	12870
751000	12876
751500	12883
752000	12887
752500	12894
753000	12907
753500	12912
754000	12918
754500	12927
755000	12937
755500	12939
756000	12946
756500	12956
757000	12973
757500	12985
758000	12992
758500	13002
759000	13007
759500	13018
760000	13028
760500	13038
761000	13045
761500	13050
762000	13055
762500	13065
763000	13068
763500	13076
764000	13087
764500	13099
765000	13109
765500	13118
766000	13128
766500	13135
767000	13144
767500	13153
768000	13163
768500	13174
769000	13184
769500	13190
770000	13194
770500	13201
771000	13212
771500	13219
772000	13228
772500	13233
773000	13240
773500	13250
774000	13258
774500	13266
775000	13274
775500	13283
776000	13298
776500	13305
777000	13318
777500	13322
778000	13330
778500	13339
779000	13346
779500	13350
780000	13357
780500	13365
781000	13372
781500	13378
782000	13384
782500	13396
783000	13408
783500	13414
784000	13421
784500	13430
785000	13438
785500	13447
786000	13457
786500	13462
787000	13475
787500	13485
788000	13491
788500	13498
789000	13510
789500	13520
790000	13526
790500	13531
791000	13539
791500	13544
792000	13552
792500	13558
793000	13566
793500	13575
794000	13582
794500	13594
795000	13605
795500	13615
796000	13625
796500	13637
797000	13647
797500	13654
798000	13667
798500	13676
799000	13686
799500	13692
800000	13698
800500	13708
801000	13714
801500	13724
802000	13730
802500	13744
803000	13749
803500	13753
804000	13759
804500	13769
805000	13776
805500	13782
806000	13794
806500	13803
807000	13816
807500	13822
808000	13833
808500	13840
809000	13852
809500	13858
810000	13864
810500	13871
811000	13882
811500	13889
812000	13902
812500	13910
813000	13916
813500	13929
814000	13935
814500	13941
815000	13947
815500	13956
816000	13969
816500	13983
817000	13988
817500	13993
818000	14001
818500	14012
819000	14025
819500	14033
820000	14043
820500	14052
821000	14062
821500	14069
822000	14078
822500	14085
823000	14097
823500	14101
824000	14109
824500	14123
825000	14138
825500	14144
826000	14153
826500	14162
827000	14170
827500	14176
828000	14184
828500	14196
829000	14210
829500	14220
830000	14229
830500	14236
831000	14240
831500	14248
832000	14254
832500	14261
833000	14269
833500	14275
834000	14282
834500	14295
835000	14309
835500	14316
836000	14324
836500	14328
837000	14340
837500	14347
838000	14353
838500	14365
839000	14375
839500	14385
840000	14388
840500	14402
841000	14412
841500	14425
842000	14435
842500	14443
843000	14446
843500	14455
844000	14459
844500	14470
845000	14481
845500	14490
846000	14493
846500	14504
847000	14511
847500	14518
848000	14531
848500	14539
849000	14549
849500	14562
850000	14571
850500	14581
851000	14590
851500	14599
852000	14608
852500	14613
853000	14619
853500	14629
854000	14642
854500	14651
855000	14656
855500	14664
856000	14674
856500	14680
857000	14688
857500	14694
858000	14706
858500	14716
859000	14721
859500	14730
860000	14736
860500	14747
861000	14755
861500	14767
862000	14778
862500	14785
863000	14790
863500	14800
864000	14808
864500	14817
865000	14827
865500	14842
866000	14850
866500	14858
867000	14868
867500	14874
868000	14880
868500	14883
869000	14889
869500	14896
870000	14905
870500	14916
871000	14923
871500	14930
872000	14933
872500	14945
873000	14950
873500	14959
874000	14967
874500	14976
875000	14982
875500	14990
876000	15000
876500	15010
877000	15023
877500	15031
878000	15038
878500	15047
879000	15057
879500	15065
880000	15075
880500	15084
881000	15092
881500	15097
882000	15111
882500	15119
883000	15126
883500	15133
884000	15139
884500	15148
885000	15154
885500	15168
886000	15175
886500	15184
887000	15200
887500	15212
888000	15218
888500	15227
889000	15237
889500	15245
890000	15252
890500	15261
891000	15272
891500	15281
892000	15290
892500	15296
893000	15303
893500	15312
894000	15319
894500	15324
895000	15334
895500	15344
896000	15351
896500	15356
897000	15364
897500	15379
898000	15387
898500	15397
899000	15399
899500	15406
900000	15416
900500	15423
901000	15434
901500	15441
902000	15451
902500	15461
903000	15471
903500	15478
904000	15484
904500	15494
905000	15502
905500	15511
906000	15516
906500	15525
907000	15534
907500	15544
908000	15554
908500	15559
909000	15566
909500	15578
910000	15591
910500	15600
911000	15608
911500	15617
912000	15624
912500	15630
913000	15637
913500	15642
914000	15644
914500	15655
915000	15664
915500	15673
916000	15680
916500	15688
917000	15700
917500	15710
918000	15717
918500	15725
919000	15737
919500	15750
920000	15759
920500	15769
921000	15779
921500	15793
922000	15798
922500	15803
923000	15810
923500	15821
924000	15829
924500	15831
925000	15841
925500	15844
926000	15853
926500	15859
927000	15871
927500	15886
928000	15901
928500	15908
929000	15913
929500	15923
930000	15935
930500	15948
931000	15956
931500	15965
932000	15971
932500	15983
933000	15988
933500	16002
934000	16008
934500	16016
935000	16023
935500	16034
936000	16045
936500	16051
937000	16062
937500	16072
938000	16080
938500	16089
939000	16093
939500	16099
940000	16110
940500	16120
941000	16127
941500	16134
942000	16145
942500	16153
943000	16163
943500	16174
944000	16186
944500	16197
945000	16213
945500	16223
946000	16228
946500	16231
947000	16236
947500	16247
948000	16253
948500	16262
949000	16267
949500	16272
950000	16281
950500	16294
951000	16306
951500	16310
952000	16325
952500	16334
953000	16339
953500	16351
954000	16361
954500	16366
955000	16371
955500	16377
956000	16384
956500	16391
957000	16400
957500	16406
958000	16413
958500	16421
959000	16426
959500	16433
960000	16438
960500	16444
961000	16453
961500	16463
962000	16471
962500	16480
963000	16485
963500	16492
964000	16504
964500	16509
965000	16519
965500	16528
966000	16536
966500	16548
967000	16560
967500	16570
968000	16580
968500	16586
969000	16595
969500	16603
970000	16609
970500	16613
971000	16620
971500	16623
972000	16628
972500	16639
973000	16645
973500	16654
974000	16664
974500	16670
975000	16680
975500	16684
976000	16694
976500	16703
977000	16715
977500	16723
978000	16733
978500	16744
979000	16754
979500	16762
980000	16765
980500	16770
981000	16778
981500	16787
982000	16800
982500	16804
983000	16816
983500	16832
984000	16839
984500	16848
985000	16856
985500	16866
986000	16877
986500	16886
987000	16894
987500	16905
988000	16915
988500	16923
989000	16936
989500	16944
990000	16955
990500	16964
991000	16968
991500	16979
992000	16989
992500	17000
993000	17004
993500	17009
994000	17018
994500	17027
995000	17039
995500	17048
996000	17058
996500	17066
997000	17073
997500	17084
998000	17091
998500	17096
999000	17103
999500	17108
1000000	17121
1000500	17127
1001000	17137
1001500	17145
1002000	17159
1002500	17167
1003000	17173
1003500	17176
1004000	17189
1004500	17202
1005000	17211
1005500	17222
1006000	17231
1006500	17239
1007000	17247
1007500	17256
1008000	17265
1008500	17280
1009000	17292
1009500	17298
1010000	17303
1010500	17308
1011000	17317
1011500	17326
1012000	17332
1012500	17341
1013000	17350
1013500	17359
1014000	17372
1014500	17379
1015000	17386
1015500	17393
1016000	17403
1016500	17409
1017000	17420
1017500	17428
1018000	17439
1018500	17448
1019000	17457
1019500	17471
1020000	17479
1020500	17492
1021000	17501
1021500	17505
1022000	17511
1022500	17524
1023000	17528
1023500	17533
1024000	17541
1024500	17550
1025000	17561
1025500	17571
1026000	17579
1026500	17591
1027000	17596
1027500	17604
1028000	17611
1028500	17621
1029000	17638
1029500	17654
1030000	17662
1030500	17672
1031000	17678
1031500	17682
1032000	17692
1032500	17703
1033000	17711
1033500	17721
1034000	17732
1034500	17737
1035000	17741
1035500	17751
1036000	17760
1036500	17771
1037000	17776
1037500	17780
1038000	17793
1038500	17806
1039000	17812
1039500	17823
1040000	17835
1040500	17845
1041000	17850
1041500	17857
1042000	17860
1042500	17870
1043000	17880
1043500	17893
1044000	17900
1044500	17905
1045000	17913
1045500	17918
1046000	17923
1046500	17933
1047000	17939
1047500	17950
1048000	17958
1048500	17968
1049000	17979
1049500	17987
1050000	17991
1050500	18005
1051000	18014
1051500	18022
1052000	18026
1052500	18032
1053000	18045
1053500	18056
1054000	18063
1054500	18071
1055000	18079
1055500	18087
1056000	18091
1056500	18101
1057000	18110
1057500	18122
1058000	18129
1058500	18135
1059000	18150
1059500	18161
1060000	18171
1060500	18177
1061000	18183
1061500	18187
1062000	18196
1062500	18200
1063000	18213
1063500	18226
1064000	18234
1064500	18247
1065000	18258
1065500	18270
1066000	18278
1066500	18286
1067000	18291
1067500	18302
1068000	18311
1068500	18319
1069000	18327
1069500	18337
1070000	18349
1070500	18359
1071000	18366
1071500	18377
1072000	18386
1072500	18389
1073000	18400
1073500	18410
1074000	18419
1074500	18424
1075000	18430
1075500	18435
1076000	18440
1076500	18451
1077000	18458
1077500	18467
1078000	18472
1078500	18482
1079000	18496
1079500	18503
1080000	18506
1080500	18514
1081000	18519
1081500	18531
1082000	18539
1082500	18550
1083000	18563
1083500	18575
1084000	18585
1084500	18594
1085000	18609
1085500	18616
1086000	18621
1086500	18627
1087000	18633
1087500	18639
1088000	18650
1088500	18658
1089000	18663
1089500	18667
1090000	18671
1090500	18678
1091000	18692
1091500	18705
1092000	18721
1092500	18728
1093000	18739
1093500	18751
1094000	18757
1094500	18767
1095000	18777
1095500	18785
1096000	18793
1096500	18804
1097000	18817
1097500	18825
1098000	18835
1098500	18845
1099000	18853
1099500	18860
1100000	18866
1100500	18880
1101000	18889
1101500	18901
1102000	18906
1102500	18912
1103000	18918
1103500	18931
1104000	18940
1104500	18947
1105000	18960
1105500	18963
1106000	18973
1106500	18981
1107000	18989
1107500	18999
1108000	19005
1108500	19017
1109000	19027
1109500	19043
1110000	19050
1110500	19056
1111000	19064
1111500	19072
1112000	19079
1112500	19087
1113000	19093
1113500	19098
1114000	19105
1114500	19110
1115000	19120
1115500	19130
1116000	19136
1116500	19148
1117000	19156
1117500	19164
1118000	19173
1118500	19185
1119000	19193
1119500	19200
1120000	19213
1120500	19228
1121000	19233
1121500	19241
1122000	19249
1122500	19260
1123000	19266
1123500	19277
1124000	19283
1124500	19287
1125000	19292
1125500	19296
1126000	19304
1126500	19314
1127000	19323
1127500	19333
1128000	19339
1128500	19350
1129000	19353
1129500	19364
1130000	19372
1130500	19381
1131000	19384
1131500	19396
1132000	19403
1132500	19410
1133000	19421
1133500	19433
1134000	19439
1134500	19448
1135000	19455
1135500	19465
1136000	19472
1136500	19482
1137000	19489
1137500	19502
1138000	19516
1138500	19522
1139000	19533
1139500	19539
1140000	19552
1140500	19564
1141000	19574
1141500	19581
1142000	19590
1142500	19601
1143000	19606
1143500	19610
1144000	19615
1144500	19620
1145000	19628
1145500	19636
1146000	19648
1146500	19656
1147000	19671
1147500	19677
1148000	19684
1148500	19691
1149000	19699
1149500	19710
1150000	19725
1150500	19734
1151000	19742
1151500	19750
1152000	19759
1152500	19761
1153000	19765
1153500	19778
1154000	19783
1154500	19799
1155000	19808
1155500	19816
1156000	19826
1156500	19836
1157000	19843
1157500	19850
1158000	19855
1158500	19868
1159000	19876
1159500	19882
1160000	19886
1160500	19889
1161000	19900
1161500	19914
1162000	19922
1162500	19931
1163000	19940
1163500	19950
1164000	19958
1164500	19964
1165000	19972
1165500	19978
1166000	19990
1166500	19994
1167000	20003
1167500	20008
1168000	20015
1168500	20021
1169000	20032
1169500	20039
1170000	20048
1170500	20061
1171000	20072
1171500	20080
1172000	20091
1172500	20099
1173000	20103
1173500	20112
1174000	20118
1174500	20124
1175000	20136
1175500	20143
1176000	20153
1176500	20164
1177000	20170
1177500	20180
1178000	20187
1178500	20191
1179000	20202
1179500	20217
1180000	20224
1180500	20229
1181000	20236
1181500	20247
1182000	20256
1182500	20265
1183000	20272
1183500	20283
1184000	20293
1184500	20302
1185000	20311
1185500	20320
1186000	20326
1186500	20333
1187000	20338
1187500	20350
1188000	20356
1188500	20361
1189000	20370
1189500	20381
1190000	20395
1190500	20400
1191000	20407
1191500	20413
1192000	20423
1192500	20428
1193000	20444
1193500	20452
1194000	20457
1194500	20465
1195000	20477
1195500	20483
1196000	20495
1196500	20507
1197000	20511
1197500	20520
1198000	20527
1198500	20539
1199000	20547
1199500	20553
1200000	20564
1200500	20573
1201000	20582
1201500	20591
1202000	20596
1202500	20603
1203000	20610
1203500	20619
1204000	20625
1204500	20635
1205000	20643
1205500	20646
1206000	20653
1206500	20657
1207000	20666
1207500	20672
1208000	20688
1208500	20692
1209000	20705
1209500	20712
1210000	20718
1210500	20729
1211000	20746
1211500	20758
1212000	20769
1212500	20775
1213000	20782
1213500	20790
1214000	20801
1214500	20810
1215000	20819
1215500	20826
1216000	20833
1216500	20842
1217000	20857
1217500	20866
1218000	20871
1218500	20881
1219000	20889
1219500	20901
1220000	20907
1220500	20918
1221000	20926
1221500	20937
1222000	20944
1222500	20947
1223000	20954
1223500	20965
1224000	20977
1224500	20985
1225000	20991
1225500	20999
1226000	21005
1226500	21011
1227000	21017
1227500	21026
1228000	21031
1228500	21038
1229000	21050
1229500	21059
1230000	21074
1230500	21078
1231000	21091
1231500	21101
1232000	21113
1232500	21122
1233000	21131
1233500	21137
1234000	21147
1234500	21152
1235000	21164
1235500	21174
1236000	21188
1236500	21196
1237000	21204
1237500	21214
1238000	21221
1238500	21229
1239000	21235
1239500	21244
1240000	21256
1240500	21263
1241000	21269
1241500	21283
1242000	21288
1242500	21295
1243000	21303
1243500	21307
1244000	21313
1244500	21317
1245000	21323
1245500	21332
1246000	21342
1246500	21346
1247000	21359
1247500	21367
1248000	21376
1248500	21385
1249000	21395
1249500	21409
1250000	21417
1250500	21422
1251000	21435
1251500	21446
1252000	21453
1252500	21464
1253000	21471
1253500	21479
1254000	21489
1254500	21496
1255000	21506
1255500	21515
1256000	21521
1256500	21524
1257000	21527
1257500	21535
1258000	21546
1258500	21555
1259000	21560
1259500	21564
1260000	21568
1260500	21576
1261000	21586
1261500	21598
1262000	21604
1262500	21612
1263000	21620
1263500	21628
1264000	21639
1264500	21656
1265000	21660
1265500	21666
1266000	21675
1266500	21684
1267000	21697
1267500	21702
1268000	21711
1268500	21720
1269000	21730
1269500	21739
1270000	21750
1270500	21758
1271000	21767
1271500	21773
1272000	21777
1272500	21785
1273000	21797
1273500	21803
1274000	21812
1274500	21816
1275000	21823
1275500	21831
1276000	21842
1276500	21847
1277000	21857
1277500	21867
1278000	21873
1278500	21879
1279000	21888
1279500	21896
1280000	21902
1280500	21910
1281000	21921
1281500	21928
1282000	21938
1282500	21949
1283000	21960
1283500	21968
1284000	21974
1284500	21983
1285000	21990
1285500	22003
1286000	22009
1286500	22017
1287000	22032
1287500	22045
1288000	22055
1288500	22060
1289000	22072
1289500	22081
1290000	22086
1290500	22093
1291000	22097
1291500	22104
1292000	22113
1292500	22123
1293000	22133
1293500	22138
1294000	22144
1294500	22155
1295000	22164
1295500	22176
1296000	22185
1296500	22194
1297000	22203
1297500	22212
1298000	22222
1298500	22237
1299000	22247
1299500	22258
1300000	22265
1300500	22276
1301000	22284
1301500	22289
1302000	22297
1302500	22305
1303000	22311
1303500	22320
1304000	22330
1304500	22336
1305000	22345
1305500	22354
1306000	22363
1306500	22369
1307000	22381
1307500	22389
1308000	22393
1308500	22403
1309000	22413
1309500	22424
1310000	22434
1310500	22444
1311000	22462
1311500	22474
1312000	22485
1312500	22491
1313000	22499
1313500	22507
1314000	22512
1314500	22522
1315000	22527
1315500	22539
1316000	22549
1316500	22556
1317000	22562
1317500	22571
1318000	22578
1318500	22583
1319000	22591
1319500	22595
1320000	22608
1320500	22615
1321000	22626
1321500	22636
1322000	22638
1322500	22649
1323000	22657
1323500	22662
1324000	22672
1324500	22682
1325000	22692
1325500	22709
1326000	22720
1326500	22726
1327000	22733
1327500	22739
1328000	22746
1328500	22756
1329000	22763
1329500	22771
1330000	22778
1330500	22787
1331000	22796
1331500	22805
1332000	22813
1332500	22826
1333000	22831
1333500	22846
1334000	22853
1334500	22864
1335000	22876
1335500	22883
1336000	22895
1336500	22902
1337000	22911
1337500	22919
1338000	22928
1338500	22939
1339000	22945
1339500	22950
1340000	22960
1340500	22963
1341000	22972
1341500	22982
1342000	22989
1342500	22999
1343000	23007
1343500	23016
1344000	23022
1344500	23027
1345000	23041
1345500	23049
1346000	23059
1346500	23067
1347000	23080
1347500	23088
1348000	23095
1348500	23110
1349000	23120
1349500	23132
1350000	23139
1350500	23146
1351000	23155
1351500	23160
1352000	23166
1352500	23172
1353000	23180
1353500	23190
1354000	23196
1354500	23205
1355000	23212
1355500	23215
1356000	23226
1356500	23230
1357000	23241
1357500	23250
1358000	23262
1358500	23272
1359000	23280
1359500	23295
1360000	23304
1360500	23314
1361000	23326
1361500	23331
1362000	23341
1362500	23349
1363000	23358
1363500	23362
1364000	23377
1364500	23383
1365000	23391
1365500	23399
1366000	23407
1366500	23415
1367000	23420
1367500	23431
1368000	23442
1368500	23455
1369000	23462
1369500	23472
1370000	23480
1370500	23487
1371000	23494
1371500	23505
1372000	23513
1372500	23520
1373000	23526
1373500	23534
1374000	23546
1374500	23552
1375000	23558
1375500	23568
1376000	23576
1376500	23584
1377000	23590
1377500	23594
1378000	23598
1378500	23610
1379000	23619
1379500	23625
1380000	23639
1380500	23649
1381000	23654
1381500	23663
1382000	23669
1382500	23676
1383000	23682
1383500	23691
1384000	23694
1384500	23698
1385000	23706
1385500	23715
1386000	23723
1386500	23731
1387000	23742
1387500	23755
1388000	23769
1388500	23775
1389000	23781
1389500	23792
1390000	23807
1390500	23819
1391000	23822
1391500	23827
1392000	23834
1392500	23841
1393000	23852
1393500	23861
1394000	23871
1394500	23877
1395000	23884
1395500	23889
1396000	23900
1396500	23907
1397000	23917
1397500	23923
1398000	23934
1398500	23945
1399000	23951
1399500	23961
1400000	23969
1400500	23978
1401000	23982
1401500	23991
1402000	23996
1402500	24004
1403000	24019
1403500	24027
1404000	24035
1404500	24045
1405000	24051
1405500	24060
1406000	24066
1406500	24078
1407000	24090
1407500	24096
1408000	24106
1408500	24123
1409000	24129
1409500	24138
1410000	24143
1410500	24149
1411000	24153
1411500	24163
1412000	24174
1412500	24178
1413000	24182
1413500	24195
1414000	24203
1414500	24211
1415000	24221
1415500	24228
1416000	24235
1416500	24242
1417000	24249
1417500	24258
1418000	24263
1418500	24273
1419000	24285
1419500	24296
1420000	24305
1420500	24313
1421000	24321
1421500	24334
1422000	24347
1422500	24350
1423000	24358
1423500	24364
1424000	24377
1424500	24392
1425000	24402
1425500	24411
1426000	24419
1426500	24424
1427000	24435
1427500	24449
1428000	24458
1428500	24465
1429000	24475
1429500	24488
1430000	24500
1430500	24509
1431000	24514
1431500	24523
1432000	24528
1432500	24536
1433000	24546
1433500	24557
1434000	24565
1434500	24575
1435000	24580
1435500	24593
1436000	24606
1436500	24615
1437000	24626
1437500	24633
1438000	24643
1438500	24654
1439000	24664
1439500	24672
1440000	24681
1440500	24691
1441000	24699
1441500	24706
1442000	24712
1442500	24719
1443000	24728
1443500	24733
1444000	24738
1444500	24748
1445000	24757
1445500	24775
1446000	24793
1446500	24803
1447000	24808
1447500	24813
1448000	24823
1448500	24834
1449000	24838
1449500	24848
1450000	24855
1450500	24860
1451000	24869
1451500	24876
1452000	24885
1452500	24898
1453000	24905
1453500	24908
1454000	24918
1454500	24927
1455000	24936
1455500	24946
1456000	24959
1456500	24969
1457000	24978
1457500	24985
1458000	24989
1458500	24996
1459000	25007
1459500	25015
1460000	25026
1460500	25034
1461000	25042
1461500	25048
1462000	25057
1462500	25069
1463000	25085
1463500	25092
1464000	25101
1464500	25111
1465000	25120
1465500	25128
1466000	25138
1466500	25147
1467000	25155
1467500	25165
1468000	25173
1468500	25179
1469000	25186
1469500	25195
1470000	25208
1470500	25210
1471000	25219
1471500	25228
1472000	25232
1472500	25240
1473000	25248
1473500	25257
1474000	25266
1474500	25274
1475000	25279
1475500	25290
1476000	25297
1476500	25304
1477000	25312
1477500	25319
1478000	25326
1478500	25335
1479000	25341
1479500	25348
1480000	25364
1480500	25370
1481000	25375
1481500	25383
1482000	25393
1482500	25400
1483000	25415
1483500	25424
1484000	25431
1484500	25440
1485000	25448
1485500	25460
1486000	25471
1486500	25480
1487000	25488
1487500	25497
1488000	25504
1488500	25512
1489000	25522
1489500	25537
1490000	25542
1490500	25551
1491000	25564
1491500	25571
1492000	25580
1492500	25590
1493000	25599
1493500	25612
1494000	25616
1494500	25630
1495000	25636
1495500	25643
1496000	25648
1496500	25655
1497000	25660
1497500	25666
1498000	25677
1498500	25686
1499000	25692
1499500	25699
1500000	25708
1500500	25716
1501000	25723
1501500	25734
1502000	25745
1502500	25758
1503000	25762
1503500	25773
1504000	25784
1504500	25791
1505000	25806
1505500	25813
1506000	25831
1506500	25837
1507000	25846
1507500	25858
1508000	25868
1508500	25876
1509000	25882
1509500	25893
1510000	25898
1510500	25907
1511000	25911
1511500	25918
1512000	25928
1512500	25944
1513000	25947
1513500	25956
1514000	25966
1514500	25970
1515000	25976
1515500	25981
1516000	25992
1516500	26003
1517000	26015
1517500	26021
1518000	26029
1518500	26039
1519000	26052
1519500	26066
1520000	26070
1520500	26079
1521000	26088
1521500	26096
1522000	26103
1522500	26108
1523000	26118
1523500	26125
1524000	26135
1524500	26139
1525000	26147
1525500	26155
1526000	26163
1526500	26176
1527000	26188
1527500	26195
1528000	26204
1528500	26210
1529000	26225
1529500	26231
1530000	26240
1530500	26253
1531000	26260
1531500	26266
1532000	26271
1532500	26277
1533000	26285
1533500	26297
1534000	26307
1534500	26311
1535000	26317
1535500	26326
1536000	26330
1536500	26340
1537000	26343
1537500	26351
1538000	26362
1538500	26372
1539000	26374
1539500	26387
1540000	26395
1540500	26405
1541000	26415
1541500	26431
1542000	26437
1542500	26446
1543000	26455
1543500	26463
1544000	26468
1544500	26479
1545000	26491
1545500	26497
1546000	26505
1546500	26517
1547000	26525
1547500	26535
1548000	26548
1548500	26553
1549000	26561
1549500	26571
1550000	26578
1550500	26590
1551000	26607
1551500	26614
1552000	26618
1552500	26628
1553000	26640
1553500	26645
1554000	26652
1554500	26657
1555000	26665
1555500	26669
1556000	26674
1556500	26680
1557000	26693
1557500	26705
1558000	26713
1558500	26727
1559000	26729
1559500	26742
1560000	26749
1560500	26754
1561000	26764
1561500	26769
1562000	26777
1562500	26788
1563000	26795
1563500	26806
1564000	26819
1564500	26825
1565000	26833
1565500	26842
1566000	26855
1566500	26864
1567000	26874
1567500	26877
1568000	26890
1568500	26897
1569000	26909
1569500	26918
1570000	26934
1570500	26942
1571000	26949
1571500	26960
1572000	26968
1572500	26979
1573000	26986
1573500	26995
1574000	27001
1574500	27008
1575000	27013
1575500	27020
1576000	27031
1576500	27035
1577000	27044
1577500	27052
1578000	27060
1578500	27069
1579000	27079
1579500	27084
1580000	27093
1580500	27103
1581000	27115
1581500	27123
1582000	27126
1582500	27137
1583000	27151
1583500	27163
1584000	27174
1584500	27183
1585000	27191
1585500	27198
1586000	27204
1586500	27213
1587000	27222
1587500	27232
1588000	27240
1588500	27249
1589000	27253
1589500	27265
1590000	27275
1590500	27290
1591000	27298
1591500	27312
1592000	27322
1592500	27329
1593000	27334
1593500	27343
1594000	27350
1594500	27358
1595000	27362
1595500	27373
1596000	27381
1596500	27384
1597000	27390
1597500	27402
1598000	27413
1598500	27422
1599000	27432
1599500	27440
1600000	27450
1600500	27458
1601000	27467
1601500	27474
1602000	27486
1602500	27496
1603000	27504
1603500	27513
1604000	27524
1604500	27535
1605000	27537
1605500	27548
1606000	27555
1606500	27565
1607000	27572
1607500	27578
1608000	27586
1608500	27596
1609000	27606
1609500	27617
1610000	27630
1610500	27636
1611000	27640
1611500	27649
1612000	27657
1612500	27667
1613000	27676
1613500	27684
1614000	27697
1614500	27704
1615000	27712
1615500	27718
1616000	27731
1616500	27738
1617000	27748
1617500	27756
1618000	27765
1618500	27770
1619000	27777
1619500	27797
1620000	27804
1620500	27806
1621000	27816
1621500	27823
1622000	27832
1622500	27841
1623000	27846
1623500	27858
1624000	27864
1624500	27877
1625000	27888
1625500	27896
1626000	27902
1626500	27915
1627000	27925
1627500	27933
1628000	27944
1628500	27952
1629000	27961
1629500	27970
1630000	27981
1630500	27990
1631000	27998
1631500	28002
1632000	28007
1632500	28015
1633000	28023
1633500	28038
1634000	28041
1634500	28054
1635000	28062
1635500	28067
1636000	28070
1636500	28079
1637000	28084
1637500	28091
1638000	28097
1638500	28103
1639000	28112
1639500	28117
1640000	28127
1640500	28138
1641000	28149
1641500	28158
1642000	28169
1642500	28178
1643000	28186
1643500	28192
1644000	28204
1644500	28215
1645000	28223
1645500	28232
1646000	28241
1646500	28248
1647000	28260
1647500	28272
1648000	28281
1648500	28290
1649000	28294
1649500	28298
1650000	28303
1650500	28311
1651000	28314
1651500	28323
1652000	28330
1652500	28337
1653000	28344
1653500	28353
1654000	28362
1654500	28376
1655000	28385
1655500	28395
1656000	28404
1656500	28413
1657000	28416
1657500	28424
1658000	28438
1658500	28446
1659000	28462
1659500	28468
1660000	28472
1660500	28478
1661000	28486
1661500	28497
1662000	28505
1662500	28513
1663000	28522
1663500	28528
1664000	28532
1664500	28537
1665000	28545
1665500	28559
1666000	28569
1666500	28574
1667000	28584
1667500	28594
1668000	28604
1668500	28613
1669000	28623
1669500	28628
1670000	28635
1670500	28646
1671000	28656
1671500	28671
1672000	28679
1672500	28686
1673000	28692
1673500	28703
1674000	28715
1674500	28722
1675000	28727
1675500	28737
1676000	28746
1676500	28756
1677000	28761
1677500	28767
1678000	28777
1678500	28780
1679000	28785
1679500	28792
1680000	28798
1680500	28803
1681000	28818
1681500	28828
1682000	28836
1682500	28843
1683000	28858
1683500	28866
1684000	28873
1684500	28879
1685000	28892
1685500	28899
1686000	28907
1686500	28925
1687000	28937
1687500	28944
1688000	28955
1688500	28958
1689000	28964
1689500	28970
1690000	28977
1690500	28980
1691000	28988
1691500	28994
1692000	29008
1692500	29012
1693000	29020
1693500	29028
1694000	29033
1694500	29045
1695000	29056
1695500	29063
1696000	29072
1696500	29077
1697000	29084
1697500	29094
1698000	29104
1698500	29114
1699000	29127
1699500	29133
1700000	29139
1700500	29143
1701000	29153
1701500	29163
1702000	29176
1702500	29183
1703000	29192
1703500	29199
1704000	29206
1704500	29214
1705000	29218
1705500	29229
1706000	29236
1706500	29242
1707000	29255
1707500	29271
1708000	29279
1708500	29289
1709000	29297
1709500	29306
1710000	29314
1710500	29323
1711000	29332
1711500	29343
1712000	29351
1712500	29363
1713000	29372
1713500	29381
1714000	29393
1714500	29400
1715000	29407
1715500	29421
1716000	29427
1716500	29437
1717000	29446
1717500	29456
1718000	29463
1718500	29474
1719000	29482
1719500	29487
1720000	29493
1720500	29499
1721000	29516
1721500	29527
1722000	29531
1722500	29538
1723000	29546
1723500	29551
1724000	29555
1724500	29563
1725000	29570
1725500	29575
1726000	29583
1726500	29595
1727000	29602
1727500	29608
1728000	29622
1728500	29629
1729000	29634
1729500	29643
1730000	29655
1730500	29667
1731000	29672
1731500	29679
1732000	29688
1732500	29697
1733000	29710
1733500	29719
1734000	29724
1734500	29734
1735000	29745
1735500	29758
1736000	29765
1736500	29774
1737000	29781
1737500	29785
1738000	29790
1738500	29794
1739000	29805
1739500	29810
1740000	29819
1740500	29825
1741000	29833
1741500	29853
1742000	29864
1742500	29874
1743000	29880
1743500	29889
1744000	29896
1744500	29913
1745000	29920
1745500	29928
1746000	29932
1746500	29941
1747000	29949
1747500	29954
1748000	29959
1748500	29969
1749000	29983
1749500	29993
1750000	30000
1750500	30006
1751000	30018
1751500	30027
1752000	30036
1752500	30046
1753000	30053
1753500	30071
1754000	30077
1754500	30081
1755000	30086
1755500	30091
1756000	30098
1756500	30106
1757000	30115
1757500	30128
1758000	30136
1758500	30148
1759000	30159
1759500	30170
1760000	30174
1760500	30184
1761000	30193
1761500	30205
1762000	30211
1762500	30221
1763000	30234
1763500	30240
1764000	30253
1764500	30263
1765000	30269
1765500	30277
1766000	30288
1766500	30295
1767000	30299
1767500	30306
1768000	30315
1768500	30323
1769000	30332
1769500	30342
1770000	30352
1770500	30364
1771000	30371
1771500	30377
1772000	30384
1772500	30392
1773000	30400
1773500	30409
1774000	30420
1774500	30425
1775000	30433
1775500	30451
1776000	30459
1776500	30471
1777000	30476
1777500	30484
1778000	30495
1778500	30498
1779000	30505
1779500	30514
1780000	30525
1780500	30530
1781000	30539
1781500	30546
1782000	30557
1782500	30564
1783000	30578
1783500	30590
1784000	30597
1784500	30605
1785000	30618
1785500	30633
1786000	30639
1786500	30651
1787000	30658
1787500	30669
1788000	30672
1788500	30684
1789000	30694
1789500	30699
1790000	30708
1790500	30719
1791000	30730
1791500	30739
1792000	30752
1792500	30761
1793000	30772
1793500	30780
1794000	30789
1794500	30804
1795000	30812
1795500	30817
1796000	30827
1796500	30832
1797000	30843
1797500	30851
1798000	30858
1798500	30867
1799000	30876
1799500	30880
1800000	30886
1800500	30893
1801000	30901
1801500	30909
1802000	30917
1802500	30929
1803000	30935
1803500	30943
1804000	30951
1804500	30958
1805000	30969
1805500	30976
1806000	30983
1806500	30994
1807000	31001
1807500	31016
1808000	31024
1808500	31028
1809000	31041
1809500	31048
1810000	31061
1810500	31073
1811000	31079
1811500	31086
1812000	31099
1812500	31111
1813000	31121
1813500	31124
1814000	31131
1814500	31136
1815000	31145
1815500	31151
1816000	31162
1816500	31167
1817000	31178
1817500	31186
1818000	31190
1818500	31199
1819000	31204
1819500	31211
1820000	31222
1820500	31226
1821000	31233
1821500	31249
1822000	31255
1822500	31267
1823000	31278
1823500	31289
1824000	31295
1824500	31300
1825000	31312
1825500	31323
1826000	31332
1826500	31337
1827000	31343
1827500	31350
1828000	31355
1828500	31364
1829000	31375
1829500	31387
1830000	31393
1830500	31403
1831000	31412
1831500	31418
1832000	31425
1832500	31433
1833000	31444
1833500	31457
1834000	31462
1834500	31468
1835000	31476
1835500	31482
1836000	31484
1836500	31491
1837000	31499
1837500	31508
1838000	31513
1838500	31523
1839000	31533
1839500	31540
1840000	31550
1840500	31562
1841000	31568
1841500	31577
1842000	31587
1842500	31600
1843000	31610
1843500	31619
1844000	31624
1844500	31631
1845000	31643
1845500	31649
1846000	31655
1846500	31665
1847000	31670
1847500	31683
1848000	31690
1848500	31694
1849000	31700
1849500	31710
1850000	31721
1850500	31732
1851000	31742
1851500	31752
1852000	31762
1852500	31773
1853000	31783
1853500	31787
1854000	31798
1854500	31804
1855000	31815
1855500	31822
1856000	31831
1856500	31836
1857000	31844
1857500	31854
1858000	31866
1858500	31876
1859000	31885
1859500	31893
1860000	31900
1860500	31905
1861000	31912
1861500	31922
1862000	31937
1862500	31951
1863000	31958
1863500	31961
1864000	31974
1864500	31980
1865000	31988
1865500	31998
1866000	32009
1866500	32017
1867000	32026
1867500	32033
1868000	32043
1868500	32052
1869000	32064
1869500	32071
1870000	32078
1870500	32083
1871000	32091
1871500	32103
1872000	32110
1872500	32116
1873000	32121
1873500	32126
1874000	32141
1874500	32147
1875000	32157
1875500	32166
1876000	32174
1876500	32179
1877000	32195
1877500	32207
1878000	32216
1878500	32224
1879000	32234
1879500	32246
1880000	32251
1880500	32259
1881000	32274
1881500	32282
1882000	32293
1882500	32300
1883000	32310
1883500	32320
1884000	32325
1884500	32331
1885000	32339
1885500	32346
1886000	32351
1886500	32360
1887000	32366
1887500	32378
1888000	32390
1888500	32399
1889000	32411
1889500	32421
1890000	32429
1890500	32436
1891000	32444
1891500	32455
1892000	32469
1892500	32479
1893000	32487
1893500	32497
1894000	32504
1894500	32510
1895000	32517
1895500	32525
1896000	32535
1896500	32541
1897000	32549
1897500	32557
1898000	32561
1898500	32573
1899000	32586
1899500	32595
1900000	32601
1900500	32606
1901000	32617
1901500	32624
1902000	32630
1902500	32642
1903000	32652
1903500	32667
1904000	32678
1904500	32688
1905000	32700
1905500	32708
1906000	32713
1906500	32719
1907000	32726
1907500	32734
1908000	32736
1908500	32742
1909000	32750
1909500	32756
1910000	32766
1910500	32775
1911000	32780
1911500	32790
1912000	32802
1912500	32808
1913000	32816
1913500	32821
1914000	32827
1914500	32834
1915000	32840
1915500	32852
1916000	32865
1916500	32883
1917000	32896
1917500	32902
1918000	32910
1918500	32919
1919000	32927
1919500	32931
1920000	32938
1920500	32946
1921000	32958
1921500	32966
1922000	32973
1922500	32981
1923000	32987
1923500	32994
1924000	33000
1924500	33009
1925000	33014
1925500	33016
1926000	33030
1926500	33037
1927000	33040
1927500	33050
1928000	33057
1928500	33068
1929000	33077
1929500	33085
1930000	33094
1930500	33098
1931000	33105
1931500	33109
1932000	33121
1932500	33133
1933000	33142
1933500	33152
1934000	33164
1934500	33171
1935000	33176
1935500	33182
1936000	33198
1936500	33206
1937000	33215
1937500	33224
1938000	33233
1938500	33242
1939000	33250
1939500	33257
1940000	33273
1940500	33278
1941000	33287
1941500	33296
1942000	33303
1942500	33309
1943000	33314
1943500	33326
1944000	33338
1944500	33347
1945000	33357
1945500	33368
1946000	33378
1946500	33387
1947000	33395
1947500	33402
1948000	33406
1948500	33413
1949000	33415
1949500	33422
1950000	33427
1950500	33437
1951000	33446
1951500	33460
1952000	33468
1952500	33476
1953000	33485
1953500	33499
1954000	33504
1954500	33521
1955000	33530
1955500	33538
1956000	33547
1956500	33558
1957000	33566
1957500	33575
1958000	33584
1958500	33592
1959000	33604
1959500	33612
1960000	33620
1960500	33628
1961000	33638
1961500	33646
1962000	33653
1962500	33660
1963000	33666
1963500	33672
1964000	33678
1964500	33685
1965000	33689
1965500	33698
1966000	33712
1966500	33721
1967000	33731
1967500	33744
1968000	33755
1968500	33765
1969000	33767
1969500	33773
1970000	33780
1970500	33798
1971000	33805
1971500	33813
1972000	33823
1972500	33833
1973000	33841
1973500	33847
1974000	33852
1974500	33868
1975000	33875
1975500	33885
1976000	33893
1976500	33901
1977000	33910
1977500	33919
1978000	33927
1978500	33938
1979000	33944
1979500	33951
1980000	33962
1980500	33966
1981000	33969
1981500	33983
1982000	33990
1982500	33992
1983000	33996
1983500	34003
1984000	34010
1984500	34021
1985000	34031
1985500	34040
1986000	34046
1986500	34057
1987000	34064
1987500	34075
1988000	34084
1988500	34090
1989000	34097
1989500	34110
1990000	34121
1990500	34130
1991000	34137
1991500	34146
1992000	34154
1992500	34159
1993000	34170
1993500	34183
1994000	34191
1994500	34200
1995000	34207
1995500	34216
1996000	34227
1996500	34233
1997000	34238
1997500	34245
1998000	34254
1998500	34261
1999000	34267
1999500	34275
2000000	34282
2000500	34290
2001000	34303
2001500	34310
2002000	34315
2002500	34325
2003000	34336
2003500	34341
2004000	34352
2004500	34355
2005000	34365
2005500	34374
2006000	34386
2006500	34397
2007000	34402
2007500	34406
2008000	34421
2008500	34430
2009000	34436
2009500	34451
2010000	34460
2010500	34468
2011000	34476
2011500	34483
2012000	34492
2012500	34507
2013000	34517
2013500	34523
2014000	34533
2014500	34535
2015000	34547
2015500	34550
2016000	34559
2016500	34571
2017000	34574
2017500	34583
2018000	34589
2018500	34599
2019000	34604
2019500	34610
2020000	34620
2020500	34629
2021000	34641
2021500	34645
2022000	34657
2022500	34664
2023000	34670
2023500	34675
2024000	34688
2024500	34692
2025000	34703
2025500	34714
2026000	34724
2026500	34731
2027000	34743
2027500	34753
2028000	34761
2028500	34770
2029000	34775
2029500	34780
2030000	34787
2030500	34796
2031000	34813
2031500	34825
2032000	34831
2032500	34834
2033000	34839
2033500	34848
2034000	34855
2034500	34863
2035000	34878
2035500	34885
2036000	34891
2036500	34897
2037000	34905
2037500	34912
2038000	34920
2038500	34923
2039000	34935
2039500	34940
2040000	34947
2040500	34956
2041000	34966
2041500	34975
2042000	34987
2042500	34993
2043000	34997
2043500	35013
2044000	35029
2044500	35037
2045000	35042
2045500	35049
2046000	35058
2046500	35066
2047000	35075
2047500	35082
2048000	35094
2048500	35099
2049000	35104
2049500	35112
2050000	35122
2050500	35130
2051000	35141
2051500	35153
2052000	35164
2052500	35172
2053000	35178
2053500	35191
2054000	35200
2054500	35208
2055000	35216
2055500	35226
2056000	35235
2056500	35244
2057000	35248
2057500	35256
2058000	35266
2058500	35274
2059000	35282
2059500	35295
2060000	35303
2060500	35307
2061000	35317
2061500	35325
2062000	35335
2062500	35340
2063000	35346
2063500	35353
2064000	35360
2064500	35372
2065000	35378
2065500	35385
2066000	35392
2066500	35400
2067000	35404
2067500	35414
2068000	35422
2068500	35431
2069000	35435
2069500	35447
2070000	35461
2070500	35467
2071000	35482
2071500	35489
2072000	35496
2072500	35504
2073000	35511
2073500	35521
2074000	35529
2074500	35537
2075000	35545
2075500	35550
2076000	35563
2076500	35571
2077000	35578
2077500	35587
2078000	35593
2078500	35600
2079000	35610
2079500	35616
2080000	35631
2080500	35642
2081000	35649
2081500	35661
2082000	35671
2082500	35676
2083000	35682
2083500	35691
2084000	35703
2084500	35712
2085000	35725
2085500	35735
2086000	35744
2086500	35756
2087000	35765
2087500	35774
2088000	35782
2088500	35790
2089000	35796
2089500	35809
2090000	35816
2090500	35823
2091000	35833
2091500	35846
2092000	35858
2092500	35864
2093000	35877
2093500	35880
2094000	35890
2094500	35895
2095000	35905
2095500	35913
2096000	35922
2096500	35930
2097000	35942
2097500	35949
2098000	35956
2098500	35967
2099000	35972
2099500	35977
2100000	35984
2100500	35989
2101000	36000
2101500	36006
2102000	36017
2102500	36025
2103000	36035
2103500	36047
2104000	36056
2104500	36062
2105000	36067
2105500	36072
2106000	36077
2106500	36085
2107000	36087
2107500	36092
2108000	36098
2108500	36109
2109000	36122
2109500	36132
2110000	36141
2110500	36143
2111000	36154
2111500	36162
2112000	36172
2112500	36179
2113000	36190
2113500	36202
2114000	36208
2114500	36219
2115000	36228
2115500	36241
2116000	36249
2116500	36257
2117000	36267
2117500	36279
2118000	36289
2118500	36296
2119000	36302
2119500	36310
2120000	36320
2120500	36327
2121000	36340
2121500	36346
2122000	36351
2122500	36361
2123000	36369
2123500	36375
2124000	36381
2124500	36385
2125000	36393
2125500	36407
2126000	36416
2126500	36431
2127000	36440
2127500	36446
2128000	36456
2128500	36464
2129000	36468
2129500	36480
2130000	36490
2130500	36499
2131000	36505
2131500	36513
2132000	36522
2132500	36530
2133000	36537
2133500	36542
2134000	36552
2134500	36565
2135000	36581
2135500	36587
2136000	36595
2136500	36603
2137000	36617
2137500	36623
2138000	36636
2138500	36646
2139000	36659
2139500	36675
2140000	36684
2140500	36694
2141000	36699
2141500	36710
2142000	36720
2142500	36726
2143000	36733
2143500	36737
2144000	36743
2144500	36753
2145000	36756
2145500	36763
2146000	36770
2146500	36779
2147000	36790
2147500	36801
2148000	36812
2148500	36819
2149000	36828
2149500	36839
2150000	36849
2150500	36859
2151000	36868
2151500	36873
2152000	36883
2152500	36893
2153000	36898
2153500	36910
2154000	36914
2154500	36925
2155000	36929
2155500	36933
2156000	36939
2156500	36949
2157000	36956
2157500	36972
2158000	36980
2158500	36986
2159000	36991
2159500	37000
2160000	37011
2160500	37018
2161000	37024
2161500	37037
2162000	37047
2162500	37057
2163000	37061
2163500	37070
2164000	37077
2164500	37089
2165000	37097
2165500	37103
2166000	37110
2166500	37115
2167000	37124
2167500	37136
2168000	37147
2168500	37153
2169000	37161
2169500	37167
2170000	37172
2170500	37180
2171000	37190
2171500	37200
2172000	37213
2172500	37221
2173000	37229
2173500	37243
2174000	37250
2174500	37255
2175000	37266
2175500	37276
2176000	37284
2176500	37296
2177000	37305
2177500	37317
2178000	37329
2178500	37337
2179000	37338
2179500	37342
2180000	37346
2180500	37355
2181000	37369
2181500	37375
2182000	37386
2182500	37395
2183000	37408
2183500	37419
2184000	37429
2184500	37434
2185000	37449
2185500	37462
2186000	37473
2186500	37480
2187000	37493
2187500	37498
2188000	37503
2188500	37513
2189000	37522
2189500	37528
2190000	37541
2190500	37549
2191000	37559
2191500	37565
2192000	37571
2192500	37577
2193000	37588
2193500	37596
2194000	37607
2194500	37618
2195000	37625
2195500	37633
2196000	37644
2196500	37654
2197000	37668
2197500	37680
2198000	37685
2198500	37694
2199000	37703
2199500	37714
2200000	37719
2200500	37728
2201000	37733
2201500	37740
2202000	37752
2202500	37758
2203000	37763
2203500	37775
2204000	37785
2204500	37800
2205000	37808
2205500	37815
2206000	37823
2206500	37831
2207000	37840
2207500	37847
2208000	37856
2208500	37863
2209000	37871
2209500	37888
2210000	37894
2210500	37906
2211000	37911
2211500	37917
2212000	37927
2212500	37933
2213000	37944
2213500	37951
2214000	37962
2214500	37966
2215000	37978
2215500	37989
2216000	37997
2216500	38002
2217000	38010
2217500	38017
2218000	38025
2218500	38036
2219000	38042
2219500	38049
2220000	38060
2220500	38069
2221000	38075
2221500	38078
2222000	38088
2222500	38095
2223000	38101
2223500	38110
2224000	38121
2224500	38130
2225000	38138
2225500	38142
2226000	38153
2226500	38158
2227000	38166
2227500	38175
2228000	38187
2228500	38200
2229000	38208
2229500	38219
2230000	38225
2230500	38231
2231000	38239
2231500	38248
2232000	38252
2232500	38260
2233000	38272
2233500	38284
2234000	38298
2234500	38307
2235000	38316
2235500	38329
2236000	38334
2236500	38342
2237000	38350
2237500	38362
2238000	38365
2238500	38376
2239000	38387
2239500	38397
2240000	38403
2240500	38411
2241000	38418
2241500	38428
2242000	38435
2242500	38440
2243000	38451
2243500	38461
2244000	38475
2244500	38482
2245000	38488
2245500	38495
2246000	38507
2246500	38515
2247000	38527
2247500	38536
2248000	38544
2248500	38547
2249000	38558
2249500	38568
2250000	38575
2250500	38581
2251000	38591
2251500	38595
2252000	38606
2252500	38613
2253000	38621
2253500	38630
2254000	38643
2254500	38656
2255000	38674
2255500	38680
2256000	38690
2256500	38700
2257000	38711
2257500	38716
2258000	38722
2258500	38730
2259000	38739
2259500	38746
2260000	38756
2260500	38764
2261000	38771
2261500	38777
2262000	38788
2262500	38797
2263000	38801
2263500	38814
2264000	38821
2264500	38830
2265000	38834
2265500	38844
2266000	38855
2266500	38861
2267000	38868
2267500	38875
2268000	38884
2268500	38892
2269000	38902
2269500	38916
2270000	38924
2270500	38931
2271000	38936
2271500	38943
2272000	38952
2272500	38962
2273000	38972
2273500	38983
2274000	38993
2274500	38999
2275000	39013
2275500	39019
2276000	39030
2276500	39036
2277000	39042
2277500	39051
2278000	39060
2278500	39066
2279000	39081
2279500	39089
2280000	39097
2280500	39102
2281000	39109
2281500	39116
2282000	39133
2282500	39138
2283000	39146
2283500	39153
2284000	39162
2284500	39170
2285000	39175
2285500	39192
2286000	39201
2286500	39208
2287000	39215
2287500	39224
2288000	39232
2288500	39235
2289000	39246
2289500	39252
2290000	39261
2290500	39273
2291000	39280
2291500	39287
2292000	39294
2292500	39300
2293000	39311
2293500	39324
2294000	39330
2294500	39352
2295000	39357
2295500	39365
2296000	39376
2296500	39385
2297000	39392
2297500	39400
2298000	39409
2298500	39413
2299000	39425
2299500	39439
2300000	39445
2300500	39456
2301000	39463
2301500	39470
2302000	39480
2302500	39491
2303000	39505
2303500	39511
2304000	39522
2304500	39537
2305000	39544
2305500	39548
2306000	39552
2306500	39557
2307000	39560
2307500	39566
2308000	39577
2308500	39585
2309000	39598
2309500	39614
2310000	39625
2310500	39638
2311000	39647
2311500	39650
2312000	39657
2312500	39666
2313000	39675
2313500	39683
2314000	39692
2314500	39705
2315000	39716
2315500	39729
2316000	39733
2316500	39741
2317000	39748
2317500	39762
2318000	39772
2318500	39780
2319000	39786
2319500	39796
2320000	39802
2320500	39812
2321000	39814
2321500	39821
2322000	39832
2322500	39836
2323000	39843
2323500	39852
2324000	39858
2324500	39866
2325000	39876
2325500	39884
2326000	39896
2326500	39905
2327000	39916
2327500	39920
2328000	39926
2328500	39933
2329000	39946
2329500	39955
2330000	39961
2330500	39968
2331000	39974
2331500	39985
2332000	39990
2332500	40003
2333000	40014
2333500	40024
2334000	40031
2334500	40041
2335000	40048
2335500	40059
2336000	40067
2336500	40074
2337000	40080
2337500	40087
2338000	40095
2338500	40102
2339000	40119
2339500	40127
2340000	40141
2340500	40149
2341000	40153
2341500	40161
2342000	40166
2342500	40179
2343000	40184
2343500	40196
2344000	40207
2344500	40220
2345000	40230
2345500	40238
2346000	40242
2346500	40254
2347000	40260
2347500	40267
2348000	40272
2348500	40281
2349000	40287
2349500	40294
2350000	40297
2350500	40299
2351000	40309
2351500	40320
2352000	40332
2352500	40343
2353000	40352
2353500	40364
2354000	40374
2354500	40386
2355000	40399
2355500	40405
2356000	40411
2356500	40418
2357000	40424
2357500	40433
2358000	40442
2358500	40454
2359000	40463
2359500	40466
2360000	40474
2360500	40482
2361000	40495
2361500	40503
2362000	40507
2362500	40511
2363000	40516
2363500	40523
2364000	40532
2364500	40539
2365000	40546
2365500	40554
2366000	40565
2366500	40575
2367000	40588
2367500	40598
2368000	40608
2368500	40621
2369000	40630
2369500	40641
2370000	40647
2370500	40658
2371000	40669
2371500	40677
2372000	40687
2372500	40698
2373000	40706
2373500	40711
2374000	40715
2374500	40721
2375000	40728
2375500	40738
2376000	40744
2376500	40753
2377000	40761
2377500	40776
2378000	40784
2378500	40789
2379000	40798
2379500	40806
2380000	40808
2380500	40814
2381000	40819
2381500	40830
2382000	40837
2382500	40852
2383000	40855
2383500	40863
2384000	40868
2384500	40873
2385000	40882
2385500	40893
2386000	40909
2386500	40913
2387000	40919
2387500	40926
2388000	40937
2388500	40951
2389000	40965
2389500	40970
2390000	40978
2390500	40983
2391000	40995
2391500	41004
2392000	41012
2392500	41020
2393000	41030
2393500	41039
2394000	41043
2394500	41045
2395000	41051
2395500	41063
2396000	41069
2396500	41078
2397000	41087
2397500	41096
2398000	41106
2398500	41113
2399000	41130
2399500	41135
2400000	41147
2400500	41151
2401000	41157
2401500	41169
2402000	41179
2402500	41191
2403000	41192
2403500	41201
2404000	41208
2404500	41215
2405000	41225
2405500	41235
2406000	41245
2406500	41258
2407000	41270
2407500	41274
2408000	41284
2408500	41290
2409000	41298
2409500	41307
2410000	41316
2410500	41322
2411000	41332
2411500	41343
2412000	41346
2412500	41352
2413000	41361
2413500	41365
2414000	41375
2414500	41385
2415000	41392
2415500	41403
2416000	41413
2416500	41424
2417000	41430
2417500	41439
2418000	41446
2418500	41451
2419000	41461
2419500	41469
2420000	41480
2420500	41490
2421000	41496
2421500	41502
2422000	41511
2422500	41518
2423000	41525
2423500	41535
2424000	41544
2424500	41552
2425000	41558
2425500	41563
2426000	41569
2426500	41578
2427000	41587
2427500	41592
2428000	41601
2428500	41610
2429000	41621
2429500	41629
2430000	41633
2430500	41642
2431000	41653
2431500	41664
2432000	41671
2432500	41681
2433000	41699
2433500	41706
2434000	41716
2434500	41722
2435000	41730
2435500	41736
2436000	41745
2436500	41754
2437000	41759
2437500	41763
2438000	41769
2438500	41779
2439000	41788
2439500	41798
2440000	41805
2440500	41814
2441000	41822
2441500	41830
2442000	41839
2442500	41846
2443000	41853
2443500	41859
2444000	41870
2444500	41880
2445000	41889
2445500	41896
2446000	41904
2446500	41914
2447000	41933
2447500	41945
2448000	41956
2448500	41963
2449000	41970
2449500	41978
2450000	41984
2450500	41999
2451000	42005
2451500	42013
2452000	42015
2452500	42024
2453000	42034
2453500	42036
2454000	42049
2454500	42055
2455000	42062
2455500	42071
2456000	42082
2456500	42093
2457000	42095
2457500	42109
2458000	42116
2458500	42123
2459000	42131
2459500	42140
2460000	42148
2460500	42159
2461000	42165
2461500	42172
2462000	42187
2462500	42195
2463000	42203
2463500	42209
2464000	42215
2464500	42219
2465000	42227
2465500	42235
2466000	42244
2466500	42255
2467000	42265
2467500	42273
2468000	42277
2468500	42285
2469000	42297
2469500	42304
2470000	42317
2470500	42323
2471000	42329
2471500	42339
2472000	42350
2472500	42358
2473000	42363
2473500	42369
2474000	42379
2474500	42390
2475000	42394
2475500	42398
2476000	42408
2476500	42422
2477000	42429
2477500	42439
2478000	42444
2478500	42453
2479000	42463
2479500	42467
2480000	42477
2480500	42486
2481000	42491
2481500	42499
2482000	42508
2482500	42517
2483000	42529
2483500	42538
2484000	42546
2484500	42556
2485000	42563
2485500	42575
2486000	42583
2486500	42598
2487000	42609
2487500	42615
2488000	42627
2488500	42630
2489000	42636
2489500	42640
2490000	42648
2490500	42655
2491000	42663
2491500	42670
2492000	42677
2492500	42684
2493000	42690
2493500	42698
2494000	42710
2494500	42727
2495000	42741
2495500	42753
2496000	42765
2496500	42777
2497000	42785
2497500	42800
2498000	42806
2498500	42814
2499000	42819
2499500	42823
2500000	42833
2500500	42840
2501000	42851
2501500	42857
2502000	42871
2502500	42881
2503000	42888
2503500	42898
2504000	42904
2504500	42910
2505000	42917
2505500	42930
2506000	42941
2506500	42951
2507000	42956
2507500	42963
2508000	42972
2508500	42977
2509000	42987
2509500	42995
2510000	43006
2510500	43012
2511000	43020
2511500	43028
2512000	43039
2512500	43049
2513000	43060
2513500	43067
2514000	43074
2514500	43082
2515000	43089
2515500	43099
2516000	43108
2516500	43118
2517000	43139
2517500	43147
2518000	43155
2518500	43171
2519000	43182
2519500	43193
2520000	43202
2520500	43210
2521000	43216
2521500	43226
2522000	43233
2522500	43243
2523000	43248
2523500	43255
2524000	43260
2524500	43275
2525000	43281
2525500	43284
2526000	43295
2526500	43305
2527000	43311
2527500	43321
2528000	43329
2528500	43341
2529000	43351
2529500	43356
2530000	43364
2530500	43375
2531000	43382
2531500	43391
2532000	43400
2532500	43408
2533000	43418
2533500	43426
2534000	43431
2534500	43438
2535000	43449
2535500	43455
2536000	43468
2536500	43475
2537000	43480
2537500	43490
2538000	43492
2538500	43502
2539000	43514
2539500	43520
2540000	43529
2540500	43535
2541000	43548
2541500	43561
2542000	43573
2542500	43578
2543000	43591
2543500	43600
2544000	43609
2544500	43618
2545000	43625
2545500	43632
2546000	43643
2546500	43649
2547000	43665
2547500	43675
2548000	43682
2548500	43689
2549000	43697
2549500	43698
2550000	43705
2550500	43715
2551000	43724
2551500	43729
2552000	43738
2552500	43748
2553000	43753
2553500	43769
2554000	43778
2554500	43783
2555000	43786
2555500	43793
2556000	43806
2556500	43812
2557000	43826
2557500	43832
2558000	43838
2558500	43843
2559000	43851
2559500	43857
2560000	43867
2560500	43878
2561000	43885
2561500	43892
2562000	43903
2562500	43916
2563000	43925
2563500	43931
2564000	43936
2564500	43947
2565000	43955
2565500	43963
2566000	43974
2566500	43984
2567000	43992
2567500	44001
2568000	44009
2568500	44021
2569000	44027
2569500	44035
2570000	44042
2570500	44051
2571000	44055
2571500	44066
2572000	44074
2572500	44082
2573000	44086
2573500	44093
2574000	44101
2574500	44110
2575000	44118
2575500	44133
2576000	44139
2576500	44148
2577000	44156
2577500	44163
2578000	44173
2578500	44179
2579000	44188
2579500	44199
2580000	44207
2580500	44215
2581000	44221
2581500	44231
2582000	44242
2582500	44249
2583000	44258
2583500	44268
2584000	44274
2584500	44282
2585000	44291
2585500	44300
2586000	44308
2586500	44315
2587000	44323
2587500	44327
2588000	44337
2588500	44345
2589000	44351
2589500	44362
2590000	44376
2590500	44392
2591000	44402
2591500	44410
2592000	44418
2592500	44425
2593000	44433
2593500	44435
2594000	44443
2594500	44452
2595000	44461
2595500	44469
2596000	44478
2596500	44484
2597000	44492
2597500	44499
2598000	44506
2598500	44515
2599000	44524
2599500	44534
2600000	44540
2600500	44550
2601000	44556
2601500	44568
2602000	44575
2602500	44582
2603000	44586
2603500	44601
2604000	44612
2604500	44622
2605000	44627
2605500	44638
2606000	44640
2606500	44649
2607000	44659
2607500	44667
2608000	44674
2608500	44679
2609000	44687
2609500	44698
2610000	44710
2610500	44717
2611000	44723
2611500	44734
2612000	44746
2612500	44755
2613000	44761
2613500	44769
2614000	44779
2614500	44794
2615000	44802
2615500	44811
2616000	44820
2616500	44829
2617000	44837
2617500	44843
2618000	44855
2618500	44863
2619000	44873
2619500	44885
2620000	44892
2620500	44902
2621000	44909
2621500	44917
2622000	44927
2622500	44937
2623000	44944
2623500	44951
2624000	44961
2624500	44972
2625000	44977
2625500	44987
2626000	44992
2626500	45006
2627000	45011
2627500	45022
2628000	45030
2628500	45036
2629000	45041
2629500	45052
2630000	45060
2630500	45075
2631000	45086
2631500	45089
2632000	45100
2632500	45108
2633000	45112
2633500	45117
2634000	45124
2634500	45134
2635000	45136
2635500	45144
2636000	45152
2636500	45162
2637000	45172
2637500	45181
2638000	45185
2638500	45193
2639000	45206
2639500	45211
2640000	45220
2640500	45225
2641000	45234
2641500	45242
2642000	45249
2642500	45256
2643000	45264
2643500	45275
2644000	45284
2644500	45293
2645000	45303
2645500	45310
2646000	45322
2646500	45331
2647000	45337
2647500	45344
2648000	45349
2648500	45359
2649000	45361
2649500	45368
2650000	45374
2650500	45377
2651000	45385
2651500	45389
2652000	45396
2652500	45409
2653000	45421
2653500	45428
2654000	45440
2654500	45452
2655000	45457
2655500	45465
2656000	45475
2656500	45487
2657000	45497
2657500	45504
2658000	45513
2658500	45521
2659000	45526
2659500	45537
2660000	45541
2660500	45553
2661000	45560
2661500	45572
2662000	45580
2662500	45591
2663000	45597
2663500	45612
2664000	45622
2664500	45630
2665000	45634
2665500	45641
2666000	45651
2666500	45661
2667000	45671
2667500	45678
2668000	45694
2668500	45701
2669000	45713
2669500	45718
2670000	45727
2670500	45737
2671000	45746
2671500	45746
2672000	45754
2672500	45762
2673000	45771
2673500	45779
2674000	45789
2674500	45799
2675000	45807
2675500	45814
2676000	45818
2676500	45828
2677000	45840
2677500	45852
2678000	45862
2678500	45868
2679000	45876
2679500	45885
2680000	45894
2680500	45900
2681000	45914
2681500	45920
2682000	45928
2682500	45934
2683000	45941
2683500	45952
2684000	45964
2684500	45974
2685000	45978
2685500	45984
2686000	45995
2686500	46010
2687000	46018
2687500	46022
2688000	46029
2688500	46033
2689000	46044
2689500	46053
2690000	46063
2690500	46069
2691000	46074
2691500	46080
2692000	46088
2692500	46096
2693000	46107
2693500	46114
2694000	46119
2694500	46125
2695000	46136
2695500	46139
2696000	46147
2696500	46163
2697000	46178
2697500	46181
2698000	46185
2698500	46197
2699000	46202
2699500	46210
2700000	46217
2700500	46228
2701000	46236
2701500	46246
2702000	46255
2702500	46263
2703000	46269
2703500	46279
2704000	46286
2704500	46295
2705000	46310
2705500	46320
2706000	46325
2706500	46334
2707000	46345
2707500	46352
2708000	46358
2708500	46365
2709000	46374
2709500	46376
2710000	46388
2710500	46391
2711000	46404
2711500	46411
2712000	46428
2712500	46438
2713000	46446
2713500	46450
2714000	46455
2714500	46464
2715000	46471
2715500	46478
2716000	46486
2716500	46490
2717000	46497
2717500	46509
2718000	46518
2718500	46532
2719000	46539
2719500	46550
2720000	46561
2720500	46567
2721000	46579
2721500	46589
2722000	46599
2722500	46605
2723000	46610
2723500	46623
2724000	46630
2724500	46637
2725000	46647
2725500	46653
2726000	46664
2726500	46675
2727000	46681
2727500	46689
2728000	46696
2728500	46700
2729000	46711
2729500	46721
2730000	46733
2730500	46742
2731000	46752
2731500	46764
2732000	46772
2732500	46781
2733000	46786
2733500	46801
2734000	46809
2734500	46814
2735000	46819
2735500	46826
2736000	46836
2736500	46847
2737000	46857
2737500	46863
2738000	46873
2738500	46880
2739000	46889
2739500	46904
2740000	46912
2740500	46918
2741000	46927
2741500	46937
2742000	46940
2742500	46949
2743000	46958
2743500	46969
2744000	46979
2744500	46982
2745000	46991
2745500	47001
2746000	47010
2746500	47019
2747000	47029
2747500	47041
2748000	47047
2748500	47052
2749000	47058
2749500	47063
2750000	47067
2750500	47080
2751000	47088
2751500	47092
2752000	47098
2752500	47108
2753000	47114
2753500	47122
2754000	47130
2754500	47139
2755000	47149
2755500	47159
2756000	47166
2756500	47179
2757000	47186
2757500	47194
2758000	47201
2758500	47209
2759000	47216
2759500	47224
2760000	47232
2760500	47239
2761000	47245
2761500	47250
2762000	47262
2762500	47270
2763000	47277
2763500	47292
2764000	47302
2764500	47309
2765000	47319
2765500	47325
2766000	47330
2766500	47339
2767000	47351
2767500	47361
2768000	47368
2768500	47377
2769000	47384
2769500	47390
2770000	47397
2770500	47403
2771000	47414
2771500	47426
2772000	47436
2772500	47446
2773000	47455
2773500	47467
2774000	47475
2774500	47481
2775000	47488
2775500	47495
2776000	47500
2776500	47509
2777000	47519
2777500	47527
2778000	47536
2778500	47545
2779000	47555
2779500	47566
2780000	47570
2780500	47584
2781000	47597
2781500	47604
2782000	47613
2782500	47622
2783000	47633
2783500	47640
2784000	47648
2784500	47653
2785000	47658
2785500	47667
2786000	47679
2786500	47684
2787000	47690
2787500	47696
2788000	47708
2788500	47713
2789000	47720
2789500	47726
2790000	47738
2790500	47748
2791000	47761
2791500	47768
2792000	47774
2792500	47782
2793000	47792
2793500	47799
2794000	47804
2794500	47814
2795000	47818
2795500	47822
2796000	47831
2796500	47842
2797000	47849
2797500	47865
2798000	47866
2798500	47878
2799000	47889
2799500	47899
2800000	47908
2800500	47916
2801000	47924
2801500	47933
2802000	47938
2802500	47945
2803000	47949
2803500	47961
2804000	47968
2804500	47980
2805000	47985
2805500	48001
2806000	48008
2806500	48015
2807000	48023
2807500	48031
2808000	48035
2808500	48047
2809000	48056
2809500	48065
2810000	48071
2810500	48078
2811000	48085
2811500	48096
2812000	48109
2812500	48114
2813000	48124
2813500	48131
2814000	48141
2814500	48149
2815000	48161
2815500	48166
2816000	48173
2816500	48183
2817000	48191
2817500	48196
2818000	48203
2818500	48213
2819000	48223
2819500	48234
2820000	48241
2820500	48250
2821000	48252
2821500	48262
2822000	48269
2822500	48276
2823000	48284
2823500	48304
2824000	48312
2824500	48321
2825000	48327
2825500	48335
2826000	48339
2826500	48348
2827000	48353
2827500	48362
2828000	48368
2828500	48376
2829000	48389
2829500	48396
2830000	48405
2830500	48415
2831000	48426
2831500	48436
2832000	48450
2832500	48462
2833000	48470
2833500	48479
2834000	48485
2834500	48493
2835000	48502
2835500	48508
2836000	48517
2836500	48527
2837000	48532
2837500	48544
2838000	48557
2838500	48563
2839000	48567
2839500	48575
2840000	48586
2840500	48595
2841000	48612
2841500	48617
2842000	48624
2842500	48630
2843000	48637
2843500	48643
2844000	48647
2844500	48658
2845000	48667
2845500	48683
2846000	48689
2846500	48698
2847000	48705
2847500	48718
2848000	48726
2848500	48734
2849000	48741
2849500	48754
2850000	48760
2850500	48766
2851000	48777
2851500	48784
2852000	48797
2852500	48803
2853000	48814
2853500	48823
2854000	48827
2854500	48837
2855000	48848
2855500	48854
2856000	48863
2856500	48870
2857000	48877
2857500	48882
2858000	48893
2858500	48899
2859000	48907
2859500	48916
2860000	48929
2860500	48939
2861000	48946
2861500	48958
2862000	48968
2862500	48977
2863000	48982
2863500	48990
2864000	49003
2864500	49010
2865000	49022
2865500	49028
2866000	49037
2866500	49046
2867000	49055
2867500	49060
2868000	49068
2868500	49088
2869000	49096
2869500	49102
2870000	49106
2870500	49118
2871000	49121
2871500	49122
2872000	49132
2872500	49141
2873000	49148
2873500	49151
2874000	49159
2874500	49168
2875000	49173
2875500	49184
2876000	49193
2876500	49201
2877000	49209
2877500	49219
2878000	49225
2878500	49236
2879000	49249
2879500	49260
2880000	49270
2880500	49278
2881000	49281
2881500	49289
2882000	49294
2882500	49300
2883000	49308
2883500	49319
2884000	49334
2884500	49342
2885000	49352
2885500	49359
2886000	49364
2886500	49374
2887000	49385
2887500	49392
2888000	49394
2888500	49405
2889000	49412
2889500	49421
2890000	49434
2890500	49442
2891000	49449
2891500	49461
2892000	49474
2892500	49486
2893000	49496
2893500	49505
2894000	49508
2894500	49518
2895000	49529
2895500	49533
2896000	49538
2896500	49548
2897000	49554
2897500	49567
2898000	49576
2898500	49585
2899000	49595
2899500	49609
2900000	49619
2900500	49626
2901000	49638
2901500	49646
2902000	49655
2902500	49658
2903000	49663
2903500	49672
2904000	49681
2904500	49693
2905000	49700
2905500	49707
2906000	49716
2906500	49726
2907000	49731
2907500	49738
2908000	49751
2908500	49760
2909000	49771
2909500	49775
2910000	49781
2910500	49789
2911000	49796
2911500	49814
2912000	49820
2912500	49827
2913000	49841
2913500	49848
2914000	49855
2914500	49865
2915000	49868
2915500	49879
2916000	49886
2916500	49901
2917000	49910
2917500	49914
2918000	49919
2918500	49924
2919000	49929
2919500	49944
2920000	49950
2920500	49958
2921000	49964
2921500	49968
2922000	49979
2922500	49986
2923000	49991
2923500	50001
2924000	50009
2924500	50021
2925000	50026
2925500	50037
2926000	50043
2926500	50052
2927000	50060
2927500	50070
2928000	50078
2928500	50090
2929000	50094
2929500	50101
2930000	50112
2930500	50118
2931000	50124
2931500	50135
2932000	50148
2932500	50162
2933000	50175
2933500	50186
2934000	50195
2934500	50200
2935000	50208
2935500	50219
2936000	50232
2936500	50240
2937000	50250
2937500	50256
2938000	50263
2938500	50271
2939000	50284
2939500	50294
2940000	50303
2940500	50315
2941000	50323
2941500	50331
2942000	50341
2942500	50352
2943000	50361
2943500	50367
2944000	50376
2944500	50385
2945000	50395
2945500	50401
2946000	50410
2946500	50416
2947000	50426
2947500	50433
2948000	50444
2948500	50453
2949000	50463
2949500	50475
2950000	50479
2950500	50487
2951000	50499
2951500	50504
2952000	50515
2952500	50521
2953000	50531
2953500	50540
2954000	50548
2954500	50558
2955000	50568
2955500	50575
2956000	50588
2956500	50601
2957000	50609
2957500	50616
2958000	50628
2958500	50638
2959000	50643
2959500	50651
2960000	50664
2960500	50671
2961000	50682
2961500	50695
2962000	50705
2962500	50717
2963000	50731
2963500	50738
2964000	50747
2964500	50753
2965000	50761
2965500	50770
2966000	50781
2966500	50790
2967000	50797
2967500	50809
2968000	50817
2968500	50828
2969000	50833
2969500	50837
2970000	50844
2970500	50855
2971000	50865
2971500	50870
2972000	50880
2972500	50891
2973000	50900
2973500	50908
2974000	50922
2974500	50932
2975000	50942
2975500	50950
2976000	50957
2976500	50965
2977000	50979
2977500	50988
2978000	50995
2978500	51002
2979000	51012
2979500	51019
2980000	51023
2980500	51029
2981000	51038
2981500	51052
2982000	51062
2982500	51073
2983000	51084
2983500	51090
2984000	51098
2984500	51101
2985000	51111
2985500	51119
2986000	51127
2986500	51136
2987000	51140
2987500	51149
2988000	51158
2988500	51167
2989000	51174
2989500	51179
2990000	51190
2990500	51200
2991000	51211
2991500	51215
2992000	51221
2992500	51224
2993000	51237
2993500	51247
2994000	51258
2994500	51265
2995000	51272
2995500	51282
2996000	51292
2996500	51297
2997000	51302
2997500	51310
2998000	51313
2998500	51320
2999000	51336
2999500	51341
3000000	51347
3000500	51361
3001000	51363
3001500	51378
3002000	51397
3002500	51401
3003000	51413
3003500	51420
3004000	51423
3004500	51429
3005000	51442
3005500	51450
3006000	51458
3006500	51468
3007000	51477
3007500	51484
3008000	51492
3008500	51500
3009000	51511
3009500	51524
3010000	51529
3010500	51535
3011000	51542
3011500	51555
3012000	51558
3012500	51566
3013000	51571
3013500	51586
3014000	51597
3014500	51604
3015000	51616
3015500	51625
3016000	51633
3016500	51639
3017000	51644
3017500	51655
3018000	51667
3018500	51672
3019000	51687
3019500	51699
3020000	51711
3020500	51718
3021000	51724
3021500	51736
3022000	51742
3022500	51749
3023000	51758
3023500	51763
3024000	51770
3024500	51782
3025000	51795
3025500	51803
3026000	51808
3026500	51820
3027000	51828
3027500	51834
3028000	51838
3028500	51847
3029000	51853
3029500	51855
3030000	51868
3030500	51877
3031000	51886
3031500	51891
3032000	51897
3032500	51909
3033000	51915
3033500	51927
3034000	51939
3034500	51950
3035000	51965
3035500	51977
3036000	51990
3036500	51994
3037000	52004
3037500	52009
3038000	52015
3038500	52019
3039000	52033
3039500	52037
3040000	52047
3040500	52053
3041000	52057
3041500	52069
3042000	52078
3042500	52087
3043000	52095
3043500	52102
3044000	52112
3044500	52117
3045000	52125
3045500	52133
3046000	52143
3046500	52150
3047000	52160
3047500	52167
3048000	52177
3048500	52184
3049000	52195
3049500	52208
3050000	52217
3050500	52224
3051000	52229
3051500	52240
3052000	52246
3052500	52252
3053000	52256
3053500	52264
3054000	52269
3054500	52277
3055000	52287
3055500	52297
3056000	52306
3056500	52310
3057000	52319
3057500	52326
3058000	52333
3058500	52347
3059000	52361
3059500	52368
3060000	52373
3060500	52381
3061000	52389
3061500	52410
3062000	52428
3062500	52434
3063000	52440
3063500	52449
3064000	52453
3064500	52465
3065000	52467
3065500	52477
3066000	52484
3066500	52494
3067000	52506
3067500	52512
3068000	52520
3068500	52533
3069000	52542
3069500	52552
3070000	52562
3070500	52574
3071000	52578
3071500	52585
3072000	52593
3072500	52601
3073000	52608
3073500	52611
3074000	52621
3074500	52628
3075000	52639
3075500	52649
3076000	52658
3076500	52674
3077000	52686
3077500	52692
3078000	52702
3078500	52710
3079000	52716
3079500	52726
3080000	52733
3080500	52742
3081000	52747
3081500	52755
3082000	52766
3082500	52773
3083000	52779
3083500	52790
3084000	52798
3084500	52809
3085000	52820
3085500	52824
3086000	52838
3086500	52848
3087000	52859
3087500	52869
3088000	52875
3088500	52877
3089000	52884
3089500	52890
3090000	52895
3090500	52900
3091000	52911
3091500	52926
3092000	52935
3092500	52944
3093000	52956
3093500	52967
3094000	52978
3094500	52988
3095000	52995
3095500	52999
3096000	53009
3096500	53020
3097000	53025
3097500	53033
3098000	53037
3098500	53051
3099000	53060
3099500	53069
3100000	53077
3100500	53083
3101000	53094
3101500	53108
3102000	53116
3102500	53127
3103000	53137
3103500	53145
3104000	53154
3104500	53162
3105000	53171
3105500	53182
3106000	53192
3106500	53204
3107000	53212
3107500	53223
3108000	53230
3108500	53243
3109000	53254
3109500	53264
3110000	53270
3110500	53280
3111000	53290
3111500	53300
3112000	53307
3112500	53311
3113000	53324
3113500	53332
3114000	53337
3114500	53352
3115000	53358
3115500	53369
3116000	53379
3116500	53390
3117000	53404
3117500	53409
3118000	53420
3118500	53427
3119000	53433
3119500	53446
3120000	53454
3120500	53463
3121000	53468
3121500	53479
3122000	53488
3122500	53494
3123000	53501
3123500	53512
3124000	53521
3124500	53529
3125000	53537
3125500	53549
3126000	53559
3126500	53565
3127000	53581
3127500	53586
3128000	53598
3128500	53605
3129000	53617
3129500	53629
3130000	53635
3130500	53641
3131000	53651
3131500	53657
3132000	53664
3132500	53672
3133000	53679
3133500	53686
3134000	53695
3134500	53705
3135000	53706
3135500	53716
3136000	53723
3136500	53732
3137000	53738
3137500	53753
3138000	53759
3138500	53766
3139000	53776
3139500	53784
3140000	53791
3140500	53801
3141000	53810
3141500	53817
3142000	53824
3142500	53833
3143000	53840
3143500	53848
3144000	53861
3144500	53869
3145000	53882
3145500	53890
3146000	53897
3146500	53906
3147000	53913
3147500	53924
3148000	53932
3148500	53938
3149000	53949
3149500	53958
3150000	53963
3150500	53974
3151000	53982
3151500	53991
3152000	53997
3152500	54002
3153000	54012
3153500	54023
3154000	54034
3154500	54048
3155000	54055
3155500	54061
3156000	54065
3156500	54073
3157000	54082
3157500	54090
3158000	54097
3158500	54108
3159000	54123
3159500	54129
3160000	54138
3160500	54145
3161000	54152
3161500	54161
3162000	54169
3162500	54177
3163000	54183
3163500	54189
3164000	54198
3164500	54205
3165000	54213
3165500	54223
3166000	54233
3166500	54246
3167000	54258
3167500	54264
3168000	54274
3168500	54281
3169000	54288
3169500	54296
3170000	54306
3170500	54319
3171000	54326
3171500	54335
3172000	54340
3172500	54344
3173000	54348
3173500	54359
3174000	54368
3174500	54379
3175000	54388
3175500	54400
3176000	54411
3176500	54419
3177000	54426
3177500	54436
3178000	54443
3178500	54450
3179000	54459
3179500	54466
3180000	54474
3180500	54479
3181000	54482
3181500	54492
3182000	54505
3182500	54513
3183000	54517
3183500	54525
3184000	54533
3184500	54538
3185000	54543
3185500	54547
3186000	54554
3186500	54560
3187000	54566
3187500	54574
3188000	54584
3188500	54589
3189000	54594
3189500	54603
3190000	54609
3190500	54617
3191000	54628
3191500	54636
3192000	54641
3192500	54660
3193000	54674
3193500	54684
3194000	54692
3194500	54699
3195000	54709
3195500	54718
3196000	54727
3196500	54733
3197000	54741
3197500	54757
3198000	54767
3198500	54775
3199000	54787
3199500	54805
3200000	54818
3200500	54827
3201000	54830
3201500	54836
3202000	54840
3202500	54849
3203000	54857
3203500	54861
3204000	54870
3204500	54882
3205000	54890
3205500	54897
3206000	54903
3206500	54911
3207000	54920
3207500	54931
3208000	54941
3208500	54948
3209000	54960
3209500	54976
3210000	54988
3210500	54995
3211000	55004
3211500	55011
3212000	55020
3212500	55024
3213000	55032
3213500	55045
3214000	55057
3214500	55068
3215000	55084
3215500	55092
3216000	55101
3216500	55115
3217000	55121
3217500	55131
3218000	55140
3218500	55147
3219000	55155
3219500	55166
3220000	55172
3220500	55182
3221000	55189
3221500	55192
3222000	55202
3222500	55209
3223000	55217
3223500	55228
3224000	55236
3224500	55251
3225000	55260
3225500	55272
3226000	55280
3226500	55284
3227000	55292
3227500	55300
3228000	55305
3228500	55314
3229000	55321
3229500	55324
3230000	55339
3230500	55349
3231000	55358
3231500	55368
3232000	55378
3232500	55387
3233000	55396
3233500	55404
3234000	55413
3234500	55420
3235000	55431
3235500	55441
3236000	55448
3236500	55455
3237000	55463
3237500	55473
3238000	55482
3238500	55495
3239000	55505
3239500	55510
3240000	55517
3240500	55525
3241000	55534
3241500	55538
3242000	55549
3242500	55557
3243000	55564
3243500	55572
3244000	55582
3244500	55590
3245000	55596
3245500	55605
3246000	55612
3246500	55620
3247000	55625
3247500	55633
3248000	55639
3248500	55644
3249000	55650
3249500	55663
3250000	55677
3250500	55687
3251000	55697
3251500	55707
3252000	55716
3252500	55729
3253000	55734
3253500	55743
3254000	55747
3254500	55761
3255000	55770
3255500	55779
3256000	55785
3256500	55795
3257000	55799
3257500	55809
3258000	55815
3258500	55826
3259000	55837
3259500	55842
3260000	55851
3260500	55859
3261000	55869
3261500	55877
3262000	55886
3262500	55896
3263000	55905
3263500	55913
3264000	55921
3264500	55929
3265000	55944
3265500	55953
3266000	55963
3266500	55975
3267000	55981
3267500	55987
3268000	55999
3268500	56009
3269000	56013
3269500	56024
3270000	56033
3270500	56042
3271000	56053
3271500	56061
3272000	56070
3272500	56075
3273000	56083
3273500	56085
3274000	56091
3274500	56100
3275000	56107
3275500	56113
3276000	56122
3276500	56136
3277000	56152
3277500	56162
3278000	56168
3278500	56179
3279000	56187
3279500	56194
3280000	56201
3280500	56214
3281000	56224
3281500	56229
3282000	56237
3282500	56242
3283000	56251
3283500	56257
3284000	56263
3284500	56266
3285000	56280
3285500	56287
3286000	56299
3286500	56307
3287000	56314
3287500	56325
3288000	56332
3288500	56343
3289000	56346
3289500	56355
3290000	56363
3290500	56374
3291000	56387
3291500	56395
3292000	56401
3292500	56409
3293000	56420
3293500	56427
3294000	56438
3294500	56442
3295000	56452
3295500	56460
3296000	56467
3296500	56475
3297000	56483
3297500	56489
3298000	56495
3298500	56499
3299000	56512
3299500	56523
3300000	56533
3300500	56548
3301000	56558
3301500	56568
3302000	56581
3302500	56589
3303000	56599
3303500	56608
3304000	56615
3304500	56624
3305000	56633
3305500	56640
3306000	56656
3306500	56662
3307000	56668
3307500	56680
3308000	56684
3308500	56690
3309000	56699
3309500	56714
3310000	56728
3310500	56734
3311000	56741
3311500	56747
3312000	56756
3312500	56766
3313000	56775
3313500	56785
3314000	56796
3314500	56803
3315000	56809
3315500	56819
3316000	56826
3316500	56837
3317000	56847
3317500	56862
3318000	56868
3318500	56880
3319000	56892
3319500	56897
3320000	56906
3320500	56915
3321000	56921
3321500	56931
3322000	56936
3322500	56945
3323000	56952
3323500	56957
3324000	56968
3324500	56972
3325000	56983
3325500	56993
3326000	57002
3326500	57009
3327000	57013
3327500	57023
3328000	57029
3328500	57034
3329000	57038
3329500	57043
3330000	57049
3330500	57060
3331000	57072
3331500	57080
3332000	57091
3332500	57093
3333000	57097
3333500	57105
3334000	57113
3334500	57122
3335000	57132
3335500	57138
3336000	57146
3336500	57155
3337000	57160
3337500	57165
3338000	57172
3338500	57188
3339000	57197
3339500	57207
3340000	57214
3340500	57223
3341000	57239
3341500	57249
3342000	57262
3342500	57269
3343000	57272
3343500	57281
3344000	57289
3344500	57298
3345000	57311
3345500	57319
3346000	57326
3346500	57338
3347000	57345
3347500	57360
3348000	57370
3348500	57374
3349000	57383
3349500	57389
3350000	57400
3350500	57405
3351000	57412
3351500	57418
3352000	57427
3352500	57439
3353000	57446
3353500	57462
3354000	57474
3354500	57476
3355000	57482
3355500	57488
3356000	57496
3356500	57501
3357000	57507
3357500	57520
3358000	57525
3358500	57533
3359000	57539
3359500	57552
3360000	57559
3360500	57567
3361000	57574
3361500	57584
3362000	57592
3362500	57600
3363000	57615
3363500	57627
3364000	57635
3364500	57643
3365000	57650
3365500	57653
3366000	57667
3366500	57671
3367000	57685
3367500	57692
3368000	57703
3368500	57707
3369000	57717
3369500	57724
3370000	57730
3370500	57737
3371000	57744
3371500	57749
3372000	57761
3372500	57766
3373000	57783
3373500	57791
3374000	57800
3374500	57805
3375000	57818
3375500	57829
3376000	57838
3376500	57847
3377000	57858
3377500	57864
3378000	57871
3378500	57879
3379000	57885
3379500	57893
3380000	57902
3380500	57916
3381000	57926
3381500	57933
3382000	57942
3382500	57954
3383000	57960
3383500	57970
3384000	57975
3384500	57980
3385000	57986
3385500	57994
3386000	58005
3386500	58012
3387000	58022
3387500	58029
3388000	58039
3388500	58047
3389000	58055
3389500	58069
3390000	58080
3390500	58088
3391000	58099
3391500	58106
3392000	58112
3392500	58116
3393000	58125
3393500	58136
3394000	58145
3394500	58151
3395000	58163
3395500	58171
3396000	58179
3396500	58186
3397000	58195
3397500	58201
3398000	58209
3398500	58215
3399000	58223
3399500	58231
3400000	58237
3400500	58244
3401000	58256
3401500	58265
3402000	58273
3402500	58283
3403000	58297
3403500	58307
3404000	58318
3404500	58329
3405000	58339
3405500	58351
3406000	58358
3406500	58365
3407000	58376
3407500	58387
3408000	58397
3408500	58407
3409000	58415
3409500	58427
3410000	58435
3410500	58439
3411000	58451
3411500	58457
3412000	58466
3412500	58471
3413000	58482
3413500	58489
3414000	58498
3414500	58507
3415000	58517
3415500	58529
3416000	58542
3416500	58550
3417000	58563
3417500	58571
3418000	58577
3418500	58586
3419000	58592
3419500	58601
3420000	58610
3420500	58614
3421000	58625
3421500	58640
3422000	58647
3422500	58665
3423000	58672
3423500	58679
3424000	58690
3424500	58697
3425000	58710
3425500	58719
3426000	58727
3426500	58738
3427000	58748
3427500	58755
3428000	58762
3428500	58772
3429000	58782
3429500	58793
3430000	58799
3430500	58809
3431000	58825
3431500	58837
3432000	58850
3432500	58859
3433000	58866
3433500	58871
3434000	58877
3434500	58887
3435000	58894
3435500	58900
3436000	58908
3436500	58923
3437000	58932
3437500	58941
3438000	58949
3438500	58958
3439000	58971
3439500	58980
3440000	58988
3440500	58996
3441000	59003
3441500	59008
3442000	59016
3442500	59025
3443000	59029
3443500	59041
3444000	59049
3444500	59060
3445000	59070
3445500	59078
3446000	59087
3446500	59100
3447000	59108
3447500	59118
3448000	59127
3448500	59135
3449000	59142
3449500	59150
3450000	59157
3450500	59164
3451000	59180
3451500	59190
3452000	59202
3452500	59213
3453000	59220
3453500	59235
3454000	59242
3454500	59249
3455000	59256
3455500	59265
3456000	59273
3456500	59281
3457000	59291
3457500	59297
3458000	59306
3458500	59311
3459000	59316
3459500	59328
3460000	59337
3460500	59350
3461000	59357
3461500	59364
3462000	59370
3462500	59377
3463000	59393
3463500	59402
3464000	59407
3464500	59416
3465000	59423
3465500	59436
3466000	59439
3466500	59450
3467000	59462
3467500	59471
3468000	59479
3468500	59486
3469000	59492
3469500	59499
3470000	59510
3470500	59515
3471000	59526
3471500	59533
3472000	59544
3472500	59555
3473000	59561
3473500	59571
3474000	59577
3474500	59589
3475000	59597
3475500	59610
3476000	59619
3476500	59625
3477000	59637
3477500	59646
3478000	59654
3478500	59658
3479000	59667
3479500	59680
3480000	59693
3480500	59702
3481000	59709
3481500	59715
3482000	59725
3482500	59730
3483000	59738
3483500	59750
3484000	59759
3484500	59767
3485000	59779
3485500	59789
3486000	59800
3486500	59803
3487000	59812
3487500	59822
3488000	59829
3488500	59840
3489000	59849
3489500	59859
3490000	59868
3490500	59877
3491000	59883
3491500	59889
3492000	59894
3492500	59902
3493000	59912
3493500	59920
3494000	59927
3494500	59931
3495000	59938
3495500	59949
3496000	59957
3496500	59971
3497000	59980
3497500	59991
3498000	59997
3498500	60007
3499000	60020
3499500	60027
3500000	60034
3500500	60047
3501000	60057
3501500	60068
3502000	60078
3502500	60084
3503000	60089
3503500	60095
3504000	60103
3504500	60107
3505000	60113
3505500	60124
3506000	60133
3506500	60141
3507000	60152
3507500	60160
3508000	60173
3508500	60178
3509000	60183
3509500	60188
3510000	60197
3510500	60204
3511000	60219
3511500	60226
3512000	60238
3512500	60244
3513000	60256
3513500	60265
3514000	60277
3514500	60285
3515000	60294
3515500	60301
3516000	60309
3516500	60318
3517000	60331
3517500	60336
3518000	60346
3518500	60353
3519000	60358
3519500	60366
3520000	60374
3520500	60384
3521000	60392
3521500	60401
3522000	60407
3522500	60416
3523000	60426
3523500	60433
3524000	60440
3524500	60447
3525000	60460
3525500	60472
3526000	60483
3526500	60497
3527000	60507
3527500	60518
3528000	60525
3528500	60533
3529000	60541
3529500	60545
3530000	60558
3530500	60566
3531000	60579
3531500	60586
3532000	60594
3532500	60598
3533000	60612
3533500	60616
3534000	60619
3534500	60629
3535000	60631
3535500	60640
3536000	60646
3536500	60654
3537000	60663
3537500	60670
3538000	60680
3538500	60689
3539000	60705
3539500	60708
3540000	60716
3540500	60725
3541000	60737
3541500	60744
3542000	60750
3542500	60757
3543000	60763
3543500	60776
3544000	60788
3544500	60796
3545000	60805
3545500	60812
3546000	60822
3546500	60825
3547000	60831
3547500	60837
3548000	60845
3548500	60859
3549000	60867
3549500	60873
3550000	60879
3550500	60893
3551000	60898
3551500	60904
3552000	60913
3552500	60923
3553000	60930
3553500	60937
3554000	60946
3554500	60958
3555000	60967
3555500	60979
3556000	60989
3556500	60993
3557000	60997
3557500	61008
3558000	61011
3558500	61018
3559000	61027
3559500	61033
3560000	61045
3560500	61053
3561000	61062
3561500	61069
3562000	61074
3562500	61086
3563000	61099
3563500	61110
3564000	61118
3564500	61123
3565000	61136
3565500	61140
3566000	61149
3566500	61159
3567000	61172
3567500	61181
3568000	61188
3568500	61198
3569000	61207
3569500	61215
3570000	61220
3570500	61232
3571000	61241
3571500	61244
3572000	61253
3572500	61258
3573000	61265
3573500	61273
3574000	61283
3574500	61289
3575000	61299
3575500	61306
3576000	61317
3576500	61323
3577000	61336
3577500	61341
3578000	61356
3578500	61368
3579000	61379
3579500	61384
3580000	61393
3580500	61408
3581000	61418
3581500	61428
3582000	61435
3582500	61440
3583000	61448
3583500	61459
3584000	61466
3584500	61474
3585000	61483
3585500	61485
3586000	61494
3586500	61502
3587000	61511
3587500	61522
3588000	61533
3588500	61541
3589000	61553
3589500	61567
3590000	61574
3590500	61581
3591000	61588
3591500	61598
3592000	61605
3592500	61609
3593000	61616
3593500	61627
3594000	61633
3594500	61641
3595000	61647
3595500	61653
3596000	61660
3596500	61668
3597000	61675
3597500	61682
3598000	61690
3598500	61706
3599000	61720
3599500	61735
3600000	61741
3600500	61753
3601000	61759
3601500	61771
3602000	61775
3602500	61783
3603000	61790
3603500	61804
3604000	61812
3604500	61819
3605000	61829
3605500	61837
3606000	61847
3606500	61857
3607000	61868
3607500	61873
3608000	61881
3608500	61892
3609000	61899
3609500	61918
3610000	61926
3610500	61934
3611000	61945
3611500	61952
3612000	61958
3612500	61966
3613000	61968
3613500	61978
3614000	61994
3614500	62004
3615000	62009
3615500	62019
3616000	62026
3616500	62040
3617000	62047
3617500	62055
3618000	62063
3618500	62068
3619000	62074
3619500	62081
3620000	62087
3620500	62096
3621000	62102
3621500	62109
3622000	62118
3622500	62123
3623000	62133
3623500	62146
3624000	62154
3624500	62157
3625000	62167
3625500	62173
3626000	62188
3626500	62192
3627000	62197
3627500	62210
3628000	62218
3628500	62223
3629000	62238
3629500	62244
3630000	62253
3630500	62258
3631000	62268
3631500	62279
3632000	62290
3632500	62300
3633000	62307
3633500	62312
3634000	62320
3634500	62326
3635000	62332
3635500	62338
3636000	62344
3636500	62358
3637000	62368
3637500	62381
3638000	62392
3638500	62402
3639000	62411
3639500	62417
3640000	62427
3640500	62436
3641000	62442
3641500	62456
3642000	62460
3642500	62473
3643000	62480
3643500	62487
3644000	62495
3644500	62506
3645000	62517
3645500	62526
3646000	62538
3646500	62543
3647000	62550
3647500	62556
3648000	62566
3648500	62570
3649000	62574
3649500	62581
3650000	62588
3650500	62597
3651000	62605
3651500	62616
3652000	62624
3652500	62636
3653000	62647
3653500	62656
3654000	62668
3654500	62673
3655000	62680
3655500	62685
3656000	62691
3656500	62699
3657000	62705
3657500	62715
3658000	62724
3658500	62733
3659000	62741
3659500	62751
3660000	62759
3660500	62769
3661000	62778
3661500	62785
3662000	62794
3662500	62800
3663000	62808
3663500	62817
3664000	62826
3664500	62832
3665000	62838
3665500	62844
3666000	62851
3666500	62859
3667000	62866
3667500	62875
3668000	62882
3668500	62892
3669000	62899
3669500	62906
3670000	62909
3670500	62918
3671000	62928
3671500	62933
3672000	62943
3672500	62951
3673000	62957
3673500	62969
3674000	62977
3674500	62988
3675000	62997
3675500	63008
3676000	63014
3676500	63023
3677000	63028
3677500	63039
3678000	63045
3678500	63055
3679000	63066
3679500	63071
3680000	63080
3680500	63088
3681000	63101
3681500	63110
3682000	63121
3682500	63128
3683000	63137
3683500	63147
3684000	63155
3684500	63165
3685000	63174
3685500	63182
3686000	63196
3686500	63202
3687000	63214
3687500	63222
3688000	63229
3688500	63232
3689000	63239
3689500	63250
3690000	63262
3690500	63267
3691000	63275
3691500	63282
3692000	63293
3692500	63305
3693000	63323
3693500	63329
3694000	63333
3694500	63344
3695000	63359
3695500	63362
3696000	63370
3696500	63379
3697000	63389
3697500	63397
3698000	63404
3698500	63406
3699000	63416
3699500	63428
3700000	63442
3700500	63452
3701000	63460
3701500	63468
3702000	63477
3702500	63486
3703000	63498
3703500	63510
3704000	63516
3704500	63524
3705000	63530
3705500	63539
3706000	63550
3706500	63561
3707000	63567
3707500	63575
3708000	63587
3708500	63596
3709000	63600
3709500	63610
3710000	63625
3710500	63631
3711000	63643
3711500	63654
3712000	63660
3712500	63675
3713000	63683
3713500	63692
3714000	63702
3714500	63709
3715000	63720
3715500	63732
3716000	63745
3716500	63754
3717000	63760
3717500	63771
3718000	63778
3718500	63786
3719000	63790
3719500	63800
3720000	63810
3720500	63816
3721000	63823
3721500	63826
3722000	63832
3722500	63842
3723000	63848
3723500	63858
3724000	63863
3724500	63876
3725000	63884
3725500	63889
3726000	63897
3726500	63904
3727000	63913
3727500	63921
3728000	63931
3728500	63946
3729000	63952
3729500	63966
3730000	63972
3730500	63975
3731000	63980
3731500	63990
3732000	63995
3732500	64011
3733000	64014
3733500	64021
3734000	64034
3734500	64041
3735000	64051
3735500	64063
3736000	64073
3736500	64079
3737000	64086
3737500	64090
3738000	64097
3738500	64113
3739000	64121
3739500	64127
3740000	64130
3740500	64139
3741000	64143
3741500	64153
3742000	64162
3742500	64172
3743000	64183
3743500	64186
3744000	64198
3744500	64210
3745000	64216
3745500	64220
3746000	64228
3746500	64236
3747000	64248
3747500	64252
3748000	64256
3748500	64265
3749000	64271
3749500	64282
3750000	64291
3750500	64300
3751000	64306
3751500	64314
3752000	64321
3752500	64330
3753000	64337
3753500	64347
3754000	64354
3754500	64369
3755000	64375
3755500	64382
3756000	64390
3756500	64396
3757000	64412
3757500	64425
3758000	64437
3758500	64449
3759000	64453
3759500	64460
3760000	64470
3760500	64481
3761000	64493
3761500	64497
3762000	64508
3762500	64516
3763000	64528
3763500	64535
3764000	64546
3764500	64558
3765000	64564
3765500	64571
3766000	64577
3766500	64584
3767000	64595
3767500	64604
3768000	64607
3768500	64617
3769000	64628
3769500	64633
3770000	64638
3770500	64644
3771000	64658
3771500	64667
3772000	64677
3772500	64682
3773000	64689
3773500	64691
3774000	64702
3774500	64708
3775000	64720
3775500	64733
3776000	64741
3776500	64750
3777000	64761
3777500	64766
3778000	64776
3778500	64783
3779000	64793
3779500	64798
3780000	64806
3780500	64813
3781000	64826
3781500	64838
3782000	64855
3782500	64861
3783000	64871
3783500	64879
3784000	64885
3784500	64893
3785000	64903
3785500	64909
3786000	64918
3786500	64928
3787000	64937
3787500	64947
3788000	64955
3788500	64964
3789000	64974
3789500	64990
3790000	65001
3790500	65008
3791000	65018
3791500	65024
3792000	65033
3792500	65045
3793000	65054
3793500	65058
3794000	65064
3794500	65075
3795000	65082
3795500	65093
3796000	65103
3796500	65110
3797000	65116
3797500	65129
3798000	65140
3798500	65149
3799000	65160
3799500	65171
3800000	65179
3800500	65184
3801000	65193
3801500	65202
3802000	65212
3802500	65219
3803000	65234
3803500	65242
3804000	65249
3804500	65255
3805000	65264
3805500	65270
3806000	65281
3806500	65287
3807000	65301
3807500	65308
3808000	65319
3808500	65333
3809000	65344
3809500	65349
3810000	65357
3810500	65366
3811000	65374
3811500	65387
3812000	65396
3812500	65400
3813000	65409
3813500	65420
3814000	65428
3814500	65433
3815000	65438
3815500	65448
3816000	65460
3816500	65470
3817000	65483
3817500	65490
3818000	65501
3818500	65505
3819000	65513
3819500	65526
3820000	65531
3820500	65534
3821000	65543
3821500	65553
3822000	65561
3822500	65570
3823000	65576
3823500	65583
3824000	65601
3824500	65612
3825000	65619
3825500	65623
3826000	65636
3826500	65651
3827000	65658
3827500	65667
3828000	65675
3828500	65690
3829000	65698
3829500	65707
3830000	65714
3830500	65723
3831000	65728
3831500	65739
3832000	65746
3832500	65750
3833000	65758
3833500	65765
3834000	65774
3834500	65780
3835000	65791
3835500	65808
3836000	65815
3836500	65827
3837000	65838
3837500	65847
3838000	65857
3838500	65861
3839000	65866
3839500	65872
3840000	65880
3840500	65891
3841000	65898
3841500	65907
3842000	65915
3842500	65925
3843000	65936
3843500	65942
3844000	65949
3844500	65957
3845000	65964
3845500	65969
3846000	65978
3846500	65987
3847000	65997
3847500	66007
3848000	66014
3848500	66020
3849000	66029
3849500	66036
3850000	66041
3850500	66048
3851000	66060
3851500	66069
3852000	66073
3852500	66076
3853000	66086
3853500	66095
3854000	66102
3854500	66110
3855000	66122
3855500	66127
3856000	66139
3856500	66149
3857000	66157
3857500	66169
3858000	66176
3858500	66190
3859000	66200
3859500	66207
3860000	66216
3860500	66222
3861000	66233
3861500	66240
3862000	66243
3862500	66250
3863000	66255
3863500	66265
3864000	66276
3864500	66289
3865000	66296
3865500	66302
3866000	66317
3866500	66329
3867000	66335
3867500	66348
3868000	66355
3868500	66364
3869000	66375
3869500	66383
3870000	66395
3870500	66401
3871000	66411
3871500	66422
3872000	66427
3872500	66435
3873000	66448
3873500	66457
3874000	66461
3874500	66471
3875000	66478
3875500	66483
3876000	66492
3876500	66498
3877000	66505
3877500	66510
3878000	66520
3878500	66532
3879000	66538
3879500	66544
3880000	66555
3880500	66561
3881000	66566
3881500	66572
3882000	66578
3882500	66581
3883000	66593
3883500	66605
3884000	66619
3884500	66630
3885000	66636
3885500	66644
3886000	66654
3886500	66660
3887000	66669
3887500	66675
3888000	66684
3888500	66693
3889000	66702
3889500	66711
3890000	66726
3890500	66743
3891000	66751
3891500	66760
3892000	66772
3892500	66782
3893000	66791
3893500	66800
3894000	66801
3894500	66807
3895000	66818
3895500	66826
3896000	66839
3896500	66850
3897000	66856
3897500	66863
3898000	66870
3898500	66876
3899000	66885
3899500	66891
3900000	66901
3900500	66906
3901000	66914
3901500	66922
3902000	66931
3902500	66937
3903000	66950
3903500	66959
3904000	66967
3904500	66975
3905000	66986
3905500	66996
3906000	67005
3906500	67012
3907000	67024
3907500	67032
3908000	67044
3908500	67052
3909000	67061
3909500	67067
3910000	67076
3910500	67083
3911000	67095
3911500	67103
3912000	67112
3912500	67121
3913000	67126
3913500	67137
3914000	67144
3914500	67151
3915000	67161
3915500	67167
3916000	67179
3916500	67183
3917000	67187
3917500	67199
3918000	67208
3918500	67214
3919000	67221
3919500	67228
3920000	67243
3920500	67247
3921000	67256
3921500	67272
3922000	67281
3922500	67294
3923000	67304
3923500	67315
3924000	67322
3924500	67330
3925000	67343
3925500	67355
3926000	67365
3926500	67369
3927000	67383
3927500	67390
3928000	67395
3928500	67406
3929000	67414
3929500	67423
3930000	67431
3930500	67439
3931000	67449
3931500	67454
3932000	67464
3932500	67471
3933000	67481
3933500	67490
3934000	67498
3934500	67507
3935000	67516
3935500	67528
3936000	67537
3936500	67551
3937000	67558
3937500	67569
3938000	67583
3938500	67588
3939000	67596
3939500	67604
3940000	67611
3940500	67613
3941000	67622
3941500	67627
3942000	67631
3942500	67635
3943000	67642
3943500	67646
3944000	67660
3944500	67669
3945000	67675
3945500	67682
3946000	67690
3946500	67695
3947000	67702
3947500	67713
3948000	67723
3948500	67733
3949000	67742
3949500	67749
3950000	67759
3950500	67763
3951000	67768
3951500	67777
3952000	67781
3952500	67785
3953000	67793
3953500	67803
3954000	67814
3954500	67817
3955000	67820
3955500	67836
3956000	67846
3956500	67857
3957000	67866
3957500	67885
3958000	67895
3958500	67902
3959000	67909
3959500	67918
3960000	67923
3960500	67933
3961000	67944
3961500	67958
3962000	67966
3962500	67973
3963000	67981
3963500	67993
3964000	68002
3964500	68012
3965000	68020
3965500	68030
3966000	68038
3966500	68047
3967000	68057
3967500	68073
3968000	68079
3968500	68088
3969000	68094
3969500	68098
3970000	68111
3970500	68126
3971000	68134
3971500	68142
3972000	68145
3972500	68154
3973000	68162
3973500	68170
3974000	68179
3974500	68182
3975000	68190
3975500	68198
3976000	68219
3976500	68225
3977000	68230
3977500	68235
3978000	68245
3978500	68252
3979000	68258
3979500	68268
3980000	68282
3980500	68287
3981000	68295
3981500	68305
3982000	68315
3982500	68320
3983000	68328
3983500	68342
3984000	68350
3984500	68357
3985000	68365
3985500	68373
3986000	68383
3986500	68391
3987000	68399
3987500	68404
3988000	68416
3988500	68423
3989000	68434
3989500	68447
3990000	68452
3990500	68455
3991000	68463
3991500	68474
3992000	68482
3992500	68488
3993000	68498
3993500	68511
3994000	68524
3994500	68532
3995000	68544
3995500	68551
3996000	68555
3996500	68558
3997000	68569
3997500	68581
3998000	68586
3998500	68592
3999000	68600
3999500	68613
4000000	68620
4000500	68634
4001000	68644
4001500	68648
4002000	68661
4002500	68668
4003000	68674
4003500	68682
4004000	68691
4004500	68697
4005000	68708
4005500	68715
4006000	68719
4006500	68728
4007000	68733
4007500	68741
4008000	68745
4008500	68762
4009000	68772
4009500	68776
4010000	68778
4010500	68784
4011000	68793
4011500	68800
4012000	68813
4012500	68826
4013000	68836
4013500	68844
4014000	68853
4014500	68861
4015000	68868
4015500	68881
4016000	68889
4016500	68895
4017000	68905
4017500	68912
4018000	68923
4018500	68932
4019000	68942
4019500	68948
4020000	68956
4020500	68965
4021000	68972
4021500	68982
4022000	68989
4022500	68997
4023000	69009
4023500	69014
4024000	69020
4024500	69030
4025000	69040
4025500	69049
4026000	69057
4026500	69069
4027000	69077
4027500	69086
4028000	69096
4028500	69106
4029000	69115
4029500	69121
4030000	69131
4030500	69136
4031000	69144
4031500	69156
4032000	69170
4032500	69176
4033000	69188
4033500	69196
4034000	69202
4034500	69210
4035000	69217
4035500	69223
4036000	69234
4036500	69237
4037000	69243
4037500	69251
4038000	69260
4038500	69271
4039000	69278
4039500	69287
4040000	69296
4040500	69304
4041000	69313
4041500	69321
4042000	69329
4042500	69338
4043000	69346
4043500	69356
4044000	69364
4044500	69372
4045000	69376
4045500	69387
4046000	69391
4046500	69402
4047000	69412
4047500	69422
4048000	69433
4048500	69446
4049000	69454
4049500	69458
4050000	69465
4050500	69474
4051000	69481
4051500	69490
4052000	69498
4052500	69509
4053000	69518
4053500	69525
4054000	69533
4054500	69538
4055000	69545
4055500	69558
4056000	69574
4056500	69579
4057000	69583
4057500	69588
4058000	69595
4058500	69605
4059000	69623
4059500	69631
4060000	69640
4060500	69647
4061000	69649
4061500	69659
4062000	69671
4062500	69681
4063000	69687
4063500	69705
4064000	69712
4064500	69718
4065000	69727
4065500	69734
4066000	69738
4066500	69748
4067000	69759
4067500	69768
4068000	69776
4068500	69784
4069000	69790
4069500	69801
4070000	69806
4070500	69820
4071000	69828
4071500	69837
4072000	69848
4072500	69852
4073000	69859
4073500	69869
4074000	69873
4074500	69881
4075000	69888
4075500	69895
4076000	69904
4076500	69915
4077000	69921
4077500	69932
4078000	69941
4078500	69952
4079000	69962
4079500	69968
4080000	69976
4080500	69981
4081000	69992
4081500	69996
4082000	70013
4082500	70020
4083000	70029
4083500	70040
4084000	70043
4084500	70054
4085000	70058
4085500	70073
4086000	70077
4086500	70087
4087000	70098
4087500	70110
4088000	70117
4088500	70124
4089000	70135
4089500	70139
4090000	70147
4090500	70150
4091000	70159
4091500	70167
4092000	70175
4092500	70183
4093000	70191
4093500	70197
4094000	70207
4094500	70221
4095000	70231
4095500	70239
4096000	70246
4096500	70261
4097000	70274
4097500	70284
4098000	70294
4098500	70301
4099000	70315
4099500	70320
4100000	70329
4100500	70335
4101000	70342
4101500	70356
4102000	70365
4102500	70368
4103000	70378
4103500	70387
4104000	70398
4104500	70401
4105000	70409
4105500	70420
4106000	70431
4106500	70438
4107000	70441
4107500	70447
4108000	70456
4108500	70464
4109000	70473
4109500	70482
4110000	70490
4110500	70496
4111000	70505
4111500	70517
4112000	70528
4112500	70537
4113000	70553
4113500	70563
4114000	70568
4114500	70573
4115000	70579
4115500	70583
4116000	70594
4116500	70600
4117000	70610
4117500	70622
4118000	70635
4118500	70644
4119000	70654
4119500	70665
4120000	70676
4120500	70680
4121000	70687
4121500	70695
4122000	70700
4122500	70710
4123000	70717
4123500	70727
4124000	70737
4124500	70745
4125000	70751
4125500	70758
4126000	70771
4126500	70779
4127000	70783
4127500	70788
4128000	70799
4128500	70814
4129000	70816
4129500	70827
4130000	70832
4130500	70848
4131000	70859
4131500	70862
4132000	70868
4132500	70878
4133000	70885
4133500	70896
4134000	70905
4134500	70911
4135000	70927
4135500	70937
4136000	70950
4136500	70960
4137000	70972
4137500	70980
4138000	70984
4138500	70994
4139000	71004
4139500	71011
4140000	71017
4140500	71024
4141000	71033
4141500	71044
4142000	71047
4142500	71056
4143000	71067
4143500	71075
4144000	71088
4144500	71099
4145000	71114
4145500	71122
4146000	71129
4146500	71136
4147000	71151
4147500	71164
4148000	71171
4148500	71178
4149000	71186
4149500	71192
4150000	71200
4150500	71207
4151000	71215
4151500	71219
4152000	71228
4152500	71233
4153000	71238
4153500	71247
4154000	71258
4154500	71269
4155000	71277
4155500	71285
4156000	71295
4156500	71308
4157000	71315
4157500	71325
4158000	71330
4158500	71341
4159000	71349
4159500	71357
4160000	71370
4160500	71379
4161000	71383
4161500	71391
4162000	71400
4162500	71412
4163000	71421
4163500	71424
4164000	71432
4164500	71438
4165000	71444
4165500	71449
4166000	71458
4166500	71467
4167000	71474
4167500	71483
4168000	71495
4168500	71509
4169000	71518
4169500	71520
4170000	71528
4170500	71538
4171000	71545
4171500	71554
4172000	71561
4172500	71566
4173000	71581
4173500	71589
4174000	71595
4174500	71601
4175000	71612
4175500	71617
4176000	71627
4176500	71633
4177000	71643
4177500	71651
4178000	71659
4178500	71664
4179000	71674
4179500	71677
4180000	71685
4180500	71690
4181000	71703
4181500	71710
4182000	71716
4182500	71731
4183000	71737
4183500	71745
4184000	71757
4184500	71768
4185000	71784
4185500	71795
4186000	71803
4186500	71817
4187000	71829
4187500	71837
4188000	71840
4188500	71849
4189000	71857
4189500	71863
4190000	71868
4190500	71875
4191000	71887
4191500	71895
4192000	71905
4192500	71911
4193000	71921
4193500	71929
4194000	71939
4194500	71945
4195000	71952
4195500	71956
4196000	71967
4196500	71985
4197000	71998
4197500	72007
4198000	72016
4198500	72021
4199000	72031
4199500	72037
4200000	72048
4200500	72058
4201000	72065
4201500	72074
4202000	72080
4202500	72086
4203000	72098
4203500	72107
4204000	72114
4204500	72122
4205000	72130
4205500	72142
4206000	72153
4206500	72164
4207000	72175
4207500	72183
4208000	72187
4208500	72196
4209000	72205
4209500	72210
4210000	72221
4210500	72222
4211000	72231
4211500	72236
4212000	72244
4212500	72253
4213000	72268
4213500	72276
4214000	72287
4214500	72300
4215000	72310
4215500	72312
4216000	72318
4216500	72323
4217000	72330
4217500	72339
4218000	72347
4218500	72359
4219000	72363
4219500	72369
4220000	72382
4220500	72391
4221000	72397
4221500	72407
4222000	72414
4222500	72420
4223000	72427
4223500	72433
4224000	72444
4224500	72448
4225000	72454
4225500	72462
4226000	72475
4226500	72481
4227000	72492
4227500	72501
4228000	72509
4228500	72518
4229000	72524
4229500	72535
4230000	72542
4230500	72555
4231000	72565
4231500	72571
4232000	72578
4232500	72584
4233000	72594
4233500	72602
4234000	72608
4234500	72616
4235000	72623
4235500	72632
4236000	72640
4236500	72652
4237000	72664
4237500	72671
4238000	72682
4238500	72686
4239000	72691
4239500	72701
4240000	72708
4240500	72723
4241000	72731
4241500	72735
4242000	72745
4242500	72757
4243000	72766
4243500	72772
4244000	72781
4244500	72789
4245000	72794
4245500	72803
4246000	72812
4246500	72821
4247000	72829
4247500	72839
4248000	72848
4248500	72855
4249000	72868
4249500	72879
4250000	72888
4250500	72896
4251000	72900
4251500	72907
4252000	72915
4252500	72927
4253000	72936
4253500	72945
4254000	72952
4254500	72960
4255000	72965
4255500	72971
4256000	72982
4256500	72987
4257000	72996
4257500	73008
4258000	73020
4258500	73030
4259000	73033
4259500	73049
4260000	73061
4260500	73071
4261000	73086
4261500	73096
4262000	73108
4262500	73114
4263000	73122
4263500	73128
4264000	73134
4264500	73144
4265000	73157
4265500	73163
4266000	73171
4266500	73180
4267000	73188
4267500	73194
4268000	73202
4268500	73215
4269000	73224
4269500	73229
4270000	73237
4270500	73247
4271000	73256
4271500	73266
4272000	73279
4272500	73291
4273000	73296
4273500	73305
4274000	73312
4274500	73318
4275000	73326
4275500	73331
4276000	73341
4276500	73349
4277000	73363
4277500	73371
4278000	73378
4278500	73387
4279000	73399
4279500	73404
4280000	73411
4280500	73421
4281000	73429
4281500	73433
4282000	73445
4282500	73452
4283000	73465
4283500	73471
4284000	73480
4284500	73485
4285000	73494
4285500	73498
4286000	73508
4286500	73516
4287000	73525
4287500	73533
4288000	73549
4288500	73557
4289000	73563
4289500	73569
4290000	73578
4290500	73588
4291000	73598
4291500	73606
4292000	73619
4292500	73624
4293000	73634
4293500	73646
4294000	73655
4294500	73661
4295000	73667
4295500	73675
4296000	73685
4296500	73700
4297000	73709
4297500	73721
4298000	73738
4298500	73748
4299000	73754
4299500	73767
4300000	73776
4300500	73779
4301000	73786
4301500	73793
4302000	73801
4302500	73811
4303000	73816
4303500	73820
4304000	73830
4304500	73834
4305000	73842
4305500	73849
4306000	73861
4306500	73875
4307000	73884
4307500	73888
4308000	73896
4308500	73904
4309000	73906
4309500	73910
4310000	73918
4310500	73932
4311000	73943
4311500	73956
4312000	73966
4312500	73978
4313000	73987
4313500	73993
4314000	74000
4314500	74011
4315000	74018
4315500	74022
4316000	74035
4316500	74043
4317000	74048
4317500	74056
4318000	74068
4318500	74076
4319000	74084
4319500	74091
4320000	74098
4320500	74107
4321000	74113
4321500	74121
4322000	74130
4322500	74134
4323000	74142
4323500	74156
4324000	74166
4324500	74175
4325000	74182
4325500	74188
4326000	74195
4326500	74204
4327000	74213
4327500	74223
4328000	74229
4328500	74238
4329000	74245
4329500	74255
4330000	74266
4330500	74276
4331000	74285
4331500	74291
4332000	74302
4332500	74315
4333000	74326
4333500	74335
4334000	74344
4334500	74349
4335000	74358
4335500	74362
4336000	74374
4336500	74385
4337000	74392
4337500	74397
4338000	74410
4338500	74416
4339000	74422
4339500	74432
4340000	74438
4340500	74449
4341000	74457
4341500	74465
4342000	74471
4342500	74480
4343000	74484
4343500	74492
4344000	74502
4344500	74508
4345000	74517
4345500	74523
4346000	74534
4346500	74542
4347000	74556
4347500	74563
4348000	74569
4348500	74579
4349000	74585
4349500	74592
4350000	74597
4350500	74608
4351000	74618
4351500	74625
4352000	74635
4352500	74647
4353000	74655
4353500	74664
4354000	74674
4354500	74680
4355000	74689
4355500	74700
4356000	74706
4356500	74720
4357000	74729
4357500	74736
4358000	74743
4358500	74751
4359000	74755
4359500	74766
4360000	74774
4360500	74791
4361000	74796
4361500	74803
4362000	74814
4362500	74823
4363000	74831
4363500	74836
4364000	74851
4364500	74859
4365000	74865
4365500	74875
4366000	74882
4366500	74891
4367000	74897
4367500	74899
4368000	74912
4368500	74921
4369000	74933
4369500	74938
4370000	74948
4370500	74962
4371000	74971
4371500	74983
4372000	74990
4372500	75003
4373000	75006
4373500	75013
4374000	75022
4374500	75028
4375000	75039
4375500	75050
4376000	75063
4376500	75069
4377000	75079
4377500	75090
4378000	75096
4378500	75104
4379000	75111
4379500	75114
4380000	75124
4380500	75137
4381000	75145
4381500	75153
4382000	75165
4382500	75172
4383000	75180
4383500	75192
4384000	75205
4384500	75213
4385000	75224
4385500	75229
4386000	75234
4386500	75247
4387000	75260
4387500	75264
4388000	75272
4388500	75278
4389000	75292
4389500	75303
4390000	75316
4390500	75325
4391000	75338
4391500	75346
4392000	75354
4392500	75364
4393000	75368
4393500	75377
4394000	75387
4394500	75397
4395000	75409
4395500	75416
4396000	75423
4396500	75432
4397000	75440
4397500	75451
4398000	75460
4398500	75470
4399000	75474
4399500	75484
4400000	75496
4400500	75500
4401000	75505
4401500	75514
4402000	75523
4402500	75532
4403000	75539
4403500	75552
4404000	75561
4404500	75565
4405000	75570
4405500	75578
4406000	75591
4406500	75599
4407000	75607
4407500	75614
4408000	75625
4408500	75638
4409000	75642
4409500	75648
4410000	75657
4410500	75665
4411000	75677
4411500	75683
4412000	75692
4412500	75701
4413000	75704
4413500	75710
4414000	75723
4414500	75737
4415000	75751
4415500	75760
4416000	75768
4416500	75775
4417000	75778
4417500	75788
4418000	75798
4418500	75803
4419000	75810
4419500	75820
4420000	75826
4420500	75834
4421000	75845
4421500	75858
4422000	75869
4422500	75877
4423000	75885
4423500	75891
4424000	75901
4424500	75911
4425000	75916
4425500	75927
4426000	75932
4426500	75939
4427000	75950
4427500	75965
4428000	75973
4428500	75975
4429000	75988
4429500	75994
4430000	76004
4430500	76017
4431000	76024
4431500	76031
4432000	76043
4432500	76051
4433000	76060
4433500	76065
4434000	76076
4434500	76083
4435000	76093
4435500	76104
4436000	76111
4436500	76114
4437000	76127
4437500	76135
4438000	76143
4438500	76154
4439000	76165
4439500	76169
4440000	76185
4440500	76192
4441000	76200
4441500	76204
4442000	76216
4442500	76226
4443000	76229
4443500	76238
4444000	76245
4444500	76257
4445000	76266
4445500	76273
4446000	76280
4446500	76288
4447000	76304
4447500	76315
4448000	76329
4448500	76338
4449000	76349
4449500	76353
4450000	76360
4450500	76370
4451000	76378
4451500	76384
4452000	76393
4452500	76404
4453000	76414
4453500	76427
4454000	76439
4454500	76448
4455000	76460
4455500	76463
4456000	76474
4456500	76481
4457000	76491
4457500	76502
4458000	76508
4458500	76522
4459000	76529
4459500	76543
4460000	76549
4460500	76557
4461000	76568
4461500	76575
4462000	76579
4462500	76591
4463000	76598
4463500	76607
4464000	76617
4464500	76624
4465000	76631
4465500	76642
4466000	76653
4466500	76666
4467000	76677
4467500	76683
4468000	76689
4468500	76698
4469000	76702
4469500	76713
4470000	76720
4470500	76731
4471000	76737
4471500	76745
4472000	76753
4472500	76763
4473000	76774
4473500	76783
4474000	76791
4474500	76791
4475000	76795
4475500	76804
4476000	76814
4476500	76824
4477000	76839
4477500	76849
4478000	76854
4478500	76859
4479000	76866
4479500	76874
4480000	76879
4480500	76889
4481000	76902
4481500	76905
4482000	76913
4482500	76921
4483000	76928
4483500	76941
4484000	76946
4484500	76952
4485000	76962
4485500	76971
4486000	76979
4486500	76986
4487000	77000
4487500	77008
4488000	77015
4488500	77020
4489000	77033
4489500	77044
4490000	77051
4490500	77066
4491000	77076
4491500	77084
4492000	77089
4492500	77097
4493000	77100
4493500	77102
4494000	77121
4494500	77131
4495000	77139
4495500	77151
4496000	77156
4496500	77170
4497000	77179
4497500	77188
4498000	77199
4498500	77205
4499000	77217
4499500	77220
4500000	77234
4500500	77238
4501000	77242
4501500	77254
4502000	77262
4502500	77271
4503000	77276
4503500	77279
4504000	77293
4504500	77302
4505000	77310
4505500	77314
4506000	77322
4506500	77336
4507000	77344
4507500	77355
4508000	77370
4508500	77380
4509000	77389
4509500	77395
4510000	77401
4510500	77404
4511000	77423
4511500	77427
4512000	77431
4512500	77443
4513000	77449
4513500	77459
4514000	77464
4514500	77473
4515000	77488
4515500	77496
4516000	77501
4516500	77513
4517000	77522
4517500	77531
4518000	77538
4518500	77552
4519000	77558
4519500	77565
4520000	77569
4520500	77579
4521000	77589
4521500	77599
4522000	77610
4522500	77621
4523000	77628
4523500	77635
4524000	77644
4524500	77655
4525000	77660
4525500	77667
4526000	77678
4526500	77691
4527000	77697
4527500	77709
4528000	77718
4528500	77724
4529000	77729
4529500	77742
4530000	77751
4530500	77759
4531000	77766
4531500	77770
4532000	77779
4532500	77795
4533000	77806
4533500	77812
4534000	77824
4534500	77833
4535000	77840
4535500	77848
4536000	77856
4536500	77863
4537000	77874
4537500	77890
4538000	77898
4538500	77908
4539000	77921
4539500	77927
4540000	77936
4540500	77949
4541000	77960
4541500	77963
4542000	77971
4542500	77976
4543000	77982
4543500	77987
4544000	77997
4544500	78007
4545000	78014
4545500	78019
4546000	78030
4546500	78039
4547000	78045
4547500	78052
4548000	78056
4548500	78063
4549000	78069
4549500	78088
4550000	78093
4550500	78099
4551000	78112
4551500	78117
4552000	78125
4552500	78144
4553000	78153
4553500	78161
4554000	78172
4554500	78182
4555000	78191
4555500	78199
4556000	78207
4556500	78212
4557000	78224
4557500	78231
4558000	78241
4558500	78246
4559000	78254
4559500	78261
4560000	78267
4560500	78275
4561000	78287
4561500	78291
4562000	78303
4562500	78319
4563000	78329
4563500	78334
4564000	78343
4564500	78351
4565000	78357
4565500	78368
4566000	78377
4566500	78384
4567000	78398
4567500	78406
4568000	78413
4568500	78419
4569000	78424
4569500	78435
4570000	78447
4570500	78459
4571000	78470
4571500	78478
4572000	78486
4572500	78491
4573000	78497
4573500	78508
4574000	78511
4574500	78527
4575000	78534
4575500	78546
4576000	78564
4576500	78573
4577000	78582
4577500	78587
4578000	78599
4578500	78607
4579000	78612
4579500	78626
4580000	78631
4580500	78641
4581000	78653
4581500	78659
4582000	78669
4582500	78675
4583000	78685
4583500	78699
4584000	78705
4584500	78715
4585000	78729
4585500	78737
4586000	78748
4586500	78755
4587000	78764
4587500	78773
4588000	78782
4588500	78790
4589000	78796
4589500	78803
4590000	78811
4590500	78820
4591000	78828
4591500	78835
4592000	78851
4592500	78860
4593000	78869
4593500	78871
4594000	78877
4594500	78887
4595000	78890
4595500	78896
4596000	78904
4596500	78910
4597000	78923
4597500	78930
4598000	78942
4598500	78953
4599000	78961
4599500	78972
4600000	78980
4600500	78986
4601000	79000
4601500	79014
4602000	79015
4602500	79021
4603000	79033
4603500	79040
4604000	79043
4604500	79048
4605000	79055
4605500	79064
4606000	79078
4606500	79085
4607000	79090
4607500	79097
4608000	79102
4608500	79110
4609000	79114
4609500	79122
4610000	79131
4610500	79137
4611000	79150
4611500	79158
4612000	79170
4612500	79177
4613000	79186
4613500	79192
4614000	79202
4614500	79210
4615000	79219
4615500	79232
4616000	79238
4616500	79244
4617000	79255
4617500	79268
4618000	79273
4618500	79282
4619000	79291
4619500	79301
4620000	79305
4620500	79314
4621000	79323
4621500	79329
4622000	79343
4622500	79347
4623000	79354
4623500	79366
4624000	79375
4624500	79384
4625000	79392
4625500	79399
4626000	79405
4626500	79412
4627000	79425
4627500	79431
4628000	79438
4628500	79447
4629000	79452
4629500	79461
4630000	79470
4630500	79479
4631000	79486
4631500	79500
4632000	79509
4632500	79513
4633000	79516
4633500	79523
4634000	79535
4634500	79542
4635000	79548
4635500	79554
4636000	79563
4636500	79570
4637000	79581
4637500	79597
4638000	79608
4638500	79614
4639000	79622
4639500	79630
4640000	79635
4640500	79644
4641000	79651
4641500	79654
4642000	79658
4642500	79668
4643000	79676
4643500	79685
4644000	79699
4644500	79709
4645000	79723
4645500	79734
4646000	79742
4646500	79747
4647000	79758
4647500	79767
4648000	79774
4648500	79780
4649000	79787
4649500	79793
4650000	79800
4650500	79813
4651000	79820
4651500	79835
4652000	79840
4652500	79848
4653000	79864
4653500	79869
4654000	79874
4654500	79882
4655000	79891
4655500	79906
4656000	79915
4656500	79925
4657000	79932
4657500	79945
4658000	79954
4658500	79957
4659000	79970
4659500	79984
4660000	79990
4660500	79999
4661000	80004
4661500	80009
4662000	80017
4662500	80026
4663000	80030
4663500	80035
4664000	80046
4664500	80056
4665000	80058
4665500	80065
4666000	80071
4666500	80084
4667000	80097
4667500	80103
4668000	80109
4668500	80119
4669000	80127
4669500	80135
4670000	80144
4670500	80161
4671000	80166
4671500	80178
4672000	80188
4672500	80201
4673000	80209
4673500	80217
4674000	80226
4674500	80232
4675000	80243
4675500	80250
4676000	80259
4676500	80268
4677000	80274
4677500	80282
4678000	80290
4678500	80297
4679000	80307
4679500	80315
4680000	80328
4680500	80336
4681000	80344
4681500	80352
4682000	80359
4682500	80366
4683000	80377
4683500	80385
4684000	80394
4684500	80410
4685000	80417
4685500	80420
4686000	80435
4686500	80444
4687000	80459
4687500	80464
4688000	80474
4688500	80484
4689000	80491
4689500	80499
4690000	80508
4690500	80516
4691000	80523
4691500	80531
4692000	80539
4692500	80550
4693000	80561
4693500	80572
4694000	80581
4694500	80590
4695000	80597
4695500	80601
4696000	80606
4696500	80615
4697000	80627
4697500	80642
4698000	80650
4698500	80660
4699000	80666
4699500	80673
4700000	80683
4700500	80690
4701000	80697
4701500	80708
4702000	80716
4702500	80719
4703000	80728
4703500	80742
4704000	80751
4704500	80757
4705000	80764
4705500	80772
4706000	80780
4706500	80792
4707000	80805
4707500	80810
4708000	80818
4708500	80827
4709000	80838
4709500	80846
4710000	80853
4710500	80864
4711000	80872
4711500	80883
4712000	80892
4712500	80903
4713000	80908
4713500	80917
4714000	80924
4714500	80933
4715000	80941
4715500	80949
4716000	80957
4716500	80962
4717000	80969
4717500	80979
4718000	80984
4718500	80991
4719000	81006
4719500	81011
4720000	81017
4720500	81027
4721000	81039
4721500	81051
4722000	81063
4722500	81072
4723000	81083
4723500	81087
4724000	81102
4724500	81109
4725000	81116
4725500	81122
4726000	81131
4726500	81139
4727000	81149
4727500	81157
4728000	81164
4728500	81174
4729000	81186
4729500	81195
4730000	81207
4730500	81211
4731000	81218
4731500	81225
4732000	81231
4732500	81240
4733000	81253
4733500	81268
4734000	81274
4734500	81280
4735000	81282
4735500	81290
4736000	81298
4736500	81308
4737000	81314
4737500	81326
4738000	81337
4738500	81344
4739000	81350
4739500	81358
4740000	81363
4740500	81377
4741000	81385
4741500	81392
4742000	81397
4742500	81406
4743000	81420
4743500	81429
4744000	81437
4744500	81449
4745000	81459
4745500	81466
4746000	81472
4746500	81479
4747000	81487
4747500	81491
4748000	81501
4748500	81508
4749000	81515
4749500	81528
4750000	81535
4750500	81543
4751000	81555
4751500	81564
4752000	81577
4752500	81587
4753000	81598
4753500	81608
4754000	81617
4754500	81626
4755000	81632
4755500	81645
4756000	81651
4756500	81664
4757000	81673
4757500	81684
4758000	81690
4758500	81697
4759000	81704
4759500	81714
4760000	81716
4760500	81722
4761000	81726
4761500	81735
4762000	81741
4762500	81751
4763000	81756
4763500	81765
4764000	81775
4764500	81791
4765000	81803
4765500	81813
4766000	81824
4766500	81830
4767000	81836
4767500	81841
4768000	81846
4768500	81857
4769000	81861
4769500	81867
4770000	81878
4770500	81886
4771000	81893
4771500	81901
4772000	81904
4772500	81915
4773000	81925
4773500	81929
4774000	81936
4774500	81945
4775000	81954
4775500	81967
4776000	81976
4776500	81981
4777000	81989
4777500	81995
4778000	82006
4778500	82011
4779000	82027
4779500	82040
4780000	82050
4780500	82060
4781000	82073
4781500	82083
4782000	82092
4782500	82100
4783000	82106
4783500	82109
4784000	82114
4784500	82131
4785000	82137
4785500	82152
4786000	82165
4786500	82178
4787000	82187
4787500	82191
4788000	82198
4788500	82203
4789000	82213
4789500	82219
4790000	82228
4790500	82237
4791000	82246
4791500	82254
4792000	82264
4792500	82273
4793000	82279
4793500	82292
4794000	82298
4794500	82305
4795000	82315
4795500	82324
4796000	82334
4796500	82346
4797000	82353
4797500	82366
4798000	82376
4798500	82384
4799000	82390
4799500	82399
4800000	82402
4800500	82410
4801000	82422
4801500	82434
4802000	82440
4802500	82449
4803000	82456
4803500	82461
4804000	82470
4804500	82478
4805000	82487
4805500	82496
4806000	82500
4806500	82508
4807000	82516
4807500	82526
4808000	82533
4808500	82540
4809000	82545
4809500	82549
4810000	82561
4810500	82570
4811000	82578
4811500	82587
4812000	82592
4812500	82596
4813000	82607
4813500	82615
4814000	82621
4814500	82630
4815000	82635
4815500	82647
4816000	82661
4816500	82667
4817000	82675
4817500	82683
4818000	82691
4818500	82697
4819000	82703
4819500	82712
4820000	82719
4820500	82723
4821000	82729
4821500	82734
4822000	82747
4822500	82758
4823000	82769
4823500	82779
4824000	82791
4824500	82794
4825000	82800
4825500	82807
4826000	82818
4826500	82825
4827000	82832
4827500	82838
4828000	82845
4828500	82854
4829000	82862
4829500	82869
4830000	82878
4830500	82887
4831000	82897
4831500	82904
4832000	82908
4832500	82917
4833000	82929
4833500	82944
4834000	82952
4834500	82969
4835000	82979
4835500	82987
4836000	83001
4836500	83010
4837000	83021
4837500	83032
4838000	83039
4838500	83051
4839000	83053
4839500	83062
4840000	83068
4840500	83076
4841000	83088
4841500	83096
4842000	83105
4842500	83105
4843000	83115
4843500	83120
4844000	83131
4844500	83141
4845000	83150
4845500	83160
4846000	83164
4846500	83171
4847000	83179
4847500	83189
4848000	83196
4848500	83201
4849000	83212
4849500	83218
4850000	83226
4850500	83232
4851000	83238
4851500	83245
4852000	83255
4852500	83264
4853000	83271
4853500	83283
4854000	83285
4854500	83295
4855000	83305
4855500	83314
4856000	83328
4856500	83340
4857000	83344
4857500	83356
4858000	83363
4858500	83372
4859000	83381
4859500	83387
4860000	83394
4860500	83398
4861000	83406
4861500	83412
4862000	83420
4862500	83428
4863000	83434
4863500	83442
4864000	83450
4864500	83454
4865000	83465
4865500	83474
4866000	83487
4866500	83499
4867000	83504
4867500	83515
4868000	83521
4868500	83530
4869000	83541
4869500	83551
4870000	83559
4870500	83567
4871000	83575
4871500	83582
4872000	83596
4872500	83609
4873000	83616
4873500	83628
4874000	83636
4874500	83646
4875000	83651
4875500	83660
4876000	83667
4876500	83678
4877000	83686
4877500	83692
4878000	83697
4878500	83706
4879000	83711
4879500	83718
4880000	83722
4880500	83735
4881000	83743
4881500	83755
4882000	83760
4882500	83771
4883000	83779
4883500	83794
4884000	83804
4884500	83815
4885000	83820
4885500	83824
4886000	83832
4886500	83840
4887000	83850
4887500	83860
4888000	83872
4888500	83882
4889000	83889
4889500	83894
4890000	83900
4890500	83908
4891000	83918
4891500	83927
4892000	83934
4892500	83943
4893000	83957
4893500	83965
4894000	83973
4894500	83980
4895000	83987
4895500	83999
4896000	84011
4896500	84025
4897000	84031
4897500	84040
4898000	84048
4898500	84058
4899000	84070
4899500	84076
4900000	84080
4900500	84088
4901000	84097
4901500	84104
4902000	84112
4902500	84121
4903000	84126
4903500	84137
4904000	84147
4904500	84155
4905000	84166
4905500	84171
4906000	84179
4906500	84187
4907000	84193
4907500	84208
4908000	84222
4908500	84234
4909000	84243
4909500	84250
4910000	84258
4910500	84266
4911000	84271
4911500	84282
4912000	84287
4912500	84299
4913000	84308
4913500	84316
4914000	84320
4914500	84332
4915000	84340
4915500	84354
4916000	84362
4916500	84370
4917000	84384
4917500	84398
4918000	84408
4918500	84420
4919000	84427
4919500	84439
4920000	84445
4920500	84453
4921000	84463
4921500	84471
4922000	84476
4922500	84478
4923000	84486
4923500	84493
4924000	84507
4924500	84512
4925000	84524
4925500	84527
4926000	84536
4926500	84545
4927000	84558
4927500	84565
4928000	84578
4928500	84587
4929000	84600
4929500	84606
4930000	84618
4930500	84628
4931000	84634
4931500	84645
4932000	84656
4932500	84665
4933000	84673
4933500	84679
4934000	84690
4934500	84704
4935000	84713
4935500	84729
4936000	84738
4936500	84747
4937000	84753
4937500	84757
4938000	84763
4938500	84778
4939000	84789
4939500	84799
4940000	84805
4940500	84810
4941000	84818
4941500	84824
4942000	84834
4942500	84841
4943000	84842
4943500	84846
4944000	84856
4944500	84873
4945000	84883
4945500	84892
4946000	84900
4946500	84905
4947000	84916
4947500	84922
4948000	84928
4948500	84937
4949000	84945
4949500	84951
4950000	84959
4950500	84970
4951000	84978
4951500	84993
4952000	84998
4952500	85006
4953000	85014
4953500	85027
4954000	85036
4954500	85045
4955000	85062
4955500	85071
4956000	85078
4956500	85090
4957000	85095
4957500	85107
4958000	85125
4958500	85132
4959000	85136
4959500	85142
4960000	85151
4960500	85157
4961000	85167
4961500	85172
4962000	85180
4962500	85191
4963000	85202
4963500	85212
4964000	85218
4964500	85229
4965000	85234
4965500	85243
4966000	85253
4966500	85265
4967000	85270
4967500	85278
4968000	85291
4968500	85297
4969000	85310
4969500	85320
4970000	85332
4970500	85344
4971000	85353
4971500	85363
4972000	85374
4972500	85384
4973000	85391
4973500	85400
4974000	85413
4974500	85418
4975000	85431
4975500	85440
4976000	85446
4976500	85452
4977000	85463
4977500	85470
4978000	85474
4978500	85479
4979000	85486
4979500	85490
4980000	85497
4980500	85508
4981000	85514
4981500	85522
4982000	85531
4982500	85536
4983000	85551
4983500	85558
4984000	85569
4984500	85581
4985000	85584
4985500	85593
4986000	85604
4986500	85612
4987000	85621
4987500	85631
4988000	85639
4988500	85647
4989000	85657
4989500	85663
4990000	85670
4990500	85673
4991000	85685
4991500	85694
4992000	85707
4992500	85718
4993000	85728
4993500	85741
4994000	85749
4994500	85757
4995000	85762
4995500	85771
4996000	85777
4996500	85790
4997000	85795
4997500	85807
4998000	85818
4998500	85830
4999000	85840
4999500	85850
5000000	85855
5000500	85862
5001000	85865
5001500	85878
5002000	85885
5002500	85891
5003000	85900
5003500	85906
5004000	85914
5004500	85926
5005000	85933
5005500	85941
5006000	85948
5006500	85959
5007000	85971
5007500	85984
5008000	85993
5008500	86001
5009000	86005
5009500	86010
5010000	86018
5010500	86031
5011000	86039
5011500	86048
5012000	86053
5012500	86062
5013000	86073
5013500	86085
5014000	86092
5014500	86095
5015000	86105
5015500	86119
5016000	86130
5016500	86136
5017000	86137
5017500	86143
5018000	86154
5018500	86162
5019000	86168
5019500	86180
5020000	86191
5020500	86201
5021000	86211
5021500	86217
5022000	86228
5022500	86231
5023000	86239
5023500	86242
5024000	86251
5024500	86261
5025000	86271
5025500	86277
5026000	86284
5026500	86294
5027000	86303
5027500	86309
5028000	86318
5028500	86326
5029000	86339
5029500	86352
5030000	86356
5030500	86365
5031000	86369
5031500	86380
5032000	86389
5032500	86399
5033000	86406
5033500	86413
5034000	86420
5034500	86427
5035000	86438
5035500	86450
5036000	86456
5036500	86467
5037000	86474
5037500	86489
5038000	86496
5038500	86497
5039000	86505
5039500	86515
5040000	86520
5040500	86531
5041000	86539
5041500	86548
5042000	86552
5042500	86562
5043000	86567
5043500	86572
5044000	86575
5044500	86584
5045000	86597
5045500	86612
5046000	86629
5046500	86636
5047000	86646
5047500	86660
5048000	86665
5048500	86675
5049000	86690
5049500	86700
5050000	86707
5050500	86714
5051000	86718
5051500	86726
5052000	86733
5052500	86744
5053000	86746
5053500	86755
5054000	86756
5054500	86765
5055000	86771
5055500	86777
5056000	86783
5056500	86791
5057000	86806
5057500	86818
5058000	86831
5058500	86840
5059000	86847
5059500	86857
5060000	86864
5060500	86884
5061000	86897
5061500	86905
5062000	86909
5062500	86918
5063000	86930
5063500	86940
5064000	86948
5064500	86953
5065000	86962
5065500	86975
5066000	86982
5066500	86992
5067000	87002
5067500	87011
5068000	87016
5068500	87029
5069000	87036
5069500	87048
5070000	87056
5070500	87064
5071000	87073
5071500	87080
5072000	87089
5072500	87106
5073000	87112
5073500	87126
5074000	87132
5074500	87136
5075000	87143
5075500	87151
5076000	87160
5076500	87169
5077000	87175
5077500	87181
5078000	87186
5078500	87193
5079000	87200
5079500	87204
5080000	87215
5080500	87228
5081000	87241
5081500	87250
5082000	87256
5082500	87266
5083000	87273
5083500	87279
5084000	87288
5084500	87292
5085000	87302
5085500	87311
5086000	87322
5086500	87335
5087000	87345
5087500	87354
5088000	87362
5088500	87374
5089000	87388
5089500	87395
5090000	87402
5090500	87414
5091000	87422
5091500	87430
5092000	87440
5092500	87452
5093000	87457
5093500	87472
5094000	87484
5094500	87488
5095000	87496
5095500	87503
5096000	87508
5096500	87519
5097000	87528
5097500	87534
5098000	87538
5098500	87549
5099000	87560
5099500	87570
5100000	87583
5100500	87591
5101000	87598
5101500	87606
5102000	87609
5102500	87623
5103000	87628
5103500	87635
5104000	87640
5104500	87645
5105000	87651
5105500	87666
5106000	87672
5106500	87679
5107000	87689
5107500	87698
5108000	87704
5108500	87713
5109000	87724
5109500	87736
5110000	87747
5110500	87756
5111000	87759
5111500	87770
5112000	87779
5112500	87786
5113000	87795
5113500	87800
5114000	87811
5114500	87824
5115000	87835
5115500	87849
5116000	87857
5116500	87866
5117000	87876
5117500	87890
5118000	87900
5118500	87911
5119000	87920
5119500	87928
5120000	87934
5120500	87943
5121000	87949
5121500	87956
5122000	87960
5122500	87965
5123000	87976
5123500	87985
5124000	87990
5124500	88001
5125000	88009
5125500	88018
5126000	88024
5126500	88029
5127000	88041
5127500	88048
5128000	88059
5128500	88070
5129000	88080
5129500	88089
5130000	88096
5130500	88103
5131000	88113
5131500	88120
5132000	88128
5132500	88136
5133000	88146
5133500	88155
5134000	88163
5134500	88171
5135000	88178
5135500	88186
5136000	88197
5136500	88204
5137000	88209
5137500	88220
5138000	88229
5138500	88233
5139000	88245
5139500	88255
5140000	88263
5140500	88271
5141000	88287
5141500	88294
5142000	88303
5142500	88316
5143000	88322
5143500	88332
5144000	88347
5144500	88357
5145000	88368
5145500	88384
5146000	88391
5146500	88399
5147000	88409
5147500	88415
5148000	88429
5148500	88437
5149000	88447
5149500	88452
5150000	88456
5150500	88464
5151000	88472
5151500	88478
5152000	88490
5152500	88496
5153000	88505
5153500	88510
5154000	88520
5154500	88530
5155000	88541
5155500	88554
5156000	88564
5156500	88573
5157000	88581
5157500	88582
5158000	88587
5158500	88602
5159000	88612
5159500	88619
5160000	88624
5160500	88627
5161000	88636
5161500	88646
5162000	88651
5162500	88657
5163000	88672
5163500	88679
5164000	88687
5164500	88698
5165000	88706
5165500	88712
5166000	88716
5166500	88719
5167000	88727
5167500	88739
5168000	88748
5168500	88764
5169000	88772
5169500	88786
5170000	88797
5170500	88804
5171000	88813
5171500	88818
5172000	88829
5172500	88836
5173000	88844
5173500	88852
5174000	88862
5174500	88873
5175000	88886
5175500	88894
5176000	88901
5176500	88911
5177000	88918
5177500	88922
5178000	88932
5178500	88939
5179000	88950
5179500	88962
5180000	88967
5180500	88973
5181000	88984
5181500	88992
5182000	89007
5182500	89014
5183000	89025
5183500	89032
5184000	89039
5184500	89047
5185000	89055
5185500	89067
5186000	89076
5186500	89089
5187000	89099
5187500	89108
5188000	89117
5188500	89126
5189000	89138
5189500	89148
5190000	89161
5190500	89169
5191000	89174
5191500	89178
5192000	89183
5192500	89198
5193000	89208
5193500	89219
5194000	89230
5194500	89238
5195000	89252
5195500	89259
5196000	89264
5196500	89275
5197000	89281
5197500	89286
5198000	89292
5198500	89296
5199000	89305
5199500	89315
5200000	89323
5200500	89333
5201000	89341
5201500	89351
5202000	89357
5202500	89362
5203000	89372
5203500	89387
5204000	89398
5204500	89410
5205000	89421
5205500	89426
5206000	89436
5206500	89443
5207000	89453
5207500	89466
5208000	89471
5208500	89482
5209000	89486
5209500	89495
5210000	89504
5210500	89517
5211000	89528
5211500	89534
5212000	89546
5212500	89553
5213000	89557
5213500	89564
5214000	89570
5214500	89577
5215000	89587
5215500	89589
5216000	89600
5216500	89610
5217000	89616
5217500	89626
5218000	89631
5218500	89641
5219000	89648
5219500	89659
5220000	89668
5220500	89677
5221000	89686
5221500	89696
5222000	89703
5222500	89712
5223000	89725
5223500	89735
5224000	89742
5224500	89753
5225000	89763
5225500	89768
5226000	89774
5226500	89781
5227000	89790
5227500	89796
5228000	89802
5228500	89812
5229000	89818
5229500	89831
5230000	89843
5230500	89856
5231000	89864
5231500	89872
5232000	89877
5232500	89884
5233000	89898
5233500	89914
5234000	89920
5234500	89929
5235000	89940
5235500	89946
5236000	89954
5236500	89963
5237000	89977
5237500	89983
5238000	89995
5238500	90003
5239000	90014
5239500	90024
5240000	90028
5240500	90035
5241000	90048
5241500	90059
5242000	90069
5242500	90077
5243000	90091
5243500	90095
5244000	90103
5244500	90111
5245000	90114
5245500	90118
5246000	90124
5246500	90134
5247000	90143
5247500	90153
5248000	90162
5248500	90172
5249000	90186
5249500	90192
5250000	90199
5250500	90205
5251000	90215
5251500	90222
5252000	90233
5252500	90240
5253000	90248
5253500	90255
5254000	90263
5254500	90272
5255000	90283
5255500	90293
5256000	90296
5256500	90308
5257000	90319
5257500	90328
5258000	90335
5258500	90340
5259000	90350
5259500	90359
5260000	90364
5260500	90369
5261000	90375
5261500	90389
5262000	90399
5262500	90404
5263000	90410
5263500	90417
5264000	90423
5264500	90436
5265000	90447
5265500	90460
5266000	90463
5266500	90469
5267000	90475
5267500	90485
5268000	90498
5268500	90504
5269000	90513
5269500	90523
5270000	90527
5270500	90536
5271000	90544
5271500	90549
5272000	90554
5272500	90565
5273000	90573
5273500	90585
5274000	90591
5274500	90601
5275000	90611
5275500	90622
5276000	90629
5276500	90642
5277000	90657
5277500	90662
5278000	90673
5278500	90680
5279000	90693
5279500	90698
5280000	90705
5280500	90711
5281000	90713
5281500	90724
5282000	90729
5282500	90736
5283000	90745
5283500	90752
5284000	90761
5284500	90770
5285000	90774
5285500	90783
5286000	90791
5286500	90798
5287000	90809
5287500	90815
5288000	90823
5288500	90830
5289000	90841
5289500	90851
5290000	90856
5290500	90865
5291000	90875
5291500	90886
5292000	90895
5292500	90903
5293000	90910
5293500	90921
5294000	90929
5294500	90940
5295000	90955
5295500	90962
5296000	90971
5296500	90979
5297000	90988
5297500	91000
5298000	91003
5298500	91008
5299000	91021
5299500	91028
5300000	91033
5300500	91045
5301000	91053
5301500	91060
5302000	91071
5302500	91077
5303000	91089
5303500	91093
5304000	91101
5304500	91111
5305000	91116
5305500	91123
5306000	91132
5306500	91142
5307000	91152
5307500	91167
5308000	91180
5308500	91187
5309000	91193
5309500	91203
5310000	91211
5310500	91221
5311000	91230
5311500	91237
5312000	91242
5312500	91251
5313000	91266
5313500	91275
5314000	91292
5314500	91298
5315000	91308
5315500	91317
5316000	91328
5316500	91333
5317000	91342
5317500	91346
5318000	91360
5318500	91365
5319000	91377
5319500	91382
5320000	91388
5320500	91401
5321000	91407
5321500	91417
5322000	91426
5322500	91433
5323000	91446
5323500	91459
5324000	91463
5324500	91469
5325000	91477
5325500	91486
5326000	91502
5326500	91507
5327000	91518
5327500	91528
5328000	91541
5328500	91547
5329000	91551
5329500	91560
5330000	91565
5330500	91578
5331000	91585
5331500	91592
5332000	91598
5332500	91608
5333000	91620
5333500	91634
5334000	91641
5334500	91646
5335000	91655
5335500	91659
5336000	91666
5336500	91672
5337000	91681
5337500	91690
5338000	91700
5338500	91705
5339000	91712
5339500	91718
5340000	91731
5340500	91738
5341000	91746
5341500	91757
5342000	91770
5342500	91775
5343000	91782
5343500	91790
5344000	91798
5344500	91806
5345000	91819
5345500	91829
5346000	91834
5346500	91844
5347000	91853
5347500	91863
5348000	91870
5348500	91879
5349000	91887
5349500	91894
5350000	91903
5350500	91909
5351000	91915
5351500	91923
5352000	91935
5352500	91942
5353000	91955
5353500	91963
5354000	91972
5354500	91981
5355000	91996
5355500	92006
5356000	92015
5356500	92023
5357000	92032
5357500	92042
5358000	92055
5358500	92063
5359000	92072
5359500	92081
5360000	92091
5360500	92098
5361000	92107
5361500	92111
5362000	92116
5362500	92126
5363000	92134
5363500	92143
5364000	92150
5364500	92155
5365000	92163
5365500	92175
5366000	92186
5366500	92193
5367000	92199
5367500	92206
5368000	92212
5368500	92229
5369000	92240
5369500	92250
5370000	92256
5370500	92266
5371000	92278
5371500	92283
5372000	92286
5372500	92293
5373000	92299
5373500	92308
5374000	92316
5374500	92326
5375000	92334
5375500	92343
5376000	92353
5376500	92365
5377000	92377
5377500	92385
5378000	92396
5378500	92405
5379000	92412
5379500	92423
5380000	92437
5380500	92443
5381000	92450
5381500	92469
5382000	92477
5382500	92490
5383000	92495
5383500	92509
5384000	92519
5384500	92530
5385000	92538
5385500	92545
5386000	92550
5386500	92558
5387000	92564
5387500	92573
5388000	92582
5388500	92596
5389000	92601
5389500	92605
5390000	92618
5390500	92625
5391000	92632
5391500	92639
5392000	92645
5392500	92653
5393000	92668
5393500	92679
5394000	92687
5394500	92698
5395000	92706
5395500	92718
5396000	92731
5396500	92736
5397000	92742
5397500	92754
5398000	92762
5398500	92773
5399000	92787
5399500	92790
5400000	92795
5400500	92802
5401000	92815
5401500	92828
5402000	92837
5402500	92842
5403000	92857
5403500	92863
5404000	92868
5404500	92878
5405000	92882
5405500	92888
5406000	92900
5406500	92913
5407000	92922
5407500	92933
5408000	92942
5408500	92949
5409000	92959
5409500	92965
5410000	92971
5410500	92983
5411000	92992
5411500	93003
5412000	93006
5412500	93011
5413000	93022
5413500	93029
5414000	93042
5414500	93051
5415000	93061
5415500	93068
5416000	93075
5416500	93084
5417000	93097
5417500	93107
5418000	93112
5418500	93121
5419000	93130
5419500	93138
5420000	93147
5420500	93154
5421000	93163
5421500	93172
5422000	93178
5422500	93186
5423000	93198
5423500	93205
5424000	93210
5424500	93216
5425000	93224
5425500	93233
5426000	93241
5426500	93248
5427000	93255
5427500	93264
5428000	93271
5428500	93286
5429000	93294
5429500	93301
5430000	93309
5430500	93316
5431000	93320
5431500	93333
5432000	93341
5432500	93347
5433000	93359
5433500	93364
5434000	93375
5434500	93385
5435000	93393
5435500	93412
5436000	93418
5436500	93426
5437000	93433
5437500	93448
5438000	93462
5438500	93469
5439000	93476
5439500	93481
5440000	93487
5440500	93493
5441000	93499
5441500	93508
5442000	93517
5442500	93525
5443000	93530
5443500	93539
5444000	93547
5444500	93551
5445000	93561
5445500	93572
5446000	93579
5446500	93589
5447000	93596
5447500	93607
5448000	93616
5448500	93630
5449000	93635
5449500	93650
5450000	93657
5450500	93666
5451000	93674
5451500	93682
5452000	93691
5452500	93698
5453000	93706
5453500	93715
5454000	93724
5454500	93734
5455000	93743
5455500	93747
5456000	93752
5456500	93760
5457000	93764
5457500	93776
5458000	93790
5458500	93796
5459000	93810
5459500	93819
5460000	93833
5460500	93841
5461000	93852
5461500	93863
5462000	93870
5462500	93872
5463000	93884
5463500	93890
5464000	93897
5464500	93903
5465000	93914
5465500	93927
5466000	93937
5466500	93947
5467000	93953
5467500	93958
5468000	93969
5468500	93974
5469000	93985
5469500	93992
5470000	93997
5470500	94012
5471000	94020
5471500	94024
5472000	94036
5472500	94048
5473000	94056
5473500	94063
5474000	94073
5474500	94085
5475000	94094
5475500	94100
5476000	94109
5476500	94113
5477000	94122
5477500	94135
5478000	94140
5478500	94148
5479000	94159
5479500	94165
5480000	94173
5480500	94179
5481000	94192
5481500	94206
5482000	94208
5482500	94221
5483000	94228
5483500	94235
5484000	94242
5484500	94250
5485000	94257
5485500	94261
5486000	94266
5486500	94279
5487000	94287
5487500	94295
5488000	94306
5488500	94321
5489000	94331
5489500	94339
5490000	94345
5490500	94353
5491000	94362
5491500	94372
5492000	94377
5492500	94381
5493000	94385
5493500	94392
5494000	94408
5494500	94415
5495000	94422
5495500	94434
5496000	94439
5496500	94446
5497000	94457
5497500	94467
5498000	94482
5498500	94486
5499000	94493
5499500	94506
5500000	94513
5500500	94530
5501000	94540
5501500	94544
5502000	94553
5502500	94562
5503000	94572
5503500	94584
5504000	94591
5504500	94599
5505000	94605
5505500	94612
5506000	94621
5506500	94626
5507000	94634
5507500	94639
5508000	94652
5508500	94656
5509000	94661
5509500	94670
5510000	94679
5510500	94686
5511000	94694
5511500	94703
5512000	94713
5512500	94722
5513000	94737
5513500	94744
5514000	94752
5514500	94761
5515000	94766
5515500	94776
5516000	94783
5516500	94795
5517000	94803
5517500	94814
5518000	94822
5518500	94829
5519000	94836
5519500	94839
5520000	94849
5520500	94860
5521000	94870
5521500	94878
5522000	94888
5522500	94897
5523000	94907
5523500	94917
5524000	94924
5524500	94931
5525000	94942
5525500	94951
5526000	94964
5526500	94975
5527000	94982
5527500	94998
5528000	95007
5528500	95017
5529000	95022
5529500	95033
5530000	95042
5530500	95049
5531000	95054
5531500	95063
5532000	95073
5532500	95085
5533000	95096
5533500	95103
5534000	95111
5534500	95126
5535000	95136
5535500	95142
5536000	95149
5536500	95158
5537000	95169
5537500	95183
5538000	95189
5538500	95201
5539000	95205
5539500	95210
5540000	95222
5540500	95228
5541000	95234
5541500	95246
5542000	95254
5542500	95266
5543000	95278
5543500	95280
5544000	95285
5544500	95295
5545000	95299
5545500	95309
5546000	95319
5546500	95328
5547000	95334
5547500	95340
5548000	95350
5548500	95354
5549000	95368
5549500	95379
5550000	95385
5550500	95392
5551000	95401
5551500	95409
5552000	95419
5552500	95425
5553000	95436
5553500	95442
5554000	95460
5554500	95471
5555000	95481
5555500	95489
5556000	95500
5556500	95506
5557000	95515
5557500	95522
5558000	95527
5558500	95531
5559000	95541
5559500	95553
5560000	95564
5560500	95572
5561000	95577
5561500	95582
5562000	95596
5562500	95600
5563000	95606
5563500	95615
5564000	95624
5564500	95635
5565000	95642
5565500	95652
5566000	95659
5566500	95663
5567000	95673
5567500	95679
5568000	95688
5568500	95694
5569000	95706
5569500	95713
5570000	95723
5570500	95732
5571000	95741
5571500	95746
5572000	95763
5572500	95771
5573000	95776
5573500	95781
5574000	95786
5574500	95790
5575000	95803
5575500	95812
5576000	95822
5576500	95831
5577000	95840
5577500	95850
5578000	95862
5578500	95870
5579000	95878
5579500	95884
5580000	95898
5580500	95905
5581000	95917
5581500	95927
5582000	95935
5582500	95946
5583000	95953
5583500	95962
5584000	95973
5584500	95982
5585000	95992
5585500	96000
5586000	96005
5586500	96018
5587000	96029
5587500	96035
5588000	96044
5588500	96051
5589000	96062
5589500	96069
5590000	96075
5590500	96082
5591000	96085
5591500	96097
5592000	96107
5592500	96117
5593000	96124
5593500	96139
5594000	96146
5594500	96156
5595000	96167
5595500	96170
5596000	96178
5596500	96183
5597000	96197
5597500	96204
5598000	96214
5598500	96226
5599000	96235
5599500	96245
5600000	96249
5600500	96256
5601000	96269
5601500	96280
5602000	96285
5602500	96289
5603000	96298
5603500	96303
5604000	96310
5604500	96322
5605000	96331
5605500	96342
5606000	96357
5606500	96362
5607000	96373
5607500	96380
5608000	96387
5608500	96398
5609000	96407
5609500	96414
5610000	96427
5610500	96436
5611000	96445
5611500	96453
5612000	96457
5612500	96465
5613000	96477
5613500	96487
5614000	96498
5614500	96512
5615000	96521
5615500	96524
5616000	96531
5616500	96538
5617000	96545
5617500	96551
5618000	96559
5618500	96572
5619000	96580
5619500	96590
5620000	96597
5620500	96604
5621000	96615
5621500	96624
5622000	96629
5622500	96638
5623000	96646
5623500	96658
5624000	96663
5624500	96672
5625000	96680
5625500	96690
5626000	96701
5626500	96708
5627000	96715
5627500	96723
5628000	96732
5628500	96742
5629000	96751
5629500	96762
5630000	96769
5630500	96777
5631000	96790
5631500	96804
5632000	96811
5632500	96819
5633000	96825
5633500	96835
5634000	96844
5634500	96855
5635000	96867
5635500	96873
5636000	96886
5636500	96894
5637000	96906
5637500	96913
5638000	96914
5638500	96923
5639000	96929
5639500	96941
5640000	96950
5640500	96965
5641000	96973
5641500	96979
5642000	96986
5642500	96999
5643000	97006
5643500	97017
5644000	97019
5644500	97023
5645000	97037
5645500	97043
5646000	97051
5646500	97055
5647000	97069
5647500	97078
5648000	97084
5648500	97089
5649000	97102
5649500	97112
5650000	97115
5650500	97120
5651000	97135
5651500	97144
5652000	97150
5652500	97153
5653000	97158
5653500	97169
5654000	97182
5654500	97190
5655000	97202
5655500	97211
5656000	97221
5656500	97231
5657000	97238
5657500	97249
5658000	97253
5658500	97264
5659000	97269
5659500	97274
5660000	97280
5660500	97286
5661000	97301
5661500	97306
5662000	97318
5662500	97327
5663000	97335
5663500	97342
5664000	97354
5664500	97361
5665000	97369
5665500	97377
5666000	97386
5666500	97395
5667000	97400
5667500	97413
5668000	97426
5668500	97440
5669000	97454
5669500	97458
5670000	97467
5670500	97469
5671000	97479
5671500	97490
5672000	97499
5672500	97504
5673000	97514
5673500	97522
5674000	97529
5674500	97539
5675000	97548
5675500	97557
5676000	97570
5676500	97583
5677000	97592
5677500	97601
5678000	97610
5678500	97621
5679000	97626
5679500	97634
5680000	97647
5680500	97660
5681000	97671
5681500	97682
5682000	97692
5682500	97703
5683000	97711
5683500	97721
5684000	97737
5684500	97743
5685000	97750
5685500	97759
5686000	97766
5686500	97772
5687000	97780
5687500	97787
5688000	97794
5688500	97805
5689000	97810
5689500	97812
5690000	97821
5690500	97826
5691000	97832
5691500	97841
5692000	97846
5692500	97860
5693000	97865
5693500	97872
5694000	97879
5694500	97886
5695000	97892
5695500	97899
5696000	97908
5696500	97915
5697000	97924
5697500	97933
5698000	97943
5698500	97956
5699000	97967
5699500	97978
5700000	97990
5700500	97996
5701000	98005
5701500	98014
5702000	98022
5702500	98030
5703000	98036
5703500	98043
5704000	98047
5704500	98059
5705000	98072
5705500	98081
5706000	98085
5706500	98094
5707000	98104
5707500	98116
5708000	98122
5708500	98131
5709000	98140
5709500	98150
5710000	98161
5710500	98169
5711000	98181
5711500	98189
5712000	98201
5712500	98211
5713000	98216
5713500	98226
5714000	98232
5714500	98237
5715000	98250
5715500	98258
5716000	98261
5716500	98271
5717000	98277
5717500	98289
5718000	98297
5718500	98305
5719000	98309
5719500	98317
5720000	98328
5720500	98341
5721000	98346
5721500	98352
5722000	98359
5722500	98369
5723000	98373
5723500	98381
5724000	98388
5724500	98397
5725000	98409
5725500	98420
5726000	98431
5726500	98436
5727000	98453
5727500	98464
5728000	98475
5728500	98481
5729000	98489
5729500	98495
5730000	98501
5730500	98507
5731000	98519
5731500	98525
5732000	98535
5732500	98541
5733000	98553
5733500	98559
5734000	98575
5734500	98582
5735000	98596
5735500	98604
5736000	98616
5736500	98620
5737000	98625
5737500	98634
5738000	98643
5738500	98650
5739000	98662
5739500	98670
5740000	98680
5740500	98684
5741000	98696
5741500	98705
5742000	98713
5742500	98723
5743000	98728
5743500	98737
5744000	98742
5744500	98753
5745000	98759
5745500	98768
5746000	98778
5746500	98784
5747000	98792
5747500	98801
5748000	98810
5748500	98817
5749000	98819
5749500	98828
5750000	98837
5750500	98847
5751000	98856
5751500	98872
5752000	98881
5752500	98892
5753000	98900
5753500	98907
5754000	98920
5754500	98930
5755000	98939
5755500	98948
5756000	98953
5756500	98956
5757000	98968
5757500	98978
5758000	98988
5758500	98997
5759000	99006
5759500	99015
5760000	99026
5760500	99031
5761000	99041
5761500	99048
5762000	99060
5762500	99072
5763000	99085
5763500	99097
5764000	99108
5764500	99119
5765000	99129
5765500	99134
5766000	99145
5766500	99152
5767000	99163
5767500	99172
5768000	99179
5768500	99185
5769000	99193
5769500	99204
5770000	99218
5770500	99225
5771000	99235
5771500	99239
5772000	99247
5772500	99263
5773000	99273
5773500	99284
5774000	99290
5774500	99300
5775000	99307
5775500	99313
5776000	99318
5776500	99323
5777000	99332
5777500	99344
5778000	99355
5778500	99364
5779000	99371
5779500	99380
5780000	99385
5780500	99396
5781000	99405
5781500	99417
5782000	99427
5782500	99433
5783000	99440
5783500	99451
5784000	99457
5784500	99464
5785000	99470
5785500	99478
5786000	99485
5786500	99496
5787000	99506
5787500	99515
5788000	99520
5788500	99529
5789000	99531
5789500	99541
5790000	99554
5790500	99560
5791000	99571
5791500	99578
5792000	99584
5792500	99594
5793000	99603
5793500	99616
5794000	99628
5794500	99637
5795000	99644
5795500	99650
5796000	99662
5796500	99668
5797000	99683
5797500	99693
5798000	99706
5798500	99712
5799000	99720
5799500	99729
5800000	99738
5800500	99744
5801000	99754
5801500	99762
5802000	99773
5802500	99776
5803000	99784
5803500	99794
5804000	99801
5804500	99809
5805000	99816
5805500	99825
5806000	99826
5806500	99838
5807000	99848
5807500	99861
5808000	99866
5808500	99877
5809000	99888
5809500	99897
5810000	99907
5810500	99919
5811000	99927
5811500	99933
5812000	99941
5812500	99946
5813000	99953
5813500	99966
5814000	99978
5814500	99985
5815000	99991
5815500	100007
5816000	100019
5816500	100027
5817000	100032
5817500	100039
5818000	100045
5818500	100051
5819000	100058
5819500	100067
5820000	100071
5820500	100076
5821000	100082
5821500	100094
5822000	100108
5822500	100121
5823000	100126
5823500	100138
5824000	100143
5824500	100150
5825000	100162
5825500	100168
5826000	100179
5826500	100187
5827000	100190
5827500	100197
5828000	100206
5828500	100215
5829000	100227
5829500	100234
5830000	100239
5830500	100245
5831000	100253
5831500	100259
5832000	100262
5832500	100273
5833000	100282
5833500	100288
5834000	100302
5834500	100308
5835000	100321
5835500	100332
5836000	100341
5836500	100351
5837000	100362
5837500	100371
5838000	100381
5838500	100391
5839000	100400
5839500	100408
5840000	100419
5840500	100426
5841000	100435
5841500	100447
5842000	100456
5842500	100462
5843000	100469
5843500	100474
5844000	100485
5844500	100491
5845000	100501
5845500	100508
5846000	100519
5846500	100529
5847000	100536
5847500	100545
5848000	100554
5848500	100563
5849000	100570
5849500	100585
5850000	100588
5850500	100597
5851000	100602
5851500	100612
5852000	100619
5852500	100627
5853000	100640
5853500	100644
5854000	100656
5854500	100660
5855000	100671
5855500	100686
5856000	100698
5856500	100708
5857000	100711
5857500	100722
5858000	100731
5858500	100741
5859000	100747
5859500	100752
5860000	100760
5860500	100761
5861000	100768
5861500	100773
5862000	100785
5862500	100793
5863000	100807
5863500	100819
5864000	100833
5864500	100838
5865000	100848
5865500	100856
5866000	100861
5866500	100867
5867000	100878
5867500	100887
5868000	100895
5868500	100905
5869000	100909
5869500	100921
5870000	100930
5870500	100939
5871000	100951
5871500	100957
5872000	100967
5872500	100974
5873000	100984
5873500	100991
5874000	100995
5874500	101005
5875000	101014
5875500	101032
5876000	101039
5876500	101039
5877000	101048
5877500	101059
5878000	101069
5878500	101076
5879000	101085
5879500	101092
5880000	101096
5880500	101114
5881000	101124
5881500	101132
5882000	101138
5882500	101149
5883000	101156
5883500	101169
5884000	101176
5884500	101183
5885000	101195
5885500	101204
5886000	101215
5886500	101223
5887000	101231
5887500	101239
5888000	101248
5888500	101251
5889000	101260
5889500	101265
5890000	101275
5890500	101281
5891000	101291
5891500	101302
5892000	101312
5892500	101324
5893000	101328
5893500	101338
5894000	101345
5894500	101355
5895000	101358
5895500	101364
5896000	101375
5896500	101389
5897000	101395
5897500	101400
5898000	101411
5898500	101423
5899000	101431
5899500	101436
5900000	101441
5900500	101450
5901000	101458
5901500	101467
5902000	101474
5902500	101481
5903000	101494
5903500	101501
5904000	101508
5904500	101515
5905000	101522
5905500	101532
5906000	101539
5906500	101543
5907000	101553
5907500	101560
5908000	101566
5908500	101577
5909000	101584
5909500	101593
5910000	101599
5910500	101610
5911000	101617
5911500	101632
5912000	101638
5912500	101644
5913000	101656
5913500	101663
5914000	101673
5914500	101682
5915000	101690
5915500	101693
5916000	101700
5916500	101715
5917000	101723
5917500	101731
5918000	101745
5918500	101751
5919000	101756
5919500	101766
5920000	101773
5920500	101781
5921000	101791
5921500	101796
5922000	101804
5922500	101812
5923000	101822
5923500	101828
5924000	101833
5924500	101842
5925000	101848
5925500	101855
5926000	101861
5926500	101871
5927000	101879
5927500	101884
5928000	101892
5928500	101900
5929000	101910
5929500	101919
5930000	101921
5930500	101933
5931000	101944
5931500	101955
5932000	101963
5932500	101970
5933000	101982
5933500	101995
5934000	102000
5934500	102011
5935000	102023
5935500	102038
5936000	102047
5936500	102055
5937000	102059
5937500	102065
5938000	102074
5938500	102083
5939000	102090
5939500	102102
5940000	102110
5940500	102118
5941000	102127
5941500	102131
5942000	102138
5942500	102150
5943000	102159
5943500	102177
5944000	102189
5944500	102198
5945000	102205
5945500	102217
5946000	102225
5946500	102235
5947000	102242
5947500	102252
5948000	102256
5948500	102264
5949000	102273
5949500	102284
5950000	102289
5950500	102296
5951000	102302
5951500	102314
5952000	102327
5952500	102338
5953000	102346
5953500	102351
5954000	102360
5954500	102369
5955000	102384
5955500	102399
5956000	102401
5956500	102410
5957000	102418
5957500	102427
5958000	102434
5958500	102440
5959000	102448
5959500	102457
5960000	102462
5960500	102471
5961000	102486
5961500	102494
5962000	102496
5962500	102504
5963000	102514
5963500	102518
5964000	102523
5964500	102532
5965000	102538
5965500	102545
5966000	102553
5966500	102562
5967000	102574
5967500	102585
5968000	102593
5968500	102598
5969000	102608
5969500	102616
5970000	102630
5970500	102639
5971000	102646
5971500	102658
5972000	102665
5972500	102673
5973000	102682
5973500	102689
5974000	102694
5974500	102699
5975000	102707
5975500	102710
5976000	102717
5976500	102723
5977000	102735
5977500	102742
5978000	102750
5978500	102756
5979000	102768
5979500	102770
5980000	102778
5980500	102785
5981000	102793
5981500	102805
5982000	102812
5982500	102818
5983000	102827
5983500	102839
5984000	102842
5984500	102851
5985000	102858
5985500	102869
5986000	102879
5986500	102886
5987000	102894
5987500	102904
5988000	102912
5988500	102919
5989000	102931
5989500	102942
5990000	102951
5990500	102959
5991000	102969
5991500	102974
5992000	102986
5992500	102993
5993000	103006
5993500	103011
5994000	103022
5994500	103029
5995000	103036
5995500	103046
5996000	103054
5996500	103062
5997000	103070
5997500	103077
5998000	103086
5998500	103092
5999000	103098
5999500	103101
6000000	103107
6000500	103117
6001000	103125
6001500	103134
6002000	103144
6002500	103154
6003000	103162
6003500	103171
6004000	103179
6004500	103193
6005000	103201
6005500	103210
6006000	103218
6006500	103231
6007000	103239
6007500	103249
6008000	103256
6008500	103265
6009000	103273
6009500	103281
6010000	103288
6010500	103295
6011000	103305
6011500	103314
6012000	103323
6012500	103328
6013000	103337
6013500	103346
6014000	103354
6014500	103363
6015000	103369
6015500	103379
6016000	103384
6016500	103397
6017000	103404
6017500	103411
6018000	103420
6018500	103427
6019000	103432
6019500	103442
6020000	103448
6020500	103456
6021000	103468
6021500	103477
6022000	103486
6022500	103493
6023000	103499
6023500	103506
6024000	103524
6024500	103534
6025000	103541
6025500	103547
6026000	103555
6026500	103563
6027000	103576
6027500	103587
6028000	103600
6028500	103608
6029000	103612
6029500	103620
6030000	103628
6030500	103637
6031000	103651
6031500	103663
6032000	103676
6032500	103681
6033000	103686
6033500	103695
6034000	103699
6034500	103711
6035000	103719
6035500	103729
6036000	103735
6036500	103745
6037000	103755
6037500	103760
6038000	103774
6038500	103776
6039000	103787
6039500	103796
6040000	103800
6040500	103812
6041000	103822
6041500	103829
6042000	103840
6042500	103849
6043000	103858
6043500	103864
6044000	103873
6044500	103883
6045000	103889
6045500	103895
6046000	103906
6046500	103916
6047000	103924
6047500	103927
6048000	103937
6048500	103942
6049000	103950
6049500	103959
6050000	103966
6050500	103975
6051000	103984
6051500	103995
6052000	104001
6052500	104015
6053000	104025
6053500	104036
6054000	104043
6054500	104055
6055000	104064
6055500	104075
6056000	104089
6056500	104097
6057000	104104
6057500	104109
6058000	104116
6058500	104121
6059000	104127
6059500	104135
6060000	104147
6060500	104155
6061000	104164
6061500	104178
6062000	104184
6062500	104192
6063000	104200
6063500	104209
6064000	104220
6064500	104225
6065000	104235
6065500	104245
6066000	104252
6066500	104257
6067000	104265
6067500	104270
6068000	104281
6068500	104291
6069000	104303
6069500	104310
6070000	104322
6070500	104330
6071000	104342
6071500	104355
6072000	104359
6072500	104365
6073000	104375
6073500	104382
6074000	104395
6074500	104398
6075000	104401
6075500	104412
6076000	104430
6076500	104438
6077000	104450
6077500	104460
6078000	104467
6078500	104473
6079000	104482
6079500	104491
6080000	104501
6080500	104510
6081000	104520
6081500	104529
6082000	104534
6082500	104546
6083000	104555
6083500	104563
6084000	104569
6084500	104572
6085000	104576
6085500	104589
6086000	104601
6086500	104606
6087000	104611
6087500	104622
6088000	104628
6088500	104635
6089000	104645
6089500	104657
6090000	104667
6090500	104677
6091000	104684
6091500	104696
6092000	104701
6092500	104706
6093000	104712
6093500	104728
6094000	104737
6094500	104742
6095000	104746
6095500	104756
6096000	104761
6096500	104766
6097000	104775
6097500	104786
6098000	104798
6098500	104807
6099000	104815
6099500	104817
6100000	104828
6100500	104839
6101000	104849
6101500	104857
6102000	104865
6102500	104875
6103000	104880
6103500	104887
6104000	104892
6104500	104898
6105000	104909
6105500	104921
6106000	104929
6106500	104938
6107000	104947
6107500	104955
6108000	104966
6108500	104973
6109000	104983
6109500	104992
6110000	105000
6110500	105003
6111000	105008
6111500	105019
6112000	105029
6112500	105034
6113000	105041
6113500	105044
6114000	105051
6114500	105057
6115000	105059
6115500	105071
6116000	105079
6116500	105087
6117000	105101
6117500	105114
6118000	105120
6118500	105126
6119000	105132
6119500	105135
6120000	105141
6120500	105151
6121000	105159
6121500	105162
6122000	105172
6122500	105187
6123000	105201
6123500	105210
6124000	105218
6124500	105229
6125000	105236
6125500	105248
6126000	105256
6126500	105265
6127000	105273
6127500	105276
6128000	105289
6128500	105293
6129000	105297
6129500	105307
6130000	105315
6130500	105320
6131000	105331
6131500	105339
6132000	105350
6132500	105356
6133000	105365
6133500	105373
6134000	105386
6134500	105398
6135000	105402
6135500	105410
6136000	105420
6136500	105432
6137000	105439
6137500	105445
6138000	105457
6138500	105465
6139000	105472
6139500	105482
6140000	105492
6140500	105496
6141000	105505
6141500	105511
6142000	105521
6142500	105532
6143000	105543
6143500	105550
6144000	105556
6144500	105558
6145000	105569
6145500	105576
6146000	105589
6146500	105595
6147000	105600
6147500	105607
6148000	105622
6148500	105630
6149000	105636
6149500	105647
6150000	105662
6150500	105671
6151000	105680
6151500	105688
6152000	105693
6152500	105696
6153000	105704
6153500	105716
6154000	105726
6154500	105739
6155000	105743
6155500	105754
6156000	105758
6156500	105766
6157000	105775
6157500	105782
6158000	105793
6158500	105802
6159000	105808
6159500	105819
6160000	105831
6160500	105838
6161000	105841
6161500	105853
6162000	105860
6162500	105866
6163000	105873
6163500	105879
6164000	105886
6164500	105897
6165000	105905
6165500	105912
6166000	105920
6166500	105927
6167000	105934
6167500	105942
6168000	105953
6168500	105964
6169000	105972
6169500	105980
6170000	105987
6170500	106003
6171000	106007
6171500	106011
6172000	106015
6172500	106031
6173000	106039
6173500	106042
6174000	106050
6174500	106055
6175000	106063
6175500	106067
6176000	106072
6176500	106081
6177000	106089
6177500	106099
6178000	106106
6178500	106115
6179000	106127
6179500	106137
6180000	106143
6180500	106150
6181000	106159
6181500	106167
6182000	106178
6182500	106190
6183000	106197
6183500	106206
6184000	106216
6184500	106224
6185000	106238
6185500	106248
6186000	106254
6186500	106257
6187000	106268
6187500	106276
6188000	106281
6188500	106289
6189000	106293
6189500	106304
6190000	106318
6190500	106323
6191000	106331
6191500	106342
6192000	106355
6192500	106361
6193000	106371
6193500	106381
6194000	106390
6194500	106395
6195000	106402
6195500	106406
6196000	106412
6196500	106416
6197000	106426
6197500	106438
6198000	106444
6198500	106454
6199000	106459
6199500	106472
6200000	106481
6200500	106488
6201000	106494
6201500	106501
6202000	106510
6202500	106515
6203000	106525
6203500	106537
6204000	106547
6204500	106550
6205000	106560
6205500	106570
6206000	106577
6206500	106588
6207000	106596
6207500	106604
6208000	106613
6208500	106622
6209000	106633
6209500	106639
6210000	106652
6210500	106656
6211000	106662
6211500	106669
6212000	106676
6212500	106682
6213000	106690
6213500	106697
6214000	106705
6214500	106711
6215000	106716
6215500	106726
6216000	106745
6216500	106749
6217000	106760
6217500	106768
6218000	106774
6218500	106782
6219000	106790
6219500	106799
6220000	106804
6220500	106810
6221000	106821
6221500	106828
6222000	106835
6222500	106840
6223000	106850
6223500	106861
6224000	106873
6224500	106880
6225000	106889
6225500	106899
6226000	106906
6226500	106917
6227000	106928
6227500	106935
6228000	106936
6228500	106943
6229000	106955
6229500	106964
6230000	106976
6230500	106983
6231000	106989
6231500	106997
6232000	107001
6232500	107013
6233000	107024
6233500	107031
6234000	107039
6234500	107050
6235000	107062
6235500	107071
6236000	107077
6236500	107094
6237000	107100
6237500	107104
6238000	107114
6238500	107120
6239000	107125
6239500	107135
6240000	107142
6240500	107150
6241000	107156
6241500	107170
6242000	107177
6242500	107188
6243000	107198
6243500	107203
6244000	107212
6244500	107220
6245000	107229
6245500	107235
6246000	107243
6246500	107255
6247000	107270
6247500	107281
6248000	107282
6248500	107295
6249000	107306
6249500	107317
6250000	107325
6250500	107336
6251000	107345
6251500	107348
6252000	107360
6252500	107369
6253000	107376
6253500	107381
6254000	107390
6254500	107399
6255000	107404
6255500	107410
6256000	107419
6256500	107431
6257000	107441
6257500	107446
6258000	107454
6258500	107461
6259000	107469
6259500	107479
6260000	107488
6260500	107497
6261000	107507
6261500	107515
6262000	107521
6262500	107533
6263000	107540
6263500	107548
6264000	107558
6264500	107565
6265000	107571
6265500	107577
6266000	107587
6266500	107593
6267000	107600
6267500	107609
6268000	107620
6268500	107631
6269000	107638
6269500	107645
6270000	107654
6270500	107660
6271000	107673
6271500	107679
6272000	107688
6272500	107698
6273000	107704
6273500	107717
6274000	107727
6274500	107733
6275000	107746
6275500	107749
6276000	107754
6276500	107763
6277000	107774
6277500	107781
6278000	107791
6278500	107797
6279000	107806
6279500	107819
6280000	107825
6280500	107833
6281000	107839
6281500	107845
6282000	107851
6282500	107856
6283000	107865
6283500	107876
6284000	107891
6284500	107898
6285000	107907
6285500	107914
6286000	107929
6286500	107939
6287000	107946
6287500	107950
6288000	107957
6288500	107964
6289000	107976
6289500	107987
6290000	107994
6290500	108003
6291000	108015
6291500	108019
6292000	108027
6292500	108033
6293000	108042
6293500	108052
6294000	108057
6294500	108064
6295000	108078
6295500	108084
6296000	108091
6296500	108099
6297000	108113
6297500	108126
6298000	108136
6298500	108143
6299000	108150
6299500	108162
6300000	108166
6300500	108174
6301000	108182
6301500	108188
6302000	108199
6302500	108208
6303000	108217
6303500	108222
6304000	108229
6304500	108239
6305000	108246
6305500	108253
6306000	108257
6306500	108262
6307000	108268
6307500	108275
6308000	108284
6308500	108296
6309000	108306
6309500	108319
6310000	108331
6310500	108340
6311000	108351
6311500	108359
6312000	108367
6312500	108376
6313000	108384
6313500	108391
6314000	108400
6314500	108406
6315000	108416
6315500	108429
6316000	108435
6316500	108444
6317000	108450
6317500	108454
6318000	108462
6318500	108470
6319000	108482
6319500	108490
6320000	108496
6320500	108508
6321000	108514
6321500	108521
6322000	108528
6322500	108539
6323000	108547
6323500	108560
6324000	108565
6324500	108569
6325000	108578
6325500	108589
6326000	108595
6326500	108606
6327000	108618
6327500	108630
6328000	108641
6328500	108650
6329000	108660
6329500	108663
6330000	108672
6330500	108683
6331000	108687
6331500	108699
6332000	108708
6332500	108711
6333000	108719
6333500	108729
6334000	108744
6334500	108749
6335000	108756
6335500	108762
6336000	108765
6336500	108774
6337000	108783
6337500	108796
6338000	108812
6338500	108820
6339000	108833
6339500	108844
6340000	108849
6340500	108852
6341000	108859
6341500	108864
6342000	108871
6342500	108879
6343000	108884
6343500	108891
6344000	108899
6344500	108908
6345000	108921
6345500	108929
6346000	108945
6346500	108952
6347000	108967
6347500	108971
6348000	108979
6348500	108988
6349000	108995
6349500	109003
6350000	109014
6350500	109023
6351000	109028
6351500	109040
6352000	109055
6352500	109062
6353000	109071
6353500	109078
6354000	109080
6354500	109085
6355000	109096
6355500	109104
6356000	109110
6356500	109118
6357000	109130
6357500	109139
6358000	109148
6358500	109154
6359000	109160
6359500	109166
6360000	109174
6360500	109189
6361000	109200
6361500	109210
6362000	109225
6362500	109234
6363000	109247
6363500	109255
6364000	109267
6364500	109271
6365000	109276
6365500	109289
6366000	109297
6366500	109306
6367000	109318
6367500	109325
6368000	109335
6368500	109341
6369000	109348
6369500	109355
6370000	109362
6370500	109370
6371000	109384
6371500	109388
6372000	109395
6372500	109397
6373000	109410
6373500	109418
6374000	109423
6374500	109432
6375000	109442
6375500	109450
6376000	109459
6376500	109467
6377000	109478
6377500	109483
6378000	109490
6378500	109500
6379000	109505
6379500	109512
6380000	109526
6380500	109536
6381000	109543
6381500	109552
6382000	109569
6382500	109574
6383000	109582
6383500	109585
6384000	109594
6384500	109602
6385000	109613
6385500	109625
6386000	109635
6386500	109648
6387000	109659
6387500	109667
6388000	109676
6388500	109685
6389000	109694
6389500	109705
6390000	109718
6390500	109731
6391000	109735
6391500	109740
6392000	109757
6392500	109764
6393000	109773
6393500	109787
6394000	109795
6394500	109806
6395000	109813
6395500	109821
6396000	109829
6396500	109841
6397000	109846
6397500	109858
6398000	109868
6398500	109876
6399000	109883
6399500	109892
6400000	109905
6400500	109916
6401000	109923
6401500	109935
6402000	109940
6402500	109945
6403000	109954
6403500	109961
6404000	109970
6404500	109984
6405000	109992
6405500	110001
6406000	110010
6406500	110016
6407000	110021
6407500	110029
6408000	110038
6408500	110046
6409000	110058
6409500	110067
6410000	110076
6410500	110089
6411000	110092
6411500	110100
6412000	110105
6412500	110117
6413000	110123
6413500	110132
6414000	110142
6414500	110147
6415000	110157
6415500	110162
6416000	110166
6416500	110176
6417000	110193
6417500	110203
6418000	110209
6418500	110210
6419000	110216
6419500	110224
6420000	110229
6420500	110238
6421000	110250
6421500	110258
6422000	110267
6422500	110285
6423000	110293
6423500	110302
6424000	110311
6424500	110318
6425000	110322
6425500	110330
6426000	110339
6426500	110349
6427000	110356
6427500	110362
6428000	110370
6428500	110379
6429000	110384
6429500	110392
6430000	110396
6430500	110406
6431000	110414
6431500	110423
6432000	110431
6432500	110442
6433000	110452
6433500	110457
6434000	110470
6434500	110482
6435000	110493
6435500	110502
6436000	110510
6436500	110518
6437000	110526
6437500	110536
6438000	110544
6438500	110553
6439000	110560
6439500	110565
6440000	110570
6440500	110573
6441000	110578
6441500	110586
6442000	110597
6442500	110604
6443000	110614
6443500	110623
6444000	110630
6444500	110645
6445000	110655
6445500	110659
6446000	110664
6446500	110671
6447000	110678
6447500	110687
6448000	110696
6448500	110708
6449000	110723
6449500	110734
6450000	110737
6450500	110744
6451000	110753
6451500	110762
6452000	110769
6452500	110780
6453000	110788
6453500	110795
6454000	110806
6454500	110813
6455000	110822
6455500	110832
6456000	110842
6456500	110853
6457000	110858
6457500	110868
6458000	110880
6458500	110890
6459000	110895
6459500	110907
6460000	110910
6460500	110916
6461000	110922
6461500	110925
6462000	110931
6462500	110937
6463000	110942
6463500	110953
6464000	110959
6464500	110970
6465000	110981
6465500	110990
6466000	110998
6466500	111008
6467000	111015
6467500	111019
6468000	111028
6468500	111037
6469000	111041
6469500	111055
6470000	111062
6470500	111076
6471000	111088
6471500	111096
6472000	111103
6472500	111108
6473000	111111
6473500	111117
6474000	111121
6474500	111135
6475000	111147
6475500	111153
6476000	111166
6476500	111174
6477000	111183
6477500	111189
6478000	111199
6478500	111204
6479000	111210
6479500	111217
6480000	111227
6480500	111235
6481000	111241
6481500	111249
6482000	111260
6482500	111270
6483000	111279
6483500	111288
6484000	111299
6484500	111307
6485000	111321
6485500	111330
6486000	111341
6486500	111346
6487000	111358
6487500	111370
6488000	111379
6488500	111388
6489000	111395
6489500	111399
6490000	111411
6490500	111418
6491000	111423
6491500	111429
6492000	111435
6492500	111447
6493000	111456
6493500	111461
6494000	111468
6494500	111477
6495000	111482
6495500	111488
6496000	111501
6496500	111510
6497000	111518
6497500	111526
6498000	111537
6498500	111542
6499000	111547
6499500	111557
6500000	111562
6500500	111570
6501000	111580
6501500	111591
6502000	111599
6502500	111612
6503000	111623
6503500	111627
6504000	111646
6504500	111652
6505000	111661
6505500	111673
6506000	111685
6506500	111693
6507000	111703
6507500	111706
6508000	111713
6508500	111718
6509000	111724
6509500	111731
6510000	111744
6510500	111749
6511000	111756
6511500	111768
6512000	111773
6512500	111787
6513000	111794
6513500	111807
6514000	111816
6514500	111824
6515000	111831
6515500	111840
6516000	111855
6516500	111868
6517000	111875
6517500	111890
6518000	111899
6518500	111904
6519000	111915
6519500	111920
6520000	111934
6520500	111941
6521000	111950
6521500	111966
6522000	111976
6522500	111983
6523000	111989
6523500	111993
6524000	112002
6524500	112012
6525000	112022
6525500	112034
6526000	112044
6526500	112052
6527000	112057
6527500	112067
6528000	112077
6528500	112093
6529000	112097
6529500	112109
6530000	112115
6530500	112126
6531000	112133
6531500	112141
6532000	112151
6532500	112157
6533000	112169
6533500	112179
6534000	112193
6534500	112202
6535000	112214
6535500	112220
6536000	112227
6536500	112234
6537000	112242
6537500	112255
6538000	112259
6538500	112266
6539000	112279
6539500	112288
6540000	112298
6540500	112304
6541000	112314
6541500	112320
6542000	112327
6542500	112335
6543000	112341
6543500	112350
6544000	112354
6544500	112363
6545000	112377
6545500	112383
6546000	112390
6546500	112408
6547000	112414
6547500	112422
6548000	112433
6548500	112441
6549000	112449
6549500	112461
6550000	112468
6550500	112477
6551000	112489
6551500	112495
6552000	112504
6552500	112516
6553000	112527
6553500	112537
6554000	112543
6554500	112552
6555000	112557
6555500	112565
6556000	112572
6556500	112576
6557000	112587
6557500	112592
6558000	112595
6558500	112605
6559000	112618
6559500	112620
6560000	112625
6560500	112630
6561000	112637
6561500	112644
6562000	112652
6562500	112664
6563000	112673
6563500	112683
6564000	112694
6564500	112708
6565000	112716
6565500	112718
6566000	112728
6566500	112736
6567000	112741
6567500	112753
6568000	112762
6568500	112772
6569000	112777
6569500	112785
6570000	112799
6570500	112808
6571000	112816
6571500	112822
6572000	112829
6572500	112840
6573000	112851
6573500	112856
6574000	112869
6574500	112877
6575000	112892
6575500	112898
6576000	112903
6576500	112907
6577000	112915
6577500	112927
6578000	112937
6578500	112941
6579000	112949
6579500	112959
6580000	112966
6580500	112973
6581000	112982
6581500	112989
6582000	112998
6582500	113009
6583000	113019
6583500	113029
6584000	113037
6584500	113044
6585000	113048
6585500	113058
6586000	113063
6586500	113073
6587000	113082
6587500	113086
6588000	113107
6588500	113119
6589000	113130
6589500	113134
6590000	113137
6590500	113147
6591000	113161
6591500	113166
6592000	113173
6592500	113181
6593000	113186
6593500	113192
6594000	113200
6594500	113207
6595000	113217
6595500	113224
6596000	113233
6596500	113246
6597000	113253
6597500	113265
6598000	113270
6598500	113276
6599000	113282
6599500	113289
6600000	113295
6600500	113303
6601000	113313
6601500	113319
6602000	113323
6602500	113334
6603000	113344
6603500	113355
6604000	113361
6604500	113371
6605000	113382
6605500	113392
6606000	113396
6606500	113402
6607000	113408
6607500	113414
6608000	113422
6608500	113430
6609000	113436
6609500	113451
6610000	113455
6610500	113461
6611000	113467
6611500	113477
6612000	113480
6612500	113487
6613000	113492
6613500	113500
6614000	113510
6614500	113519
6615000	113522
6615500	113529
6616000	113539
6616500	113549
6617000	113553
6617500	113564
6618000	113573
6618500	113579
6619000	113585
6619500	113594
6620000	113603
6620500	113612
6621000	113627
6621500	113636
6622000	113647
6622500	113661
6623000	113672
6623500	113682
6624000	113691
6624500	113700
6625000	113711
6625500	113717
6626000	113723
6626500	113732
6627000	113741
6627500	113750
6628000	113755
6628500	113763
6629000	113771
6629500	113777
6630000	113783
6630500	113787
6631000	113799
6631500	113807
6632000	113815
6632500	113820
6633000	113823
6633500	113833
6634000	113843
6634500	113846
6635000	113852
6635500	113861
6636000	113867
6636500	113876
6637000	113887
6637500	113896
6638000	113907
6638500	113917
6639000	113925
6639500	113929
6640000	113941
6640500	113952
6641000	113965
6641500	113975
6642000	113979
6642500	113986
6643000	113998
6643500	114007
6644000	114014
6644500	114024
6645000	114035
6645500	114041
6646000	114048
6646500	114052
6647000	114062
6647500	114085
6648000	114095
6648500	114100
6649000	114102
6649500	114114
6650000	114118
6650500	114125
6651000	114136
6651500	114141
6652000	114150
6652500	114161
6653000	114173
6653500	114181
6654000	114188
6654500	114196
6655000	114200
6655500	114216
6656000	114224
6656500	114231
6657000	114246
6657500	114249
6658000	114262
6658500	114270
6659000	114273
6659500	114283
6660000	114292
6660500	114300
6661000	114304
6661500	114309
6662000	114321
6662500	114333
6663000	114340
6663500	114346
6664000	114358
6664500	114370
6665000	114380
6665500	114390
6666000	114398
6666500	114401
6667000	114410
6667500	114417
6668000	114430
6668500	114438
6669000	114449
6669500	114460
6670000	114465
6670500	114472
6671000	114486
6671500	114492
6672000	114503
6672500	114511
6673000	114518
6673500	114527
6674000	114531
6674500	114535
6675000	114545
6675500	114553
6676000	114561
6676500	114565
6677000	114571
6677500	114577
6678000	114585
6678500	114591
6679000	114603
6679500	114614
6680000	114620
6680500	114626
6681000	114636
6681500	114644
6682000	114647
6682500	114657
6683000	114663
6683500	114667
6684000	114675
6684500	114684
6685000	114691
6685500	114699
6686000	114715
6686500	114724
6687000	114734
6687500	114742
6688000	114754
6688500	114761
6689000	114769
6689500	114775
6690000	114780
6690500	114791
6691000	114800
6691500	114808
6692000	114818
6692500	114830
6693000	114835
6693500	114840
6694000	114852
6694500	114862
6695000	114872
6695500	114881
6696000	114889
6696500	114899
6697000	114906
6697500	114913
6698000	114927
6698500	114931
6699000	114941
6699500	114946
6700000	114963
6700500	114972
6701000	114983
6701500	114987
6702000	114992
6702500	115001
6703000	115008
6703500	115019
6704000	115028
6704500	115039
6705000	115045
6705500	115055
6706000	115063
6706500	115074
6707000	115081
6707500	115085
6708000	115091
6708500	115104
6709000	115112
6709500	115121
6710000	115125
6710500	115132
6711000	115142
6711500	115152
6712000	115161
6712500	115167
6713000	115174
6713500	115177
6714000	115191
6714500	115200
6715000	115215
6715500	115221
6716000	115231
6716500	115237
6717000	115245
6717500	115250
6718000	115263
6718500	115272
6719000	115281
6719500	115289
6720000	115296
6720500	115306
6721000	115316
6721500	115327
6722000	115332
6722500	115343
6723000	115353
6723500	115357
6724000	115367
6724500	115376
6725000	115383
6725500	115389
6726000	115395
6726500	115410
6727000	115418
6727500	115430
6728000	115441
6728500	115444
6729000	115450
6729500	115459
6730000	115466
6730500	115478
6731000	115484
6731500	115491
6732000	115500
6732500	115508
6733000	115515
6733500	115525
6734000	115529
6734500	115533
6735000	115546
6735500	115554
6736000	115561
6736500	115572
6737000	115583
6737500	115594
6738000	115604
6738500	115616
6739000	115620
6739500	115633
6740000	115640
6740500	115655
6741000	115657
6741500	115665
6742000	115672
6742500	115681
6743000	115690
6743500	115699
6744000	115708
6744500	115717
6745000	115720
6745500	115730
6746000	115740
6746500	115746
6747000	115752
6747500	115763
6748000	115772
6748500	115782
6749000	115792
6749500	115800
6750000	115808
6750500	115819
6751000	115826
6751500	115832
6752000	115842
6752500	115849
6753000	115857
6753500	115864
6754000	115872
6754500	115881
6755000	115893
6755500	115901
6756000	115905
6756500	115916
6757000	115922
6757500	115928
6758000	115935
6758500	115950
6759000	115954
6759500	115960
6760000	115967
6760500	115977
6761000	115991
6761500	115996
6762000	116006
6762500	116017
6763000	116027
6763500	116037
6764000	116051
6764500	116055
6765000	116062
6765500	116068
6766000	116084
6766500	116087
6767000	116093
6767500	116103
6768000	116115
6768500	116125
6769000	116132
6769500	116140
6770000	116147
6770500	116153
6771000	116162
6771500	116173
6772000	116181
6772500	116188
6773000	116196
6773500	116212
6774000	116222
6774500	116231
6775000	116238
6775500	116248
6776000	116256
6776500	116263
6777000	116267
6777500	116271
6778000	116283
6778500	116293
6779000	116300
6779500	116307
6780000	116315
6780500	116328
6781000	116338
6781500	116345
6782000	116349
6782500	116360
6783000	116367
6783500	116375
6784000	116382
6784500	116387
6785000	116398
6785500	116408
6786000	116413
6786500	116419
6787000	116428
6787500	116439
6788000	116447
6788500	116449
6789000	116455
6789500	116461
6790000	116474
6790500	116479
6791000	116491
6791500	116497
6792000	116512
6792500	116525
6793000	116531
6793500	116539
6794000	116545
6794500	116554
6795000	116565
6795500	116571
6796000	116583
6796500	116591
6797000	116602
6797500	116609
6798000	116618
6798500	116625
6799000	116634
6799500	116641
6800000	116652
6800500	116659
6801000	116666
6801500	116679
6802000	116686
6802500	116697
6803000	116712
6803500	116718
6804000	116726
6804500	116736
6805000	116747
6805500	116755
6806000	116760
6806500	116768
6807000	116774
6807500	116781
6808000	116791
6808500	116801
6809000	116808
6809500	116818
6810000	116825
6810500	116834
6811000	116842
6811500	116856
6812000	116860
6812500	116869
6813000	116874
6813500	116880
6814000	116887
6814500	116898
6815000	116911
6815500	116923
6816000	116936
6816500	116947
6817000	116950
6817500	116958
6818000	116967
6818500	116972
6819000	116977
6819500	116983
6820000	116994
6820500	117000
6821000	117011
6821500	117019
6822000	117026
6822500	117045
6823000	117057
6823500	117068
6824000	117079
6824500	117083
6825000	117091
6825500	117094
6826000	117098
6826500	117103
6827000	117112
6827500	117121
6828000	117129
6828500	117134
6829000	117147
6829500	117156
6830000	117167
6830500	117174
6831000	117184
6831500	117193
6832000	117202
6832500	117212
6833000	117221
6833500	117225
6834000	117233
6834500	117244
6835000	117249
6835500	117262
6836000	117271
6836500	117276
6837000	117282
6837500	117296
6838000	117306
6838500	117314
6839000	117319
6839500	117325
6840000	117332
6840500	117338
6841000	117346
6841500	117348
6842000	117361
6842500	117369
6843000	117380
6843500	117389
6844000	117397
6844500	117405
6845000	117413
6845500	117422
6846000	117435
6846500	117446
6847000	117454
6847500	117459
6848000	117468
6848500	117481
6849000	117488
6849500	117496
6850000	117504
6850500	117513
6851000	117531
6851500	117538
6852000	117543
6852500	117550
6853000	117562
6853500	117570
6854000	117576
6854500	117587
6855000	117593
6855500	117599
6856000	117604
6856500	117608
6857000	117617
6857500	117625
6858000	117631
6858500	117639
6859000	117647
6859500	117655
6860000	117664
6860500	117671
6861000	117679
6861500	117691
6862000	117703
6862500	117713
6863000	117724
6863500	117731
6864000	117740
6864500	117750
6865000	117760
6865500	117771
6866000	117776
6866500	117791
6867000	117796
6867500	117804
6868000	117815
6868500	117826
6869000	117829
6869500	117834
6870000	117839
6870500	117845
6871000	117855
6871500	117863
6872000	117869
6872500	117879
6873000	117892
6873500	117898
6874000	117905
6874500	117917
6875000	117926
6875500	117934
6876000	117942
6876500	117946
6877000	117956
6877500	117967
6878000	117974
6878500	117981
6879000	117992
6879500	117998
6880000	118003
6880500	118013
6881000	118017
6881500	118034
6882000	118043
6882500	118048
6883000	118053
6883500	118060
6884000	118079
6884500	118091
6885000	118100
6885500	118106
6886000	118110
6886500	118113
6887000	118122
6887500	118128
6888000	118133
6888500	118143
6889000	118161
6889500	118171
6890000	118174
6890500	118181
6891000	118192
6891500	118203
6892000	118215
6892500	118220
6893000	118230
6893500	118238
6894000	118245
6894500	118256
6895000	118265
6895500	118273
6896000	118280
6896500	118287
6897000	118295
6897500	118303
6898000	118310
6898500	118321
6899000	118328
6899500	118341
6900000	118345
6900500	118357
6901000	118366
6901500	118381
6902000	118390
6902500	118397
6903000	118401
6903500	118409
6904000	118422
6904500	118432
6905000	118443
6905500	118447
6906000	118456
6906500	118460
6907000	118469
6907500	118480
6908000	118489
6908500	118497
6909000	118509
6909500	118515
6910000	118528
6910500	118537
6911000	118543
6911500	118548
6912000	118555
6912500	118567
6913000	118578
6913500	118584
6914000	118590
6914500	118599
6915000	118611
6915500	118619
6916000	118633
6916500	118642
6917000	118650
6917500	118658
6918000	118671
6918500	118680
6919000	118688
6919500	118697
6920000	118706
6920500	118714
6921000	118718
6921500	118726
6922000	118732
6922500	118736
6923000	118742
6923500	118750
6924000	118758
6924500	118763
6925000	118773
6925500	118785
6926000	118791
6926500	118800
6927000	118810
6927500	118813
6928000	118821
6928500	118829
6929000	118836
6929500	118847
6930000	118856
6930500	118864
6931000	118874
6931500	118880
6932000	118891
6932500	118894
6933000	118902
6933500	118910
6934000	118918
6934500	118925
6935000	118936
6935500	118941
6936000	118951
6936500	118958
6937000	118965
6937500	118975
6938000	118985
6938500	118993
6939000	118998
6939500	119005
6940000	119017
6940500	119030
6941000	119039
6941500	119048
6942000	119061
6942500	119071
6943000	119078
6943500	119084
6944000	119095
6944500	119099
6945000	119108
6945500	119116
6946000	119123
6946500	119137
6947000	119144
6947500	119150
6948000	119158
6948500	119167
6949000	119177
6949500	119189
6950000	119202
6950500	119213
6951000	119221
6951500	119229
6952000	119237
6952500	119246
6953000	119253
6953500	119264
6954000	119270
6954500	119278
6955000	119286
6955500	119294
6956000	119301
6956500	119309
6957000	119319
6957500	119328
6958000	119338
6958500	119342
6959000	119350
6959500	119356
6960000	119363
6960500	119370
6961000	119378
6961500	119385
6962000	119392
6962500	119401
6963000	119412
6963500	119425
6964000	119432
6964500	119444
6965000	119454
6965500	119463
6966000	119477
6966500	119484
6967000	119494
6967500	119501
6968000	119510
6968500	119516
6969000	119521
6969500	119529
6970000	119541
6970500	119551
6971000	119559
6971500	119566
6972000	119569
6972500	119576
6973000	119588
6973500	119593
6974000	119604
6974500	119610
6975000	119617
6975500	119625
6976000	119634
6976500	119649
6977000	119657
6977500	119664
6978000	119673
6978500	119683
6979000	119690
6979500	119700
6980000	119710
6980500	119718
6981000	119728
6981500	119741
6982000	119750
6982500	119760
6983000	119769
6983500	119778
6984000	119785
6984500	119793
6985000	119801
6985500	119808
6986000	119819
6986500	119830
6987000	119839
6987500	119847
6988000	119854
6988500	119866
6989000	119872
6989500	119880
6990000	119884
6990500	119891
6991000	119901
6991500	119908
6992000	119918
6992500	119925
6993000	119931
6993500	119938
6994000	119949
6994500	119961
6995000	119980
6995500	119989
6996000	119995
6996500	120007
6997000	120019
6997500	120032
6998000	120043
6998500	120053
6999000	120061
6999500	120071
7000000	120077
7000500	120085
7001000	120100
7001500	120111
7002000	120119
7002500	120127
7003000	120133
7003500	120141
7004000	120150
7004500	120159
7005000	120168
7005500	120176
7006000	120185
7006500	120195
7007000	120202
7007500	120215
7008000	120222
7008500	120232
7009000	120239
7009500	120251
7010000	120264
7010500	120272
7011000	120283
7011500	120291
7012000	120300
7012500	120305
7013000	120311
7013500	120317
7014000	120326
7014500	120338
7015000	120345
7015500	120352
7016000	120361
7016500	120370
7017000	120378
7017500	120385
7018000	120396
7018500	120403
7019000	120412
7019500	120419
7020000	120425
7020500	120433
7021000	120439
7021500	120449
7022000	120466
7022500	120475
7023000	120486
7023500	120498
7024000	120508
7024500	120517
7025000	120526
7025500	120535
7026000	120546
7026500	120558
7027000	120565
7027500	120573
7028000	120584
7028500	120591
7029000	120603
7029500	120606
7030000	120619
7030500	120625
7031000	120633
7031500	120641
7032000	120646
7032500	120653
7033000	120658
7033500	120666
7034000	120674
7034500	120684
7035000	120697
7035500	120704
7036000	120713
7036500	120721
7037000	120728
7037500	120741
7038000	120745
7038500	120755
7039000	120761
7039500	120766
7040000	120771
7040500	120782
7041000	120793
7041500	120801
7042000	120808
7042500	120810
7043000	120818
7043500	120822
7044000	120829
7044500	120841
7045000	120850
7045500	120862
7046000	120875
7046500	120883
7047000	120892
7047500	120903
7048000	120912
7048500	120920
7049000	120929
7049500	120936
7050000	120947
7050500	120951
7051000	120965
7051500	120973
7052000	120977
7052500	120988
7053000	120992
7053500	121007
7054000	121011
7054500	121019
7055000	121025
7055500	121035
7056000	121040
7056500	121046
7057000	121055
7057500	121066
7058000	121079
7058500	121088
7059000	121099
7059500	121109
7060000	121123
7060500	121130
7061000	121137
7061500	121146
7062000	121155
7062500	121158
7063000	121162
7063500	121169
7064000	121177
7064500	121186
7065000	121193
7065500	121203
7066000	121215
7066500	121221
7067000	121234
7067500	121243
7068000	121251
7068500	121263
7069000	121273
7069500	121280
7070000	121282
7070500	121293
7071000	121300
7071500	121306
7072000	121313
7072500	121321
7073000	121331
7073500	121343
7074000	121348
7074500	121357
7075000	121368
7075500	121378
7076000	121385
7076500	121393
7077000	121407
7077500	121420
7078000	121431
7078500	121436
7079000	121441
7079500	121453
7080000	121462
7080500	121470
7081000	121477
7081500	121487
7082000	121498
7082500	121512
7083000	121519
7083500	121530
7084000	121542
7084500	121550
7085000	121557
7085500	121564
7086000	121571
7086500	121581
7087000	121591
7087500	121599
7088000	121605
7088500	121613
7089000	121619
7089500	121630
7090000	121641
7090500	121647
7091000	121654
7091500	121656
7092000	121666
7092500	121672
7093000	121680
7093500	121686
7094000	121694
7094500	121700
7095000	121709
7095500	121713
7096000	121724
7096500	121730
7097000	121741
7097500	121756
7098000	121765
7098500	121775
7099000	121780
7099500	121790
7100000	121799
7100500	121810
7101000	121819
7101500	121823
7102000	121828
7102500	121837
7103000	121843
7103500	121853
7104000	121869
7104500	121877
7105000	121885
7105500	121892
7106000	121907
7106500	121911
7107000	121916
7107500	121922
7108000	121933
7108500	121943
7109000	121952
7109500	121959
7110000	121968
7110500	121974
7111000	121984
7111500	121995
7112000	122007
7112500	122012
7113000	122019
7113500	122029
7114000	122040
7114500	122050
7115000	122057
7115500	122065
7116000	122073
7116500	122081
7117000	122092
7117500	122099
7118000	122109
7118500	122121
7119000	122132
7119500	122144
7120000	122155
7120500	122164
7121000	122177
7121500	122182
7122000	122190
7122500	122199
7123000	122201
7123500	122209
7124000	122214
7124500	122225
7125000	122231
7125500	122239
7126000	122248
7126500	122256
7127000	122261
7127500	122268
7128000	122277
7128500	122286
7129000	122293
7129500	122304
7130000	122311
7130500	122324
7131000	122331
7131500	122335
7132000	122350
7132500	122361
7133000	122369
7133500	122381
7134000	122388
7134500	122397
7135000	122408
7135500	122412
7136000	122424
7136500	122432
7137000	122441
7137500	122443
7138000	122449
7138500	122460
7139000	122468
7139500	122476
7140000	122483
7140500	122493
7141000	122498
7141500	122502
7142000	122513
7142500	122521
7143000	122532
7143500	122539
7144000	122550
7144500	122562
7145000	122571
7145500	122576
7146000	122586
7146500	122594
7147000	122601
7147500	122607
7148000	122618
7148500	122621
7149000	122637
7149500	122647
7150000	122653
7150500	122671
7151000	122682
7151500	122692
7152000	122704
7152500	122712
7153000	122717
7153500	122724
7154000	122736
7154500	122744
7155000	122752
7155500	122759
7156000	122764
7156500	122770
7157000	122774
7157500	122785
7158000	122794
7158500	122807
7159000	122815
7159500	122826
7160000	122833
7160500	122838
7161000	122845
7161500	122855
7162000	122863
7162500	122875
7163000	122887
7163500	122891
7164000	122898
7164500	122909
7165000	122921
7165500	122928
7166000	122938
7166500	122946
7167000	122954
7167500	122964
7168000	122973
7168500	122976
7169000	122988
7169500	122999
7170000	123006
7170500	123010
7171000	123020
7171500	123028
7172000	123036
7172500	123043
7173000	123056
7173500	123063
7174000	123065
7174500	123073
7175000	123083
7175500	123097
7176000	123107
7176500	123118
7177000	123128
7177500	123142
7178000	123152
7178500	123156
7179000	123168
7179500	123173
7180000	123182
7180500	123191
7181000	123198
7181500	123203
7182000	123208
7182500	123216
7183000	123220
7183500	123225
7184000	123240
7184500	123253
7185000	123262
7185500	123270
7186000	123274
7186500	123281
7187000	123289
7187500	123294
7188000	123305
7188500	123310
7189000	123319
7189500	123326
7190000	123332
7190500	123342
7191000	123352
7191500	123361
7192000	123368
7192500	123378
7193000	123391
7193500	123401
7194000	123408
7194500	123410
7195000	123417
7195500	123420
7196000	123428
7196500	123439
7197000	123449
7197500	123458
7198000	123471
7198500	123480
7199000	123485
7199500	123495
7200000	123499
7200500	123505
7201000	123516
7201500	123525
7202000	123536
7202500	123542
7203000	123550
7203500	123558
7204000	123567
7204500	123576
7205000	123583
7205500	123588
7206000	123596
7206500	123606
7207000	123616
7207500	123626
7208000	123636
7208500	123654
7209000	123656
7209500	123662
7210000	123668
7210500	123671
7211000	123676
7211500	123683
7212000	123694
7212500	123703
7213000	123710
7213500	123720
7214000	123727
7214500	123733
7215000	123742
7215500	123751
7216000	123760
7216500	123763
7217000	123770
7217500	123778
7218000	123788
7218500	123802
7219000	123809
7219500	123818
7220000	123829
7220500	123837
7221000	123847
7221500	123854
7222000	123861
7222500	123872
7223000	123883
7223500	123887
7224000	123900
7224500	123907
7225000	123918
7225500	123922
7226000	123931
7226500	123936
7227000	123944
7227500	123949
7228000	123955
7228500	123963
7229000	123981
7229500	123990
7230000	123997
7230500	124005
7231000	124013
7231500	124026
7232000	124035
7232500	124045
7233000	124058
7233500	124063
7234000	124071
7234500	124081
7235000	124085
7235500	124089
7236000	124097
7236500	124104
7237000	124114
7237500	124119
7238000	124131
7238500	124134
7239000	124148
7239500	124153
7240000	124157
7240500	124165
7241000	124166
7241500	124177
7242000	124186
7242500	124194
7243000	124204
7243500	124213
7244000	124226
7244500	124237
7245000	124245
7245500	124258
7246000	124272
7246500	124282
7247000	124288
7247500	124296
7248000	124305
7248500	124316
7249000	124321
7249500	124324
7250000	124334
7250500	124341
7251000	124354
7251500	124364
7252000	124369
7252500	124381
7253000	124391
7253500	124397
7254000	124408
7254500	124414
7255000	124424
7255500	124430
7256000	124438
7256500	124445
7257000	124453
7257500	124463
7258000	124471
7258500	124477
7259000	124482
7259500	124491
7260000	124501
7260500	124511
7261000	124519
7261500	124527
7262000	124539
7262500	124553
7263000	124561
7263500	124571
7264000	124578
7264500	124583
7265000	124592
7265500	124596
7266000	124607
7266500	124616
7267000	124624
7267500	124633
7268000	124640
7268500	124651
7269000	124663
7269500	124667
7270000	124672
7270500	124685
7271000	124690
7271500	124698
7272000	124706
7272500	124713
7273000	124730
7273500	124739
7274000	124748
7274500	124755
7275000	124763
7275500	124770
7276000	124781
7276500	124788
7277000	124796
7277500	124800
7278000	124813
7278500	124818
7279000	124827
7279500	124835
7280000	124840
7280500	124849
7281000	124864
7281500	124873
7282000	124885
7282500	124886
7283000	124898
7283500	124905
7284000	124909
7284500	124921
7285000	124929
7285500	124936
7286000	124940
7286500	124945
7287000	124954
7287500	124959
7288000	124965
7288500	124976
7289000	124991
7289500	125005
7290000	125016
7290500	125027
7291000	125036
7291500	125043
7292000	125052
7292500	125063
7293000	125072
7293500	125082
7294000	125091
7294500	125098
7295000	125104
7295500	125106
7296000	125112
7296500	125117
7297000	125126
7297500	125132
7298000	125147
7298500	125155
7299000	125169
7299500	125178
7300000	125190
7300500	125202
7301000	125207
7301500	125216
7302000	125226
7302500	125243
7303000	125252
7303500	125259
7304000	125266
7304500	125276
7305000	125287
7305500	125295
7306000	125303
7306500	125316
7307000	125323
7307500	125334
7308000	125342
7308500	125348
7309000	125351
7309500	125359
7310000	125366
7310500	125373
7311000	125384
7311500	125395
7312000	125407
7312500	125412
7313000	125421
7313500	125430
7314000	125439
7314500	125451
7315000	125464
7315500	125468
7316000	125479
7316500	125486
7317000	125496
7317500	125504
7318000	125510
7318500	125517
7319000	125525
7319500	125532
7320000	125537
7320500	125544
7321000	125556
7321500	125563
7322000	125577
7322500	125595
7323000	125608
7323500	125616
7324000	125625
7324500	125632
7325000	125647
7325500	125650
7326000	125652
7326500	125660
7327000	125670
7327500	125678
7328000	125687
7328500	125695
7329000	125702
7329500	125706
7330000	125718
7330500	125730
7331000	125735
7331500	125742
7332000	125749
7332500	125756
7333000	125767
7333500	125772
7334000	125781
7334500	125790
7335000	125798
7335500	125805
7336000	125810
7336500	125815
7337000	125821
7337500	125833
7338000	125843
7338500	125852
7339000	125863
7339500	125871
7340000	125884
7340500	125895
7341000	125900
7341500	125910
7342000	125915
7342500	125925
7343000	125935
7343500	125941
7344000	125948
7344500	125956
7345000	125967
7345500	125977
7346000	125985
7346500	125993
7347000	125998
7347500	126008
7348000	126019
7348500	126025
7349000	126032
7349500	126040
7350000	126049
7350500	126055
7351000	126063
7351500	126075
7352000	126086
7352500	126093
7353000	126098
7353500	126104
7354000	126114
7354500	126127
7355000	126138
7355500	126146
7356000	126153
7356500	126160
7357000	126167
7357500	126174
7358000	126183
7358500	126195
7359000	126206
7359500	126211
7360000	126213
7360500	126224
7361000	126230
7361500	126238
7362000	126250
7362500	126258
7363000	126261
7363500	126270
7364000	126277
7364500	126282
7365000	126291
7365500	126300
7366000	126308
7366500	126319
7367000	126331
7367500	126337
7368000	126348
7368500	126357
7369000	126374
7369500	126383
7370000	126389
7370500	126397
7371000	126405
7371500	126416
7372000	126421
7372500	126428
7373000	126440
7373500	126448
7374000	126464
7374500	126471
7375000	126473
7375500	126479
7376000	126491
7376500	126500
7377000	126509
7377500	126522
7378000	126528
7378500	126536
7379000	126544
7379500	126552
7380000	126559
7380500	126571
7381000	126581
7381500	126594
7382000	126608
7382500	126617
7383000	126621
7383500	126628
7384000	126639
7384500	126645
7385000	126652
7385500	126661
7386000	126669
7386500	126672
7387000	126679
7387500	126689
7388000	126700
7388500	126709
7389000	126720
7389500	126733
7390000	126742
7390500	126748
7391000	126760
7391500	126763
7392000	126769
7392500	126778
7393000	126787
7393500	126795
7394000	126806
7394500	126818
7395000	126824
7395500	126834
7396000	126843
7396500	126850
7397000	126861
7397500	126870
7398000	126877
7398500	126884
7399000	126892
7399500	126900
7400000	126909
7400500	126914
7401000	126923
7401500	126934
7402000	126942
7402500	126950
7403000	126955
7403500	126967
7404000	126973
7404500	126983
7405000	126989
7405500	126998
7406000	127007
7406500	127014
7407000	127020
7407500	127034
7408000	127047
7408500	127054
7409000	127062
7409500	127075
7410000	127087
7410500	127095
7411000	127103
7411500	127109
7412000	127115
7412500	127124
7413000	127134
7413500	127139
7414000	127150
7414500	127162
7415000	127167
7415500	127176
7416000	127190
7416500	127200
7417000	127207
7417500	127212
7418000	127221
7418500	127227
7419000	127233
7419500	127243
7420000	127249
7420500	127254
7421000	127260
7421500	127270
7422000	127279
7422500	127288
7423000	127298
7423500	127306
7424000	127317
7424500	127323
7425000	127327
7425500	127332
7426000	127342
7426500	127352
7427000	127365
7427500	127369
7428000	127380
7428500	127391
7429000	127402
7429500	127414
7430000	127424
7430500	127434
7431000	127438
7431500	127448
7432000	127455
7432500	127463
7433000	127466
7433500	127473
7434000	127478
7434500	127490
7435000	127502
7435500	127517
7436000	127526
7436500	127533
7437000	127546
7437500	127556
7438000	127562
7438500	127568
7439000	127579
7439500	127588
7440000	127595
7440500	127599
7441000	127610
7441500	127618
7442000	127628
7442500	127640
7443000	127651
7443500	127659
7444000	127667
7444500	127673
7445000	127680
7445500	127689
7446000	127697
7446500	127709
7447000	127718
7447500	127727
7448000	127735
7448500	127744
7449000	127753
7449500	127759
7450000	127767
7450500	127778
7451000	127784
7451500	127790
7452000	127794
7452500	127798
7453000	127809
7453500	127816
7454000	127828
7454500	127837
7455000	127847
7455500	127859
7456000	127865
7456500	127871
7457000	127877
7457500	127883
7458000	127895
7458500	127902
7459000	127910
7459500	127921
7460000	127933
7460500	127945
7461000	127959
7461500	127967
7462000	127981
7462500	127989
7463000	127996
7463500	128006
7464000	128011
7464500	128024
7465000	128038
7465500	128045
7466000	128055
7466500	128060
7467000	128069
7467500	128076
7468000	128083
7468500	128092
7469000	128097
7469500	128107
7470000	128117
7470500	128126
7471000	128133
7471500	128143
7472000	128147
7472500	128158
7473000	128168
7473500	128173
7474000	128181
7474500	128191
7475000	128206
7475500	128213
7476000	128225
7476500	128228
7477000	128234
7477500	128245
7478000	128251
7478500	128257
7479000	128265
7479500	128271
7480000	128285
7480500	128296
7481000	128299
7481500	128304
7482000	128313
7482500	128319
7483000	128324
7483500	128330
7484000	128341
7484500	128348
7485000	128355
7485500	128364
7486000	128368
7486500	128374
7487000	128381
7487500	128389
7488000	128398
7488500	128409
7489000	128417
7489500	128423
7490000	128430
7490500	128441
7491000	128449
7491500	128456
7492000	128465
7492500	128472
7493000	128479
7493500	128489
7494000	128498
7494500	128505
7495000	128515
7495500	128526
7496000	128536
7496500	128544
7497000	128551
7497500	128562
7498000	128572
7498500	128578
7499000	128585
7499500	128593
7500000	128605
7500500	128615
7501000	128625
7501500	128639
7502000	128645
7502500	128653
7503000	128660
7503500	128674
7504000	128686
7504500	128693
7505000	128697
7505500	128708
7506000	128720
7506500	128728
7507000	128736
7507500	128746
7508000	128753
7508500	128768
7509000	128777
7509500	128785
7510000	128789
7510500	128797
7511000	128807
7511500	128817
7512000	128826
7512500	128835
7513000	128845
7513500	128850
7514000	128857
7514500	128863
7515000	128871
7515500	128885
7516000	128896
7516500	128903
7517000	128914
7517500	128921
7518000	128930
7518500	128939
7519000	128946
7519500	128953
7520000	128956
7520500	128963
7521000	128970
7521500	128977
7522000	128984
7522500	128994
7523000	129001
7523500	129009
7524000	129025
7524500	129034
7525000	129042
7525500	129054
7526000	129063
7526500	129072
7527000	129085
7527500	129090
7528000	129097
7528500	129104
7529000	129112
7529500	129119
7530000	129128
7530500	129133
7531000	129143
7531500	129150
7532000	129158
7532500	129163
7533000	129167
7533500	129182
7534000	129196
7534500	129207
7535000	129215
7535500	129221
7536000	129228
7536500	129235
7537000	129251
7537500	129256
7538000	129264
7538500	129274
7539000	129286
7539500	129290
7540000	129298
7540500	129302
7541000	129312
7541500	129323
7542000	129327
7542500	129330
7543000	129335
7543500	129347
7544000	129355
7544500	129363
7545000	129368
7545500	129374
7546000	129384
7546500	129394
7547000	129402
7547500	129411
7548000	129420
7548500	129426
7549000	129438
7549500	129445
7550000	129454
7550500	129462
7551000	129469
7551500	129478
7552000	129489
7552500	129494
7553000	129508
7553500	129517
7554000	129529
7554500	129538
7555000	129541
7555500	129550
7556000	129556
7556500	129569
7557000	129572
7557500	129576
7558000	129592
7558500	129600
7559000	129608
7559500	129615
7560000	129625
7560500	129634
7561000	129642
7561500	129647
7562000	129654
7562500	129667
7563000	129679
7563500	129686
7564000	129694
7564500	129702
7565000	129710
7565500	129718
7566000	129727
7566500	129740
7567000	129747
7567500	129752
7568000	129759
7568500	129770
7569000	129779
7569500	129787
7570000	129792
7570500	129799
7571000	129813
7571500	129821
7572000	129828
7572500	129832
7573000	129840
7573500	129846
7574000	129859
7574500	129866
7575000	129870
7575500	129882
7576000	129889
7576500	129903
7577000	129910
7577500	129919
7578000	129923
7578500	129932
7579000	129941
7579500	129949
7580000	129960
7580500	129970
7581000	129982
7581500	129986
7582000	129995
7582500	130006
7583000	130013
7583500	130020
7584000	130025
7584500	130037
7585000	130050
7585500	130055
7586000	130063
7586500	130075
7587000	130084
7587500	130091
7588000	130099
7588500	130103
7589000	130107
7589500	130120
7590000	130124
7590500	130138
7591000	130148
7591500	130160
7592000	130166
7592500	130172
7593000	130184
7593500	130191
7594000	130204
7594500	130212
7595000	130218
7595500	130226
7596000	130240
7596500	130247
7597000	130255
7597500	130270
7598000	130281
7598500	130286
7599000	130295
7599500	130302
7600000	130315
7600500	130323
7601000	130329
7601500	130338
7602000	130346
7602500	130359
7603000	130369
7603500	130374
7604000	130387
7604500	130399
7605000	130407
7605500	130420
7606000	130428
7606500	130435
7607000	130445
7607500	130455
7608000	130460
7608500	130469
7609000	130476
7609500	130485
7610000	130491
7610500	130500
7611000	130507
7611500	130513
7612000	130520
7612500	130531
7613000	130539
7613500	130549
7614000	130553
7614500	130560
7615000	130569
7615500	130574
7616000	130585
7616500	130597
7617000	130609
7617500	130619
7618000	130625
7618500	130635
7619000	130642
7619500	130655
7620000	130661
7620500	130668
7621000	130675
7621500	130682
7622000	130691
7622500	130694
7623000	130703
7623500	130715
7624000	130718
7624500	130727
7625000	130736
7625500	130745
7626000	130751
7626500	130758
7627000	130765
7627500	130778
7628000	130785
7628500	130799
7629000	130806
7629500	130821
7630000	130836
7630500	130846
7631000	130851
7631500	130862
7632000	130879
7632500	130882
7633000	130892
7633500	130896
7634000	130901
7634500	130910
7635000	130915
7635500	130924
7636000	130934
7636500	130940
7637000	130944
7637500	130954
7638000	130963
7638500	130975
7639000	130983
7639500	130990
7640000	130998
7640500	131004
7641000	131011
7641500	131020
7642000	131026
7642500	131036
7643000	131044
7643500	131050
7644000	131056
7644500	131061
7645000	131070
7645500	131081
7646000	131086
7646500	131093
7647000	131099
7647500	131110
7648000	131122
7648500	131133
7649000	131139
7649500	131147
7650000	131157
7650500	131167
7651000	131173
7651500	131186
7652000	131191
7652500	131202
7653000	131211
7653500	131215
7654000	131227
7654500	131237
7655000	131247
7655500	131257
7656000	131267
7656500	131273
7657000	131282
7657500	131291
7658000	131298
7658500	131305
7659000	131308
7659500	131316
7660000	131323
7660500	131336
7661000	131346
7661500	131353
7662000	131362
7662500	131371
7663000	131379
7663500	131382
7664000	131387
7664500	131395
7665000	131402
7665500	131405
7666000	131414
7666500	131426
7667000	131433
7667500	131443
7668000	131452
7668500	131463
7669000	131473
7669500	131480
7670000	131488
7670500	131492
7671000	131503
7671500	131509
7672000	131515
7672500	131522
7673000	131532
7673500	131540
7674000	131547
7674500	131552
7675000	131556
7675500	131571
7676000	131578
7676500	131590
7677000	131606
7677500	131619
7678000	131633
7678500	131640
7679000	131647
7679500	131658
7680000	131667
7680500	131673
7681000	131681
7681500	131690
7682000	131698
7682500	131703
7683000	131712
7683500	131717
7684000	131727
7684500	131736
7685000	131737
7685500	131741
7686000	131747
7686500	131757
7687000	131763
7687500	131774
7688000	131780
7688500	131793
7689000	131799
7689500	131807
7690000	131817
7690500	131831
7691000	131841
7691500	131851
7692000	131863
7692500	131870
7693000	131876
7693500	131882
7694000	131888
7694500	131900
7695000	131905
7695500	131912
7696000	131918
7696500	131929
7697000	131938
7697500	131943
7698000	131947
7698500	131953
7699000	131964
7699500	131974
7700000	131984
7700500	131993
7701000	132002
7701500	132007
7702000	132018
7702500	132023
7703000	132033
7703500	132043
7704000	132046
7704500	132053
7705000	132069
7705500	132080
7706000	132084
7706500	132095
7707000	132106
7707500	132113
7708000	132118
7708500	132126
7709000	132136
7709500	132143
7710000	132151
7710500	132161
7711000	132171
7711500	132180
7712000	132190
7712500	132195
7713000	132206
7713500	132214
7714000	132221
7714500	132228
7715000	132238
7715500	132250
7716000	132255
7716500	132262
7717000	132269
7717500	132276
7718000	132292
7718500	132299
7719000	132308
7719500	132317
7720000	132321
7720500	132325
7721000	132337
7721500	132348
7722000	132358
7722500	132363
7723000	132369
7723500	132380
7724000	132394
7724500	132398
7725000	132405
7725500	132413
7726000	132421
7726500	132430
7727000	132437
7727500	132448
7728000	132457
7728500	132467
7729000	132472
7729500	132477
7730000	132488
7730500	132495
7731000	132503
7731500	132507
7732000	132514
7732500	132516
7733000	132524
7733500	132538
7734000	132550
7734500	132557
7735000	132564
7735500	132572
7736000	132580
7736500	132592
7737000	132597
7737500	132602
7738000	132610
7738500	132621
7739000	132629
7739500	132638
7740000	132648
7740500	132660
7741000	132672
7741500	132683
7742000	132696
7742500	132701
7743000	132709
7743500	132717
7744000	132721
7744500	132728
7745000	132741
7745500	132753
7746000	132759
7746500	132770
7747000	132776
7747500	132790
7748000	132800
7748500	132805
7749000	132811
7749500	132817
7750000	132825
7750500	132828
7751000	132836
7751500	132846
7752000	132857
7752500	132871
7753000	132881
7753500	132889
7754000	132891
7754500	132898
7755000	132907
7755500	132914
7756000	132920
7756500	132927
7757000	132940
7757500	132947
7758000	132955
7758500	132970
7759000	132980
7759500	132985
7760000	132995
7760500	133003
7761000	133013
7761500	133020
7762000	133030
7762500	133039
7763000	133044
7763500	133051
7764000	133056
7764500	133066
7765000	133083
7765500	133087
7766000	133100
7766500	133106
7767000	133111
7767500	133118
7768000	133124
7768500	133132
7769000	133141
7769500	133153
7770000	133159
7770500	133163
7771000	133174
7771500	133179
7772000	133188
7772500	133196
7773000	133211
7773500	133218
7774000	133220
7774500	133233
7775000	133237
7775500	133246
7776000	133253
7776500	133265
7777000	133273
7777500	133277
7778000	133287
7778500	133294
7779000	133304
7779500	133309
7780000	133315
7780500	133325
7781000	133338
7781500	133351
7782000	133357
7782500	133363
7783000	133367
7783500	133371
7784000	133382
7784500	133390
7785000	133398
7785500	133410
7786000	133415
7786500	133432
7787000	133442
7787500	133451
7788000	133459
7788500	133469
7789000	133476
7789500	133485
7790000	133495
7790500	133507
7791000	133512
7791500	133524
7792000	133537
7792500	133543
7793000	133551
7793500	133559
7794000	133562
7794500	133565
7795000	133574
7795500	133579
7796000	133584
7796500	133594
7797000	133601
7797500	133610
7798000	133615
7798500	133629
7799000	133636
7799500	133647
7800000	133658
7800500	133664
7801000	133674
7801500	133684
7802000	133696
7802500	133707
7803000	133715
7803500	133726
7804000	133734
7804500	133744
7805000	133754
7805500	133764
7806000	133773
7806500	133784
7807000	133788
7807500	133796
7808000	133807
7808500	133816
7809000	133823
7809500	133837
7810000	133841
7810500	133846
7811000	133854
7811500	133863
7812000	133871
7812500	133878
7813000	133887
7813500	133900
7814000	133907
7814500	133917
7815000	133923
7815500	133933
7816000	133941
7816500	133950
7817000	133954
7817500	133957
7818000	133965
7818500	133984
7819000	133996
7819500	134005
7820000	134021
7820500	134029
7821000	134034
7821500	134038
7822000	134047
7822500	134056
7823000	134061
7823500	134073
7824000	134077
7824500	134090
7825000	134093
7825500	134103
7826000	134112
7826500	134115
7827000	134121
7827500	134129
7828000	134139
7828500	134147
7829000	134153
7829500	134163
7830000	134169
7830500	134177
7831000	134186
7831500	134191
7832000	134199
7832500	134213
7833000	134222
7833500	134232
7834000	134240
7834500	134246
7835000	134255
7835500	134265
7836000	134273
7836500	134280
7837000	134286
7837500	134294
7838000	134300
7838500	134305
7839000	134309
7839500	134319
7840000	134327
7840500	134341
7841000	134351
7841500	134359
7842000	134370
7842500	134382
7843000	134385
7843500	134390
7844000	134402
7844500	134414
7845000	134423
7845500	134425
7846000	134430
7846500	134437
7847000	134442
7847500	134458
7848000	134463
7848500	134472
7849000	134480
7849500	134490
7850000	134497
7850500	134503
7851000	134509
7851500	134517
7852000	134524
7852500	134538
7853000	134549
7853500	134557
7854000	134568
7854500	134575
7855000	134586
7855500	134593
7856000	134599
7856500	134610
7857000	134620
7857500	134624
7858000	134635
7858500	134643
7859000	134647
7859500	134655
7860000	134665
7860500	134670
7861000	134683
7861500	134692
7862000	134698
7862500	134706
7863000	134717
7863500	134727
7864000	134739
7864500	134744
7865000	134748
7865500	134758
7866000	134765
7866500	134775
7867000	134783
7867500	134787
7868000	134795
7868500	134807
7869000	134812
7869500	134818
7870000	134825
7870500	134832
7871000	134842
7871500	134856
7872000	134864
7872500	134866
7873000	134874
7873500	134881
7874000	134886
7874500	134896
7875000	134904
7875500	134915
7876000	134922
7876500	134927
7877000	134937
7877500	134945
7878000	134963
7878500	134973
7879000	134983
7879500	134991
7880000	134998
7880500	135007
7881000	135014
7881500	135026
7882000	135036
7882500	135043
7883000	135054
7883500	135064
7884000	135073
7884500	135080
7885000	135091
7885500	135099
7886000	135103
7886500	135115
7887000	135124
7887500	135130
7888000	135139
7888500	135145
7889000	135154
7889500	135161
7890000	135170
7890500	135182
7891000	135188
7891500	135194
7892000	135206
7892500	135216
7893000	135228
7893500	135239
7894000	135247
7894500	135257
7895000	135268
7895500	135275
7896000	135285
7896500	135290
7897000	135298
7897500	135305
7898000	135315
7898500	135321
7899000	135330
7899500	135338
7900000	135343
7900500	135356
7901000	135363
7901500	135375
7902000	135381
7902500	135388
7903000	135397
7903500	135405
7904000	135415
7904500	135421
7905000	135426
7905500	135437
7906000	135447
7906500	135456
7907000	135470
7907500	135473
7908000	135482
7908500	135490
7909000	135498
7909500	135504
7910000	135513
7910500	135519
7911000	135529
7911500	135539
7912000	135554
7912500	135568
7913000	135581
7913500	135587
7914000	135596
7914500	135603
7915000	135616
7915500	135627
7916000	135632
7916500	135640
7917000	135649
7917500	135658
7918000	135664
7918500	135672
7919000	135683
7919500	135694
7920000	135706
7920500	135713
7921000	135721
7921500	135727
7922000	135741
7922500	135747
7923000	135753
7923500	135760
7924000	135765
7924500	135775
7925000	135790
7925500	135798
7926000	135802
7926500	135805
7927000	135816
7927500	135831
7928000	135842
7928500	135851
7929000	135861
7929500	135872
7930000	135881
7930500	135885
7931000	135897
7931500	135907
7932000	135917
7932500	135929
7933000	135941
7933500	135953
7934000	135959
7934500	135971
7935000	135974
7935500	135979
7936000	135992
7936500	135999
7937000	136006
7937500	136013
7938000	136019
7938500	136022
7939000	136029
7939500	136035
7940000	136039
7940500	136050
7941000	136056
7941500	136063
7942000	136069
7942500	136081
7943000	136091
7943500	136100
7944000	136112
7944500	136116
7945000	136125
7945500	136137
7946000	136139
7946500	136148
7947000	136157
7947500	136164
7948000	136180
7948500	136188
7949000	136196
7949500	136202
7950000	136212
7950500	136222
7951000	136234
7951500	136240
7952000	136248
7952500	136259
7953000	136266
7953500	136272
7954000	136282
7954500	136288
7955000	136297
7955500	136309
7956000	136320
7956500	136331
7957000	136346
7957500	136352
7958000	136361
7958500	136370
7959000	136373
7959500	136376
7960000	136381
7960500	136393
7961000	136402
7961500	136408
7962000	136414
7962500	136423
7963000	136433
7963500	136442
7964000	136451
7964500	136456
7965000	136471
7965500	136476
7966000	136483
7966500	136492
7967000	136501
7967500	136508
7968000	136514
7968500	136524
7969000	136532
7969500	136537
7970000	136542
7970500	136547
7971000	136552
7971500	136561
7972000	136568
7972500	136573
7973000	136583
7973500	136586
7974000	136590
7974500	136602
7975000	136611
7975500	136618
7976000	136628
7976500	136642
7977000	136654
7977500	136664
7978000	136677
7978500	136691
7979000	136701
7979500	136712
7980000	136714
7980500	136724
7981000	136735
7981500	136740
7982000	136750
7982500	136764
7983000	136772
7983500	136781
7984000	136787
7984500	136795
7985000	136804
7985500	136818
7986000	136826
7986500	136838
7987000	136844
7987500	136850
7988000	136860
7988500	136872
7989000	136883
7989500	136890
7990000	136904
7990500	136913
7991000	136917
7991500	136928
7992000	136933
7992500	136942
7993000	136949
7993500	136957
7994000	136967
7994500	136979
7995000	136985
7995500	136996
7996000	137014
7996500	137022
7997000	137029
7997500	137038
7998000	137049
7998500	137056
7999000	137066
7999500	137073
8000000	137083
8000500	137095
8001000	137103
8001500	137108
8002000	137118
8002500	137126
8003000	137131
8003500	137138
8004000	137150
8004500	137160
8005000	137166
8005500	137174
8006000	137181
8006500	137187
8007000	137196
8007500	137210
8008000	137217
8008500	137228
8009000	137238
8009500	137245
8010000	137248
8010500	137254
8011000	137259
8011500	137266
8012000	137276
8012500	137284
8013000	137290
8013500	137298
8014000	137308
8014500	137319
8015000	137331
8015500	137340
8016000	137346
8016500	137358
8017000	137370
8017500	137382
8018000	137390
8018500	137399
8019000	137406
8019500	137413
8020000	137417
8020500	137426
8021000	137432
8021500	137439
8022000	137447
8022500	137459
8023000	137472
8023500	137478
8024000	137487
8024500	137497
8025000	137504
8025500	137520
8026000	137532
8026500	137543
8027000	137550
8027500	137561
8028000	137568
8028500	137576
8029000	137582
8029500	137587
8030000	137590
8030500	137602
8031000	137611
8031500	137622
8032000	137627
8032500	137639
8033000	137644
8033500	137655
8034000	137661
8034500	137672
8035000	137680
8035500	137693
8036000	137700
8036500	137704
8037000	137713
8037500	137728
8038000	137735
8038500	137740
8039000	137748
8039500	137764
8040000	137772
8040500	137777
8041000	137780
8041500	137787
8042000	137797
8042500	137810
8043000	137816
8043500	137822
8044000	137835
8044500	137843
8045000	137850
8045500	137858
8046000	137864
8046500	137875
8047000	137884
8047500	137892
8048000	137900
8048500	137909
8049000	137915
8049500	137924
8050000	137931
8050500	137938
8051000	137949
8051500	137957
8052000	137964
8052500	137972
8053000	137979
8053500	137988
8054000	137995
8054500	138006
8055000	138010
8055500	138017
8056000	138024
8056500	138033
8057000	138044
8057500	138052
8058000	138061
8058500	138072
8059000	138082
8059500	138091
8060000	138096
8060500	138106
8061000	138115
8061500	138127
8062000	138133
8062500	138143
8063000	138152
8063500	138157
8064000	138167
8064500	138173
8065000	138181
8065500	138189
8066000	138200
8066500	138203
8067000	138215
8067500	138225
8068000	138232
8068500	138244
8069000	138261
8069500	138270
8070000	138283
8070500	138290
8071000	138297
8071500	138307
8072000	138315
8072500	138327
8073000	138340
8073500	138351
8074000	138361
8074500	138370
8075000	138375
8075500	138385
8076000	138391
8076500	138397
8077000	138408
8077500	138418
8078000	138427
8078500	138432
8079000	138437
8079500	138442
8080000	138455
8080500	138463
8081000	138469
8081500	138479
8082000	138490
8082500	138497
8083000	138501
8083500	138509
8084000	138519
8084500	138523
8085000	138531
8085500	138540
8086000	138549
8086500	138560
8087000	138572
8087500	138578
8088000	138589
8088500	138600
8089000	138604
8089500	138610
8090000	138616
8090500	138625
8091000	138630
8091500	138639
8092000	138649
8092500	138657
8093000	138667
8093500	138672
8094000	138679
8094500	138688
8095000	138696
8095500	138704
8096000	138715
8096500	138722
8097000	138731
8097500	138735
8098000	138743
8098500	138750
8099000	138757
8099500	138764
8100000	138772
8100500	138781
8101000	138789
8101500	138801
8102000	138810
8102500	138821
8103000	138830
8103500	138845
8104000	138854
8104500	138865
8105000	138873
8105500	138877
8106000	138885
8106500	138892
8107000	138896
8107500	138908
8108000	138916
8108500	138924
8109000	138930
8109500	138937
8110000	138941
8110500	138949
8111000	138957
8111500	138967
8112000	138973
8112500	138987
8113000	138997
8113500	139008
8114000	139015
8114500	139025
8115000	139037
8115500	139043
8116000	139054
8116500	139062
8117000	139071
8117500	139081
8118000	139088
8118500	139092
8119000	139099
8119500	139110
8120000	139119
8120500	139124
8121000	139130
8121500	139140
8122000	139152
8122500	139157
8123000	139171
8123500	139178
8124000	139187
8124500	139198
8125000	139209
8125500	139221
8126000	139234
8126500	139240
8127000	139245
8127500	139256
8128000	139265
8128500	139270
8129000	139276
8129500	139285
8130000	139293
8130500	139300
8131000	139305
8131500	139316
8132000	139330
8132500	139337
8133000	139345
8133500	139357
8134000	139367
8134500	139375
8135000	139384
8135500	139388
8136000	139396
8136500	139398
8137000	139405
8137500	139417
8138000	139422
8138500	139436
8139000	139445
8139500	139449
8140000	139456
8140500	139464
8141000	139474
8141500	139484
8142000	139494
8142500	139508
8143000	139517
8143500	139523
8144000	139530
8144500	139538
8145000	139546
8145500	139559
8146000	139569
8146500	139581
8147000	139589
8147500	139599
8148000	139604
8148500	139610
8149000	139617
8149500	139624
8150000	139632
8150500	139640
8151000	139653
8151500	139664
8152000	139671
8152500	139679
8153000	139687
8153500	139695
8154000	139703
8154500	139706
8155000	139715
8155500	139727
8156000	139740
8156500	139754
8157000	139766
8157500	139776
8158000	139786
8158500	139789
8159000	139799
8159500	139806
8160000	139812
8160500	139817
8161000	139830
8161500	139838
8162000	139848
8162500	139854
8163000	139868
8163500	139879
8164000	139890
8164500	139896
8165000	139904
8165500	139916
8166000	139924
8166500	139931
8167000	139939
8167500	139948
8168000	139956
8168500	139965
8169000	139969
8169500	139978
8170000	139981
8170500	139988
8171000	140002
8171500	140006
8172000	140018
8172500	140028
8173000	140036
8173500	140043
8174000	140053
8174500	140067
8175000	140072
8175500	140081
8176000	140091
8176500	140098
8177000	140106
8177500	140114
8178000	140119
8178500	140127
8179000	140137
8179500	140150
8180000	140154
8180500	140164
8181000	140173
8181500	140182
8182000	140190
8182500	140206
8183000	140212
8183500	140221
8184000	140224
8184500	140229
8185000	140237
8185500	140248
8186000	140265
8186500	140272
8187000	140279
8187500	140289
8188000	140302
8188500	140308
8189000	140318
8189500	140326
8190000	140336
8190500	140353
8191000	140361
8191500	140368
8192000	140380
8192500	140389
8193000	140399
8193500	140411
8194000	140419
8194500	140425
8195000	140433
8195500	140448
8196000	140453
8196500	140458
8197000	140470
8197500	140478
8198000	140482
8198500	140491
8199000	140498
8199500	140498
8200000	140513
8200500	140518
8201000	140527
8201500	140535
8202000	140542
8202500	140556
8203000	140564
8203500	140573
8204000	140579
8204500	140590
8205000	140593
8205500	140603
8206000	140607
8206500	140620
8207000	140633
8207500	140638
8208000	140645
8208500	140658
8209000	140669
8209500	140679
8210000	140691
8210500	140699
8211000	140704
8211500	140713
8212000	140721
8212500	140732
8213000	140749
8213500	140757
8214000	140775
8214500	140785
8215000	140792
8215500	140803
8216000	140813
8216500	140818
8217000	140824
8217500	140832
8218000	140838
8218500	140845
8219000	140859
8219500	140869
8220000	140875
8220500	140883
8221000	140891
8221500	140898
8222000	140903
8222500	140907
8223000	140920
8223500	140933
8224000	140943
8224500	140952
8225000	140960
8225500	140969
8226000	140980
8226500	140988
8227000	141000
8227500	141005
8228000	141014
8228500	141024
8229000	141031
8229500	141040
8230000	141052
8230500	141059
8231000	141066
8231500	141077
8232000	141084
8232500	141092
8233000	141097
8233500	141106
8234000	141111
8234500	141119
8235000	141123
8235500	141132
8236000	141139
8236500	141153
8237000	141159
8237500	141169
8238000	141178
8238500	141186
8239000	141196
8239500	141208
8240000	141215
8240500	141224
8241000	141235
8241500	141245
8242000	141253
8242500	141263
8243000	141274
8243500	141280
8244000	141285
8244500	141288
8245000	141299
8245500	141304
8246000	141307
8246500	141315
8247000	141324
8247500	141336
8248000	141342
8248500	141352
8249000	141362
8249500	141373
8250000	141379
8250500	141390
8251000	141402
8251500	141417
8252000	141422
8252500	141427
8253000	141439
8253500	141449
8254000	141454
8254500	141470
8255000	141478
8255500	141487
8256000	141493
8256500	141502
8257000	141513
8257500	141522
8258000	141533
8258500	141538
8259000	141552
8259500	141558
8260000	141569
8260500	141583
8261000	141589
8261500	141599
8262000	141609
8262500	141613
8263000	141622
8263500	141631
8264000	141639
8264500	141647
8265000	141658
8265500	141663
8266000	141675
8266500	141683
8267000	141693
8267500	141702
8268000	141714
8268500	141724
8269000	141737
8269500	141748
8270000	141758
8270500	141768
8271000	141780
8271500	141786
8272000	141798
8272500	141801
8273000	141812
8273500	141819
8274000	141825
8274500	141836
8275000	141846
8275500	141854
8276000	141863
8276500	141870
8277000	141881
8277500	141890
8278000	141901
8278500	141911
8279000	141919
8279500	141931
8280000	141936
8280500	141942
8281000	141948
8281500	141960
8282000	141968
8282500	141976
8283000	141983
8283500	141990
8284000	141995
8284500	142007
8285000	142018
8285500	142026
8286000	142035
8286500	142048
8287000	142056
8287500	142068
8288000	142085
8288500	142094
8289000	142111
8289500	142120
8290000	142130
8290500	142136
8291000	142145
8291500	142160
8292000	142165
8292500	142174
8293000	142184
8293500	142191
8294000	142198
8294500	142204
8295000	142210
8295500	142220
8296000	142232
8296500	142237
8297000	142246
8297500	142255
8298000	142261
8298500	142269
8299000	142275
8299500	142282
8300000	142290
8300500	142301
8301000	142309
8301500	142315
8302000	142318
8302500	142327
8303000	142333
8303500	142341
8304000	142354
8304500	142357
8305000	142363
8305500	142366
8306000	142375
8306500	142386
8307000	142394
8307500	142405
8308000	142415
8308500	142419
8309000	142430
8309500	142439
8310000	142447
8310500	142454
8311000	142465
8311500	142472
8312000	142483
8312500	142492
8313000	142500
8313500	142504
8314000	142520
8314500	142527
8315000	142534
8315500	142543
8316000	142552
8316500	142561
8317000	142570
8317500	142581
8318000	142591
8318500	142601
8319000	142610
8319500	142620
8320000	142627
8320500	142634
8321000	142642
8321500	142654
8322000	142659
8322500	142665
8323000	142679
8323500	142689
8324000	142695
8324500	142705
8325000	142711
8325500	142717
8326000	142728
8326500	142742
8327000	142750
8327500	142757
8328000	142760
8328500	142773
8329000	142782
8329500	142791
8330000	142800
8330500	142810
8331000	142817
8331500	142829
8332000	142841
8332500	142849
8333000	142857
8333500	142865
8334000	142873
8334500	142887
8335000	142895
8335500	142903
8336000	142909
8336500	142920
8337000	142929
8337500	142932
8338000	142937
8338500	142941
8339000	142949
8339500	142958
8340000	142968
8340500	142974
8341000	142988
8341500	142997
8342000	143004
8342500	143013
8343000	143022
8343500	143030
8344000	143040
8344500	143051
8345000	143060
8345500	143067
8346000	143078
8346500	143087
8347000	143094
8347500	143100
8348000	143104
8348500	143108
8349000	143116
8349500	143123
8350000	143128
8350500	143135
8351000	143145
8351500	143152
8352000	143158
8352500	143163
8353000	143172
8353500	143182
8354000	143192
8354500	143201
8355000	143212
8355500	143221
8356000	143231
8356500	143234
8357000	143247
8357500	143258
8358000	143271
8358500	143277
8359000	143287
8359500	143294
8360000	143299
8360500	143307
8361000	143314
8361500	143320
8362000	143326
8362500	143342
8363000	143347
8363500	143360
8364000	143365
8364500	143369
8365000	143380
8365500	143383
8366000	143391
8366500	143403
8367000	143412
8367500	143419
8368000	143431
8368500	143445
8369000	143457
8369500	143467
8370000	143474
8370500	143481
8371000	143493
8371500	143500
8372000	143504
8372500	143514
8373000	143525
8373500	143532
8374000	143540
8374500	143551
8375000	143557
8375500	143560
8376000	143574
8376500	143581
8377000	143586
8377500	143597
8378000	143603
8378500	143613
8379000	143622
8379500	143641
8380000	143644
8380500	143653
8381000	143659
8381500	143668
8382000	143679
8382500	143685
8383000	143691
8383500	143699
8384000	143708
8384500	143717
8385000	143723
8385500	143737
8386000	143747
8386500	143755
8387000	143762
8387500	143770
8388000	143776
8388500	143785
8389000	143790
8389500	143801
8390000	143812
8390500	143815
8391000	143820
8391500	143831
8392000	143840
8392500	143850
8393000	143860
8393500	143868
8394000	143874
8394500	143881
8395000	143889
8395500	143901
8396000	143905
8396500	143912
8397000	143922
8397500	143936
8398000	143941
8398500	143950
8399000	143958
8399500	143961
8400000	143972
8400500	143981
8401000	143986
8401500	143992
8402000	144001
8402500	144013
8403000	144024
8403500	144032
8404000	144038
8404500	144047
8405000	144055
8405500	144059
8406000	144063
8406500	144075
8407000	144085
8407500	144094
8408000	144100
8408500	144103
8409000	144115
8409500	144121
8410000	144130
8410500	144139
8411000	144146
8411500	144151
8412000	144159
8412500	144164
8413000	144177
8413500	144184
8414000	144193
8414500	144198
8415000	144207
8415500	144215
8416000	144223
8416500	144239
8417000	144243
8417500	144253
8418000	144260
8418500	144265
8419000	144277
8419500	144288
8420000	144294
8420500	144301
8421000	144311
8421500	144321
8422000	144329
8422500	144338
8423000	144343
8423500	144352
8424000	144360
8424500	144366
8425000	144373
8425500	144382
8426000	144392
8426500	144408
8427000	144415
8427500	144423
8428000	144427
8428500	144434
8429000	144446
8429500	144451
8430000	144460
8430500	144467
8431000	144475
8431500	144486
8432000	144499
8432500	144505
8433000	144510
8433500	144522
8434000	144527
8434500	144534
8435000	144542
8435500	144550
8436000	144562
8436500	144576
8437000	144580
8437500	144585
8438000	144593
8438500	144600
8439000	144607
8439500	144615
8440000	144624
8440500	144634
8441000	144643
8441500	144649
8442000	144656
8442500	144660
8443000	144667
8443500	144670
8444000	144674
8444500	144680
8445000	144689
8445500	144698
8446000	144704
8446500	144712
8447000	144722
8447500	144734
8448000	144742
8448500	144749
8449000	144760
8449500	144767
8450000	144777
8450500	144790
8451000	144797
8451500	144803
8452000	144812
8452500	144819
8453000	144829
8453500	144834
8454000	144847
8454500	144858
8455000	144866
8455500	144876
8456000	144885
8456500	144890
8457000	144898
8457500	144908
8458000	144913
8458500	144924
8459000	144933
8459500	144945
8460000	144953
8460500	144961
8461000	144970
8461500	144980
8462000	144985
8462500	144993
8463000	145001
8463500	145007
8464000	145015
8464500	145022
8465000	145033
8465500	145044
8466000	145049
8466500	145057
8467000	145060
8467500	145070
8468000	145081
8468500	145093
8469000	145104
8469500	145114
8470000	145123
8470500	145126
8471000	145133
8471500	145138
8472000	145146
8472500	145161
8473000	145169
8473500	145176
8474000	145185
8474500	145193
8475000	145198
8475500	145206
8476000	145216
8476500	145223
8477000	145232
8477500	145239
8478000	145250
8478500	145259
8479000	145267
8479500	145277
8480000	145286
8480500	145295
8481000	145308
8481500	145316
8482000	145324
8482500	145328
8483000	145334
8483500	145341
8484000	145347
8484500	145350
8485000	145358
8485500	145364
8486000	145369
8486500	145374
8487000	145381
8487500	145386
8488000	145396
8488500	145401
8489000	145408
8489500	145418
8490000	145426
8490500	145438
8491000	145446
8491500	145454
8492000	145461
8492500	145466
8493000	145477
8493500	145489
8494000	145499
8494500	145508
8495000	145514
8495500	145528
8496000	145538
8496500	145549
8497000	145556
8497500	145563
8498000	145570
8498500	145575
8499000	145587
8499500	145598
8500000	145610
8500500	145620
8501000	145628
8501500	145642
8502000	145648
8502500	145652
8503000	145662
8503500	145668
8504000	145677
8504500	145689
8505000	145693
8505500	145702
8506000	145709
8506500	145719
8507000	145727
8507500	145735
8508000	145741
8508500	145752
8509000	145762
8509500	145770
8510000	145777
8510500	145783
8511000	145793
8511500	145802
8512000	145817
8512500	145825
8513000	145834
8513500	145845
8514000	145858
8514500	145865
8515000	145879
8515500	145883
8516000	145892
8516500	145895
8517000	145903
8517500	145908
8518000	145914
8518500	145924
8519000	145930
8519500	145938
8520000	145944
8520500	145953
8521000	145959
8521500	145963
8522000	145972
8522500	145979
8523000	145987
8523500	145993
8524000	145996
8524500	146005
8525000	146019
8525500	146027
8526000	146035
8526500	146048
8527000	146055
8527500	146063
8528000	146074
8528500	146081
8529000	146084
8529500	146094
8530000	146104
8530500	146112
8531000	146119
8531500	146123
8532000	146130
8532500	146140
8533000	146149
8533500	146153
8534000	146165
8534500	146169
8535000	146175
8535500	146186
8536000	146191
8536500	146197
8537000	146204
8537500	146218
8538000	146229
8538500	146239
8539000	146246
8539500	146257
8540000	146263
8540500	146275
8541000	146286
8541500	146295
8542000	146297
8542500	146306
8543000	146314
8543500	146326
8544000	146332
8544500	146345
8545000	146355
8545500	146363
8546000	146373
8546500	146385
8547000	146394
8547500	146401
8548000	146412
8548500	146427
8549000	146438
8549500	146445
8550000	146451
8550500	146464
8551000	146468
8551500	146476
8552000	146489
8552500	146495
8553000	146503
8553500	146505
8554000	146513
8554500	146519
8555000	146529
8555500	146541
8556000	146547
8556500	146554
8557000	146561
8557500	146570
8558000	146582
8558500	146593
8559000	146599
8559500	146601
8560000	146610
8560500	146614
8561000	146626
8561500	146638
8562000	146643
8562500	146650
8563000	146661
8563500	146670
8564000	146680
8564500	146690
8565000	146695
8565500	146708
8566000	146717
8566500	146721
8567000	146731
8567500	146738
8568000	146745
8568500	146756
8569000	146764
8569500	146768
8570000	146777
8570500	146783
8571000	146793
8571500	146802
8572000	146814
8572500	146821
8573000	146822
8573500	146829
8574000	146837
8574500	146841
8575000	146851
8575500	146858
8576000	146870
8576500	146875
8577000	146891
8577500	146905
8578000	146918
8578500	146924
8579000	146928
8579500	146934
8580000	146941
8580500	146950
8581000	146953
8581500	146961
8582000	146968
8582500	146974
8583000	146984
8583500	146994
8584000	147007
8584500	147016
8585000	147023
8585500	147034
8586000	147046
8586500	147054
8587000	147062
8587500	147067
8588000	147075
8588500	147084
8589000	147090
8589500	147098
8590000	147109
8590500	147115
8591000	147122
8591500	147135
8592000	147147
8592500	147156
8593000	147164
8593500	147174
8594000	147183
8594500	147186
8595000	147191
8595500	147202
8596000	147209
8596500	147216
8597000	147223
8597500	147232
8598000	147241
8598500	147247
8599000	147254
8599500	147264
8600000	147274
8600500	147278
8601000	147288
8601500	147298
8602000	147308
8602500	147313
8603000	147319
8603500	147330
8604000	147336
8604500	147350
8605000	147354
8605500	147362
8606000	147368
8606500	147379
8607000	147387
8607500	147392
8608000	147402
8608500	147416
8609000	147423
8609500	147429
8610000	147437
8610500	147449
8611000	147455
8611500	147463
8612000	147473
8612500	147479
8613000	147488
8613500	147502
8614000	147510
8614500	147514
8615000	147524
8615500	147534
8616000	147541
8616500	147548
8617000	147556
8617500	147564
8618000	147575
8618500	147580
8619000	147590
8619500	147595
8620000	147603
8620500	147609
8621000	147617
8621500	147625
8622000	147632
8622500	147639
8623000	147650
8623500	147656
8624000	147663
8624500	147670
8625000	147680
8625500	147691
8626000	147701
8626500	147709
8627000	147716
8627500	147727
8628000	147730
8628500	147735
8629000	147741
8629500	147748
8630000	147758
8630500	147765
8631000	147773
8631500	147780
8632000	147787
8632500	147792
8633000	147803
8633500	147824
8634000	147834
8634500	147843
8635000	147853
8635500	147864
8636000	147875
8636500	147882
8637000	147891
8637500	147902
8638000	147908
8638500	147918
8639000	147936
8639500	147943
8640000	147951
8640500	147960
8641000	147964
8641500	147974
8642000	147984
8642500	147995
8643000	148001
8643500	148008
8644000	148015
8644500	148021
8645000	148028
8645500	148035
8646000	148041
8646500	148049
8647000	148060
8647500	148066
8648000	148073
8648500	148083
8649000	148094
8649500	148109
8650000	148118
8650500	148125
8651000	148131
8651500	148135
8652000	148142
8652500	148149
8653000	148158
8653500	148166
8654000	148173
8654500	148184
8655000	148193
8655500	148200
8656000	148214
8656500	148223
8657000	148231
8657500	148245
8658000	148253
8658500	148260
8659000	148269
8659500	148275
8660000	148281
8660500	148292
8661000	148303
8661500	148310
8662000	148318
8662500	148326
8663000	148333
8663500	148343
8664000	148351
8664500	148357
8665000	148368
8665500	148376
8666000	148385
8666500	148395
8667000	148404
8667500	148410
8668000	148417
8668500	148421
8669000	148428
8669500	148436
8670000	148446
8670500	148458
8671000	148469
8671500	148482
8672000	148493
8672500	148497
8673000	148503
8673500	148511
8674000	148520
8674500	148529
8675000	148538
8675500	148547
8676000	148552
8676500	148563
8677000	148569
8677500	148579
8678000	148595
8678500	148605
8679000	148615
8679500	148621
8680000	148627
8680500	148637
8681000	148648
8681500	148660
8682000	148670
8682500	148681
8683000	148691
8683500	148697
8684000	148709
8684500	148719
8685000	148732
8685500	148740
8686000	148749
8686500	148756
8687000	148764
8687500	148773
8688000	148782
8688500	148788
8689000	148792
8689500	148800
8690000	148807
8690500	148814
8691000	148825
8691500	148835
8692000	148841
8692500	148849
8693000	148859
8693500	148871
8694000	148885
8694500	148891
8695000	148899
8695500	148912
8696000	148917
8696500	148927
8697000	148932
8697500	148940
8698000	148953
8698500	148964
8699000	148970
8699500	148978
8700000	148987
8700500	148999
8701000	149011
8701500	149018
8702000	149030
8702500	149037
8703000	149042
8703500	149048
8704000	149058
8704500	149069
8705000	149076
8705500	149087
8706000	149096
8706500	149103
8707000	149114
8707500	149120
8708000	149130
8708500	149139
8709000	149143
8709500	149146
8710000	149153
8710500	149158
8711000	149172
8711500	149179
8712000	149189
8712500	149200
8713000	149210
8713500	149217
8714000	149225
8714500	149236
8715000	149240
8715500	149244
8716000	149250
8716500	149261
8717000	149271
8717500	149283
8718000	149299
8718500	149304
8719000	149320
8719500	149330
8720000	149337
8720500	149345
8721000	149349
8721500	149355
8722000	149366
8722500	149381
8723000	149395
8723500	149405
8724000	149413
8724500	149420
8725000	149430
8725500	149438
8726000	149445
8726500	149452
8727000	149463
8727500	149468
8728000	149474
8728500	149486
8729000	149496
8729500	149511
8730000	149522
8730500	149532
8731000	149536
8731500	149545
8732000	149555
8732500	149560
8733000	149567
8733500	149575
8734000	149580
8734500	149590
8735000	149597
8735500	149599
8736000	149607
8736500	149612
8737000	149622
8737500	149627
8738000	149638
8738500	149643
8739000	149652
8739500	149663
8740000	149667
8740500	149676
8741000	149682
8741500	149699
8742000	149711
8742500	149720
8743000	149727
8743500	149733
8744000	149740
8744500	149751
8745000	149762
8745500	149773
8746000	149781
8746500	149790
8747000	149796
8747500	149806
8748000	149815
8748500	149824
8749000	149832
8749500	149838
8750000	149843
8750500	149848
8751000	149857
8751500	149862
8752000	149873
8752500	149882
8753000	149893
8753500	149901
8754000	149907
8754500	149918
8755000	149921
8755500	149931
8756000	149946
8756500	149957
8757000	149967
8757500	149973
8758000	149982
8758500	149990
8759000	150001
8759500	150007
8760000	150021
8760500	150029
8761000	150039
8761500	150053
8762000	150063
8762500	150074
8763000	150082
8763500	150090
8764000	150097
8764500	150106
8765000	150117
8765500	150126
8766000	150136
8766500	150144
8767000	150150
8767500	150156
8768000	150160
8768500	150172
8769000	150179
8769500	150191
8770000	150201
8770500	150213
8771000	150223
8771500	150228
8772000	150235
8772500	150244
8773000	150255
8773500	150264
8774000	150270
8774500	150277
8775000	150289
8775500	150299
8776000	150311
8776500	150321
8777000	150325
8777500	150330
8778000	150339
8778500	150344
8779000	150348
8779500	150360
8780000	150368
8780500	150370
8781000	150376
8781500	150383
8782000	150395
8782500	150408
8783000	150417
8783500	150426
8784000	150436
8784500	150443
8785000	150451
8785500	150459
8786000	150470
8786500	150478
8787000	150487
8787500	150498
8788000	150505
8788500	150512
8789000	150522
8789500	150529
8790000	150538
8790500	150547
8791000	150558
8791500	150568
8792000	150582
8792500	150588
8793000	150597
8793500	150607
8794000	150618
8794500	150626
8795000	150635
8795500	150639
8796000	150649
8796500	150656
8797000	150669
8797500	150674
8798000	150678
8798500	150687
8799000	150695
8799500	150700
8800000	150711
8800500	150725
8801000	150733
8801500	150742
8802000	150750
8802500	150764
8803000	150771
8803500	150776
8804000	150790
8804500	150800
8805000	150810
8805500	150815
8806000	150818
8806500	150824
8807000	150831
8807500	150840
8808000	150851
8808500	150862
8809000	150870
8809500	150880
8810000	150887
8810500	150893
8811000	150909
8811500	150917
8812000	150929
8812500	150940
8813000	150952
8813500	150962
8814000	150967
8814500	150978
8815000	150984
8815500	150994
8816000	151000
8816500	151010
8817000	151024
8817500	151028
8818000	151034
8818500	151049
8819000	151061
8819500	151067
8820000	151070
8820500	151076
8821000	151084
8821500	151089
8822000	151098
8822500	151104
8823000	151115
8823500	151120
8824000	151126
8824500	151135
8825000	151145
8825500	151160
8826000	151175
8826500	151181
8827000	151187
8827500	151191
8828000	151198
8828500	151209
8829000	151225
8829500	151231
8830000	151238
8830500	151240
8831000	151248
8831500	151260
8832000	151268
8832500	151275
8833000	151282
8833500	151291
8834000	151304
8834500	151312
8835000	151320
8835500	151326
8836000	151333
8836500	151341
8837000	151354
8837500	151366
8838000	151378
8838500	151381
8839000	151391
8839500	151398
8840000	151407
8840500	151410
8841000	151416
8841500	151427
8842000	151434
8842500	151441
8843000	151457
8843500	151466
8844000	151476
8844500	151484
8845000	151486
8845500	151494
8846000	151502
8846500	151513
8847000	151524
8847500	151534
8848000	151541
8848500	151553
8849000	151560
8849500	151569
8850000	151579
8850500	151585
8851000	151596
8851500	151605
8852000	151610
8852500	151615
8853000	151622
8853500	151633
8854000	151642
8854500	151651
8855000	151661
8855500	151671
8856000	151675
8856500	151679
8857000	151689
8857500	151704
8858000	151708
8858500	151714
8859000	151723
8859500	151731
8860000	151735
8860500	151750
8861000	151763
8861500	151769
8862000	151780
8862500	151784
8863000	151791
8863500	151804
8864000	151809
8864500	151820
8865000	151830
8865500	151838
8866000	151850
8866500	151858
8867000	151864
8867500	151869
8868000	151876
8868500	151885
8869000	151893
8869500	151903
8870000	151909
8870500	151922
8871000	151929
8871500	151935
8872000	151943
8872500	151956
8873000	151965
8873500	151979
8874000	151985
8874500	151995
8875000	152005
8875500	152012
8876000	152018
8876500	152027
8877000	152038
8877500	152043
8878000	152052
8878500	152060
8879000	152064
8879500	152069
8880000	152078
8880500	152088
8881000	152098
8881500	152105
8882000	152116
8882500	152121
8883000	152126
8883500	152129
8884000	152136
8884500	152142
8885000	152148
8885500	152160
8886000	152172
8886500	152180
8887000	152193
8887500	152200
8888000	152213
8888500	152218
8889000	152225
8889500	152232
8890000	152237
8890500	152242
8891000	152250
8891500	152254
8892000	152265
8892500	152279
8893000	152291
8893500	152295
8894000	152300
8894500	152306
8895000	152312
8895500	152317
8896000	152324
8896500	152334
8897000	152347
8897500	152360
8898000	152374
8898500	152386
8899000	152391
8899500	152403
8900000	152408
8900500	152416
8901000	152424
8901500	152428
8902000	152436
8902500	152440
8903000	152449
8903500	152461
8904000	152466
8904500	152478
8905000	152488
8905500	152494
8906000	152501
8906500	152507
8907000	152515
8907500	152524
8908000	152531
8908500	152541
8909000	152546
8909500	152555
8910000	152561
8910500	152571
8911000	152583
8911500	152592
8912000	152601
8912500	152612
8913000	152614
8913500	152623
8914000	152628
8914500	152639
8915000	152648
8915500	152652
8916000	152662
8916500	152669
8917000	152682
8917500	152685
8918000	152695
8918500	152705
8919000	152715
8919500	152724
8920000	152735
8920500	152742
8921000	152750
8921500	152755
8922000	152767
8922500	152779
8923000	152787
8923500	152795
8924000	152798
8924500	152804
8925000	152807
8925500	152815
8926000	152830
8926500	152840
8927000	152851
8927500	152863
8928000	152876
8928500	152886
8929000	152892
8929500	152901
8930000	152907
8930500	152911
8931000	152921
8931500	152931
8932000	152937
8932500	152950
8933000	152959
8933500	152966
8934000	152972
8934500	152981
8935000	152989
8935500	152997
8936000	153003
8936500	153012
8937000	153020
8937500	153030
8938000	153039
8938500	153043
8939000	153048
8939500	153058
8940000	153066
8940500	153070
8941000	153078
8941500	153088
8942000	153093
8942500	153104
8943000	153113
8943500	153119
8944000	153126
8944500	153139
8945000	153148
8945500	153158
8946000	153167
8946500	153180
8947000	153192
8947500	153195
8948000	153204
8948500	153212
8949000	153218
8949500	153223
8950000	153235
8950500	153244
8951000	153254
8951500	153256
8952000	153267
8952500	153277
8953000	153285
8953500	153298
8954000	153313
8954500	153319
8955000	153331
8955500	153336
8956000	153343
8956500	153352
8957000	153362
8957500	153372
8958000	153379
8958500	153389
8959000	153396
8959500	153406
8960000	153412
8960500	153420
8961000	153430
8961500	153442
8962000	153453
8962500	153463
8963000	153473
8963500	153483
8964000	153493
8964500	153499
8965000	153509
8965500	153516
8966000	153526
8966500	153533
8967000	153541
8967500	153554
8968000	153562
8968500	153571
8969000	153583
8969500	153597
8970000	153605
8970500	153610
8971000	153616
8971500	153622
8972000	153627
8972500	153635
8973000	153645
8973500	153660
8974000	153671
8974500	153683
8975000	153688
8975500	153694
8976000	153701
8976500	153708
8977000	153719
8977500	153731
8978000	153737
8978500	153750
8979000	153762
8979500	153770
8980000	153780
8980500	153785
8981000	153800
8981500	153807
8982000	153810
8982500	153819
8983000	153829
8983500	153837
8984000	153850
8984500	153858
8985000	153867
8985500	153873
8986000	153880
8986500	153886
8987000	153893
8987500	153904
8988000	153911
8988500	153917
8989000	153930
8989500	153938
8990000	153952
8990500	153960
8991000	153965
8991500	153973
8992000	153979
8992500	153980
8993000	153993
8993500	154006
8994000	154015
8994500	154025
8995000	154031
8995500	154041
8996000	154048
8996500	154069
8997000	154072
8997500	154084
8998000	154096
8998500	154104
8999000	154108
8999500	154115
9000000	154122
9000500	154130
9001000	154135
9001500	154141
9002000	154149
9002500	154160
9003000	154168
9003500	154175
9004000	154184
9004500	154194
9005000	154201
9005500	154213
9006000	154223
9006500	154231
9007000	154243
9007500	154246
9008000	154252
9008500	154262
9009000	154275
9009500	154281
9010000	154288
9010500	154296
9011000	154310
9011500	154323
9012000	154337
9012500	154343
9013000	154347
9013500	154355
9014000	154360
9014500	154371
9015000	154379
9015500	154385
9016000	154394
9016500	154403
9017000	154412
9017500	154418
9018000	154428
9018500	154438
9019000	154451
9019500	154461
9020000	154467
9020500	154475
9021000	154482
9021500	154492
9022000	154500
9022500	154510
9023000	154521
9023500	154528
9024000	154538
9024500	154551
9025000	154559
9025500	154567
9026000	154570
9026500	154579
9027000	154583
9027500	154590
9028000	154596
9028500	154607
9029000	154613
9029500	154623
9030000	154636
9030500	154647
9031000	154658
9031500	154664
9032000	154679
9032500	154681
9033000	154690
9033500	154696
9034000	154705
9034500	154713
9035000	154725
9035500	154735
9036000	154746
9036500	154757
9037000	154763
9037500	154771
9038000	154778
9038500	154786
9039000	154789
9039500	154797
9040000	154808
9040500	154819
9041000	154830
9041500	154840
9042000	154850
9042500	154860
9043000	154868
9043500	154873
9044000	154881
9044500	154889
9045000	154898
9045500	154909
9046000	154916
9046500	154924
9047000	154931
9047500	154944
9048000	154952
9048500	154958
9049000	154966
9049500	154972
9050000	154983
9050500	154990
9051000	155000
9051500	155010
9052000	155025
9052500	155037
9053000	155050
9053500	155060
9054000	155071
9054500	155075
9055000	155088
9055500	155088
9056000	155099
9056500	155107
9057000	155113
9057500	155121
9058000	155128
9058500	155139
9059000	155147
9059500	155156
9060000	155168
9060500	155176
9061000	155183
9061500	155193
9062000	155203
9062500	155212
9063000	155217
9063500	155226
9064000	155236
9064500	155242
9065000	155253
9065500	155261
9066000	155271
9066500	155281
9067000	155286
9067500	155300
9068000	155308
9068500	155317
9069000	155325
9069500	155330
9070000	155338
9070500	155347
9071000	155356
9071500	155368
9072000	155374
9072500	155383
9073000	155390
9073500	155396
9074000	155400
9074500	155408
9075000	155417
9075500	155422
9076000	155428
9076500	155438
9077000	155452
9077500	155456
9078000	155464
9078500	155476
9079000	155484
9079500	155489
9080000	155502
9080500	155514
9081000	155522
9081500	155536
9082000	155541
9082500	155549
9083000	155552
9083500	155561
9084000	155568
9084500	155577
9085000	155580
9085500	155590
9086000	155605
9086500	155613
9087000	155621
9087500	155631
9088000	155640
9088500	155650
9089000	155659
9089500	155672
9090000	155682
9090500	155698
9091000	155709
9091500	155716
9092000	155730
9092500	155740
9093000	155744
9093500	155751
9094000	155755
9094500	155762
9095000	155768
9095500	155775
9096000	155787
9096500	155796
9097000	155803
9097500	155814
9098000	155823
9098500	155831
9099000	155843
9099500	155853
9100000	155861
9100500	155871
9101000	155877
9101500	155884
9102000	155893
9102500	155901
9103000	155907
9103500	155919
9104000	155924
9104500	155935
9105000	155942
9105500	155954
9106000	155968
9106500	155974
9107000	155984
9107500	155992
9108000	155998
9108500	156009
9109000	156018
9109500	156028
9110000	156037
9110500	156043
9111000	156058
9111500	156065
9112000	156072
9112500	156077
9113000	156083
9113500	156091
9114000	156099
9114500	156107
9115000	156111
9115500	156124
9116000	156132
9116500	156141
9117000	156149
9117500	156157
9118000	156165
9118500	156175
9119000	156189
9119500	156196
9120000	156210
9120500	156216
9121000	156225
9121500	156233
9122000	156243
9122500	156247
9123000	156255
9123500	156261
9124000	156271
9124500	156279
9125000	156287
9125500	156295
9126000	156299
9126500	156311
9127000	156320
9127500	156326
9128000	156334
9128500	156340
9129000	156352
9129500	156364
9130000	156377
9130500	156389
9131000	156400
9131500	156415
9132000	156424
9132500	156428
9133000	156442
9133500	156448
9134000	156457
9134500	156468
9135000	156474
9135500	156483
9136000	156496
9136500	156511
9137000	156521
9137500	156530
9138000	156536
9138500	156542
9139000	156546
9139500	156553
9140000	156561
9140500	156574
9141000	156578
9141500	156585
9142000	156591
9142500	156601
9143000	156604
9143500	156610
9144000	156622
9144500	156633
9145000	156647
9145500	156654
9146000	156664
9146500	156670
9147000	156686
9147500	156694
9148000	156701
9148500	156718
9149000	156728
9149500	156729
9150000	156736
9150500	156739
9151000	156747
9151500	156756
9152000	156765
9152500	156775
9153000	156783
9153500	156794
9154000	156799
9154500	156807
9155000	156813
9155500	156821
9156000	156830
9156500	156842
9157000	156854
9157500	156864
9158000	156873
9158500	156882
9159000	156892
9159500	156901
9160000	156909
9160500	156916
9161000	156926
9161500	156930
9162000	156938
9162500	156945
9163000	156951
9163500	156957
9164000	156966
9164500	156980
9165000	156984
9165500	156996
9166000	157005
9166500	157014
9167000	157025
9167500	157035
9168000	157046
9168500	157055
9169000	157064
9169500	157075
9170000	157084
9170500	157089
9171000	157094
9171500	157102
9172000	157111
9172500	157118
9173000	157129
9173500	157140
9174000	157146
9174500	157157
9175000	157163
9175500	157172
9176000	157181
9176500	157189
9177000	157198
9177500	157210
9178000	157220
9178500	157228
9179000	157235
9179500	157244
9180000	157250
9180500	157257
9181000	157265
9181500	157275
9182000	157283
9182500	157293
9183000	157304
9183500	157315
9184000	157322
9184500	157327
9185000	157334
9185500	157346
9186000	157359
9186500	157368
9187000	157376
9187500	157380
9188000	157391
9188500	157396
9189000	157402
9189500	157411
9190000	157417
9190500	157424
9191000	157432
9191500	157445
9192000	157455
9192500	157461
9193000	157467
9193500	157476
9194000	157485
9194500	157499
9195000	157508
9195500	157517
9196000	157533
9196500	157544
9197000	157554
9197500	157562
9198000	157571
9198500	157581
9199000	157592
9199500	157596
9200000	157603
9200500	157608
9201000	157618
9201500	157630
9202000	157638
9202500	157640
9203000	157650
9203500	157656
9204000	157665
9204500	157674
9205000	157682
9205500	157688
9206000	157696
9206500	157708
9207000	157719
9207500	157730
9208000	157742
9208500	157752
9209000	157764
9209500	157768
9210000	157778
9210500	157786
9211000	157792
9211500	157803
9212000	157813
9212500	157820
9213000	157826
9213500	157831
9214000	157841
9214500	157847
9215000	157859
9215500	157864
9216000	157873
9216500	157882
9217000	157899
9217500	157909
9218000	157917
9218500	157923
9219000	157930
9219500	157940
9220000	157946
9220500	157956
9221000	157959
9221500	157973
9222000	157984
9222500	157993
9223000	158000
9223500	158007
9224000	158014
9224500	158022
9225000	158030
9225500	158038
9226000	158049
9226500	158054
9227000	158067
9227500	158079
9228000	158083
9228500	158092
9229000	158103
9229500	158115
9230000	158126
9230500	158135
9231000	158145
9231500	158153
9232000	158167
9232500	158176
9233000	158181
9233500	158187
9234000	158195
9234500	158202
9235000	158213
9235500	158218
9236000	158229
9236500	158235
9237000	158245
9237500	158252
9238000	158256
9238500	158261
9239000	158269
9239500	158277
9240000	158285
9240500	158292
9241000	158302
9241500	158308
9242000	158314
9242500	158327
9243000	158335
9243500	158343
9244000	158350
9244500	158357
9245000	158361
9245500	158371
9246000	158381
9246500	158387
9247000	158395
9247500	158401
9248000	158406
9248500	158413
9249000	158426
9249500	158435
9250000	158450
9250500	158461
9251000	158472
9251500	158477
9252000	158484
9252500	158493
9253000	158507
9253500	158515
9254000	158522
9254500	158529
9255000	158540
9255500	158546
9256000	158559
9256500	158563
9257000	158571
9257500	158583
9258000	158588
9258500	158594
9259000	158601
9259500	158607
9260000	158619
9260500	158631
9261000	158643
9261500	158651
9262000	158657
9262500	158664
9263000	158671
9263500	158679
9264000	158690
9264500	158697
9265000	158707
9265500	158713
9266000	158722
9266500	158732
9267000	158741
9267500	158749
9268000	158752
9268500	158760
9269000	158764
9269500	158771
9270000	158777
9270500	158784
9271000	158797
9271500	158802
9272000	158808
9272500	158819
9273000	158829
9273500	158836
9274000	158847
9274500	158853
9275000	158862
9275500	158870
9276000	158877
9276500	158888
9277000	158894
9277500	158900
9278000	158907
9278500	158917
9279000	158926
9279500	158934
9280000	158943
9280500	158950
9281000	158957
9281500	158972
9282000	158977
9282500	158987
9283000	158996
9283500	159001
9284000	159010
9284500	159019
9285000	159027
9285500	159032
9286000	159042
9286500	159051
9287000	159059
9287500	159063
9288000	159067
9288500	159077
9289000	159086
9289500	159092
9290000	159098
9290500	159112
9291000	159124
9291500	159139
9292000	159148
9292500	159157
9293000	159160
9293500	159176
9294000	159184
9294500	159189
9295000	159196
9295500	159208
9296000	159217
9296500	159221
9297000	159224
9297500	159227
9298000	159242
9298500	159253
9299000	159266
9299500	159275
9300000	159284
9300500	159291
9301000	159295
9301500	159302
9302000	159313
9302500	159319
9303000	159325
9303500	159333
9304000	159337
9304500	159345
9305000	159354
9305500	159372
9306000	159378
9306500	159385
9307000	159395
9307500	159403
9308000	159408
9308500	159421
9309000	159429
9309500	159438
9310000	159449
9310500	159457
9311000	159466
9311500	159473
9312000	159480
9312500	159489
9313000	159500
9313500	159507
9314000	159519
9314500	159525
9315000	159532
9315500	159538
9316000	159547
9316500	159552
9317000	159553
9317500	159562
9318000	159571
9318500	159579
9319000	159584
9319500	159588
9320000	159599
9320500	159606
9321000	159612
9321500	159622
9322000	159628
9322500	159633
9323000	159642
9323500	159647
9324000	159653
9324500	159662
9325000	159666
9325500	159678
9326000	159693
9326500	159699
9327000	159710
9327500	159720
9328000	159730
9328500	159734
9329000	159739
9329500	159753
9330000	159759
9330500	159765
9331000	159775
9331500	159786
9332000	159793
9332500	159802
9333000	159807
9333500	159821
9334000	159828
9334500	159836
9335000	159847
9335500	159859
9336000	159863
9336500	159872
9337000	159883
9337500	159891
9338000	159898
9338500	159903
9339000	159912
9339500	159920
9340000	159934
9340500	159946
9341000	159957
9341500	159969
9342000	159976
9342500	159980
9343000	159990
9343500	159995
9344000	160011
9344500	160019
9345000	160025
9345500	160033
9346000	160039
9346500	160047
9347000	160057
9347500	160066
9348000	160071
9348500	160076
9349000	160085
9349500	160093
9350000	160105
9350500	160114
9351000	160123
9351500	160127
9352000	160136
9352500	160143
9353000	160153
9353500	160170
9354000	160177
9354500	160179
9355000	160186
9355500	160194
9356000	160201
9356500	160209
9357000	160215
9357500	160222
9358000	160229
9358500	160246
9359000	160257
9359500	160266
9360000	160277
9360500	160287
9361000	160299
9361500	160305
9362000	160312
9362500	160321
9363000	160332
9363500	160339
9364000	160347
9364500	160353
9365000	160362
9365500	160365
9366000	160374
9366500	160390
9367000	160405
9367500	160416
9368000	160430
9368500	160438
9369000	160442
9369500	160447
9370000	160457
9370500	160465
9371000	160483
9371500	160492
9372000	160503
9372500	160514
9373000	160524
9373500	160533
9374000	160543
9374500	160550
9375000	160559
9375500	160569
9376000	160582
9376500	160590
9377000	160596
9377500	160603
9378000	160611
9378500	160621
9379000	160628
9379500	160635
9380000	160645
9380500	160660
9381000	160664
9381500	160674
9382000	160679
9382500	160685
9383000	160692
9383500	160701
9384000	160706
9384500	160711
9385000	160723
9385500	160731
9386000	160738
9386500	160747
9387000	160751
9387500	160762
9388000	160767
9388500	160771
9389000	160781
9389500	160792
9390000	160798
9390500	160803
9391000	160812
9391500	160822
9392000	160830
9392500	160840
9393000	160847
9393500	160852
9394000	160866
9394500	160871
9395000	160875
9395500	160890
9396000	160896
9396500	160904
9397000	160912
9397500	160917
9398000	160926
9398500	160938
9399000	160947
9399500	160956
9400000	160964
9400500	160974
9401000	160987
9401500	160996
9402000	161008
9402500	161018
9403000	161021
9403500	161026
9404000	161034
9404500	161044
9405000	161050
9405500	161054
9406000	161063
9406500	161079
9407000	161087
9407500	161095
9408000	161104
9408500	161110
9409000	161122
9409500	161128
9410000	161137
9410500	161147
9411000	161159
9411500	161171
9412000	161178
9412500	161183
9413000	161189
9413500	161197
9414000	161207
9414500	161210
9415000	161219
9415500	161229
9416000	161235
9416500	161242
9417000	161252
9417500	161256
9418000	161265
9418500	161274
9419000	161283
9419500	161294
9420000	161302
9420500	161312
9421000	161318
9421500	161328
9422000	161335
9422500	161345
9423000	161348
9423500	161360
9424000	161369
9424500	161375
9425000	161392
9425500	161405
9426000	161422
9426500	161432
9427000	161436
9427500	161445
9428000	161455
9428500	161462
9429000	161467
9429500	161475
9430000	161486
9430500	161492
9431000	161504
9431500	161517
9432000	161522
9432500	161532
9433000	161537
9433500	161546
9434000	161554
9434500	161569
9435000	161581
9435500	161590
9436000	161602
9436500	161606
9437000	161614
9437500	161627
9438000	161637
9438500	161647
9439000	161652
9439500	161660
9440000	161672
9440500	161686
9441000	161692
9441500	161704
9442000	161712
9442500	161719
9443000	161727
9443500	161731
9444000	161742
9444500	161751
9445000	161764
9445500	161771
9446000	161778
9446500	161792
9447000	161800
9447500	161811
9448000	161819
9448500	161825
9449000	161840
9449500	161851
9450000	161860
9450500	161872
9451000	161877
9451500	161885
9452000	161896
9452500	161904
9453000	161916
9453500	161931
9454000	161937
9454500	161946
9455000	161950
9455500	161957
9456000	161967
9456500	161975
9457000	161983
9457500	161988
9458000	161999
9458500	162009
9459000	162023
9459500	162031
9460000	162039
9460500	162045
9461000	162052
9461500	162059
9462000	162066
9462500	162073
9463000	162080
9463500	162087
9464000	162093
9464500	162102
9465000	162111
9465500	162122
9466000	162127
9466500	162134
9467000	162144
9467500	162151
9468000	162155
9468500	162163
9469000	162168
9469500	162178
9470000	162187
9470500	162192
9471000	162201
9471500	162209
9472000	162219
9472500	162224
9473000	162237
9473500	162245
9474000	162251
9474500	162261
9475000	162268
9475500	162274
9476000	162288
9476500	162296
9477000	162304
9477500	162310
9478000	162320
9478500	162323
9479000	162326
9479500	162334
9480000	162343
9480500	162351
9481000	162361
9481500	162370
9482000	162378
9482500	162386
9483000	162392
9483500	162402
9484000	162409
9484500	162416
9485000	162426
9485500	162435
9486000	162443
9486500	162459
9487000	162464
9487500	162475
9488000	162487
9488500	162494
9489000	162508
9489500	162519
9490000	162523
9490500	162532
9491000	162544
9491500	162550
9492000	162557
9492500	162563
9493000	162573
9493500	162576
9494000	162593
9494500	162609
9495000	162621
9495500	162630
9496000	162641
9496500	162652
9497000	162658
9497500	162667
9498000	162668
9498500	162679
9499000	162690
9499500	162701
9500000	162713
9500500	162722
9501000	162731
9501500	162738
9502000	162748
9502500	162754
9503000	162760
9503500	162766
9504000	162772
9504500	162778
9505000	162784
9505500	162794
9506000	162805
9506500	162813
9507000	162820
9507500	162828
9508000	162833
9508500	162843
9509000	162854
9509500	162865
9510000	162874
9510500	162883
9511000	162892
9511500	162896
9512000	162907
9512500	162919
9513000	162923
9513500	162933
9514000	162941
9514500	162949
9515000	162955
9515500	162960
9516000	162969
9516500	162979
9517000	162987
9517500	162997
9518000	163006
9518500	163019
9519000	163028
9519500	163034
9520000	163039
9520500	163045
9521000	163050
9521500	163058
9522000	163064
9522500	163072
9523000	163078
9523500	163089
9524000	163099
9524500	163109
9525000	163117
9525500	163131
9526000	163138
9526500	163149
9527000	163161
9527500	163167
9528000	163178
9528500	163188
9529000	163195
9529500	163203
9530000	163215
9530500	163217
9531000	163225
9531500	163232
9532000	163241
9532500	163245
9533000	163249
9533500	163260
9534000	163269
9534500	163272
9535000	163280
9535500	163289
9536000	163300
9536500	163309
9537000	163318
9537500	163327
9538000	163336
9538500	163342
9539000	163354
9539500	163364
9540000	163374
9540500	163388
9541000	163394
9541500	163400
9542000	163405
9542500	163417
9543000	163431
9543500	163446
9544000	163454
9544500	163463
9545000	163471
9545500	163481
9546000	163494
9546500	163505
9547000	163515
9547500	163520
9548000	163527
9548500	163533
9549000	163545
9549500	163553
9550000	163559
9550500	163570
9551000	163578
9551500	163595
9552000	163603
9552500	163610
9553000	163617
9553500	163624
9554000	163638
9554500	163644
9555000	163651
9555500	163660
9556000	163665
9556500	163673
9557000	163680
9557500	163690
9558000	163696
9558500	163708
9559000	163715
9559500	163722
9560000	163729
9560500	163736
9561000	163749
9561500	163761
9562000	163772
9562500	163780
9563000	163791
9563500	163799
9564000	163806
9564500	163813
9565000	163816
9565500	163827
9566000	163837
9566500	163849
9567000	163858
9567500	163868
9568000	163874
9568500	163881
9569000	163888
9569500	163893
9570000	163899
9570500	163912
9571000	163924
9571500	163932
9572000	163942
9572500	163950
9573000	163958
9573500	163978
9574000	163986
9574500	163997
9575000	164002
9575500	164013
9576000	164021
9576500	164026
9577000	164036
9577500	164046
9578000	164052
9578500	164063
9579000	164067
9579500	164079
9580000	164085
9580500	164097
9581000	164104
9581500	164120
9582000	164125
9582500	164134
9583000	164146
9583500	164155
9584000	164163
9584500	164176
9585000	164183
9585500	164191
9586000	164199
9586500	164207
9587000	164213
9587500	164224
9588000	164233
9588500	164241
9589000	164250
9589500	164257
9590000	164266
9590500	164277
9591000	164288
9591500	164294
9592000	164304
9592500	164317
9593000	164326
9593500	164336
9594000	164349
9594500	164356
9595000	164364
9595500	164371
9596000	164387
9596500	164395
9597000	164401
9597500	164408
9598000	164420
9598500	164427
9599000	164439
9599500	164447
9600000	164457
9600500	164463
9601000	164471
9601500	164475
9602000	164481
9602500	164489
9603000	164497
9603500	164509
9604000	164516
9604500	164521
9605000	164528
9605500	164538
9606000	164541
9606500	164547
9607000	164554
9607500	164560
9608000	164569
9608500	164578
9609000	164595
9609500	164600
9610000	164609
9610500	164615
9611000	164634
9611500	164647
9612000	164656
9612500	164664
9613000	164677
9613500	164687
9614000	164698
9614500	164703
9615000	164713
9615500	164719
9616000	164725
9616500	164736
9617000	164745
9617500	164749
9618000	164758
9618500	164765
9619000	164774
9619500	164781
9620000	164789
9620500	164798
9621000	164804
9621500	164812
9622000	164825
9622500	164830
9623000	164839
9623500	164841
9624000	164849
9624500	164857
9625000	164866
9625500	164872
9626000	164876
9626500	164887
9627000	164898
9627500	164903
9628000	164912
9628500	164921
9629000	164930
9629500	164939
9630000	164943
9630500	164951
9631000	164960
9631500	164971
9632000	164977
9632500	164989
9633000	165004
9633500	165009
9634000	165025
9634500	165037
9635000	165046
9635500	165053
9636000	165063
9636500	165071
9637000	165083
9637500	165090
9638000	165093
9638500	165104
9639000	165109
9639500	165116
9640000	165131
9640500	165139
9641000	165147
9641500	165160
9642000	165171
9642500	165176
9643000	165187
9643500	165199
9644000	165210
9644500	165217
9645000	165230
9645500	165234
9646000	165240
9646500	165250
9647000	165256
9647500	165265
9648000	165277
9648500	165282
9649000	165292
9649500	165302
9650000	165312
9650500	165326
9651000	165335
9651500	165341
9652000	165352
9652500	165360
9653000	165375
9653500	165386
9654000	165390
9654500	165403
9655000	165410
9655500	165426
9656000	165430
9656500	165440
9657000	165444
9657500	165448
9658000	165463
9658500	165465
9659000	165470
9659500	165477
9660000	165483
9660500	165489
9661000	165499
9661500	165509
9662000	165516
9662500	165527
9663000	165540
9663500	165551
9664000	165556
9664500	165564
9665000	165573
9665500	165586
9666000	165594
9666500	165602
9667000	165612
9667500	165621
9668000	165631
9668500	165637
9669000	165645
9669500	165649
9670000	165658
9670500	165669
9671000	165682
9671500	165686
9672000	165696
9672500	165708
9673000	165714
9673500	165725
9674000	165733
9674500	165742
9675000	165749
9675500	165755
9676000	165766
9676500	165779
9677000	165789
9677500	165796
9678000	165805
9678500	165814
9679000	165825
9679500	165832
9680000	165835
9680500	165840
9681000	165846
9681500	165854
9682000	165860
9682500	165869
9683000	165876
9683500	165886
9684000	165898
9684500	165905
9685000	165912
9685500	165925
9686000	165932
9686500	165941
9687000	165955
9687500	165962
9688000	165974
9688500	165984
9689000	165994
9689500	166006
9690000	166017
9690500	166024
9691000	166029
9691500	166035
9692000	166042
9692500	166053
9693000	166064
9693500	166073
9694000	166085
9694500	166096
9695000	166102
9695500	166111
9696000	166120
9696500	166130
9697000	166136
9697500	166145
9698000	166151
9698500	166156
9699000	166170
9699500	166175
9700000	166181
9700500	166189
9701000	166197
9701500	166205
9702000	166215
9702500	166223
9703000	166231
9703500	166238
9704000	166249
9704500	166260
9705000	166263
9705500	166271
9706000	166277
9706500	166293
9707000	166301
9707500	166306
9708000	166320
9708500	166330
9709000	166343
9709500	166353
9710000	166359
9710500	166367
9711000	166377
9711500	166384
9712000	166394
9712500	166398
9713000	166403
9713500	166415
9714000	166420
9714500	166429
9715000	166443
9715500	166455
9716000	166466
9716500	166481
9717000	166489
9717500	166500
9718000	166511
9718500	166517
9719000	166525
9719500	166532
9720000	166542
9720500	166558
9721000	166562
9721500	166569
9722000	166577
9722500	166590
9723000	166595
9723500	166606
9724000	166611
9724500	166619
9725000	166629
9725500	166636
9726000	166642
9726500	166652
9727000	166657
9727500	166664
9728000	166674
9728500	166681
9729000	166694
9729500	166701
9730000	166714
9730500	166720
9731000	166727
9731500	166735
9732000	166743
9732500	166749
9733000	166756
9733500	166765
9734000	166774
9734500	166784
9735000	166795
9735500	166802
9736000	166816
9736500	166821
9737000	166831
9737500	166843
9738000	166852
9738500	166861
9739000	166871
9739500	166876
9740000	166885
9740500	166891
9741000	166907
9741500	166915
9742000	166923
9742500	166930
9743000	166941
9743500	166955
9744000	166963
9744500	166971
9745000	166975
9745500	166979
9746000	166991
9746500	166997
9747000	167009
9747500	167021
9748000	167028
9748500	167036
9749000	167049
9749500	167059
9750000	167064
9750500	167076
9751000	167088
9751500	167096
9752000	167108
9752500	167115
9753000	167122
9753500	167127
9754000	167132
9754500	167136
9755000	167148
9755500	167150
9756000	167163
9756500	167174
9757000	167180
9757500	167192
9758000	167195
9758500	167204
9759000	167211
9759500	167217
9760000	167223
9760500	167237
9761000	167248
9761500	167255
9762000	167259
9762500	167262
9763000	167270
9763500	167282
9764000	167290
9764500	167295
9765000	167302
9765500	167308
9766000	167318
9766500	167329
9767000	167345
9767500	167351
9768000	167358
9768500	167365
9769000	167371
9769500	167387
9770000	167394
9770500	167395
9771000	167404
9771500	167414
9772000	167423
9772500	167432
9773000	167435
9773500	167445
9774000	167452
9774500	167461
9775000	167470
9775500	167473
9776000	167483
9776500	167492
9777000	167505
9777500	167514
9778000	167522
9778500	167529
9779000	167537
9779500	167546
9780000	167554
9780500	167561
9781000	167564
9781500	167576
9782000	167584
9782500	167599
9783000	167610
9783500	167619
9784000	167625
9784500	167630
9785000	167640
9785500	167647
9786000	167648
9786500	167657
9787000	167672
9787500	167681
9788000	167691
9788500	167703
9789000	167714
9789500	167722
9790000	167729
9790500	167736
9791000	167744
9791500	167753
9792000	167759
9792500	167767
9793000	167776
9793500	167784
9794000	167790
9794500	167797
9795000	167802
9795500	167813
9796000	167828
9796500	167834
9797000	167844
9797500	167853
9798000	167861
9798500	167866
9799000	167874
9799500	167883
9800000	167889
9800500	167896
9801000	167904
9801500	167919
9802000	167924
9802500	167931
9803000	167939
9803500	167953
9804000	167959
9804500	167970
9805000	167977
9805500	167987
9806000	167994
9806500	168002
9807000	168017
9807500	168025
9808000	168034
9808500	168044
9809000	168052
9809500	168058
9810000	168064
9810500	168070
9811000	168081
9811500	168091
9812000	168100
9812500	168108
9813000	168115
9813500	168127
9814000	168131
9814500	168142
9815000	168153
9815500	168164
9816000	168175
9816500	168182
9817000	168190
9817500	168195
9818000	168198
9818500	168202
9819000	168211
9819500	168218
9820000	168222
9820500	168230
9821000	168238
9821500	168250
9822000	168254
9822500	168262
9823000	168274
9823500	168284
9824000	168289
9824500	168297
9825000	168303
9825500	168311
9826000	168318
9826500	168324
9827000	168333
9827500	168344
9828000	168355
9828500	168359
9829000	168369
9829500	168376
9830000	168387
9830500	168393
9831000	168402
9831500	168410
9832000	168422
9832500	168433
9833000	168439
9833500	168446
9834000	168456
9834500	168461
9835000	168471
9835500	168482
9836000	168493
9836500	168502
9837000	168510
9837500	168520
9838000	168528
9838500	168531
9839000	168538
9839500	168548
9840000	168554
9840500	168569
9841000	168577
9841500	168578
9842000	168586
9842500	168589
9843000	168603
9843500	168610
9844000	168616
9844500	168630
9845000	168636
9845500	168649
9846000	168657
9846500	168663
9847000	168678
9847500	168684
9848000	168695
9848500	168702
9849000	168713
9849500	168721
9850000	168736
9850500	168742
9851000	168753
9851500	168763
9852000	168771
9852500	168788
9853000	168796
9853500	168807
9854000	168819
9854500	168826
9855000	168832
9855500	168836
9856000	168840
9856500	168851
9857000	168858
9857500	168866
9858000	168873
9858500	168874
9859000	168888
9859500	168896
9860000	168905
9860500	168913
9861000	168918
9861500	168926
9862000	168938
9862500	168948
9863000	168955
9863500	168965
9864000	168975
9864500	168982
9865000	168990
9865500	168998
9866000	169002
9866500	169011
9867000	169018
9867500	169027
9868000	169033
9868500	169042
9869000	169052
9869500	169063
9870000	169072
9870500	169083
9871000	169097
9871500	169111
9872000	169121
9872500	169128
9873000	169137
9873500	169145
9874000	169150
9874500	169157
9875000	169160
9875500	169170
9876000	169177
9876500	169183
9877000	169198
9877500	169205
9878000	169215
9878500	169225
9879000	169234
9879500	169243
9880000	169253
9880500	169263
9881000	169272
9881500	169280
9882000	169293
9882500	169297
9883000	169302
9883500	169314
9884000	169322
9884500	169331
9885000	169338
9885500	169346
9886000	169356
9886500	169363
9887000	169378
9887500	169395
9888000	169403
9888500	169408
9889000	169416
9889500	169430
9890000	169440
9890500	169446
9891000	169450
9891500	169455
9892000	169470
9892500	169479
9893000	169489
9893500	169494
9894000	169501
9894500	169508
9895000	169517
9895500	169521
9896000	169527
9896500	169534
9897000	169541
9897500	169546
9898000	169557
9898500	169567
9899000	169576
9899500	169581
9900000	169589
9900500	169601
9901000	169604
9901500	169609
9902000	169619
9902500	169625
9903000	169630
9903500	169639
9904000	169647
9904500	169661
9905000	169671
9905500	169680
9906000	169691
9906500	169700
9907000	169709
9907500	169717
9908000	169726
9908500	169731
9909000	169736
9909500	169740
9910000	169744
9910500	169752
9911000	169766
9911500	169771
9912000	169779
9912500	169788
9913000	169797
9913500	169805
9914000	169812
9914500	169817
9915000	169828
9915500	169836
9916000	169842
9916500	169856
9917000	169863
9917500	169873
9918000	169885
9918500	169892
9919000	169899
9919500	169910
9920000	169920
9920500	169928
9921000	169935
9921500	169943
9922000	169951
9922500	169952
9923000	169959
9923500	169965
9924000	169973
9924500	169982
9925000	170002
9925500	170006
9926000	170019
9926500	170027
9927000	170041
9927500	170059
9928000	170067
9928500	170074
9929000	170083
9929500	170092
9930000	170102
9930500	170109
9931000	170116
9931500	170121
9932000	170126
9932500	170131
9933000	170137
9933500	170146
9934000	170154
9934500	170163
9935000	170168
9935500	170178
9936000	170186
9936500	170190
9937000	170204
9937500	170215
9938000	170223
9938500	170232
9939000	170241
9939500	170247
9940000	170254
9940500	170262
9941000	170273
9941500	170279
9942000	170293
9942500	170300
9943000	170305
9943500	170315
9944000	170324
9944500	170330
9945000	170339
9945500	170347
9946000	170356
9946500	170362
9947000	170373
9947500	170385
9948000	170389
9948500	170398
9949000	170412
9949500	170423
9950000	170432
9950500	170439
9951000	170447
9951500	170458
9952000	170465
9952500	170472
9953000	170485
9953500	170493
9954000	170500
9954500	170515
9955000	170524
9955500	170533
9956000	170543
9956500	170551
9957000	170557
9957500	170563
9958000	170570
9958500	170580
9959000	170588
9959500	170596
9960000	170605
9960500	170610
9961000	170622
9961500	170629
9962000	170636
9962500	170644
9963000	170653
9963500	170662
9964000	170669
9964500	170675
9965000	170682
9965500	170693
9966000	170699
9966500	170705
9967000	170714
9967500	170724
9968000	170735
9968500	170747
9969000	170757
9969500	170763
9970000	170769
9970500	170775
9971000	170786
9971500	170789
9972000	170799
9972500	170803
9973000	170814
9973500	170824
9974000	170832
9974500	170842
9975000	170850
9975500	170852
9976000	170855
9976500	170864
9977000	170881
9977500	170885
9978000	170892
9978500	170899
9979000	170909
9979500	170914
9980000	170921
9980500	170928
9981000	170936
9981500	170942
9982000	170952
9982500	170959
9983000	170969
9983500	170978
9984000	170983
9984500	170988
9985000	171000
9985500	171003
9986000	171009
9986500	171013
9987000	171030
9987500	171036
9988000	171046
9988500	171055
9989000	171059
9989500	171074
9990000	171082
9990500	171092
9991000	171100
9991500	171107
9992000	171119
9992500	171130
9993000	171143
9993500	171153
9994000	171161
9994500	171168
9995000	171177
9995500	171192
9996000	171200
9996500	171208
9997000	171215
9997500	171225
9998000	171233
9998500	171238
9999000	171242
9999500	171246
10000000	171255
10000500	171264
10001000	171273
10001500	171279
10002000	171286
10002500	171296
10003000	171303
10003500	171312
10004000	171324
10004500	171332
10005000	171341
10005500	171347
10006000	171357
10006500	171366
10007000	171379
10007500	171384
10008000	171390
10008500	171401
10009000	171414
10009500	171423
10010000	171428
10010500	171437
10011000	171448
10011500	171460
10012000	171467
10012500	171474
10013000	171484
10013500	171499
10014000	171516
10014500	171527
10015000	171530
10015500	171536
10016000	171544
10016500	171551
10017000	171555
10017500	171568
10018000	171582
10018500	171587
10019000	171596
10019500	171604
10020000	171611
10020500	171622
10021000	171626
10021500	171635
10022000	171638
10022500	171647
10023000	171661
10023500	171670
10024000	171680
10024500	171689
10025000	171699
10025500	171707
10026000	171713
10026500	171721
10027000	171727
10027500	171735
10028000	171742
10028500	171754
10029000	171767
10029500	171781
10030000	171784
10030500	171792
10031000	171798
10031500	171812
10032000	171818
10032500	171828
10033000	171831
10033500	171840
10034000	171848
10034500	171858
10035000	171873
10035500	171880
10036000	171891
10036500	171895
10037000	171900
10037500	171906
10038000	171913
10038500	171920
10039000	171929
10039500	171934
10040000	171941
10040500	171950
10041000	171960
10041500	171968
10042000	171977
10042500	171984
10043000	171995
10043500	172005
10044000	172009
10044500	172016
10045000	172025
10045500	172035
10046000	172048
10046500	172056
10047000	172063
10047500	172072
10048000	172077
10048500	172085
10049000	172100
10049500	172105
10050000	172115
10050500	172122
10051000	172133
10051500	172142
10052000	172151
10052500	172161
10053000	172174
10053500	172184
10054000	172195
10054500	172202
10055000	172212
10055500	172224
10056000	172235
10056500	172241
10057000	172249
10057500	172258
10058000	172266
10058500	172273
10059000	172276
10059500	172281
10060000	172288
10060500	172295
10061000	172299
10061500	172307
10062000	172317
10062500	172323
10063000	172339
10063500	172344
10064000	172351
10064500	172359
10065000	172367
10065500	172380
10066000	172386
10066500	172391
10067000	172401
10067500	172405
10068000	172415
10068500	172426
10069000	172432
10069500	172440
10070000	172449
10070500	172459
10071000	172468
10071500	172473
10072000	172485
10072500	172493
10073000	172502
10073500	172512
10074000	172517
10074500	172524
10075000	172530
10075500	172538
10076000	172543
10076500	172552
10077000	172564
10077500	172580
10078000	172588
10078500	172592
10079000	172606
10079500	172614
10080000	172619
10080500	172631
10081000	172639
10081500	172645
10082000	172650
10082500	172657
10083000	172664
10083500	172673
10084000	172683
10084500	172691
10085000	172698
10085500	172706
10086000	172712
10086500	172718
10087000	172725
10087500	172740
10088000	172755
10088500	172761
10089000	172773
10089500	172780
10090000	172793
10090500	172805
10091000	172815
10091500	172819
10092000	172825
10092500	172835
10093000	172844
10093500	172851
10094000	172864
10094500	172874
10095000	172886
10095500	172895
10096000	172903
10096500	172909
10097000	172926
10097500	172935
10098000	172945
10098500	172949
10099000	172956
10099500	172967
10100000	172976
10100500	172980
10101000	172990
10101500	172997
10102000	173007
10102500	173014
10103000	173025
10103500	173033
10104000	173044
10104500	173055
10105000	173061
10105500	173073
10106000	173082
10106500	173085
10107000	173092
10107500	173100
10108000	173108
10108500	173117
10109000	173124
10109500	173133
10110000	173143
10110500	173152
10111000	173161
10111500	173169
10112000	173173
10112500	173179
10113000	173188
10113500	173197
10114000	173205
10114500	173216
10115000	173226
10115500	173235
10116000	173241
10116500	173247
10117000	173260
10117500	173263
10118000	173271
10118500	173275
10119000	173282
10119500	173285
10120000	173298
10120500	173312
10121000	173322
10121500	173329
10122000	173338
10122500	173346
10123000	173357
10123500	173364
10124000	173371
10124500	173381
10125000	173391
10125500	173398
10126000	173406
10126500	173414
10127000	173421
10127500	173429
10128000	173432
10128500	173436
10129000	173445
10129500	173454
10130000	173463
10130500	173474
10131000	173485
10131500	173495
10132000	173505
10132500	173515
10133000	173527
10133500	173532
10134000	173544
10134500	173553
10135000	173560
10135500	173563
10136000	173571
10136500	173579
10137000	173591
10137500	173599
10138000	173606
10138500	173616
10139000	173624
10139500	173632
10140000	173635
10140500	173641
10141000	173649
10141500	173661
10142000	173670
10142500	173683
10143000	173686
10143500	173696
10144000	173706
10144500	173710
10145000	173719
10145500	173728
10146000	173741
10146500	173756
10147000	173766
10147500	173773
10148000	173784
10148500	173792
10149000	173798
10149500	173803
10150000	173814
10150500	173827
10151000	173833
10151500	173841
10152000	173849
10152500	173862
10153000	173868
10153500	173875
10154000	173884
10154500	173892
10155000	173895
10155500	173897
10156000	173908
10156500	173913
10157000	173924
10157500	173932
10158000	173939
10158500	173951
10159000	173961
10159500	173967
10160000	173977
10160500	173984
10161000	173991
10161500	174000
10162000	174005
10162500	174017
10163000	174028
10163500	174036
10164000	174039
10164500	174048
10165000	174056
10165500	174062
10166000	174070
10166500	174078
10167000	174085
10167500	174096
10168000	174110
10168500	174118
10169000	174125
10169500	174137
10170000	174145
10170500	174149
10171000	174154
10171500	174163
10172000	174179
10172500	174188
10173000	174194
10173500	174206
10174000	174218
10174500	174225
10175000	174234
10175500	174239
10176000	174246
10176500	174254
10177000	174263
10177500	174270
10178000	174284
10178500	174293
10179000	174304
10179500	174310
10180000	174316
10180500	174323
10181000	174330
10181500	174334
10182000	174344
10182500	174354
10183000	174360
10183500	174367
10184000	174373
10184500	174376
10185000	174386
10185500	174397
10186000	174408
10186500	174425
10187000	174433
10187500	174442
10188000	174445
10188500	174451
10189000	174459
10189500	174468
10190000	174477
10190500	174487
10191000	174491
10191500	174503
10192000	174508
10192500	174516
10193000	174530
10193500	174538
10194000	174552
10194500	174557
10195000	174572
10195500	174579
10196000	174588
10196500	174594
10197000	174601
10197500	174616
10198000	174623
10198500	174631
10199000	174636
10199500	174644
10200000	174651
10200500	174657
10201000	174666
10201500	174673
10202000	174684
10202500	174687
10203000	174697
10203500	174705
10204000	174713
10204500	174724
10205000	174735
10205500	174741
10206000	174746
10206500	174755
10207000	174763
10207500	174776
10208000	174786
10208500	174796
10209000	174803
10209500	174809
10210000	174817
10210500	174823
10211000	174841
10211500	174853
10212000	174863
10212500	174870
10213000	174875
10213500	174887
10214000	174899
10214500	174909
10215000	174914
10215500	174923
10216000	174935
10216500	174943
10217000	174954
10217500	174961
10218000	174976
10218500	174985
10219000	174991
10219500	174995
10220000	174999
10220500	175004
10221000	175009
10221500	175023
10222000	175033
10222500	175038
10223000	175044
10223500	175058
10224000	175069
10224500	175075
10225000	175083
10225500	175089
10226000	175102
10226500	175113
10227000	175120
10227500	175123
10228000	175133
10228500	175144
10229000	175155
10229500	175162
10230000	175170
10230500	175177
10231000	175185
10231500	175193
10232000	175199
10232500	175205
10233000	175209
10233500	175219
10234000	175225
10234500	175234
10235000	175244
10235500	175252
10236000	175267
10236500	175275
10237000	175281
10237500	175293
10238000	175303
10238500	175311
10239000	175320
10239500	175330
10240000	175338
10240500	175346
10241000	175353
10241500	175365
10242000	175376
10242500	175383
10243000	175392
10243500	175399
10244000	175407
10244500	175412
10245000	175421
10245500	175425
10246000	175437
10246500	175445
10247000	175453
10247500	175457
10248000	175467
10248500	175481
10249000	175491
10249500	175497
10250000	175505
10250500	175511
10251000	175517
10251500	175523
10252000	175529
10252500	175538
10253000	175546
10253500	175552
10254000	175557
10254500	175566
10255000	175573
10255500	175583
10256000	175586
10256500	175599
10257000	175609
10257500	175618
10258000	175623
10258500	175628
10259000	175636
10259500	175645
10260000	175650
10260500	175653
10261000	175657
10261500	175666
10262000	175677
10262500	175689
10263000	175695
10263500	175703
10264000	175711
10264500	175715
10265000	175721
10265500	175734
10266000	175740
10266500	175751
10267000	175760
10267500	175768
10268000	175784
10268500	175793
10269000	175805
10269500	175815
10270000	175828
10270500	175837
10271000	175841
10271500	175846
10272000	175854
10272500	175862
10273000	175869
10273500	175878
10274000	175888
10274500	175898
10275000	175908
10275500	175920
10276000	175927
10276500	175935
10277000	175946
10277500	175961
10278000	175966
10278500	175977
10279000	175983
10279500	175989
10280000	176002
10280500	176011
10281000	176021
10281500	176035
10282000	176042
10282500	176053
10283000	176066
10283500	176071
10284000	176080
10284500	176088
10285000	176093
10285500	176098
10286000	176105
10286500	176118
10287000	176129
10287500	176140
10288000	176146
10288500	176155
10289000	176167
10289500	176175
10290000	176180
10290500	176184
10291000	176191
10291500	176198
10292000	176203
10292500	176209
10293000	176213
10293500	176221
10294000	176230
10294500	176238
10295000	176251
10295500	176258
10296000	176270
10296500	176277
10297000	176290
10297500	176307
10298000	176315
10298500	176323
10299000	176334
10299500	176344
10300000	176352
10300500	176359
10301000	176366
10301500	176375
10302000	176378
10302500	176386
10303000	176394
10303500	176404
10304000	176409
10304500	176419
10305000	176424
10305500	176430
10306000	176441
10306500	176448
10307000	176455
10307500	176463
10308000	176472
10308500	176482
10309000	176490
10309500	176502
10310000	176515
10310500	176522
10311000	176528
10311500	176536
10312000	176542
10312500	176552
10313000	176557
10313500	176559
10314000	176572
10314500	176577
10315000	176586
10315500	176598
10316000	176606
10316500	176615
10317000	176625
10317500	176628
10318000	176632
10318500	176644
10319000	176653
10319500	176659
10320000	176664
10320500	176670
10321000	176679
10321500	176682
10322000	176690
10322500	176702
10323000	176718
10323500	176731
10324000	176740
10324500	176752
10325000	176761
10325500	176772
10326000	176777
10326500	176784
10327000	176793
10327500	176803
10328000	176814
10328500	176823
10329000	176825
10329500	176834
10330000	176838
10330500	176848
10331000	176858
10331500	176862
10332000	176867
10332500	176873
10333000	176887
10333500	176902
10334000	176911
10334500	176921
10335000	176928
10335500	176934
10336000	176943
10336500	176947
10337000	176953
10337500	176957
10338000	176964
10338500	176974
10339000	176982
10339500	176994
10340000	177003
10340500	177014
10341000	177023
10341500	177031
10342000	177037
10342500	177048
10343000	177059
10343500	177068
10344000	177081
10344500	177086
10345000	177091
10345500	177095
10346000	177103
10346500	177113
10347000	177124
10347500	177131
10348000	177139
10348500	177149
10349000	177162
10349500	177168
10350000	177175
10350500	177182
10351000	177192
10351500	177201
10352000	177206
10352500	177219
10353000	177231
10353500	177239
10354000	177245
10354500	177252
10355000	177259
10355500	177266
10356000	177273
10356500	177280
10357000	177283
10357500	177293
10358000	177299
10358500	177307
10359000	177315
10359500	177327
10360000	177332
10360500	177342
10361000	177349
10361500	177352
10362000	177357
10362500	177369
10363000	177383
10363500	177397
10364000	177405
10364500	177408
10365000	177419
10365500	177425
10366000	177435
10366500	177441
10367000	177449
10367500	177459
10368000	177475
10368500	177485
10369000	177498
10369500	177511
10370000	177522
10370500	177525
10371000	177535
10371500	177547
10372000	177555
10372500	177564
10373000	177569
10373500	177575
10374000	177580
10374500	177583
10375000	177594
10375500	177605
10376000	177612
10376500	177615
10377000	177620
10377500	177625
10378000	177637
10378500	177647
10379000	177659
10379500	177665
10380000	177676
10380500	177685
10381000	177697
10381500	177707
10382000	177718
10382500	177723
10383000	177734
10383500	177745
10384000	177752
10384500	177763
10385000	177770
10385500	177777
10386000	177788
10386500	177796
10387000	177802
10387500	177810
10388000	177817
10388500	177827
10389000	177835
10389500	177841
10390000	177848
10390500	177857
10391000	177867
10391500	177880
10392000	177885
10392500	177896
10393000	177906
10393500	177922
10394000	177930
10394500	177937
10395000	177946
10395500	177956
10396000	177961
10396500	177971
10397000	177979
10397500	177989
10398000	178005
10398500	178018
10399000	178028
10399500	178033
10400000	178044
10400500	178051
10401000	178064
10401500	178072
10402000	178084
10402500	178089
10403000	178097
10403500	178101
10404000	178114
10404500	178121
10405000	178133
10405500	178137
10406000	178147
10406500	178160
10407000	178170
10407500	178177
10408000	178185
10408500	178200
10409000	178209
10409500	178218
10410000	178228
10410500	178229
10411000	178236
10411500	178242
10412000	178251
10412500	178254
10413000	178269
10413500	178276
10414000	178287
10414500	178294
10415000	178305
10415500	178317
10416000	178322
10416500	178328
10417000	178335
10417500	178342
10418000	178353
10418500	178360
10419000	178375
10419500	178384
10420000	178389
10420500	178399
10421000	178411
10421500	178427
10422000	178437
10422500	178441
10423000	178446
10423500	178457
10424000	178464
10424500	178472
10425000	178480
10425500	178488
10426000	178493
10426500	178506
10427000	178517
10427500	178523
10428000	178530
10428500	178540
10429000	178548
10429500	178555
10430000	178560
10430500	178566
10431000	178570
10431500	178578
10432000	178589
10432500	178602
10433000	178613
10433500	178619
10434000	178626
10434500	178632
10435000	178638
10435500	178648
10436000	178660
10436500	178665
10437000	178679
10437500	178688
10438000	178696
10438500	178708
10439000	178717
10439500	178723
10440000	178738
10440500	178745
10441000	178753
10441500	178764
10442000	178769
10442500	178779
10443000	178789
10443500	178798
10444000	178804
10444500	178812
10445000	178820
10445500	178826
10446000	178833
10446500	178840
10447000	178849
10447500	178857
10448000	178863
10448500	178874
10449000	178884
10449500	178895
10450000	178903
10450500	178913
10451000	178927
10451500	178932
10452000	178944
10452500	178957
10453000	178969
10453500	178980
10454000	178985
10454500	178991
10455000	178998
10455500	179001
10456000	179007
10456500	179024
10457000	179036
10457500	179044
10458000	179054
10458500	179059
10459000	179066
10459500	179074
10460000	179085
10460500	179096
10461000	179102
10461500	179117
10462000	179122
10462500	179129
10463000	179138
10463500	179152
10464000	179158
10464500	179167
10465000	179171
10465500	179179
10466000	179189
10466500	179196
10467000	179205
10467500	179214
10468000	179225
10468500	179233
10469000	179245
10469500	179253
10470000	179259
10470500	179264
10471000	179266
10471500	179279
10472000	179289
10472500	179294
10473000	179300
10473500	179310
10474000	179315
10474500	179323
10475000	179331
10475500	179341
10476000	179349
10476500	179354
10477000	179372
10477500	179374
10478000	179381
10478500	179387
10479000	179395
10479500	179401
10480000	179408
10480500	179419
10481000	179429
10481500	179434
10482000	179444
10482500	179455
10483000	179462
10483500	179472
10484000	179487
10484500	179500
10485000	179508
10485500	179514
10486000	179521
10486500	179527
10487000	179539
10487500	179543
10488000	179551
10488500	179558
10489000	179569
10489500	179576
10490000	179586
10490500	179591
10491000	179602
10491500	179611
10492000	179623
10492500	179636
10493000	179647
10493500	179650
10494000	179661
10494500	179673
10495000	179682
10495500	179692
10496000	179697
10496500	179713
10497000	179725
10497500	179733
10498000	179745
10498500	179753
10499000	179761
10499500	179766
10500000	179775
10500500	179781
10501000	179788
10501500	179792
10502000	179802
10502500	179809
10503000	179819
10503500	179827
10504000	179837
10504500	179844
10505000	179852
10505500	179861
10506000	179866
10506500	179880
10507000	179887
10507500	179898
10508000	179908
10508500	179917
10509000	179921
10509500	179930
10510000	179942
10510500	179951
10511000	179955
10511500	179960
10512000	179969
10512500	179979
10513000	179990
10513500	179996
10514000	180007
10514500	180014
10515000	180023
10515500	180028
10516000	180035
10516500	180046
10517000	180060
10517500	180069
10518000	180079
10518500	180088
10519000	180097
10519500	180107
10520000	180118
10520500	180122
10521000	180127
10521500	180135
10522000	180142
10522500	180153
10523000	180163
10523500	180175
10524000	180185
10524500	180194
10525000	180200
10525500	180206
10526000	180212
10526500	180219
10527000	180225
10527500	180234
10528000	180249
10528500	180254
10529000	180263
10529500	180270
10530000	180281
10530500	180288
10531000	180301
10531500	180307
10532000	180313
10532500	180325
10533000	180330
10533500	180335
10534000	180343
10534500	180352
10535000	180361
10535500	180366
10536000	180382
10536500	180396
10537000	180403
10537500	180412
10538000	180418
10538500	180425
10539000	180430
10539500	180434
10540000	180442
10540500	180448
10541000	180460
10541500	180472
10542000	180479
10542500	180490
10543000	180499
10543500	180502
10544000	180513
10544500	180520
10545000	180526
10545500	180534
10546000	180543
10546500	180551
10547000	180556
10547500	180568
10548000	180573
10548500	180583
10549000	180589
10549500	180603
10550000	180617
10550500	180627
10551000	180638
10551500	180645
10552000	180657
10552500	180670
10553000	180678
10553500	180694
10554000	180701
10554500	180711
10555000	180720
10555500	180733
10556000	180739
10556500	180746
10557000	180752
10557500	180769
10558000	180783
10558500	180787
10559000	180796
10559500	180807
10560000	180818
10560500	180826
10561000	180831
10561500	180843
10562000	180850
10562500	180857
10563000	180868
10563500	180877
10564000	180886
10564500	180897
10565000	180902
10565500	180914
10566000	180926
10566500	180935
10567000	180944
10567500	180956
10568000	180959
10568500	180968
10569000	180976
10569500	180981
10570000	180986
10570500	180996
10571000	181007
10571500	181014
10572000	181024
10572500	181035
10573000	181047
10573500	181051
10574000	181061
10574500	181069
10575000	181072
10575500	181079
10576000	181089
10576500	181103
10577000	181114
10577500	181123
10578000	181128
10578500	181136
10579000	181143
10579500	181151
10580000	181154
10580500	181164
10581000	181170
10581500	181186
10582000	181196
10582500	181204
10583000	181207
10583500	181221
10584000	181225
10584500	181228
10585000	181238
10585500	181250
10586000	181265
10586500	181274
10587000	181284
10587500	181291
10588000	181293
10588500	181303
10589000	181309
10589500	181318
10590000	181328
10590500	181333
10591000	181339
10591500	181348
10592000	181361
10592500	181377
10593000	181384
10593500	181396
10594000	181401
10594500	181411
10595000	181421
10595500	181429
10596000	181436
10596500	181442
10597000	181449
10597500	181455
10598000	181466
10598500	181472
10599000	181477
10599500	181485
10600000	181492
10600500	181500
10601000	181507
10601500	181513
10602000	181524
10602500	181530
10603000	181535
10603500	181546
10604000	181552
10604500	181557
10605000	181564
10605500	181575
10606000	181588
10606500	181596
10607000	181607
10607500	181620
10608000	181629
10608500	181638
10609000	181646
10609500	181656
10610000	181663
10610500	181670
10611000	181683
10611500	181695
10612000	181704
10612500	181708
10613000	181718
10613500	181726
10614000	181736
10614500	181740
10615000	181752
10615500	181760
10616000	181765
10616500	181771
10617000	181785
10617500	181788
10618000	181798
10618500	181805
10619000	181815
10619500	181826
10620000	181837
10620500	181846
10621000	181853
10621500	181864
10622000	181882
10622500	181885
10623000	181893
10623500	181901
10624000	181906
10624500	181914
10625000	181922
10625500	181930
10626000	181938
10626500	181953
10627000	181964
10627500	181969
10628000	181976
10628500	181982
10629000	181994
10629500	181998
10630000	182003
10630500	182014
10631000	182020
10631500	182027
10632000	182040
10632500	182046
10633000	182048
10633500	182059
10634000	182067
10634500	182076
10635000	182085
10635500	182095
10636000	182103
10636500	182112
10637000	182121
10637500	182131
10638000	182143
10638500	182155
10639000	182167
10639500	182176
10640000	182190
10640500	182203
10641000	182211
10641500	182221
10642000	182229
10642500	182241
10643000	182246
10643500	182253
10644000	182267
10644500	182270
10645000	182274
10645500	182279
10646000	182284
10646500	182289
10647000	182294
10647500	182300
10648000	182307
10648500	182315
10649000	182323
10649500	182330
10650000	182338
10650500	182344
10651000	182355
10651500	182366
10652000	182368
10652500	182378
10653000	182391
10653500	182403
10654000	182409
10654500	182426
10655000	182435
10655500	182445
10656000	182453
10656500	182466
10657000	182474
10657500	182481
10658000	182488
10658500	182496
10659000	182502
10659500	182512
10660000	182526
10660500	182536
10661000	182547
10661500	182554
10662000	182564
10662500	182571
10663000	182578
10663500	182587
10664000	182590
10664500	182606
10665000	182620
10665500	182630
10666000	182636
10666500	182643
10667000	182653
10667500	182663
10668000	182672
10668500	182682
10669000	182687
10669500	182696
10670000	182708
10670500	182717
10671000	182721
10671500	182726
10672000	182736
10672500	182739
10673000	182749
10673500	182756
10674000	182767
10674500	182782
10675000	182788
10675500	182796
10676000	182805
10676500	182812
10677000	182823
10677500	182833
10678000	182845
10678500	182855
10679000	182861
10679500	182872
10680000	182889
10680500	182893
10681000	182905
10681500	182915
10682000	182923
10682500	182927
10683000	182942
10683500	182955
10684000	182965
10684500	182975
10685000	182983
10685500	182989
10686000	182994
10686500	182997
10687000	183009
10687500	183023
10688000	183032
10688500	183044
10689000	183052
10689500	183058
10690000	183066
10690500	183069
10691000	183078
10691500	183087
10692000	183098
10692500	183110
10693000	183123
10693500	183132
10694000	183140
10694500	183147
10695000	183155
10695500	183162
10696000	183166
10696500	183173
10697000	183178
10697500	183186
10698000	183193
10698500	183202
10699000	183214
10699500	183234
10700000	183236
10700500	183242
10701000	183251
10701500	183261
10702000	183268
10702500	183277
10703000	183292
10703500	183297
10704000	183302
10704500	183311
10705000	183320
10705500	183327
10706000	183337
10706500	183348
10707000	183352
10707500	183361
10708000	183368
10708500	183376
10709000	183387
10709500	183396
10710000	183405
10710500	183410
10711000	183420
10711500	183429
10712000	183438
10712500	183440
10713000	183443
10713500	183451
10714000	183460
10714500	183469
10715000	183472
10715500	183483
10716000	183491
10716500	183494
10717000	183506
10717500	183512
10718000	183521
10718500	183528
10719000	183538
10719500	183548
10720000	183559
10720500	183573
10721000	183580
10721500	183592
10722000	183597
10722500	183608
10723000	183614
10723500	183621
10724000	183629
10724500	183637
10725000	183639
10725500	183645
10726000	183655
10726500	183664
10727000	183667
10727500	183676
10728000	183684
10728500	183698
10729000	183705
10729500	183717
10730000	183724
10730500	183730
10731000	183739
10731500	183747
10732000	183755
10732500	183764
10733000	183769
10733500	183781
10734000	183790
10734500	183801
10735000	183806
10735500	183811
10736000	183821
10736500	183827
10737000	183833
10737500	183840
10738000	183847
10738500	183854
10739000	183856
10739500	183862
10740000	183869
10740500	183877
10741000	183888
10741500	183898
10742000	183904
10742500	183919
10743000	183924
10743500	183930
10744000	183940
10744500	183944
10745000	183955
10745500	183964
10746000	183969
10746500	183977
10747000	183987
10747500	183998
10748000	184005
10748500	184011
10749000	184021
10749500	184032
10750000	184039
10750500	184047
10751000	184051
10751500	184059
10752000	184068
10752500	184081
10753000	184093
10753500	184104
10754000	184109
10754500	184120
10755000	184130
10755500	184143
10756000	184149
10756500	184156
10757000	184162
10757500	184170
10758000	184176
10758500	184185
10759000	184194
10759500	184205
10760000	184212
10760500	184224
10761000	184240
10761500	184248
10762000	184255
10762500	184265
10763000	184272
10763500	184279
10764000	184289
10764500	184298
10765000	184306
10765500	184311
10766000	184328
10766500	184335
10767000	184342
10767500	184349
10768000	184360
10768500	184367
10769000	184375
10769500	184380
10770000	184387
10770500	184398
10771000	184405
10771500	184413
10772000	184418
10772500	184426
10773000	184429
10773500	184441
10774000	184451
10774500	184460
10775000	184472
10775500	184478
10776000	184483
10776500	184489
10777000	184497
10777500	184507
10778000	184516
10778500	184529
10779000	184538
10779500	184546
10780000	184553
10780500	184567
10781000	184580
10781500	184587
10782000	184593
10782500	184606
10783000	184619
10783500	184631
10784000	184637
10784500	184641
10785000	184652
10785500	184660
10786000	184672
10786500	184684
10787000	184686
10787500	184692
10788000	184698
10788500	184705
10789000	184711
10789500	184715
10790000	184723
10790500	184732
10791000	184742
10791500	184754
10792000	184769
10792500	184781
10793000	184789
10793500	184799
10794000	184803
10794500	184814
10795000	184819
10795500	184824
10796000	184840
10796500	184845
10797000	184851
10797500	184857
10798000	184869
10798500	184883
10799000	184892
10799500	184899
10800000	184903
10800500	184909
10801000	184917
10801500	184923
10802000	184940
10802500	184951
10803000	184958
10803500	184964
10804000	184974
10804500	184985
10805000	184991
10805500	185000
10806000	185010
10806500	185020
10807000	185029
10807500	185036
10808000	185050
10808500	185056
10809000	185061
10809500	185067
10810000	185073
10810500	185078
10811000	185089
10811500	185098
10812000	185110
10812500	185119
10813000	185128
10813500	185140
10814000	185156
10814500	185168
10815000	185176
10815500	185193
10816000	185201
10816500	185209
10817000	185216
10817500	185222
10818000	185233
10818500	185244
10819000	185249
10819500	185260
10820000	185265
10820500	185275
10821000	185280
10821500	185287
10822000	185293
10822500	185299
10823000	185311
10823500	185325
10824000	185337
10824500	185346
10825000	185363
10825500	185373
10826000	185379
10826500	185387
10827000	185393
10827500	185398
10828000	185406
10828500	185414
10829000	185429
10829500	185433
10830000	185439
10830500	185446
10831000	185461
10831500	185469
10832000	185482
10832500	185488
10833000	185499
10833500	185511
10834000	185521
10834500	185527
10835000	185532
10835500	185541
10836000	185556
10836500	185564
10837000	185569
10837500	185582
10838000	185594
10838500	185601
10839000	185615
10839500	185620
10840000	185627
10840500	185638
10841000	185648
10841500	185652
10842000	185660
10842500	185668
10843000	185672
10843500	185682
10844000	185691
10844500	185705
10845000	185708
10845500	185714
10846000	185720
10846500	185729
10847000	185741
10847500	185746
10848000	185754
10848500	185765
10849000	185771
10849500	185783
10850000	185791
10850500	185800
10851000	185812
10851500	185820
10852000	185832
10852500	185843
10853000	185851
10853500	185861
10854000	185872
10854500	185883
10855000	185887
10855500	185892
10856000	185902
10856500	185909
10857000	185918
10857500	185928
10858000	185934
10858500	185938
10859000	185951
10859500	185962
10860000	185970
10860500	185973
10861000	185976
10861500	185982
10862000	185988
10862500	186000
10863000	186006
10863500	186014
10864000	186022
10864500	186029
10865000	186033
10865500	186044
10866000	186055
10866500	186062
10867000	186073
10867500	186076
10868000	186091
10868500	186103
10869000	186117
10869500	186125
10870000	186132
10870500	186138
10871000	186146
10871500	186153
10872000	186165
10872500	186173
10873000	186180
10873500	186187
10874000	186194
10874500	186203
10875000	186217
10875500	186226
10876000	186237
10876500	186246
10877000	186256
10877500	186268
10878000	186275
10878500	186283
10879000	186297
10879500	186306
10880000	186314
10880500	186329
10881000	186337
10881500	186348
10882000	186357
10882500	186366
10883000	186374
10883500	186380
10884000	186388
10884500	186398
10885000	186405
10885500	186416
10886000	186426
10886500	186433
10887000	186440
10887500	186449
10888000	186458
10888500	186465
10889000	186475
10889500	186481
10890000	186487
10890500	186495
10891000	186501
10891500	186509
10892000	186524
10892500	186529
10893000	186534
10893500	186543
10894000	186552
10894500	186558
10895000	186565
10895500	186574
10896000	186583
10896500	186594
10897000	186603
10897500	186615
10898000	186624
10898500	186634
10899000	186642
10899500	186652
10900000	186658
10900500	186670
10901000	186678
10901500	186688
10902000	186699
10902500	186708
10903000	186716
10903500	186724
10904000	186727
10904500	186736
10905000	186746
10905500	186754
10906000	186764
10906500	186768
10907000	186775
10907500	186781
10908000	186791
10908500	186806
10909000	186814
10909500	186828
10910000	186835
10910500	186841
10911000	186852
10911500	186864
10912000	186868
10912500	186875
10913000	186879
10913500	186886
10914000	186890
10914500	186905
10915000	186908
10915500	186918
10916000	186928
10916500	186937
10917000	186944
10917500	186956
10918000	186965
10918500	186976
10919000	186982
10919500	186994
10920000	186999
10920500	187004
10921000	187009
10921500	187014
10922000	187019
10922500	187029
10923000	187036
10923500	187044
10924000	187055
10924500	187062
10925000	187073
10925500	187085
10926000	187089
10926500	187098
10927000	187107
10927500	187117
10928000	187127
10928500	187137
10929000	187144
10929500	187154
10930000	187164
10930500	187172
10931000	187180
10931500	187185
10932000	187196
10932500	187210
10933000	187219
10933500	187235
10934000	187244
10934500	187251
10935000	187263
10935500	187269
10936000	187275
10936500	187280
10937000	187288
10937500	187295
10938000	187302
10938500	187316
10939000	187331
10939500	187346
10940000	187353
10940500	187362
10941000	187367
10941500	187373
10942000	187376
10942500	187385
10943000	187399
10943500	187409
10944000	187413
10944500	187428
10945000	187438
10945500	187454
10946000	187464
10946500	187473
10947000	187480
10947500	187488
10948000	187499
10948500	187505
10949000	187514
10949500	187521
10950000	187524
10950500	187535
10951000	187542
10951500	187551
10952000	187560
10952500	187568
10953000	187574
10953500	187582
10954000	187592
10954500	187601
10955000	187603
10955500	187612
10956000	187626
10956500	187634
10957000	187642
10957500	187646
10958000	187651
10958500	187662
10959000	187672
10959500	187679
10960000	187690
10960500	187701
10961000	187708
10961500	187712
10962000	187721
10962500	187729
10963000	187740
10963500	187749
10964000	187761
10964500	187769
10965000	187771
10965500	187776
10966000	187785
10966500	187793
10967000	187799
10967500	187813
10968000	187819
10968500	187830
10969000	187844
10969500	187859
10970000	187864
10970500	187874
10971000	187879
10971500	187886
10972000	187896
10972500	187906
10973000	187913
10973500	187928
10974000	187941
10974500	187949
10975000	187953
10975500	187960
10976000	187969
10976500	187981
10977000	187985
10977500	187987
10978000	187990
10978500	188002
10979000	188010
10979500	188019
10980000	188025
10980500	188035
10981000	188039
10981500	188052
10982000	188062
10982500	188068
10983000	188074
10983500	188078
10984000	188087
10984500	188099
10985000	188108
10985500	188117
10986000	188128
10986500	188140
10987000	188156
10987500	188168
10988000	188171
10988500	188176
10989000	188189
10989500	188197
10990000	188207
10990500	188213
10991000	188222
10991500	188235
10992000	188243
10992500	188246
10993000	188257
10993500	188266
10994000	188275
10994500	188283
10995000	188291
10995500	188298
10996000	188305
10996500	188322
10997000	188330
10997500	188337
10998000	188347
10998500	188356
10999000	188361
10999500	188370
11000000	188377
11000500	188383
11001000	188387
11001500	188397
11002000	188402
11002500	188411
11003000	188421
11003500	188437
11004000	188446
11004500	188451
11005000	188464
11005500	188470
11006000	188482
11006500	188493
11007000	188497
11007500	188501
11008000	188512
11008500	188522
11009000	188530
11009500	188535
11010000	188545
11010500	188557
11011000	188566
11011500	188576
11012000	188584
11012500	188590
11013000	188597
11013500	188602
11014000	188613
11014500	188624
11015000	188630
11015500	188646
11016000	188653
11016500	188664
11017000	188667
11017500	188675
11018000	188681
11018500	188688
11019000	188699
11019500	188708
11020000	188723
11020500	188739
11021000	188750
11021500	188764
11022000	188774
11022500	188781
11023000	188785
11023500	188792
11024000	188795
11024500	188800
11025000	188810
11025500	188818
11026000	188828
11026500	188839
11027000	188850
11027500	188852
11028000	188858
11028500	188870
11029000	188881
11029500	188889
11030000	188895
11030500	188902
11031000	188906
11031500	188915
11032000	188925
11032500	188932
11033000	188943
11033500	188951
11034000	188957
11034500	188971
11035000	188981
11035500	188995
11036000	189004
11036500	189012
11037000	189019
11037500	189029
11038000	189034
11038500	189039
11039000	189048
11039500	189057
11040000	189061
11040500	189070
11041000	189075
11041500	189087
11042000	189096
11042500	189107
11043000	189117
11043500	189124
11044000	189137
11044500	189145
11045000	189154
11045500	189167
11046000	189177
11046500	189181
11047000	189189
11047500	189198
11048000	189209
11048500	189217
11049000	189224
11049500	189232
11050000	189244
11050500	189250
11051000	189264
11051500	189274
11052000	189282
11052500	189293
11053000	189302
11053500	189311
11054000	189316
11054500	189324
11055000	189332
11055500	189343
11056000	189357
11056500	189365
11057000	189377
11057500	189380
11058000	189385
11058500	189389
11059000	189393
11059500	189402
11060000	189408
11060500	189418
11061000	189427
11061500	189434
11062000	189444
11062500	189454
11063000	189468
11063500	189475
11064000	189480
11064500	189485
11065000	189494
11065500	189499
11066000	189512
11066500	189521
11067000	189530
11067500	189539
11068000	189544
11068500	189554
11069000	189569
11069500	189579
11070000	189583
11070500	189593
11071000	189606
11071500	189612
11072000	189618
11072500	189624
11073000	189637
11073500	189649
11074000	189659
11074500	189667
11075000	189676
11075500	189683
11076000	189692
11076500	189698
11077000	189704
11077500	189715
11078000	189721
11078500	189734
11079000	189742
11079500	189750
11080000	189760
11080500	189765
11081000	189774
11081500	189785
11082000	189794
11082500	189801
11083000	189808
11083500	189814
11084000	189821
11084500	189827
11085000	189835
11085500	189844
11086000	189851
11086500	189855
11087000	189862
11087500	189869
11088000	189879
11088500	189890
11089000	189898
11089500	189909
11090000	189920
11090500	189932
11091000	189937
11091500	189943
11092000	189950
11092500	189957
11093000	189965
11093500	189973
11094000	189978
11094500	189987
11095000	190002
11095500	190007
11096000	190023
11096500	190029
11097000	190033
11097500	190036
11098000	190044
11098500	190049
11099000	190054
11099500	190058
11100000	190065
11100500	190078
11101000	190094
11101500	190102
11102000	190112
11102500	190116
11103000	190128
11103500	190137
11104000	190148
11104500	190159
11105000	190169
11105500	190177
11106000	190191
11106500	190198
11107000	190208
11107500	190214
11108000	190221
11108500	190233
11109000	190239
11109500	190253
11110000	190259
11110500	190264
11111000	190274
11111500	190281
11112000	190285
11112500	190294
11113000	190308
11113500	190317
11114000	190325
11114500	190339
11115000	190342
11115500	190348
11116000	190355
11116500	190361
11117000	190369
11117500	190377
11118000	190386
11118500	190395
11119000	190407
11119500	190417
11120000	190422
11120500	190429
11121000	190433
11121500	190443
11122000	190451
11122500	190459
11123000	190468
11123500	190475
11124000	190486
11124500	190498
11125000	190506
11125500	190517
11126000	190527
11126500	190536
11127000	190539
11127500	190551
11128000	190557
11128500	190567
11129000	190573
11129500	190585
11130000	190596
11130500	190604
11131000	190612
11131500	190622
11132000	190630
11132500	190640
11133000	190651
11133500	190659
11134000	190669
11134500	190676
11135000	190683
11135500	190692
11136000	190698
11136500	190707
11137000	190717
11137500	190728
11138000	190736
11138500	190745
11139000	190754
11139500	190764
11140000	190773
11140500	190780
11141000	190792
11141500	190803
11142000	190809
11142500	190813
11143000	190826
11143500	190843
11144000	190850
11144500	190858
11145000	190865
11145500	190873
11146000	190885
11146500	190898
11147000	190903
11147500	190911
11148000	190922
11148500	190933
11149000	190944
11149500	190953
11150000	190959
11150500	190969
11151000	190979
11151500	190986
11152000	190992
11152500	191001
11153000	191007
11153500	191020
11154000	191025
11154500	191042
11155000	191049
11155500	191062
11156000	191072
11156500	191080
11157000	191089
11157500	191100
11158000	191110
11158500	191118
11159000	191128
11159500	191133
11160000	191141
11160500	191148
11161000	191152
11161500	191160
11162000	191171
11162500	191179
11163000	191188
11163500	191194
11164000	191204
11164500	191215
11165000	191219
11165500	191229
11166000	191237
11166500	191249
11167000	191257
11167500	191264
11168000	191273
11168500	191288
11169000	191302
11169500	191309
11170000	191323
11170500	191336
11171000	191346
11171500	191352
11172000	191359
11172500	191371
11173000	191377
11173500	191387
11174000	191394
11174500	191399
11175000	191409
11175500	191415
11176000	191431
11176500	191438
11177000	191447
11177500	191455
11178000	191462
11178500	191468
11179000	191481
11179500	191490
11180000	191498
11180500	191512
11181000	191516
11181500	191524
11182000	191531
11182500	191539
11183000	191546
11183500	191551
11184000	191562
11184500	191567
11185000	191572
11185500	191584
11186000	191596
11186500	191605
11187000	191611
11187500	191620
11188000	191628
11188500	191640
11189000	191644
11189500	191654
11190000	191656
11190500	191663
11191000	191676
11191500	191687
11192000	191700
11192500	191705
11193000	191716
11193500	191727
11194000	191739
11194500	191747
11195000	191754
11195500	191764
11196000	191773
11196500	191787
11197000	191791
11197500	191798
11198000	191804
11198500	191811
11199000	191819
11199500	191826
11200000	191831
11200500	191839
11201000	191851
11201500	191858
11202000	191864
11202500	191873
11203000	191882
11203500	191894
11204000	191908
11204500	191917
11205000	191929
11205500	191934
11206000	191944
11206500	191951
11207000	191963
11207500	191970
11208000	191981
11208500	191985
11209000	191997
11209500	192001
11210000	192014
11210500	192022
11211000	192027
11211500	192034
11212000	192038
11212500	192051
11213000	192061
11213500	192066
11214000	192075
11214500	192084
11215000	192094
11215500	192106
11216000	192115
11216500	192122
11217000	192136
11217500	192142
11218000	192152
11218500	192163
11219000	192169
11219500	192177
11220000	192191
11220500	192195
11221000	192202
11221500	192215
11222000	192227
11222500	192235
11223000	192246
11223500	192255
11224000	192262
11224500	192267
11225000	192273
11225500	192284
11226000	192292
11226500	192300
11227000	192307
11227500	192315
11228000	192326
11228500	192334
11229000	192339
11229500	192349
11230000	192353
11230500	192363
11231000	192365
11231500	192372
11232000	192387
11232500	192399
11233000	192408
11233500	192413
11234000	192415
11234500	192429
11235000	192437
11235500	192447
11236000	192462
11236500	192467
11237000	192475
11237500	192481
11238000	192488
11238500	192495
11239000	192502
11239500	192506
11240000	192514
11240500	192521
11241000	192532
11241500	192538
11242000	192547
11242500	192558
11243000	192564
11243500	192572
11244000	192583
11244500	192592
11245000	192601
11245500	192611
11246000	192625
11246500	192636
11247000	192645
11247500	192651
11248000	192659
11248500	192667
11249000	192675
11249500	192680
11250000	192684
11250500	192689
11251000	192700
11251500	192707
11252000	192718
11252500	192724
11253000	192735
11253500	192741
11254000	192749
11254500	192753
11255000	192763
11255500	192770
11256000	192784
11256500	192797
11257000	192809
11257500	192819
11258000	192824
11258500	192838
11259000	192843
11259500	192856
11260000	192863
11260500	192869
11261000	192875
11261500	192879
11262000	192883
11262500	192893
11263000	192906
11263500	192914
11264000	192924
11264500	192934
11265000	192937
11265500	192942
11266000	192951
11266500	192956
11267000	192963
11267500	192974
11268000	192988
11268500	192990
11269000	192998
11269500	193006
11270000	193015
11270500	193025
11271000	193033
11271500	193039
11272000	193047
11272500	193059
11273000	193063
11273500	193073
11274000	193085
11274500	193096
11275000	193101
11275500	193107
11276000	193115
11276500	193125
11277000	193135
11277500	193146
11278000	193160
11278500	193172
11279000	193179
11279500	193189
11280000	193196
11280500	193203
11281000	193211
11281500	193220
11282000	193228
11282500	193238
11283000	193246
11283500	193251
11284000	193259
11284500	193267
11285000	193271
11285500	193278
11286000	193285
11286500	193294
11287000	193301
11287500	193314
11288000	193321
11288500	193331
11289000	193335
11289500	193345
11290000	193353
11290500	193362
11291000	193369
11291500	193377
11292000	193386
11292500	193396
11293000	193407
11293500	193414
11294000	193421
11294500	193425
11295000	193440
11295500	193451
11296000	193463
11296500	193471
11297000	193479
11297500	193487
11298000	193492
11298500	193496
11299000	193516
11299500	193528
11300000	193538
11300500	193544
11301000	193549
11301500	193555
11302000	193563
11302500	193572
11303000	193579
11303500	193585
11304000	193595
11304500	193601
11305000	193610
11305500	193612
11306000	193628
11306500	193637
11307000	193647
11307500	193665
11308000	193674
11308500	193681
11309000	193688
11309500	193697
11310000	193702
11310500	193715
11311000	193723
11311500	193733
11312000	193743
11312500	193748
11313000	193756
11313500	193764
11314000	193768
11314500	193781
11315000	193788
11315500	193790
11316000	193801
11316500	193813
11317000	193821
11317500	193829
11318000	193836
11318500	193844
11319000	193850
11319500	193863
11320000	193871
11320500	193882
11321000	193889
11321500	193900
11322000	193912
11322500	193925
11323000	193933
11323500	193941
11324000	193948
11324500	193959
11325000	193969
11325500	193972
11326000	193982
11326500	193991
11327000	193998
11327500	194009
11328000	194019
11328500	194024
11329000	194027
11329500	194033
11330000	194046
11330500	194058
11331000	194063
11331500	194074
11332000	194084
11332500	194093
11333000	194101
11333500	194108
11334000	194119
11334500	194123
11335000	194128
11335500	194137
11336000	194146
11336500	194150
11337000	194159
11337500	194171
11338000	194175
11338500	194187
11339000	194199
11339500	194207
11340000	194215
11340500	194227
11341000	194236
11341500	194246
11342000	194253
11342500	194261
11343000	194267
11343500	194272
11344000	194278
11344500	194287
11345000	194299
11345500	194308
11346000	194317
11346500	194327
11347000	194336
11347500	194343
11348000	194350
11348500	194360
11349000	194365
11349500	194381
11350000	194389
11350500	194397
11351000	194404
11351500	194410
11352000	194415
11352500	194427
11353000	194432
11353500	194443
11354000	194451
11354500	194461
11355000	194471
11355500	194481
11356000	194490
11356500	194498
11357000	194505
11357500	194520
11358000	194526
11358500	194534
11359000	194541
11359500	194549
11360000	194558
11360500	194566
11361000	194572
11361500	194584
11362000	194596
11362500	194604
11363000	194610
11363500	194614
11364000	194619
11364500	194626
11365000	194632
11365500	194640
11366000	194647
11366500	194661
11367000	194666
11367500	194673
11368000	194677
11368500	194684
11369000	194694
11369500	194704
11370000	194713
11370500	194722
11371000	194733
11371500	194742
11372000	194751
11372500	194763
11373000	194773
11373500	194781
11374000	194787
11374500	194795
11375000	194800
11375500	194817
11376000	194826
11376500	194834
11377000	194846
11377500	194851
11378000	194855
11378500	194859
11379000	194865
11379500	194872
11380000	194881
11380500	194894
11381000	194899
11381500	194908
11382000	194919
11382500	194927
11383000	194937
11383500	194950
11384000	194959
11384500	194965
11385000	194976
11385500	194982
11386000	194989
11386500	194996
11387000	195001
11387500	195008
11388000	195013
11388500	195021
11389000	195032
11389500	195037
11390000	195046
11390500	195056
11391000	195064
11391500	195074
11392000	195088
11392500	195100
11393000	195110
11393500	195116
11394000	195126
11394500	195133
11395000	195147
11395500	195160
11396000	195165
11396500	195177
11397000	195188
11397500	195194
11398000	195202
11398500	195208
11399000	195218
11399500	195225
11400000	195233
11400500	195240
11401000	195251
11401500	195262
11402000	195270
11402500	195276
11403000	195286
11403500	195295
11404000	195302
11404500	195309
11405000	195317
11405500	195328
11406000	195340
11406500	195350
11407000	195360
11407500	195366
11408000	195375
11408500	195377
11409000	195384
11409500	195389
11410000	195396
11410500	195406
11411000	195415
11411500	195422
11412000	195436
11412500	195443
11413000	195452
11413500	195461
11414000	195467
11414500	195476
11415000	195484
11415500	195491
11416000	195503
11416500	195509
11417000	195516
11417500	195521
11418000	195528
11418500	195536
11419000	195547
11419500	195553
11420000	195561
11420500	195573
11421000	195581
11421500	195591
11422000	195595
11422500	195603
11423000	195618
11423500	195625
11424000	195633
11424500	195640
11425000	195642
11425500	195651
11426000	195660
11426500	195666
11427000	195676
11427500	195680
11428000	195690
11428500	195699
11429000	195712
11429500	195716
11430000	195724
11430500	195738
11431000	195747
11431500	195753
11432000	195763
11432500	195774
11433000	195778
11433500	195789
11434000	195801
11434500	195809
11435000	195817
11435500	195820
11436000	195837
11436500	195843
11437000	195852
11437500	195860
11438000	195868
11438500	195878
11439000	195887
11439500	195889
11440000	195902
11440500	195909
11441000	195918
11441500	195928
11442000	195936
11442500	195944
11443000	195954
11443500	195963
11444000	195964
11444500	195968
11445000	195976
11445500	195983
11446000	195990
11446500	196004
11447000	196017
11447500	196024
11448000	196035
11448500	196044
11449000	196049
11449500	196055
11450000	196070
11450500	196077
11451000	196087
11451500	196092
11452000	196101
11452500	196112
11453000	196123
11453500	196131
11454000	196136
11454500	196140
11455000	196150
11455500	196159
11456000	196169
11456500	196177
11457000	196181
11457500	196186
11458000	196193
11458500	196203
11459000	196214
11459500	196224
11460000	196231
11460500	196242
11461000	196255
11461500	196265
11462000	196271
11462500	196279
11463000	196289
11463500	196296
11464000	196304
11464500	196316
11465000	196321
11465500	196332
11466000	196342
11466500	196350
11467000	196359
11467500	196367
11468000	196375
11468500	196386
11469000	196391
11469500	196399
11470000	196402
11470500	196413
11471000	196423
11471500	196436
11472000	196448
11472500	196462
11473000	196476
11473500	196490
11474000	196501
11474500	196505
11475000	196513
11475500	196523
11476000	196529
11476500	196541
11477000	196548
11477500	196555
11478000	196563
11478500	196570
11479000	196582
11479500	196593
11480000	196600
11480500	196605
11481000	196613
11481500	196619
11482000	196629
11482500	196641
11483000	196650
11483500	196669
11484000	196679
11484500	196687
11485000	196700
11485500	196707
11486000	196711
11486500	196720
11487000	196730
11487500	196731
11488000	196736
11488500	196749
11489000	196759
11489500	196764
11490000	196770
11490500	196778
11491000	196787
11491500	196798
11492000	196807
11492500	196815
11493000	196821
11493500	196835
11494000	196839
11494500	196843
11495000	196851
11495500	196862
11496000	196868
11496500	196880
11497000	196886
11497500	196892
11498000	196897
11498500	196905
11499000	196912
11499500	196918
11500000	196922
11500500	196933
11501000	196940
11501500	196947
11502000	196952
11502500	196964
11503000	196978
11503500	196994
11504000	196999
11504500	197005
11505000	197021
11505500	197028
11506000	197033
11506500	197043
11507000	197051
11507500	197060
11508000	197067
11508500	197077
11509000	197084
11509500	197098
11510000	197105
11510500	197111
11511000	197119
11511500	197130
11512000	197137
11512500	197142
11513000	197148
11513500	197159
11514000	197170
11514500	197177
11515000	197192
11515500	197200
11516000	197211
11516500	197220
11517000	197228
11517500	197238
11518000	197244
11518500	197253
11519000	197264
11519500	197271
11520000	197280
11520500	197282
11521000	197290
11521500	197302
11522000	197307
11522500	197320
11523000	197329
11523500	197340
11524000	197346
11524500	197354
11525000	197365
11525500	197375
11526000	197385
11526500	197396
11527000	197404
11527500	197417
11528000	197426
11528500	197429
11529000	197436
11529500	197441
11530000	197448
11530500	197461
11531000	197469
11531500	197481
11532000	197487
11532500	197495
11533000	197505
11533500	197513
11534000	197521
11534500	197534
11535000	197547
11535500	197553
11536000	197561
11536500	197571
11537000	197586
11537500	197601
11538000	197607
11538500	197615
11539000	197618
11539500	197629
11540000	197638
11540500	197645
11541000	197656
11541500	197665
11542000	197675
11542500	197684
11543000	197694
11543500	197701
11544000	197707
11544500	197718
11545000	197725
11545500	197732
11546000	197737
11546500	197743
11547000	197751
11547500	197758
11548000	197768
11548500	197771
11549000	197778
11549500	197785
11550000	197793
11550500	197803
11551000	197818
11551500	197825
11552000	197831
11552500	197842
11553000	197848
11553500	197857
11554000	197866
11554500	197871
11555000	197874
11555500	197886
11556000	197891
11556500	197897
11557000	197905
11557500	197912
11558000	197920
11558500	197930
11559000	197940
11559500	197944
11560000	197952
11560500	197965
11561000	197976
11561500	197987
11562000	197995
11562500	198000
11563000	198006
11563500	198011
11564000	198016
11564500	198028
11565000	198036
11565500	198040
11566000	198045
11566500	198051
11567000	198058
11567500	198070
11568000	198080
11568500	198086
11569000	198094
11569500	198103
11570000	198108
11570500	198117
11571000	198122
11571500	198133
11572000	198139
11572500	198147
11573000	198152
11573500	198158
11574000	198167
11574500	198179
11575000	198186
11575500	198198
11576000	198211
11576500	198221
11577000	198233
11577500	198241
11578000	198246
11578500	198257
11579000	198265
11579500	198274
11580000	198280
11580500	198285
11581000	198294
11581500	198302
11582000	198314
11582500	198327
11583000	198335
11583500	198339
11584000	198347
11584500	198356
11585000	198371
11585500	198376
11586000	198381
11586500	198392
11587000	198400
11587500	198410
11588000	198416
11588500	198422
11589000	198430
11589500	198439
11590000	198445
11590500	198453
11591000	198459
11591500	198465
11592000	198470
11592500	198478
11593000	198483
11593500	198489
11594000	198501
11594500	198508
11595000	198518
11595500	198528
11596000	198535
11596500	198546
11597000	198554
11597500	198565
11598000	198571
11598500	198579
11599000	198591
11599500	198600
11600000	198614
11600500	198625
11601000	198633
11601500	198642
11602000	198649
11602500	198659
11603000	198668
11603500	198674
11604000	198679
11604500	198692
11605000	198703
11605500	198709
11606000	198717
11606500	198726
11607000	198736
11607500	198740
11608000	198745
11608500	198758
11609000	198766
11609500	198776
11610000	198783
11610500	198795
11611000	198803
11611500	198811
11612000	198821
11612500	198830
11613000	198840
11613500	198842
11614000	198851
11614500	198865
11615000	198871
11615500	198876
11616000	198889
11616500	198904
11617000	198907
11617500	198917
11618000	198926
11618500	198934
11619000	198946
11619500	198958
11620000	198965
11620500	198969
11621000	198976
11621500	198982
11622000	198989
11622500	198995
11623000	199005
11623500	199015
11624000	199023
11624500	199031
11625000	199040
11625500	199052
11626000	199068
11626500	199078
11627000	199089
11627500	199099
11628000	199105
11628500	199113
11629000	199122
11629500	199131
11630000	199136
11630500	199146
11631000	199154
11631500	199165
11632000	199170
11632500	199176
11633000	199179
11633500	199188
11634000	199200
11634500	199209
11635000	199216
11635500	199222
11636000	199227
11636500	199240
11637000	199248
11637500	199258
11638000	199265
11638500	199271
11639000	199279
11639500	199293
11640000	199298
11640500	199306
11641000	199315
11641500	199333
11642000	199345
11642500	199352
11643000	199357
11643500	199371
11644000	199379
11644500	199383
11645000	199389
11645500	199394
11646000	199409
11646500	199418
11647000	199426
11647500	199431
11648000	199445
11648500	199453
11649000	199462
11649500	199469
11650000	199480
11650500	199492
11651000	199502
11651500	199513
11652000	199521
11652500	199524
11653000	199537
11653500	199549
11654000	199554
11654500	199556
11655000	199568
11655500	199573
11656000	199586
11656500	199597
11657000	199608
11657500	199617
11658000	199624
11658500	199634
11659000	199643
11659500	199649
11660000	199661
11660500	199667
11661000	199671
11661500	199679
11662000	199685
11662500	199690
11663000	199694
11663500	199707
11664000	199716
11664500	199730
11665000	199738
11665500	199749
11666000	199752
11666500	199763
11667000	199768
11667500	199780
11668000	199787
11668500	199796
11669000	199805
11669500	199817
11670000	199825
11670500	199835
11671000	199841
11671500	199852
11672000	199862
11672500	199868
11673000	199878
11673500	199888
11674000	199897
11674500	199907
11675000	199919
11675500	199926
11676000	199936
11676500	199944
11677000	199953
11677500	199961
11678000	199970
11678500	199980
11679000	199986
11679500	199994
11680000	200001
11680500	200006
11681000	200017
11681500	200025
11682000	200031
11682500	200038
11683000	200045
11683500	200051
11684000	200061
11684500	200069
11685000	200084
11685500	200092
11686000	200103
11686500	200113
11687000	200120
11687500	200127
11688000	200141
11688500	200146
11689000	200154
11689500	200162
11690000	200169
11690500	200177
11691000	200184
11691500	200194
11692000	200200
11692500	200206
11693000	200213
11693500	200218
11694000	200224
11694500	200235
11695000	200246
11695500	200251
11696000	200256
11696500	200265
11697000	200279
11697500	200290
11698000	200304
11698500	200315
11699000	200323
11699500	200330
11700000	200339
11700500	200349
11701000	200361
11701500	200371
11702000	200376
11702500	200384
11703000	200396
11703500	200402
11704000	200418
11704500	200428
11705000	200437
11705500	200445
11706000	200459
11706500	200466
11707000	200474
11707500	200480
11708000	200485
11708500	200493
11709000	200499
11709500	200509
11710000	200518
11710500	200533
11711000	200541
11711500	200554
11712000	200558
11712500	200568
11713000	200573
11713500	200588
11714000	200595
11714500	200604
11715000	200610
11715500	200617
11716000	200626
11716500	200637
11717000	200644
11717500	200651
11718000	200661
11718500	200669
11719000	200674
11719500	200680
11720000	200684
11720500	200698
11721000	200704
11721500	200712
11722000	200720
11722500	200725
11723000	200728
11723500	200734
11724000	200743
11724500	200748
11725000	200756
11725500	200764
11726000	200771
11726500	200788
11727000	200799
11727500	200809
11728000	200823
11728500	200831
11729000	200843
11729500	200848
11730000	200854
11730500	200864
11731000	200870
11731500	200874
11732000	200883
11732500	200897
11733000	200904
11733500	200914
11734000	200921
11734500	200927
11735000	200932
11735500	200943
11736000	200951
11736500	200963
11737000	200973
11737500	200979
11738000	200990
11738500	200996
11739000	201002
11739500	201010
11740000	201019
11740500	201027
11741000	201037
11741500	201048
11742000	201060
11742500	201074
11743000	201083
11743500	201089
11744000	201096
11744500	201111
11745000	201117
11745500	201123
11746000	201127
11746500	201133
11747000	201146
11747500	201158
11748000	201168
11748500	201175
11749000	201181
11749500	201188
11750000	201190
11750500	201199
11751000	201209
11751500	201214
11752000	201227
11752500	201233
11753000	201242
11753500	201254
11754000	201260
11754500	201275
11755000	201288
11755500	201302
11756000	201308
11756500	201314
11757000	201324
11757500	201331
11758000	201334
11758500	201342
11759000	201351
11759500	201361
11760000	201367
11760500	201378
11761000	201385
11761500	201395
11762000	201403
11762500	201419
11763000	201430
11763500	201436
11764000	201438
11764500	201446
11765000	201451
11765500	201461
11766000	201475
11766500	201482
11767000	201496
11767500	201508
11768000	201516
11768500	201525
11769000	201536
11769500	201547
11770000	201555
11770500	201563
11771000	201577
11771500	201581
11772000	201586
11772500	201590
11773000	201594
11773500	201602
11774000	201611
11774500	201615
11775000	201622
11775500	201630
11776000	201641
11776500	201651
11777000	201660
11777500	201671
11778000	201675
11778500	201685
11779000	201692
11779500	201700
11780000	201707
11780500	201721
11781000	201726
11781500	201732
11782000	201743
11782500	201755
11783000	201764
11783500	201770
11784000	201775
11784500	201780
11785000	201787
11785500	201796
11786000	201807
11786500	201816
11787000	201825
11787500	201835
11788000	201844
11788500	201856
11789000	201863
11789500	201870
11790000	201879
11790500	201891
11791000	201899
11791500	201906
11792000	201911
11792500	201917
11793000	201924
11793500	201933
11794000	201943
11794500	201951
11795000	201960
11795500	201965
11796000	201973
11796500	201978
11797000	201987
11797500	201994
11798000	202005
11798500	202013
11799000	202022
11799500	202031
11800000	202033
11800500	202046
11801000	202059
11801500	202065
11802000	202078
11802500	202082
11803000	202093
11803500	202100
11804000	202107
11804500	202117
11805000	202125
11805500	202130
11806000	202141
11806500	202148
11807000	202158
11807500	202166
11808000	202177
11808500	202186
11809000	202193
11809500	202206
11810000	202213
11810500	202219
11811000	202227
11811500	202238
11812000	202248
11812500	202254
11813000	202260
11813500	202269
11814000	202283
11814500	202288
11815000	202294
11815500	202302
11816000	202310
11816500	202315
11817000	202324
11817500	202329
11818000	202335
11818500	202345
11819000	202360
11819500	202372
11820000	202381
11820500	202387
11821000	202391
11821500	202397
11822000	202409
11822500	202418
11823000	202430
11823500	202441
11824000	202448
11824500	202456
11825000	202462
11825500	202470
11826000	202474
11826500	202483
11827000	202490
11827500	202498
11828000	202507
11828500	202514
11829000	202522
11829500	202530
11830000	202536
11830500	202545
11831000	202554
11831500	202571
11832000	202579
11832500	202593
11833000	202604
11833500	202618
11834000	202622
11834500	202633
11835000	202639
11835500	202644
11836000	202656
11836500	202666
11837000	202676
11837500	202683
11838000	202695
11838500	202703
11839000	202711
11839500	202719
11840000	202726
11840500	202734
11841000	202743
11841500	202751
11842000	202761
11842500	202775
11843000	202783
11843500	202788
11844000	202795
11844500	202800
11845000	202814
11845500	202817
11846000	202824
11846500	202831
11847000	202848
11847500	202859
11848000	202862
11848500	202874
11849000	202882
11849500	202890
11850000	202902
11850500	202908
11851000	202917
11851500	202925
11852000	202938
11852500	202947
11853000	202956
11853500	202964
11854000	202972
11854500	202982
11855000	202985
11855500	202994
11856000	203007
11856500	203015
11857000	203022
11857500	203032
11858000	203046
11858500	203053
11859000	203060
11859500	203065
11860000	203072
11860500	203083
11861000	203091
11861500	203096
11862000	203109
11862500	203119
11863000	203126
11863500	203139
11864000	203149
11864500	203159
11865000	203172
11865500	203182
11866000	203191
11866500	203202
11867000	203212
11867500	203221
11868000	203233
11868500	203240
11869000	203245
11869500	203254
11870000	203262
11870500	203273
11871000	203282
11871500	203286
11872000	203293
11872500	203304
11873000	203314
11873500	203323
11874000	203329
11874500	203336
11875000	203344
11875500	203349
11876000	203355
11876500	203358
11877000	203369
11877500	203382
11878000	203389
11878500	203400
11879000	203409
11879500	203417
11880000	203428
11880500	203439
11881000	203448
11881500	203457
11882000	203461
11882500	203465
11883000	203475
11883500	203479
11884000	203484
11884500	203493
11885000	203504
11885500	203512
11886000	203522
11886500	203535
11887000	203549
11887500	203557
11888000	203568
11888500	203580
11889000	203588
11889500	203597
11890000	203604
11890500	203614
11891000	203620
11891500	203625
11892000	203633
11892500	203636
11893000	203642
11893500	203649
11894000	203659
11894500	203668
11895000	203679
11895500	203691
11896000	203700
11896500	203712
11897000	203722
11897500	203734
11898000	203740
11898500	203749
11899000	203763
11899500	203773
11900000	203782
11900500	203792
11901000	203803
11901500	203811
11902000	203820
11902500	203825
11903000	203834
11903500	203844
11904000	203848
11904500	203857
11905000	203865
11905500	203873
11906000	203878
11906500	203886
11907000	203895
11907500	203912
11908000	203921
11908500	203927
11909000	203930
11909500	203937
11910000	203939
11910500	203946
11911000	203957
11911500	203966
11912000	203979
11912500	203989
11913000	203997
11913500	204005
11914000	204011
11914500	204018
11915000	204025
11915500	204040
11916000	204054
11916500	204065
11917000	204070
11917500	204083
11918000	204092
11918500	204107
11919000	204111
11919500	204118
11920000	204126
11920500	204132
11921000	204144
11921500	204149
11922000	204157
11922500	204164
11923000	204174
11923500	204183
11924000	204190
11924500	204196
11925000	204201
11925500	204206
11926000	204214
11926500	204221
11927000	204233
11927500	204245
11928000	204254
11928500	204260
11929000	204267
11929500	204274
11930000	204284
11930500	204290
11931000	204303
11931500	204311
11932000	204319
11932500	204329
11933000	204341
11933500	204351
11934000	204359
11934500	204361
11935000	204374
11935500	204377
11936000	204386
11936500	204393
11937000	204403
11937500	204409
11938000	204419
11938500	204434
11939000	204443
11939500	204446
11940000	204455
11940500	204469
11941000	204480
11941500	204484
11942000	204490
11942500	204499
11943000	204507
11943500	204515
11944000	204525
11944500	204538
11945000	204545
11945500	204553
11946000	204558
11946500	204565
11947000	204577
11947500	204588
11948000	204593
11948500	204602
11949000	204610
11949500	204620
11950000	204623
11950500	204633
11951000	204640
11951500	204648
11952000	204657
11952500	204664
11953000	204672
11953500	204687
11954000	204697
11954500	204703
11955000	204714
11955500	204724
11956000	204733
11956500	204742
11957000	204747
11957500	204754
11958000	204758
11958500	204768
11959000	204778
11959500	204784
11960000	204796
11960500	204803
11961000	204810
11961500	204817
11962000	204824
11962500	204834
11963000	204844
11963500	204855
11964000	204867
11964500	204875
11965000	204883
11965500	204891
11966000	204901
11966500	204911
11967000	204920
11967500	204931
11968000	204936
11968500	204941
11969000	204950
11969500	204958
11970000	204964
11970500	204975
11971000	204988
11971500	205000
11972000	205008
11972500	205011
11973000	205020
11973500	205026
11974000	205033
11974500	205041
11975000	205049
11975500	205057
11976000	205065
11976500	205072
11977000	205082
11977500	205087
11978000	205096
11978500	205106
11979000	205114
11979500	205123
11980000	205140
11980500	205155
11981000	205158
11981500	205166
11982000	205175
11982500	205181
11983000	205186
11983500	205196
11984000	205211
11984500	205220
11985000	205230
11985500	205239
11986000	205252
11986500	205257
11987000	205265
11987500	205272
11988000	205281
11988500	205294
11989000	205301
11989500	205307
11990000	205314
11990500	205324
11991000	205330
11991500	205339
11992000	205349
11992500	205354
11993000	205361
11993500	205371
11994000	205385
11994500	205393
11995000	205399
11995500	205409
11996000	205419
11996500	205426
11997000	205434
11997500	205441
11998000	205447
11998500	205463
11999000	205468
11999500	205475
12000000	205480
12000500	205487
12001000	205502
12001500	205511
12002000	205517
12002500	205526
12003000	205534
12003500	205546
12004000	205558
12004500	205563
12005000	205575
12005500	205583
12006000	205593
12006500	205601
12007000	205609
12007500	205619
12008000	205625
12008500	205633
12009000	205644
12009500	205652
12010000	205659
12010500	205664
12011000	205668
12011500	205675
12012000	205683
12012500	205699
12013000	205706
12013500	205720
12014000	205733
12014500	205739
12015000	205744
12015500	205750
12016000	205753
12016500	205763
12017000	205769
12017500	205785
12018000	205794
12018500	205799
12019000	205812
12019500	205817
12020000	205822
12020500	205838
12021000	205847
12021500	205856
12022000	205867
12022500	205879
12023000	205884
12023500	205891
12024000	205901
12024500	205915
12025000	205925
12025500	205929
12026000	205934
12026500	205940
12027000	205945
12027500	205951
12028000	205960
12028500	205968
12029000	205977
12029500	205982
12030000	205989
12030500	205998
12031000	206006
12031500	206014
12032000	206025
12032500	206037
12033000	206043
12033500	206054
12034000	206060
12034500	206067
12035000	206075
12035500	206079
12036000	206088
12036500	206094
12037000	206100
12037500	206112
12038000	206122
12038500	206129
12039000	206141
12039500	206146
12040000	206156
12040500	206162
12041000	206174
12041500	206180
12042000	206187
12042500	206189
12043000	206202
12043500	206211
12044000	206221
12044500	206228
12045000	206235
12045500	206241
12046000	206254
12046500	206269
12047000	206278
12047500	206287
12048000	206291
12048500	206296
12049000	206306
12049500	206315
12050000	206325
12050500	206337
12051000	206344
12051500	206352
12052000	206362
12052500	206369
12053000	206379
12053500	206386
12054000	206393
12054500	206406
12055000	206417
12055500	206421
12056000	206428
12056500	206437
12057000	206446
12057500	206454
12058000	206461
12058500	206467
12059000	206473
12059500	206480
12060000	206492
12060500	206502
12061000	206504
12061500	206511
12062000	206520
12062500	206531
12063000	206539
12063500	206553
12064000	206565
12064500	206573
12065000	206586
12065500	206589
12066000	206595
12066500	206609
12067000	206613
12067500	206617
12068000	206627
12068500	206635
12069000	206645
12069500	206654
12070000	206663
12070500	206672
12071000	206680
12071500	206686
12072000	206689
12072500	206706
12073000	206715
12073500	206720
12074000	206729
12074500	206737
12075000	206747
12075500	206762
12076000	206769
12076500	206779
12077000	206789
12077500	206804
12078000	206808
12078500	206820
12079000	206829
12079500	206834
12080000	206839
12080500	206845
12081000	206851
12081500	206860
12082000	206868
12082500	206881
12083000	206892
12083500	206898
12084000	206906
12084500	206915
12085000	206926
12085500	206935
12086000	206945
12086500	206953
12087000	206961
12087500	206970
12088000	206980
12088500	206984
12089000	206988
12089500	206995
12090000	207010
12090500	207023
12091000	207032
12091500	207040
12092000	207050
12092500	207057
12093000	207064
12093500	207075
12094000	207080
12094500	207088
12095000	207096
12095500	207106
12096000	207119
12096500	207132
12097000	207143
12097500	207148
12098000	207159
12098500	207168
12099000	207177
12099500	207179
12100000	207185
12100500	207194
12101000	207202
12101500	207213
12102000	207227
12102500	207231
12103000	207244
12103500	207253
12104000	207259
12104500	207274
12105000	207281
12105500	207291
12106000	207300
12106500	207307
12107000	207317
12107500	207326
12108000	207335
12108500	207341
12109000	207352
12109500	207358
12110000	207366
12110500	207377
12111000	207383
12111500	207388
12112000	207398
12112500	207405
12113000	207411
12113500	207417
12114000	207424
12114500	207430
12115000	207439
12115500	207451
12116000	207459
12116500	207465
12117000	207479
12117500	207487
12118000	207493
12118500	207503
12119000	207507
12119500	207513
12120000	207524
12120500	207531
12121000	207536
12121500	207544
12122000	207552
12122500	207567
12123000	207571
12123500	207581
12124000	207583
12124500	207593
12125000	207612
12125500	207621
12126000	207626
12126500	207635
12127000	207648
12127500	207663
12128000	207676
12128500	207684
12129000	207690
12129500	207701
12130000	207708
12130500	207721
12131000	207733
12131500	207738
12132000	207741
12132500	207747
12133000	207754
12133500	207764
12134000	207773
12134500	207783
12135000	207788
12135500	207799
12136000	207807
12136500	207813
12137000	207821
12137500	207831
12138000	207844
12138500	207855
12139000	207863
12139500	207872
12140000	207878
12140500	207884
12141000	207890
12141500	207898
12142000	207907
12142500	207915
12143000	207924
12143500	207937
12144000	207945
12144500	207957
12145000	207969
12145500	207981
12146000	207988
12146500	208000
12147000	208005
12147500	208012
12148000	208018
12148500	208028
12149000	208032
12149500	208041
12150000	208051
12150500	208063
12151000	208071
12151500	208078
12152000	208083
12152500	208091
12153000	208098
12153500	208108
12154000	208118
12154500	208128
12155000	208134
12155500	208144
12156000	208149
12156500	208158
12157000	208164
12157500	208176
12158000	208182
12158500	208194
12159000	208201
12159500	208204
12160000	208212
12160500	208221
12161000	208233
12161500	208249
12162000	208256
12162500	208262
12163000	208269
12163500	208275
12164000	208286
12164500	208295
12165000	208307
12165500	208313
12166000	208320
12166500	208329
12167000	208333
12167500	208342
12168000	208352
12168500	208364
12169000	208372
12169500	208381
12170000	208383
12170500	208390
12171000	208400
12171500	208405
12172000	208413
12172500	208418
12173000	208424
12173500	208429
12174000	208439
12174500	208449
12175000	208458
12175500	208464
12176000	208475
12176500	208478
12177000	208486
12177500	208498
12178000	208509
12178500	208519
12179000	208532
12179500	208537
12180000	208548
12180500	208563
12181000	208568
12181500	208574
12182000	208580
12182500	208587
12183000	208595
12183500	208604
12184000	208613
12184500	208622
12185000	208634
12185500	208639
12186000	208650
12186500	208658
12187000	208667
12187500	208675
12188000	208686
12188500	208700
12189000	208704
12189500	208708
12190000	208719
12190500	208724
12191000	208728
12191500	208739
12192000	208749
12192500	208757
12193000	208764
12193500	208769
12194000	208775
12194500	208784
12195000	208791
12195500	208800
12196000	208810
12196500	208818
12197000	208826
12197500	208833
12198000	208840
12198500	208846
12199000	208857
12199500	208868
12200000	208874
12200500	208883
12201000	208894
12201500	208899
12202000	208906
12202500	208910
12203000	208921
12203500	208928
12204000	208939
12204500	208953
12205000	208968
12205500	208976
12206000	208990
12206500	208995
12207000	209005
12207500	209011
12208000	209017
12208500	209020
12209000	209026
12209500	209033
12210000	209042
12210500	209050
12211000	209064
12211500	209075
12212000	209083
12212500	209088
12213000	209101
12213500	209106
12214000	209112
12214500	209122
12215000	209137
12215500	209144
12216000	209155
12216500	209163
12217000	209173
12217500	209179
12218000	209188
12218500	209191
12219000	209204
12219500	209214
12220000	209223
12220500	209232
12221000	209237
12221500	209243
12222000	209255
12222500	209262
12223000	209269
12223500	209279
12224000	209286
12224500	209299
12225000	209304
12225500	209310
12226000	209313
12226500	209321
12227000	209334
12227500	209344
12228000	209360
12228500	209368
12229000	209377
12229500	209384
12230000	209389
12230500	209395
12231000	209403
12231500	209410
12232000	209420
12232500	209433
12233000	209441
12233500	209449
12234000	209456
12234500	209463
12235000	209470
12235500	209483
12236000	209496
12236500	209505
12237000	209513
12237500	209519
12238000	209531
12238500	209545
12239000	209552
12239500	209565
12240000	209575
12240500	209584
12241000	209592
12241500	209597
12242000	209603
12242500	209612
12243000	209625
12243500	209634
12244000	209641
12244500	209655
12245000	209668
12245500	209674
12246000	209682
12246500	209691
12247000	209700
12247500	209705
12248000	209712
12248500	209721
12249000	209734
12249500	209742
12250000	209751
12250500	209757
12251000	209762
12251500	209768
12252000	209777
12252500	209786
12253000	209794
12253500	209804
12254000	209818
12254500	209822
12255000	209830
12255500	209838
12256000	209846
12256500	209855
12257000	209871
12257500	209880
12258000	209890
12258500	209898
12259000	209908
12259500	209912
12260000	209922
12260500	209937
12261000	209948
12261500	209955
12262000	209967
12262500	209978
12263000	209986
12263500	209987
12264000	209995
12264500	210002
12265000	210005
12265500	210016
12266000	210027
12266500	210035
12267000	210045
12267500	210051
12268000	210065
12268500	210074
12269000	210085
12269500	210094
12270000	210098
12270500	210108
12271000	210117
12271500	210124
12272000	210130
12272500	210137
12273000	210144
12273500	210153
12274000	210160
12274500	210168
12275000	210177
12275500	210182
12276000	210191
12276500	210199
12277000	210206
12277500	210216
12278000	210224
12278500	210232
12279000	210240
12279500	210250
12280000	210258
12280500	210267
12281000	210274
12281500	210281
12282000	210292
12282500	210301
12283000	210311
12283500	210319
12284000	210326
12284500	210333
12285000	210346
12285500	210358
12286000	210366
12286500	210372
12287000	210381
12287500	210384
12288000	210396
12288500	210406
12289000	210412
12289500	210415
12290000	210426
12290500	210432
12291000	210439
12291500	210448
12292000	210461
12292500	210470
12293000	210478
12293500	210485
12294000	210495
12294500	210505
12295000	210515
12295500	210519
12296000	210535
12296500	210544
12297000	210552
12297500	210567
12298000	210573
12298500	210583
12299000	210595
12299500	210601
12300000	210606
12300500	210607
12301000	210620
12301500	210623
12302000	210630
12302500	210639
12303000	210653
12303500	210661
12304000	210669
12304500	210681
12305000	210691
12305500	210700
12306000	210710
12306500	210717
12307000	210725
12307500	210731
12308000	210739
12308500	210747
12309000	210759
12309500	210767
12310000	210775
12310500	210781
12311000	210788
12311500	210793
12312000	210799
12312500	210811
12313000	210821
12313500	210828
12314000	210841
12314500	210849
12315000	210863
12315500	210870
12316000	210879
12316500	210885
12317000	210894
12317500	210903
12318000	210913
12318500	210920
12319000	210928
12319500	210938
12320000	210944
12320500	210947
12321000	210954
12321500	210964
12322000	210973
12322500	210983
12323000	210989
12323500	210994
12324000	211006
12324500	211014
12325000	211022
12325500	211032
12326000	211041
12326500	211052
12327000	211064
12327500	211076
12328000	211086
12328500	211096
12329000	211105
12329500	211112
12330000	211122
12330500	211131
12331000	211140
12331500	211148
12332000	211159
12332500	211167
12333000	211177
12333500	211182
12334000	211190
12334500	211194
12335000	211200
12335500	211213
12336000	211222
12336500	211228
12337000	211236
12337500	211246
12338000	211254
12338500	211263
12339000	211272
12339500	211281
12340000	211288
12340500	211299
12341000	211305
12341500	211310
12342000	211314
12342500	211324
12343000	211329
12343500	211339
12344000	211343
12344500	211352
12345000	211365
12345500	211371
12346000	211385
12346500	211389
12347000	211396
12347500	211406
12348000	211416
12348500	211421
12349000	211426
12349500	211434
12350000	211437
12350500	211448
12351000	211456
12351500	211463
12352000	211475
12352500	211480
12353000	211490
12353500	211501
12354000	211509
12354500	211516
12355000	211529
12355500	211541
12356000	211551
12356500	211557
12357000	211573
12357500	211578
12358000	211583
12358500	211596
12359000	211603
12359500	211610
12360000	211617
12360500	211626
12361000	211639
12361500	211648
12362000	211655
12362500	211662
12363000	211670
12363500	211676
12364000	211686
12364500	211695
12365000	211705
12365500	211711
12366000	211720
12366500	211727
12367000	211735
12367500	211739
12368000	211751
12368500	211755
12369000	211765
12369500	211779
12370000	211783
12370500	211801
12371000	211804
12371500	211816
12372000	211822
12372500	211833
12373000	211841
12373500	211848
12374000	211856
12374500	211866
12375000	211873
12375500	211884
12376000	211897
12376500	211904
12377000	211912
12377500	211919
12378000	211931
12378500	211942
12379000	211954
12379500	211964
12380000	211970
12380500	211983
12381000	211988
12381500	211998
12382000	212003
12382500	212010
12383000	212015
12383500	212023
12384000	212027
12384500	212034
12385000	212045
12385500	212057
12386000	212065
12386500	212071
12387000	212078
12387500	212089
12388000	212099
12388500	212108
12389000	212116
12389500	212120
12390000	212133
12390500	212143
12391000	212151
12391500	212163
12392000	212169
12392500	212181
12393000	212195
12393500	212205
12394000	212216
12394500	212230
12395000	212240
12395500	212252
12396000	212259
12396500	212268
12397000	212272
12397500	212275
12398000	212284
12398500	212292
12399000	212297
12399500	212305
12400000	212311
12400500	212315
12401000	212325
12401500	212333
12402000	212339
12402500	212352
12403000	212362
12403500	212371
12404000	212376
12404500	212386
12405000	212392
12405500	212398
12406000	212408
12406500	212412
12407000	212418
12407500	212424
12408000	212428
12408500	212438
12409000	212445
12409500	212454
12410000	212459
12410500	212466
12411000	212470
12411500	212480
12412000	212490
12412500	212503
12413000	212519
12413500	212533
12414000	212544
12414500	212552
12415000	212555
12415500	212574
12416000	212579
12416500	212588
12417000	212595
12417500	212604
12418000	212612
12418500	212620
12419000	212628
12419500	212633
12420000	212642
12420500	212653
12421000	212662
12421500	212668
12422000	212677
12422500	212687
12423000	212694
12423500	212699
12424000	212707
12424500	212711
12425000	212723
12425500	212730
12426000	212742
12426500	212753
12427000	212762
12427500	212770
12428000	212771
12428500	212780
12429000	212787
12429500	212799
12430000	212808
12430500	212817
12431000	212827
12431500	212842
12432000	212855
12432500	212866
12433000	212878
12433500	212887
12434000	212898
12434500	212909
12435000	212917
12435500	212921
12436000	212930
12436500	212940
12437000	212947
12437500	212955
12438000	212963
12438500	212969
12439000	212977
12439500	212988
12440000	213001
12440500	213006
12441000	213017
12441500	213022
12442000	213032
12442500	213038
12443000	213045
12443500	213054
12444000	213060
12444500	213065
12445000	213073
12445500	213082
12446000	213089
12446500	213097
12447000	213108
12447500	213116
12448000	213123
12448500	213128
12449000	213141
12449500	213146
12450000	213156
12450500	213168
12451000	213176
12451500	213183
12452000	213189
12452500	213198
12453000	213200
12453500	213211
12454000	213218
12454500	213229
12455000	213239
12455500	213251
12456000	213263
12456500	213269
12457000	213283
12457500	213288
12458000	213293
12458500	213305
12459000	213309
12459500	213313
12460000	213321
12460500	213331
12461000	213341
12461500	213352
12462000	213359
12462500	213362
12463000	213370
12463500	213379
12464000	213388
12464500	213404
12465000	213414
12465500	213426
12466000	213433
12466500	213437
12467000	213446
12467500	213460
12468000	213469
12468500	213477
12469000	213482
12469500	213491
12470000	213498
12470500	213504
12471000	213515
12471500	213524
12472000	213531
12472500	213536
12473000	213540
12473500	213549
12474000	213557
12474500	213566
12475000	213572
12475500	213583
12476000	213590
12476500	213601
12477000	213611
12477500	213613
12478000	213621
12478500	213631
12479000	213645
12479500	213655
12480000	213659
12480500	213663
12481000	213668
12481500	213677
12482000	213682
12482500	213693
12483000	213697
12483500	213705
12484000	213712
12484500	213719
12485000	213730
12485500	213737
12486000	213746
12486500	213752
12487000	213760
12487500	213771
12488000	213776
12488500	213788
12489000	213795
12489500	213808
12490000	213820
12490500	213830
12491000	213832
12491500	213840
12492000	213855
12492500	213864
12493000	213871
12493500	213880
12494000	213884
12494500	213892
12495000	213899
12495500	213908
12496000	213915
12496500	213922
12497000	213932
12497500	213946
12498000	213958
12498500	213976
12499000	213981
12499500	213988
12500000	213993
12500500	214002
12501000	214016
12501500	214029
12502000	214037
12502500	214049
12503000	214056
12503500	214063
12504000	214073
12504500	214086
12505000	214098
12505500	214106
12506000	214115
12506500	214129
12507000	214135
12507500	214138
12508000	214145
12508500	214150
12509000	214158
12509500	214169
12510000	214174
12510500	214184
12511000	214197
12511500	214206
12512000	214213
12512500	214223
12513000	214232
12513500	214240
12514000	214246
12514500	214252
12515000	214256
12515500	214265
12516000	214279
12516500	214289
12517000	214298
12517500	214304
12518000	214316
12518500	214322
12519000	214329
12519500	214343
12520000	214352
12520500	214361
12521000	214369
12521500	214382
12522000	214395
12522500	214403
12523000	214411
12523500	214416
12524000	214428
12524500	214442
12525000	214447
12525500	214456
12526000	214466
12526500	214473
12527000	214482
12527500	214494
12528000	214502
12528500	214509
12529000	214519
12529500	214532
12530000	214541
12530500	214556
12531000	214560
12531500	214564
12532000	214575
12532500	214583
12533000	214589
12533500	214593
12534000	214597
12534500	214607
12535000	214610
12535500	214618
12536000	214630
12536500	214638
12537000	214652
12537500	214659
12538000	214670
12538500	214682
12539000	214688
12539500	214699
12540000	214707
12540500	214715
12541000	214724
12541500	214737
12542000	214748
12542500	214762
12543000	214773
12543500	214780
12544000	214795
12544500	214803
12545000	214813
12545500	214824
12546000	214826
12546500	214837
12547000	214843
12547500	214854
12548000	214862
12548500	214871
12549000	214886
12549500	214895
12550000	214901
12550500	214908
12551000	214917
12551500	214926
12552000	214937
12552500	214954
12553000	214964
12553500	214972
12554000	214978
12554500	214985
12555000	214995
12555500	215000
12556000	215008
12556500	215020
12557000	215032
12557500	215041
12558000	215051
12558500	215065
12559000	215076
12559500	215086
12560000	215097
12560500	215102
12561000	215113
12561500	215118
12562000	215131
12562500	215144
12563000	215151
12563500	215158
12564000	215170
12564500	215181
12565000	215187
12565500	215191
12566000	215205
12566500	215213
12567000	215218
12567500	215227
12568000	215235
12568500	215240
12569000	215251
12569500	215260
12570000	215271
12570500	215276
12571000	215291
12571500	215298
12572000	215302
12572500	215311
12573000	215319
12573500	215332
12574000	215339
12574500	215347
12575000	215355
12575500	215363
12576000	215370
12576500	215376
12577000	215384
12577500	215390
12578000	215400
12578500	215414
12579000	215422
12579500	215430
12580000	215442
12580500	215454
12581000	215462
12581500	215471
12582000	215481
12582500	215490
12583000	215498
12583500	215502
12584000	215509
12584500	215516
12585000	215522
12585500	215529
12586000	215539
12586500	215547
12587000	215555
12587500	215561
12588000	215569
12588500	215577
12589000	215586
12589500	215595
12590000	215603
12590500	215611
12591000	215620
12591500	215632
12592000	215640
12592500	215648
12593000	215657
12593500	215665
12594000	215672
12594500	215682
12595000	215690
12595500	215701
12596000	215706
12596500	215710
12597000	215720
12597500	215729
12598000	215736
12598500	215743
12599000	215755
12599500	215766
12600000	215774
12600500	215783
12601000	215792
12601500	215796
12602000	215800
12602500	215810
12603000	215820
12603500	215826
12604000	215838
12604500	215849
12605000	215854
12605500	215865
12606000	215868
12606500	215875
12607000	215886
12607500	215889
12608000	215896
12608500	215901
12609000	215915
12609500	215924
12610000	215934
12610500	215942
12611000	215949
12611500	215964
12612000	215976
12612500	215984
12613000	215991
12613500	215999
12614000	216007
12614500	216015
12615000	216023
12615500	216026
12616000	216032
12616500	216039
12617000	216049
12617500	216059

