Contact	Latencies
500	NaN
1000	647.0000
1500	647.0000
2000	1627.5714
2500	1813.9091
3000	2116.2500
3500	2181.1176
4000	2329.8947
4500	2626.4545
5000	3099.7500
5500	3295.0000
6000	3698.4524
6500	3864.2889
7000	4061.8750
7500	4299.2778
8000	4506.7069
8500	4772.1045
9000	4981.9296
9500	5166.2405
10000	5398.1529
10500	5595.2747
11000	5870.3163
11500	6178.0943
12000	6239.0459
12500	6318.3750
13000	6439.3043
13500	6810.9672
14000	6960.5814
14500	7030.4167
15000	7236.8261
15500	7711.2365
16000	7727.2434
16500	7775.1026
17000	7867.4304
17500	8018.2182
18000	8208.1029
18500	8315.0710
19000	8474.2653
19500	8605.1872
20000	8729.4186
20500	8963.6250
21000	9122.7284
21500	9199.8843
22000	9266.0565
22500	9419.9771
23000	9401.8824
23500	9477.3180
24000	9550.4144
24500	9614.4053
25000	9744.3067
25500	9858.0932
26000	9941.6757
26500	9969.0236
27000	10002.4723
27500	10014.0314
28000	10089.0168
28500	10168.9178
29000	10234.3200
29500	10301.6982
30000	10340.1816
30500	10347.8086
31000	10378.7232
31500	10429.3439
32000	10467.2339
32500	10508.2005
33000	10526.5399
33500	10594.3705
34000	10598.6411
34500	10604.9013
35000	10700.0332
35500	10720.4370
36000	10750.7565
36500	10738.1834
37000	10760.1267
37500	10744.2274
38000	10779.3624
38500	10854.9647
39000	10877.6504
39500	10891.8312
40000	10891.7487
40500	10922.9827
41000	11002.5076
41500	11022.9619
42000	11025.8522
42500	11013.6937
43000	11030.3554
43500	11032.5463
44000	11070.6583
44500	11084.9750
45000	11113.9985
45500	11118.0814
46000	11119.1034
46500	11128.8823
47000	11138.9379
47500	11157.9728
48000	11177.2232
48500	11184.6825
49000	11197.9028
49500	11199.0688
50000	11210.5548
50500	11236.6698
51000	11215.8947
51500	11224.3800
52000	11215.8557
52500	11214.5574
53000	11217.4068
53500	11230.8253
54000	11235.1659
54500	11266.7244
55000	11248.7253
55500	11260.2144
56000	11246.4684
56500	11267.4635
57000	11265.3245
57500	11257.9089
58000	11265.2633
58500	11272.0629
59000	11274.0787
59500	11288.4818
60000	11291.2541
60500	11302.4584
61000	11294.6684
61500	11308.8718
62000	11313.1018
62500	11299.5992
63000	11300.5521
63500	11312.2610
64000	11314.5580
64500	11315.8859
65000	11320.6928
65500	11304.7191
66000	11303.7103
66500	11322.5888
67000	11336.4868
67500	11345.7766
68000	11361.0574
68500	11381.7659
69000	11398.5005
69500	11398.6390
70000	11418.7952
70500	11423.7413
71000	11432.4995
71500	11435.2380
72000	11448.1233
72500	11469.7991
73000	11482.8046
73500	11482.7153
74000	11500.1093
74500	11502.4759
75000	11513.8239
75500	11523.1719
76000	11523.3807
76500	11521.0893
77000	11528.3697
77500	11537.1759
78000	11544.0338
78500	11546.0864
79000	11551.9363
79500	11555.9684
80000	11563.1955
80500	11572.3213
81000	11566.2498
81500	11573.3638
82000	11576.6002
82500	11571.1287
83000	11575.7047
83500	11600.4897
84000	11601.8606
84500	11612.1274
85000	11621.6370
85500	11634.2836
86000	11647.5847
86500	11644.7617
87000	11642.8832
87500	11641.3569
88000	11651.7034
88500	11670.0896
89000	11652.0176
89500	11656.5602
90000	11657.6303
90500	11650.5219
91000	11651.9855
91500	11667.3774
92000	11671.5422
92500	11679.9114
93000	11689.3723
93500	11678.0794
94000	11694.5043
94500	11687.0847
95000	11684.8822
95500	11686.6891
96000	11693.4629
96500	11698.6662
97000	11700.2523
97500	11704.3559
98000	11705.2594
98500	11715.4084
99000	11709.0973
99500	11690.0924
100000	11697.9600
100500	11691.4250
101000	11694.9480
101500	11690.0981
102000	11701.1166
102500	11706.5939
103000	11713.7942
103500	11718.7570
104000	11725.2631
104500	11740.7404
105000	11741.3829
105500	11729.6655
106000	11727.5428
106500	11731.5332
107000	11726.9953
107500	11737.4167
108000	11743.0492
108500	11734.2145
109000	11742.6582
109500	11740.7603
110000	11750.0011
110500	11757.3863
111000	11759.1224
111500	11760.4728
112000	11760.0581
112500	11769.4341
113000	11781.9861
113500	11788.4578
114000	11792.5941
114500	11796.0049
115000	11793.5022
115500	11766.6409
116000	11765.0883
116500	11767.1766
117000	11767.6251
117500	11766.6966
118000	11758.4603
118500	11757.2110
119000	11765.1254
119500	11774.9707
120000	11779.2070
120500	11760.9887
121000	11761.2246
121500	11756.5681
122000	11742.3989
122500	11736.9475
123000	11741.2676
123500	11740.7188
124000	11747.5790
124500	11754.8504
125000	11760.7445
125500	11754.7701
126000	11757.5601
126500	11755.8120
127000	11755.5480
127500	11759.0088
128000	11766.9869
128500	11758.5618
129000	11757.4993
129500	11761.1226
130000	11765.3886
130500	11766.7594
131000	11766.8588
131500	11771.8410
132000	11773.6270
132500	11770.5096
133000	11768.4073
133500	11767.5514
134000	11784.3774
134500	11788.3706
135000	11788.7466
135500	11783.7075
136000	11792.0468
136500	11787.0976
137000	11790.1309
137500	11785.5309
138000	11792.7427
138500	11797.3905
139000	11799.9548
139500	11799.0562
140000	11806.7708
140500	11805.4980
141000	11813.5926
141500	11810.8618
142000	11808.5696
142500	11818.5716
143000	11812.1366
143500	11812.4248
144000	11815.0133
144500	11825.4880
145000	11828.7575
145500	11838.6015
146000	11840.6527
146500	11844.6039
147000	11845.2781
147500	11842.6043
148000	11839.2260
148500	11843.0203
149000	11846.7695
149500	11850.4296
150000	11855.1030
150500	11854.1984
151000	11857.3874
151500	11863.2029
152000	11868.3331
152500	11860.9632
153000	11855.3343
153500	11852.3576
154000	11849.9876
154500	11864.0514
155000	11860.9056
155500	11860.5298
156000	11861.2120
156500	11868.0043
157000	11871.1535
157500	11880.3395
158000	11883.1405
158500	11888.0633
159000	11892.5692
159500	11894.3758
160000	11898.2046
160500	11899.5124
161000	11899.8916
161500	11897.2838
162000	11900.5129
162500	11904.4685
163000	11906.9864
163500	11913.7053
164000	11917.5709
164500	11927.7018
165000	11929.5681
165500	11935.6700
166000	11935.1981
166500	11936.8981
167000	11941.8470
167500	11946.4711
168000	11946.0055
168500	11945.6539
169000	11948.4394
169500	11951.7657
170000	11952.2639
170500	11958.6529
171000	11962.8194
171500	11965.5353
172000	11974.5138
172500	11976.7986
173000	11978.7692
173500	11980.3666
174000	11973.2461
174500	11969.2952
175000	11967.8940
175500	11977.3432
176000	11977.3912
176500	11977.7103
177000	11977.9829
177500	11978.2358
178000	11983.7370
178500	11984.6000
179000	11989.2517
179500	11993.3868
180000	11989.0615
180500	11995.4799
181000	11997.2186
181500	11998.3349
182000	12001.0279
182500	11997.7645
183000	11999.0050
183500	11991.2695
184000	11989.9222
184500	11989.8528
185000	11987.3254
185500	11986.8668
186000	11984.0687
186500	11993.0615
187000	11995.4793
187500	11992.7177
188000	11991.9207
188500	11994.1993
189000	11995.0837
189500	11991.2172
190000	11993.5481
190500	11994.3956
191000	11997.7804
191500	11999.9384
192000	11998.0182
192500	12002.1864
193000	11999.1813
193500	12000.4175
194000	12002.6344
194500	12004.2524
195000	12007.0359
195500	12006.3562
196000	12006.2308
196500	12017.9387
197000	12022.6810
197500	12026.7556
198000	12019.2578
198500	12022.4093
199000	12030.5446
199500	12032.1822
200000	12029.7064
200500	12020.6599
201000	12020.1425
201500	12020.5803
202000	12012.2117
202500	12018.4424
203000	12018.2496
203500	12022.5845
204000	12023.7825
204500	12024.8995
205000	12027.0085
205500	12036.1992
206000	12037.2865
206500	12036.9385
207000	12035.0310
207500	12038.8578
208000	12035.7651
208500	12038.4702
209000	12038.6055
209500	12034.5398
210000	12039.0879
210500	12038.2767
211000	12042.6373
211500	12044.7561
212000	12044.5855
212500	12048.6151
213000	12049.3387
213500	12047.1375
214000	12044.8572
214500	12051.1138
215000	12052.1807
215500	12052.0518
216000	12060.2816
216500	12056.6851
217000	12058.3419
217500	12058.4284
218000	12059.7257
218500	12057.1412
219000	12058.2452
219500	12057.0748
220000	12057.8343
220500	12059.2441
221000	12052.9703
221500	12058.0170
222000	12061.6977
222500	12063.7115
223000	12067.7559
223500	12066.4156
224000	12068.0279
224500	12070.2711
225000	12070.3728
225500	12069.3076
226000	12066.1121
226500	12069.2290
227000	12067.4867
227500	12066.0638
228000	12066.7386
228500	12064.8058
229000	12067.7802
229500	12073.3641
230000	12076.6455
230500	12076.7776
231000	12080.5178
231500	12077.6937
232000	12079.5903
232500	12080.2380
233000	12083.2781
233500	12083.3491
234000	12083.7322
234500	12084.8963
235000	12082.9296
235500	12081.5536
236000	12083.3600
236500	12090.9840
237000	12087.1966
237500	12093.0010
238000	12091.8584
238500	12093.2238
239000	12095.4172
239500	12088.8960
240000	12084.8738
240500	12088.7357
241000	12096.3126
241500	12099.5683
242000	12103.9462
242500	12104.2893
243000	12101.5828
243500	12102.2273
244000	12104.3299
244500	12103.7621
245000	12108.7639
245500	12111.4926
246000	12114.2115
246500	12113.6117
247000	12116.2564
247500	12119.1877
248000	12118.3158
248500	12118.0485
249000	12118.2494
249500	12116.2835
250000	12120.3722
250500	12119.6845
251000	12120.1545
251500	12118.9325
252000	12123.6255
252500	12128.2655
253000	12134.0432
253500	12136.5823
254000	12140.8606
254500	12140.4190
255000	12137.1864
255500	12135.2883
256000	12131.5527
256500	12130.2954
257000	12131.4434
257500	12129.4065
258000	12133.4608
258500	12132.6896
259000	12138.6991
259500	12142.3530
260000	12146.8462
260500	12150.3813
261000	12150.8006
261500	12153.1844
262000	12152.6151
262500	12154.5387
263000	12155.5698
263500	12157.3121
264000	12159.5307
264500	12164.2156
265000	12161.4426
265500	12164.1829
266000	12165.9124
266500	12170.3759
267000	12170.7174
267500	12171.5092
268000	12170.6322
268500	12172.9315
269000	12170.0756
269500	12166.8181
270000	12166.9594
270500	12167.1401
271000	12164.3442
271500	12158.7792
272000	12162.0153
272500	12156.2616
273000	12153.3544
273500	12154.7989
274000	12156.1880
274500	12151.0536
275000	12150.3102
275500	12148.5418
276000	12150.5440
276500	12147.9122
277000	12147.3851
277500	12146.2978
278000	12142.4718
278500	12139.6360
279000	12140.5793
279500	12140.9673
280000	12143.0443
280500	12138.1102
281000	12139.9144
281500	12137.9781
282000	12140.3912
282500	12139.9168
283000	12139.4263
283500	12138.9227
284000	12137.8448
284500	12139.6804
285000	12137.7605
285500	12139.1239
286000	12138.5297
286500	12136.5585
287000	12139.9471
287500	12141.9267
288000	12140.5826
288500	12136.4109
289000	12133.8884
289500	12136.5143
290000	12139.0619
290500	12138.4666
291000	12141.9523
291500	12145.0470
292000	12145.5220
292500	12147.5102
293000	12147.0834
293500	12148.7153
294000	12143.2496
294500	12142.1483
295000	12143.7877
295500	12143.4960
296000	12144.6575
296500	12145.5766
297000	12145.6248
297500	12148.1940
298000	12148.3949
298500	12147.6386
299000	12149.4952
299500	12148.7659
300000	12150.8685
300500	12150.8325
301000	12152.5271
301500	12146.6790
302000	12142.9559
302500	12142.5310
303000	12140.1601
303500	12140.2819
304000	12141.4017
304500	12146.3602
305000	12147.5399
305500	12148.4435
306000	12149.1277
306500	12152.7265
307000	12152.9464
307500	12155.5521
308000	12156.6363
308500	12158.5053
309000	12155.2555
309500	12155.1553
310000	12157.2463
310500	12158.5248
311000	12160.4367
311500	12156.8265
312000	12155.7275
312500	12158.3983
313000	12156.5306
313500	12158.4269
314000	12158.1011
314500	12162.9966
315000	12159.0728
315500	12159.4944
316000	12163.2354
316500	12162.3454
317000	12164.5646
317500	12163.6670
318000	12162.9234
318500	12164.5214
319000	12163.5271
319500	12164.9552
320000	12168.0950
320500	12169.0451
321000	12173.9855
321500	12174.5337
322000	12174.9002
322500	12173.6062
323000	12174.3965
323500	12175.9192
324000	12174.6524
324500	12171.0360
325000	12171.8312
325500	12173.1354
326000	12174.5951
326500	12174.7379
327000	12174.1197
327500	12175.0110
328000	12176.3376
328500	12176.8014
329000	12175.1461
329500	12174.1036
330000	12172.8246
330500	12174.3751
331000	12174.3908
331500	12172.5617
332000	12170.4563
332500	12172.7412
333000	12171.4314
333500	12168.5653
334000	12170.0002
334500	12169.3742
335000	12171.2818
335500	12172.1681
336000	12171.9726
336500	12169.2035
337000	12168.9607
337500	12171.5312
338000	12170.3200
338500	12171.8460
339000	12171.6906
339500	12174.2842
340000	12174.9060
340500	12178.6865
341000	12175.5383
341500	12173.9874
342000	12171.4967
342500	12169.2123
343000	12170.8119
343500	12171.4311
344000	12172.1200
344500	12173.5097
345000	12173.2461
345500	12172.7303
346000	12169.8262
346500	12171.1617
347000	12171.9132
347500	12170.0115
348000	12172.3922
348500	12171.8472
349000	12174.1850
349500	12172.9317
350000	12173.6974
350500	12172.2609
351000	12174.4175
351500	12173.3861
352000	12170.9977
352500	12172.3088
353000	12174.3560
353500	12173.0976
354000	12172.6241
354500	12175.8295
355000	12175.8858
355500	12176.9229
356000	12176.7198
356500	12176.7351
357000	12176.5819
357500	12176.0724
358000	12179.1678
358500	12176.2977
359000	12176.1078
359500	12176.1742
360000	12177.7264
360500	12176.5187
361000	12176.9193
361500	12172.4826
362000	12176.1264
362500	12174.4901
363000	12173.0855
363500	12175.6519
364000	12179.2576
364500	12180.8463
365000	12180.2122
365500	12179.8318
366000	12178.3065
366500	12178.6177
367000	12179.6177
367500	12180.3165
368000	12182.6600
368500	12182.7275
369000	12180.2639
369500	12180.2154
370000	12179.9706
370500	12178.5955
371000	12181.9926
371500	12181.1386
372000	12179.7471
372500	12177.7677
373000	12175.4562
373500	12174.5160
374000	12172.5748
374500	12174.2123
375000	12176.8692
375500	12176.5873
376000	12176.4548
376500	12180.1898
377000	12182.6857
377500	12185.4172
378000	12183.2886
378500	12181.3075
379000	12180.3151
379500	12177.5457
380000	12175.4593
380500	12171.3310
381000	12175.9862
381500	12172.9455
382000	12174.4822
382500	12172.4642
383000	12171.2732
383500	12172.9879
384000	12171.9618
384500	12172.7268
385000	12173.3547
385500	12173.6388
386000	12171.9302
386500	12172.7829
387000	12171.3683
387500	12170.5811
388000	12172.0904
388500	12173.7082
389000	12174.5610
389500	12174.9114
390000	12174.3018
390500	12175.1099
391000	12177.1565
391500	12176.8994
392000	12177.2290
392500	12177.1315
393000	12176.7751
393500	12180.0566
394000	12178.9109
394500	12181.3580
395000	12181.7354
395500	12181.6956
396000	12181.8431
396500	12180.4060
397000	12181.9296
397500	12180.9138
398000	12178.2148
398500	12176.4226
399000	12175.2390
399500	12174.8595
400000	12172.5298
400500	12172.2259
401000	12172.9431
401500	12172.6317
402000	12173.3674
402500	12172.8995
403000	12174.6581
403500	12174.0138
404000	12173.4092
404500	12174.5583
405000	12174.7763
405500	12176.0756
406000	12175.6595
406500	12173.7251
407000	12172.7676
407500	12174.2383
408000	12176.5900
408500	12174.8001
409000	12177.7471
409500	12178.6581
410000	12178.9339
410500	12179.5637
411000	12181.0569
411500	12181.9174
412000	12179.7526
412500	12180.1009
413000	12181.8448
413500	12181.9298
414000	12182.3953
414500	12184.5339
415000	12185.2676
415500	12184.9537
416000	12185.3602
416500	12181.8351
417000	12177.6066
417500	12174.3584
418000	12173.7577
418500	12173.6363
419000	12173.8022
419500	12173.0497
420000	12173.8517
420500	12176.2408
421000	12174.8437
421500	12177.3285
422000	12178.3370
422500	12178.0667
423000	12179.1699
423500	12179.1344
424000	12179.6160
424500	12178.1767
425000	12177.2169
425500	12176.2612
426000	12179.3994
426500	12178.0159
427000	12178.3839
427500	12179.0362
428000	12177.8686
428500	12179.2859
429000	12178.7436
429500	12178.2758
430000	12178.0191
430500	12174.4763
431000	12173.1086
431500	12173.9404
432000	12168.4684
432500	12169.8324
433000	12169.7670
433500	12170.2426
434000	12173.2765
434500	12173.9484
435000	12172.7214
435500	12175.0017
436000	12176.0655
436500	12174.9020
437000	12173.6736
437500	12175.5314
438000	12174.5781
438500	12175.4075
439000	12175.5378
439500	12175.2799
440000	12175.9628
440500	12177.5782
441000	12177.7249
441500	12178.2710
442000	12178.0723
442500	12174.9036
443000	12175.1139
443500	12175.4911
444000	12175.5179
444500	12175.5217
445000	12175.9701
445500	12174.8689
446000	12174.4620
446500	12175.4028
447000	12173.3581
447500	12174.5094
448000	12177.4713
448500	12177.6079
449000	12178.7657
449500	12177.7635
450000	12178.3296
450500	12178.0187
451000	12179.6732
451500	12181.6968
452000	12181.3487
452500	12183.8420
453000	12184.7424
453500	12187.7003
454000	12187.3914
454500	12187.0985
455000	12186.6559
455500	12187.7260
456000	12189.5038
456500	12188.1867
457000	12185.9103
457500	12185.3422
458000	12184.3043
458500	12182.9701
459000	12183.7378
459500	12183.6147
460000	12185.1526
460500	12186.1561
461000	12186.6989
461500	12186.9682
462000	12188.6900
462500	12190.2073
463000	12188.3293
463500	12188.9636
464000	12189.9146
464500	12188.5629
465000	12189.1313
465500	12187.0704
466000	12188.9181
466500	12190.9987
467000	12191.3893
467500	12190.6762
468000	12189.8959
468500	12191.9256
469000	12192.3830
469500	12190.8246
470000	12189.3168
470500	12189.0173
471000	12189.0060
471500	12189.2957
472000	12188.9086
472500	12188.8593
473000	12187.1050
473500	12186.9781
474000	12185.2969
474500	12186.0828
475000	12186.3932
475500	12186.4297
476000	12186.1401
476500	12185.6284
477000	12185.7136
477500	12186.4914
478000	12190.0160
478500	12188.4065
479000	12190.1230
479500	12191.0096
480000	12191.6185
480500	12191.9392
481000	12188.7991
481500	12189.6663
482000	12187.4463
482500	12186.8984
483000	12187.5892
483500	12189.7978
484000	12191.8270
484500	12193.0188
485000	12193.1408
485500	12194.0174
486000	12194.2151
486500	12193.6664
487000	12196.2615
487500	12196.5978
488000	12199.6815
488500	12200.9010
489000	12197.1928
489500	12199.8152
490000	12198.3286
490500	12200.2600
491000	12201.8566
491500	12202.9187
492000	12204.1761
492500	12204.7523
493000	12203.7495
493500	12203.5588
494000	12204.5566
494500	12205.8894
495000	12206.1021
495500	12206.3944
496000	12205.5453
496500	12204.9876
497000	12205.4572
497500	12205.0848
498000	12203.3147
498500	12203.2460
499000	12204.5520
499500	12205.0217
500000	12206.0074
500500	12207.5889
501000	12210.4798
501500	12210.5714
502000	12210.4064
502500	12209.5878
503000	12210.0435
503500	12210.8445
504000	12211.2304
504500	12210.8291
505000	12210.6480
505500	12210.2810
506000	12211.8763
506500	12213.3402
507000	12210.3505
507500	12209.4804
508000	12210.3530
508500	12208.8909
509000	12210.8642
509500	12209.8874
510000	12208.2059
510500	12207.0821
511000	12207.6245
511500	12208.4919
512000	12209.5287
512500	12209.8068
513000	12210.7723
513500	12211.4705
514000	12211.2113
514500	12210.3479
515000	12208.8542
515500	12206.2907
516000	12207.7436
516500	12207.8708
517000	12208.1590
517500	12208.1368
518000	12208.2346
518500	12207.5141
519000	12206.4855
519500	12203.0378
520000	12201.5424
520500	12202.2442
521000	12201.6685
521500	12201.3021
522000	12202.5223
522500	12201.1065
523000	12201.3693
523500	12202.3958
524000	12202.8196
524500	12201.9509
525000	12201.1486
525500	12201.4321
526000	12201.4552
526500	12201.7032
527000	12203.2941
527500	12202.1269
528000	12204.1625
528500	12204.0938
529000	12202.4457
529500	12202.5328
530000	12202.9436
530500	12201.1951
531000	12201.3750
531500	12202.2559
532000	12201.0792
532500	12203.0000
533000	12200.8815
533500	12201.1209
534000	12201.1882
534500	12202.7627
535000	12203.5138
535500	12202.8342
536000	12202.4203
536500	12203.6045
537000	12204.3752
537500	12203.4838
538000	12202.7874
538500	12203.5726
539000	12204.5126
539500	12202.7771
540000	12200.1913
540500	12202.1054
541000	12200.9498
541500	12201.0748
542000	12203.1696
542500	12203.5911
543000	12204.3067
543500	12204.8120
544000	12206.0524
544500	12206.8264
545000	12206.6864
545500	12204.7524
546000	12204.2083
546500	12204.8627
547000	12201.8999
547500	12202.1058
548000	12203.1415
548500	12204.2898
549000	12204.2986
549500	12205.2330
550000	12202.7648
550500	12203.4477
551000	12202.0304
551500	12201.9859
552000	12203.3408
552500	12203.4006
553000	12204.4359
553500	12205.5564
554000	12204.0453
554500	12204.0290
555000	12202.1042
555500	12200.4057
556000	12201.6971
556500	12201.5923
557000	12201.9552
557500	12201.5420
558000	12202.1257
558500	12201.9208
559000	12201.1008
559500	12201.7727
560000	12201.3392
560500	12200.7624
561000	12199.8903
561500	12198.5840
562000	12195.7644
562500	12196.9475
563000	12195.9471
563500	12197.5722
564000	12196.2695
564500	12192.6641
565000	12192.3109
565500	12193.9200
566000	12193.3889
566500	12192.6519
567000	12192.7408
567500	12194.4191
568000	12194.8015
568500	12194.8063
569000	12193.8364
569500	12194.4646
570000	12194.9959
570500	12194.7223
571000	12197.9164
571500	12199.1205
572000	12198.5574
572500	12199.1886
573000	12199.5890
573500	12198.2274
574000	12199.5019
574500	12199.2164
575000	12200.5854
575500	12200.9613
576000	12201.4989
576500	12200.5377
577000	12198.7861
577500	12197.7546
578000	12197.0800
578500	12198.8714
579000	12198.4167
579500	12198.2918
580000	12197.8095
580500	12197.3739
581000	12200.0298
581500	12200.5094
582000	12201.4142
582500	12201.8803
583000	12202.3686
583500	12203.1215
584000	12203.0925
584500	12203.5168
585000	12202.8690
585500	12202.5075
586000	12201.8450
586500	12202.6946
587000	12201.5251
587500	12200.5994
588000	12199.5127
588500	12201.5514
589000	12203.7639
589500	12202.5494
590000	12201.8591
590500	12202.3673
591000	12201.8699
591500	12201.3363
592000	12202.5306
592500	12201.4346
593000	12202.3777
593500	12204.0141
594000	12202.3243
594500	12202.8855
595000	12201.9537
595500	12200.7501
596000	12199.1824
596500	12198.8202
597000	12196.1153
597500	12197.6554
598000	12197.9834
598500	12197.7173
599000	12198.6931
599500	12199.6382
600000	12198.7385
600500	12200.4891
601000	12201.2658
601500	12201.7950
602000	12199.5655
602500	12198.8176
603000	12197.1415
603500	12197.3687
604000	12196.3088
604500	12193.7281
605000	12193.8119
605500	12193.1304
606000	12194.7367
606500	12195.5407
607000	12194.5608
607500	12194.9012
608000	12195.6305
608500	12196.1586
609000	12196.5454
609500	12197.3557
610000	12199.0287
610500	12199.2753
611000	12201.6989
611500	12199.7622
612000	12200.0389
612500	12200.9787
613000	12198.9729
613500	12199.1859
614000	12200.4454
614500	12200.6145
615000	12201.3533
615500	12201.6059
616000	12200.6447
616500	12199.5323
617000	12198.8150
617500	12198.8111
618000	12199.3711
618500	12200.2844
619000	12199.0299
619500	12199.0519
620000	12200.2853
620500	12198.2943
621000	12199.1233
621500	12198.6357
622000	12197.2428
622500	12197.2522
623000	12196.6021
623500	12195.2367
624000	12194.9115
624500	12193.1988
625000	12193.8093
625500	12192.1380
626000	12190.6412
626500	12191.9007
627000	12191.2295
627500	12193.0583
628000	12191.7067
628500	12193.3218
629000	12192.0590
629500	12190.2361
630000	12189.2376
630500	12190.6056
631000	12190.9034
631500	12190.0562
632000	12191.0421
632500	12191.5006
633000	12191.2660
633500	12191.8503
634000	12189.9659
634500	12191.6763
635000	12190.9484
635500	12189.3207
636000	12188.8124
636500	12189.6528
637000	12190.9321
637500	12192.1637
638000	12189.2980
638500	12191.1546
639000	12190.2604
639500	12190.5746
640000	12190.0841
640500	12189.2385
641000	12187.0095
641500	12187.4274
642000	12187.4104
642500	12187.0988
643000	12186.5971
643500	12186.1885
644000	12185.9119
644500	12187.8337
645000	12188.4078
645500	12188.3366
646000	12189.9022
646500	12192.7657
647000	12193.2685
647500	12194.3677
648000	12193.4226
648500	12191.4559
649000	12191.1237
649500	12193.2295
650000	12194.1112
650500	12194.8457
651000	12194.4355
651500	12194.6439
652000	12193.9168
652500	12192.6352
653000	12193.1911
653500	12192.3749
654000	12192.2174
654500	12193.4662
655000	12191.8405
655500	12192.4247
656000	12192.6358
656500	12191.3092
657000	12190.0088
657500	12191.3086
658000	12188.2767
658500	12189.9576
659000	12189.1861
659500	12188.5266
660000	12188.9625
660500	12189.2122
661000	12189.3002
661500	12188.3057
662000	12188.9258
662500	12187.5164
663000	12189.5274
663500	12188.8147
664000	12187.8007
664500	12187.5065
665000	12187.8028
665500	12188.8210
666000	12189.9305
666500	12190.8043
667000	12189.7138
667500	12189.5052
668000	12190.1625
668500	12190.6603
669000	12191.9319
669500	12191.5458
670000	12191.9343
670500	12192.2923
671000	12192.6612
671500	12191.4209
672000	12193.0565
672500	12192.7264
673000	12190.8687
673500	12190.0551
674000	12190.1416
674500	12190.3950
675000	12190.9173
675500	12191.4310
676000	12191.6829
676500	12192.8262
677000	12192.6468
677500	12193.6369
678000	12194.2633
678500	12194.4561
679000	12195.7269
679500	12196.2233
680000	12196.8518
680500	12197.5373
681000	12197.3806
681500	12196.8553
682000	12195.7793
682500	12195.9091
683000	12197.4687
683500	12198.5392
684000	12198.6950
684500	12198.6009
685000	12198.0253
685500	12198.9195
686000	12199.6292
686500	12199.5869
687000	12199.9726
687500	12198.8856
688000	12199.5512
688500	12200.7217
689000	12199.9980
689500	12200.3852
690000	12199.6259
690500	12200.5803
691000	12200.2040
691500	12200.2423
692000	12199.8883
692500	12200.5668
693000	12201.8398
693500	12201.8245
694000	12201.5359
694500	12202.1213
695000	12202.8898
695500	12203.6649
696000	12203.2121
696500	12202.6078
697000	12202.1803
697500	12202.9565
698000	12204.7020
698500	12203.6845
699000	12203.4881
699500	12203.7112
700000	12202.4925
700500	12202.5423
701000	12202.3452
701500	12203.0534
702000	12203.3903
702500	12203.7507
703000	12204.7395
703500	12204.0279
704000	12202.4006
704500	12202.3488
705000	12203.8380
705500	12203.0230
706000	12202.8503
706500	12203.0825
707000	12203.6524
707500	12204.0775
708000	12203.8484
708500	12204.3419
709000	12202.4739
709500	12203.8911
710000	12203.4280
710500	12203.8159
711000	12201.7370
711500	12200.3460
712000	12200.4008
712500	12201.1175
713000	12201.3769
713500	12201.4594
714000	12202.2761
714500	12205.2856
715000	12205.0937
715500	12205.2909
716000	12204.8057
716500	12206.0416
717000	12205.9028
717500	12205.6530
718000	12206.8677
718500	12205.8754
719000	12204.7883
719500	12206.4029
720000	12207.2201
720500	12207.1883
721000	12208.3595
721500	12207.4051
722000	12207.6851
722500	12207.9044
723000	12207.7881
723500	12206.4029
724000	12207.3497
724500	12206.5155
725000	12206.1722
725500	12207.0801
726000	12207.5478
726500	12208.4447
727000	12208.6410
727500	12208.0926
728000	12208.6633
728500	12207.4887
729000	12206.9750
729500	12208.1688
730000	12207.4271
730500	12208.5163
731000	12207.7805
731500	12207.9801
732000	12206.7627
732500	12206.4255
733000	12207.7449
733500	12208.1306
734000	12208.8980
734500	12210.2042
735000	12210.0837
735500	12210.1259
736000	12209.6876
736500	12209.3848
737000	12210.5321
737500	12210.5493
738000	12211.2076
738500	12212.1023
739000	12213.4090
739500	12213.9103
740000	12212.6540
740500	12213.3597
741000	12210.8015
741500	12212.1350
742000	12212.0572
742500	12211.9761
743000	12212.2973
743500	12212.9299
744000	12212.8419
744500	12212.7277
745000	12213.4789
745500	12213.0867
746000	12213.0242
746500	12213.3541
747000	12212.0270
747500	12212.6748
748000	12213.2026
748500	12213.6199
749000	12214.1510
749500	12216.3930
750000	12214.4250
750500	12215.4102
751000	12215.2969
751500	12215.7379
752000	12216.1673
752500	12215.2119
753000	12216.6201
753500	12215.7575
754000	12216.3970
754500	12216.0953
755000	12214.5131
755500	12215.1056
756000	12215.4002
756500	12216.3273
757000	12215.3644
757500	12215.7124
758000	12215.8312
758500	12216.0630
759000	12216.0602
759500	12216.3249
760000	12217.3582
760500	12218.0021
761000	12219.1358
761500	12218.2513
762000	12219.0137
762500	12218.6693
763000	12219.2241
763500	12219.3343
764000	12219.9020
764500	12220.2351
765000	12219.7843
765500	12220.3271
766000	12220.7082
766500	12220.2846
767000	12221.1784
767500	12219.9906
768000	12220.8080
768500	12218.4613
769000	12218.5808
769500	12217.6726
770000	12217.2218
770500	12217.6853
771000	12217.0827
771500	12217.5299
772000	12218.0441
772500	12217.1639
773000	12217.2608
773500	12218.6643
774000	12218.9157
774500	12218.3189
775000	12219.1133
775500	12219.3849
776000	12219.6490
776500	12218.6920
777000	12219.3293
777500	12219.7982
778000	12219.2428
778500	12218.4431
779000	12218.1605
779500	12216.6420
780000	12215.8880
780500	12217.1062
781000	12216.7759
781500	12218.3363
782000	12218.8172
782500	12219.0493
783000	12219.1663
783500	12219.9043
784000	12219.0999
784500	12218.2173
785000	12218.9856
785500	12218.4343
786000	12218.6302
786500	12218.3653
787000	12219.1092
787500	12218.9500
788000	12218.4980
788500	12217.9395
789000	12215.7805
789500	12216.2968
790000	12216.9044
790500	12217.1749
791000	12218.1107
791500	12218.8764
792000	12218.5224
792500	12218.8829
793000	12217.9856
793500	12217.7581
794000	12217.7232
794500	12218.5536
795000	12217.4645
795500	12217.6813
796000	12218.1871
796500	12218.3442
797000	12218.3036
797500	12217.7587
798000	12219.0721
798500	12219.5177
799000	12218.5945
799500	12218.3588
800000	12218.6408
800500	12218.7140
801000	12218.9840
801500	12218.0215
802000	12217.6395
802500	12219.0508
803000	12219.2659
803500	12219.4134
804000	12218.8764
804500	12219.2988
805000	12220.4684
805500	12221.0508
806000	12221.6541
806500	12223.1864
807000	12223.8230
807500	12222.9836
808000	12223.8592
808500	12224.7315
809000	12224.0806
809500	12224.3226
810000	12225.1342
810500	12226.1369
811000	12226.2660
811500	12224.5954
812000	12223.4912
812500	12223.6825
813000	12224.2616
813500	12223.3427
814000	12224.1755
814500	12224.1486
815000	12224.7630
815500	12224.2048
816000	12224.2721
816500	12223.6256
817000	12222.4200
817500	12222.2908
818000	12222.3313
818500	12222.7193
819000	12224.5548
819500	12225.3843
820000	12225.7498
820500	12225.5663
821000	12225.7973
821500	12225.2817
822000	12226.3506
822500	12226.4294
823000	12227.0124
823500	12226.5985
824000	12226.8356
824500	12227.0548
825000	12227.3132
825500	12228.7721
826000	12228.2089
826500	12229.4069
827000	12230.9471
827500	12231.2281
828000	12231.4160
828500	12229.0878
829000	12229.7826
829500	12229.1722
830000	12230.7090
830500	12231.0737
831000	12230.2952
831500	12230.8617
832000	12230.0542
832500	12230.3927
833000	12230.1212
833500	12229.9808
834000	12231.8635
834500	12232.1144
835000	12231.1949
835500	12230.1357
836000	12231.0853
836500	12230.0168
837000	12230.3103
837500	12230.7467
838000	12231.4481
838500	12231.4431
839000	12232.2635
839500	12231.7181
840000	12232.1421
840500	12231.3376
841000	12230.5105
841500	12230.5494
842000	12229.7230
842500	12229.8075
843000	12230.3735
843500	12231.1833
844000	12231.8228
844500	12231.6233
845000	12231.3860
845500	12232.6493
846000	12231.8616
846500	12233.1720
847000	12233.1413
847500	12233.1134
848000	12233.5973
848500	12232.3148
849000	12231.1933
849500	12230.2784
850000	12230.6005
850500	12230.8740
851000	12231.4034
851500	12232.2496
852000	12231.8497
852500	12231.9041
853000	12232.5489
853500	12233.2101
854000	12234.6108
854500	12233.9814
855000	12234.0651
855500	12232.9568
856000	12233.8938
856500	12233.0954
857000	12233.4577
857500	12234.3142
858000	12234.3601
858500	12233.9019
859000	12232.1389
859500	12231.9188
860000	12232.5432
860500	12232.4946
861000	12231.7632
861500	12233.0733
862000	12234.3498
862500	12234.0929
863000	12233.1400
863500	12232.2120
864000	12231.7410
864500	12230.1593
865000	12230.8474
865500	12229.3251
866000	12230.6311
866500	12230.8653
867000	12229.4289
867500	12229.3701
868000	12230.1307
868500	12230.2133
869000	12231.0852
869500	12231.0209
870000	12230.5575
870500	12230.7603
871000	12231.1865
871500	12230.8135
872000	12230.8499
872500	12232.1020
873000	12231.7288
873500	12230.8601
874000	12231.8249
874500	12232.1932
875000	12231.2903
875500	12231.9873
876000	12233.0140
876500	12232.3859
877000	12232.6901
877500	12231.8273
878000	12232.5820
878500	12233.2488
879000	12233.6897
879500	12233.1860
880000	12233.7493
880500	12234.7754
881000	12234.7174
881500	12235.2737
882000	12234.1500
882500	12234.6383
883000	12235.8701
883500	12236.5528
884000	12236.0257
884500	12235.3398
885000	12235.8076
885500	12236.8289
886000	12237.2834
886500	12237.3103
887000	12237.3347
887500	12236.8282
888000	12237.1875
888500	12237.0004
889000	12237.6465
889500	12236.8378
890000	12237.4851
890500	12237.5255
891000	12237.0786
891500	12237.7787
892000	12236.7510
892500	12236.5248
893000	12237.2384
893500	12237.9366
894000	12237.3926
894500	12237.0017
895000	12235.6480
895500	12236.6156
896000	12237.5307
896500	12237.5850
897000	12236.4716
897500	12236.8932
898000	12237.0801
898500	12238.5659
899000	12237.7652
899500	12238.2898
900000	12238.9329
900500	12238.6955
901000	12238.5890
901500	12239.1903
902000	12239.5341
902500	12241.2773
903000	12239.6672
903500	12238.8076
904000	12238.5472
904500	12238.9095
905000	12239.5220
905500	12239.3690
906000	12238.8897
906500	12239.3537
907000	12239.2101
907500	12238.9536
908000	12238.8179
908500	12239.7738
909000	12238.9272
909500	12239.7809
910000	12239.0033
910500	12238.5494
911000	12238.3230
911500	12239.4967
912000	12239.1032
912500	12238.8905
913000	12239.7179
913500	12239.6874
914000	12240.0153
914500	12239.0208
915000	12238.0016
915500	12237.8794
916000	12238.1609
916500	12237.9860
917000	12237.0621
917500	12237.1058
918000	12236.3071
918500	12235.6340
919000	12234.6134
919500	12234.4523
920000	12234.5228
920500	12234.9673
921000	12236.1664
921500	12235.0325
922000	12234.9402
922500	12235.6072
923000	12235.6869
923500	12235.2829
924000	12235.0927
924500	12234.5135
925000	12234.3797
925500	12234.3196
926000	12234.8154
926500	12234.6048
927000	12235.0997
927500	12235.3844
928000	12237.2076
928500	12236.7660
929000	12236.0723
929500	12235.3268
930000	12234.9132
930500	12236.8651
931000	12237.0935
931500	12238.1436
932000	12238.1316
932500	12238.5381
933000	12237.7570
933500	12237.2440
934000	12237.3335
934500	12236.6249
935000	12236.5372
935500	12236.7575
936000	12236.7844
936500	12236.0373
937000	12236.4481
937500	12235.8250
938000	12235.6896
938500	12235.5251
939000	12236.7585
939500	12235.8228
940000	12236.7449
940500	12236.8998
941000	12236.2545
941500	12235.3578
942000	12234.8903
942500	12234.3734
943000	12233.8020
943500	12233.1875
944000	12231.7016
944500	12230.8884
945000	12231.9383
945500	12232.6583
946000	12232.2584
946500	12232.7542
947000	12233.2292
947500	12233.1265
948000	12232.9813
948500	12232.3120
949000	12232.2165
949500	12232.5053
950000	12232.1763
950500	12232.4161
951000	12232.1854
951500	12232.0109
952000	12231.2203
952500	12231.2636
953000	12230.9941
953500	12229.8726
954000	12230.8292
954500	12231.2714
955000	12231.4521
955500	12231.2190
956000	12231.4822
956500	12231.0509
957000	12230.6483
957500	12230.6197
958000	12231.1960
958500	12230.0801
959000	12230.3659
959500	12230.6683
960000	12230.5139
960500	12230.3274
961000	12231.4755
961500	12231.8250
962000	12231.9372
962500	12232.3853
963000	12231.5572
963500	12232.2830
964000	12232.2514
964500	12232.3516
965000	12231.1380
965500	12230.0402
966000	12230.7116
966500	12231.6438
967000	12232.2834
967500	12232.3003
968000	12231.8262
968500	12231.8989
969000	12231.9558
969500	12230.4051
970000	12231.5204
970500	12230.9335
971000	12231.4912
971500	12231.2652
972000	12231.6018
972500	12232.3857
973000	12231.8630
973500	12231.6202
974000	12232.2115
974500	12231.9612
975000	12231.1549
975500	12231.6198
976000	12231.4303
976500	12231.9490
977000	12231.3284
977500	12232.2141
978000	12231.6563
978500	12231.3337
979000	12232.7906
979500	12233.0434
980000	12233.1953
980500	12233.3374
981000	12233.8607
981500	12235.0144
982000	12234.9085
982500	12234.5426
983000	12234.4091
983500	12234.0570
984000	12233.7092
984500	12233.8142
985000	12234.9315
985500	12234.8658
986000	12235.3629
986500	12235.4382
987000	12235.7480
987500	12236.8006
988000	12235.5291
988500	12235.6743
989000	12237.3741
989500	12237.0132
990000	12236.6385
990500	12236.3222
991000	12235.9574
991500	12235.8140
992000	12235.8897
992500	12235.2418
993000	12235.4925
993500	12235.9694
994000	12234.7551
994500	12234.3971
995000	12233.5261
995500	12234.1541
996000	12234.1226
996500	12234.7983
997000	12235.0544
997500	12235.8977
998000	12234.8124
998500	12235.1660
999000	12235.2621
999500	12235.5908
1000000	12236.6729
1000500	12236.4854
1001000	12235.1410
1001500	12235.6533
1002000	12235.2285
1002500	12234.9564
1003000	12234.4226
1003500	12233.6902
1004000	12233.4934
1004500	12233.2039
1005000	12233.4842
1005500	12233.4264
1006000	12233.0001
1006500	12233.7388
1007000	12233.4767
1007500	12232.2153
1008000	12231.3142
1008500	12233.5648
1009000	12233.3003
1009500	12233.1297
1010000	12234.1418
1010500	12234.4271
1011000	12233.2981
1011500	12231.9139
1012000	12232.4576
1012500	12233.3094
1013000	12233.6357
1013500	12233.1485
1014000	12233.4175
1014500	12233.4350
1015000	12233.2388
1015500	12233.1452
1016000	12232.4578
1016500	12232.0496
1017000	12232.8404
1017500	12233.5992
1018000	12233.6428
1018500	12234.1863
1019000	12233.9221
1019500	12232.8009
1020000	12233.1910
1020500	12231.1880
1021000	12231.6685
1021500	12231.2727
1022000	12231.4173
1022500	12230.3002
1023000	12230.4657
1023500	12230.8027
1024000	12231.3797
1024500	12231.6804
1025000	12231.9217
1025500	12232.8746
1026000	12232.6947
1026500	12232.1229
1027000	12232.0612
1027500	12231.7850
1028000	12231.5338
1028500	12231.0284
1029000	12230.7115
1029500	12229.9729
1030000	12229.8917
1030500	12230.0043
1031000	12229.8465
1031500	12230.0966
1032000	12230.1022
1032500	12230.1365
1033000	12230.5100
1033500	12231.4626
1034000	12230.3761
1034500	12231.1315
1035000	12231.6232
1035500	12232.8820
1036000	12233.3542
1036500	12232.7221
1037000	12232.8080
1037500	12233.1392
1038000	12232.7827
1038500	12233.7487
1039000	12233.5502
1039500	12232.8062
1040000	12233.0785
1040500	12232.7335
1041000	12232.0356
1041500	12230.9603
1042000	12230.4760
1042500	12230.3703
1043000	12230.1058
1043500	12230.6892
1044000	12231.1291
1044500	12231.4724
1045000	12232.4582
1045500	12232.1253
1046000	12232.1961
1046500	12232.9097
1047000	12232.9421
1047500	12233.3152
1048000	12232.5192
1048500	12232.5163
1049000	12233.3410
1049500	12232.9509
1050000	12232.8058
1050500	12233.1695
1051000	12232.9222
1051500	12232.3674
1052000	12233.1284
1052500	12233.2472
1053000	12231.4664
1053500	12232.4702
1054000	12232.8428
1054500	12233.0905
1055000	12232.8903
1055500	12233.7883
1056000	12233.8091
1056500	12233.8292
1057000	12233.6717
1057500	12233.0940
1058000	12233.1848
1058500	12231.6643
1059000	12230.6039
1059500	12231.1622
1060000	12230.6898
1060500	12230.6312
1061000	12230.6767
1061500	12230.7266
1062000	12231.0398
1062500	12231.2299
1063000	12233.3745
1063500	12234.1884
1064000	12233.7619
1064500	12233.1787
1065000	12233.6593
1065500	12234.0447
1066000	12234.8349
1066500	12235.4969
1067000	12235.3484
1067500	12236.2427
1068000	12237.0549
1068500	12237.3569
1069000	12237.1716
1069500	12237.0793
1070000	12236.8887
1070500	12235.9583
1071000	12236.0831
1071500	12235.1474
1072000	12234.8504
1072500	12235.1329
1073000	12235.1551
1073500	12235.1671
1074000	12235.2348
1074500	12235.5589
1075000	12235.5518
1075500	12235.8988
1076000	12235.5697
1076500	12236.0656
1077000	12236.5361
1077500	12237.4562
1078000	12237.9987
1078500	12238.6261
1079000	12238.1906
1079500	12238.0100
1080000	12237.9174
1080500	12238.8801
1081000	12238.4356
1081500	12239.4354
1082000	12239.9573
1082500	12239.5515
1083000	12239.8505
1083500	12240.5070
1084000	12241.1939
1084500	12240.9299
1085000	12241.4899
1085500	12241.2839
1086000	12241.5048
1086500	12242.2172
1087000	12242.5308
1087500	12242.5812
1088000	12242.6781
1088500	12242.7530
1089000	12242.3893
1089500	12242.6718
1090000	12242.6834
1090500	12243.4054
1091000	12242.8194
1091500	12243.1539
1092000	12244.5436
1092500	12244.4445
1093000	12245.4393
1093500	12245.2435
1094000	12245.3412
1094500	12244.1593
1095000	12244.6373
1095500	12244.6507
1096000	12244.0279
1096500	12244.7058
1097000	12245.0839
1097500	12245.1758
1098000	12244.5344
1098500	12245.1102
1099000	12244.3040
1099500	12245.3176
1100000	12245.4294
1100500	12244.7415
1101000	12244.4702
1101500	12244.1500
1102000	12242.8393
1102500	12241.9768
1103000	12240.9970
1103500	12241.2596
1104000	12241.5704
1104500	12241.9054
1105000	12241.5528
1105500	12241.9001
1106000	12242.4866
1106500	12242.7642
1107000	12243.3043
1107500	12243.0448
1108000	12241.7198
1108500	12240.2694
1109000	12241.1836
1109500	12240.7277
1110000	12241.0523
1110500	12241.7960
1111000	12241.5753
1111500	12241.5784
1112000	12241.2193
1112500	12241.3330
1113000	12241.4121
1113500	12241.6498
1114000	12241.1191
1114500	12241.4831
1115000	12241.0293
1115500	12241.7432
1116000	12241.4237
1116500	12241.9097
1117000	12241.7934
1117500	12241.6454
1118000	12242.5983
1118500	12242.9901
1119000	12243.6276
1119500	12244.4183
1120000	12244.7833
1120500	12243.6700
1121000	12243.8637
1121500	12243.4622
1122000	12243.6345
1122500	12244.5454
1123000	12244.2411
1123500	12244.5219
1124000	12245.0209
1124500	12245.6219
1125000	12245.9811
1125500	12246.0526
1126000	12246.2441
1126500	12246.7067
1127000	12247.2635
1127500	12247.1280
1128000	12247.2959
1128500	12247.6823
1129000	12247.5535
1129500	12248.7709
1130000	12249.1871
1130500	12249.0599
1131000	12249.1273
1131500	12248.6124
1132000	12248.5935
1132500	12248.9056
1133000	12247.7824
1133500	12247.8496
1134000	12247.6641
1134500	12247.9570
1135000	12248.5827
1135500	12248.9341
1136000	12249.2137
1136500	12249.6095
1137000	12250.3489
1137500	12251.0974
1138000	12250.9514
1138500	12250.2302
1139000	12250.1770
1139500	12250.7015
1140000	12250.8291
1140500	12250.9194
1141000	12250.4955
1141500	12250.1842
1142000	12249.2907
1142500	12249.4548
1143000	12249.0494
1143500	12249.1975
1144000	12249.9142
1144500	12249.6373
1145000	12248.9124
1145500	12248.6854
1146000	12249.2557
1146500	12248.5090
1147000	12249.5772
1147500	12249.5375
1148000	12249.8975
1148500	12249.9424
1149000	12249.6605
1149500	12249.9835
1150000	12249.7573
1150500	12249.3396
1151000	12248.4026
1151500	12247.9654
1152000	12247.8059
1152500	12248.1296
1153000	12247.8639
1153500	12247.1745
1154000	12247.5188
1154500	12247.0846
1155000	12248.0167
1155500	12248.4000
1156000	12248.3549
1156500	12248.8348
1157000	12248.8255
1157500	12249.2666
1158000	12249.3545
1158500	12248.5918
1159000	12248.8937
1159500	12249.5134
1160000	12249.5161
1160500	12249.7189
1161000	12249.5218
1161500	12249.3388
1162000	12249.3818
1162500	12248.8386
1163000	12249.3446
1163500	12249.2385
1164000	12248.6016
1164500	12248.7301
1165000	12248.9984
1165500	12248.3277
1166000	12247.6472
1166500	12248.0043
1167000	12248.0364
1167500	12248.4250
1168000	12249.4790
1168500	12250.2156
1169000	12250.6046
1169500	12250.8118
1170000	12251.6009
1170500	12250.7875
1171000	12250.9118
1171500	12250.7401
1172000	12250.9049
1172500	12251.3544
1173000	12251.9153
1173500	12251.6580
1174000	12252.1480
1174500	12251.2170
1175000	12250.5196
1175500	12250.6553
1176000	12250.7630
1176500	12250.6544
1177000	12250.9968
1177500	12251.1255
1178000	12251.7818
1178500	12251.6353
1179000	12250.8487
1179500	12252.1928
1180000	12251.4581
1180500	12251.3652
1181000	12251.5554
1181500	12251.7825
1182000	12251.1195
1182500	12251.1698
1183000	12250.7572
1183500	12250.3881
1184000	12249.7623
1184500	12250.2338
1185000	12250.5951
1185500	12249.9230
1186000	12249.3204
1186500	12249.4098
1187000	12249.0025
1187500	12248.8224
1188000	12248.4133
1188500	12248.1740
1189000	12246.5256
1189500	12247.2308
1190000	12247.2662
1190500	12247.6221
1191000	12247.3268
1191500	12246.2890
1192000	12246.5521
1192500	12246.8819
1193000	12246.0259
1193500	12246.0353
1194000	12246.4652
1194500	12245.4123
1195000	12245.5362
1195500	12245.0421
1196000	12245.0759
1196500	12244.7478
1197000	12245.5103
1197500	12245.7982
1198000	12245.2124
1198500	12244.7131
1199000	12245.3085
1199500	12245.5231
1200000	12244.5622
1200500	12244.4140
1201000	12244.4507
1201500	12244.8351
1202000	12244.5155
1202500	12244.5874
1203000	12243.9818
1203500	12243.5431
1204000	12244.0451
1204500	12244.1811
1205000	12244.3803
1205500	12244.2309
1206000	12243.9483
1206500	12244.0241
1207000	12243.4451
1207500	12242.8092
1208000	12242.2902
1208500	12242.8077
1209000	12242.5906
1209500	12243.0619
1210000	12242.7775
1210500	12242.9943
1211000	12243.2388
1211500	12242.1315
1212000	12243.7513
1212500	12243.8220
1213000	12243.7108
1213500	12244.2572
1214000	12243.8986
1214500	12242.7083
1215000	12242.5851
1215500	12242.9474
1216000	12243.3451
1216500	12244.2411
1217000	12242.5439
1217500	12242.6139
1218000	12242.9914
1218500	12241.8767
1219000	12241.2804
1219500	12241.2953
1220000	12241.4832
1220500	12240.8703
1221000	12241.4257
1221500	12241.0758
1222000	12240.7750
1222500	12240.7669
1223000	12240.0917
1223500	12239.9721
1224000	12239.7081
1224500	12239.2600
1225000	12239.7757
1225500	12240.6867
1226000	12240.4574
1226500	12240.6013
1227000	12240.8491
1227500	12240.6600
1228000	12240.6265
1228500	12241.6043
1229000	12243.0605
1229500	12243.7343
1230000	12242.4804
1230500	12242.9508
1231000	12242.4960
1231500	12241.9164
1232000	12241.3089
1232500	12241.1565
1233000	12241.1285
1233500	12240.9697
1234000	12240.8096
1234500	12241.0082
1235000	12241.4527
1235500	12240.5401
1236000	12240.3868
1236500	12240.2696
1237000	12239.8174
1237500	12240.3096
1238000	12241.0093
1238500	12241.0641
1239000	12240.8332
1239500	12240.8679
1240000	12239.8955
1240500	12239.9907
1241000	12240.2029
1241500	12239.3131
1242000	12239.0058
1242500	12238.8136
1243000	12239.3951
1243500	12239.4576
1244000	12239.1235
1244500	12239.9601
1245000	12239.6181
1245500	12240.0799
1246000	12240.4583
1246500	12240.7158
1247000	12240.8972
1247500	12240.9130
1248000	12240.5566
1248500	12239.9776
1249000	12240.4054
1249500	12241.1103
1250000	12241.5527
1250500	12241.8162
1251000	12242.6441
1251500	12242.7102
1252000	12242.4591
1252500	12242.1400
1253000	12242.6519
1253500	12242.8917
1254000	12242.9137
1254500	12242.3747
1255000	12242.5750
1255500	12243.3215
1256000	12243.6932
1256500	12243.6208
1257000	12243.8262
1257500	12244.0328
1258000	12244.2790
1258500	12243.8656
1259000	12243.1682
1259500	12243.3133
1260000	12243.7191
1260500	12243.2778
1261000	12243.9147
1261500	12243.9114
1262000	12243.5863
1262500	12244.0604
1263000	12243.7109
1263500	12243.6696
1264000	12243.9520
1264500	12243.2344
1265000	12242.9572
1265500	12243.8999
1266000	12243.9392
1266500	12243.6162
1267000	12243.4973
1267500	12242.6962
1268000	12243.2823
1268500	12242.5441
1269000	12243.0027
1269500	12242.7676
1270000	12242.8189
1270500	12242.9056
1271000	12243.1295
1271500	12242.9285
1272000	12242.7392
1272500	12243.3783
1273000	12243.7745
1273500	12244.0621
1274000	12244.5305
1274500	12244.4552
1275000	12245.0497
1275500	12244.8050
1276000	12244.8627
1276500	12245.0195
1277000	12243.8196
1277500	12243.5832
1278000	12243.5688
1278500	12243.6120
1279000	12243.2056
1279500	12243.3328
1280000	12243.3288
1280500	12244.1188
1281000	12244.0846
1281500	12244.5208
1282000	12245.3733
1282500	12245.5820
1283000	12245.5932
1283500	12245.6737
1284000	12245.1881
1284500	12244.6956
1285000	12243.9877
1285500	12244.1818
1286000	12244.0989
1286500	12244.8860
1287000	12244.8883
1287500	12244.3804
1288000	12244.5484
1288500	12243.8440
1289000	12244.0120
1289500	12243.9148
1290000	12243.9285
1290500	12243.4775
1291000	12243.7918
1291500	12243.1291
1292000	12243.9361
1292500	12243.0289
1293000	12242.8453
1293500	12243.5088
1294000	12244.0545
1294500	12244.8138
1295000	12245.1899
1295500	12244.3760
1296000	12244.2842
1296500	12244.2323
1297000	12242.5675
1297500	12242.7183
1298000	12242.2950
1298500	12240.9500
1299000	12241.1153
1299500	12242.6702
1300000	12242.7528
1300500	12243.5510
1301000	12242.8846
1301500	12243.0735
1302000	12242.5563
1302500	12242.7840
1303000	12243.1984
1303500	12243.5317
1304000	12244.2477
1304500	12244.5707
1305000	12244.5720
1305500	12243.5892
1306000	12244.0423
1306500	12244.4024
1307000	12244.2135
1307500	12244.3572
1308000	12245.2319
1308500	12245.1659
1309000	12244.3266
1309500	12244.9135
1310000	12244.0641
1310500	12244.5842
1311000	12244.9677
1311500	12244.7653
1312000	12243.4359
1312500	12243.3945
1313000	12243.5426
1313500	12244.1812
1314000	12244.5852
1314500	12244.1343
1315000	12243.5799
1315500	12242.9543
1316000	12242.8326
1316500	12242.6027
1317000	12242.3874
1317500	12242.7649
1318000	12243.5405
1318500	12243.7858
1319000	12242.6442
1319500	12243.1158
1320000	12243.1630
1320500	12243.2593
1321000	12244.2186
1321500	12244.1160
1322000	12243.7479
1322500	12242.6055
1323000	12243.0593
1323500	12242.7605
1324000	12242.0934
1324500	12242.1181
1325000	12241.9658
1325500	12242.7084
1326000	12242.9635
1326500	12242.9267
1327000	12242.2991
1327500	12242.1411
1328000	12242.9391
1328500	12242.5232
1329000	12242.9924
1329500	12241.7333
1330000	12242.0241
1330500	12242.8048
1331000	12242.7092
1331500	12243.1169
1332000	12243.5731
1332500	12244.4308
1333000	12244.5715
1333500	12243.5481
1334000	12243.8443
1334500	12243.1212
1335000	12243.9320
1335500	12244.4338
1336000	12244.1414
1336500	12244.8826
1337000	12243.8359
1337500	12243.3828
1338000	12244.4316
1338500	12244.0828
1339000	12243.8388
1339500	12243.9012
1340000	12243.5051
1340500	12243.3171
1341000	12243.5538
1341500	12243.4018
1342000	12243.4208
1342500	12244.2513
1343000	12243.8803
1343500	12243.2081
1344000	12243.3087
1344500	12243.1858
1345000	12243.4809
1345500	12243.2408
1346000	12242.8025
1346500	12243.0137
1347000	12243.1851
1347500	12242.4603
1348000	12242.5648
1348500	12242.4533
1349000	12242.0665
1349500	12242.5929
1350000	12242.3830
1350500	12242.9869
1351000	12242.1192
1351500	12242.2800
1352000	12242.0543
1352500	12241.9353
1353000	12241.8930
1353500	12242.2325
1354000	12241.6580
1354500	12241.4934
1355000	12242.1582
1355500	12242.5762
1356000	12242.9056
1356500	12242.8590
1357000	12243.4875
1357500	12243.2702
1358000	12243.5472
1358500	12243.4697
1359000	12243.1228
1359500	12242.9183
1360000	12242.9289
1360500	12242.8304
1361000	12242.8713
1361500	12242.9318
1362000	12243.0793
1362500	12242.9998
1363000	12243.8500
1363500	12243.9336
1364000	12244.6701
1364500	12245.0222
1365000	12245.4044
1365500	12245.6727
1366000	12246.3856
1366500	12246.3288
1367000	12245.7584
1367500	12246.6235
1368000	12245.5022
1368500	12245.4205
1369000	12245.5069
1369500	12245.4297
1370000	12245.8151
1370500	12246.4682
1371000	12246.5571
1371500	12247.3653
1372000	12247.3319
1372500	12247.7239
1373000	12246.9631
1373500	12247.5232
1374000	12247.8137
1374500	12248.0624
1375000	12248.1974
1375500	12248.8323
1376000	12248.7265
1376500	12249.3215
1377000	12248.7412
1377500	12249.0497
1378000	12248.8657
1378500	12248.3065
1379000	12248.0388
1379500	12248.5077
1380000	12248.2438
1380500	12249.0248
1381000	12249.4481
1381500	12249.3299
1382000	12248.0564
1382500	12248.5841
1383000	12248.5011
1383500	12248.9383
1384000	12248.6616
1384500	12248.9600
1385000	12249.7348
1385500	12249.5934
1386000	12250.0246
1386500	12249.7803
1387000	12249.4652
1387500	12249.9862
1388000	12249.7836
1388500	12250.0709
1389000	12249.5681
1389500	12250.0113
1390000	12250.7964
1390500	12250.8040
1391000	12250.6375
1391500	12250.6933
1392000	12251.2689
1392500	12250.6989
1393000	12250.8307
1393500	12251.6197
1394000	12251.7084
1394500	12251.7906
1395000	12251.5680
1395500	12251.3641
1396000	12250.3946
1396500	12250.7056
1397000	12250.7447
1397500	12250.4480
1398000	12250.4044
1398500	12250.7569
1399000	12250.2301
1399500	12250.7777
1400000	12251.8025
1400500	12252.0162
1401000	12251.9507
1401500	12251.2109
1402000	12250.7776
1402500	12251.3377
1403000	12250.4163
1403500	12250.4977
1404000	12251.2950
1404500	12251.1390
1405000	12251.1476
1405500	12252.0259
1406000	12251.2574
1406500	12249.9242
1407000	12249.1374
1407500	12249.6353
1408000	12249.2297
1408500	12248.8396
1409000	12248.7587
1409500	12248.8080
1410000	12249.4446
1410500	12248.9841
1411000	12249.3615
1411500	12249.3833
1412000	12248.9041
1412500	12249.2098
1413000	12249.0002
1413500	12248.6223
1414000	12248.2517
1414500	12248.2563
1415000	12248.0217
1415500	12248.0629
1416000	12248.2479
1416500	12248.6575
1417000	12249.1425
1417500	12249.3514
1418000	12249.7221
1418500	12250.5406
1419000	12250.1072
1419500	12250.2210
1420000	12249.2037
1420500	12248.9825
1421000	12248.6355
1421500	12248.4723
1422000	12248.7938
1422500	12248.6991
1423000	12248.9427
1423500	12249.5747
1424000	12248.7681
1424500	12249.3934
1425000	12248.5876
1425500	12248.3223
1426000	12248.4347
1426500	12248.6364
1427000	12248.5659
1427500	12248.5784
1428000	12248.6763
1428500	12248.6909
1429000	12249.1432
1429500	12249.7128
1430000	12250.2390
1430500	12250.3346
1431000	12250.7000
1431500	12250.9332
1432000	12251.1782
1432500	12251.0373
1433000	12251.2102
1433500	12252.0665
1434000	12252.1424
1434500	12252.3827
1435000	12252.3686
1435500	12251.9042
1436000	12251.6700
1436500	12250.4620
1437000	12250.6535
1437500	12251.1885
1438000	12251.4483
1438500	12251.5154
1439000	12250.9714
1439500	12251.1265
1440000	12250.7928
1440500	12250.8310
1441000	12249.7481
1441500	12249.5215
1442000	12248.8286
1442500	12247.6250
1443000	12248.3404
1443500	12248.1889
1444000	12248.4385
1444500	12248.6520
1445000	12248.8847
1445500	12248.4452
1446000	12249.0021
1446500	12248.9486
1447000	12249.3529
1447500	12249.1139
1448000	12249.2407
1448500	12249.3316
1449000	12249.2597
1449500	12249.0148
1450000	12248.8436
1450500	12248.1685
1451000	12247.8362
1451500	12247.7515
1452000	12247.3037
1452500	12246.3985
1453000	12245.8627
1453500	12245.7551
1454000	12245.7941
1454500	12245.7361
1455000	12245.6236
1455500	12246.4985
1456000	12245.5505
1456500	12245.2029
1457000	12245.2828
1457500	12245.4614
1458000	12245.6586
1458500	12245.2935
1459000	12246.0509
1459500	12245.4887
1460000	12245.3130
1460500	12245.1047
1461000	12244.9829
1461500	12244.7041
1462000	12244.7160
1462500	12243.9675
1463000	12244.7154
1463500	12244.6663
1464000	12245.4407
1464500	12244.9767
1465000	12244.8375
1465500	12244.3424
1466000	12243.4801
1466500	12242.8611
1467000	12242.7249
1467500	12243.2760
1468000	12244.0066
1468500	12243.8046
1469000	12243.9638
1469500	12243.3702
1470000	12243.5056
1470500	12243.5702
1471000	12243.9764
1471500	12243.9399
1472000	12243.8886
1472500	12243.5815
1473000	12243.5726
1473500	12244.6470
1474000	12245.8090
1474500	12245.8343
1475000	12245.7902
1475500	12245.3505
1476000	12245.6604
1476500	12245.8392
1477000	12245.0051
1477500	12244.7602
1478000	12244.7671
1478500	12245.4987
1479000	12245.5241
1479500	12245.9775
1480000	12246.8807
1480500	12246.9870
1481000	12246.8632
1481500	12247.3325
1482000	12247.6618
1482500	12247.4433
1483000	12246.6312
1483500	12246.8982
1484000	12247.2437
1484500	12247.7249
1485000	12248.1903
1485500	12248.4168
1486000	12249.9702
1486500	12250.0541
1487000	12250.3881
1487500	12250.3715
1488000	12250.5763
1488500	12250.0117
1489000	12249.4846
1489500	12248.6117
1490000	12249.1963
1490500	12249.0665
1491000	12248.4509
1491500	12248.5900
1492000	12248.8916
1492500	12248.5037
1493000	12248.4429
1493500	12249.5084
1494000	12248.7979
1494500	12249.8014
1495000	12249.0946
1495500	12249.3120
1496000	12249.3110
1496500	12249.5445
1497000	12250.1552
1497500	12249.7425
1498000	12248.8580
1498500	12249.1543
1499000	12248.5653
1499500	12247.9596
1500000	12248.4348
1500500	12247.8369
1501000	12248.5725
1501500	12248.4208
1502000	12248.5984
1502500	12248.0377
1503000	12247.8373
1503500	12247.8493
1504000	12248.3540
1504500	12248.5314
1505000	12248.5296
1505500	12249.1327
1506000	12248.5591
1506500	12247.9292
1507000	12247.6995
1507500	12247.2804
1508000	12247.1080
1508500	12247.1020
1509000	12246.8591
1509500	12245.9097
1510000	12246.1807
1510500	12245.9008
1511000	12245.5590
1511500	12244.9774
1512000	12243.6673
1512500	12243.6477
1513000	12244.0789
1513500	12244.0912
1514000	12244.0701
1514500	12244.1723
1515000	12244.2250
1515500	12243.9474
1516000	12244.0102
1516500	12243.6421
1517000	12243.3189
1517500	12243.1759
1518000	12243.4039
1518500	12243.8122
1519000	12243.9399
1519500	12243.8641
1520000	12243.6304
1520500	12243.2718
1521000	12242.6841
1521500	12242.1574
1522000	12242.6372
1522500	12242.7434
1523000	12242.7912
1523500	12242.6422
1524000	12242.5993
1524500	12242.5916
1525000	12242.8143
1525500	12242.6622
1526000	12242.3219
1526500	12242.6532
1527000	12243.1498
1527500	12243.1254
1528000	12243.4124
1528500	12243.2862
1529000	12242.7791
1529500	12242.8246
1530000	12243.0785
1530500	12242.9035
1531000	12242.7593
1531500	12242.3567
1532000	12242.1438
1532500	12242.4514
1533000	12242.5911
1533500	12242.4576
1534000	12243.0777
1534500	12242.8154
1535000	12242.7065
1535500	12242.2653
1536000	12242.1328
1536500	12241.7194
1537000	12241.8514
1537500	12241.7485
1538000	12242.2178
1538500	12242.4965
1539000	12242.7780
1539500	12242.8735
1540000	12242.7055
1540500	12242.4989
1541000	12242.3155
1541500	12241.4631
1542000	12241.6609
1542500	12241.7272
1543000	12242.1735
1543500	12241.8884
1544000	12241.9046
1544500	12241.5142
1545000	12240.8064
1545500	12241.2254
1546000	12240.9772
1546500	12241.1043
1547000	12240.5880
1547500	12241.2805
1548000	12241.0170
1548500	12241.0793
1549000	12241.4313
1549500	12241.1488
1550000	12241.6501
1550500	12241.4621
1551000	12241.2748
1551500	12241.1682
1552000	12240.9475
1552500	12240.8469
1553000	12240.1978
1553500	12240.3661
1554000	12240.5838
1554500	12239.9644
1555000	12240.2242
1555500	12239.9385
1556000	12239.2251
1556500	12239.2690
1557000	12239.5563
1557500	12239.9735
1558000	12240.3717
1558500	12239.3076
1559000	12239.4643
1559500	12240.3271
1560000	12240.8635
1560500	12241.3360
1561000	12241.9731
1561500	12242.1514
1562000	12242.1415
1562500	12242.6277
1563000	12242.8237
1563500	12242.5455
1564000	12243.0857
1564500	12242.8641
1565000	12242.8588
1565500	12242.8211
1566000	12241.6967
1566500	12241.3894
1567000	12241.0033
1567500	12240.8825
1568000	12241.2820
1568500	12240.7121
1569000	12241.2786
1569500	12241.0430
1570000	12241.5908
1570500	12240.5593
1571000	12239.8118
1571500	12239.6134
1572000	12239.8285
1572500	12239.6426
1573000	12239.7655
1573500	12239.1414
1574000	12239.1195
1574500	12239.5062
1575000	12239.6092
1575500	12239.8126
1576000	12238.9604
1576500	12238.8960
1577000	12238.5547
1577500	12238.8206
1578000	12238.8919
1578500	12239.2875
1579000	12239.3202
1579500	12239.3475
1580000	12239.7886
1580500	12239.5060
1581000	12240.1213
1581500	12240.4786
1582000	12240.3613
1582500	12239.9065
1583000	12240.3653
1583500	12240.3459
1584000	12239.7848
1584500	12239.3943
1585000	12239.3107
1585500	12238.6123
1586000	12238.3626
1586500	12237.7817
1587000	12238.0595
1587500	12237.1661
1588000	12237.1681
1588500	12237.9850
1589000	12238.2845
1589500	12238.9730
1590000	12238.2279
1590500	12237.1379
1591000	12236.7577
1591500	12237.5987
1592000	12237.5663
1592500	12237.2267
1593000	12237.2216
1593500	12237.2316
1594000	12237.1522
1594500	12236.7513
1595000	12236.2444
1595500	12236.3255
1596000	12236.3502
1596500	12236.0502
1597000	12235.5942
1597500	12235.7302
1598000	12236.1015
1598500	12236.0830
1599000	12235.9423
1599500	12235.4758
1600000	12235.2200
1600500	12235.0933
1601000	12234.9033
1601500	12234.9735
1602000	12234.8620
1602500	12235.0878
1603000	12234.5827
1603500	12235.5109
1604000	12235.0754
1604500	12234.3469
1605000	12234.3045
1605500	12235.1708
1606000	12235.2290
1606500	12235.3286
1607000	12235.1380
1607500	12235.1702
1608000	12235.3037
1608500	12235.2235
1609000	12235.2468
1609500	12235.5615
1610000	12236.0173
1610500	12235.9556
1611000	12235.5613
1611500	12235.6088
1612000	12236.1046
1612500	12235.5194
1613000	12235.5947
1613500	12235.5618
1614000	12236.0231
1614500	12235.7565
1615000	12236.1336
1615500	12236.4461
1616000	12237.0748
1616500	12236.9565
1617000	12237.3841
1617500	12237.8231
1618000	12238.2791
1618500	12238.1658
1619000	12238.3932
1619500	12238.4047
1620000	12238.7914
1620500	12238.9849
1621000	12239.7079
1621500	12240.1291
1622000	12240.5215
1622500	12240.9735
1623000	12240.9520
1623500	12240.4122
1624000	12240.7436
1624500	12240.6862
1625000	12240.7275
1625500	12240.5001
1626000	12239.8247
1626500	12240.1497
1627000	12239.3420
1627500	12239.7267
1628000	12240.4007
1628500	12239.9902
1629000	12239.4910
1629500	12240.2239
1630000	12239.4137
1630500	12239.0933
1631000	12238.9729
1631500	12238.8810
1632000	12239.3909
1632500	12239.6246
1633000	12239.8324
1633500	12239.9525
1634000	12240.0397
1634500	12239.8784
1635000	12239.9748
1635500	12240.3531
1636000	12240.4014
1636500	12241.1983
1637000	12241.5767
1637500	12241.5517
1638000	12241.5851
1638500	12240.9092
1639000	12241.0623
1639500	12240.9731
1640000	12240.5872
1640500	12240.5433
1641000	12240.5370
1641500	12240.0941
1642000	12239.9700
1642500	12240.0182
1643000	12240.0569
1643500	12239.4680
1644000	12240.1992
1644500	12239.9309
1645000	12239.9451
1645500	12239.3218
1646000	12239.1154
1646500	12239.2592
1647000	12239.1144
1647500	12239.2508
1648000	12239.5312
1648500	12239.4812
1649000	12239.2293
1649500	12239.5025
1650000	12239.9130
1650500	12240.0283
1651000	12240.0255
1651500	12239.9638
1652000	12240.1199
1652500	12239.9972
1653000	12239.8094
1653500	12239.5745
1654000	12239.4770
1654500	12239.2243
1655000	12239.3158
1655500	12238.7051
1656000	12238.3876
1656500	12238.5761
1657000	12238.4309
1657500	12238.9183
1658000	12239.5739
1658500	12239.0315
1659000	12239.7226
1659500	12239.3827
1660000	12239.3424
1660500	12238.9858
1661000	12238.5047
1661500	12238.0233
1662000	12237.9084
1662500	12238.2007
1663000	12237.0805
1663500	12237.2805
1664000	12237.5588
1664500	12237.6550
1665000	12237.1005
1665500	12237.2732
1666000	12237.1046
1666500	12236.6617
1667000	12236.4052
1667500	12236.4056
1668000	12236.1499
1668500	12236.4751
1669000	12236.4939
1669500	12236.4583
1670000	12236.6765
1670500	12236.3323
1671000	12236.2312
1671500	12236.2298
1672000	12235.6888
1672500	12235.2271
1673000	12235.0059
1673500	12235.2657
1674000	12234.9811
1674500	12234.8710
1675000	12234.7737
1675500	12234.7547
1676000	12234.5684
1676500	12234.2205
1677000	12234.3669
1677500	12234.9231
1678000	12234.8986
1678500	12234.5607
1679000	12234.9748
1679500	12235.2179
1680000	12234.5703
1680500	12234.5427
1681000	12234.1828
1681500	12234.0670
1682000	12234.4519
1682500	12233.9951
1683000	12233.7242
1683500	12233.3031
1684000	12233.2329
1684500	12233.3851
1685000	12233.0330
1685500	12232.8834
1686000	12232.5144
1686500	12231.7468
1687000	12230.6193
1687500	12230.5655
1688000	12230.1715
1688500	12230.3947
1689000	12230.8226
1689500	12231.1004
1690000	12230.9289
1690500	12230.8549
1691000	12230.4006
1691500	12230.2289
1692000	12230.7070
1692500	12230.4202
1693000	12230.4660
1693500	12230.2943
1694000	12230.5141
1694500	12229.5781
1695000	12229.7086
1695500	12229.4581
1696000	12229.3458
1696500	12229.2550
1697000	12229.3171
1697500	12229.4406
1698000	12229.9643
1698500	12230.3892
1699000	12230.0668
1699500	12230.1674
1700000	12230.2979
1700500	12230.3523
1701000	12230.7492
1701500	12231.1043
1702000	12231.3466
1702500	12231.5717
1703000	12231.2439
1703500	12231.3498
1704000	12231.1441
1704500	12231.0354
1705000	12231.1445
1705500	12230.9043
1706000	12231.5019
1706500	12231.6294
1707000	12231.5673
1707500	12231.3461
1708000	12231.3990
1708500	12231.9258
1709000	12232.0321
1709500	12231.3587
1710000	12231.2799
1710500	12232.0307
1711000	12232.1272
1711500	12231.8824
1712000	12231.6376
1712500	12231.4433
1713000	12232.1666
1713500	12232.0881
1714000	12232.9319
1714500	12232.7554
1715000	12232.0034
1715500	12230.6747
1716000	12231.2727
1716500	12230.7549
1717000	12230.3524
1717500	12230.1458
1718000	12229.9159
1718500	12229.9133
1719000	12229.7454
1719500	12229.3710
1720000	12229.8613
1720500	12229.7694
1721000	12228.9451
1721500	12228.0836
1722000	12228.1656
1722500	12227.7355
1723000	12227.8588
1723500	12227.4291
1724000	12227.7189
1724500	12227.9578
1725000	12227.8711
1725500	12228.0210
1726000	12228.0110
1726500	12228.5043
1727000	12228.9036
1727500	12228.8256
1728000	12229.5743
1728500	12229.1909
1729000	12228.7070
1729500	12228.7527
1730000	12229.7820
1730500	12229.5258
1731000	12229.7713
1731500	12230.1051
1732000	12229.6756
1732500	12229.9234
1733000	12229.6910
1733500	12229.9230
1734000	12229.7978
1734500	12229.5747
1735000	12228.9913
1735500	12229.4591
1736000	12228.7939
1736500	12228.7657
1737000	12228.9034
1737500	12228.7278
1738000	12229.0470
1738500	12229.2205
1739000	12228.1540
1739500	12227.9739
1740000	12228.0734
1740500	12227.4348
1741000	12227.4648
1741500	12227.2501
1742000	12227.2615
1742500	12227.0536
1743000	12226.7289
1743500	12226.4963
1744000	12226.8309
1744500	12226.6819
1745000	12226.4978
1745500	12226.9194
1746000	12227.1665
1746500	12227.3545
1747000	12227.6738
1747500	12227.7518
1748000	12227.8588
1748500	12227.8669
1749000	12227.4039
1749500	12227.5799
1750000	12227.8067
1750500	12227.7551
1751000	12228.7511
1751500	12228.9723
1752000	12229.4640
1752500	12229.4518
1753000	12229.2146
1753500	12229.6168
1754000	12229.7237
1754500	12229.4656
1755000	12229.3766
1755500	12229.3908
1756000	12229.7120
1756500	12229.6256
1757000	12229.7368
1757500	12230.2182
1758000	12229.8242
1758500	12229.9678
1759000	12230.0082
1759500	12230.2402
1760000	12230.2157
1760500	12230.3951
1761000	12229.9846
1761500	12229.7582
1762000	12229.9653
1762500	12230.1606
1763000	12230.0693
1763500	12229.4950
1764000	12229.2820
1764500	12228.5684
1765000	12228.7392
1765500	12228.7223
1766000	12229.1546
1766500	12229.3625
1767000	12229.2957
1767500	12229.4186
1768000	12229.4103
1768500	12228.6294
1769000	12228.7979
1769500	12229.0328
1770000	12229.1343
1770500	12229.5807
1771000	12229.2133
1771500	12229.0889
1772000	12229.1165
1772500	12229.3779
1773000	12229.5595
1773500	12229.7224
1774000	12230.0529
1774500	12230.2186
1775000	12229.9422
1775500	12229.3985
1776000	12229.5887
1776500	12229.7410
1777000	12230.1542
1777500	12230.2725
1778000	12229.9971
1778500	12229.9932
1779000	12230.3833
1779500	12230.2058
1780000	12230.8344
1780500	12231.0339
1781000	12231.2025
1781500	12231.6235
1782000	12231.6062
1782500	12232.2153
1783000	12232.2319
1783500	12232.1704
1784000	12231.8189
1784500	12231.9491
1785000	12231.7510
1785500	12231.2877
1786000	12231.3646
1786500	12232.1950
1787000	12232.6170
1787500	12233.0440
1788000	12233.3425
1788500	12233.4574
1789000	12233.0967
1789500	12233.1437
1790000	12233.3683
1790500	12233.2399
1791000	12233.1549
1791500	12231.9618
1792000	12231.6867
1792500	12231.5315
1793000	12231.7702
1793500	12231.7869
1794000	12231.6587
1794500	12231.9575
1795000	12231.1869
1795500	12231.3855
1796000	12230.7426
1796500	12230.4683
1797000	12230.2124
1797500	12230.5261
1798000	12230.2295
1798500	12230.1870
1799000	12229.4859
1799500	12229.3637
1800000	12229.3476
1800500	12229.0207
1801000	12229.6699
1801500	12229.8643
1802000	12230.2357
1802500	12230.3072
1803000	12230.6607
1803500	12231.0646
1804000	12231.3509
1804500	12230.4554
1805000	12229.6935
1805500	12230.1949
1806000	12230.2822
1806500	12230.8428
1807000	12230.4235
1807500	12229.9049
1808000	12229.3799
1808500	12229.6824
1809000	12230.0454
1809500	12230.0214
1810000	12229.6946
1810500	12229.1871
1811000	12228.8382
1811500	12229.6967
1812000	12230.1720
1812500	12230.1107
1813000	12230.4784
1813500	12230.6891
1814000	12230.3527
1814500	12230.1376
1815000	12229.9601
1815500	12229.3030
1816000	12228.6728
1816500	12229.0383
1817000	12229.0576
1817500	12229.1682
1818000	12228.9194
1818500	12228.8589
1819000	12228.8296
1819500	12228.6289
1820000	12228.5985
1820500	12228.6273
1821000	12228.7943
1821500	12228.7570
1822000	12228.5998
1822500	12228.8377
1823000	12228.8435
1823500	12228.7640
1824000	12228.8069
1824500	12228.9655
1825000	12229.5650
1825500	12228.9994
1826000	12229.1931
1826500	12229.4017
1827000	12229.3518
1827500	12229.2904
1828000	12229.0314
1828500	12229.3522
1829000	12229.5935
1829500	12229.6756
1830000	12229.4394
1830500	12229.4866
1831000	12228.8032
1831500	12229.1590
1832000	12229.0635
1832500	12228.5222
1833000	12228.8175
1833500	12228.2851
1834000	12227.5493
1834500	12227.1580
1835000	12227.2937
1835500	12227.1175
1836000	12226.7919
1836500	12226.2364
1837000	12226.0200
1837500	12225.6709
1838000	12225.5104
1838500	12225.8534
1839000	12226.2934
1839500	12225.9593
1840000	12225.7212
1840500	12225.9504
1841000	12226.2531
1841500	12225.3153
1842000	12225.3706
1842500	12225.3125
1843000	12225.0561
1843500	12224.0125
1844000	12223.4729
1844500	12222.6088
1845000	12223.2247
1845500	12222.7100
1846000	12222.5484
1846500	12223.2121
1847000	12223.4001
1847500	12223.7376
1848000	12224.0291
1848500	12223.8346
1849000	12223.6482
1849500	12223.6184
1850000	12223.9150
1850500	12223.9874
1851000	12223.5681
1851500	12223.8788
1852000	12224.3979
1852500	12223.5515
1853000	12222.9303
1853500	12223.1273
1854000	12222.1520
1854500	12222.2395
1855000	12222.6518
1855500	12222.5210
1856000	12222.2344
1856500	12222.2445
1857000	12221.6673
1857500	12221.6332
1858000	12221.5049
1858500	12221.7438
1859000	12221.8693
1859500	12221.9094
1860000	12221.8515
1860500	12221.8211
1861000	12222.3423
1861500	12222.0482
1862000	12222.7816
1862500	12223.3053
1863000	12223.2792
1863500	12222.9085
1864000	12222.7204
1864500	12222.3846
1865000	12222.8235
1865500	12222.6228
1866000	12222.7027
1866500	12222.6945
1867000	12223.1676
1867500	12223.4352
1868000	12222.9061
1868500	12222.8099
1869000	12223.1439
1869500	12222.9703
1870000	12222.9930
1870500	12223.0494
1871000	12223.3020
1871500	12224.1163
1872000	12223.7983
1872500	12223.9232
1873000	12224.2478
1873500	12224.4452
1874000	12224.2277
1874500	12224.6194
1875000	12224.7305
1875500	12224.1643
1876000	12224.6499
1876500	12224.8339
1877000	12224.9750
1877500	12225.4279
1878000	12225.4876
1878500	12226.1158
1879000	12226.5378
1879500	12226.4779
1880000	12226.6837
1880500	12227.1623
1881000	12226.3421
1881500	12226.3230
1882000	12225.6962
1882500	12225.2772
1883000	12225.4872
1883500	12225.8709
1884000	12225.9921
1884500	12226.1016
1885000	12226.3386
1885500	12226.3808
1886000	12226.7880
1886500	12226.6378
1887000	12227.2165
1887500	12226.7105
1888000	12227.1465
1888500	12227.1774
1889000	12228.0177
1889500	12228.1994
1890000	12227.9159
1890500	12228.1952
1891000	12228.3814
1891500	12228.3692
1892000	12228.2015
1892500	12228.6067
1893000	12228.8805
1893500	12229.2647
1894000	12229.1240
1894500	12229.2642
1895000	12229.4787
1895500	12229.4768
1896000	12229.2936
1896500	12228.8171
1897000	12228.7779
1897500	12228.5180
1898000	12228.8080
1898500	12228.5306
1899000	12227.9252
1899500	12227.2952
1900000	12227.1394
1900500	12227.3997
1901000	12227.5972
1901500	12227.5706
1902000	12227.7583
1902500	12228.1880
1903000	12228.7066
1903500	12228.7455
1904000	12228.7336
1904500	12228.9460
1905000	12228.0228
1905500	12228.2249
1906000	12228.3222
1906500	12228.1892
1907000	12228.0853
1907500	12227.8956
1908000	12228.1106
1908500	12228.3883
1909000	12228.3867
1909500	12227.9437
1910000	12228.5059
1910500	12228.5605
1911000	12228.4541
1911500	12228.4509
1912000	12228.1256
1912500	12228.2968
1913000	12228.3268
1913500	12228.3460
1914000	12227.7935
1914500	12228.0124
1915000	12227.7032
1915500	12227.7024
1916000	12228.4983
1916500	12228.0588
1917000	12227.2711
1917500	12227.2271
1918000	12227.3604
1918500	12226.8319
1919000	12226.5106
1919500	12226.6980
1920000	12226.9431
1920500	12227.0838
1921000	12227.2637
1921500	12227.3321
1922000	12227.2483
1922500	12227.5231
1923000	12227.0917
1923500	12227.2844
1924000	12227.3976
1924500	12227.2254
1925000	12227.0565
1925500	12227.0518
1926000	12226.9361
1926500	12226.8576
1927000	12226.8215
1927500	12226.8745
1928000	12226.9122
1928500	12226.5255
1929000	12226.6026
1929500	12226.6900
1930000	12226.9196
1930500	12227.1789
1931000	12227.2127
1931500	12227.5802
1932000	12227.7297
1932500	12228.8600
1933000	12228.8085
1933500	12228.8547
1934000	12229.5348
1934500	12229.6765
1935000	12229.8707
1935500	12229.9347
1936000	12229.3357
1936500	12229.4113
1937000	12229.1996
1937500	12229.0001
1938000	12228.7823
1938500	12229.2201
1939000	12229.3893
1939500	12229.5476
1940000	12229.8881
1940500	12229.6384
1941000	12230.2109
1941500	12229.7298
1942000	12229.6865
1942500	12229.7856
1943000	12229.9153
1943500	12230.0740
1944000	12230.1992
1944500	12230.5348
1945000	12230.6224
1945500	12230.7558
1946000	12230.9051
1946500	12231.0119
1947000	12230.8538
1947500	12230.4755
1948000	12230.5515
1948500	12230.6286
1949000	12230.5167
1949500	12230.2734
1950000	12230.4100
1950500	12230.1786
1951000	12230.1074
1951500	12230.1891
1952000	12230.9116
1952500	12231.1203
1953000	12231.1155
1953500	12231.9884
1954000	12231.9359
1954500	12231.3121
1955000	12230.3377
1955500	12230.8805
1956000	12230.5216
1956500	12231.1002
1957000	12230.9129
1957500	12231.0680
1958000	12230.9774
1958500	12231.2115
1959000	12230.5377
1959500	12231.2132
1960000	12231.4126
1960500	12231.8407
1961000	12232.4753
1961500	12232.4018
1962000	12232.3018
1962500	12232.2550
1963000	12232.2088
1963500	12232.5674
1964000	12233.0468
1964500	12233.5531
1965000	12233.8244
1965500	12234.1501
1966000	12234.1397
1966500	12234.2272
1967000	12234.9333
1967500	12234.5390
1968000	12234.8799
1968500	12234.7801
1969000	12234.6481
1969500	12234.5760
1970000	12235.1020
1970500	12235.3990
1971000	12235.5264
1971500	12235.6917
1972000	12235.5717
1972500	12235.7688
1973000	12235.7836
1973500	12235.8306
1974000	12235.7677
1974500	12235.4135
1975000	12235.7656
1975500	12235.6061
1976000	12235.8161
1976500	12235.5890
1977000	12235.8833
1977500	12236.3600
1978000	12236.0708
1978500	12236.3497
1979000	12236.8243
1979500	12237.4773
1980000	12237.2636
1980500	12237.3217
1981000	12237.2269
1981500	12237.9075
1982000	12238.0817
1982500	12238.1664
1983000	12238.1851
1983500	12238.1937
1984000	12237.7887
1984500	12238.0296
1985000	12237.5066
1985500	12237.8471
1986000	12237.6048
1986500	12237.8751
1987000	12237.6480
1987500	12237.4261
1988000	12236.7163
1988500	12236.5663
1989000	12236.5240
1989500	12236.4749
1990000	12236.5396
1990500	12236.6143
1991000	12236.8014
1991500	12236.9603
1992000	12236.8235
1992500	12236.5194
1993000	12236.5231
1993500	12236.0097
1994000	12235.0872
1994500	12235.5356
1995000	12234.8998
1995500	12234.8148
1996000	12234.6964
1996500	12234.8825
1997000	12234.8863
1997500	12234.1991
1998000	12234.5187
1998500	12234.6010
1999000	12234.3931
1999500	12234.4317
2000000	12234.2539
2000500	12234.7000
2001000	12235.3496
2001500	12235.5591
2002000	12235.7767
2002500	12236.3259
2003000	12236.3135
2003500	12235.9499
2004000	12236.0118
2004500	12236.2380
2005000	12235.9968
2005500	12235.4547
2006000	12235.8076
2006500	12235.8750
2007000	12235.7006
2007500	12235.5890
2008000	12235.4379
2008500	12235.7652
2009000	12235.5466
2009500	12234.7467
2010000	12233.8437
2010500	12233.2632
2011000	12233.3907
2011500	12233.1766
2012000	12233.1340
2012500	12233.4618
2013000	12233.7333
2013500	12233.2004
2014000	12232.7428
2014500	12232.6298
2015000	12232.0385
2015500	12231.8793
2016000	12231.4498
2016500	12231.5196
2017000	12231.6768
2017500	12231.9073
2018000	12232.5431
2018500	12232.0971
2019000	12232.2706
2019500	12232.3464
2020000	12232.4196
2020500	12232.5121
2021000	12232.4970
2021500	12231.9238
2022000	12232.0266
2022500	12232.5115
2023000	12232.6611
2023500	12232.9036
2024000	12232.1917
2024500	12232.0652
2025000	12231.9379
2025500	12232.0440
2026000	12231.6102
2026500	12231.7227
2027000	12231.4275
2027500	12231.5647
2028000	12231.7987
2028500	12231.8440
2029000	12232.0491
2029500	12232.0484
2030000	12231.6886
2030500	12231.6123
2031000	12230.8856
2031500	12230.4645
2032000	12230.7412
2032500	12230.7690
2033000	12231.0732
2033500	12231.3504
2034000	12231.3976
2034500	12231.3053
2035000	12231.3751
2035500	12231.7478
2036000	12231.8500
2036500	12231.4624
2037000	12231.6543
2037500	12231.4534
2038000	12231.3195
2038500	12231.3827
2039000	12231.4686
2039500	12231.9438
2040000	12231.6281
2040500	12231.4770
2041000	12231.9378
2041500	12231.7563
2042000	12231.4337
2042500	12231.6851
2043000	12231.8369
2043500	12231.3130
2044000	12232.0102
2044500	12232.5623
2045000	12232.5232
2045500	12232.3606
2046000	12232.6769
2046500	12233.2259
2047000	12233.2599
2047500	12233.4863
2048000	12233.2557
2048500	12233.3932
2049000	12233.7229
2049500	12233.7853
2050000	12233.6280
2050500	12233.6035
2051000	12233.6588
2051500	12233.3224
2052000	12233.2187
2052500	12233.5449
2053000	12233.0480
2053500	12233.9334
2054000	12234.1665
2054500	12234.3297
2055000	12234.4994
2055500	12234.8154
2056000	12235.1220
2056500	12235.0010
2057000	12234.7548
2057500	12234.8374
2058000	12235.1625
2058500	12235.5988
2059000	12235.6354
2059500	12235.2362
2060000	12235.8276
2060500	12235.8076
2061000	12235.4344
2061500	12235.6487
2062000	12235.4172
2062500	12235.3652
2063000	12234.9910
2063500	12234.8407
2064000	12234.5964
2064500	12234.8116
2065000	12234.8226
2065500	12234.4143
2066000	12234.1795
2066500	12234.3236
2067000	12234.4910
2067500	12233.6395
2068000	12233.5214
2068500	12233.9287
2069000	12234.1191
2069500	12234.4556
2070000	12234.5789
2070500	12234.6981
2071000	12234.4448
2071500	12234.4879
2072000	12234.5733
2072500	12235.0546
2073000	12235.0619
2073500	12235.3633
2074000	12234.7880
2074500	12234.3223
2075000	12234.7204
2075500	12234.7828
2076000	12235.2143
2076500	12235.3379
2077000	12235.2217
2077500	12235.5768
2078000	12235.8574
2078500	12235.2775
2079000	12235.0213
2079500	12234.6478
2080000	12234.9357
2080500	12234.9342
2081000	12234.9792
2081500	12235.0022
2082000	12234.7354
2082500	12234.6036
2083000	12234.5510
2083500	12234.3607
2084000	12233.7277
2084500	12234.1468
2085000	12234.3026
2085500	12233.9028
2086000	12234.1348
2086500	12234.6329
2087000	12234.2645
2087500	12234.7116
2088000	12234.8887
2088500	12234.9649
2089000	12234.8598
2089500	12234.9179
2090000	12234.8154
2090500	12234.7221
2091000	12234.9788
2091500	12234.9960
2092000	12235.3466
2092500	12235.6292
2093000	12235.5822
2093500	12235.6523
2094000	12235.4270
2094500	12235.2961
2095000	12235.2390
2095500	12234.8276
2096000	12234.6386
2096500	12235.1777
2097000	12235.4392
2097500	12235.6898
2098000	12235.2957
2098500	12235.5276
2099000	12235.4410
2099500	12235.7481
2100000	12235.7250
2100500	12235.3466
2101000	12235.3887
2101500	12234.9363
2102000	12234.9218
2102500	12235.0224
2103000	12235.0876
2103500	12235.3727
2104000	12235.5557
2104500	12235.2007
2105000	12235.5607
2105500	12235.6467
2106000	12235.4897
2106500	12235.7229
2107000	12235.8345
2107500	12235.9880
2108000	12235.3444
2108500	12234.9386
2109000	12234.5961
2109500	12234.9324
2110000	12234.3767
2110500	12234.5523
2111000	12234.4723
2111500	12234.1148
2112000	12234.3786
2112500	12234.3951
2113000	12234.4271
2113500	12234.9967
2114000	12235.1295
2114500	12235.0705
2115000	12235.6204
2115500	12235.0925
2116000	12235.1185
2116500	12234.7679
2117000	12234.7233
2117500	12235.3805
2118000	12235.2842
2118500	12234.6636
2119000	12234.5210
2119500	12234.6540
2120000	12234.5740
2120500	12234.8496
2121000	12233.9955
2121500	12233.9302
2122000	12233.6480
2122500	12233.8674
2123000	12233.6409
2123500	12233.3804
2124000	12233.4578
2124500	12233.4604
2125000	12233.6063
2125500	12233.1046
2126000	12233.6476
2126500	12234.3173
2127000	12234.8645
2127500	12234.6608
2128000	12234.2930
2128500	12234.4391
2129000	12234.4460
2129500	12234.4276
2130000	12234.1979
2130500	12234.7619
2131000	12234.8333
2131500	12234.7381
2132000	12234.3770
2132500	12233.9583
2133000	12233.9925
2133500	12234.1246
2134000	12233.9247
2134500	12234.4198
2135000	12234.4386
2135500	12234.7186
2136000	12235.0366
2136500	12235.2014
2137000	12235.8282
2137500	12235.5364
2138000	12235.5722
2138500	12235.7430
2139000	12235.8133
2139500	12235.5056
2140000	12235.5970
2140500	12235.1410
2141000	12235.0956
2141500	12235.0301
2142000	12234.9980
2142500	12234.6949
2143000	12234.6794
2143500	12235.0269
2144000	12234.6003
2144500	12234.5391
2145000	12234.2467
2145500	12234.5385
2146000	12234.6971
2146500	12234.3210
2147000	12233.6376
2147500	12233.1663
2148000	12233.1392
2148500	12232.9353
2149000	12233.0609
2149500	12233.1270
2150000	12232.9770
2150500	12233.0706
2151000	12233.3836
2151500	12233.2355
2152000	12233.5295
2152500	12233.6554
2153000	12233.7783
2153500	12234.0456
2154000	12234.0569
2154500	12233.8960
2155000	12233.9976
2155500	12233.9591
2156000	12233.5324
2156500	12233.4763
2157000	12233.4802
2157500	12234.2583
2158000	12234.2463
2158500	12233.8564
2159000	12233.6177
2159500	12233.2872
2160000	12232.8483
2160500	12232.6138
2161000	12232.6318
2161500	12232.5701
2162000	12232.3032
2162500	12232.9380
2163000	12232.7375
2163500	12232.5157
2164000	12232.1830
2164500	12232.4824
2165000	12232.4670
2165500	12232.4283
2166000	12232.5010
2166500	12232.5349
2167000	12231.8143
2167500	12231.4222
2168000	12231.2586
2168500	12231.0099
2169000	12230.8662
2169500	12230.8929
2170000	12231.0174
2170500	12231.0263
2171000	12231.4393
2171500	12232.2722
2172000	12231.8212
2172500	12231.3566
2173000	12230.8334
2173500	12230.3481
2174000	12230.1968
2174500	12229.8287
2175000	12230.0874
2175500	12229.9623
2176000	12230.1066
2176500	12230.3019
2177000	12230.2520
2177500	12230.5049
2178000	12230.0909
2178500	12230.4219
2179000	12230.5188
2179500	12230.0008
2180000	12229.9710
2180500	12230.6289
2181000	12230.7637
2181500	12231.0076
2182000	12231.0460
2182500	12230.4534
2183000	12230.9572
2183500	12231.1954
2184000	12231.8253
2184500	12231.6717
2185000	12231.3672
2185500	12231.3848
2186000	12230.9001
2186500	12231.2631
2187000	12231.1667
2187500	12231.2870
2188000	12231.5762
2188500	12231.8241
2189000	12232.0906
2189500	12231.9847
2190000	12231.4106
2190500	12230.8592
2191000	12230.5189
2191500	12230.8872
2192000	12230.9357
2192500	12230.8293
2193000	12231.3894
2193500	12231.8072
2194000	12231.6422
2194500	12231.9022
2195000	12231.6814
2195500	12231.4364
2196000	12231.0100
2196500	12231.7138
2197000	12231.4191
2197500	12231.4932
2198000	12231.4422
2198500	12231.0487
2199000	12230.5707
2199500	12230.0704
2200000	12230.5245
2200500	12230.4186
2201000	12230.1070
2201500	12230.1689
2202000	12229.9892
2202500	12230.4291
2203000	12230.6797
2203500	12230.2563
2204000	12229.8833
2204500	12230.2154
2205000	12230.3937
2205500	12230.4555
2206000	12231.0163
2206500	12230.8646
2207000	12230.5948
2207500	12230.6400
2208000	12230.6071
2208500	12230.6377
2209000	12230.7509
2209500	12231.4419
2210000	12231.2751
2210500	12231.1560
2211000	12230.9106
2211500	12230.8354
2212000	12230.5616
2212500	12230.7891
2213000	12230.7959
2213500	12231.1349
2214000	12230.8376
2214500	12230.7357
2215000	12230.8626
2215500	12231.3852
2216000	12231.4381
2216500	12231.4050
2217000	12231.5127
2217500	12231.4740
2218000	12231.4032
2218500	12230.9028
2219000	12230.6710
2219500	12230.5177
2220000	12230.4874
2220500	12230.9255
2221000	12230.7707
2221500	12230.9466
2222000	12231.6186
2222500	12231.4937
2223000	12231.8188
2223500	12231.8404
2224000	12232.3390
2224500	12232.4426
2225000	12232.7072
2225500	12232.6405
2226000	12232.4282
2226500	12232.4865
2227000	12232.7037
2227500	12232.4830
2228000	12232.4192
2228500	12233.0740
2229000	12233.0930
2229500	12233.1108
2230000	12232.8087
2230500	12232.9177
2231000	12233.3926
2231500	12233.6441
2232000	12233.7044
2232500	12233.6512
2233000	12233.2967
2233500	12232.8003
2234000	12233.2419
2234500	12233.3688
2235000	12233.6036
2235500	12233.2794
2236000	12233.0737
2236500	12233.0076
2237000	12233.1181
2237500	12233.5345
2238000	12233.5140
2238500	12233.3963
2239000	12233.7392
2239500	12233.4980
2240000	12233.2441
2240500	12233.6744
2241000	12233.9452
2241500	12233.6238
2242000	12233.7716
2242500	12234.1435
2243000	12234.1242
2243500	12233.9064
2244000	12233.5150
2244500	12233.6065
2245000	12233.7005
2245500	12234.0636
2246000	12234.0549
2246500	12234.1681
2247000	12233.5481
2247500	12233.1649
2248000	12233.4667
2248500	12233.3404
2249000	12233.2492
2249500	12233.7037
2250000	12233.8795
2250500	12234.1122
2251000	12234.2855
2251500	12234.2166
2252000	12234.3879
2252500	12234.8858
2253000	12234.4129
2253500	12233.8770
2254000	12234.1975
2254500	12234.4198
2255000	12234.9799
2255500	12235.0828
2256000	12234.9706
2256500	12234.8205
2257000	12234.5011
2257500	12234.3893
2258000	12234.0613
2258500	12233.6272
2259000	12232.9304
2259500	12232.8126
2260000	12232.4293
2260500	12232.0036
2261000	12232.0386
2261500	12231.9361
2262000	12231.8593
2262500	12231.7955
2263000	12231.4517
2263500	12231.1781
2264000	12231.3754
2264500	12231.3878
2265000	12231.2864
2265500	12230.9762
2266000	12231.1761
2266500	12231.0123
2267000	12230.9586
2267500	12231.2183
2268000	12231.2197
2268500	12231.1171
2269000	12231.1562
2269500	12231.5246
2270000	12231.4818
2270500	12231.4332
2271000	12231.3898
2271500	12231.4241
2272000	12232.1233
2272500	12232.1702
2273000	12232.1653
2273500	12231.6850
2274000	12231.6537
2274500	12232.0438
2275000	12232.7147
2275500	12232.7174
2276000	12232.6416
2276500	12232.9770
2277000	12233.1587
2277500	12232.5925
2278000	12232.8434
2278500	12232.6946
2279000	12232.7539
2279500	12232.7847
2280000	12233.0096
2280500	12233.1674
2281000	12232.9141
2281500	12233.2695
2282000	12233.5494
2282500	12233.4979
2283000	12233.3431
2283500	12233.1421
2284000	12232.7325
2284500	12232.2085
2285000	12232.3944
2285500	12232.0470
2286000	12232.1181
2286500	12232.1727
2287000	12232.8701
2287500	12232.7529
2288000	12232.7360
2288500	12232.5523
2289000	12232.8604
2289500	12232.8642
2290000	12233.5591
2290500	12233.8895
2291000	12234.0458
2291500	12233.8596
2292000	12233.4125
2292500	12233.0706
2293000	12232.8826
2293500	12232.9995
2294000	12233.1681
2294500	12232.8644
2295000	12232.7577
2295500	12232.4818
2296000	12232.4224
2296500	12232.0789
2297000	12232.1552
2297500	12232.0243
2298000	12232.0168
2298500	12232.0943
2299000	12232.2461
2299500	12232.5845
2300000	12232.9161
2300500	12232.8039
2301000	12232.8002
2301500	12232.4428
2302000	12232.0509
2302500	12231.9488
2303000	12231.9176
2303500	12231.7148
2304000	12231.8238
2304500	12230.7723
2305000	12230.7752
2305500	12230.3187
2306000	12230.3439
2306500	12230.5905
2307000	12230.6275
2307500	12230.8178
2308000	12231.1695
2308500	12231.0053
2309000	12230.7570
2309500	12230.1887
2310000	12230.3519
2310500	12230.7715
2311000	12230.9435
2311500	12231.2194
2312000	12231.1533
2312500	12231.2369
2313000	12231.2885
2313500	12231.2016
2314000	12231.1242
2314500	12231.2366
2315000	12231.0600
2315500	12230.9638
2316000	12231.0815
2316500	12230.9605
2317000	12231.5361
2317500	12231.8814
2318000	12232.1216
2318500	12232.2000
2319000	12232.0568
2319500	12232.1894
2320000	12232.5396
2320500	12232.5055
2321000	12232.5429
2321500	12232.4972
2322000	12232.8852
2322500	12232.5380
2323000	12232.6280
2323500	12232.5563
2324000	12232.6280
2324500	12232.6038
2325000	12232.4999
2325500	12232.5928
2326000	12232.6277
2326500	12232.2885
2327000	12232.7609
2327500	12232.6991
2328000	12232.7555
2328500	12232.4237
2329000	12232.4680
2329500	12232.6552
2330000	12232.5249
2330500	12232.8561
2331000	12232.9766
2331500	12233.0884
2332000	12233.4192
2332500	12233.3793
2333000	12233.1999
2333500	12233.5406
2334000	12233.2677
2334500	12232.9254
2335000	12233.0232
2335500	12232.6133
2336000	12232.1149
2336500	12232.1214
2337000	12232.1930
2337500	12232.5246
2338000	12232.7753
2338500	12232.7171
2339000	12233.2555
2339500	12233.3289
2340000	12233.5038
2340500	12233.5831
2341000	12233.6411
2341500	12233.7643
2342000	12233.9284
2342500	12233.5764
2343000	12233.2285
2343500	12233.4853
2344000	12234.1205
2344500	12233.9220
2345000	12234.2490
2345500	12234.0598
2346000	12234.2763
2346500	12234.5626
2347000	12234.8663
2347500	12234.9699
2348000	12235.2794
2348500	12235.2075
2349000	12235.1002
2349500	12235.2561
2350000	12235.5629
2350500	12235.6113
2351000	12235.6059
2351500	12235.3140
2352000	12235.2257
2352500	12235.0402
2353000	12235.2595
2353500	12235.8172
2354000	12236.1039
2354500	12236.7146
2355000	12236.6686
2355500	12236.6110
2356000	12236.5282
2356500	12236.6255
2357000	12236.5105
2357500	12236.6451
2358000	12237.1615
2358500	12237.3551
2359000	12237.6407
2359500	12237.6910
2360000	12237.9169
2360500	12238.5523
2361000	12238.2988
2361500	12238.0067
2362000	12238.1197
2362500	12238.2506
2363000	12238.5700
2363500	12238.8385
2364000	12238.9525
2364500	12238.7640
2365000	12238.7323
2365500	12238.3409
2366000	12238.6387
2366500	12238.9024
2367000	12238.4660
2367500	12238.9104
2368000	12238.5626
2368500	12237.9174
2369000	12237.5889
2369500	12237.7060
2370000	12237.2202
2370500	12237.0253
2371000	12237.0487
2371500	12236.9840
2372000	12236.4899
2372500	12236.7301
2373000	12236.1903
2373500	12235.8954
2374000	12236.1113
2374500	12236.0042
2375000	12235.7150
2375500	12235.2965
2376000	12235.3677
2376500	12235.6591
2377000	12235.9250
2377500	12235.6735
2378000	12235.8656
2378500	12236.1088
2379000	12236.0051
2379500	12235.9010
2380000	12236.0046
2380500	12236.2088
2381000	12236.5582
2381500	12236.6911
2382000	12236.9556
2382500	12236.6583
2383000	12236.8199
2383500	12237.2380
2384000	12237.4055
2384500	12237.6913
2385000	12237.6161
2385500	12237.9620
2386000	12237.8826
2386500	12237.8572
2387000	12238.1038
2387500	12238.2353
2388000	12238.1473
2388500	12238.6838
2389000	12238.5953
2389500	12238.5850
2390000	12238.6167
2390500	12238.6537
2391000	12238.3641
2391500	12238.1103
2392000	12237.7052
2392500	12237.8572
2393000	12237.5670
2393500	12237.4924
2394000	12237.7539
2394500	12237.8704
2395000	12237.4613
2395500	12237.6726
2396000	12237.8082
2396500	12237.6920
2397000	12237.4569
2397500	12237.8293
2398000	12237.5728
2398500	12237.6139
2399000	12237.6385
2399500	12237.6885
2400000	12237.5596
2400500	12237.5562
2401000	12237.2201
2401500	12237.2452
2402000	12237.5666
2402500	12237.2804
2403000	12237.3880
2403500	12237.7617
2404000	12237.6707
2404500	12237.1808
2405000	12236.6428
2405500	12236.4122
2406000	12236.3141
2406500	12235.7773
2407000	12236.0615
2407500	12235.8025
2408000	12235.6886
2408500	12235.3282
2409000	12235.3322
2409500	12235.2403
2410000	12235.4099
2410500	12235.1478
2411000	12234.8979
2411500	12234.5821
2412000	12234.4517
2412500	12234.4783
2413000	12233.9992
2413500	12233.7890
2414000	12234.1287
2414500	12234.0341
2415000	12233.9721
2415500	12233.6986
2416000	12233.8609
2416500	12233.8671
2417000	12234.0733
2417500	12233.8687
2418000	12233.9678
2418500	12233.7125
2419000	12233.5369
2419500	12233.6589
2420000	12233.7896
2420500	12234.4085
2421000	12234.2473
2421500	12234.4143
2422000	12234.5399
2422500	12234.2112
2423000	12234.3118
2423500	12234.1376
2424000	12234.0388
2424500	12233.8988
2425000	12233.8465
2425500	12233.7066
2426000	12233.6329
2426500	12233.5500
2427000	12233.8678
2427500	12233.9304
2428000	12233.9821
2428500	12233.8330
2429000	12233.6741
2429500	12233.6998
2430000	12233.7024
2430500	12233.4750
2431000	12233.8360
2431500	12233.8075
2432000	12233.8099
2432500	12233.7057
2433000	12233.9955
2433500	12234.2518
2434000	12234.2991
2434500	12234.2207
2435000	12234.1842
2435500	12233.9933
2436000	12233.6674
2436500	12233.7133
2437000	12234.0549
2437500	12234.0944
2438000	12234.1737
2438500	12234.3659
2439000	12234.3538
2439500	12234.2801
2440000	12234.3304
2440500	12234.4777
2441000	12234.4954
2441500	12234.4478
2442000	12234.0133
2442500	12233.9283
2443000	12234.3038
2443500	12234.3501
2444000	12234.4031
2444500	12234.3923
2445000	12234.7750
2445500	12235.2841
2446000	12235.2040
2446500	12235.2011
2447000	12235.1015
2447500	12235.5581
2448000	12235.3501
2448500	12235.3509
2449000	12235.4404
2449500	12235.6719
2450000	12235.6522
2450500	12235.3044
2451000	12235.3150
2451500	12235.7286
2452000	12235.7570
2452500	12235.7602
2453000	12236.1295
2453500	12236.0140
2454000	12235.9030
2454500	12235.9537
2455000	12235.6760
2455500	12236.1477
2456000	12236.1971
2456500	12236.2498
2457000	12236.0470
2457500	12235.9866
2458000	12236.2599
2458500	12236.1035
2459000	12236.1207
2459500	12236.1489
2460000	12236.5536
2460500	12236.7136
2461000	12236.3936
2461500	12236.3740
2462000	12236.0690
2462500	12235.6790
2463000	12235.6348
2463500	12235.4967
2464000	12235.3357
2464500	12235.3626
2465000	12235.5678
2465500	12235.9180
2466000	12236.3189
2466500	12236.4163
2467000	12235.9568
2467500	12236.3681
2468000	12236.5299
2468500	12236.4142
2469000	12236.4017
2469500	12236.0346
2470000	12235.9500
2470500	12236.0854
2471000	12236.1726
2471500	12236.1196
2472000	12236.3369
2472500	12236.3192
2473000	12236.0560
2473500	12235.9931
2474000	12235.7893
2474500	12235.8854
2475000	12235.7766
2475500	12235.7126
2476000	12236.2644
2476500	12236.8199
2477000	12236.4516
2477500	12236.4554
2478000	12236.4427
2478500	12236.6131
2479000	12236.7393
2479500	12236.7298
2480000	12236.7818
2480500	12237.1912
2481000	12237.1629
2481500	12236.7539
2482000	12236.6445
2482500	12236.5525
2483000	12236.7637
2483500	12236.3940
2484000	12236.2346
2484500	12236.2296
2485000	12236.5725
2485500	12236.8624
2486000	12236.9660
2486500	12237.4665
2487000	12237.4966
2487500	12237.4872
2488000	12236.8173
2488500	12236.5777
2489000	12236.5611
2489500	12236.6018
2490000	12236.5478
2490500	12236.4870
2491000	12236.0674
2491500	12236.1112
2492000	12235.9102
2492500	12236.1156
2493000	12236.2480
2493500	12236.0815
2494000	12236.1381
2494500	12236.5524
2495000	12236.3661
2495500	12235.9074
2496000	12235.9087
2496500	12236.3346
2497000	12236.0491
2497500	12236.1061
2498000	12235.9954
2498500	12236.2640
2499000	12236.3830
2499500	12236.4612
2500000	12236.3073
2500500	12236.1237
2501000	12235.8633
2501500	12235.7687
2502000	12236.4751
2502500	12236.1194
2503000	12236.0262
2503500	12235.7366
2504000	12236.1771
2504500	12236.2422
2505000	12236.3516
2505500	12236.2587
2506000	12236.1673
2506500	12236.4867
2507000	12236.5680
2507500	12236.3574
2508000	12236.1574
2508500	12236.1560
2509000	12236.3291
2509500	12236.3745
2510000	12236.5385
2510500	12236.6063
2511000	12236.5623
2511500	12236.7048
2512000	12236.6964
2512500	12237.0900
2513000	12236.6698
2513500	12236.6749
2514000	12236.4376
2514500	12236.5539
2515000	12236.9717
2515500	12237.2090
2516000	12237.1076
2516500	12236.7219
2517000	12236.5809
2517500	12236.8014
2518000	12236.9407
2518500	12237.0899
2519000	12236.9751
2519500	12237.0855
2520000	12237.1835
2520500	12237.3054
2521000	12237.2775
2521500	12237.1255
2522000	12237.2737
2522500	12236.8802
2523000	12236.9866
2523500	12237.1345
2524000	12236.9379
2524500	12236.5150
2525000	12236.4917
2525500	12236.6037
2526000	12236.0203
2526500	12235.9014
2527000	12236.0520
2527500	12236.1456
2528000	12235.8806
2528500	12235.9337
2529000	12235.9242
2529500	12235.8891
2530000	12235.9408
2530500	12235.6482
2531000	12236.0465
2531500	12235.8588
2532000	12235.7287
2532500	12235.6188
2533000	12235.5109
2533500	12235.4495
2534000	12235.2867
2534500	12234.9660
2535000	12234.4582
2535500	12234.5861
2536000	12234.4075
2536500	12234.7721
2537000	12234.9796
2537500	12234.9193
2538000	12234.9661
2538500	12235.3178
2539000	12234.8109
2539500	12235.0310
2540000	12235.0127
2540500	12234.7475
2541000	12234.9311
2541500	12234.7623
2542000	12234.5593
2542500	12234.6495
2543000	12234.5057
2543500	12234.5204
2544000	12234.7328
2544500	12234.2387
2545000	12234.1134
2545500	12234.3862
2546000	12234.4493
2546500	12234.3908
2547000	12234.4009
2547500	12234.2238
2548000	12234.4605
2548500	12234.0941
2549000	12233.8736
2549500	12233.8829
2550000	12234.0126
2550500	12234.0123
2551000	12234.0717
2551500	12233.8659
2552000	12233.6043
2552500	12233.4410
2553000	12233.2711
2553500	12233.3818
2554000	12233.8452
2554500	12233.7928
2555000	12233.7503
2555500	12233.7301
2556000	12233.5676
2556500	12233.5122
2557000	12233.5039
2557500	12233.4347
2558000	12233.4387
2558500	12233.3886
2559000	12233.2177
2559500	12233.7808
2560000	12233.4128
2560500	12233.1722
2561000	12233.0778
2561500	12232.8806
2562000	12233.0913
2562500	12233.5109
2563000	12233.3128
2563500	12233.6014
2564000	12233.7511
2564500	12233.4932
2565000	12233.2223
2565500	12233.6530
2566000	12233.7788
2566500	12233.5580
2567000	12233.8297
2567500	12233.5894
2568000	12233.3174
2568500	12232.9206
2569000	12233.2174
2569500	12233.2612
2570000	12232.9995
2570500	12232.9540
2571000	12233.2038
2571500	12232.8899
2572000	12233.0963
2572500	12232.7364
2573000	12232.7322
2573500	12233.2842
2574000	12233.3821
2574500	12233.3685
2575000	12233.5297
2575500	12233.4440
2576000	12233.3744
2576500	12233.5756
2577000	12233.6306
2577500	12233.7352
2578000	12233.8465
2578500	12233.9255
2579000	12233.9567
2579500	12234.1796
2580000	12234.3034
2580500	12234.0083
2581000	12234.0446
2581500	12234.2081
2582000	12234.0250
2582500	12234.1538
2583000	12234.3673
2583500	12234.2841
2584000	12233.8651
2584500	12234.0570
2585000	12233.6465
2585500	12234.0057
2586000	12233.7375
2586500	12233.6564
2587000	12233.5477
2587500	12233.5747
2588000	12234.0309
2588500	12234.3395
2589000	12234.5240
2589500	12234.6638
2590000	12233.9796
2590500	12233.3013
2591000	12232.7326
2591500	12232.9798
2592000	12233.3216
2592500	12233.4065
2593000	12233.4994
2593500	12233.5838
2594000	12233.4024
2594500	12233.6102
2595000	12233.5733
2595500	12233.4375
2596000	12233.2091
2596500	12233.3642
2597000	12233.1926
2597500	12232.6937
2598000	12232.6015
2598500	12232.6339
2599000	12232.5949
2599500	12232.6444
2600000	12232.6695
2600500	12232.2271
2601000	12232.2448
2601500	12232.6040
2602000	12232.2116
2602500	12231.8331
2603000	12232.0395
2603500	12232.3463
2604000	12232.5067
2604500	12232.8048
2605000	12233.1374
2605500	12232.5796
2606000	12232.4196
2606500	12232.7044
2607000	12232.3488
2607500	12232.3503
2608000	12232.3266
2608500	12232.5959
2609000	12232.5116
2609500	12232.2039
2610000	12232.2619
2610500	12232.0412
2611000	12232.0938
2611500	12231.9338
2612000	12231.6289
2612500	12231.4882
2613000	12231.4544
2613500	12231.3072
2614000	12231.4360
2614500	12230.9781
2615000	12230.8298
2615500	12230.4618
2616000	12230.8095
2616500	12230.7338
2617000	12230.7980
2617500	12230.7804
2618000	12230.8194
2618500	12231.0376
2619000	12230.7962
2619500	12231.0884
2620000	12231.2474
2620500	12231.1579
2621000	12231.0863
2621500	12230.4348
2622000	12230.9930
2622500	12230.9939
2623000	12230.7699
2623500	12230.4826
2624000	12230.1489
2624500	12229.9709
2625000	12230.0428
2625500	12230.2519
2626000	12230.4275
2626500	12230.3323
2627000	12230.5055
2627500	12230.5524
2628000	12230.6610
2628500	12230.4877
2629000	12230.5573
2629500	12230.6110
2630000	12230.4298
2630500	12230.4419
2631000	12229.5640
2631500	12229.6951
2632000	12229.7706
2632500	12230.2738
2633000	12230.2060
2633500	12230.0093
2634000	12229.7344
2634500	12230.0052
2635000	12230.0678
2635500	12230.2399
2636000	12230.2770
2636500	12230.1870
2637000	12229.8472
2637500	12229.9155
2638000	12229.7323
2638500	12229.8327
2639000	12229.9526
2639500	12230.0876
2640000	12230.0770
2640500	12230.3143
2641000	12229.9873
2641500	12230.1179
2642000	12230.3637
2642500	12230.2133
2643000	12230.3056
2643500	12229.6792
2644000	12229.4444
2644500	12229.9496
2645000	12229.8764
2645500	12229.8698
2646000	12229.7505
2646500	12229.9916
2647000	12230.0234
2647500	12229.9980
2648000	12230.4977
2648500	12230.3842
2649000	12230.2569
2649500	12229.8297
2650000	12229.9616
2650500	12230.1490
2651000	12230.1218
2651500	12230.4151
2652000	12230.3727
2652500	12229.7283
2653000	12230.0102
2653500	12230.0715
2654000	12229.9651
2654500	12229.9986
2655000	12229.9522
2655500	12230.3612
2656000	12230.6344
2656500	12230.5741
2657000	12230.1653
2657500	12229.6611
2658000	12229.4567
2658500	12229.4250
2659000	12229.3363
2659500	12229.6641
2660000	12229.5506
2660500	12230.0678
2661000	12230.0459
2661500	12229.5571
2662000	12229.6525
2662500	12230.1508
2663000	12230.6519
2663500	12230.3372
2664000	12230.0592
2664500	12229.9739
2665000	12230.1598
2665500	12230.3501
2666000	12230.1751
2666500	12230.5983
2667000	12230.4804
2667500	12230.4853
2668000	12230.4947
2668500	12230.1203
2669000	12229.8890
2669500	12229.8224
2670000	12229.9805
2670500	12229.8121
2671000	12229.4518
2671500	12229.4518
2672000	12229.4338
2672500	12229.6558
2673000	12230.3270
2673500	12230.5933
2674000	12230.7286
2674500	12230.6069
2675000	12230.3646
2675500	12230.4519
2676000	12230.3488
2676500	12230.3710
2677000	12229.9719
2677500	12229.4838
2678000	12229.4064
2678500	12229.2954
2679000	12229.6563
2679500	12229.7482
2680000	12229.8213
2680500	12229.8721
2681000	12230.4407
2681500	12230.5757
2682000	12230.0064
2682500	12229.7240
2683000	12229.4445
2683500	12229.9809
2684000	12229.7485
2684500	12229.7668
2685000	12229.7408
2685500	12229.7686
2686000	12229.8284
2686500	12229.4948
2687000	12229.3632
2687500	12229.2091
2688000	12229.0979
2688500	12228.8558
2689000	12229.1519
2689500	12229.3724
2690000	12229.4584
2690500	12229.1540
2691000	12229.2927
2691500	12229.4368
2692000	12229.6830
2692500	12229.8813
2693000	12229.8647
2693500	12229.9177
2694000	12229.8963
2694500	12229.7816
2695000	12230.2532
2695500	12230.4102
2696000	12230.5166
2696500	12229.9838
2697000	12230.0378
2697500	12230.2032
2698000	12230.3641
2698500	12230.2872
2699000	12230.2043
2699500	12230.4435
2700000	12230.3996
2700500	12230.5993
2701000	12230.5432
2701500	12230.7494
2702000	12230.5925
2702500	12230.3542
2703000	12230.6712
2703500	12230.8023
2704000	12230.9437
2704500	12231.2467
2705000	12231.1589
2705500	12231.3620
2706000	12231.2496
2706500	12231.2007
2707000	12231.6730
2707500	12232.3164
2708000	12232.0878
2708500	12231.7865
2709000	12231.8161
2709500	12231.7455
2710000	12232.0442
2710500	12232.1682
2711000	12232.4446
2711500	12232.2912
2712000	12231.5331
2712500	12231.3669
2713000	12231.4120
2713500	12231.5331
2714000	12231.4906
2714500	12230.9363
2715000	12230.8901
2715500	12230.9547
2716000	12231.4023
2716500	12231.4193
2717000	12231.3526
2717500	12230.8599
2718000	12230.6900
2718500	12230.5116
2719000	12230.3308
2719500	12229.9858
2720000	12230.0215
2720500	12230.1479
2721000	12230.4832
2721500	12230.4315
2722000	12230.3317
2722500	12230.3808
2723000	12230.3013
2723500	12230.3040
2724000	12230.3398
2724500	12230.2874
2725000	12229.7288
2725500	12229.8069
2726000	12230.1025
2726500	12229.8313
2727000	12229.7940
2727500	12230.2948
2728000	12230.3068
2728500	12230.4391
2729000	12230.9037
2729500	12231.0216
2730000	12230.9632
2730500	12230.7535
2731000	12230.5980
2731500	12230.1554
2732000	12230.0127
2732500	12230.3666
2733000	12230.5203
2733500	12230.7398
2734000	12230.9050
2734500	12230.9352
2735000	12230.5998
2735500	12230.5121
2736000	12230.6486
2736500	12230.3567
2737000	12229.9346
2737500	12230.1010
2738000	12230.2699
2738500	12230.6316
2739000	12230.7435
2739500	12230.3830
2740000	12230.1915
2740500	12230.2190
2741000	12229.8629
2741500	12230.0335
2742000	12230.2183
2742500	12230.1421
2743000	12230.2852
2743500	12229.8619
2744000	12230.0394
2744500	12230.0050
2745000	12230.1154
2745500	12230.1685
2746000	12230.4781
2746500	12230.3450
2747000	12230.6248
2747500	12230.8378
2748000	12230.8853
2748500	12230.6866
2749000	12230.8820
2749500	12230.9927
2750000	12230.9598
2750500	12230.6873
2751000	12230.3257
2751500	12230.2762
2752000	12229.7690
2752500	12229.7127
2753000	12229.8629
2753500	12229.8577
2754000	12230.0405
2754500	12230.2256
2755000	12230.4062
2755500	12230.5837
2756000	12230.3106
2756500	12230.2830
2757000	12230.5387
2757500	12230.1371
2758000	12230.1432
2758500	12230.3911
2759000	12230.4002
2759500	12230.1787
2760000	12230.3380
2760500	12230.0019
2761000	12230.0039
2761500	12230.0258
2762000	12230.3636
2762500	12230.2929
2763000	12230.6101
2763500	12230.6755
2764000	12230.3371
2764500	12230.4194
2765000	12230.2517
2765500	12230.3563
2766000	12230.4193
2766500	12230.5923
2767000	12230.5555
2767500	12230.8234
2768000	12231.0916
2768500	12230.8818
2769000	12230.7365
2769500	12230.3240
2770000	12230.5605
2770500	12230.4452
2771000	12230.5016
2771500	12230.8066
2772000	12230.3987
2772500	12230.5125
2773000	12230.2552
2773500	12230.1843
2774000	12230.0711
2774500	12229.9296
2775000	12229.7949
2775500	12229.6515
2776000	12229.9619
2776500	12229.9350
2777000	12229.9204
2777500	12229.8806
2778000	12229.7422
2778500	12229.4433
2779000	12229.2758
2779500	12229.6860
2780000	12229.6188
2780500	12229.6047
2781000	12229.5010
2781500	12229.5924
2782000	12229.3844
2782500	12229.5772
2783000	12228.7544
2783500	12228.5340
2784000	12228.6739
2784500	12228.4378
2785000	12228.5141
2785500	12228.5966
2786000	12228.5076
2786500	12228.4176
2787000	12228.1991
2787500	12227.9135
2788000	12227.8543
2788500	12228.0816
2789000	12228.1540
2789500	12228.0311
2790000	12228.3657
2790500	12227.7002
2791000	12228.0396
2791500	12228.2342
2792000	12228.2232
2792500	12228.3391
2793000	12228.5800
2793500	12228.5434
2794000	12228.7206
2794500	12228.5744
2795000	12228.5049
2795500	12228.6044
2796000	12228.6320
2796500	12228.6724
2797000	12228.4638
2797500	12228.4272
2798000	12228.4308
2798500	12228.1857
2799000	12228.5197
2799500	12228.3845
2800000	12228.3156
2800500	12228.1012
2801000	12228.1682
2801500	12227.8379
2802000	12228.1157
2802500	12228.5855
2803000	12228.6634
2803500	12228.6401
2804000	12228.7900
2804500	12228.8141
2805000	12228.6674
2805500	12228.3273
2806000	12228.0052
2806500	12227.9346
2807000	12228.0607
2807500	12227.6452
2808000	12227.6550
2808500	12227.5599
2809000	12228.0571
2809500	12228.3282
2810000	12228.1391
2810500	12228.4976
2811000	12228.6293
2811500	12228.6927
2812000	12229.0466
2812500	12229.2180
2813000	12229.3482
2813500	12229.7222
2814000	12229.5179
2814500	12229.2669
2815000	12229.1360
2815500	12229.2000
2816000	12229.1808
2816500	12229.1664
2817000	12229.3185
2817500	12229.0498
2818000	12229.0044
2818500	12228.9418
2819000	12229.1794
2819500	12229.1691
2820000	12229.0704
2820500	12229.0598
2821000	12229.2392
2821500	12229.2231
2822000	12229.5107
2822500	12229.1058
2823000	12229.3971
2823500	12229.3415
2824000	12229.2878
2824500	12229.5777
2825000	12229.6532
2825500	12228.8048
2826000	12228.8695
2826500	12229.1743
2827000	12229.1186
2827500	12229.1133
2828000	12229.2511
2828500	12229.1837
2829000	12228.9816
2829500	12228.6357
2830000	12228.7257
2830500	12228.5117
2831000	12228.8017
2831500	12229.1494
2832000	12228.8987
2832500	12229.0061
2833000	12229.0220
2833500	12228.7756
2834000	12228.6083
2834500	12229.0651
2835000	12228.7915
2835500	12228.9209
2836000	12229.2291
2836500	12228.9737
2837000	12228.9789
2837500	12229.4771
2838000	12229.3343
2838500	12229.3362
2839000	12229.2824
2839500	12229.0055
2840000	12229.2086
2840500	12229.5494
2841000	12229.7000
2841500	12229.5020
2842000	12229.5514
2842500	12229.1234
2843000	12229.3809
2843500	12229.7171
2844000	12229.9380
2844500	12230.1581
2845000	12229.6774
2845500	12228.7222
2846000	12228.9030
2846500	12229.2390
2847000	12229.4069
2847500	12229.8155
2848000	12229.7524
2848500	12229.4815
2849000	12229.1003
2849500	12229.0180
2850000	12229.1542
2850500	12228.6656
2851000	12228.4694
2851500	12228.2592
2852000	12227.6430
2852500	12227.5508
2853000	12227.7045
2853500	12227.9301
2854000	12227.8953
2854500	12227.8895
2855000	12227.9047
2855500	12227.8389
2856000	12227.9382
2856500	12227.7505
2857000	12227.6057
2857500	12227.4002
2858000	12227.6760
2858500	12227.5188
2859000	12227.3319
2859500	12227.5521
2860000	12227.5007
2860500	12227.8054
2861000	12227.7390
2861500	12227.2788
2862000	12227.2084
2862500	12226.8794
2863000	12226.7573
2863500	12227.1106
2864000	12227.2634
2864500	12227.0546
2865000	12226.7276
2865500	12226.2399
2866000	12226.7510
2866500	12226.7157
2867000	12226.7493
2867500	12227.0391
2868000	12227.1874
2868500	12226.4945
2869000	12226.2694
2869500	12226.2757
2870000	12226.1916
2870500	12226.5116
2871000	12226.6003
2871500	12226.5092
2872000	12226.4195
2872500	12226.2254
2873000	12226.1197
2873500	12226.1572
2874000	12225.9665
2874500	12226.2622
2875000	12226.1980
2875500	12226.0602
2876000	12226.2563
2876500	12226.3333
2877000	12226.3050
2877500	12226.1530
2878000	12226.0707
2878500	12226.2465
2879000	12225.9139
2879500	12225.8246
2880000	12226.0045
2880500	12225.7700
2881000	12225.8588
2881500	12225.9047
2882000	12225.8228
2882500	12225.5783
2883000	12225.4976
2883500	12225.8422
2884000	12226.2127
2884500	12226.3719
2885000	12225.8563
2885500	12226.0409
2886000	12226.1517
2886500	12226.4190
2887000	12226.6379
2887500	12226.8112
2888000	12226.6717
2888500	12227.1602
2889000	12226.9439
2889500	12227.0415
2890000	12226.6465
2890500	12227.1492
2891000	12226.9577
2891500	12227.1007
2892000	12227.5326
2892500	12227.7106
2893000	12227.6127
2893500	12227.9380
2894000	12227.9787
2894500	12228.0894
2895000	12228.1549
2895500	12228.1896
2896000	12228.0854
2896500	12228.2637
2897000	12228.1724
2897500	12227.8790
2898000	12227.8861
2898500	12228.0348
2899000	12228.0896
2899500	12228.4546
2900000	12228.5397
2900500	12228.4179
2901000	12228.2669
2901500	12228.1475
2902000	12228.3648
2902500	12228.4273
2903000	12228.7604
2903500	12229.0861
2904000	12229.1722
2904500	12229.1510
2905000	12229.2444
2905500	12229.0771
2906000	12229.2723
2906500	12229.5771
2907000	12229.7896
2907500	12229.9496
2908000	12229.6950
2908500	12229.6897
2909000	12229.7279
2909500	12229.8073
2910000	12230.1163
2910500	12230.2087
2911000	12230.3834
2911500	12230.8498
2912000	12230.8204
2912500	12230.8655
2913000	12230.8387
2913500	12231.2459
2914000	12231.1221
2914500	12231.0194
2915000	12231.0477
2915500	12230.6824
2916000	12230.3706
2916500	12230.0656
2917000	12230.1267
2917500	12230.1409
2918000	12230.2961
2918500	12230.3963
2919000	12230.5169
2919500	12230.4972
2920000	12230.7077
2920500	12230.8034
2921000	12230.9758
2921500	12231.0731
2922000	12231.1448
2922500	12231.1990
2923000	12231.3204
2923500	12231.2807
2924000	12231.0504
2924500	12230.7415
2925000	12230.7807
2925500	12231.0402
2926000	12231.1086
2926500	12231.1905
2927000	12230.8863
2927500	12231.1572
2928000	12231.1447
2928500	12231.5479
2929000	12231.6478
2929500	12231.5866
2930000	12231.4611
2930500	12231.4411
2931000	12231.3889
2931500	12231.0935
2932000	12230.9675
2932500	12231.2860
2933000	12231.4718
2933500	12231.6078
2934000	12231.2893
2934500	12231.6349
2935000	12231.9679
2935500	12231.5943
2936000	12231.4750
2936500	12231.6062
2937000	12232.0145
2937500	12232.1985
2938000	12231.9870
2938500	12231.6793
2939000	12231.9388
2939500	12231.9945
2940000	12231.7479
2940500	12231.4149
2941000	12231.4452
2941500	12231.5014
2942000	12230.6777
2942500	12230.7648
2943000	12230.7226
2943500	12230.8442
2944000	12231.2721
2944500	12231.1946
2945000	12231.0073
2945500	12230.8091
2946000	12231.1980
2946500	12231.5053
2947000	12231.4553
2947500	12231.4627
2948000	12231.2978
2948500	12231.4625
2949000	12231.6999
2949500	12231.5182
2950000	12231.3792
2950500	12231.5105
2951000	12231.7253
2951500	12231.7834
2952000	12232.2279
2952500	12232.2799
2953000	12232.3795
2953500	12232.3022
2954000	12232.2815
2954500	12232.7124
2955000	12232.6683
2955500	12232.6476
2956000	12232.5515
2956500	12232.5745
2957000	12232.8039
2957500	12232.7058
2958000	12232.5243
2958500	12232.0859
2959000	12231.9890
2959500	12232.2946
2960000	12231.5020
2960500	12231.5710
2961000	12231.9939
2961500	12231.7242
2962000	12231.8536
2962500	12231.9208
2963000	12231.8919
2963500	12231.9138
2964000	12231.6650
2964500	12231.6797
2965000	12231.4942
2965500	12231.7084
2966000	12231.5206
2966500	12231.7529
2967000	12231.4634
2967500	12231.3812
2968000	12230.9604
2968500	12231.2615
2969000	12231.6181
2969500	12231.5924
2970000	12231.5146
2970500	12231.6578
2971000	12231.4959
2971500	12231.5046
2972000	12231.4136
2972500	12231.8286
2973000	12231.7574
2973500	12231.6678
2974000	12231.5714
2974500	12231.0416
2975000	12231.0459
2975500	12231.0329
2976000	12231.0730
2976500	12230.6943
2977000	12230.7601
2977500	12230.8585
2978000	12230.5404
2978500	12230.5937
2979000	12230.5114
2979500	12230.0533
2980000	12229.8357
2980500	12229.5359
2981000	12229.8502
2981500	12229.8107
2982000	12229.7004
2982500	12228.8165
2983000	12228.6948
2983500	12228.9378
2984000	12229.0753
2984500	12229.0913
2985000	12229.2862
2985500	12229.2594
2986000	12229.2435
2986500	12229.2574
2987000	12229.3698
2987500	12228.9607
2988000	12228.5763
2988500	12228.5225
2989000	12228.5959
2989500	12228.7701
2990000	12228.9841
2990500	12228.3302
2991000	12228.6395
2991500	12228.7038
2992000	12228.8950
2992500	12228.7343
2993000	12228.6706
2993500	12228.8794
2994000	12228.7350
2994500	12229.0960
2995000	12228.9007
2995500	12228.9635
2996000	12228.8937
2996500	12228.9170
2997000	12228.9314
2997500	12228.9897
2998000	12229.0361
2998500	12229.2219
2999000	12229.6189
2999500	12229.7402
3000000	12230.0091
3000500	12229.8032
3001000	12229.8106
3001500	12229.6012
3002000	12229.6901
3002500	12229.9475
3003000	12229.8545
3003500	12230.2859
3004000	12230.1640
3004500	12230.1898
3005000	12229.7886
3005500	12229.6288
3006000	12229.7461
3006500	12229.8159
3007000	12229.8339
3007500	12229.7410
3008000	12229.8868
3008500	12229.6348
3009000	12229.4635
3009500	12229.5545
3010000	12229.7799
3010500	12229.4993
3011000	12229.2933
3011500	12228.9519
3012000	12229.0226
3012500	12228.8309
3013000	12228.9437
3013500	12228.9455
3014000	12228.8453
3014500	12228.9994
3015000	12228.9187
3015500	12229.0841
3016000	12229.2540
3016500	12229.2523
3017000	12229.1606
3017500	12228.6024
3018000	12228.3356
3018500	12228.2395
3019000	12228.4258
3019500	12228.6436
3020000	12228.3063
3020500	12228.6447
3021000	12228.6516
3021500	12228.5296
3022000	12228.6435
3022500	12228.9394
3023000	12228.7853
3023500	12228.9512
3024000	12228.5993
3024500	12228.3217
3025000	12227.9397
3025500	12227.9154
3026000	12227.8549
3026500	12227.7518
3027000	12227.9388
3027500	12227.8399
3028000	12227.8351
3028500	12227.8594
3029000	12227.9699
3029500	12227.7565
3030000	12228.1422
3030500	12228.0368
3031000	12228.0971
3031500	12227.9160
3032000	12227.9754
3032500	12227.6922
3033000	12227.9364
3033500	12228.2840
3034000	12228.4772
3034500	12228.3912
3035000	12228.3805
3035500	12228.6625
3036000	12228.9153
3036500	12229.0971
3037000	12229.2122
3037500	12229.0611
3038000	12229.1171
3038500	12229.1652
3039000	12229.2013
3039500	12229.3748
3040000	12229.6316
3040500	12229.6192
3041000	12229.6181
3041500	12229.4230
3042000	12229.2146
3042500	12229.3013
3043000	12229.1822
3043500	12229.2163
3044000	12229.0302
3044500	12229.2618
3045000	12229.4749
3045500	12229.1922
3046000	12228.9175
3046500	12228.9551
3047000	12229.1266
3047500	12229.0667
3048000	12229.3777
3048500	12229.2955
3049000	12229.3517
3049500	12229.0609
3050000	12229.3060
3050500	12229.3646
3051000	12229.2125
3051500	12229.1371
3052000	12229.3037
3052500	12229.3473
3053000	12229.3786
3053500	12229.7161
3054000	12229.8176
3054500	12229.5738
3055000	12229.6795
3055500	12229.9851
3056000	12229.8387
3056500	12229.9116
3057000	12229.4720
3057500	12229.7960
3058000	12229.8165
3058500	12229.8779
3059000	12229.8920
3059500	12229.9615
3060000	12229.8416
3060500	12229.9008
3061000	12229.8292
3061500	12230.0186
3062000	12230.2732
3062500	12230.1321
3063000	12230.3137
3063500	12230.4670
3064000	12230.0223
3064500	12230.0057
3065000	12230.1173
3065500	12230.3619
3066000	12230.4132
3066500	12230.1681
3067000	12230.5599
3067500	12230.7335
3068000	12230.8521
3068500	12231.0282
3069000	12231.0828
3069500	12231.0727
3070000	12231.3930
3070500	12231.1276
3071000	12231.1683
3071500	12231.5634
3072000	12231.7785
3072500	12231.8903
3073000	12231.8614
3073500	12231.9888
3074000	12231.8201
3074500	12231.8220
3075000	12231.8657
3075500	12231.8882
3076000	12231.9130
3076500	12231.8973
3077000	12231.4161
3077500	12231.5274
3078000	12231.4908
3078500	12231.3094
3079000	12231.5508
3079500	12231.5547
3080000	12231.5487
3080500	12231.4684
3081000	12231.2487
3081500	12231.4698
3082000	12231.6896
3082500	12231.9001
3083000	12232.0887
3083500	12231.9624
3084000	12231.8096
3084500	12231.8816
3085000	12231.4920
3085500	12231.7889
3086000	12231.8644
3086500	12232.0970
3087000	12231.9376
3087500	12232.2110
3088000	12232.2950
3088500	12232.2367
3089000	12232.1915
3089500	12232.4281
3090000	12232.2665
3090500	12232.6284
3091000	12232.4597
3091500	12232.4332
3092000	12232.6484
3092500	12232.4606
3093000	12232.3905
3093500	12232.4559
3094000	12232.6153
3094500	12232.9749
3095000	12233.0826
3095500	12232.9558
3096000	12232.6947
3096500	12232.9161
3097000	12233.2004
3097500	12232.9721
3098000	12232.8792
3098500	12232.6257
3099000	12232.7647
3099500	12233.3033
3100000	12233.2925
3100500	12233.4401
3101000	12233.5793
3101500	12233.8754
3102000	12233.8044
3102500	12233.6135
3103000	12233.3558
3103500	12233.2476
3104000	12233.3382
3104500	12233.1767
3105000	12233.4278
3105500	12233.5452
3106000	12233.6474
3106500	12233.3759
3107000	12233.3881
3107500	12233.6292
3108000	12233.9224
3108500	12234.2301
3109000	12234.1962
3109500	12234.1420
3110000	12234.2805
3110500	12234.2657
3111000	12234.5746
3111500	12234.9782
3112000	12235.2477
3112500	12235.4618
3113000	12235.4813
3113500	12235.4479
3114000	12235.6622
3114500	12235.4327
3115000	12235.3492
3115500	12235.7995
3116000	12235.5519
3116500	12235.1962
3117000	12235.1742
3117500	12235.3624
3118000	12235.5500
3118500	12235.6411
3119000	12235.8913
3119500	12235.3753
3120000	12235.3434
3120500	12235.0774
3121000	12235.1320
3121500	12235.1208
3122000	12234.8132
3122500	12235.1125
3123000	12234.9026
3123500	12235.1233
3124000	12235.0777
3124500	12235.0176
3125000	12234.7954
3125500	12235.2526
3126000	12235.5565
3126500	12235.3737
3127000	12235.3870
3127500	12235.3680
3128000	12235.0036
3128500	12234.9662
3129000	12235.3891
3129500	12235.2352
3130000	12234.9816
3130500	12234.9950
3131000	12234.8099
3131500	12234.8352
3132000	12234.7761
3132500	12234.6919
3133000	12234.9811
3133500	12235.0598
3134000	12234.9068
3134500	12234.8822
3135000	12234.8196
3135500	12234.8423
3136000	12234.6718
3136500	12234.3622
3137000	12234.4103
3137500	12234.7257
3138000	12234.9263
3138500	12234.7776
3139000	12234.4298
3139500	12234.1199
3140000	12234.3761
3140500	12234.4185
3141000	12234.6984
3141500	12234.7451
3142000	12234.9804
3142500	12234.8657
3143000	12235.1635
3143500	12235.4025
3144000	12235.4000
3144500	12235.6268
3145000	12236.0116
3145500	12235.6872
3146000	12235.9461
3146500	12236.0517
3147000	12236.1532
3147500	12236.0490
3148000	12236.2461
3148500	12236.4660
3149000	12236.4346
3149500	12236.1885
3150000	12235.9066
3150500	12235.5892
3151000	12235.7131
3151500	12235.5523
3152000	12235.3757
3152500	12235.4025
3153000	12235.2720
3153500	12235.5087
3154000	12235.5559
3154500	12235.4005
3155000	12235.5678
3155500	12235.6175
3156000	12235.3637
3156500	12235.1099
3157000	12234.8747
3157500	12235.0043
3158000	12234.4953
3158500	12234.7344
3159000	12234.8863
3159500	12235.0618
3160000	12234.8012
3160500	12234.7570
3161000	12234.6281
3161500	12234.3971
3162000	12234.4171
3162500	12234.4843
3163000	12234.5816
3163500	12234.7344
3164000	12234.7359
3164500	12234.6672
3165000	12234.7558
3165500	12235.2921
3166000	12235.0743
3166500	12234.7057
3167000	12234.3052
3167500	12234.0461
3168000	12234.0743
3168500	12234.2832
3169000	12234.3597
3169500	12234.4212
3170000	12234.5304
3170500	12234.4559
3171000	12234.1047
3171500	12234.3760
3172000	12234.4092
3172500	12234.5418
3173000	12234.2820
3173500	12234.1222
3174000	12234.3208
3174500	12234.5594
3175000	12234.4393
3175500	12234.2359
3176000	12234.0274
3176500	12234.0101
3177000	12234.2548
3177500	12234.4541
3178000	12234.4635
3178500	12234.3914
3179000	12233.8961
3179500	12234.1757
3180000	12234.2531
3180500	12234.3045
3181000	12234.1288
3181500	12233.7042
3182000	12233.6138
3182500	12233.2901
3183000	12233.4386
3183500	12233.4259
3184000	12233.7044
3184500	12233.7851
3185000	12233.7851
3185500	12233.8964
3186000	12233.7102
3186500	12233.6151
3187000	12233.8455
3187500	12234.0321
3188000	12234.3295
3188500	12234.0807
3189000	12234.3303
3189500	12234.4075
3190000	12234.5486
3190500	12234.5041
3191000	12233.8374
3191500	12233.5188
3192000	12233.3550
3192500	12233.4546
3193000	12233.3457
3193500	12233.2132
3194000	12233.0798
3194500	12233.1812
3195000	12233.1519
3195500	12233.3078
3196000	12233.7057
3196500	12233.8164
3197000	12233.4387
3197500	12233.5026
3198000	12233.6674
3198500	12233.3223
3199000	12233.5503
3199500	12233.3654
3200000	12233.3094
3200500	12233.2431
3201000	12233.0618
3201500	12232.8177
3202000	12232.8906
3202500	12233.1141
3203000	12233.1680
3203500	12233.3081
3204000	12233.3571
3204500	12233.2269
3205000	12233.3265
3205500	12233.4665
3206000	12233.6553
3206500	12233.8759
3207000	12233.7340
3207500	12233.7984
3208000	12234.0598
3208500	12234.0384
3209000	12233.5946
3209500	12233.9116
3210000	12233.8844
3210500	12233.8976
3211000	12233.5026
3211500	12233.2557
3212000	12233.1496
3212500	12232.9347
3213000	12232.9340
3213500	12233.0468
3214000	12232.8828
3214500	12233.0670
3215000	12233.2512
3215500	12233.7080
3216000	12233.7531
3216500	12233.5154
3217000	12233.4801
3217500	12233.4339
3218000	12233.2677
3218500	12233.0577
3219000	12233.1802
3219500	12233.2955
3220000	12232.8325
3220500	12232.8510
3221000	12232.7761
3221500	12232.7672
3222000	12232.8446
3222500	12232.8087
3223000	12232.6548
3223500	12232.6596
3224000	12232.5352
3224500	12232.8054
3225000	12232.8569
3225500	12233.0025
3226000	12232.5070
3226500	12232.6067
3227000	12232.4903
3227500	12232.1208
3228000	12232.2757
3228500	12231.8803
3229000	12232.0679
3229500	12231.9648
3230000	12231.8270
3230500	12232.0046
3231000	12232.1854
3231500	12232.2507
3232000	12232.2003
3232500	12232.3108
3233000	12232.3219
3233500	12232.4780
3234000	12232.3887
3234500	12232.4083
3235000	12232.0662
3235500	12232.0916
3236000	12232.0610
3236500	12231.8671
3237000	12232.0162
3237500	12232.2750
3238000	12232.6098
3238500	12232.6524
3239000	12232.3793
3239500	12232.5155
3240000	12232.4365
3240500	12232.5984
3241000	12232.8581
3241500	12233.0126
3242000	12233.3523
3242500	12233.4121
3243000	12233.3568
3243500	12233.5420
3244000	12233.5012
3244500	12233.5148
3245000	12233.7070
3245500	12233.9284
3246000	12234.1456
3246500	12233.7691
3247000	12233.7222
3247500	12233.8188
3248000	12233.6793
3248500	12233.5209
3249000	12233.5615
3249500	12234.0732
3250000	12233.8927
3250500	12234.2226
3251000	12234.4558
3251500	12234.5039
3252000	12234.2331
3252500	12233.9980
3253000	12233.7845
3253500	12234.0439
3254000	12234.1596
3254500	12234.4872
3255000	12234.4264
3255500	12234.3316
3256000	12234.4873
3256500	12234.8649
3257000	12234.8407
3257500	12234.7207
3258000	12234.5983
3258500	12234.7803
3259000	12234.9777
3259500	12235.0406
3260000	12235.1106
3260500	12235.5230
3261000	12235.6979
3261500	12235.7906
3262000	12235.4872
3262500	12235.7195
3263000	12235.8637
3263500	12235.7852
3264000	12235.7684
3264500	12235.8957
3265000	12235.7611
3265500	12235.3076
3266000	12235.3263
3266500	12235.3365
3267000	12235.6032
3267500	12235.5123
3268000	12235.4998
3268500	12235.4947
3269000	12235.3615
3269500	12235.7001
3270000	12235.9364
3270500	12236.0474
3271000	12236.3181
3271500	12236.2981
3272000	12236.2670
3272500	12236.2723
3273000	12236.2659
3273500	12236.3339
3274000	12235.9612
3274500	12236.1848
3275000	12235.7233
3275500	12235.5901
3276000	12235.5310
3276500	12235.5627
3277000	12235.5754
3277500	12235.6161
3278000	12235.8994
3278500	12235.5555
3279000	12235.6589
3279500	12235.7776
3280000	12235.7900
3280500	12235.9724
3281000	12235.7466
3281500	12235.9785
3282000	12235.9358
3282500	12235.8708
3283000	12235.9740
3283500	12235.9160
3284000	12235.9782
3284500	12236.1308
3285000	12236.3213
3285500	12236.3253
3286000	12236.6050
3286500	12236.7057
3287000	12236.5626
3287500	12236.7415
3288000	12236.8533
3288500	12237.2327
3289000	12237.2733
3289500	12236.8119
3290000	12237.1159
3290500	12237.3841
3291000	12237.3520
3291500	12237.1568
3292000	12237.3439
3292500	12237.8457
3293000	12237.7739
3293500	12237.7141
3294000	12237.7453
3294500	12237.7340
3295000	12237.7465
3295500	12238.0505
3296000	12238.2456
3296500	12238.2761
3297000	12238.5125
3297500	12238.5432
3298000	12238.8725
3298500	12238.9673
3299000	12239.4422
3299500	12239.5259
3300000	12239.4015
3300500	12239.4585
3301000	12239.6035
3301500	12239.8265
3302000	12239.6953
3302500	12239.6473
3303000	12239.6955
3303500	12239.8357
3304000	12239.9295
3304500	12239.6916
3305000	12239.9155
3305500	12239.9158
3306000	12239.8667
3306500	12239.8759
3307000	12239.8750
3307500	12239.5299
3308000	12239.7651
3308500	12239.5203
3309000	12239.5807
3309500	12239.7262
3310000	12239.6639
3310500	12239.6990
3311000	12239.6332
3311500	12239.8271
3312000	12240.1442
3312500	12239.9682
3313000	12239.9489
3313500	12240.0218
3314000	12239.9245
3314500	12239.8547
3315000	12239.6811
3315500	12239.8181
3316000	12240.1465
3316500	12240.2566
3317000	12240.0353
3317500	12239.8481
3318000	12239.9128
3318500	12239.9547
3319000	12240.0728
3319500	12240.2777
3320000	12240.3016
3320500	12240.2685
3321000	12239.7715
3321500	12239.9082
3322000	12239.9135
3322500	12239.7446
3323000	12239.5922
3323500	12239.6266
3324000	12239.5960
3324500	12239.6184
3325000	12239.3249
3325500	12239.0513
3326000	12238.9970
3326500	12238.6521
3327000	12238.7969
3327500	12238.8677
3328000	12238.8676
3328500	12238.9229
3329000	12238.8667
3329500	12239.0027
3330000	12238.9460
3330500	12238.6185
3331000	12238.5536
3331500	12238.1882
3332000	12238.4226
3332500	12238.3741
3333000	12238.4563
3333500	12238.2160
3334000	12238.6335
3334500	12238.5193
3335000	12238.4547
3335500	12238.3891
3336000	12238.6590
3336500	12238.7119
3337000	12238.8458
3337500	12238.8703
3338000	12238.8833
3338500	12238.5375
3339000	12238.5017
3339500	12238.7144
3340000	12238.7046
3340500	12238.1839
3341000	12238.4631
3341500	12238.2536
3342000	12238.3493
3342500	12238.6782
3343000	12238.8092
3343500	12238.5569
3344000	12238.5479
3344500	12238.8209
3345000	12238.4885
3345500	12238.4458
3346000	12238.4681
3346500	12238.0800
3347000	12238.0125
3347500	12238.1078
3348000	12237.8923
3348500	12237.8905
3349000	12237.8122
3349500	12238.1278
3350000	12238.3634
3350500	12238.3610
3351000	12238.1883
3351500	12237.9729
3352000	12237.6920
3352500	12237.0701
3353000	12237.3918
3353500	12237.1860
3354000	12237.6485
3354500	12237.7479
3355000	12237.7700
3355500	12237.7503
3356000	12237.5318
3356500	12237.6100
3357000	12237.7296
3357500	12237.9146
3358000	12237.9706
3358500	12237.8687
3359000	12238.0101
3359500	12237.8938
3360000	12237.8710
3360500	12237.6709
3361000	12237.4327
3361500	12237.3576
3362000	12237.6318
3362500	12237.4678
3363000	12237.4740
3363500	12237.4272
3364000	12237.3346
3364500	12237.1766
3365000	12237.1859
3365500	12237.3240
3366000	12237.5479
3366500	12237.5037
3367000	12237.5263
3367500	12237.6771
3368000	12237.3081
3368500	12237.4582
3369000	12237.3544
3369500	12237.3752
3370000	12237.0897
3370500	12237.2683
3371000	12237.2283
3371500	12237.2274
3372000	12237.4739
3372500	12237.4297
3373000	12237.2243
3373500	12237.3636
3374000	12237.5517
3374500	12237.5465
3375000	12238.0319
3375500	12238.2706
3376000	12238.2829
3376500	12237.8758
3377000	12237.7718
3377500	12237.8752
3378000	12238.0348
3378500	12237.9998
3379000	12237.9213
3379500	12238.1426
3380000	12237.9332
3380500	12238.4243
3381000	12238.0730
3381500	12238.0131
3382000	12237.8719
3382500	12237.8140
3383000	12238.1059
3383500	12238.2742
3384000	12238.3760
3384500	12238.4821
3385000	12238.7783
3385500	12238.8352
3386000	12239.0307
3386500	12239.1324
3387000	12238.9707
3387500	12238.9289
3388000	12238.9922
3388500	12238.6570
3389000	12238.5480
3389500	12238.6361
3390000	12238.9442
3390500	12238.9901
3391000	12238.6015
3391500	12238.5802
3392000	12238.5511
3392500	12238.4396
3393000	12237.9666
3393500	12237.8604
3394000	12237.7790
3394500	12237.8607
3395000	12238.0074
3395500	12238.0190
3396000	12238.0315
3396500	12238.1392
3397000	12238.2428
3397500	12238.5546
3398000	12238.5433
3398500	12238.4324
3399000	12238.8077
3399500	12238.9023
3400000	12238.9343
3400500	12238.8315
3401000	12238.5708
3401500	12238.5796
3402000	12238.6407
3402500	12238.7123
3403000	12238.9259
3403500	12239.2133
3404000	12239.4911
3404500	12239.6411
3405000	12239.6828
3405500	12239.5014
3406000	12239.5296
3406500	12239.5752
3407000	12239.6785
3407500	12239.7161
3408000	12240.1638
3408500	12240.2947
3409000	12240.2267
3409500	12240.0549
3410000	12239.7787
3410500	12239.9107
3411000	12240.3971
3411500	12240.3426
3412000	12240.4115
3412500	12240.5152
3413000	12240.7312
3413500	12240.8224
3414000	12240.8993
3414500	12240.8074
3415000	12240.5379
3415500	12240.7227
3416000	12240.8789
3416500	12240.9753
3417000	12240.8827
3417500	12240.8044
3418000	12240.9717
3418500	12241.0679
3419000	12240.9752
3419500	12241.2733
3420000	12241.1234
3420500	12241.1143
3421000	12241.2395
3421500	12241.6352
3422000	12241.8363
3422500	12241.8674
3423000	12241.8925
3423500	12241.8118
3424000	12241.6737
3424500	12241.9472
3425000	12241.7552
3425500	12241.7790
3426000	12241.8075
3426500	12242.0574
3427000	12241.9891
3427500	12242.3017
3428000	12242.2301
3428500	12242.1681
3429000	12242.0063
3429500	12241.3465
3430000	12241.1898
3430500	12241.2385
3431000	12241.2980
3431500	12240.9966
3432000	12241.0780
3432500	12241.1204
3433000	12241.1246
3433500	12241.1032
3434000	12241.0664
3434500	12241.1423
3435000	12240.9006
3435500	12240.8616
3436000	12240.8543
3436500	12241.2862
3437000	12241.4628
3437500	12241.1197
3438000	12241.3307
3438500	12241.2584
3439000	12240.9468
3439500	12240.8579
3440000	12240.8511
3440500	12240.6690
3441000	12240.6259
3441500	12240.5499
3442000	12240.5065
3442500	12240.3727
3443000	12240.2235
3443500	12240.1133
3444000	12240.3545
3444500	12240.5823
3445000	12240.8246
3445500	12241.1655
3446000	12241.2706
3446500	12241.4684
3447000	12241.4473
3447500	12240.9985
3448000	12240.9065
3448500	12240.6178
3449000	12240.7708
3449500	12240.6380
3450000	12240.8533
3450500	12240.7612
3451000	12240.7831
3451500	12240.8733
3452000	12241.1512
3452500	12241.0759
3453000	12241.0480
3453500	12240.2843
3454000	12240.4221
3454500	12240.5945
3455000	12240.4678
3455500	12240.2007
3456000	12240.2772
3456500	12240.4526
3457000	12240.5172
3457500	12240.5792
3458000	12240.6051
3458500	12240.6543
3459000	12240.8814
3459500	12241.1186
3460000	12241.0328
3460500	12241.1933
3461000	12240.9286
3461500	12240.9934
3462000	12240.9755
3462500	12241.0423
3463000	12240.9834
3463500	12240.7677
3464000	12240.4209
3464500	12240.6110
3465000	12240.4364
3465500	12240.1174
3466000	12240.1809
3466500	12240.1444
3467000	12240.5450
3467500	12240.7589
3468000	12240.4643
3468500	12240.3698
3469000	12240.4701
3469500	12240.6283
3470000	12240.4183
3470500	12240.3020
3471000	12240.5729
3471500	12240.5703
3472000	12240.4543
3472500	12240.1360
3473000	12240.0310
3473500	12239.8669
3474000	12240.0074
3474500	12239.7632
3475000	12239.7096
3475500	12239.8474
3476000	12240.0753
3476500	12240.0710
3477000	12239.7461
3477500	12239.4471
3478000	12239.6925
3478500	12239.6586
3479000	12239.6476
3479500	12239.0369
3480000	12238.3275
3480500	12238.1749
3481000	12237.9041
3481500	12238.0076
3482000	12238.3098
3482500	12238.1165
3483000	12238.0518
3483500	12237.7815
3484000	12237.5259
3484500	12237.3200
3485000	12237.5599
3485500	12237.8511
3486000	12237.9111
3486500	12237.9584
3487000	12238.0995
3487500	12238.3705
3488000	12238.2869
3488500	12238.1831
3489000	12238.3546
3489500	12238.4259
3490000	12238.5898
3490500	12238.6343
3491000	12238.8299
3491500	12238.8673
3492000	12239.1324
3492500	12239.1178
3493000	12239.0719
3493500	12239.0586
3494000	12238.9866
3494500	12239.1387
3495000	12239.3736
3495500	12239.6310
3496000	12239.6217
3496500	12239.2761
3497000	12239.5752
3497500	12239.5739
3498000	12239.7684
3498500	12240.0374
3499000	12240.1787
3499500	12239.8880
3500000	12239.9849
3500500	12239.8885
3501000	12240.1004
3501500	12240.2999
3502000	12240.6403
3502500	12240.7511
3503000	12241.1183
3503500	12240.8439
3504000	12240.9909
3504500	12240.8675
3505000	12240.8438
3505500	12240.9667
3506000	12241.0383
3506500	12241.0493
3507000	12240.9041
3507500	12241.0631
3508000	12241.5437
3508500	12241.5631
3509000	12241.6416
3509500	12241.7444
3510000	12241.9605
3510500	12241.8612
3511000	12241.5028
3511500	12241.5542
3512000	12241.6340
3512500	12241.5410
3513000	12241.0798
3513500	12240.8980
3514000	12241.3279
3514500	12241.7223
3515000	12241.7709
3515500	12241.4102
3516000	12241.3406
3516500	12241.1867
3517000	12241.1467
3517500	12240.9787
3518000	12240.8580
3518500	12240.8483
3519000	12240.8495
3519500	12240.7792
3520000	12240.8178
3520500	12240.7757
3521000	12240.6978
3521500	12240.5498
3522000	12240.8208
3522500	12240.8844
3523000	12241.2410
3523500	12240.9370
3524000	12240.9585
3524500	12240.9413
3525000	12240.9361
3525500	12240.9137
3526000	12241.0118
3526500	12240.9507
3527000	12241.2799
3527500	12240.9534
3528000	12240.8255
3528500	12241.0360
3529000	12241.2250
3529500	12241.2399
3530000	12241.1247
3530500	12241.2485
3531000	12241.0844
3531500	12241.0000
3532000	12240.8937
3532500	12241.0111
3533000	12241.2769
3533500	12241.3002
3534000	12241.1398
3534500	12241.2759
3535000	12241.2780
3535500	12241.3903
3536000	12241.3339
3536500	12241.3071
3537000	12241.2378
3537500	12241.1420
3538000	12240.8325
3538500	12241.0407
3539000	12241.4638
3539500	12241.6436
3540000	12241.7790
3540500	12241.6884
3541000	12241.6552
3541500	12241.3982
3542000	12241.5068
3542500	12241.7275
3543000	12242.0066
3543500	12241.6335
3544000	12241.7226
3544500	12241.6834
3545000	12241.5292
3545500	12241.4264
3546000	12241.4766
3546500	12241.4769
3547000	12241.5475
3547500	12241.6486
3548000	12241.7851
3548500	12241.6534
3549000	12241.5485
3549500	12241.7115
3550000	12241.5728
3550500	12241.6825
3551000	12241.6488
3551500	12241.6620
3552000	12241.7864
3552500	12241.4468
3553000	12241.4761
3553500	12241.3383
3554000	12241.0482
3554500	12240.9942
3555000	12241.2214
3555500	12241.1886
3556000	12241.2526
3556500	12241.4106
3557000	12241.4942
3557500	12241.7739
3558000	12241.9242
3558500	12242.0328
3559000	12241.9391
3559500	12242.0464
3560000	12242.0560
3560500	12242.2893
3561000	12242.3743
3561500	12242.7219
3562000	12242.7742
3562500	12242.5479
3563000	12242.5772
3563500	12242.2036
3564000	12242.4475
3564500	12242.3262
3565000	12242.3372
3565500	12242.2421
3566000	12242.2212
3566500	12242.2755
3567000	12242.2853
3567500	12242.4817
3568000	12242.2964
3568500	12242.4198
3569000	12242.3220
3569500	12242.4644
3570000	12242.5461
3570500	12242.5632
3571000	12242.4591
3571500	12242.5715
3572000	12242.4551
3572500	12242.3969
3573000	12242.4441
3573500	12242.4681
3574000	12242.4146
3574500	12242.5363
3575000	12242.6288
3575500	12242.6977
3576000	12242.4826
3576500	12242.5269
3577000	12242.5524
3577500	12242.5712
3578000	12242.7706
3578500	12243.1411
3579000	12243.1619
3579500	12243.1230
3580000	12243.0114
3580500	12242.9931
3581000	12242.8603
3581500	12242.9153
3582000	12243.1890
3582500	12243.0422
3583000	12243.1149
3583500	12243.1283
3584000	12242.7642
3584500	12242.4949
3585000	12242.8605
3585500	12242.8015
3586000	12242.9292
3586500	12243.0726
3587000	12243.0099
3587500	12242.8891
3588000	12242.6885
3588500	12242.6798
3589000	12243.0371
3589500	12242.8047
3590000	12242.8604
3590500	12242.8138
3591000	12242.4305
3591500	12242.0747
3592000	12242.1346
3592500	12242.1283
3593000	12242.3609
3593500	12242.0980
3594000	12242.2628
3594500	12242.3092
3595000	12242.0556
3595500	12242.2401
3596000	12242.2796
3596500	12242.4926
3597000	12242.4329
3597500	12242.5595
3598000	12242.6792
3598500	12242.9256
3599000	12242.8647
3599500	12242.8057
3600000	12242.8964
3600500	12243.0487
3601000	12243.1462
3601500	12243.4078
3602000	12243.3664
3602500	12243.3995
3603000	12243.3670
3603500	12243.3791
3604000	12243.3630
3604500	12243.4108
3605000	12243.2835
3605500	12243.4141
3606000	12243.4442
3606500	12243.4187
3607000	12243.1438
3607500	12243.4242
3608000	12243.3463
3608500	12243.3263
3609000	12243.5114
3609500	12243.1809
3610000	12243.1699
3610500	12243.1825
3611000	12243.4368
3611500	12243.3052
3612000	12243.4609
3612500	12243.4261
3613000	12243.5736
3613500	12243.4716
3614000	12243.5742
3614500	12243.4116
3615000	12243.2512
3615500	12243.2062
3616000	12243.1495
3616500	12242.8107
3617000	12242.9516
3617500	12242.6253
3618000	12242.9231
3618500	12242.7557
3619000	12242.7855
3619500	12243.1249
3620000	12243.2333
3620500	12243.0781
3621000	12242.9857
3621500	12243.0194
3622000	12243.1508
3622500	12243.1696
3623000	12243.4095
3623500	12243.4893
3624000	12243.2870
3624500	12243.2484
3625000	12243.1118
3625500	12243.0407
3626000	12242.8154
3626500	12242.6693
3627000	12242.7664
3627500	12242.9200
3628000	12243.0160
3628500	12243.0749
3629000	12243.1596
3629500	12242.9902
3630000	12242.8260
3630500	12242.6500
3631000	12243.0639
3631500	12243.1836
3632000	12243.2746
3632500	12243.3117
3633000	12243.2944
3633500	12243.4229
3634000	12243.3962
3634500	12243.3299
3635000	12243.4252
3635500	12243.1765
3636000	12243.1479
3636500	12243.1103
3637000	12243.0202
3637500	12242.8358
3638000	12242.9216
3638500	12242.7639
3639000	12242.8622
3639500	12242.8457
3640000	12242.8105
3640500	12242.8242
3641000	12242.8939
3641500	12242.9821
3642000	12242.8529
3642500	12242.9604
3643000	12242.7442
3643500	12242.7225
3644000	12242.6724
3644500	12242.9824
3645000	12243.1307
3645500	12243.3993
3646000	12244.0028
3646500	12244.0011
3647000	12243.9988
3647500	12243.8131
3648000	12243.8493
3648500	12243.7786
3649000	12243.8232
3649500	12243.6830
3650000	12243.6198
3650500	12243.7796
3651000	12243.5442
3651500	12243.4296
3652000	12243.2318
3652500	12243.2856
3653000	12243.1498
3653500	12243.0384
3654000	12243.1738
3654500	12243.0949
3655000	12242.9184
3655500	12242.6402
3656000	12242.4781
3656500	12242.6584
3657000	12242.4811
3657500	12242.4204
3658000	12242.2812
3658500	12242.3031
3659000	12242.6989
3659500	12242.5407
3660000	12242.4366
3660500	12242.7570
3661000	12242.6965
3661500	12242.7927
3662000	12242.7612
3662500	12242.7543
3663000	12243.0773
3663500	12243.1343
3664000	12243.2342
3664500	12243.3803
3665000	12243.4590
3665500	12243.5099
3666000	12243.3361
3666500	12243.2655
3667000	12243.2854
3667500	12242.9247
3668000	12243.2871
3668500	12243.3929
3669000	12243.5002
3669500	12243.6626
3670000	12243.7105
3670500	12243.7383
3671000	12243.9366
3671500	12243.9432
3672000	12243.7412
3672500	12243.7580
3673000	12243.8330
3673500	12243.6780
3674000	12243.7314
3674500	12243.8010
3675000	12243.8795
3675500	12243.7906
3676000	12243.6449
3676500	12243.8694
3677000	12243.7563
3677500	12243.7689
3678000	12243.8297
3678500	12243.7466
3679000	12243.6198
3679500	12243.6048
3680000	12243.6282
3680500	12243.5649
3681000	12243.1603
3681500	12243.1312
3682000	12243.0106
3682500	12243.2984
3683000	12243.1344
3683500	12243.2582
3684000	12243.1405
3684500	12242.7817
3685000	12242.7579
3685500	12242.9415
3686000	12242.7078
3686500	12242.6849
3687000	12242.5051
3687500	12242.7293
3688000	12243.0065
3688500	12243.0717
3689000	12243.2018
3689500	12243.0551
3690000	12243.2606
3690500	12243.4771
3691000	12243.5707
3691500	12243.6231
3692000	12243.5904
3692500	12243.6164
3693000	12244.2874
3693500	12244.1642
3694000	12244.2044
3694500	12244.1711
3695000	12244.7000
3695500	12244.7796
3696000	12244.8798
3696500	12244.7292
3697000	12244.9093
3697500	12245.0085
3698000	12245.0380
3698500	12245.1452
3699000	12244.9643
3699500	12245.1132
3700000	12245.2422
3700500	12245.3937
3701000	12245.6234
3701500	12245.6004
3702000	12245.8839
3702500	12245.9791
3703000	12246.0347
3703500	12246.3849
3704000	12246.2177
3704500	12246.1024
3705000	12246.0321
3705500	12245.9207
3706000	12246.0975
3706500	12246.1107
3707000	12246.3632
3707500	12246.2378
3708000	12246.2041
3708500	12246.4122
3709000	12246.1472
3709500	12246.2281
3710000	12246.1549
3710500	12246.1026
3711000	12246.0486
3711500	12246.2576
3712000	12246.1819
3712500	12246.2521
3713000	12246.2671
3713500	12246.3437
3714000	12246.4601
3714500	12246.2870
3715000	12246.3129
3715500	12246.3233
3716000	12246.1645
3716500	12245.7507
3717000	12245.8690
3717500	12245.8257
3718000	12245.8244
3718500	12245.4631
3719000	12245.4239
3719500	12245.2075
3720000	12244.6711
3720500	12244.7566
3721000	12244.3598
3721500	12244.2390
3722000	12244.3441
3722500	12244.2268
3723000	12244.2146
3723500	12244.4850
3724000	12244.4608
3724500	12244.2259
3725000	12244.3656
3725500	12244.1381
3726000	12244.0473
3726500	12243.8576
3727000	12243.8689
3727500	12244.2320
3728000	12244.1150
3728500	12244.1642
3729000	12243.8722
3729500	12244.1171
3730000	12244.0526
3730500	12244.0118
3731000	12244.1367
3731500	12243.9341
3732000	12244.0363
3732500	12243.5064
3733000	12243.2444
3733500	12243.3087
3734000	12243.6334
3734500	12243.6986
3735000	12243.6773
3735500	12243.9740
3736000	12244.2450
3736500	12244.0678
3737000	12243.7408
3737500	12243.8645
3738000	12243.9484
3738500	12244.3905
3739000	12244.4613
3739500	12244.4085
3740000	12244.1606
3740500	12244.2869
3741000	12244.3500
3741500	12244.2865
3742000	12244.7096
3742500	12244.3931
3743000	12244.5066
3743500	12244.5408
3744000	12244.3462
3744500	12244.3489
3745000	12244.5645
3745500	12244.5874
3746000	12244.2412
3746500	12244.2501
3747000	12244.2560
3747500	12244.1712
3748000	12243.9553
3748500	12243.9562
3749000	12244.0519
3749500	12243.8957
3750000	12244.0394
3750500	12244.1190
3751000	12244.1389
3751500	12244.2348
3752000	12244.4501
3752500	12244.5103
3753000	12244.2721
3753500	12244.1567
3754000	12244.0991
3754500	12244.2245
3755000	12244.4041
3755500	12244.0350
3756000	12243.8713
3756500	12244.0220
3757000	12243.7983
3757500	12243.7760
3758000	12244.2547
3758500	12244.5802
3759000	12244.7254
3759500	12244.6972
3760000	12244.4809
3760500	12244.0266
3761000	12243.8726
3761500	12243.6917
3762000	12243.8828
3762500	12243.9833
3763000	12244.2984
3763500	12244.3040
3764000	12243.8769
3764500	12243.8517
3765000	12243.6771
3765500	12243.6719
3766000	12243.6467
3766500	12243.8403
3767000	12243.7840
3767500	12243.6022
3768000	12243.5713
3768500	12243.7456
3769000	12243.9203
3769500	12243.9764
3770000	12243.8468
3770500	12243.9505
3771000	12243.4254
3771500	12243.2492
3772000	12243.0933
3772500	12243.0805
3773000	12242.8513
3773500	12242.7224
3774000	12242.6808
3774500	12242.6470
3775000	12242.6001
3775500	12242.5239
3776000	12242.5971
3776500	12242.5421
3777000	12242.3892
3777500	12242.6770
3778000	12242.4762
3778500	12242.2923
3779000	12242.1979
3779500	12242.4504
3780000	12242.8679
3780500	12242.7425
3781000	12242.6682
3781500	12242.8273
3782000	12242.5464
3782500	12242.4382
3783000	12242.4688
3783500	12242.6584
3784000	12242.7883
3784500	12242.9237
3785000	12242.9266
3785500	12242.9700
3786000	12243.2784
3786500	12243.7734
3787000	12243.8205
3787500	12243.8839
3788000	12243.9378
3788500	12244.0130
3789000	12244.2106
3789500	12243.9883
3790000	12244.1233
3790500	12244.2056
3791000	12244.4453
3791500	12244.5183
3792000	12244.6195
3792500	12244.8719
3793000	12244.9520
3793500	12244.8334
3794000	12244.8089
3794500	12244.3462
3795000	12244.2558
3795500	12244.0639
3796000	12244.1954
3796500	12244.1952
3797000	12244.1555
3797500	12244.0102
3798000	12244.2005
3798500	12244.2701
3799000	12244.0143
3799500	12243.9183
3800000	12243.7912
3800500	12243.8623
3801000	12243.9311
3801500	12243.6674
3802000	12243.5093
3802500	12243.2208
3803000	12243.1493
3803500	12242.7991
3804000	12242.9634
3804500	12242.9132
3805000	12242.8669
3805500	12242.9400
3806000	12243.0239
3806500	12243.1789
3807000	12243.1420
3807500	12242.9686
3808000	12243.0446
3808500	12243.0778
3809000	12242.8479
3809500	12242.9735
3810000	12242.7198
3810500	12242.7235
3811000	12242.2732
3811500	12242.5665
3812000	12242.2605
3812500	12242.3733
3813000	12242.5057
3813500	12242.1719
3814000	12242.2047
3814500	12242.0638
3815000	12241.9314
3815500	12242.3167
3816000	12242.1802
3816500	12242.1426
3817000	12242.3768
3817500	12242.2890
3818000	12242.2186
3818500	12242.3038
3819000	12242.2841
3819500	12242.2480
3820000	12242.2350
3820500	12242.3314
3821000	12242.6107
3821500	12242.8300
3822000	12242.8423
3822500	12242.8403
3823000	12242.8517
3823500	12242.8584
3824000	12242.7361
3824500	12242.7056
3825000	12242.7197
3825500	12242.9065
3826000	12242.6427
3826500	12242.5752
3827000	12242.4557
3827500	12242.0785
3828000	12242.3172
3828500	12242.4880
3829000	12242.4153
3829500	12242.3348
3830000	12242.5074
3830500	12242.2819
3831000	12242.3856
3831500	12242.6907
3832000	12242.2265
3832500	12242.3521
3833000	12242.7035
3833500	12242.9342
3834000	12243.0797
3834500	12243.2198
3835000	12243.1195
3835500	12242.9025
3836000	12242.7647
3836500	12242.7200
3837000	12242.7945
3837500	12242.8405
3838000	12242.9245
3838500	12242.6569
3839000	12242.6126
3839500	12242.7740
3840000	12242.9135
3840500	12243.0041
3841000	12243.1255
3841500	12243.1908
3842000	12243.2572
3842500	12243.5700
3843000	12243.4818
3843500	12243.1354
3844000	12243.2951
3844500	12243.1622
3845000	12243.1935
3845500	12243.4381
3846000	12243.8443
3846500	12243.8480
3847000	12243.8367
3847500	12243.8850
3848000	12244.0762
3848500	12244.0425
3849000	12244.0336
3849500	12243.9855
3850000	12243.9583
3850500	12244.0977
3851000	12244.3968
3851500	12244.5442
3852000	12244.5835
3852500	12244.5783
3853000	12244.2723
3853500	12244.2643
3854000	12244.2484
3854500	12244.1236
3855000	12244.0982
3855500	12244.1677
3856000	12244.0070
3856500	12243.9426
3857000	12244.0308
3857500	12244.1481
3858000	12243.9945
3858500	12244.1545
3859000	12244.1256
3859500	12244.1750
3860000	12244.2064
3860500	12244.4076
3861000	12244.3756
3861500	12244.4651
3862000	12244.4400
3862500	12244.4853
3863000	12244.4227
3863500	12244.6165
3864000	12244.7734
3864500	12244.9139
3865000	12245.0293
3865500	12245.0667
3866000	12245.0975
3866500	12245.0739
3867000	12245.0795
3867500	12244.9557
3868000	12244.9104
3868500	12244.9931
3869000	12244.8464
3869500	12244.8405
3870000	12244.8277
3870500	12244.9506
3871000	12244.3715
3871500	12244.3685
3872000	12244.6632
3872500	12244.3714
3873000	12244.2015
3873500	12244.3897
3874000	12244.5172
3874500	12244.6187
3875000	12244.6730
3875500	12244.7049
3876000	12244.5021
3876500	12244.4690
3877000	12244.3978
3877500	12244.5202
3878000	12244.4531
3878500	12244.5761
3879000	12244.4412
3879500	12244.2861
3880000	12244.4053
3880500	12244.4403
3881000	12244.2396
3881500	12244.3793
3882000	12244.3054
3882500	12244.2449
3883000	12244.1380
3883500	12244.1751
3884000	12244.3768
3884500	12243.9388
3885000	12243.9263
3885500	12243.9610
3886000	12243.7440
3886500	12243.7222
3887000	12243.9955
3887500	12243.9103
3888000	12244.0646
3888500	12244.2374
3889000	12244.3378
3889500	12244.3115
3890000	12244.2071
3890500	12244.0214
3891000	12243.8765
3891500	12243.9701
3892000	12244.1315
3892500	12244.4073
3893000	12244.4516
3893500	12244.4801
3894000	12244.4417
3894500	12244.4699
3895000	12243.9568
3895500	12243.7912
3896000	12244.1859
3896500	12244.2697
3897000	12244.1716
3897500	12244.0560
3898000	12244.0719
3898500	12244.0947
3899000	12244.3833
3899500	12244.4103
3900000	12244.3146
3900500	12244.3804
3901000	12244.4476
3901500	12244.2858
3902000	12244.5864
3902500	12244.4526
3903000	12244.2494
3903500	12244.3035
3904000	12244.3514
3904500	12244.3122
3905000	12244.1751
3905500	12243.7574
3906000	12243.5069
3906500	12243.2406
3907000	12243.3222
3907500	12243.3096
3908000	12242.9383
3908500	12242.6060
3909000	12242.5094
3909500	12242.3464
3910000	12242.3486
3910500	12242.4309
3911000	12242.3035
3911500	12242.3446
3912000	12242.2245
3912500	12242.3712
3913000	12242.4041
3913500	12242.3900
3914000	12242.4760
3914500	12242.8059
3915000	12242.9310
3915500	12242.7867
3916000	12242.6799
3916500	12242.7737
3917000	12242.8257
3917500	12242.4932
3918000	12242.5108
3918500	12242.4315
3919000	12242.4365
3919500	12242.5888
3920000	12242.2378
3920500	12242.1056
3921000	12242.2979
3921500	12242.3634
3922000	12242.5964
3922500	12242.6158
3923000	12242.4443
3923500	12242.4597
3924000	12242.4321
3924500	12242.3759
3925000	12242.0079
3925500	12241.7433
3926000	12242.0609
3926500	12242.1036
3927000	12242.0466
3927500	12241.7205
3928000	12241.5893
3928500	12241.3786
3929000	12241.4392
3929500	12241.6522
3930000	12241.5952
3930500	12241.6683
3931000	12241.6693
3931500	12241.7825
3932000	12241.9041
3932500	12241.7497
3933000	12241.7129
3933500	12241.8199
3934000	12241.7839
3934500	12241.8154
3935000	12241.7644
3935500	12242.1676
3936000	12242.0153
3936500	12241.5707
3937000	12241.6988
3937500	12241.3172
3938000	12241.2968
3938500	12241.1879
3939000	12240.9898
3939500	12241.0037
3940000	12240.9719
3940500	12240.9971
3941000	12240.5676
3941500	12240.6721
3942000	12240.7314
3942500	12240.7060
3943000	12240.9456
3943500	12240.8318
3944000	12241.0430
3944500	12241.0046
3945000	12240.8516
3945500	12240.6527
3946000	12240.8637
3946500	12240.8566
3947000	12240.9567
3947500	12240.9759
3948000	12241.1429
3948500	12241.2213
3949000	12241.2769
3949500	12241.3970
3950000	12241.6169
3950500	12241.4542
3951000	12241.4163
3951500	12241.5100
3952000	12241.6386
3952500	12241.7408
3953000	12241.4892
3953500	12241.6147
3954000	12241.5238
3954500	12241.6623
3955000	12241.7239
3955500	12241.6126
3956000	12241.8598
3956500	12241.8659
3957000	12242.0402
3957500	12241.6182
3958000	12241.9772
3958500	12242.2475
3959000	12242.3543
3959500	12242.2766
3960000	12242.2398
3960500	12242.2168
3961000	12242.0249
3961500	12241.8987
3962000	12241.7028
3962500	12241.6753
3963000	12241.8312
3963500	12241.8985
3964000	12242.1060
3964500	12242.3849
3965000	12242.5657
3965500	12242.3681
3966000	12242.3630
3966500	12242.3556
3967000	12242.2295
3967500	12241.9513
3968000	12241.8760
3968500	12241.6550
3969000	12241.9136
3969500	12241.8235
3970000	12242.0252
3970500	12242.1948
3971000	12242.3324
3971500	12242.3422
3972000	12242.5095
3972500	12242.3023
3973000	12242.2804
3973500	12242.3208
3974000	12242.0821
3974500	12242.0819
3975000	12241.9787
3975500	12241.8240
3976000	12241.5826
3976500	12241.6686
3977000	12241.5414
3977500	12241.5825
3978000	12241.5805
3978500	12241.5818
3979000	12241.5894
3979500	12241.4602
3980000	12241.2813
3980500	12241.2820
3981000	12241.5271
3981500	12241.4748
3982000	12241.4393
3982500	12241.5091
3983000	12241.4408
3983500	12241.4876
3984000	12241.5774
3984500	12241.6191
3985000	12241.9918
3985500	12242.1178
3986000	12242.3493
3986500	12242.4580
3987000	12242.3035
3987500	12242.1079
3988000	12242.0060
3988500	12241.9262
3989000	12241.9551
3989500	12241.8404
3990000	12241.9455
3990500	12242.1199
3991000	12241.9063
3991500	12241.7423
3992000	12241.6456
3992500	12241.4697
3993000	12241.4652
3993500	12241.4572
3994000	12241.4586
3994500	12241.4436
3995000	12241.4594
3995500	12241.5145
3996000	12241.5461
3996500	12241.3946
3997000	12241.1519
3997500	12241.0094
3998000	12241.1380
3998500	12240.9376
3999000	12241.0835
3999500	12241.5407
4000000	12241.6882
4000500	12241.8612
4001000	12241.8906
4001500	12241.9168
4002000	12241.8465
4002500	12241.7972
4003000	12241.7256
4003500	12241.8116
4004000	12241.5911
4004500	12241.6574
4005000	12241.7556
4005500	12241.7235
4006000	12241.8788
4006500	12241.7410
4007000	12241.8717
4007500	12241.9724
4008000	12242.1214
4008500	12241.9684
4009000	12242.2196
4009500	12242.3688
4010000	12242.4514
4010500	12242.3410
4011000	12242.1827
4011500	12242.2980
4012000	12242.0866
4012500	12242.3478
4013000	12242.4629
4013500	12242.6877
4014000	12242.8087
4014500	12242.4968
4015000	12242.4910
4015500	12242.7027
4016000	12243.0933
4016500	12242.8838
4017000	12243.0910
4017500	12243.1372
4018000	12243.4346
4018500	12243.0826
4019000	12243.0841
4019500	12243.2851
4020000	12243.2900
4020500	12243.3653
4021000	12243.3502
4021500	12243.5470
4022000	12243.2996
4022500	12243.4757
4023000	12243.5773
4023500	12243.8253
4024000	12244.0596
4024500	12243.8103
4025000	12243.6762
4025500	12243.5069
4026000	12243.5198
4026500	12243.1984
4027000	12243.2331
4027500	12243.3775
4028000	12243.5898
4028500	12243.4583
4029000	12243.4741
4029500	12243.0365
4030000	12242.5829
4030500	12242.2703
4031000	12242.3681
4031500	12242.4177
4032000	12242.2154
4032500	12242.4854
4033000	12242.3186
4033500	12242.3051
4034000	12242.4619
4034500	12242.3461
4035000	12242.3307
4035500	12242.4516
4036000	12242.6932
4036500	12242.5245
4037000	12242.3163
4037500	12242.3695
4038000	12242.5238
4038500	12242.5569
4039000	12242.6515
4039500	12242.7063
4040000	12242.9383
4040500	12242.9293
4041000	12242.9737
4041500	12242.8495
4042000	12242.9760
4042500	12242.9366
4043000	12243.1155
4043500	12243.2252
4044000	12243.4177
4044500	12243.4607
4045000	12243.5118
4045500	12243.5777
4046000	12243.2275
4046500	12243.2534
4047000	12243.0083
4047500	12243.2349
4048000	12243.1416
4048500	12243.2843
4049000	12243.1687
4049500	12243.1175
4050000	12242.8841
4050500	12242.8040
4051000	12242.7947
4051500	12243.0518
4052000	12243.0837
4052500	12243.3457
4053000	12243.4741
4053500	12243.4082
4054000	12243.3075
4054500	12243.2098
4055000	12243.2882
4055500	12243.1406
4056000	12243.0160
4056500	12242.9984
4057000	12242.9657
4057500	12243.0412
4058000	12243.1245
4058500	12243.3875
4059000	12243.6164
4059500	12243.7180
4060000	12243.3727
4060500	12243.4392
4061000	12243.4660
4061500	12243.6393
4062000	12243.6373
4062500	12243.6707
4063000	12243.4503
4063500	12243.1605
4064000	12243.1795
4064500	12243.0939
4065000	12242.8650
4065500	12242.7087
4066000	12242.7968
4066500	12242.6700
4067000	12242.6908
4067500	12242.5734
4068000	12242.5772
4068500	12242.6938
4069000	12242.6135
4069500	12242.7762
4070000	12242.6313
4070500	12242.6611
4071000	12242.5995
4071500	12242.4793
4072000	12242.5516
4072500	12242.4632
4073000	12242.5877
4073500	12242.4845
4074000	12242.3821
4074500	12242.2262
4075000	12242.4303
4075500	12242.2753
4076000	12242.2112
4076500	12242.3032
4077000	12242.3273
4077500	12242.4864
4078000	12242.5529
4078500	12242.6309
4079000	12242.5793
4079500	12242.6262
4080000	12242.6214
4080500	12242.7799
4081000	12242.7930
4081500	12242.5628
4082000	12242.3654
4082500	12242.3802
4083000	12242.3732
4083500	12242.6251
4084000	12242.5143
4084500	12242.5089
4085000	12242.5393
4085500	12242.5893
4086000	12242.4955
4086500	12242.5897
4087000	12242.4115
4087500	12242.4752
4088000	12242.2091
4088500	12242.2302
4089000	12242.5685
4089500	12242.5693
4090000	12242.2019
4090500	12242.1520
4091000	12241.9828
4091500	12241.8228
4092000	12241.9153
4092500	12241.8266
4093000	12241.9146
4093500	12242.0327
4094000	12242.3839
4094500	12242.5520
4095000	12242.4813
4095500	12242.5798
4096000	12242.5387
4096500	12242.5539
4097000	12242.1128
4097500	12242.0449
4098000	12242.2662
4098500	12242.4367
4099000	12242.5324
4099500	12242.4653
4100000	12242.5320
4100500	12242.6095
4101000	12242.6172
4101500	12242.5670
4102000	12241.9738
4102500	12241.8965
4103000	12241.8862
4103500	12242.1681
4104000	12242.1514
4104500	12242.1893
4105000	12242.4623
4105500	12242.5435
4106000	12242.5811
4106500	12242.6857
4107000	12242.6849
4107500	12242.9390
4108000	12242.8229
4108500	12242.7419
4109000	12242.5494
4109500	12242.5208
4110000	12242.7283
4110500	12242.8345
4111000	12242.9913
4111500	12242.7748
4112000	12242.6503
4112500	12242.5458
4113000	12242.5341
4113500	12242.4369
4114000	12242.5193
4114500	12242.4719
4115000	12242.3121
4115500	12242.3030
4116000	12242.2408
4116500	12242.1086
4117000	12242.1950
4117500	12242.2829
4118000	12242.3609
4118500	12242.4923
4119000	12242.5838
4119500	12242.9880
4120000	12242.8375
4120500	12242.8602
4121000	12242.3805
4121500	12242.4350
4122000	12242.2599
4122500	12242.2769
4123000	12242.1519
4123500	12242.1473
4124000	12242.1136
4124500	12242.3272
4125000	12242.3957
4125500	12242.2773
4126000	12242.2331
4126500	12242.4415
4127000	12242.3200
4127500	12242.2082
4128000	12242.4114
4128500	12242.2494
4129000	12242.2297
4129500	12242.2439
4130000	12242.3092
4130500	12242.4066
4131000	12242.4982
4131500	12242.6490
4132000	12242.6889
4132500	12242.5407
4133000	12242.7291
4133500	12242.8267
4134000	12242.9763
4134500	12242.8222
4135000	12243.3017
4135500	12242.9576
4136000	12243.0479
4136500	12242.6997
4137000	12242.8238
4137500	12242.7711
4138000	12242.7968
4138500	12242.8874
4139000	12242.9551
4139500	12243.2904
4140000	12243.1243
4140500	12242.9312
4141000	12242.7591
4141500	12242.8827
4142000	12243.0146
4142500	12243.0938
4143000	12243.2111
4143500	12243.0174
4144000	12242.9055
4144500	12242.9035
4145000	12242.8295
4145500	12242.4763
4146000	12242.5373
4146500	12242.7591
4147000	12243.1732
4147500	12243.1176
4148000	12243.0677
4148500	12243.0765
4149000	12242.9177
4149500	12243.2178
4150000	12243.3570
4150500	12243.0444
4151000	12243.1318
4151500	12243.2477
4152000	12243.0733
4152500	12243.2570
4153000	12243.3047
4153500	12243.1938
4154000	12243.0030
4154500	12243.0777
4155000	12242.9796
4155500	12243.0228
4156000	12242.9432
4156500	12242.8803
4157000	12242.9635
4157500	12243.2088
4158000	12243.0245
4158500	12242.7909
4159000	12242.7966
4159500	12243.0303
4160000	12243.1460
4160500	12242.9208
4161000	12242.9718
4161500	12243.1201
4162000	12242.8602
4162500	12242.9366
4163000	12242.9576
4163500	12242.9344
4164000	12242.6943
4164500	12242.8666
4165000	12242.9404
4165500	12242.8565
4166000	12242.8169
4166500	12242.9589
4167000	12243.1359
4167500	12243.1167
4168000	12242.9859
4168500	12243.1020
4169000	12243.0161
4169500	12242.9259
4170000	12243.1506
4170500	12243.1205
4171000	12243.2216
4171500	12242.9422
4172000	12242.9926
4172500	12242.9362
4173000	12243.1401
4173500	12243.3391
4174000	12243.1653
4174500	12243.1943
4175000	12243.2189
4175500	12243.3216
4176000	12243.6254
4176500	12243.6725
4177000	12243.7224
4177500	12243.6063
4178000	12243.6754
4178500	12243.6455
4179000	12243.7466
4179500	12243.6828
4180000	12243.7123
4180500	12243.8985
4181000	12243.9561
4181500	12243.9460
4182000	12243.7239
4182500	12243.8627
4183000	12243.4943
4183500	12243.2091
4184000	12243.1262
4184500	12243.0144
4185000	12243.0696
4185500	12243.1672
4186000	12243.2681
4186500	12243.4036
4187000	12243.7096
4187500	12243.5605
4188000	12243.5113
4188500	12243.4317
4189000	12243.2358
4189500	12243.4144
4190000	12243.3782
4190500	12243.5140
4191000	12243.3934
4191500	12243.2411
4192000	12243.1712
4192500	12243.2531
4193000	12243.2918
4193500	12243.0948
4194000	12243.3607
4194500	12243.2163
4195000	12243.2937
4195500	12243.1731
4196000	12243.0792
4196500	12243.1782
4197000	12243.5983
4197500	12243.6225
4198000	12243.7204
4198500	12243.8193
4199000	12243.7186
4199500	12243.7355
4200000	12243.6305
4200500	12243.2168
4201000	12243.0611
4201500	12243.3475
4202000	12243.2610
4202500	12243.1525
4203000	12243.2453
4203500	12243.4312
4204000	12243.2434
4204500	12243.1042
4205000	12243.1135
4205500	12243.1812
4206000	12243.1891
4206500	12243.0829
4207000	12243.1149
4207500	12243.2085
4208000	12243.1509
4208500	12243.2611
4209000	12243.3840
4209500	12243.2550
4210000	12243.0975
4210500	12243.0306
4211000	12243.1077
4211500	12243.0812
4212000	12242.9191
4212500	12242.8834
4213000	12243.0507
4213500	12243.0406
4214000	12242.7124
4214500	12242.6348
4215000	12242.6913
4215500	12242.7312
4216000	12242.5888
4216500	12242.7015
4217000	12242.5741
4217500	12242.6055
4218000	12242.5901
4218500	12242.7682
4219000	12242.9739
4219500	12242.8769
4220000	12242.7832
4220500	12242.8018
4221000	12242.7029
4221500	12242.8641
4222000	12242.7572
4222500	12242.8207
4223000	12242.8946
4223500	12242.7430
4224000	12242.7278
4224500	12242.7515
4225000	12242.5208
4225500	12242.7435
4226000	12243.0752
4226500	12243.0683
4227000	12242.9544
4227500	12243.1213
4228000	12243.0463
4228500	12243.0664
4229000	12243.0643
4229500	12242.5657
4230000	12242.3871
4230500	12242.1652
4231000	12241.8531
4231500	12241.6520
4232000	12241.7457
4232500	12241.7857
4233000	12241.9357
4233500	12241.9787
4234000	12241.9131
4234500	12242.0589
4235000	12242.1332
4235500	12242.1019
4236000	12242.1721
4236500	12241.9883
4237000	12242.3204
4237500	12242.2311
4238000	12242.0296
4238500	12242.0449
4239000	12241.7693
4239500	12241.6898
4240000	12241.8847
4240500	12241.7557
4241000	12241.5513
4241500	12241.5084
4242000	12241.1555
4242500	12241.1551
4243000	12241.2399
4243500	12241.1490
4244000	12241.2330
4244500	12241.0755
4245000	12241.2209
4245500	12241.1599
4246000	12241.0870
4246500	12241.3049
4247000	12241.1099
4247500	12241.4276
4248000	12241.0959
4248500	12241.0658
4249000	12240.8800
4249500	12241.0918
4250000	12241.0345
4250500	12241.2332
4251000	12241.3604
4251500	12241.4756
4252000	12241.3998
4252500	12241.2048
4253000	12241.4099
4253500	12241.4181
4254000	12241.2576
4254500	12241.3096
4255000	12241.4309
4255500	12241.2782
4256000	12241.3299
4256500	12241.3706
4257000	12241.1945
4257500	12240.8840
4258000	12240.9539
4258500	12240.9051
4259000	12240.9025
4259500	12240.6412
4260000	12240.6561
4260500	12240.6803
4261000	12240.7429
4261500	12240.7225
4262000	12240.2880
4262500	12240.3532
4263000	12240.1475
4263500	12240.2754
4264000	12240.2784
4264500	12240.2978
4265000	12240.3267
4265500	12240.2335
4266000	12240.2365
4266500	12240.3862
4267000	12240.4366
4267500	12240.4370
4268000	12240.4359
4268500	12240.5929
4269000	12240.4363
4269500	12240.4344
4270000	12240.5402
4270500	12240.6559
4271000	12240.3883
4271500	12240.5473
4272000	12240.2792
4272500	12240.4066
4273000	12240.3298
4273500	12240.5068
4274000	12240.4223
4274500	12240.3576
4275000	12240.2262
4275500	12240.2058
4276000	12240.2292
4276500	12240.3158
4277000	12240.2444
4277500	12240.0388
4278000	12240.1249
4278500	12239.8761
4279000	12239.5938
4279500	12239.6055
4280000	12239.7779
4280500	12239.6827
4281000	12239.9015
4281500	12239.7905
4282000	12239.4981
4282500	12239.4996
4283000	12239.5233
4283500	12239.4680
4284000	12239.4392
4284500	12239.5123
4285000	12239.4358
4285500	12239.4735
4286000	12239.3948
4286500	12239.1335
4287000	12239.1703
4287500	12239.2558
4288000	12239.2605
4288500	12239.0998
4289000	12239.0999
4289500	12239.0198
4290000	12238.8247
4290500	12239.1400
4291000	12239.1089
4291500	12239.3167
4292000	12239.2451
4292500	12239.3718
4293000	12239.3587
4293500	12239.1554
4294000	12239.0603
4294500	12238.9501
4295000	12238.7609
4295500	12238.6586
4296000	12238.4308
4296500	12238.1423
4297000	12237.8335
4297500	12237.7603
4298000	12237.6859
4298500	12237.6410
4299000	12237.7891
4299500	12237.4129
4300000	12237.3772
4300500	12237.3196
4301000	12237.2767
4301500	12237.3170
4302000	12237.4195
4302500	12237.3340
4303000	12237.1793
4303500	12237.2073
4304000	12237.1610
4304500	12236.9996
4305000	12237.2230
4305500	12237.2282
4306000	12237.1195
4306500	12236.8225
4307000	12236.7268
4307500	12236.7731
4308000	12236.6915
4308500	12236.6402
4309000	12236.6232
4309500	12236.7121
4310000	12236.5842
4310500	12236.3758
4311000	12236.7016
4311500	12236.7560
4312000	12236.8750
4312500	12236.8758
4313000	12236.7092
4313500	12236.9586
4314000	12236.8856
4314500	12236.8333
4315000	12237.0624
4315500	12237.0650
4316000	12236.6029
4316500	12236.4768
4317000	12236.6191
4317500	12236.5982
4318000	12236.7099
4318500	12236.6003
4319000	12236.4863
4319500	12236.4440
4320000	12236.4081
4320500	12236.3629
4321000	12236.3636
4321500	12236.3824
4322000	12236.3789
4322500	12236.3744
4323000	12236.3149
4323500	12236.2153
4324000	12236.1789
4324500	12236.5208
4325000	12236.5208
4325500	12236.4143
4326000	12236.3000
4326500	12236.2859
4327000	12236.3304
4327500	12236.3277
4328000	12236.4198
4328500	12236.5215
4329000	12236.5264
4329500	12236.7940
4330000	12236.7297
4330500	12236.6291
4331000	12236.5695
4331500	12236.5163
4332000	12236.4271
4332500	12236.2414
4333000	12236.4456
4333500	12236.2564
4334000	12236.1341
4334500	12236.1341
4335000	12236.0762
4335500	12236.0690
4336000	12235.9800
4336500	12235.9566
4337000	12236.0207
4337500	12236.2263
4338000	12235.8706
4338500	12235.7988
4339000	12235.7232
4339500	12235.7215
4340000	12235.5442
4340500	12235.4969
4341000	12235.3179
4341500	12235.4892
4342000	12235.6194
4342500	12235.5204
4343000	12235.4034
4343500	12235.4464
4344000	12235.4966
4344500	12235.3734
4345000	12235.2964
4345500	12235.3117
4346000	12235.6160
4346500	12235.3791
4347000	12235.3832
4347500	12235.3199
4348000	12235.4506
4348500	12235.6141
4349000	12235.6258
4349500	12235.7508
4350000	12235.9633
4350500	12236.0575
4351000	12236.0967
4351500	12236.0966
4352000	12236.0697
4352500	12236.0488
4353000	12236.3188
4353500	12236.1667
4354000	12236.1586
4354500	12236.2564
4355000	12236.0592
4355500	12235.9750
4356000	12235.8650
4356500	12235.8425
4357000	12235.9272
4357500	12235.9762
4358000	12235.9872
4358500	12235.8230
4359000	12235.7744
4359500	12235.7042
4360000	12235.6274
4360500	12235.8195
4361000	12235.8753
4361500	12235.7974
4362000	12235.6506
4362500	12235.8096
4363000	12235.7864
4363500	12235.6847
4364000	12235.5480
4364500	12235.6333
4365000	12235.4660
4365500	12235.6430
4366000	12235.7825
4366500	12235.8733
4367000	12235.8667
4367500	12235.8858
4368000	12235.9003
4368500	12235.9608
4369000	12235.8042
4369500	12235.8640
4370000	12236.1474
4370500	12236.1121
4371000	12236.2349
4371500	12236.2483
4372000	12236.2095
4372500	12236.1386
4373000	12236.2210
4373500	12236.1225
4374000	12235.7855
4374500	12235.7399
4375000	12235.9705
4375500	12235.9557
4376000	12236.1473
4376500	12236.2502
4377000	12236.3440
4377500	12236.6586
4378000	12236.5865
4378500	12236.6700
4379000	12236.7435
4379500	12236.7966
4380000	12236.8822
4380500	12237.0464
4381000	12236.9559
4381500	12236.9392
4382000	12236.8785
4382500	12236.9126
4383000	12236.7832
4383500	12236.7848
4384000	12236.9512
4384500	12237.0163
4385000	12237.1966
4385500	12237.3380
4386000	12237.4133
4386500	12237.3187
4387000	12237.2406
4387500	12237.2342
4388000	12237.3504
4388500	12237.5118
4389000	12237.4757
4389500	12237.6175
4390000	12237.6111
4390500	12237.3769
4391000	12237.5121
4391500	12237.6555
4392000	12237.4472
4392500	12237.7187
4393000	12237.7039
4393500	12237.4916
4394000	12237.4741
4394500	12237.6234
4395000	12237.4356
4395500	12237.3228
4396000	12237.4618
4396500	12237.3586
4397000	12237.4699
4397500	12237.1976
4398000	12237.3499
4398500	12237.6812
4399000	12237.5154
4399500	12237.3961
4400000	12237.1161
4400500	12237.0067
4401000	12236.9604
4401500	12237.0100
4402000	12237.2053
4402500	12237.0713
4403000	12237.1748
4403500	12237.1149
4404000	12237.1055
4404500	12237.1187
4405000	12236.9363
4405500	12237.0313
4406000	12237.0231
4406500	12237.0583
4407000	12237.3015
4407500	12237.3651
4408000	12237.2134
4408500	12237.2170
4409000	12237.3341
4409500	12237.3788
4410000	12237.4711
4410500	12237.4214
4411000	12237.3078
4411500	12237.3822
4412000	12237.1643
4412500	12237.1625
4413000	12237.2261
4413500	12237.1816
4414000	12237.1720
4414500	12237.1389
4415000	12237.3370
4415500	12237.2509
4416000	12237.1687
4416500	12237.1381
4417000	12237.1044
4417500	12237.3796
4418000	12237.2752
4418500	12237.1663
4419000	12237.3621
4419500	12237.3557
4420000	12237.3611
4420500	12237.0950
4421000	12237.1420
4421500	12236.8967
4422000	12236.7820
4422500	12236.7731
4423000	12236.9272
4423500	12236.7147
4424000	12236.9416
4424500	12236.7011
4425000	12236.7112
4425500	12236.8368
4426000	12236.6580
4426500	12236.8021
4427000	12237.0164
4427500	12236.9356
4428000	12236.7258
4428500	12236.6582
4429000	12236.6307
4429500	12236.6212
4430000	12236.7871
4430500	12236.6787
4431000	12236.7109
4431500	12236.6280
4432000	12236.5273
4432500	12236.3849
4433000	12236.2616
4433500	12236.1741
4434000	12236.0410
4434500	12236.1804
4435000	12236.2068
4435500	12235.8347
4436000	12235.7844
4436500	12235.8396
4437000	12235.7663
4437500	12235.8008
4438000	12235.6091
4438500	12235.8805
4439000	12235.9032
4439500	12235.7749
4440000	12235.8209
4440500	12235.7780
4441000	12235.5757
4441500	12235.6738
4442000	12235.8005
4442500	12235.7557
4443000	12235.8166
4443500	12235.7324
4444000	12235.6677
4444500	12235.4874
4445000	12235.6540
4445500	12235.8845
4446000	12235.9813
4446500	12236.1133
4447000	12236.0524
4447500	12235.9788
4448000	12235.8415
4448500	12235.7401
4449000	12235.5473
4449500	12235.5033
4450000	12235.5125
4450500	12235.5261
4451000	12235.6566
4451500	12235.6734
4452000	12235.4256
4452500	12235.3501
4453000	12235.0507
4453500	12234.8820
4454000	12234.8593
4454500	12234.9055
4455000	12234.7568
4455500	12234.7857
4456000	12234.9066
4456500	12234.8997
4457000	12234.9918
4457500	12234.5308
4458000	12234.3618
4458500	12234.0472
4459000	12234.2404
4459500	12234.5097
4460000	12234.5506
4460500	12234.4379
4461000	12234.2042
4461500	12234.2643
4462000	12234.4213
4462500	12234.4390
4463000	12234.5151
4463500	12234.5051
4464000	12234.2766
4464500	12234.0978
4465000	12234.1381
4465500	12233.7439
4466000	12233.6990
4466500	12233.3143
4467000	12233.1793
4467500	12233.2420
4468000	12233.2576
4468500	12233.2392
4469000	12233.1928
4469500	12232.7246
4470000	12232.8591
4470500	12233.0376
4471000	12233.2286
4471500	12232.9577
4472000	12232.7840
4472500	12232.8390
4473000	12232.8284
4473500	12233.2260
4474000	12233.2211
4474500	12233.2211
4475000	12233.1440
4475500	12233.3402
4476000	12233.2920
4476500	12233.3703
4477000	12233.3072
4477500	12233.3596
4478000	12233.4358
4478500	12233.3936
4479000	12233.3664
4479500	12233.2942
4480000	12233.4721
4480500	12233.5477
4481000	12233.5465
4481500	12233.6201
4482000	12233.4983
4482500	12233.6671
4483000	12233.3796
4483500	12233.6873
4484000	12233.6267
4484500	12233.6798
4485000	12233.7367
4485500	12233.6897
4486000	12233.5590
4486500	12233.4382
4487000	12233.4797
4487500	12233.5539
4488000	12233.5190
4488500	12233.5977
4489000	12233.6000
4489500	12233.4547
4490000	12233.5594
4490500	12233.6199
4491000	12233.4973
4491500	12233.7373
4492000	12233.6652
4492500	12233.5169
4493000	12233.5247
4493500	12233.4450
4494000	12233.8518
4494500	12233.8183
4495000	12233.7999
4495500	12233.6361
4496000	12233.5318
4496500	12233.2370
4497000	12233.3499
4497500	12233.4392
4498000	12233.3299
4498500	12233.4082
4499000	12233.2086
4499500	12233.2464
4500000	12233.1001
4500500	12233.1225
4501000	12233.0264
4501500	12233.1931
4502000	12233.0023
4502500	12232.9191
4503000	12232.8193
4503500	12232.9234
4504000	12233.0808
4504500	12233.3238
4505000	12233.1858
4505500	12233.2498
4506000	12233.2408
4506500	12233.1798
4507000	12233.4606
4507500	12233.5672
4508000	12233.5191
4508500	12233.6000
4509000	12233.6834
4509500	12233.7290
4510000	12233.5492
4510500	12233.5161
4511000	12233.6766
4511500	12233.5619
4512000	12233.4344
4512500	12233.5251
4513000	12233.5049
4513500	12233.4722
4514000	12233.4704
4514500	12233.2590
4515000	12233.1925
4515500	12233.3765
4516000	12233.5639
4516500	12233.7663
4517000	12233.7060
4517500	12233.4933
4518000	12233.4880
4518500	12233.4817
4519000	12233.5305
4519500	12233.6705
4520000	12233.8235
4520500	12233.6921
4521000	12233.7593
4521500	12233.6506
4522000	12233.8367
4522500	12233.8138
4523000	12233.8816
4523500	12233.8321
4524000	12233.7466
4524500	12233.8676
4525000	12233.8723
4525500	12233.9908
4526000	12233.9861
4526500	12233.7740
4527000	12233.6153
4527500	12233.6413
4528000	12233.6164
4528500	12233.9657
4529000	12233.8805
4529500	12233.7072
4530000	12233.5110
4530500	12233.4187
4531000	12233.4514
4531500	12233.4307
4532000	12233.4928
4532500	12233.8788
4533000	12233.8760
4533500	12233.9343
4534000	12233.8331
4534500	12233.5255
4535000	12233.7358
4535500	12233.9124
4536000	12234.0890
4536500	12234.2925
4537000	12234.2323
4537500	12234.0155
4538000	12233.7453
4538500	12233.8261
4539000	12233.5863
4539500	12233.4585
4540000	12233.7217
4540500	12233.5572
4541000	12233.4852
4541500	12233.5569
4542000	12233.5018
4542500	12233.4481
4543000	12233.5573
4543500	12233.6255
4544000	12233.6269
4544500	12233.8168
4545000	12233.6925
4545500	12233.6640
4546000	12233.8516
4546500	12233.7859
4547000	12233.7927
4547500	12233.7919
4548000	12233.5831
4548500	12233.5707
4549000	12233.4960
4549500	12233.2876
4550000	12233.4752
4550500	12233.6939
4551000	12233.7561
4551500	12233.9157
4552000	12234.0971
4552500	12234.1895
4553000	12234.3585
4553500	12234.4209
4554000	12234.5578
4554500	12234.5669
4555000	12234.6019
4555500	12234.6388
4556000	12234.6269
4556500	12234.7242
4557000	12234.3931
4557500	12234.5812
4558000	12234.7528
4558500	12234.9777
4559000	12234.8497
4559500	12234.7757
4560000	12234.8972
4560500	12235.1214
4561000	12234.8408
4561500	12234.9323
4562000	12235.1234
4562500	12235.0811
4563000	12235.5241
4563500	12235.4796
4564000	12235.5089
4564500	12235.4142
4565000	12235.5790
4565500	12235.5214
4566000	12235.4030
4566500	12235.5895
4567000	12235.6013
4567500	12235.6973
4568000	12235.8602
4568500	12235.6628
4569000	12235.7765
4569500	12235.9262
4570000	12235.7418
4570500	12236.0822
4571000	12236.1997
4571500	12236.1503
4572000	12236.4589
4572500	12236.2549
4573000	12236.2622
4573500	12236.3628
4574000	12236.4184
4574500	12236.2611
4575000	12236.1471
4575500	12235.9905
4576000	12235.9414
4576500	12236.0725
4577000	12236.2696
4577500	12236.0344
4578000	12235.8431
4578500	12235.7961
4579000	12235.8197
4579500	12236.1690
4580000	12236.1243
4580500	12235.8487
4581000	12235.8881
4581500	12235.8866
4582000	12236.2129
4582500	12236.3793
4583000	12236.3721
4583500	12236.5006
4584000	12236.6702
4584500	12236.6894
4585000	12236.7698
4585500	12236.8608
4586000	12236.8318
4586500	12236.8317
4587000	12236.6978
4587500	12237.0008
4588000	12236.7773
4588500	12236.9032
4589000	12236.9649
4589500	12236.8781
4590000	12236.7812
4590500	12236.8560
4591000	12237.0125
4591500	12236.9554
4592000	12237.0837
4592500	12237.0541
4593000	12237.1266
4593500	12237.1023
4594000	12237.1112
4594500	12237.2258
4595000	12237.2457
4595500	12237.3549
4596000	12237.0550
4596500	12236.9821
4597000	12236.9378
4597500	12236.9521
4598000	12237.0229
4598500	12236.9986
4599000	12236.8964
4599500	12236.7605
4600000	12236.9860
4600500	12236.6483
4601000	12236.7058
4601500	12236.4001
4602000	12236.4455
4602500	12236.4965
4603000	12236.5894
4603500	12236.6404
4604000	12236.7149
4604500	12236.7142
4605000	12236.7134
4605500	12236.5830
4606000	12236.5544
4606500	12236.7342
4607000	12236.5499
4607500	12236.3713
4608000	12236.3776
4608500	12236.1792
4609000	12236.1814
4609500	12236.2881
4610000	12236.3210
4610500	12236.2854
4611000	12236.2282
4611500	12236.2288
4612000	12236.4469
4612500	12236.5864
4613000	12236.6180
4613500	12236.6934
4614000	12236.7823
4614500	12236.6355
4615000	12236.5399
4615500	12236.5399
4616000	12236.6570
4616500	12236.6228
4617000	12236.5985
4617500	12236.7946
4618000	12236.8384
4618500	12237.2081
4619000	12237.4524
4619500	12237.2778
4620000	12237.1131
4620500	12237.0829
4621000	12237.1769
4621500	12237.1786
4622000	12236.8304
4622500	12236.8409
4623000	12236.7819
4623500	12236.7260
4624000	12236.8896
4624500	12237.0796
4625000	12237.1708
4625500	12237.2226
4626000	12237.2585
4626500	12237.2476
4627000	12237.2928
4627500	12237.2745
4628000	12237.4097
4628500	12237.6278
4629000	12237.6607
4629500	12237.6117
4630000	12237.5424
4630500	12237.7024
4631000	12237.7810
4631500	12237.6967
4632000	12237.8520
4632500	12237.8404
4633000	12237.6127
4633500	12237.6531
4634000	12237.6121
4634500	12237.4456
4635000	12237.4280
4635500	12237.3024
4636000	12237.3272
4636500	12237.5107
4637000	12237.4259
4637500	12237.4128
4638000	12237.3611
4638500	12237.4097
4639000	12237.5592
4639500	12237.4321
4640000	12237.2576
4640500	12237.2069
4641000	12237.4175
4641500	12237.4205
4642000	12237.3518
4642500	12237.4689
4643000	12237.3539
4643500	12237.2136
4644000	12237.2394
4644500	12237.3042
4645000	12237.6744
4645500	12237.5208
4646000	12237.4809
4646500	12237.3912
4647000	12237.2671
4647500	12237.2717
4648000	12237.2160
4648500	12237.2321
4649000	12237.1123
4649500	12237.0192
4650000	12237.0156
4650500	12236.9570
4651000	12236.8666
4651500	12236.5993
4652000	12236.5960
4652500	12236.5930
4653000	12236.3795
4653500	12236.3889
4654000	12236.1962
4654500	12236.3306
4655000	12236.3532
4655500	12236.2427
4656000	12236.2038
4656500	12236.2176
4657000	12235.9924
4657500	12236.0171
4658000	12235.5910
4658500	12235.5450
4659000	12235.3919
4659500	12235.2208
4660000	12235.1879
4660500	12235.3886
4661000	12235.3651
4661500	12235.2789
4662000	12235.3110
4662500	12235.6039
4663000	12235.6738
4663500	12235.7906
4664000	12235.7620
4664500	12235.7571
4665000	12235.7729
4665500	12235.9355
4666000	12235.9074
4666500	12235.4407
4667000	12235.3196
4667500	12235.4599
4668000	12235.5801
4668500	12235.7674
4669000	12235.5501
4669500	12235.4100
4670000	12235.2675
4670500	12235.4851
4671000	12235.2900
4671500	12235.3691
4672000	12235.4040
4672500	12235.6884
4673000	12235.6927
4673500	12235.6485
4674000	12235.5155
4674500	12235.4511
4675000	12235.6772
4675500	12235.5335
4676000	12235.7397
4676500	12235.9164
4677000	12235.9173
4677500	12235.9320
4678000	12235.8673
4678500	12236.0333
4679000	12236.1128
4679500	12235.9740
4680000	12236.0665
4680500	12236.2275
4681000	12236.2776
4681500	12236.3209
4682000	12236.4127
4682500	12236.3470
4683000	12236.1186
4683500	12235.9980
4684000	12236.0811
4684500	12236.0626
4685000	12236.0894
4685500	12236.0958
4686000	12236.2294
4686500	12235.9957
4687000	12235.8754
4687500	12235.7987
4688000	12235.9505
4688500	12236.1855
4689000	12236.0252
4689500	12236.1301
4690000	12236.2056
4690500	12236.1993
4691000	12236.1623
4691500	12236.1197
4692000	12236.3439
4692500	12236.3329
4693000	12236.6903
4693500	12236.7881
4694000	12236.7837
4694500	12236.7800
4695000	12236.9755
4695500	12236.8205
4696000	12236.8952
4696500	12236.8805
4697000	12236.8230
4697500	12236.6241
4698000	12236.5882
4698500	12236.4746
4699000	12236.3916
4699500	12236.5395
4700000	12236.6819
4700500	12236.8218
4701000	12236.7739
4701500	12236.9265
4702000	12236.8177
4702500	12236.9220
4703000	12237.0965
4703500	12237.1101
4704000	12237.2452
4704500	12237.1824
4705000	12237.3735
4705500	12237.4143
4706000	12237.3928
4706500	12237.3296
4707000	12237.2990
4707500	12237.2926
4708000	12237.2975
4708500	12237.5173
4709000	12237.6600
4709500	12237.6421
4710000	12237.7063
4710500	12237.5785
4711000	12237.3714
4711500	12237.0680
4712000	12237.1668
4712500	12237.4115
4713000	12237.4708
4713500	12237.3295
4714000	12237.4736
4714500	12237.5680
4715000	12237.6170
4715500	12237.7220
4716000	12237.9176
4716500	12237.9923
4717000	12237.7665
4717500	12237.7812
4718000	12237.8816
4718500	12237.8837
4719000	12237.7946
4719500	12237.9127
4720000	12237.8190
4720500	12237.9961
4721000	12237.8336
4721500	12238.1395
4722000	12238.2730
4722500	12238.2710
4723000	12238.0536
4723500	12237.9282
4724000	12237.4333
4724500	12237.5678
4725000	12237.4646
4725500	12237.6196
4726000	12237.4629
4726500	12237.5339
4727000	12237.4796
4727500	12237.5951
4728000	12237.9264
4728500	12237.8073
4729000	12237.7154
4729500	12237.8505
4730000	12237.5613
4730500	12237.6122
4731000	12237.5653
4731500	12237.5811
4732000	12237.5434
4732500	12237.6221
4733000	12237.6227
4733500	12237.5635
4734000	12237.5204
4734500	12237.5698
4735000	12237.6012
4735500	12237.5474
4736000	12237.5740
4736500	12237.6588
4737000	12237.6584
4737500	12237.5166
4738000	12237.5142
4738500	12237.3580
4739000	12237.2891
4739500	12237.2329
4740000	12237.1937
4740500	12237.6081
4741000	12237.6171
4741500	12237.6324
4742000	12237.6969
4742500	12237.8600
4743000	12237.9408
4743500	12237.7767
4744000	12237.7982
4744500	12237.9138
4745000	12237.9797
4745500	12237.8342
4746000	12238.0053
4746500	12238.1372
4747000	12238.0566
4747500	12238.1676
4748000	12238.3488
4748500	12238.3917
4749000	12238.4735
4749500	12238.5123
4750000	12238.6145
4750500	12238.4992
4751000	12238.3263
4751500	12238.2549
4752000	12238.0258
4752500	12238.1311
4753000	12238.1003
4753500	12238.1659
4754000	12237.9833
4754500	12237.9009
4755000	12237.9764
4755500	12237.7108
4756000	12237.8178
4756500	12237.9412
4757000	12237.9893
4757500	12238.3188
4758000	12238.3780
4758500	12238.4403
4759000	12238.4551
4759500	12238.4035
4760000	12238.4426
4760500	12238.5065
4761000	12238.5262
4761500	12238.4293
4762000	12238.3721
4762500	12238.6103
4763000	12238.6300
4763500	12238.4841
4764000	12238.6361
4764500	12238.8618
4765000	12238.8235
4765500	12238.5027
4766000	12238.4724
4766500	12238.5110
4767000	12238.5620
4767500	12238.4679
4768000	12238.3981
4768500	12238.5325
4769000	12238.5456
4769500	12238.6210
4770000	12238.6009
4770500	12238.5653
4771000	12238.4327
4771500	12238.5135
4772000	12238.5767
4772500	12238.5201
4773000	12238.4418
4773500	12238.3776
4774000	12238.4519
4774500	12238.4107
4775000	12238.3931
4775500	12238.5821
4776000	12238.5183
4776500	12238.6538
4777000	12238.8613
4777500	12238.8019
4778000	12238.6076
4778500	12238.5883
4779000	12238.4706
4779500	12238.3431
4780000	12238.4942
4780500	12238.5045
4781000	12238.3904
4781500	12238.5465
4782000	12238.2933
4782500	12238.1108
4783000	12238.1056
4783500	12238.1293
4784000	12238.0643
4784500	12237.9742
4785000	12238.1093
4785500	12238.1159
4786000	12238.3238
4786500	12238.4835
4787000	12238.3943
4787500	12238.2784
4788000	12238.3976
4788500	12238.4123
4789000	12238.6589
4789500	12238.8667
4790000	12238.8952
4790500	12239.1301
4791000	12239.2637
4791500	12239.2699
4792000	12239.2079
4792500	12239.4295
4793000	12239.5510
4793500	12239.5972
4794000	12239.6040
4794500	12239.7121
4795000	12239.5949
4795500	12239.5222
4796000	12239.5496
4796500	12239.2017
4797000	12239.3620
4797500	12239.1319
4798000	12239.1640
4798500	12239.0953
4799000	12239.3316
4799500	12239.2925
4800000	12239.3550
4800500	12239.3600
4801000	12239.3261
4801500	12239.5292
4802000	12239.7024
4802500	12239.7548
4803000	12239.5315
4803500	12239.5527
4804000	12239.6235
4804500	12239.5343
4805000	12239.7218
4805500	12239.6941
4806000	12239.7612
4806500	12239.8133
4807000	12239.7101
4807500	12239.6420
4808000	12239.6720
4808500	12239.8721
4809000	12239.7876
4809500	12239.7553
4810000	12239.8827
4810500	12239.7837
4811000	12239.8733
4811500	12239.8175
4812000	12240.0334
4812500	12240.0785
4813000	12240.1075
4813500	12239.9331
4814000	12240.1333
4814500	12240.1304
4815000	12240.1369
4815500	12240.0874
4816000	12240.2756
4816500	12240.3499
4817000	12240.2733
4817500	12240.2164
4818000	12240.3067
4818500	12240.3230
4819000	12240.3408
4819500	12240.2959
4820000	12240.3235
4820500	12240.2325
4821000	12240.1356
4821500	12239.9368
4822000	12239.9596
4822500	12240.0849
4823000	12240.1922
4823500	12240.1635
4824000	12240.1716
4824500	12240.2640
4825000	12240.3810
4825500	12240.5424
4826000	12240.5538
4826500	12240.6187
4827000	12240.7049
4827500	12240.8722
4828000	12240.8480
4828500	12240.8967
4829000	12240.7691
4829500	12240.9264
4830000	12241.1770
4830500	12241.1531
4831000	12241.0383
4831500	12241.0966
4832000	12241.2038
4832500	12241.4355
4833000	12241.4664
4833500	12241.7128
4834000	12241.9993
4834500	12241.7777
4835000	12241.6998
4835500	12241.7395
4836000	12241.9760
4836500	12241.9903
4837000	12241.6872
4837500	12241.8742
4838000	12241.7803
4838500	12241.6923
4839000	12241.5851
4839500	12241.3936
4840000	12241.5198
4840500	12241.4273
4841000	12241.3646
4841500	12241.3999
4842000	12241.3799
4842500	12241.3799
4843000	12241.1892
4843500	12241.3295
4844000	12241.3121
4844500	12241.4500
4845000	12241.3438
4845500	12241.3607
4846000	12241.4987
4846500	12241.6468
4847000	12241.6572
4847500	12241.7694
4848000	12241.8174
4848500	12241.5957
4849000	12241.5433
4849500	12241.4529
4850000	12241.6359
4850500	12241.6658
4851000	12241.6265
4851500	12241.7863
4852000	12241.7994
4852500	12241.9608
4853000	12242.0438
4853500	12242.0146
4854000	12242.0300
4854500	12242.1873
4855000	12242.3564
4855500	12242.2683
4856000	12242.0227
4856500	12242.0747
4857000	12242.1943
4857500	12242.1841
4858000	12242.1922
4858500	12242.2811
4859000	12242.3067
4859500	12242.6044
4860000	12242.5263
4860500	12242.6165
4861000	12242.6927
4861500	12242.6173
4862000	12242.6341
4862500	12242.4605
4863000	12242.4926
4863500	12242.6602
4864000	12242.7696
4864500	12242.5518
4865000	12242.6879
4865500	12242.6767
4866000	12242.4037
4866500	12242.4762
4867000	12242.6293
4867500	12242.4183
4868000	12242.5014
4868500	12242.3416
4869000	12242.3535
4869500	12242.1797
4870000	12242.3018
4870500	12242.2910
4871000	12242.1829
4871500	12242.3187
4872000	12242.4537
4872500	12242.6636
4873000	12242.8721
4873500	12242.7787
4874000	12242.6166
4874500	12242.6542
4875000	12242.6857
4875500	12242.7738
4876000	12242.7525
4876500	12242.8015
4877000	12242.7922
4877500	12242.9519
4878000	12242.8839
4878500	12242.7292
4879000	12242.7828
4879500	12242.9245
4880000	12242.9654
4880500	12242.8038
4881000	12242.9521
4881500	12242.9523
4882000	12243.0844
4882500	12243.0022
4883000	12242.9622
4883500	12243.0489
4884000	12242.9940
4884500	12243.0326
4885000	12242.9739
4885500	12242.8381
4886000	12242.8875
4886500	12242.8701
4887000	12242.5729
4887500	12242.5082
4888000	12242.2843
4888500	12242.3258
4889000	12242.2680
4889500	12242.2477
4890000	12242.4486
4890500	12242.4949
4891000	12242.6423
4891500	12242.4039
4892000	12242.4705
4892500	12242.5874
4893000	12242.5160
4893500	12242.4265
4894000	12242.5448
4894500	12242.5123
4895000	12242.3659
4895500	12242.5468
4896000	12242.7228
4896500	12242.8380
4897000	12242.8241
4897500	12242.8683
4898000	12242.8263
4898500	12242.8241
4899000	12242.9101
4899500	12242.8633
4900000	12242.9111
4900500	12242.7604
4901000	12242.6365
4901500	12242.6128
4902000	12242.4606
4902500	12242.6915
4903000	12242.6854
4903500	12242.6374
4904000	12242.5833
4904500	12242.5572
4905000	12242.6180
4905500	12242.5691
4906000	12242.6289
4906500	12242.5349
4907000	12242.4381
4907500	12242.3720
4908000	12242.2598
4908500	12242.1125
4909000	12241.9200
4909500	12241.8143
4910000	12241.8035
4910500	12241.7455
4911000	12241.6900
4911500	12242.0370
4912000	12242.1816
4912500	12242.3534
4913000	12242.2682
4913500	12242.4318
4914000	12242.5205
4914500	12242.4846
4915000	12242.4302
4915500	12242.5374
4916000	12242.3297
4916500	12242.3759
4917000	12242.1433
4917500	12242.1543
4918000	12241.9133
4918500	12241.9530
4919000	12241.9131
4919500	12241.7998
4920000	12241.6302
4920500	12241.8016
4921000	12242.1000
4921500	12242.2768
4922000	12242.3325
4922500	12242.2914
4923000	12242.2152
4923500	12242.4032
4924000	12242.6246
4924500	12242.7477
4925000	12242.6856
4925500	12242.7260
4926000	12242.8288
4926500	12242.6565
4927000	12242.7165
4927500	12242.8992
4928000	12242.5389
4928500	12242.7197
4929000	12242.9382
4929500	12242.9407
4930000	12243.2147
4930500	12243.0435
4931000	12243.0938
4931500	12243.2723
4932000	12243.3844
4932500	12243.3500
4933000	12243.3540
4933500	12243.4430
4934000	12243.3569
4934500	12243.3247
4935000	12243.4615
4935500	12243.4752
4936000	12243.6821
4936500	12243.5062
4937000	12243.5232
4937500	12243.5395
4938000	12243.4798
4938500	12243.4495
4939000	12243.3584
4939500	12243.3923
4940000	12243.3971
4940500	12243.3161
4941000	12243.1683
4941500	12243.2908
4942000	12243.2108
4942500	12243.2188
4943000	12243.1458
4943500	12243.1582
4944000	12243.2440
4944500	12243.0354
4945000	12243.2216
4945500	12243.1841
4946000	12243.0657
4946500	12243.1803
4947000	12242.9913
4947500	12243.0262
4948000	12243.0186
4948500	12242.7567
4949000	12242.8085
4949500	12242.8868
4950000	12242.7727
4950500	12242.7941
4951000	12242.9316
4951500	12243.1897
4952000	12243.3611
4952500	12243.3879
4953000	12243.5476
4953500	12243.7469
4954000	12243.8577
4954500	12243.9405
4955000	12243.8898
4955500	12243.8981
4956000	12243.9183
4956500	12243.8127
4957000	12243.8032
4957500	12243.5898
4958000	12243.0951
4958500	12243.2251
4959000	12243.2993
4959500	12243.3392
4960000	12243.3124
4960500	12243.3403
4961000	12243.5867
4961500	12243.5713
4962000	12243.6151
4962500	12243.8280
4963000	12243.8566
4963500	12243.8540
4964000	12243.9243
4964500	12243.7610
4965000	12243.7789
4965500	12243.7081
4966000	12243.6353
4966500	12243.7495
4967000	12243.7329
4967500	12243.6787
4968000	12243.7517
4968500	12243.8189
4969000	12244.1879
4969500	12244.0438
4970000	12243.9595
4970500	12243.5576
4971000	12243.6067
4971500	12243.3770
4972000	12242.9961
4972500	12242.9948
4973000	12242.9372
4973500	12242.7743
4974000	12242.7367
4974500	12242.7299
4975000	12243.0983
4975500	12243.0867
4976000	12243.1438
4976500	12243.1462
4977000	12243.3890
4977500	12243.3561
4978000	12243.4084
4978500	12243.5287
4979000	12243.5162
4979500	12243.5119
4980000	12243.5973
4980500	12243.6139
4981000	12243.7051
4981500	12243.7014
4982000	12243.9481
4982500	12243.9911
4983000	12244.1014
4983500	12244.0767
4984000	12244.1267
4984500	12244.1286
4985000	12244.1228
4985500	12244.2663
4986000	12244.5148
4986500	12244.3145
4987000	12244.1797
4987500	12244.4493
4988000	12244.3713
4988500	12244.3724
4989000	12244.2103
4989500	12244.1790
4990000	12244.3180
4990500	12244.3575
4991000	12244.1843
4991500	12244.1980
4992000	12244.4134
4992500	12244.2457
4993000	12244.1359
4993500	12244.4075
4994000	12244.5062
4994500	12244.6052
4995000	12244.6042
4995500	12244.7766
4996000	12244.8619
4996500	12245.0009
4997000	12244.8285
4997500	12244.6551
4998000	12244.3556
4998500	12244.4053
4999000	12244.5746
4999500	12244.4670
5000000	12244.3734
5000500	12244.1988
5001000	12244.1656
5001500	12244.2327
5002000	12244.3222
5002500	12244.2751
5003000	12244.2175
5003500	12244.1890
5004000	12244.3185
5004500	12244.2682
5005000	12244.2576
5005500	12244.3722
5006000	12244.3384
5006500	12244.4261
5007000	12244.5383
5007500	12244.5510
5008000	12244.8923
5008500	12245.0073
5009000	12244.8529
5009500	12244.9581
5010000	12244.9438
5010500	12245.0975
5011000	12245.0149
5011500	12244.7660
5012000	12244.6941
5012500	12244.8266
5013000	12244.6603
5013500	12244.5477
5014000	12244.3835
5014500	12244.4578
5015000	12244.1659
5015500	12244.3417
5016000	12244.5010
5016500	12244.3522
5017000	12244.3008
5017500	12244.2459
5018000	12244.2493
5018500	12244.3949
5019000	12244.1068
5019500	12244.1147
5020000	12243.7964
5020500	12243.9564
5021000	12244.0741
5021500	12244.0618
5022000	12243.9596
5022500	12243.9803
5023000	12244.0172
5023500	12243.9884
5024000	12243.9279
5024500	12243.9567
5025000	12243.8594
5025500	12244.0171
5026000	12243.9633
5026500	12243.9510
5027000	12243.9088
5027500	12243.9589
5028000	12243.8583
5028500	12243.8766
5029000	12243.8643
5029500	12244.0616
5030000	12244.1519
5030500	12244.1257
5031000	12244.1224
5031500	12244.1574
5032000	12244.3778
5032500	12244.3400
5033000	12244.2382
5033500	12244.1489
5034000	12243.9936
5034500	12243.9782
5035000	12243.9606
5035500	12243.8639
5036000	12243.7479
5036500	12243.6758
5037000	12243.6064
5037500	12243.7290
5038000	12244.0382
5038500	12244.1035
5039000	12244.0676
5039500	12244.1770
5040000	12244.1160
5040500	12244.1245
5041000	12244.2289
5041500	12244.0287
5042000	12243.9127
5042500	12243.9697
5043000	12243.9592
5043500	12243.9320
5044000	12243.9627
5044500	12244.0280
5045000	12243.9904
5045500	12243.7874
5046000	12243.9361
5046500	12244.0650
5047000	12243.9928
5047500	12244.1593
5048000	12244.2031
5048500	12244.3572
5049000	12244.3241
5049500	12244.2390
5050000	12244.0967
5050500	12244.1050
5051000	12243.9787
5051500	12244.1417
5052000	12244.0747
5052500	12243.8916
5053000	12243.9091
5053500	12243.9028
5054000	12243.9246
5054500	12243.9338
5055000	12244.0585
5055500	12244.1026
5056000	12244.2038
5056500	12244.2634
5057000	12244.6069
5057500	12244.4779
5058000	12244.6254
5058500	12244.5243
5059000	12244.2492
5059500	12244.3784
5060000	12244.2218
5060500	12244.0696
5061000	12244.0721
5061500	12244.0197
5062000	12243.9902
5062500	12244.1044
5063000	12244.1722
5063500	12244.2287
5064000	12244.0632
5064500	12244.1207
5065000	12244.1264
5065500	12244.0120
5066000	12244.0648
5066500	12243.9823
5067000	12243.6682
5067500	12243.7597
5068000	12243.8663
5068500	12243.8586
5069000	12243.9264
5069500	12243.7887
5070000	12243.9781
5070500	12243.6943
5071000	12243.6252
5071500	12243.7761
5072000	12243.7303
5072500	12243.8560
5073000	12243.8338
5073500	12243.9110
5074000	12243.8705
5074500	12243.6846
5075000	12243.6387
5075500	12243.7337
5076000	12243.9919
5076500	12243.7777
5077000	12243.9343
5077500	12243.9435
5078000	12243.9587
5078500	12243.8373
5079000	12243.9421
5079500	12244.0044
5080000	12243.9705
5080500	12243.9057
5081000	12243.9709
5081500	12244.0711
5082000	12244.2504
5082500	12244.2738
5083000	12244.2348
5083500	12244.1582
5084000	12244.0796
5084500	12244.0802
5085000	12244.0153
5085500	12244.0239
5086000	12243.9150
5086500	12243.6020
5087000	12243.7619
5087500	12243.9589
5088000	12243.9726
5088500	12244.1698
5089000	12244.2649
5089500	12244.1946
5090000	12244.2807
5090500	12244.4398
5091000	12244.5622
5091500	12244.5136
5092000	12244.1943
5092500	12244.2272
5093000	12244.2263
5093500	12243.8497
5094000	12243.7255
5094500	12243.7882
5095000	12243.4925
5095500	12243.4544
5096000	12243.5315
5096500	12243.3986
5097000	12243.3159
5097500	12243.5119
5098000	12243.5204
5098500	12243.6759
5099000	12243.7633
5099500	12243.6647
5100000	12243.4871
5100500	12243.5749
5101000	12243.6178
5101500	12243.6499
5102000	12243.7462
5102500	12243.7285
5103000	12243.7442
5103500	12243.6716
5104000	12243.7899
5104500	12244.0182
5105000	12243.8410
5105500	12243.5432
5106000	12243.3135
5106500	12243.4877
5107000	12243.4741
5107500	12243.3453
5108000	12243.3737
5108500	12243.5183
5109000	12243.5166
5109500	12243.3578
5110000	12243.3258
5110500	12243.2459
5111000	12243.2324
5111500	12243.1675
5112000	12243.1959
5112500	12243.1792
5113000	12243.2170
5113500	12243.2791
5114000	12243.1707
5114500	12243.2113
5115000	12243.0856
5115500	12242.8866
5116000	12242.9403
5116500	12242.8373
5117000	12242.7729
5117500	12242.7042
5118000	12242.5995
5118500	12242.5324
5119000	12242.3650
5119500	12242.4294
5120000	12242.4380
5120500	12242.5647
5121000	12242.4336
5121500	12242.5575
5122000	12242.4014
5122500	12242.3531
5123000	12242.3044
5123500	12242.4460
5124000	12242.4423
5124500	12242.2251
5125000	12242.4521
5125500	12242.6717
5126000	12242.7893
5126500	12242.7314
5127000	12242.8463
5127500	12242.9316
5128000	12243.0523
5128500	12242.9622
5129000	12243.0680
5129500	12243.0822
5130000	12243.2103
5130500	12243.3432
5131000	12243.2578
5131500	12243.1772
5132000	12243.0367
5132500	12243.2573
5133000	12243.4522
5133500	12243.6363
5134000	12243.7153
5134500	12243.5376
5135000	12243.3157
5135500	12243.2541
5136000	12243.1721
5136500	12243.3367
5137000	12243.4641
5137500	12243.1931
5138000	12243.2481
5138500	12243.3492
5139000	12243.6048
5139500	12243.6652
5140000	12243.7254
5140500	12243.9425
5141000	12243.8172
5141500	12243.6993
5142000	12243.9755
5142500	12244.0564
5143000	12244.1238
5143500	12244.0879
5144000	12243.9235
5144500	12243.8877
5145000	12243.6174
5145500	12243.9495
5146000	12243.9876
5146500	12244.0406
5147000	12244.0442
5147500	12244.1200
5148000	12244.1546
5148500	12244.0332
5149000	12244.0343
5149500	12243.8850
5150000	12244.0059
5150500	12243.9633
5151000	12243.7780
5151500	12243.7081
5152000	12243.7990
5152500	12243.4692
5153000	12243.3972
5153500	12243.4329
5154000	12243.2449
5154500	12243.3427
5155000	12243.3185
5155500	12243.3186
5156000	12243.2778
5156500	12243.1959
5157000	12243.1626
5157500	12243.1789
5158000	12243.0305
5158500	12242.8961
5159000	12243.0149
5159500	12243.1167
5160000	12243.1547
5160500	12243.0512
5161000	12243.1912
5161500	12243.2291
5162000	12243.1733
5162500	12243.0799
5163000	12242.9785
5163500	12242.9732
5164000	12243.0121
5164500	12242.8117
5165000	12242.8491
5165500	12243.0664
5166000	12243.1736
5166500	12243.0453
5167000	12243.1702
5167500	12243.1566
5168000	12243.1674
5168500	12243.2652
5169000	12242.9323
5169500	12242.9344
5170000	12242.9110
5170500	12243.1605
5171000	12243.3377
5171500	12243.4438
5172000	12243.2485
5172500	12243.3284
5173000	12243.3194
5173500	12243.2152
5174000	12243.2768
5174500	12243.2467
5175000	12243.2011
5175500	12243.3077
5176000	12243.3977
5176500	12243.2162
5177000	12243.2248
5177500	12243.2508
5178000	12243.2024
5178500	12243.1627
5179000	12243.4656
5179500	12243.5222
5180000	12243.4135
5180500	12243.5849
5181000	12243.5174
5181500	12243.4320
5182000	12243.0850
5182500	12242.8972
5183000	12242.9679
5183500	12242.9224
5184000	12243.1658
5184500	12243.3607
5185000	12243.3005
5185500	12243.0715
5186000	12243.0965
5186500	12243.0970
5187000	12243.0005
5187500	12242.8738
5188000	12242.7000
5188500	12242.7821
5189000	12242.9099
5189500	12243.1751
5190000	12243.2452
5190500	12243.0871
5191000	12243.1185
5191500	12243.1498
5192000	12243.0815
5192500	12243.0663
5193000	12243.0768
5193500	12243.1692
5194000	12243.1412
5194500	12243.2479
5195000	12242.8879
5195500	12242.7970
5196000	12242.8509
5196500	12242.6772
5197000	12242.5585
5197500	12242.5828
5198000	12242.6736
5198500	12242.6101
5199000	12242.6437
5199500	12242.7471
5200000	12242.9117
5200500	12242.7969
5201000	12242.9211
5201500	12242.9032
5202000	12243.0447
5202500	12243.1025
5203000	12243.0300
5203500	12243.0331
5204000	12243.0982
5204500	12242.8517
5205000	12243.0032
5205500	12243.1387
5206000	12242.9066
5206500	12242.8954
5207000	12242.8953
5207500	12242.8050
5208000	12242.9391
5208500	12242.9942
5209000	12243.0257
5209500	12242.5578
5210000	12242.7311
5210500	12242.6643
5211000	12242.6924
5211500	12242.6047
5212000	12242.6943
5212500	12242.7948
5213000	12242.8278
5213500	12242.6051
5214000	12242.7911
5214500	12242.8842
5215000	12243.0680
5215500	12243.1398
5216000	12243.3192
5216500	12243.3282
5217000	12243.5104
5217500	12243.6290
5218000	12243.6644
5218500	12243.9113
5219000	12243.6951
5219500	12243.8601
5220000	12243.7425
5220500	12243.8268
5221000	12243.9471
5221500	12244.0678
5222000	12244.0774
5222500	12243.8904
5223000	12244.0358
5223500	12243.6651
5224000	12243.8279
5224500	12243.8436
5225000	12243.8040
5225500	12243.9352
5226000	12243.9319
5226500	12243.8824
5227000	12243.8195
5227500	12243.6509
5228000	12243.5531
5228500	12243.5495
5229000	12243.6445
5229500	12243.9802
5230000	12244.1097
5230500	12244.0073
5231000	12243.9326
5231500	12244.0946
5232000	12244.0270
5232500	12244.1440
5233000	12244.2313
5233500	12244.6002
5234000	12244.4787
5234500	12244.4809
5235000	12244.3350
5235500	12244.2639
5236000	12244.1949
5236500	12244.2943
5237000	12244.2279
5237500	12243.9666
5238000	12243.9494
5238500	12244.0700
5239000	12244.0251
5239500	12244.0112
5240000	12243.9985
5240500	12244.0758
5241000	12243.8472
5241500	12243.9087
5242000	12243.8919
5242500	12243.9148
5243000	12243.8470
5243500	12243.8335
5244000	12243.7732
5244500	12243.9472
5245000	12243.7326
5245500	12243.6027
5246000	12243.6525
5246500	12243.5525
5247000	12243.6553
5247500	12243.6794
5248000	12243.8810
5248500	12243.7492
5249000	12243.5515
5249500	12243.5064
5250000	12243.6483
5250500	12243.6007
5251000	12243.4601
5251500	12243.2200
5252000	12242.9441
5252500	12243.0247
5253000	12243.1020
5253500	12243.0714
5254000	12243.1461
5254500	12243.1402
5255000	12243.3065
5255500	12243.6531
5256000	12243.6676
5256500	12243.7218
5257000	12243.5533
5257500	12243.3930
5258000	12243.2729
5258500	12243.4725
5259000	12243.5597
5259500	12243.6918
5260000	12243.7487
5260500	12243.6799
5261000	12243.3565
5261500	12243.3024
5262000	12243.3898
5262500	12243.3459
5263000	12243.2922
5263500	12243.3055
5264000	12243.4796
5264500	12243.3780
5265000	12243.2881
5265500	12243.2661
5266000	12243.2206
5266500	12243.3620
5267000	12243.3002
5267500	12243.4309
5268000	12243.2903
5268500	12243.2885
5269000	12243.2217
5269500	12243.0730
5270000	12243.1610
5270500	12242.9348
5271000	12242.9156
5271500	12242.6895
5272000	12242.8294
5272500	12242.7766
5273000	12242.8073
5273500	12242.8231
5274000	12242.8647
5274500	12242.7372
5275000	12242.7425
5275500	12242.6025
5276000	12242.6575
5276500	12242.7799
5277000	12242.6957
5277500	12242.7598
5278000	12242.6930
5278500	12242.6915
5279000	12242.8883
5279500	12242.8955
5280000	12243.0077
5280500	12242.9130
5281000	12242.9330
5281500	12242.8341
5282000	12242.8345
5282500	12242.7737
5283000	12242.6865
5283500	12242.4270
5284000	12242.6904
5284500	12242.8198
5285000	12242.7558
5285500	12243.0157
5286000	12242.9602
5286500	12242.9661
5287000	12243.1840
5287500	12243.3106
5288000	12243.3371
5288500	12243.4012
5289000	12243.3268
5289500	12243.2226
5290000	12243.3989
5290500	12243.4077
5291000	12243.3933
5291500	12243.4597
5292000	12243.2168
5292500	12243.2944
5293000	12243.4092
5293500	12243.7569
5294000	12243.6670
5294500	12243.7715
5295000	12243.4758
5295500	12243.3092
5296000	12243.2185
5296500	12243.1401
5297000	12243.3207
5297500	12243.2015
5298000	12243.2255
5298500	12243.3206
5299000	12243.4589
5299500	12243.5252
5300000	12243.5116
5300500	12243.1780
5301000	12243.2813
5301500	12243.2658
5302000	12243.1658
5302500	12243.1066
5303000	12243.2129
5303500	12243.2430
5304000	12243.3592
5304500	12243.1709
5305000	12243.1706
5305500	12242.9894
5306000	12243.0649
5306500	12243.0213
5307000	12243.0237
5307500	12243.1349
5308000	12243.3549
5308500	12243.4901
5309000	12243.5812
5309500	12243.5346
5310000	12243.6654
5310500	12243.5963
5311000	12243.6473
5311500	12243.6000
5312000	12243.6562
5312500	12243.7510
5313000	12243.5955
5313500	12243.6299
5314000	12243.2644
5314500	12243.0607
5315000	12243.1477
5315500	12243.0193
5316000	12243.0680
5316500	12243.1235
5317000	12243.1289
5317500	12243.0630
5318000	12242.9966
5318500	12243.1823
5319000	12242.8543
5319500	12242.8663
5320000	12242.6905
5320500	12242.7828
5321000	12242.8630
5321500	12242.9123
5322000	12243.0591
5322500	12242.9705
5323000	12242.9685
5323500	12242.9700
5324000	12242.8418
5324500	12242.8260
5325000	12242.8524
5325500	12242.7614
5326000	12242.6327
5326500	12242.7073
5327000	12242.3881
5327500	12242.6440
5328000	12242.3872
5328500	12242.5347
5329000	12242.4377
5329500	12242.5418
5330000	12242.6813
5330500	12242.7139
5331000	12242.8246
5331500	12242.5541
5332000	12242.4420
5332500	12242.5500
5333000	12242.6115
5333500	12242.7397
5334000	12242.6475
5334500	12242.5344
5335000	12242.5949
5335500	12242.5483
5336000	12242.4853
5336500	12242.6165
5337000	12242.6988
5337500	12242.8278
5338000	12242.8037
5338500	12242.9081
5339000	12242.8868
5339500	12242.8472
5340000	12243.1279
5340500	12243.1250
5341000	12243.1058
5341500	12242.8374
5342000	12242.9643
5342500	12243.0703
5343000	12243.2562
5343500	12243.0483
5344000	12243.1430
5344500	12243.3392
5345000	12243.0978
5345500	12242.9339
5346000	12242.8504
5346500	12243.0457
5347000	12242.9589
5347500	12242.8976
5348000	12242.7600
5348500	12242.7791
5349000	12242.6043
5349500	12242.8453
5350000	12242.8773
5350500	12242.9060
5351000	12242.8402
5351500	12243.0520
5352000	12243.3266
5352500	12243.4603
5353000	12243.5281
5353500	12243.4055
5354000	12243.4925
5354500	12243.4858
5355000	12243.3146
5355500	12243.3414
5356000	12243.3389
5356500	12243.0636
5357000	12242.9612
5357500	12242.8053
5358000	12242.7927
5358500	12242.8344
5359000	12242.5562
5359500	12242.4855
5360000	12242.4058
5360500	12242.2831
5361000	12242.2116
5361500	12242.1937
5362000	12242.2873
5362500	12242.2653
5363000	12242.3686
5363500	12242.3414
5364000	12242.3485
5364500	12242.3826
5365000	12242.4841
5365500	12242.5059
5366000	12242.6044
5366500	12242.6672
5367000	12242.5992
5367500	12242.6888
5368000	12242.7133
5368500	12242.6640
5369000	12242.7781
5369500	12242.7589
5370000	12242.5292
5370500	12242.4904
5371000	12242.4885
5371500	12242.4637
5372000	12242.5485
5372500	12242.6647
5373000	12242.7048
5373500	12242.6449
5374000	12242.7214
5374500	12242.8071
5375000	12242.8762
5375500	12242.9940
5376000	12243.0097
5376500	12243.1633
5377000	12243.2310
5377500	12243.1857
5378000	12243.3242
5378500	12243.2034
5379000	12243.3285
5379500	12243.1180
5380000	12242.9735
5380500	12243.1122
5381000	12243.1408
5381500	12243.3511
5382000	12243.3326
5382500	12243.5022
5383000	12243.5534
5383500	12243.3293
5384000	12243.2896
5384500	12243.1708
5385000	12243.2261
5385500	12243.2956
5386000	12243.3606
5386500	12243.3843
5387000	12243.3638
5387500	12243.5089
5388000	12243.4930
5388500	12243.3298
5389000	12243.3384
5389500	12243.4186
5390000	12243.8467
5390500	12243.9602
5391000	12243.9456
5391500	12244.1009
5392000	12244.2065
5392500	12244.1154
5393000	12244.0661
5393500	12244.1853
5394000	12244.2298
5394500	12244.2554
5395000	12243.9758
5395500	12244.1217
5396000	12244.2464
5396500	12244.3167
5397000	12244.3952
5397500	12244.2433
5398000	12244.3569
5398500	12244.2804
5399000	12243.9919
5399500	12244.0992
5400000	12244.0565
5400500	12243.8728
5401000	12243.6951
5401500	12243.7004
5402000	12243.6843
5402500	12243.8056
5403000	12243.8739
5403500	12243.8757
5404000	12243.8021
5404500	12243.7998
5405000	12243.7830
5405500	12243.8850
5406000	12243.9293
5406500	12244.0211
5407000	12243.8482
5407500	12243.7708
5408000	12243.7971
5408500	12243.6492
5409000	12243.5916
5409500	12243.5595
5410000	12243.6386
5410500	12243.4979
5411000	12243.5440
5411500	12243.3911
5412000	12243.3336
5412500	12243.3313
5413000	12243.2319
5413500	12243.2479
5414000	12243.3582
5414500	12243.4853
5415000	12243.5627
5415500	12243.6378
5416000	12243.7183
5416500	12243.6808
5417000	12243.7794
5417500	12243.8902
5418000	12243.9531
5418500	12243.8746
5419000	12243.9768
5419500	12243.9321
5420000	12243.9146
5420500	12243.8929
5421000	12243.9201
5421500	12243.8796
5422000	12243.9567
5422500	12243.6787
5423000	12243.7240
5423500	12243.7218
5424000	12243.7979
5424500	12243.9625
5425000	12243.9657
5425500	12243.7676
5426000	12243.7325
5426500	12243.8200
5427000	12243.8922
5427500	12243.8580
5428000	12243.8178
5428500	12243.7299
5429000	12243.7572
5429500	12243.7776
5430000	12243.7231
5430500	12243.7237
5431000	12243.7910
5431500	12243.8132
5432000	12243.4550
5432500	12243.3988
5433000	12243.5076
5433500	12243.5118
5434000	12243.2823
5434500	12243.2016
5435000	12243.3579
5435500	12242.9187
5436000	12243.0703
5436500	12243.2783
5437000	12243.2678
5437500	12243.4102
5438000	12243.4802
5438500	12243.5208
5439000	12243.6002
5439500	12243.6998
5440000	12243.7308
5440500	12243.5990
5441000	12243.6357
5441500	12243.4834
5442000	12243.4284
5442500	12243.5171
5443000	12243.4420
5443500	12243.5873
5444000	12243.5895
5444500	12243.6689
5445000	12243.6392
5445500	12243.6897
5446000	12243.7435
5446500	12243.7089
5447000	12243.6912
5447500	12243.8140
5448000	12243.7017
5448500	12243.8390
5449000	12244.0010
5449500	12244.0678
5450000	12244.2982
5450500	12244.2572
5451000	12244.3650
5451500	12244.5831
5452000	12244.4628
5452500	12244.1760
5453000	12244.3694
5453500	12244.4160
5454000	12244.5457
5454500	12244.4678
5455000	12244.5689
5455500	12244.5724
5456000	12244.5849
5456500	12244.6665
5457000	12244.7324
5457500	12244.7388
5458000	12244.7927
5458500	12244.8248
5459000	12245.0672
5459500	12245.1395
5460000	12245.1062
5460500	12245.2769
5461000	12245.0662
5461500	12244.9769
5462000	12244.9433
5462500	12245.0159
5463000	12245.0873
5463500	12245.1336
5464000	12245.2950
5464500	12245.1355
5465000	12245.1928
5465500	12245.2224
5466000	12245.0357
5466500	12245.0035
5467000	12245.0286
5467500	12245.0609
5468000	12245.1762
5468500	12245.2471
5469000	12245.1520
5469500	12245.1346
5470000	12245.2626
5470500	12245.0956
5471000	12245.1489
5471500	12245.0407
5472000	12244.7738
5472500	12244.5734
5473000	12244.5911
5473500	12244.5648
5474000	12244.5513
5474500	12244.4745
5475000	12244.3326
5475500	12244.3941
5476000	12244.3474
5476500	12244.2480
5477000	12244.3959
5477500	12244.0694
5478000	12244.0933
5478500	12244.0235
5479000	12244.0182
5479500	12244.1023
5480000	12244.0914
5480500	12244.0961
5481000	12243.6661
5481500	12243.7314
5482000	12243.6502
5482500	12243.5987
5483000	12243.7664
5483500	12243.9083
5484000	12243.9197
5484500	12244.0653
5485000	12244.1561
5485500	12244.0574
5486000	12244.1438
5486500	12244.1660
5487000	12244.1658
5487500	12244.2718
5488000	12244.4037
5488500	12244.1592
5489000	12244.0423
5489500	12244.1890
5490000	12244.3136
5490500	12244.3795
5491000	12244.3629
5491500	12244.5167
5492000	12244.3814
5492500	12244.3765
5493000	12244.3574
5493500	12244.5226
5494000	12244.3650
5494500	12244.4437
5495000	12244.3360
5495500	12244.2033
5496000	12244.3358
5496500	12244.2709
5497000	12244.0461
5497500	12243.9078
5498000	12244.0002
5498500	12244.0255
5499000	12244.0077
5499500	12244.0472
5500000	12244.0813
5500500	12244.1752
5501000	12244.2591
5501500	12244.1682
5502000	12244.2270
5502500	12244.0106
5503000	12244.0866
5503500	12244.1396
5504000	12244.0713
5504500	12244.2541
5505000	12244.2991
5505500	12244.3566
5506000	12244.3890
5506500	12244.5244
5507000	12244.6339
5507500	12244.7098
5508000	12244.8431
5508500	12244.8078
5509000	12244.8195
5509500	12245.0243
5510000	12245.2189
5510500	12245.0557
5511000	12245.1062
5511500	12245.2803
5512000	12245.0131
5512500	12245.1505
5513000	12245.4017
5513500	12245.1011
5514000	12245.3020
5514500	12245.5258
5515000	12245.5859
5515500	12245.6388
5516000	12245.6790
5516500	12245.5863
5517000	12245.7784
5517500	12245.9072
5518000	12246.0043
5518500	12246.0617
5519000	12246.1470
5519500	12246.1932
5520000	12246.2131
5520500	12246.2960
5521000	12246.4447
5521500	12246.3562
5522000	12246.1165
5522500	12246.0669
5523000	12245.9760
5523500	12246.0530
5524000	12245.9948
5524500	12245.9695
5525000	12246.0340
5525500	12245.9429
5526000	12245.8285
5526500	12245.8018
5527000	12245.8532
5527500	12245.9822
5528000	12245.9354
5528500	12246.1898
5529000	12246.2028
5529500	12246.1727
5530000	12246.1520
5530500	12246.3004
5531000	12246.2257
5531500	12246.3384
5532000	12246.3755
5532500	12246.1081
5533000	12245.8809
5533500	12245.8507
5534000	12245.7354
5534500	12245.8430
5535000	12245.8565
5535500	12245.8218
5536000	12245.8504
5536500	12245.9044
5537000	12245.9417
5537500	12245.9109
5538000	12245.6695
5538500	12245.6795
5539000	12245.7963
5539500	12245.7580
5540000	12245.5765
5540500	12245.7500
5541000	12245.8334
5541500	12245.9192
5542000	12245.7918
5542500	12245.9513
5543000	12245.8032
5543500	12245.9001
5544000	12245.9857
5544500	12245.6885
5545000	12245.7285
5545500	12245.8911
5546000	12245.9830
5546500	12245.9515
5547000	12246.0167
5547500	12245.9386
5548000	12245.9856
5548500	12245.9374
5549000	12246.0239
5549500	12246.0451
5550000	12246.0496
5550500	12246.2621
5551000	12246.2478
5551500	12246.3605
5552000	12246.5025
5552500	12246.5548
5553000	12246.5142
5553500	12246.5108
5554000	12246.5889
5554500	12246.5329
5555000	12246.4723
5555500	12246.5223
5556000	12246.5544
5556500	12246.4278
5557000	12246.4414
5557500	12246.4022
5558000	12246.4151
5558500	12246.5813
5559000	12246.4418
5559500	12246.3778
5560000	12246.3496
5560500	12246.3520
5561000	12246.3595
5561500	12246.4814
5562000	12246.1304
5562500	12246.1140
5563000	12246.1882
5563500	12245.9941
5564000	12246.0325
5564500	12246.1110
5565000	12246.0219
5565500	12245.9503
5566000	12245.9040
5566500	12245.9693
5567000	12246.1931
5567500	12246.2594
5568000	12246.1920
5568500	12246.2554
5569000	12246.3616
5569500	12246.3597
5570000	12246.4409
5570500	12246.3619
5571000	12246.0296
5571500	12246.0958
5572000	12246.1020
5572500	12246.1604
5573000	12246.2282
5573500	12246.2805
5574000	12246.4078
5574500	12246.3713
5575000	12246.5167
5575500	12246.3381
5576000	12246.3316
5576500	12246.1222
5577000	12246.1238
5577500	12246.2168
5578000	12246.0308
5578500	12246.0726
5579000	12245.9732
5579500	12246.1367
5580000	12246.2977
5580500	12246.0482
5581000	12245.8872
5581500	12246.0707
5582000	12246.2128
5582500	12246.1964
5583000	12246.2090
5583500	12246.2043
5584000	12246.2175
5584500	12246.0207
5585000	12245.9862
5585500	12245.9059
5586000	12245.9523
5586500	12246.0211
5587000	12246.0164
5587500	12246.1395
5588000	12246.0344
5588500	12246.0226
5589000	12246.0801
5589500	12246.0571
5590000	12246.1164
5590500	12246.1694
5591000	12246.1802
5591500	12246.2074
5592000	12246.1088
5592500	12246.1031
5593000	12246.2254
5593500	12246.2239
5594000	12246.1794
5594500	12246.1936
5595000	12246.0208
5595500	12246.0178
5596000	12246.0710
5596500	12246.1562
5597000	12245.9853
5597500	12246.0354
5598000	12245.9154
5598500	12245.4799
5599000	12245.6522
5599500	12245.6149
5600000	12245.6260
5600500	12245.6056
5601000	12245.4730
5601500	12245.2544
5602000	12245.1918
5602500	12245.1326
5603000	12244.8998
5603500	12245.0073
5604000	12245.0084
5604500	12245.1783
5605000	12245.2997
5605500	12245.2594
5606000	12245.4044
5606500	12245.4705
5607000	12245.6130
5607500	12245.5350
5608000	12245.3046
5608500	12245.1756
5609000	12245.0530
5609500	12244.9099
5610000	12245.0043
5610500	12245.2661
5611000	12245.1609
5611500	12244.9316
5612000	12245.0078
5612500	12244.7520
5613000	12244.7052
5613500	12244.7082
5614000	12244.7460
5614500	12244.7965
5615000	12244.6729
5615500	12244.7273
5616000	12244.7877
5616500	12245.0039
5617000	12245.0198
5617500	12244.7645
5618000	12244.8730
5618500	12244.7396
5619000	12244.6892
5619500	12244.4826
5620000	12244.5050
5620500	12244.5777
5621000	12244.2627
5621500	12244.3322
5622000	12244.4351
5622500	12244.6692
5623000	12244.5485
5623500	12244.7636
5624000	12244.7147
5624500	12244.7535
5625000	12244.9232
5625500	12244.7511
5626000	12244.6783
5626500	12244.6905
5627000	12244.7958
5627500	12244.8903
5628000	12244.7412
5628500	12244.7294
5629000	12244.8928
5629500	12245.0771
5630000	12245.0607
5630500	12245.0244
5631000	12245.0334
5631500	12244.9276
5632000	12244.9923
5632500	12244.9295
5633000	12244.7674
5633500	12244.8637
5634000	12244.9714
5634500	12245.0472
5635000	12244.9302
5635500	12245.1255
5636000	12245.1594
5636500	12245.1923
5637000	12245.2717
5637500	12245.0854
5638000	12245.0479
5638500	12245.0924
5639000	12245.0151
5639500	12244.7455
5640000	12244.5910
5640500	12244.2938
5641000	12244.2697
5641500	12244.3541
5642000	12244.4331
5642500	12244.4344
5643000	12244.5843
5643500	12244.4965
5644000	12244.4851
5644500	12244.3753
5645000	12244.3845
5645500	12244.3473
5646000	12244.3417
5646500	12244.2362
5647000	12244.2251
5647500	12244.1427
5648000	12244.1727
5648500	12244.2627
5649000	12244.2166
5649500	12244.1568
5650000	12244.2798
5650500	12244.3206
5651000	12244.6278
5651500	12244.6303
5652000	12244.6872
5652500	12244.7983
5653000	12244.8359
5653500	12244.8966
5654000	12244.9640
5654500	12244.7666
5655000	12244.8359
5655500	12245.0624
5656000	12245.0554
5656500	12245.2259
5657000	12245.1300
5657500	12245.3266
5658000	12245.3740
5658500	12245.3078
5659000	12245.2238
5659500	12245.3437
5660000	12245.3111
5660500	12245.3472
5661000	12245.2452
5661500	12245.2590
5662000	12245.3497
5662500	12245.2802
5663000	12245.2224
5663500	12245.1079
5664000	12245.3061
5664500	12245.1120
5665000	12245.1901
5665500	12245.1286
5666000	12245.2768
5666500	12245.5592
5667000	12245.5813
5667500	12245.6938
5668000	12245.8807
5668500	12245.6130
5669000	12245.3037
5669500	12245.4571
5670000	12245.5480
5670500	12245.4612
5671000	12245.3939
5671500	12245.3488
5672000	12245.3491
5672500	12245.3310
5673000	12245.0772
5673500	12245.0534
5674000	12245.2798
5674500	12245.3275
5675000	12245.3951
5675500	12245.3939
5676000	12245.5205
5676500	12245.5295
5677000	12245.7017
5677500	12245.8257
5678000	12245.8101
5678500	12245.8122
5679000	12245.8703
5679500	12245.8287
5680000	12245.5651
5680500	12245.6729
5681000	12245.5371
5681500	12245.3906
5682000	12245.2928
5682500	12245.1542
5683000	12245.0523
5683500	12244.9789
5684000	12244.9840
5684500	12245.0722
5685000	12244.9451
5685500	12244.9619
5686000	12244.7619
5686500	12244.5573
5687000	12244.5203
5687500	12244.2728
5688000	12244.2424
5688500	12244.2264
5689000	12244.0850
5689500	12244.0641
5690000	12244.0708
5690500	12244.1985
5691000	12244.0850
5691500	12244.1934
5692000	12244.2337
5692500	12244.1812
5693000	12244.2693
5693500	12244.0545
5694000	12243.9880
5694500	12244.0571
5695000	12244.2327
5695500	12244.1848
5696000	12244.2981
5696500	12244.2572
5697000	12244.2748
5697500	12244.2834
5698000	12244.3408
5698500	12244.3525
5699000	12244.1919
5699500	12244.3609
5700000	12244.2994
5700500	12244.4271
5701000	12244.5130
5701500	12244.5495
5702000	12244.4663
5702500	12244.4114
5703000	12244.4698
5703500	12244.5799
5704000	12244.5177
5704500	12244.3578
5705000	12244.3547
5705500	12244.1803
5706000	12244.1685
5706500	12244.3843
5707000	12244.4086
5707500	12244.3004
5708000	12244.1907
5708500	12244.3907
5709000	12244.3768
5709500	12244.4736
5710000	12244.2910
5710500	12244.2376
5711000	12244.0259
5711500	12243.9636
5712000	12244.0390
5712500	12244.1247
5713000	12244.0150
5713500	12244.0636
5714000	12243.9992
5714500	12244.0621
5715000	12243.9989
5715500	12243.8497
5716000	12243.7848
5716500	12243.9659
5717000	12244.0305
5717500	12243.9141
5718000	12243.9758
5718500	12243.9469
5719000	12243.8664
5719500	12244.1363
5720000	12244.2406
5720500	12244.1727
5721000	12244.2271
5721500	12244.1749
5722000	12244.2912
5722500	12244.3645
5723000	12244.3835
5723500	12244.2702
5724000	12244.2233
5724500	12243.9713
5725000	12243.7913
5725500	12243.9075
5726000	12243.8737
5726500	12243.9587
5727000	12243.9537
5727500	12243.9205
5728000	12243.7198
5728500	12243.6362
5729000	12243.5184
5729500	12243.5913
5730000	12243.3683
5730500	12243.4308
5731000	12243.5938
5731500	12243.7102
5732000	12243.7843
5732500	12243.9340
5733000	12243.6624
5733500	12243.6762
5734000	12243.2669
5734500	12243.2867
5735000	12243.2485
5735500	12243.3587
5736000	12243.2175
5736500	12243.2329
5737000	12243.2182
5737500	12243.2594
5738000	12243.2260
5738500	12243.2872
5739000	12243.5458
5739500	12243.5886
5740000	12243.6002
5740500	12243.6996
5741000	12243.3193
5741500	12243.3214
5742000	12243.3102
5742500	12243.3388
5743000	12243.4645
5743500	12243.3431
5744000	12243.3104
5744500	12243.2826
5745000	12243.3644
5745500	12243.2321
5746000	12242.9254
5746500	12242.9677
5747000	12243.0672
5747500	12243.0618
5748000	12242.9915
5748500	12243.1346
5749000	12243.1052
5749500	12243.0723
5750000	12243.0526
5750500	12243.2440
5751000	12243.3478
5751500	12243.2785
5752000	12243.3173
5752500	12242.9948
5753000	12243.1129
5753500	12243.2030
5754000	12243.1554
5754500	12243.2997
5755000	12243.2955
5755500	12243.3343
5756000	12243.2657
5756500	12243.3279
5757000	12243.2743
5757500	12243.2213
5758000	12243.1644
5758500	12243.0991
5759000	12243.0170
5759500	12243.1409
5760000	12243.0365
5760500	12243.0720
5761000	12242.8776
5761500	12242.9299
5762000	12243.1242
5762500	12243.0172
5763000	12242.7754
5763500	12242.7184
5764000	12242.4725
5764500	12242.3214
5765000	12242.2746
5765500	12242.4003
5766000	12242.5467
5766500	12242.6670
5767000	12242.7419
5767500	12242.4727
5768000	12242.3839
5768500	12242.3684
5769000	12242.2252
5769500	12242.1563
5770000	12242.2855
5770500	12242.1235
5771000	12242.1922
5771500	12242.1445
5772000	12242.2938
5772500	12242.0456
5773000	12241.9341
5773500	12242.0196
5774000	12242.0413
5774500	12242.0686
5775000	12242.1579
5775500	12242.2087
5776000	12242.1905
5776500	12242.3745
5777000	12242.3237
5777500	12242.2618
5778000	12242.3589
5778500	12242.5425
5779000	12242.4806
5779500	12242.5305
5780000	12242.5477
5780500	12242.3374
5781000	12242.4445
5781500	12242.5448
5782000	12242.5488
5782500	12242.3672
5783000	12242.3788
5783500	12242.4659
5784000	12242.5037
5784500	12242.6668
5785000	12242.5410
5785500	12242.3555
5786000	12242.4947
5786500	12242.4619
5787000	12242.3192
5787500	12242.3909
5788000	12242.5784
5788500	12242.6836
5789000	12242.7280
5789500	12242.7228
5790000	12242.7308
5790500	12242.8673
5791000	12242.7620
5791500	12242.5335
5792000	12242.6058
5792500	12242.6287
5793000	12242.4908
5793500	12242.6780
5794000	12242.5116
5794500	12242.5157
5795000	12242.6265
5795500	12242.5612
5796000	12242.4524
5796500	12242.4763
5797000	12242.3329
5797500	12242.2564
5798000	12242.0651
5798500	12242.2106
5799000	12242.0629
5799500	12242.1931
5800000	12242.1114
5800500	12241.9750
5801000	12241.7725
5801500	12241.8205
5802000	12241.8642
5802500	12241.8306
5803000	12241.7218
5803500	12241.6100
5804000	12241.6704
5804500	12241.7971
5805000	12241.7957
5805500	12241.7797
5806000	12241.7822
5806500	12241.6329
5807000	12241.8445
5807500	12241.9621
5808000	12242.0247
5808500	12242.0544
5809000	12241.8329
5809500	12241.6789
5810000	12241.5837
5810500	12241.6685
5811000	12241.8210
5811500	12241.8229
5812000	12241.9717
5812500	12241.9744
5813000	12241.7886
5813500	12241.6509
5814000	12241.7309
5814500	12241.8235
5815000	12241.8487
5815500	12241.9212
5816000	12241.8767
5816500	12241.9114
5817000	12241.7471
5817500	12241.7256
5818000	12241.8428
5818500	12241.8125
5819000	12241.7252
5819500	12241.6924
5820000	12241.8101
5820500	12241.9225
5821000	12242.0495
5821500	12242.1127
5822000	12242.1917
5822500	12242.1322
5823000	12242.1229
5823500	12242.2331
5824000	12242.3083
5824500	12242.4115
5825000	12242.5081
5825500	12242.7161
5826000	12242.8330
5826500	12242.7836
5827000	12242.8555
5827500	12242.9047
5828000	12242.9219
5828500	12242.9763
5829000	12242.9942
5829500	12242.9176
5830000	12242.9589
5830500	12243.0914
5831000	12243.1568
5831500	12243.2401
5832000	12243.3058
5832500	12243.4042
5833000	12243.4672
5833500	12243.6254
5834000	12243.8832
5834500	12243.9012
5835000	12243.8214
5835500	12243.8168
5836000	12243.8305
5836500	12243.6973
5837000	12243.7579
5837500	12243.8542
5838000	12243.6894
5838500	12243.6819
5839000	12243.5774
5839500	12243.7125
5840000	12243.7518
5840500	12243.6671
5841000	12243.8442
5841500	12243.8939
5842000	12243.8692
5842500	12243.9229
5843000	12243.7557
5843500	12243.6392
5844000	12243.8050
5844500	12243.8307
5845000	12244.0713
5845500	12243.9482
5846000	12244.1281
5846500	12244.1444
5847000	12244.1320
5847500	12243.8788
5848000	12244.0686
5848500	12244.0772
5849000	12244.1845
5849500	12244.4332
5850000	12244.4681
5850500	12244.5597
5851000	12244.6113
5851500	12244.7099
5852000	12244.6787
5852500	12244.6185
5853000	12244.4768
5853500	12244.5219
5854000	12244.4978
5854500	12244.5604
5855000	12244.5864
5855500	12244.4065
5856000	12244.3529
5856500	12244.4715
5857000	12244.5341
5857500	12244.8795
5858000	12244.9701
5858500	12244.9595
5859000	12244.9134
5859500	12244.8556
5860000	12244.8200
5860500	12244.8504
5861000	12244.8876
5861500	12245.0390
5862000	12245.1891
5862500	12245.1533
5863000	12245.2826
5863500	12245.3378
5864000	12245.2036
5864500	12245.2035
5865000	12245.2525
5865500	12245.1260
5866000	12245.1230
5866500	12244.9722
5867000	12245.0063
5867500	12244.8362
5868000	12244.6159
5868500	12244.5485
5869000	12244.5907
5869500	12244.8178
5870000	12244.8630
5870500	12245.0870
5871000	12245.1411
5871500	12245.0110
5872000	12245.2420
5872500	12245.2006
5873000	12245.2186
5873500	12245.2882
5874000	12245.3065
5874500	12245.4439
5875000	12245.1137
5875500	12244.8913
5876000	12244.8419
5876500	12244.8419
5877000	12244.9398
5877500	12244.8577
5878000	12244.8076
5878500	12244.7971
5879000	12244.8952
5879500	12244.9371
5880000	12244.9894
5880500	12244.9110
5881000	12244.9666
5881500	12244.9715
5882000	12244.9899
5882500	12245.1230
5883000	12244.9607
5883500	12245.1159
5884000	12245.2128
5884500	12245.0672
5885000	12244.7948
5885500	12244.6441
5886000	12244.6789
5886500	12244.6778
5887000	12244.6481
5887500	12244.6887
5888000	12244.5929
5888500	12244.5619
5889000	12244.6296
5889500	12244.5897
5890000	12244.5958
5890500	12244.6229
5891000	12244.5852
5891500	12244.5474
5892000	12244.4981
5892500	12244.6337
5893000	12244.5779
5893500	12244.7299
5894000	12244.6220
5894500	12244.6588
5895000	12244.6056
5895500	12244.5974
5896000	12244.6449
5896500	12244.6900
5897000	12244.7234
5897500	12244.6282
5898000	12244.7786
5898500	12244.6174
5899000	12244.6111
5899500	12244.7263
5900000	12244.7460
5900500	12244.6315
5901000	12244.5356
5901500	12244.4508
5902000	12244.5363
5902500	12244.5039
5903000	12244.3731
5903500	12244.2667
5904000	12244.4274
5904500	12244.4270
5905000	12244.4305
5905500	12244.5017
5906000	12244.5649
5906500	12244.6993
5907000	12244.6222
5907500	12244.4134
5908000	12244.4197
5908500	12244.5666
5909000	12244.6043
5909500	12244.6266
5910000	12244.8145
5910500	12244.8184
5911000	12244.6675
5911500	12244.5899
5912000	12244.6395
5912500	12244.8002
5913000	12244.9459
5913500	12244.7454
5914000	12244.8810
5914500	12244.7672
5915000	12244.6840
5915500	12244.6986
5916000	12244.7676
5916500	12244.7219
5917000	12244.9301
5917500	12244.9988
5918000	12244.9314
5918500	12244.9301
5919000	12244.9507
5919500	12244.9850
5920000	12244.9123
5920500	12244.7783
5921000	12244.7845
5921500	12244.8733
5922000	12244.8500
5922500	12244.6746
5923000	12244.6553
5923500	12244.5336
5924000	12244.5461
5924500	12244.7978
5925000	12244.8457
5925500	12244.8576
5926000	12244.8601
5926500	12244.9825
5927000	12245.0335
5927500	12244.9204
5928000	12244.9448
5928500	12244.7689
5929000	12244.7972
5929500	12244.9149
5930000	12244.9816
5930500	12245.1450
5931000	12245.3430
5931500	12245.5129
5932000	12245.5692
5932500	12245.5667
5933000	12245.7280
5933500	12245.6857
5934000	12245.7538
5934500	12245.7785
5935000	12245.8109
5935500	12245.9870
5936000	12245.9927
5936500	12246.1424
5937000	12246.1310
5937500	12246.1805
5938000	12246.3438
5938500	12246.3313
5939000	12246.2976
5939500	12246.3103
5940000	12246.3285
5940500	12246.2349
5941000	12246.1303
5941500	12246.1704
5942000	12246.0817
5942500	12246.0000
5943000	12246.0603
5943500	12246.0334
5944000	12246.3100
5944500	12246.3102
5945000	12246.2555
5945500	12246.1905
5946000	12246.1765
5946500	12246.2851
5947000	12246.3174
5947500	12246.2653
5948000	12246.3120
5948500	12246.1444
5949000	12246.0762
5949500	12246.2620
5950000	12246.3982
5950500	12246.5304
5951000	12246.4169
5951500	12246.4705
5952000	12246.1707
5952500	12245.9917
5953000	12245.7999
5953500	12245.8392
5954000	12245.9619
5954500	12246.1127
5955000	12245.8770
5955500	12245.6539
5956000	12245.6429
5956500	12245.4525
5957000	12245.5527
5957500	12245.7833
5958000	12245.6693
5958500	12245.6559
5959000	12245.7453
5959500	12245.6795
5960000	12245.8024
5960500	12245.8130
5961000	12245.8191
5961500	12245.6895
5962000	12245.6566
5962500	12245.7824
5963000	12245.7179
5963500	12245.6585
5964000	12245.5729
5964500	12245.3464
5965000	12245.3820
5965500	12245.2515
5966000	12245.1344
5966500	12245.1521
5967000	12245.1285
5967500	12245.1301
5968000	12245.1102
5968500	12245.1796
5969000	12245.1873
5969500	12245.1169
5970000	12245.0402
5970500	12245.0532
5971000	12244.8766
5971500	12244.7876
5972000	12244.7656
5972500	12244.7175
5973000	12244.6124
5973500	12244.6422
5974000	12244.5346
5974500	12244.5421
5975000	12244.6304
5975500	12244.7038
5976000	12244.8864
5976500	12244.9272
5977000	12245.0887
5977500	12245.0554
5978000	12244.9796
5978500	12244.9941
5979000	12245.0195
5979500	12245.0059
5980000	12245.0815
5980500	12245.0974
5981000	12245.1534
5981500	12245.1077
5982000	12245.1224
5982500	12245.2728
5983000	12245.4996
5983500	12245.5648
5984000	12245.5746
5984500	12245.5102
5985000	12245.6323
5985500	12245.6333
5986000	12245.5236
5986500	12245.4274
5987000	12245.4584
5987500	12245.5348
5988000	12245.6148
5988500	12245.6654
5989000	12245.5974
5989500	12245.6236
5990000	12245.5674
5990500	12245.4916
5991000	12245.4934
5991500	12245.4942
5992000	12245.3796
5992500	12245.2543
5993000	12245.2599
5993500	12245.2469
5994000	12245.1266
5994500	12245.1930
5995000	12245.0660
5995500	12245.1701
5996000	12245.2748
5996500	12245.3651
5997000	12245.2890
5997500	12245.2839
5998000	12245.2087
5998500	12245.2199
5999000	12245.1257
5999500	12245.0877
6000000	12245.0318
6000500	12245.1095
6001000	12245.0983
6001500	12245.1811
6002000	12245.2561
6002500	12245.1860
6003000	12245.2006
6003500	12245.3350
6004000	12245.3575
6004500	12245.2027
6005000	12245.3588
6005500	12245.3170
6006000	12245.4760
6006500	12245.5624
6007000	12245.4267
6007500	12245.3399
6008000	12245.2118
6008500	12245.4067
6009000	12245.3894
6009500	12245.3802
6010000	12245.2927
6010500	12245.3737
6011000	12245.2303
6011500	12245.3260
6012000	12245.3483
6012500	12245.3771
6013000	12245.5363
6013500	12245.4046
6014000	12245.4870
6014500	12245.3515
6015000	12245.3002
6015500	12245.1628
6016000	12245.1496
6016500	12245.0120
6017000	12244.9987
6017500	12245.0649
6018000	12244.9686
6018500	12245.1546
6019000	12245.2210
6019500	12245.3298
6020000	12245.4426
6020500	12245.3048
6021000	12245.3195
6021500	12245.3116
6022000	12245.2740
6022500	12245.2836
6023000	12245.4750
6023500	12245.5043
6024000	12245.3016
6024500	12245.2048
6025000	12245.2034
6025500	12245.3476
6026000	12245.2268
6026500	12245.4109
6027000	12245.2483
6027500	12245.2983
6028000	12245.5501
6028500	12245.5453
6029000	12245.5284
6029500	12245.6562
6030000	12245.7169
6030500	12245.7466
6031000	12245.6338
6031500	12245.6169
6032000	12245.5465
6032500	12245.5431
6033000	12245.5849
6033500	12245.6527
6034000	12245.6253
6034500	12245.5079
6035000	12245.4258
6035500	12245.5003
6036000	12245.2115
6036500	12245.3213
6037000	12245.3060
6037500	12245.3374
6038000	12245.4397
6038500	12245.3700
6039000	12245.1917
6039500	12245.2413
6040000	12245.2879
6040500	12245.3460
6041000	12245.4454
6041500	12245.4032
6042000	12245.3747
6042500	12245.2871
6043000	12245.0952
6043500	12245.1447
6044000	12245.3301
6044500	12245.2794
6045000	12245.3096
6045500	12245.3694
6046000	12245.5370
6046500	12245.3577
6047000	12245.4368
6047500	12245.4095
6048000	12245.2779
6048500	12245.2722
6049000	12245.2208
6049500	12245.1921
6050000	12245.1258
6050500	12245.1115
6051000	12244.9439
6051500	12244.9531
6052000	12245.0575
6052500	12244.9507
6053000	12245.1673
6053500	12245.3281
6054000	12245.2184
6054500	12245.2804
6055000	12245.0653
6055500	12244.8601
6056000	12244.9443
6056500	12244.9104
6057000	12245.0568
6057500	12245.1335
6058000	12245.1199
6058500	12245.1421
6059000	12245.1657
6059500	12245.1726
6060000	12244.9655
6060500	12244.9802
6061000	12244.8494
6061500	12244.6701
6062000	12244.7955
6062500	12244.8409
6063000	12244.9400
6063500	12244.7473
6064000	12245.0146
6064500	12245.1646
6065000	12245.2381
6065500	12245.1600
6066000	12245.1818
6066500	12245.1425
6067000	12245.1681
6067500	12245.1906
6068000	12245.0346
6068500	12244.9192
6069000	12245.1454
6069500	12245.1974
6070000	12245.3526
6070500	12245.2279
6071000	12245.4197
6071500	12245.6190
6072000	12245.6819
6072500	12245.6248
6073000	12245.7499
6073500	12245.8328
6074000	12245.8780
6074500	12245.8072
6075000	12245.7952
6075500	12245.9296
6076000	12245.9543
6076500	12245.9643
6077000	12246.0211
6077500	12246.0990
6078000	12246.0869
6078500	12246.0411
6079000	12246.0097
6079500	12246.0214
6080000	12246.0964
6080500	12246.0391
6081000	12245.9625
6081500	12245.9126
6082000	12245.9267
6082500	12245.9184
6083000	12245.7531
6083500	12245.7012
6084000	12245.5567
6084500	12245.5815
6085000	12245.6769
6085500	12245.5439
6086000	12245.5446
6086500	12245.6046
6087000	12245.4749
6087500	12245.5091
6088000	12245.4790
6088500	12245.5541
6089000	12245.4384
6089500	12245.3793
6090000	12245.5844
6090500	12245.5252
6091000	12245.6355
6091500	12245.6635
6092000	12245.8363
6092500	12245.8521
6093000	12245.7791
6093500	12245.7915
6094000	12245.9126
6094500	12245.9867
6095000	12246.0949
6095500	12246.0754
6096000	12246.0809
6096500	12246.1995
6097000	12246.4250
6097500	12246.3933
6098000	12246.4656
6098500	12246.4590
6099000	12246.5756
6099500	12246.5509
6100000	12246.4333
6100500	12246.3961
6101000	12246.3863
6101500	12246.5630
6102000	12246.6754
6102500	12246.5182
6103000	12246.4902
6103500	12246.5167
6104000	12246.5894
6104500	12246.7391
6105000	12246.8345
6105500	12246.7473
6106000	12246.6435
6106500	12246.4388
6107000	12246.4748
6107500	12246.4549
6108000	12246.4257
6108500	12246.2284
6109000	12246.3797
6109500	12246.4114
6110000	12246.5934
6110500	12246.5367
6111000	12246.5232
6111500	12246.6325
6112000	12246.7259
6112500	12246.6336
6113000	12246.7253
6113500	12246.6548
6114000	12246.6549
6114500	12246.6097
6115000	12246.6165
6115500	12246.5244
6116000	12246.7103
6116500	12246.8577
6117000	12246.8862
6117500	12246.7886
6118000	12246.7040
6118500	12246.6862
6119000	12246.5276
6119500	12246.5839
6120000	12246.6363
6120500	12246.6483
6121000	12246.8275
6121500	12246.7827
6122000	12246.8338
6122500	12246.8368
6123000	12246.5714
6123500	12246.6121
6124000	12246.7013
6124500	12246.5618
6125000	12246.6097
6125500	12246.5752
6126000	12246.4566
6126500	12246.5067
6127000	12246.4763
6127500	12246.4964
6128000	12246.5382
6128500	12246.4800
6129000	12246.4821
6129500	12246.4694
6130000	12246.4638
6130500	12246.4687
6131000	12246.5399
6131500	12246.4392
6132000	12246.3649
6132500	12246.4728
6133000	12246.4725
6133500	12246.3880
6134000	12246.2656
6134500	12246.2506
6135000	12246.2602
6135500	12246.3215
6136000	12246.4055
6136500	12246.2860
6137000	12246.3011
6137500	12246.4458
6138000	12246.3525
6138500	12246.1984
6139000	12246.2779
6139500	12246.2755
6140000	12246.3245
6140500	12246.3667
6141000	12246.4636
6141500	12246.4628
6142000	12246.6785
6142500	12246.7458
6143000	12246.8282
6143500	12246.6987
6144000	12246.4888
6144500	12246.4314
6145000	12246.3749
6145500	12246.3880
6146000	12246.5208
6146500	12246.5624
6147000	12246.5866
6147500	12246.6827
6148000	12246.6927
6148500	12246.7915
6149000	12246.8069
6149500	12246.7930
6150000	12246.5402
6150500	12246.4981
6151000	12246.5686
6151500	12246.4920
6152000	12246.4773
6152500	12246.5636
6153000	12246.7706
6153500	12246.5117
6154000	12246.5452
6154500	12246.4582
6155000	12246.2854
6155500	12246.2846
6156000	12246.3416
6156500	12246.5171
6157000	12246.3896
6157500	12246.6016
6158000	12246.5332
6158500	12246.6523
6159000	12246.4799
6159500	12246.3232
6160000	12246.4562
6160500	12246.4782
6161000	12246.4542
6161500	12246.4662
6162000	12246.5709
6162500	12246.4006
6163000	12246.4957
6163500	12246.5806
6164000	12246.6134
6164500	12246.5803
6165000	12246.5411
6165500	12246.5456
6166000	12246.7646
6166500	12246.8192
6167000	12246.6735
6167500	12246.5846
6168000	12246.5457
6168500	12246.3588
6169000	12246.3439
6169500	12246.3628
6170000	12246.5308
6170500	12246.4323
6171000	12246.3760
6171500	12246.3677
6172000	12246.3004
6172500	12246.6508
6173000	12246.7319
6173500	12246.7858
6174000	12246.7052
6174500	12246.7858
6175000	12246.7483
6175500	12246.7809
6176000	12246.7912
6176500	12246.8461
6177000	12246.7469
6177500	12246.8727
6178000	12246.8299
6178500	12246.7626
6179000	12246.9029
6179500	12246.9110
6180000	12246.9402
6180500	12246.9158
6181000	12246.9589
6181500	12246.9807
6182000	12247.0133
6182500	12247.0956
6183000	12246.8843
6183500	12246.8635
6184000	12246.7062
6184500	12246.6425
6185000	12246.6973
6185500	12246.7165
6186000	12246.7411
6186500	12246.6694
6187000	12246.6691
6187500	12246.8045
6188000	12246.9150
6188500	12246.8087
6189000	12246.9151
6189500	12247.1004
6190000	12247.1390
6190500	12247.1935
6191000	12247.0831
6191500	12246.9678
6192000	12247.0907
6192500	12247.1093
6193000	12247.2549
6193500	12247.3042
6194000	12247.3283
6194500	12247.2462
6195000	12247.2918
6195500	12247.3707
6196000	12247.4655
6196500	12247.4249
6197000	12247.6052
6197500	12247.7043
6198000	12247.7953
6198500	12248.0001
6199000	12247.9831
6199500	12247.9462
6200000	12247.9394
6200500	12247.9384
6201000	12247.8383
6201500	12247.9852
6202000	12248.0421
6202500	12248.0393
6203000	12248.0297
6203500	12248.0933
6204000	12248.1361
6204500	12248.2138
6205000	12248.2302
6205500	12248.2934
6206000	12248.2261
6206500	12248.3559
6207000	12248.2038
6207500	12248.3297
6208000	12248.2032
6208500	12247.8513
6209000	12247.9066
6209500	12247.8972
6210000	12247.7629
6210500	12247.8170
6211000	12247.8346
6211500	12247.7229
6212000	12247.6178
6212500	12247.6282
6213000	12247.5256
6213500	12247.6116
6214000	12247.6743
6214500	12247.5940
6215000	12247.7171
6215500	12247.7574
6216000	12247.6078
6216500	12247.6642
6217000	12247.9136
6217500	12247.9714
6218000	12247.8316
6218500	12247.7024
6219000	12247.6604
6219500	12247.6447
6220000	12247.6346
6220500	12247.6038
6221000	12247.6340
6221500	12247.6493
6222000	12247.8630
6222500	12247.7904
6223000	12247.7592
6223500	12247.7668
6224000	12247.8206
6224500	12247.7699
6225000	12247.8005
6225500	12247.7723
6226000	12247.8032
6226500	12247.7501
6227000	12247.8046
6227500	12247.8077
6228000	12247.8277
6228500	12247.8426
6229000	12247.8826
6229500	12247.9206
6230000	12248.0334
6230500	12248.0593
6231000	12248.0168
6231500	12247.9045
6232000	12247.9986
6232500	12248.1128
6233000	12248.2209
6233500	12248.2493
6234000	12248.2488
6234500	12248.2836
6235000	12248.1700
6235500	12248.1721
6236000	12248.2333
6236500	12248.0652
6237000	12248.1126
6237500	12248.1753
6238000	12248.3846
6238500	12248.3316
6239000	12248.1371
6239500	12248.2612
6240000	12248.1832
6240500	12248.1586
6241000	12248.2283
6241500	12247.9532
6242000	12248.0241
6242500	12248.0327
6243000	12248.0949
6243500	12248.1489
6244000	12248.0541
6244500	12248.2081
6245000	12248.2618
6245500	12248.3559
6246000	12248.2025
6246500	12248.4199
6247000	12248.2525
6247500	12248.2621
6248000	12248.3134
6248500	12248.4470
6249000	12248.3895
6249500	12248.1429
6250000	12247.9981
6250500	12247.8804
6251000	12247.6113
6251500	12247.6412
6252000	12247.6490
6252500	12247.4868
6253000	12247.3745
6253500	12247.2100
6254000	12247.2356
6254500	12247.2732
6255000	12247.3079
6255500	12247.1876
6256000	12247.0569
6256500	12247.1035
6257000	12246.9475
6257500	12246.9816
6258000	12247.0166
6258500	12247.0120
6259000	12246.9257
6259500	12246.7418
6260000	12246.7689
6260500	12246.7490
6261000	12246.7939
6261500	12246.7055
6262000	12246.6584
6262500	12246.6100
6263000	12246.5344
6263500	12246.5703
6264000	12246.7101
6264500	12246.7579
6265000	12246.8005
6265500	12246.7734
6266000	12246.7468
6266500	12246.6166
6267000	12246.7701
6267500	12246.7534
6268000	12246.8335
6268500	12246.9177
6269000	12246.9026
6269500	12246.8900
6270000	12246.8085
6270500	12246.8531
6271000	12246.6662
6271500	12246.6722
6272000	12246.6204
6272500	12246.6632
6273000	12246.6987
6273500	12246.5369
6274000	12246.4501
6274500	12246.3609
6275000	12246.3840
6275500	12246.3298
6276000	12246.3561
6276500	12246.3814
6277000	12246.3590
6277500	12246.3357
6278000	12246.2356
6278500	12246.2635
6279000	12246.1648
6279500	12246.1307
6280000	12246.0669
6280500	12246.0955
6281000	12246.0130
6281500	12246.1261
6282000	12246.1901
6282500	12246.1545
6283000	12246.2048
6283500	12246.2271
6284000	12246.2319
6284500	12246.4198
6285000	12246.5190
6285500	12246.5183
6286000	12246.5853
6286500	12246.7547
6287000	12246.8244
6287500	12246.8785
6288000	12246.8774
6288500	12246.9487
6289000	12247.0256
6289500	12246.9192
6290000	12246.9046
6290500	12246.9189
6291000	12246.9446
6291500	12246.8452
6292000	12246.8731
6292500	12246.9171
6293000	12247.0575
6293500	12246.8327
6294000	12246.7655
6294500	12246.7898
6295000	12246.9171
6295500	12246.8664
6296000	12246.8894
6296500	12246.7962
6297000	12246.8111
6297500	12246.7123
6298000	12246.8013
6298500	12246.5136
6299000	12246.5686
6299500	12246.6850
6300000	12246.7148
6300500	12246.8062
6301000	12246.6838
6301500	12246.5685
6302000	12246.4667
6302500	12246.3079
6303000	12246.2964
6303500	12246.3606
6304000	12246.3631
6304500	12246.2679
6305000	12246.2548
6305500	12246.2785
6306000	12246.1969
6306500	12246.2176
6307000	12246.0824
6307500	12246.0109
6308000	12246.0854
6308500	12246.1523
6309000	12246.1902
6309500	12246.2167
6310000	12246.2265
6310500	12246.1892
6311000	12246.1436
6311500	12246.1238
6312000	12246.3016
6312500	12246.2728
6313000	12246.3874
6313500	12246.4400
6314000	12246.3555
6314500	12246.3715
6315000	12246.4205
6315500	12246.3142
6316000	12246.4315
6316500	12246.2389
6317000	12246.1219
6317500	12246.1135
6318000	12246.2965
6318500	12246.3472
6319000	12246.4810
6319500	12246.4235
6320000	12246.4305
6320500	12246.4672
6321000	12246.3547
6321500	12246.6235
6322000	12246.7216
6322500	12246.7650
6323000	12246.7907
6323500	12246.8926
6324000	12246.8925
6324500	12246.8006
6325000	12246.6330
6325500	12246.5150
6326000	12246.5381
6326500	12246.5865
6327000	12246.6836
6327500	12246.6387
6328000	12246.6266
6328500	12246.6897
6329000	12246.7769
6329500	12246.8678
6330000	12246.8738
6330500	12246.9158
6331000	12247.0050
6331500	12247.1638
6332000	12247.1079
6332500	12247.0759
6333000	12247.0918
6333500	12246.9150
6334000	12246.7710
6334500	12246.8342
6335000	12246.7354
6335500	12246.7560
6336000	12246.7551
6336500	12246.7044
6337000	12246.6637
6337500	12246.9262
6338000	12246.9270
6338500	12246.9111
6339000	12246.7772
6339500	12246.9323
6340000	12246.8688
6340500	12246.9293
6341000	12247.0326
6341500	12247.0543
6342000	12247.0882
6342500	12247.0444
6343000	12247.2255
6343500	12247.1178
6344000	12247.0846
6344500	12247.1944
6345000	12247.2802
6345500	12247.4052
6346000	12247.3171
6346500	12247.2854
6347000	12247.3365
6347500	12247.3445
6348000	12247.3429
6348500	12247.2559
6349000	12247.2567
6349500	12247.2366
6350000	12247.2627
6350500	12247.3032
6351000	12247.4212
6351500	12247.5616
6352000	12247.6812
6352500	12247.6251
6353000	12247.5297
6353500	12247.2707
6354000	12247.1946
6354500	12247.3308
6355000	12247.2393
6355500	12247.0705
6356000	12247.1537
6356500	12247.2532
6357000	12247.3539
6357500	12247.5537
6358000	12247.6082
6358500	12247.6409
6359000	12247.6769
6359500	12247.5667
6360000	12247.5681
6360500	12247.6579
6361000	12247.7337
6361500	12247.7379
6362000	12247.8450
6362500	12247.8160
6363000	12247.9959
6363500	12248.0127
6364000	12247.9118
6364500	12247.9815
6365000	12247.9821
6365500	12248.0328
6366000	12247.9671
6366500	12247.6592
6367000	12247.7816
6367500	12247.6687
6368000	12247.6962
6368500	12247.7131
6369000	12247.4940
6369500	12247.4066
6370000	12247.4383
6370500	12247.3636
6371000	12247.4558
6371500	12247.4424
6372000	12247.4022
6372500	12247.3867
6373000	12247.4488
6373500	12247.1749
6374000	12247.1510
6374500	12247.1689
6375000	12247.3105
6375500	12247.2965
6376000	12247.3684
6376500	12247.3628
6377000	12247.2241
6377500	12247.1756
6378000	12247.3008
6378500	12247.3086
6379000	12247.3373
6379500	12247.2781
6380000	12246.8848
6380500	12246.8663
6381000	12246.8820
6381500	12247.1110
6382000	12247.1605
6382500	12247.1803
6383000	12247.1383
6383500	12247.1183
6384000	12247.3226
6384500	12247.4217
6385000	12247.5088
6385500	12247.3773
6386000	12247.3263
6386500	12247.1175
6387000	12247.0958
6387500	12246.9602
6388000	12246.9472
6388500	12247.0706
6389000	12247.2599
6389500	12247.5541
6390000	12247.5803
6390500	12247.6586
6391000	12247.6535
6391500	12247.7125
6392000	12247.8605
6392500	12247.8737
6393000	12247.8045
6393500	12247.7009
6394000	12247.6979
6394500	12247.6606
6395000	12247.6202
6395500	12247.7180
6396000	12247.8786
6396500	12247.8869
6397000	12247.7261
6397500	12247.6599
6398000	12247.5753
6398500	12247.5422
6399000	12247.5897
6399500	12247.5847
6400000	12247.3861
6400500	12247.4657
6401000	12247.4752
6401500	12247.5043
6402000	12247.5794
6402500	12247.6361
6403000	12247.6763
6403500	12247.6934
6404000	12247.5536
6404500	12247.4051
6405000	12247.3754
6405500	12247.5003
6406000	12247.5312
6406500	12247.3760
6407000	12247.3866
6407500	12247.3493
6408000	12247.3757
6408500	12247.4221
6409000	12247.4930
6409500	12247.4329
6410000	12247.2530
6410500	12247.1948
6411000	12247.2267
6411500	12247.2030
6412000	12247.1247
6412500	12246.8199
6413000	12246.8480
6413500	12247.0432
6414000	12247.1335
6414500	12247.0837
6415000	12247.1763
6415500	12247.1028
6416000	12247.0082
6416500	12247.1374
6417000	12247.0316
6417500	12246.8972
6418000	12246.8402
6418500	12246.8841
6419000	12246.8319
6419500	12246.8353
6420000	12246.9631
6420500	12246.9445
6421000	12246.8723
6421500	12246.8463
6422000	12246.8563
6422500	12246.9084
6423000	12246.8361
6423500	12246.8336
6424000	12246.7824
6424500	12246.7948
6425000	12246.7553
6425500	12246.8442
6426000	12246.6958
6426500	12246.8076
6427000	12246.7851
6427500	12246.7442
6428000	12246.7902
6428500	12246.7571
6429000	12246.7491
6429500	12246.5753
6430000	12246.5232
6430500	12246.5211
6431000	12246.6532
6431500	12246.6584
6432000	12246.5565
6432500	12246.7045
6433000	12246.6119
6433500	12246.6275
6434000	12246.5297
6434500	12246.5750
6435000	12246.5258
6435500	12246.5455
6436000	12246.3843
6436500	12246.4798
6437000	12246.4338
6437500	12246.3840
6438000	12246.4162
6438500	12246.3644
6439000	12246.2801
6439500	12246.2950
6440000	12246.1880
6440500	12246.2043
6441000	12246.3321
6441500	12246.3115
6442000	12246.4885
6442500	12246.5728
6443000	12246.6664
6443500	12246.7273
6444000	12246.6114
6444500	12246.4131
6445000	12246.3155
6445500	12246.2566
6446000	12246.2369
6446500	12246.0404
6447000	12246.1846
6447500	12246.1309
6448000	12246.1254
6448500	12246.2185
6449000	12246.2466
6449500	12246.2150
6450000	12246.2041
6450500	12246.2162
6451000	12246.1419
6451500	12246.0388
6452000	12245.9163
6452500	12245.8431
6453000	12245.9126
6453500	12245.9447
6454000	12245.8811
6454500	12245.6916
6455000	12245.4377
6455500	12245.6028
6456000	12245.4196
6456500	12245.2470
6457000	12245.2490
6457500	12245.2166
6458000	12245.3071
6458500	12245.3581
6459000	12245.4018
6459500	12245.3763
6460000	12245.1843
6460500	12245.2072
6461000	12245.1096
6461500	12245.1644
6462000	12245.2058
6462500	12245.1392
6463000	12245.0246
6463500	12244.9185
6464000	12244.8911
6464500	12244.9888
6465000	12244.8807
6465500	12244.9055
6466000	12244.9123
6466500	12245.0038
6467000	12245.0145
6467500	12245.0471
6468000	12244.7592
6468500	12244.7298
6469000	12244.6723
6469500	12244.7750
6470000	12244.7081
6470500	12244.6304
6471000	12244.5143
6471500	12244.5685
6472000	12244.5231
6472500	12244.5269
6473000	12244.5701
6473500	12244.4797
6474000	12244.5072
6474500	12244.3305
6475000	12244.2036
6475500	12244.0972
6476000	12244.1019
6476500	12243.9856
6477000	12243.9413
6477500	12243.9479
6478000	12243.8880
6478500	12243.8715
6479000	12244.0575
6479500	12243.9019
6480000	12243.8906
6480500	12243.9163
6481000	12243.8585
6481500	12243.8389
6482000	12243.9404
6482500	12243.6467
6483000	12243.5115
6483500	12243.3725
6484000	12243.3261
6484500	12243.3259
6485000	12243.2816
6485500	12243.2046
6486000	12243.1538
6486500	12243.1990
6487000	12243.1715
6487500	12243.2464
6488000	12243.2619
6488500	12243.2474
6489000	12243.2088
6489500	12243.0842
6490000	12243.1129
6490500	12243.1225
6491000	12243.1467
6491500	12243.1759
6492000	12243.2576
6492500	12243.4991
6493000	12243.4336
6493500	12243.5012
6494000	12243.4071
6494500	12243.2949
6495000	12243.2955
6495500	12243.3734
6496000	12243.2913
6496500	12243.1933
6497000	12243.1449
6497500	12243.1588
6498000	12243.2236
6498500	12243.2282
6499000	12243.1486
6499500	12243.2320
6500000	12243.2182
6500500	12243.2240
6501000	12243.3002
6501500	12243.3379
6502000	12243.4939
6502500	12243.3722
6503000	12243.4078
6503500	12243.4664
6504000	12243.0782
6504500	12243.2614
6505000	12243.1724
6505500	12243.2357
6506000	12243.2725
6506500	12243.2873
6507000	12243.2768
6507500	12243.3531
6508000	12243.2816
6508500	12243.2113
6509000	12243.2920
6509500	12243.3795
6510000	12243.4395
6510500	12243.2690
6511000	12243.4062
6511500	12243.3962
6512000	12243.5192
6512500	12243.7243
6513000	12243.6044
6513500	12243.7203
6514000	12243.8376
6514500	12243.7551
6515000	12243.8271
6515500	12243.9955
6516000	12244.0796
6516500	12244.1642
6517000	12244.1867
6517500	12244.0264
6518000	12243.9559
6518500	12243.9419
6519000	12243.7897
6519500	12243.8131
6520000	12243.7411
6520500	12243.7425
6521000	12243.8129
6521500	12243.7317
6522000	12243.6716
6522500	12243.6906
6523000	12243.8800
6523500	12243.9431
6524000	12243.9131
6524500	12243.6850
6525000	12243.6612
6525500	12243.7830
6526000	12243.6853
6526500	12243.6186
6527000	12243.6584
6527500	12243.4244
6528000	12243.3853
6528500	12243.3139
6529000	12243.3104
6529500	12243.2409
6530000	12243.1720
6530500	12243.1540
6531000	12243.1218
6531500	12242.9441
6532000	12242.9687
6532500	12242.9796
6533000	12242.8707
6533500	12242.9968
6534000	12242.7435
6534500	12242.7586
6535000	12242.8691
6535500	12242.6814
6536000	12242.7338
6536500	12242.8214
6537000	12242.6322
6537500	12242.9363
6538000	12242.9242
6538500	12242.9423
6539000	12242.8158
6539500	12242.9888
6540000	12243.0365
6540500	12243.1107
6541000	12243.1532
6541500	12243.1015
6542000	12243.0246
6542500	12243.0591
6543000	12243.0566
6543500	12243.0599
6544000	12243.1060
6544500	12242.9893
6545000	12243.1243
6545500	12243.1775
6546000	12243.0385
6546500	12242.9951
6547000	12243.0495
6547500	12243.2295
6548000	12243.2040
6548500	12243.1530
6549000	12242.9533
6549500	12242.9726
6550000	12242.8008
6550500	12242.8645
6551000	12242.7586
6551500	12242.6215
6552000	12242.6148
6552500	12242.5794
6553000	12242.6290
6553500	12242.4287
6554000	12242.5413
6554500	12242.5502
6555000	12242.6644
6555500	12242.4925
6556000	12242.4979
6556500	12242.5441
6557000	12242.5256
6557500	12242.3166
6558000	12242.3730
6558500	12242.3872
6559000	12242.3677
6559500	12242.4251
6560000	12242.3387
6560500	12242.2586
6561000	12242.3148
6561500	12242.3134
6562000	12242.3885
6562500	12242.2741
6563000	12242.3003
6563500	12242.1906
6564000	12242.1833
6564500	12242.2302
6565000	12242.1947
6565500	12242.2622
6566000	12242.1400
6566500	12242.2566
6567000	12242.3248
6567500	12242.2083
6568000	12242.2263
6568500	12242.2200
6569000	12242.2128
6569500	12242.0820
6570000	12241.9826
6570500	12241.9247
6571000	12241.9929
6571500	12242.0046
6572000	12242.0063
6572500	12242.0291
6573000	12241.8864
6573500	12241.9622
6574000	12242.0346
6574500	12241.9310
6575000	12241.7915
6575500	12241.6900
6576000	12241.7138
6576500	12241.8081
6577000	12241.5068
6577500	12241.7061
6578000	12241.5194
6578500	12241.4763
6579000	12241.5421
6579500	12241.6275
6580000	12241.8573
6580500	12241.7945
6581000	12241.7961
6581500	12241.8532
6582000	12241.9817
6582500	12242.0743
6583000	12242.0979
6583500	12242.2026
6584000	12242.1060
6584500	12242.1121
6585000	12242.2090
6585500	12242.0465
6586000	12241.8995
6586500	12241.8037
6587000	12241.9313
6587500	12241.9916
6588000	12242.2313
6588500	12242.1134
6589000	12242.2335
6589500	12242.2033
6590000	12242.2364
6590500	12242.2637
6591000	12242.0812
6591500	12242.0281
6592000	12241.9588
6592500	12242.0672
6593000	12242.0561
6593500	12242.0572
6594000	12242.0876
6594500	12242.1110
6595000	12242.0290
6595500	12242.0521
6596000	12241.9455
6596500	12241.9544
6597000	12242.0075
6597500	12242.0676
6598000	12242.2088
6598500	12242.1011
6599000	12242.0571
6599500	12241.9709
6600000	12241.8868
6600500	12241.8444
6601000	12241.8189
6601500	12241.8467
6602000	12241.8524
6602500	12241.6123
6603000	12241.8276
6603500	12241.8508
6604000	12241.7630
6604500	12241.8097
6605000	12241.7794
6605500	12241.7489
6606000	12241.8324
6606500	12241.7382
6607000	12241.8264
6607500	12241.8739
6608000	12241.7346
6608500	12241.6159
6609000	12241.5828
6609500	12241.6515
6610000	12241.6420
6610500	12241.6415
6611000	12241.7142
6611500	12241.6995
6612000	12241.7131
6612500	12241.7161
6613000	12241.8050
6613500	12241.7985
6614000	12241.8507
6614500	12241.8887
6615000	12241.9624
6615500	12241.9508
6616000	12241.8241
6616500	12241.9261
6617000	12241.8363
6617500	12241.7890
6618000	12241.8001
6618500	12241.8529
6619000	12241.8939
6619500	12242.0616
6620000	12242.0466
6620500	12242.0252
6621000	12242.0187
6621500	12242.0757
6622000	12242.0586
6622500	12242.0073
6623000	12242.0888
6623500	12242.0335
6624000	12242.1532
6624500	12242.1111
6625000	12242.1147
6625500	12242.0732
6626000	12242.1002
6626500	12241.9978
6627000	12241.9330
6627500	12241.9969
6628000	12241.8899
6628500	12241.8695
6629000	12241.9329
6629500	12241.9490
6630000	12241.9628
6630500	12241.9068
6631000	12241.7734
6631500	12241.8407
6632000	12241.9848
6632500	12242.0472
6633000	12242.1149
6633500	12241.9943
6634000	12242.1348
6634500	12242.1376
6635000	12242.1947
6635500	12242.2246
6636000	12242.3498
6636500	12242.2581
6637000	12242.1080
6637500	12242.0483
6638000	12241.9502
6638500	12241.9088
6639000	12241.9762
6639500	12242.0296
6640000	12241.9587
6640500	12242.0732
6641000	12242.2010
6641500	12242.3010
6642000	12242.3121
6642500	12242.3214
6643000	12242.2983
6643500	12242.2673
6644000	12242.2354
6644500	12242.3611
6645000	12242.1668
6645500	12242.1246
6646000	12242.0498
6646500	12242.1082
6647000	12242.0551
6647500	12242.4310
6648000	12242.2896
6648500	12242.3022
6649000	12242.2788
6649500	12242.4037
6650000	12242.3828
6650500	12242.4284
6651000	12242.3498
6651500	12242.3430
6652000	12242.1681
6652500	12242.2236
6653000	12242.2702
6653500	12242.1820
6654000	12242.3004
6654500	12242.2638
6655000	12242.3721
6655500	12242.4390
6656000	12242.4242
6656500	12242.5433
6657000	12242.6707
6657500	12242.7577
6658000	12242.8756
6658500	12242.8216
6659000	12242.7818
6659500	12242.8351
6660000	12242.8555
6660500	12243.0519
6661000	12243.1059
6661500	12243.1941
6662000	12243.1600
6662500	12243.1719
6663000	12243.1508
6663500	12243.1203
6664000	12242.9574
6664500	12242.8549
6665000	12242.9648
6665500	12242.8196
6666000	12242.8372
6666500	12242.8005
6667000	12243.0088
6667500	12243.1059
6668000	12243.0347
6668500	12243.2039
6669000	12243.0292
6669500	12242.8905
6670000	12242.9723
6670500	12242.8823
6671000	12242.9016
6671500	12242.8873
6672000	12242.8062
6672500	12242.9125
6673000	12242.8819
6673500	12242.6923
6674000	12242.6818
6674500	12242.7975
6675000	12242.8016
6675500	12242.7197
6676000	12242.6768
6676500	12242.7285
6677000	12242.8922
6677500	12242.9569
6678000	12242.8568
6678500	12242.6818
6679000	12242.6538
6679500	12242.7803
6680000	12242.7412
6680500	12242.6339
6681000	12242.6497
6681500	12242.5839
6682000	12242.6611
6682500	12242.5936
6683000	12242.4318
6683500	12242.4335
6684000	12242.4696
6684500	12242.4825
6685000	12242.5331
6685500	12242.5930
6686000	12242.5784
6686500	12242.6120
6687000	12242.8149
6687500	12242.8616
6688000	12242.9778
6688500	12242.9370
6689000	12242.9431
6689500	12242.8874
6690000	12242.8998
6690500	12242.9836
6691000	12242.9829
6691500	12243.0036
6692000	12242.8824
6692500	12242.9596
6693000	12242.9679
6693500	12243.0957
6694000	12243.0342
6694500	12242.9506
6695000	12242.8490
6695500	12242.7967
6696000	12242.6625
6696500	12242.7612
6697000	12242.8000
6697500	12242.6709
6698000	12242.9031
6698500	12242.8892
6699000	12242.9409
6699500	12242.8672
6700000	12242.7899
6700500	12242.7115
6701000	12242.7138
6701500	12242.7023
6702000	12242.6572
6702500	12242.4047
6703000	12242.3103
6703500	12242.2851
6704000	12242.4502
6704500	12242.4035
6705000	12242.3641
6705500	12242.2688
6706000	12242.3643
6706500	12242.3340
6707000	12242.4283
6707500	12242.5031
6708000	12242.3500
6708500	12242.3501
6709000	12242.2449
6709500	12242.2948
6710000	12242.2612
6710500	12242.2252
6711000	12242.2838
6711500	12242.3996
6712000	12242.4844
6712500	12242.4748
6713000	12242.5244
6713500	12242.5135
6714000	12242.4644
6714500	12242.2191
6715000	12242.2080
6715500	12242.3174
6716000	12242.4800
6716500	12242.4025
6717000	12242.3563
6717500	12242.4030
6718000	12242.3250
6718500	12242.2719
6719000	12242.4220
6719500	12242.5905
6720000	12242.6725
6720500	12242.7504
6721000	12242.8048
6721500	12242.7086
6722000	12242.7531
6722500	12242.8890
6723000	12242.9351
6723500	12242.9922
6724000	12242.9341
6724500	12243.0365
6725000	12243.0254
6725500	12242.9213
6726000	12242.8913
6726500	12242.9819
6727000	12243.0443
6727500	12243.1227
6728000	12243.1544
6728500	12243.1276
6729000	12243.1338
6729500	12243.2875
6730000	12243.0215
6730500	12243.0564
6731000	12243.0684
6731500	12243.0691
6732000	12242.7470
6732500	12242.7511
6733000	12242.8517
6733500	12242.9583
6734000	12242.8660
6734500	12242.8872
6735000	12242.6844
6735500	12242.7996
6736000	12242.6922
6736500	12242.8008
6737000	12242.9701
6737500	12243.1600
6738000	12243.1664
6738500	12243.1451
6739000	12243.1769
6739500	12242.9917
6740000	12243.0525
6740500	12242.8799
6741000	12242.8513
6741500	12242.8115
6742000	12242.8741
6742500	12243.0488
6743000	12242.8962
6743500	12242.8564
6744000	12242.9136
6744500	12243.0776
6745000	12243.1026
6745500	12243.1602
6746000	12243.1423
6746500	12243.2155
6747000	12243.2241
6747500	12243.2311
6748000	12243.0986
6748500	12243.1259
6749000	12243.1220
6749500	12243.0860
6750000	12243.0459
6750500	12242.9676
6751000	12242.8927
6751500	12242.9890
6752000	12242.8930
6752500	12243.0368
6753000	12242.9495
6753500	12243.0777
6754000	12243.1115
6754500	12243.2228
6755000	12243.3172
6755500	12243.4539
6756000	12243.4014
6756500	12243.4108
6757000	12243.3565
6757500	12243.4244
6758000	12243.3989
6758500	12243.3283
6759000	12243.3770
6759500	12243.2224
6760000	12243.2677
6760500	12243.2535
6761000	12243.2722
6761500	12243.2998
6762000	12243.2239
6762500	12243.1332
6763000	12243.0076
6763500	12243.0821
6764000	12242.8898
6764500	12242.9899
6765000	12242.9407
6765500	12242.7779
6766000	12242.5676
6766500	12242.4382
6767000	12242.3993
6767500	12242.4897
6768000	12242.7140
6768500	12242.7814
6769000	12242.8227
6769500	12242.7195
6770000	12242.6763
6770500	12242.5272
6771000	12242.4910
6771500	12242.5499
6772000	12242.4030
6772500	12242.5695
6773000	12242.6338
6773500	12242.6250
6774000	12242.4304
6774500	12242.3895
6775000	12242.4046
6775500	12242.4529
6776000	12242.4617
6776500	12242.4034
6777000	12242.4503
6777500	12242.4847
6778000	12242.3643
6778500	12242.4560
6779000	12242.5856
6779500	12242.5506
6780000	12242.7521
6780500	12242.6442
6781000	12242.6076
6781500	12242.6666
6782000	12242.6594
6782500	12242.6470
6783000	12242.7979
6783500	12242.7608
6784000	12242.8755
6784500	12242.7885
6785000	12242.9010
6785500	12242.9637
6786000	12243.0500
6786500	12243.0156
6787000	12243.0021
6787500	12243.1187
6788000	12243.1888
6788500	12243.1938
6789000	12243.3122
6789500	12243.2946
6790000	12243.5403
6790500	12243.6656
6791000	12243.6869
6791500	12243.5979
6792000	12243.5307
6792500	12243.5804
6793000	12243.6233
6793500	12243.7347
6794000	12243.7968
6794500	12243.7136
6795000	12243.8131
6795500	12243.8565
6796000	12243.8059
6796500	12243.8345
6797000	12243.9563
6797500	12243.9656
6798000	12243.9984
6798500	12243.9761
6799000	12243.8915
6799500	12243.9651
6800000	12244.0703
6800500	12244.2259
6801000	12244.1887
6801500	12244.3853
6802000	12244.2405
6802500	12244.3992
6803000	12244.1187
6803500	12244.1136
6804000	12244.2452
6804500	12244.2759
6805000	12244.0819
6805500	12244.0431
6806000	12244.1908
6806500	12244.1763
6807000	12244.0824
6807500	12244.0954
6808000	12243.9689
6808500	12243.8434
6809000	12243.9225
6809500	12243.9174
6810000	12243.7675
6810500	12243.7617
6811000	12243.6669
6811500	12243.6575
6812000	12243.6278
6812500	12243.6763
6813000	12243.6117
6813500	12243.6191
6814000	12243.5719
6814500	12243.5275
6815000	12243.6553
6815500	12243.6424
6816000	12243.6855
6816500	12243.7563
6817000	12243.6863
6817500	12243.7271
6818000	12243.7618
6818500	12243.6173
6819000	12243.4578
6819500	12243.4571
6820000	12243.3887
6820500	12243.2698
6821000	12243.0712
6821500	12243.1488
6822000	12243.1853
6822500	12243.2530
6823000	12242.9528
6823500	12243.0518
6824000	12243.0393
6824500	12242.9877
6825000	12242.9545
6825500	12242.8768
6826000	12242.9222
6826500	12242.9238
6827000	12242.9234
6827500	12242.8409
6828000	12242.9057
6828500	12242.9042
6829000	12242.9079
6829500	12242.9105
6830000	12242.8132
6830500	12242.7735
6831000	12242.7209
6831500	12242.5874
6832000	12242.6536
6832500	12242.6171
6833000	12242.4910
6833500	12242.5530
6834000	12242.4161
6834500	12242.4604
6835000	12242.4172
6835500	12242.4689
6836000	12242.4098
6836500	12242.5555
6837000	12242.5414
6837500	12242.3507
6838000	12242.5571
6838500	12242.6249
6839000	12242.7047
6839500	12242.6683
6840000	12242.6259
6840500	12242.6137
6841000	12242.6103
6841500	12242.4494
6842000	12242.3446
6842500	12242.4725
6843000	12242.4378
6843500	12242.2328
6844000	12242.3215
6844500	12242.3276
6845000	12242.5356
6845500	12242.5453
6846000	12242.5492
6846500	12242.3196
6847000	12242.3077
6847500	12242.2357
6848000	12242.0893
6848500	12242.2370
6849000	12242.1956
6849500	12242.1645
6850000	12242.1435
6850500	12242.0084
6851000	12241.6877
6851500	12241.7478
6852000	12241.8346
6852500	12241.9063
6853000	12241.9080
6853500	12241.7872
6854000	12241.6625
6854500	12241.5979
6855000	12241.6070
6855500	12241.8028
6856000	12241.7905
6856500	12241.7226
6857000	12241.7422
6857500	12241.6389
6858000	12241.4314
6858500	12241.3610
6859000	12241.3626
6859500	12241.3595
6860000	12241.3638
6860500	12241.4719
6861000	12241.4497
6861500	12241.5173
6862000	12241.3277
6862500	12241.2238
6863000	12241.2539
6863500	12241.2552
6864000	12241.2013
6864500	12241.2024
6865000	12241.3567
6865500	12241.4557
6866000	12241.3556
6866500	12241.4684
6867000	12241.4520
6867500	12241.3787
6868000	12241.2493
6868500	12241.1881
6869000	12241.0763
6869500	12241.1023
6870000	12241.1354
6870500	12241.0254
6871000	12241.1016
6871500	12241.1195
6872000	12241.0797
6872500	12241.0670
6873000	12241.2777
6873500	12241.2860
6874000	12241.1642
6874500	12241.1864
6875000	12241.2992
6875500	12241.1878
6876000	12241.3446
6876500	12241.3083
6877000	12241.3953
6877500	12241.2342
6878000	12241.3136
6878500	12241.2178
6879000	12241.3155
6879500	12241.4291
6880000	12241.3716
6880500	12241.1923
6881000	12241.1173
6881500	12241.3025
6882000	12241.3937
6882500	12241.4329
6883000	12241.4652
6883500	12241.4863
6884000	12241.4516
6884500	12241.3864
6885000	12241.5075
6885500	12241.4638
6886000	12241.3334
6886500	12241.3282
6887000	12241.2830
6887500	12241.2475
6888000	12241.2542
6888500	12241.2430
6889000	12241.3601
6889500	12241.4615
6890000	12241.4613
6890500	12241.5897
6891000	12241.6896
6891500	12241.5714
6892000	12241.6800
6892500	12241.6869
6893000	12241.6121
6893500	12241.6034
6894000	12241.6815
6894500	12241.7285
6895000	12241.7419
6895500	12241.6065
6896000	12241.2900
6896500	12241.3198
6897000	12241.3779
6897500	12241.5243
6898000	12241.4393
6898500	12241.5594
6899000	12241.4964
6899500	12241.5953
6900000	12241.5924
6900500	12241.6093
6901000	12241.6418
6901500	12241.5139
6902000	12241.4324
6902500	12241.4297
6903000	12241.4212
6903500	12241.3817
6904000	12241.3758
6904500	12241.3691
6905000	12241.3419
6905500	12241.3781
6906000	12241.3970
6906500	12241.3548
6907000	12241.4600
6907500	12241.4945
6908000	12241.4841
6908500	12241.4767
6909000	12241.4965
6909500	12241.5179
6910000	12241.3748
6910500	12241.4709
6911000	12241.4753
6911500	12241.3980
6912000	12241.4262
6912500	12241.4684
6913000	12241.5978
6913500	12241.6413
6914000	12241.6300
6914500	12241.5458
6915000	12241.7675
6915500	12241.6926
6916000	12241.6469
6916500	12241.5451
6917000	12241.6430
6917500	12241.6700
6918000	12241.5136
6918500	12241.5300
6919000	12241.4954
6919500	12241.4783
6920000	12241.3651
6920500	12241.2878
6921000	12241.1565
6921500	12241.0978
6922000	12241.0796
6922500	12241.1126
6923000	12241.1540
6923500	12241.1435
6924000	12241.0416
6924500	12241.0139
6925000	12241.0141
6925500	12241.1107
6926000	12241.1036
6926500	12241.2109
6927000	12241.1770
6927500	12241.0463
6928000	12241.1019
6928500	12241.1049
6929000	12241.1242
6929500	12241.2451
6930000	12241.2849
6930500	12241.1984
6931000	12240.9783
6931500	12241.0916
6932000	12241.0142
6932500	12240.9968
6933000	12241.0832
6933500	12241.0935
6934000	12241.1091
6934500	12241.0847
6935000	12240.9963
6935500	12240.9854
6936000	12241.1341
6936500	12241.1485
6937000	12241.0880
6937500	12241.1755
6938000	12241.3511
6938500	12241.2246
6939000	12241.1211
6939500	12241.1495
6940000	12241.0352
6940500	12241.1549
6941000	12241.1198
6941500	12241.1398
6942000	12241.0256
6942500	12240.9570
6943000	12240.9437
6943500	12241.0042
6944000	12240.9816
6944500	12240.9020
6945000	12240.9728
6945500	12241.0721
6946000	12241.0366
6946500	12241.1275
6947000	12241.0718
6947500	12241.1657
6948000	12241.1596
6948500	12241.2995
6949000	12241.3899
6949500	12241.2758
6950000	12241.1585
6950500	12240.9801
6951000	12240.8966
6951500	12240.8211
6952000	12240.8504
6952500	12240.9088
6953000	12240.7954
6953500	12240.7914
6954000	12240.7674
6954500	12240.6929
6955000	12240.6253
6955500	12240.7790
6956000	12240.7225
6956500	12240.7571
6957000	12240.8359
6957500	12240.9106
6958000	12240.7929
6958500	12240.8339
6959000	12240.7795
6959500	12240.6635
6960000	12240.7099
6960500	12240.7870
6961000	12240.8101
6961500	12240.8576
6962000	12240.8795
6962500	12240.7887
6963000	12240.8534
6963500	12240.8523
6964000	12240.9271
6964500	12240.8439
6965000	12240.8997
6965500	12240.8225
6966000	12240.7599
6966500	12240.5447
6967000	12240.3498
6967500	12240.2934
6968000	12240.0339
6968500	12240.0715
6969000	12240.1261
6969500	12240.0576
6970000	12240.0725
6970500	12239.9568
6971000	12239.7891
6971500	12239.7812
6972000	12239.7889
6972500	12239.8315
6973000	12239.7397
6973500	12239.7400
6974000	12239.7678
6974500	12239.6733
6975000	12239.7926
6975500	12239.7532
6976000	12239.8190
6976500	12239.8367
6977000	12239.5675
6977500	12239.5681
6978000	12239.5505
6978500	12239.6283
6979000	12239.6683
6979500	12239.7616
6980000	12239.4579
6980500	12239.5085
6981000	12239.5346
6981500	12239.6219
6982000	12239.5555
6982500	12239.4382
6983000	12239.4376
6983500	12239.5438
6984000	12239.6201
6984500	12239.6567
6985000	12239.6929
6985500	12239.7057
6986000	12239.5086
6986500	12239.4696
6987000	12239.5384
6987500	12239.5118
6988000	12239.3605
6988500	12239.2832
6989000	12239.2948
6989500	12239.2593
6990000	12239.3184
6990500	12239.2734
6991000	12239.2090
6991500	12239.2009
6992000	12239.1826
6992500	12239.0965
6993000	12239.0713
6993500	12239.0973
6994000	12239.0603
6994500	12239.1884
6995000	12239.1859
6995500	12239.4470
6996000	12239.3622
6996500	12239.3269
6997000	12239.1431
6997500	12239.0887
6998000	12238.9328
6998500	12238.9165
6999000	12238.9385
6999500	12239.0451
7000000	12238.9251
7000500	12238.9971
7001000	12238.9067
7001500	12238.8188
7002000	12238.9584
7002500	12238.9646
7003000	12239.0291
7003500	12239.0792
7004000	12238.9007
7004500	12238.7361
7005000	12238.6279
7005500	12238.6376
7006000	12238.6802
7006500	12238.5940
7007000	12238.4341
7007500	12238.3546
7008000	12238.2309
7008500	12238.1643
7009000	12238.1987
7009500	12238.1112
7010000	12238.2364
7010500	12238.2418
7011000	12238.2404
7011500	12238.1734
7012000	12238.3168
7012500	12238.2730
7013000	12238.3242
7013500	12238.4256
7014000	12238.5491
7014500	12238.6436
7015000	12238.3684
7015500	12238.2088
7016000	12238.3122
7016500	12238.0761
7017000	12238.1464
7017500	12238.1820
7018000	12238.3030
7018500	12238.3879
7019000	12238.3378
7019500	12238.5755
7020000	12238.6034
7020500	12238.5157
7021000	12238.5379
7021500	12238.4803
7022000	12238.5254
7022500	12238.5135
7023000	12238.7143
7023500	12238.8114
7024000	12238.7937
7024500	12238.7132
7025000	12238.5953
7025500	12238.5004
7026000	12238.5804
7026500	12238.4122
7027000	12238.3980
7027500	12238.3765
7028000	12238.2901
7028500	12238.4482
7029000	12238.4539
7029500	12238.3508
7030000	12238.4997
7030500	12238.4799
7031000	12238.5576
7031500	12238.5813
7032000	12238.5804
7032500	12238.4732
7033000	12238.4020
7033500	12238.3268
7034000	12238.3494
7034500	12238.1400
7035000	12238.1432
7035500	12238.1688
7036000	12238.1076
7036500	12238.0548
7037000	12238.0277
7037500	12238.1219
7038000	12238.1183
7038500	12238.1720
7039000	12238.0762
7039500	12238.0814
7040000	12238.0811
7040500	12238.0560
7041000	12238.0545
7041500	12238.0608
7042000	12238.1305
7042500	12238.1819
7043000	12238.0512
7043500	12238.0058
7044000	12237.9182
7044500	12237.8605
7045000	12237.7841
7045500	12237.8997
7046000	12237.7678
7046500	12237.7480
7047000	12237.8682
7047500	12237.9246
7048000	12238.1057
7048500	12238.2427
7049000	12238.1909
7049500	12238.2175
7050000	12238.2773
7050500	12238.2263
7051000	12238.0179
7051500	12238.0882
7052000	12238.1180
7052500	12238.1180
7053000	12238.2089
7053500	12238.3212
7054000	12238.2491
7054500	12238.3384
7055000	12238.3699
7055500	12238.2319
7056000	12238.0498
7056500	12238.0435
7057000	12238.1637
7057500	12238.0735
7058000	12237.9286
7058500	12238.0556
7059000	12238.0409
7059500	12237.9712
7060000	12237.8306
7060500	12237.8202
7061000	12237.7414
7061500	12237.7697
7062000	12237.8389
7062500	12237.8892
7063000	12237.8227
7063500	12237.8356
7064000	12237.8846
7064500	12237.8367
7065000	12237.8282
7065500	12237.6147
7066000	12237.6164
7066500	12237.6527
7067000	12237.6582
7067500	12237.6781
7068000	12237.5982
7068500	12237.6975
7069000	12237.6739
7069500	12237.5894
7070000	12237.5813
7070500	12237.6302
7071000	12237.7575
7071500	12237.8194
7072000	12237.8005
7072500	12237.8342
7073000	12237.8361
7073500	12237.7196
7074000	12237.7517
7074500	12237.8215
7075000	12237.9529
7075500	12237.9720
7076000	12237.9891
7076500	12238.1231
7077000	12238.1098
7077500	12237.9838
7078000	12237.9638
7078500	12237.9611
7079000	12238.0078
7079500	12237.8350
7080000	12237.8823
7080500	12237.8921
7081000	12238.0053
7081500	12238.0545
7082000	12237.9810
7082500	12238.0682
7083000	12238.0392
7083500	12237.9725
7084000	12237.9319
7084500	12238.1284
7085000	12238.1520
7085500	12238.1073
7086000	12238.1024
7086500	12238.2614
7087000	12238.1967
7087500	12238.1909
7088000	12238.2533
7088500	12238.2378
7089000	12238.2358
7089500	12238.2359
7090000	12238.3428
7090500	12238.3407
7091000	12238.4151
7091500	12238.4723
7092000	12238.5307
7092500	12238.5374
7093000	12238.4206
7093500	12238.4523
7094000	12238.3294
7094500	12238.4003
7095000	12238.4010
7095500	12238.3183
7096000	12238.2625
7096500	12238.1501
7097000	12238.2567
7097500	12238.2066
7098000	12238.2289
7098500	12238.0427
7099000	12238.0074
7099500	12238.0362
7100000	12238.0113
7100500	12237.9671
7101000	12237.9703
7101500	12237.9488
7102000	12237.8497
7102500	12237.9896
7103000	12238.0587
7103500	12237.9866
7104000	12238.0749
7104500	12237.9276
7105000	12237.7841
7105500	12237.7627
7106000	12237.7366
7106500	12237.8201
7107000	12237.8475
7107500	12238.0217
7108000	12238.0197
7108500	12238.1319
7109000	12238.1252
7109500	12237.9704
7110000	12237.9823
7110500	12238.0433
7111000	12238.0247
7111500	12238.1938
7112000	12238.2046
7112500	12238.3357
7113000	12238.2604
7113500	12238.2538
7114000	12238.4854
7114500	12238.5403
7115000	12238.6243
7115500	12238.6927
7116000	12238.5519
7116500	12238.5095
7117000	12238.7351
7117500	12238.6908
7118000	12238.7716
7118500	12238.8516
7119000	12238.8597
7119500	12238.7420
7120000	12238.6616
7120500	12238.6690
7121000	12238.7427
7121500	12238.7463
7122000	12238.7747
7122500	12238.8883
7123000	12238.9041
7123500	12238.9089
7124000	12238.8910
7124500	12238.9271
7125000	12238.8059
7125500	12238.8296
7126000	12238.8643
7126500	12238.9286
7127000	12238.9113
7127500	12238.9988
7128000	12238.9789
7128500	12238.9703
7129000	12238.7360
7129500	12238.8917
7130000	12238.8425
7130500	12239.0020
7131000	12239.0939
7131500	12239.1565
7132000	12238.9851
7132500	12239.0765
7133000	12239.1683
7133500	12239.2682
7134000	12239.3542
7134500	12239.2843
7135000	12239.2474
7135500	12239.2308
7136000	12239.3377
7136500	12239.3627
7137000	12239.3232
7137500	12239.3329
7138000	12239.2889
7138500	12239.2910
7139000	12239.3048
7139500	12239.2626
7140000	12239.1380
7140500	12239.2149
7141000	12239.2652
7141500	12239.3098
7142000	12239.5181
7142500	12239.5097
7143000	12239.3968
7143500	12239.3964
7144000	12239.3762
7144500	12239.5192
7145000	12239.2617
7145500	12239.3025
7146000	12239.4712
7146500	12239.4986
7147000	12239.4153
7147500	12239.3737
7148000	12239.3805
7148500	12239.4207
7149000	12239.3530
7149500	12239.3532
7150000	12239.2939
7150500	12239.1416
7151000	12238.9459
7151500	12238.7352
7152000	12238.7813
7152500	12238.5631
7153000	12238.6820
7153500	12238.6932
7154000	12238.8046
7154500	12238.7179
7155000	12238.5539
7155500	12238.6669
7156000	12238.6807
7156500	12238.7042
7157000	12238.7502
7157500	12238.8303
7158000	12238.8390
7158500	12238.7222
7159000	12238.6267
7159500	12238.5213
7160000	12238.5749
7160500	12238.6078
7161000	12238.6517
7161500	12238.5837
7162000	12238.5840
7162500	12238.4510
7163000	12238.5340
7163500	12238.5938
7164000	12238.5346
7164500	12238.4665
7165000	12238.2271
7165500	12238.3172
7166000	12238.2627
7166500	12238.1093
7167000	12238.2767
7167500	12238.1816
7168000	12238.1221
7168500	12238.1075
7169000	12238.0367
7169500	12238.0902
7170000	12237.9563
7170500	12237.9353
7171000	12237.9033
7171500	12237.9140
7172000	12237.8531
7172500	12237.8562
7173000	12238.0578
7173500	12238.0059
7174000	12237.9921
7174500	12238.0977
7175000	12238.0140
7175500	12237.9359
7176000	12237.8304
7176500	12237.9265
7177000	12237.7187
7177500	12237.7674
7178000	12237.8210
7178500	12237.6883
7179000	12237.5423
7179500	12237.4953
7180000	12237.6317
7180500	12237.5438
7181000	12237.6404
7181500	12237.6161
7182000	12237.6280
7182500	12237.6519
7183000	12237.5585
7183500	12237.5414
7184000	12237.2706
7184500	12237.0877
7185000	12237.1076
7185500	12237.2315
7186000	12237.1475
7186500	12237.3014
7187000	12237.2879
7187500	12237.2973
7188000	12237.4554
7188500	12237.3440
7189000	12237.3533
7189500	12237.3201
7190000	12237.2677
7190500	12237.2397
7191000	12237.2848
7191500	12237.1315
7192000	12237.1656
7192500	12237.0995
7193000	12236.9764
7193500	12237.0247
7194000	12237.0524
7194500	12237.0612
7195000	12237.0135
7195500	12236.9896
7196000	12236.9240
7196500	12236.9999
7197000	12237.0084
7197500	12236.8062
7198000	12237.0222
7198500	12237.0362
7199000	12237.0239
7199500	12236.9643
7200000	12236.8085
7200500	12236.7644
7201000	12236.7927
7201500	12236.7234
7202000	12236.7198
7202500	12236.7169
7203000	12236.6915
7203500	12236.4789
7204000	12236.3256
7204500	12236.2533
7205000	12236.2522
7205500	12236.3607
7206000	12236.2801
7206500	12236.3390
7207000	12236.2657
7207500	12236.1471
7208000	12236.2419
7208500	12236.2668
7209000	12236.2673
7209500	12236.1342
7210000	12236.0671
7210500	12236.1058
7211000	12236.0030
7211500	12236.0421
7212000	12235.9757
7212500	12235.8448
7213000	12235.7133
7213500	12235.7824
7214000	12235.7097
7214500	12235.7966
7215000	12235.9374
7215500	12236.0503
7216000	12235.9472
7216500	12235.8633
7217000	12235.7973
7217500	12235.8029
7218000	12235.9087
7218500	12235.8120
7219000	12235.5850
7219500	12235.6353
7220000	12235.5599
7220500	12235.7063
7221000	12235.7954
7221500	12235.9517
7222000	12235.9889
7222500	12236.0587
7223000	12235.8935
7223500	12235.9329
7224000	12235.9162
7224500	12236.0472
7225000	12236.0953
7225500	12236.1457
7226000	12236.2230
7226500	12236.2090
7227000	12236.1794
7227500	12236.1730
7228000	12236.1677
7228500	12236.1394
7229000	12236.0032
7229500	12235.8942
7230000	12235.8927
7230500	12235.9466
7231000	12235.8831
7231500	12235.7380
7232000	12235.6759
7232500	12235.5675
7233000	12235.5181
7233500	12235.4945
7234000	12235.4418
7234500	12235.5293
7235000	12235.6125
7235500	12235.6629
7236000	12235.6681
7236500	12235.5982
7237000	12235.5382
7237500	12235.5965
7238000	12235.5401
7238500	12235.5729
7239000	12235.6934
7239500	12235.7499
7240000	12235.7798
7240500	12235.8641
7241000	12235.9090
7241500	12236.0062
7242000	12236.1175
7242500	12236.1649
7243000	12236.2203
7243500	12236.1098
7244000	12236.2033
7244500	12236.3434
7245000	12236.5252
7245500	12236.3411
7246000	12236.4848
7246500	12236.4206
7247000	12236.3896
7247500	12236.4949
7248000	12236.3810
7248500	12236.2646
7249000	12236.3500
7249500	12236.3766
7250000	12236.2590
7250500	12236.2374
7251000	12236.3222
7251500	12236.2685
7252000	12236.3959
7252500	12236.2768
7253000	12236.2245
7253500	12236.3504
7254000	12236.4224
7254500	12236.3898
7255000	12236.4050
7255500	12236.4776
7256000	12236.4426
7256500	12236.4808
7257000	12236.4197
7257500	12236.5028
7258000	12236.2820
7258500	12236.2919
7259000	12236.3391
7259500	12236.4042
7260000	12236.4387
7260500	12236.3283
7261000	12236.4752
7261500	12236.4824
7262000	12236.4679
7262500	12236.5132
7263000	12236.4822
7263500	12236.5884
7264000	12236.6958
7264500	12236.7050
7265000	12236.7924
7265500	12236.8448
7266000	12236.7772
7266500	12236.7495
7267000	12236.8738
7267500	12236.8185
7268000	12236.9570
7268500	12236.9919
7269000	12236.9508
7269500	12236.9881
7270000	12237.0180
7270500	12237.1148
7271000	12237.1582
7271500	12237.1425
7272000	12236.9497
7272500	12237.0704
7273000	12237.1235
7273500	12237.0332
7274000	12237.0682
7274500	12237.0135
7275000	12237.0589
7275500	12237.1709
7276000	12237.0349
7276500	12237.1103
7277000	12236.9692
7277500	12236.9870
7278000	12237.0137
7278500	12237.0414
7279000	12236.9441
7279500	12237.1303
7280000	12237.1436
7280500	12237.2853
7281000	12237.3741
7281500	12237.2353
7282000	12237.2465
7282500	12237.2786
7283000	12237.2570
7283500	12237.3246
7284000	12237.3769
7284500	12237.2976
7285000	12237.3636
7285500	12237.4714
7286000	12237.5738
7286500	12237.6583
7287000	12237.5900
7287500	12237.5234
7288000	12237.5476
7288500	12237.4803
7289000	12237.5618
7289500	12237.7074
7290000	12237.5173
7290500	12237.6534
7291000	12237.7549
7291500	12237.7061
7292000	12237.5212
7292500	12237.4181
7293000	12237.5440
7293500	12237.6600
7294000	12237.7275
7294500	12237.8422
7295000	12237.8327
7295500	12237.8564
7296000	12237.9010
7296500	12237.9452
7297000	12237.9348
7297500	12237.9024
7298000	12237.9333
7298500	12237.9568
7299000	12237.9323
7299500	12237.9593
7300000	12237.8449
7300500	12238.0414
7301000	12238.1212
7301500	12238.1355
7302000	12238.1647
7302500	12237.9701
7303000	12237.9358
7303500	12238.0322
7304000	12237.8409
7304500	12237.9524
7305000	12237.9544
7305500	12237.9565
7306000	12237.8753
7306500	12238.0099
7307000	12238.1556
7307500	12238.2759
7308000	12238.2031
7308500	12238.2367
7309000	12238.2257
7309500	12238.1987
7310000	12238.1473
7310500	12238.1479
7311000	12238.2976
7311500	12238.1004
7312000	12238.1581
7312500	12238.1173
7313000	12238.1874
7313500	12238.3196
7314000	12238.2416
7314500	12238.1124
7315000	12238.1738
7315500	12238.1860
7316000	12238.2442
7316500	12238.1391
7317000	12238.0041
7317500	12238.0034
7318000	12237.9927
7318500	12238.0464
7319000	12238.0188
7319500	12238.0089
7320000	12238.0762
7320500	12238.0545
7321000	12238.2158
7321500	12238.2508
7322000	12238.0879
7322500	12238.0868
7323000	12238.1043
7323500	12237.9864
7324000	12237.9112
7324500	12237.7386
7325000	12237.7544
7325500	12237.7230
7326000	12237.7701
7326500	12237.7672
7327000	12237.6409
7327500	12237.6604
7328000	12237.5547
7328500	12237.7108
7329000	12237.6807
7329500	12237.6125
7330000	12237.6466
7330500	12237.7904
7331000	12237.6625
7331500	12237.7102
7332000	12237.7421
7332500	12237.8209
7333000	12237.7688
7333500	12237.7268
7334000	12237.8737
7334500	12237.9587
7335000	12238.0396
7335500	12238.1669
7336000	12238.1548
7336500	12238.1390
7337000	12238.1704
7337500	12238.2134
7338000	12238.2723
7338500	12238.1466
7339000	12238.1471
7339500	12238.1726
7340000	12238.1190
7340500	12238.2276
7341000	12238.2558
7341500	12238.1437
7342000	12238.2070
7342500	12238.1974
7343000	12238.2727
7343500	12238.2949
7344000	12238.4610
7344500	12238.4078
7345000	12238.3810
7345500	12238.4143
7346000	12238.4226
7346500	12238.5076
7347000	12238.5390
7347500	12238.3381
7348000	12238.3040
7348500	12238.2938
7349000	12238.3367
7349500	12238.3648
7350000	12238.4132
7350500	12238.3429
7351000	12238.4293
7351500	12238.4130
7352000	12238.4866
7352500	12238.3342
7353000	12238.3151
7353500	12238.4458
7354000	12238.5438
7354500	12238.3542
7355000	12238.3726
7355500	12238.2058
7356000	12238.2187
7356500	12238.1970
7357000	12238.2444
7357500	12238.2617
7358000	12238.3538
7358500	12238.1409
7359000	12238.2769
7359500	12238.2452
7360000	12238.1597
7360500	12238.3267
7361000	12238.3725
7361500	12238.4243
7362000	12238.4997
7362500	12238.5552
7363000	12238.6288
7363500	12238.5378
7364000	12238.3649
7364500	12238.3305
7365000	12238.5069
7365500	12238.6204
7366000	12238.6463
7366500	12238.5839
7367000	12238.6001
7367500	12238.7403
7368000	12238.8422
7368500	12238.6912
7369000	12238.5356
7369500	12238.5589
7370000	12238.6264
7370500	12238.4288
7371000	12238.4484
7371500	12238.4653
7372000	12238.5337
7372500	12238.5174
7373000	12238.4797
7373500	12238.4951
7374000	12238.5851
7374500	12238.7735
7375000	12238.7566
7375500	12238.7646
7376000	12238.9613
7376500	12238.9527
7377000	12238.8074
7377500	12238.8964
7378000	12238.8604
7378500	12238.6795
7379000	12238.7375
7379500	12238.6857
7380000	12238.6928
7380500	12238.7265
7381000	12238.5765
7381500	12238.3777
7382000	12238.5688
7382500	12238.5950
7383000	12238.6390
7383500	12238.5740
7384000	12238.4590
7384500	12238.4239
7385000	12238.3038
7385500	12238.3030
7386000	12238.3123
7386500	12238.3003
7387000	12238.3524
7387500	12238.2768
7388000	12238.2272
7388500	12238.1757
7389000	12238.2621
7389500	12238.3449
7390000	12238.4147
7390500	12238.4109
7391000	12238.4123
7391500	12238.3696
7392000	12238.3322
7392500	12238.3973
7393000	12238.6418
7393500	12238.6554
7394000	12238.7186
7394500	12238.7913
7395000	12238.7874
7395500	12238.8008
7396000	12238.7417
7396500	12238.6055
7397000	12238.5556
7397500	12238.3999
7398000	12238.4257
7398500	12238.4579
7399000	12238.4220
7399500	12238.4637
7400000	12238.4154
7400500	12238.3324
7401000	12238.4397
7401500	12238.4743
7402000	12238.6245
7402500	12238.6896
7403000	12238.6147
7403500	12238.5617
7404000	12238.5887
7404500	12238.7474
7405000	12238.6407
7405500	12238.6031
7406000	12238.7005
7406500	12238.6694
7407000	12238.4704
7407500	12238.4997
7408000	12238.4251
7408500	12238.2280
7409000	12238.1980
7409500	12238.0598
7410000	12238.0490
7410500	12237.9993
7411000	12238.0424
7411500	12237.9924
7412000	12237.8986
7412500	12237.8125
7413000	12237.7511
7413500	12237.7891
7414000	12237.5672
7414500	12237.7167
7415000	12237.7189
7415500	12237.6705
7416000	12237.7047
7416500	12237.7690
7417000	12237.8963
7417500	12237.8885
7418000	12237.6987
7418500	12237.6874
7419000	12237.7217
7419500	12237.6993
7420000	12237.6501
7420500	12237.7243
7421000	12237.7508
7421500	12237.7075
7422000	12237.7402
7422500	12237.5978
7423000	12237.6489
7423500	12237.6674
7424000	12237.7284
7424500	12237.6832
7425000	12237.7439
7425500	12237.6990
7426000	12237.7061
7426500	12237.7301
7427000	12237.7571
7427500	12237.8570
7428000	12237.7152
7428500	12237.6486
7429000	12237.7383
7429500	12237.5952
7430000	12237.6891
7430500	12237.8089
7431000	12237.8587
7431500	12237.9133
7432000	12237.9941
7432500	12238.0183
7433000	12237.9839
7433500	12237.9354
7434000	12237.8733
7434500	12237.9870
7435000	12238.0414
7435500	12238.3062
7436000	12238.2978
7436500	12238.3168
7437000	12238.3878
7437500	12238.2537
7438000	12238.3897
7438500	12238.4179
7439000	12238.5129
7439500	12238.6191
7440000	12238.5130
7440500	12238.5513
7441000	12238.5713
7441500	12238.6185
7442000	12238.6662
7442500	12238.5462
7443000	12238.4146
7443500	12238.4672
7444000	12238.3802
7444500	12238.3955
7445000	12238.3976
7445500	12238.2341
7446000	12238.4248
7446500	12238.4377
7447000	12238.3812
7447500	12238.4487
7448000	12238.4940
7448500	12238.3779
7449000	12238.3302
7449500	12238.2803
7450000	12238.1728
7450500	12238.3765
7451000	12238.5411
7451500	12238.6001
7452000	12238.5878
7452500	12238.6644
7453000	12238.5481
7453500	12238.5594
7454000	12238.6177
7454500	12238.6424
7455000	12238.7412
7455500	12238.7739
7456000	12238.7613
7456500	12238.6963
7457000	12238.6913
7457500	12238.7965
7458000	12238.7854
7458500	12238.7466
7459000	12238.7123
7459500	12238.7123
7460000	12238.6445
7460500	12238.7940
7461000	12238.8221
7461500	12238.7821
7462000	12238.5871
7462500	12238.5056
7463000	12238.5281
7463500	12238.7396
7464000	12238.7297
7464500	12238.6328
7465000	12238.5386
7465500	12238.4603
7466000	12238.4232
7466500	12238.5103
7467000	12238.6522
7467500	12238.5980
7468000	12238.6305
7468500	12238.7097
7469000	12238.7521
7469500	12238.6370
7470000	12238.6191
7470500	12238.5715
7471000	12238.4594
7471500	12238.5193
7472000	12238.6465
7472500	12238.5564
7473000	12238.5415
7473500	12238.4369
7474000	12238.4759
7474500	12238.3537
7475000	12238.4242
7475500	12238.5604
7476000	12238.5641
7476500	12238.5735
7477000	12238.5954
7477500	12238.3933
7478000	12238.4006
7478500	12238.3138
7479000	12238.1356
7479500	12238.1687
7480000	12238.2101
7480500	12238.1836
7481000	12238.1839
7481500	12238.1697
7482000	12238.2206
7482500	12238.0925
7483000	12238.0677
7483500	12238.0564
7484000	12238.0565
7484500	12238.1097
7485000	12238.1006
7485500	12238.2257
7486000	12238.1830
7486500	12238.3123
7487000	12238.3196
7487500	12238.3649
7488000	12238.3141
7488500	12238.1245
7489000	12238.1434
7489500	12238.1640
7490000	12238.2089
7490500	12238.0437
7491000	12238.1094
7491500	12238.2290
7492000	12238.3540
7492500	12238.3148
7493000	12238.4389
7493500	12238.3017
7494000	12238.1813
7494500	12238.1250
7495000	12238.1348
7495500	12238.2218
7496000	12238.1688
7496500	12238.1307
7497000	12238.1725
7497500	12238.1827
7498000	12238.2139
7498500	12238.0977
7499000	12238.0995
7499500	12238.0888
7500000	12238.0561
7500500	12238.1920
7501000	12238.3465
7501500	12238.3586
7502000	12238.4871
7502500	12238.5193
7503000	12238.5981
7503500	12238.3835
7504000	12238.4744
7504500	12238.4785
7505000	12238.5516
7505500	12238.6400
7506000	12238.7055
7506500	12238.6166
7507000	12238.6273
7507500	12238.6334
7508000	12238.5844
7508500	12238.3993
7509000	12238.3503
7509500	12238.1550
7510000	12238.0066
7510500	12238.0899
7511000	12238.1237
7511500	12238.1577
7512000	12238.0738
7512500	12238.2358
7513000	12238.1973
7513500	12238.2564
7514000	12238.2390
7514500	12238.2815
7515000	12238.2570
7515500	12238.2166
7516000	12238.0884
7516500	12238.1454
7517000	12238.1629
7517500	12238.1199
7518000	12238.1624
7518500	12238.2065
7519000	12238.2241
7519500	12238.1523
7520000	12238.0455
7520500	12238.0501
7521000	12238.0409
7521500	12237.9899
7522000	12238.0543
7522500	12238.0468
7523000	12238.0659
7523500	12238.1920
7524000	12238.2414
7524500	12238.3299
7525000	12238.1828
7525500	12238.2064
7526000	12238.2771
7526500	12238.4167
7527000	12238.3118
7527500	12238.3094
7528000	12238.2550
7528500	12238.0742
7529000	12238.0660
7529500	12237.9147
7530000	12237.8236
7530500	12237.8581
7531000	12237.9909
7531500	12238.0269
7532000	12238.1084
7532500	12238.0637
7533000	12238.0867
7533500	12238.1391
7534000	12238.0403
7534500	12237.9982
7535000	12238.0921
7535500	12238.1108
7536000	12238.0600
7536500	12238.1006
7537000	12238.1180
7537500	12238.2589
7538000	12238.3784
7538500	12238.2638
7539000	12238.2922
7539500	12238.3590
7540000	12238.3619
7540500	12238.4107
7541000	12238.3967
7541500	12238.3765
7542000	12238.3543
7542500	12238.3962
7543000	12238.3961
7543500	12238.2766
7544000	12238.2140
7544500	12238.1287
7545000	12238.2752
7545500	12238.2367
7546000	12238.4010
7546500	12238.5409
7547000	12238.4115
7547500	12238.4300
7548000	12238.4070
7548500	12238.3997
7549000	12238.5187
7549500	12238.4295
7550000	12238.5564
7550500	12238.5763
7551000	12238.6030
7551500	12238.4426
7552000	12238.4753
7552500	12238.5387
7553000	12238.5510
7553500	12238.6650
7554000	12238.8453
7554500	12238.7754
7555000	12238.8554
7555500	12238.9255
7556000	12238.9412
7556500	12238.8386
7557000	12238.9093
7557500	12238.9149
7558000	12238.7779
7558500	12238.7438
7559000	12238.8518
7559500	12238.9116
7560000	12238.8758
7560500	12238.8036
7561000	12238.7235
7561500	12238.7333
7562000	12238.7658
7562500	12238.7972
7563000	12238.9240
7563500	12238.8303
7564000	12238.8377
7564500	12238.8911
7565000	12238.8805
7565500	12238.6950
7566000	12238.7143
7566500	12238.8129
7567000	12238.8208
7567500	12238.8568
7568000	12238.7403
7568500	12238.8304
7569000	12238.8478
7569500	12238.9631
7570000	12239.0015
7570500	12238.9320
7571000	12238.8334
7571500	12238.8892
7572000	12238.9263
7572500	12238.9455
7573000	12238.9136
7573500	12238.7947
7574000	12238.7298
7574500	12238.7613
7575000	12238.7304
7575500	12238.7253
7576000	12238.6404
7576500	12238.8539
7577000	12238.9272
7577500	12238.8652
7578000	12238.9049
7578500	12238.8717
7579000	12238.7163
7579500	12238.7090
7580000	12238.5775
7580500	12238.5879
7581000	12238.5901
7581500	12238.4299
7582000	12238.4180
7582500	12238.5202
7583000	12238.5196
7583500	12238.5788
7584000	12238.5431
7584500	12238.5125
7585000	12238.4864
7585500	12238.5627
7586000	12238.4912
7586500	12238.4233
7587000	12238.4395
7587500	12238.4655
7588000	12238.3343
7588500	12238.3873
7589000	12238.3948
7589500	12238.3907
7590000	12238.4311
7590500	12238.3688
7591000	12238.3893
7591500	12238.3178
7592000	12238.2861
7592500	12238.1487
7593000	12238.0594
7593500	12237.8784
7594000	12237.9576
7594500	12238.0212
7595000	12238.1606
7595500	12238.1406
7596000	12237.9428
7596500	12238.0368
7597000	12238.1412
7597500	12238.2510
7598000	12238.3357
7598500	12238.4087
7599000	12238.3558
7599500	12238.3637
7600000	12238.4107
7600500	12238.5264
7601000	12238.5769
7601500	12238.6869
7602000	12238.5735
7602500	12238.4142
7603000	12238.5212
7603500	12238.6654
7604000	12238.7414
7604500	12238.7632
7605000	12238.6619
7605500	12238.5914
7606000	12238.6327
7606500	12238.5543
7607000	12238.5236
7607500	12238.4433
7608000	12238.5177
7608500	12238.4672
7609000	12238.3418
7609500	12238.3123
7610000	12238.2340
7610500	12238.1314
7611000	12238.1680
7611500	12238.1830
7612000	12238.2580
7612500	12238.2307
7613000	12238.3664
7613500	12238.4669
7614000	12238.4829
7614500	12238.5802
7615000	12238.5993
7615500	12238.5859
7616000	12238.5158
7616500	12238.6754
7617000	12238.5308
7617500	12238.4460
7618000	12238.4541
7618500	12238.2831
7619000	12238.3731
7619500	12238.2958
7620000	12238.4116
7620500	12238.4262
7621000	12238.4608
7621500	12238.4856
7622000	12238.2453
7622500	12238.2477
7623000	12238.2634
7623500	12238.2570
7624000	12238.2797
7624500	12238.3173
7625000	12238.2907
7625500	12238.2620
7626000	12238.2241
7626500	12238.2324
7627000	12238.3463
7627500	12238.2627
7628000	12238.1945
7628500	12238.1928
7629000	12238.2159
7629500	12238.1426
7630000	12237.9703
7630500	12237.8769
7631000	12237.9285
7631500	12238.0953
7632000	12238.1067
7632500	12238.1230
7633000	12238.0457
7633500	12238.0031
7634000	12237.9697
7634500	12237.8271
7635000	12237.9088
7635500	12237.8786
7636000	12237.8392
7636500	12237.9155
7637000	12237.7943
7637500	12237.7433
7638000	12237.7262
7638500	12237.5373
7639000	12237.4712
7639500	12237.5419
7640000	12237.6653
7640500	12237.7494
7641000	12237.7676
7641500	12237.6629
7642000	12237.7546
7642500	12237.7068
7643000	12237.6208
7643500	12237.6092
7644000	12237.5915
7644500	12237.5679
7645000	12237.4810
7645500	12237.4697
7646000	12237.4167
7646500	12237.3140
7647000	12237.3235
7647500	12237.3387
7648000	12237.2666
7648500	12237.1281
7649000	12237.1464
7649500	12237.0307
7650000	12237.2198
7650500	12237.2318
7651000	12237.2247
7651500	12237.3101
7652000	12237.2074
7652500	12237.0834
7653000	12237.2132
7653500	12237.0359
7654000	12237.2452
7654500	12237.2910
7655000	12237.3370
7655500	12237.2709
7656000	12237.4257
7656500	12237.2591
7657000	12237.2648
7657500	12237.2018
7658000	12237.2961
7658500	12237.2217
7659000	12237.2058
7659500	12237.1841
7660000	12237.2101
7660500	12237.2883
7661000	12237.3882
7661500	12237.2787
7662000	12237.2811
7662500	12237.2854
7663000	12237.2137
7663500	12237.1785
7664000	12237.1414
7664500	12237.2658
7665000	12237.3540
7665500	12237.3637
7666000	12237.3069
7666500	12237.1739
7667000	12237.1373
7667500	12237.0118
7668000	12236.9362
7668500	12236.8381
7669000	12236.8787
7669500	12237.0065
7670000	12236.9963
7670500	12236.9819
7671000	12237.0837
7671500	12237.0430
7672000	12237.0683
7672500	12237.1837
7673000	12237.2573
7673500	12237.2884
7674000	12237.3319
7674500	12237.3712
7675000	12237.4649
7675500	12237.4121
7676000	12237.4356
7676500	12237.5050
7677000	12237.5394
7677500	12237.6484
7678000	12237.5726
7678500	12237.5669
7679000	12237.5625
7679500	12237.4659
7680000	12237.4445
7680500	12237.5042
7681000	12237.4960
7681500	12237.5550
7682000	12237.5262
7682500	12237.5572
7683000	12237.6404
7683500	12237.6272
7684000	12237.6405
7684500	12237.7180
7685000	12237.7429
7685500	12237.6664
7686000	12237.6366
7686500	12237.4964
7687000	12237.6069
7687500	12237.5671
7688000	12237.5286
7688500	12237.5704
7689000	12237.7072
7689500	12237.7515
7690000	12237.9791
7690500	12237.8880
7691000	12237.9106
7691500	12237.9882
7692000	12238.2184
7692500	12238.3216
7693000	12238.2947
7693500	12238.2704
7694000	12238.2729
7694500	12238.3016
7695000	12238.3306
7695500	12238.3350
7696000	12238.2625
7696500	12238.3780
7697000	12238.4613
7697500	12238.5268
7698000	12238.5296
7698500	12238.6387
7699000	12238.6046
7699500	12238.5501
7700000	12238.4897
7700500	12238.5240
7701000	12238.4596
7701500	12238.5316
7702000	12238.5516
7702500	12238.5406
7703000	12238.5601
7703500	12238.5765
7704000	12238.5857
7704500	12238.5733
7705000	12238.4935
7705500	12238.5398
7706000	12238.4517
7706500	12238.5962
7707000	12238.6352
7707500	12238.6304
7708000	12238.6952
7708500	12238.7585
7709000	12238.7447
7709500	12238.6171
7710000	12238.7356
7710500	12238.7627
7711000	12238.7641
7711500	12238.8056
7712000	12238.7032
7712500	12238.8042
7713000	12238.7781
7713500	12238.9250
7714000	12238.8474
7714500	12238.7842
7715000	12238.8587
7715500	12238.6184
7716000	12238.7045
7716500	12238.6754
7717000	12238.7887
7717500	12238.7435
7718000	12238.6190
7718500	12238.5582
7719000	12238.3964
7719500	12238.2141
7720000	12238.2863
7720500	12238.1917
7721000	12238.1065
7721500	12237.9197
7722000	12237.9809
7722500	12237.9759
7723000	12237.8666
7723500	12237.8234
7724000	12237.8682
7724500	12237.8270
7725000	12237.7206
7725500	12237.6634
7726000	12237.7345
7726500	12237.7499
7727000	12237.6695
7727500	12237.7078
7728000	12237.6539
7728500	12237.7124
7729000	12237.8083
7729500	12237.8920
7730000	12237.8365
7730500	12237.8270
7731000	12237.6671
7731500	12237.5857
7732000	12237.5814
7732500	12237.5333
7733000	12237.5859
7733500	12237.5271
7734000	12237.6173
7734500	12237.3681
7735000	12237.3469
7735500	12237.3096
7736000	12237.3497
7736500	12237.4649
7737000	12237.4466
7737500	12237.5544
7738000	12237.5765
7738500	12237.5115
7739000	12237.4871
7739500	12237.3206
7740000	12237.2694
7740500	12237.3707
7741000	12237.4807
7741500	12237.4863
7742000	12237.4232
7742500	12237.3202
7743000	12237.2844
7743500	12237.1865
7744000	12237.1490
7744500	12237.1264
7745000	12237.1684
7745500	12237.0541
7746000	12237.1196
7746500	12237.1415
7747000	12237.2081
7747500	12237.2012
7748000	12237.2100
7748500	12237.0463
7749000	12236.9445
7749500	12236.8247
7750000	12236.7584
7750500	12236.7659
7751000	12236.7114
7751500	12236.6679
7752000	12236.6849
7752500	12236.7093
7753000	12236.7194
7753500	12236.6607
7754000	12236.7306
7754500	12236.6867
7755000	12236.7153
7755500	12236.7910
7756000	12236.8862
7756500	12236.9394
7757000	12237.0644
7757500	12236.9945
7758000	12237.0552
7758500	12237.1284
7759000	12237.0472
7759500	12237.0988
7760000	12237.0967
7760500	12237.2466
7761000	12237.2635
7761500	12237.2686
7762000	12237.2060
7762500	12237.2028
7763000	12237.2499
7763500	12237.2568
7764000	12237.1858
7764500	12237.1473
7765000	12237.3232
7765500	12237.3900
7766000	12237.2486
7766500	12237.2230
7767000	12237.1016
7767500	12237.0414
7768000	12236.9710
7768500	12236.8274
7769000	12236.7630
7769500	12236.7957
7770000	12236.7796
7770500	12236.7500
7771000	12236.7899
7771500	12236.7598
7772000	12236.7481
7772500	12236.7895
7773000	12236.8695
7773500	12236.8183
7774000	12236.8029
7774500	12237.0293
7775000	12237.0529
7775500	12236.9317
7776000	12236.9669
7776500	12237.0486
7777000	12237.0091
7777500	12237.0495
7778000	12237.0927
7778500	12237.0784
7779000	12237.0195
7779500	12237.1131
7780000	12237.2242
7780500	12237.2961
7781000	12237.2372
7781500	12237.2726
7782000	12237.3972
7782500	12237.4460
7783000	12237.5031
7783500	12237.5341
7784000	12237.5603
7784500	12237.4456
7785000	12237.3744
7785500	12237.1595
7786000	12237.1257
7786500	12237.1600
7787000	12237.2292
7787500	12237.2976
7788000	12237.4240
7788500	12237.5560
7789000	12237.6325
7789500	12237.6629
7790000	12237.6504
7790500	12237.7685
7791000	12237.7425
7791500	12237.6948
7792000	12237.6363
7792500	12237.5592
7793000	12237.6973
7793500	12237.7518
7794000	12237.7804
7794500	12237.7528
7795000	12237.7801
7795500	12237.8164
7796000	12237.8027
7796500	12237.7599
7797000	12237.7850
7797500	12237.7381
7798000	12237.7039
7798500	12237.6542
7799000	12237.7616
7799500	12237.8215
7800000	12237.8509
7800500	12237.9836
7801000	12237.9596
7801500	12237.9207
7802000	12237.9514
7802500	12237.8652
7803000	12237.7847
7803500	12237.8781
7804000	12237.8496
7804500	12237.8499
7805000	12237.7583
7805500	12237.5637
7806000	12237.7352
7806500	12237.7399
7807000	12237.8410
7807500	12237.6192
7808000	12237.5536
7808500	12237.4497
7809000	12237.5297
7809500	12237.6014
7810000	12237.5784
7810500	12237.7267
7811000	12237.5980
7811500	12237.4475
7812000	12237.4230
7812500	12237.4596
7813000	12237.5387
7813500	12237.4012
7814000	12237.3146
7814500	12237.2123
7815000	12237.1167
7815500	12237.1143
7816000	12237.0659
7816500	12237.2060
7817000	12237.1611
7817500	12237.1896
7818000	12237.1000
7818500	12236.7842
7819000	12236.6758
7819500	12236.7845
7820000	12236.7359
7820500	12236.6133
7821000	12236.6114
7821500	12236.5782
7822000	12236.6536
7822500	12236.6647
7823000	12236.7418
7823500	12236.7952
7824000	12236.7882
7824500	12236.8184
7825000	12236.7766
7825500	12236.8291
7826000	12236.8509
7826500	12236.8499
7827000	12236.9312
7827500	12236.9801
7828000	12236.9995
7828500	12236.9989
7829000	12237.1238
7829500	12237.0547
7830000	12237.0697
7830500	12237.1909
7831000	12237.1294
7831500	12237.0164
7832000	12237.1379
7832500	12237.1657
7833000	12237.0149
7833500	12237.0696
7834000	12236.9853
7834500	12236.9095
7835000	12236.8296
7835500	12236.9779
7836000	12237.0259
7836500	12236.9848
7837000	12237.0159
7837500	12237.1771
7838000	12237.1482
7838500	12237.1184
7839000	12237.1478
7839500	12237.2335
7840000	12237.2646
7840500	12237.2186
7841000	12237.2296
7841500	12237.0993
7842000	12236.9903
7842500	12236.9375
7843000	12237.0156
7843500	12237.0269
7844000	12237.1232
7844500	12237.2290
7845000	12237.3858
7845500	12237.3837
7846000	12237.3279
7846500	12237.3765
7847000	12237.4533
7847500	12237.5426
7848000	12237.6354
7848500	12237.6173
7849000	12237.7037
7849500	12237.7537
7850000	12237.7947
7850500	12237.9350
7851000	12237.8942
7851500	12237.8507
7852000	12237.7594
7852500	12237.7615
7853000	12237.8652
7853500	12237.7822
7854000	12237.5954
7854500	12237.6462
7855000	12237.6846
7855500	12237.7284
7856000	12237.6806
7856500	12237.7459
7857000	12237.6376
7857500	12237.4942
7858000	12237.5364
7858500	12237.5264
7859000	12237.4845
7859500	12237.3750
7860000	12237.2565
7860500	12237.1956
7861000	12237.3528
7861500	12237.4141
7862000	12237.4466
7862500	12237.5299
7863000	12237.4200
7863500	12237.4732
7864000	12237.4089
7864500	12237.3165
7865000	12237.2238
7865500	12237.3156
7866000	12237.4452
7866500	12237.3034
7867000	12237.3468
7867500	12237.3214
7868000	12237.3731
7868500	12237.3118
7869000	12237.3886
7869500	12237.3442
7870000	12237.2951
7870500	12237.3196
7871000	12237.3836
7871500	12237.4809
7872000	12237.3918
7872500	12237.4096
7873000	12237.4304
7873500	12237.3566
7874000	12237.3323
7874500	12237.3622
7875000	12237.3176
7875500	12237.3155
7876000	12237.4054
7876500	12237.3546
7877000	12237.3090
7877500	12237.4143
7878000	12237.1921
7878500	12237.1645
7879000	12237.0955
7879500	12237.1556
7880000	12237.1471
7880500	12237.2770
7881000	12237.3054
7881500	12237.3094
7882000	12237.4023
7882500	12237.3382
7883000	12237.3416
7883500	12237.4965
7884000	12237.5547
7884500	12237.5999
7885000	12237.5875
7885500	12237.5657
7886000	12237.6493
7886500	12237.2690
7887000	12237.2488
7887500	12237.2552
7888000	12237.2170
7888500	12237.1967
7889000	12237.2609
7889500	12237.1560
7890000	12237.1533
7890500	12237.0240
7891000	12237.0488
7891500	12236.9292
7892000	12236.8509
7892500	12236.8906
7893000	12236.8448
7893500	12236.8554
7894000	12236.9371
7894500	12236.8729
7895000	12236.8261
7895500	12236.8234
7896000	12236.5811
7896500	12236.4991
7897000	12236.5698
7897500	12236.5216
7898000	12236.5841
7898500	12236.6932
7899000	12236.8062
7899500	12236.8118
7900000	12236.7361
7900500	12236.7024
7901000	12236.7462
7901500	12236.7728
7902000	12236.7792
7902500	12236.7564
7903000	12236.7450
7903500	12236.8188
7904000	12236.9109
7904500	12236.9964
7905000	12236.9440
7905500	12236.7726
7906000	12236.8100
7906500	12236.8550
7907000	12236.8781
7907500	12236.8999
7908000	12236.7118
7908500	12236.9039
7909000	12236.8543
7909500	12236.7848
7910000	12236.7483
7910500	12236.7677
7911000	12236.8138
7911500	12237.0224
7912000	12237.2088
7912500	12237.2677
7913000	12237.2902
7913500	12237.2398
7914000	12237.2629
7914500	12237.1758
7915000	12237.1678
7915500	12237.1977
7916000	12237.1965
7916500	12237.1581
7917000	12237.2627
7917500	12237.0598
7918000	12236.9709
7918500	12236.9693
7919000	12237.0732
7919500	12237.0833
7920000	12236.9472
7920500	12236.9290
7921000	12237.0132
7921500	12237.1475
7922000	12237.0538
7922500	12236.9716
7923000	12236.9048
7923500	12236.8702
7924000	12236.9404
7924500	12236.9900
7925000	12237.0377
7925500	12236.7940
7926000	12236.7653
7926500	12236.7912
7927000	12236.7988
7927500	12236.6548
7928000	12236.6145
7928500	12236.6422
7929000	12236.5781
7929500	12236.4188
7930000	12236.2864
7930500	12236.3705
7931000	12236.4762
7931500	12236.3939
7932000	12236.3236
7932500	12236.3803
7933000	12236.3030
7933500	12236.3556
7934000	12236.3481
7934500	12236.3344
7935000	12236.3113
7935500	12236.2800
7936000	12236.0721
7936500	12236.1530
7937000	12236.0898
7937500	12236.1596
7938000	12236.1807
7938500	12236.1955
7939000	12236.1621
7939500	12236.1522
7940000	12236.1851
7940500	12236.1879
7941000	12236.1787
7941500	12236.1204
7942000	12236.1337
7942500	12236.0420
7943000	12235.9905
7943500	12236.0434
7944000	12236.0901
7944500	12236.1946
7945000	12236.0652
7945500	12236.1123
7946000	12236.0793
7946500	12236.1694
7947000	12236.2283
7947500	12236.1364
7948000	12236.2618
7948500	12236.3688
7949000	12236.3882
7949500	12236.3696
7950000	12236.4747
7950500	12236.4443
7951000	12236.3187
7951500	12236.3488
7952000	12236.2299
7952500	12236.2863
7953000	12236.3365
7953500	12236.3836
7954000	12236.4152
7954500	12236.3706
7955000	12236.4173
7955500	12236.4736
7956000	12236.4354
7956500	12236.4435
7957000	12236.3217
7957500	12236.3000
7958000	12236.2738
7958500	12236.0662
7959000	12236.0570
7959500	12236.0842
7960000	12236.1284
7960500	12236.0523
7961000	12236.0795
7961500	12236.0532
7962000	12236.0781
7962500	12236.1033
7963000	12236.0629
7963500	12236.1396
7964000	12236.2240
7964500	12236.2198
7965000	12236.0720
7965500	12236.0331
7966000	12236.1103
7966500	12236.1888
7967000	12236.1719
7967500	12236.2054
7968000	12236.2855
7968500	12236.3056
7969000	12236.1427
7969500	12236.1594
7970000	12236.1288
7970500	12236.0946
7971000	12236.0780
7971500	12236.0289
7972000	12236.1246
7972500	12236.2053
7973000	12236.3263
7973500	12236.3746
7974000	12236.3229
7974500	12236.2736
7975000	12236.2608
7975500	12236.3477
7976000	12236.4002
7976500	12236.4755
7977000	12236.2909
7977500	12236.3383
7978000	12236.2344
7978500	12236.3500
7979000	12236.3173
7979500	12236.4600
7980000	12236.4524
7980500	12236.4588
7981000	12236.5180
7981500	12236.4805
7982000	12236.4569
7982500	12236.5022
7983000	12236.5370
7983500	12236.4812
7984000	12236.3535
7984500	12236.4843
7985000	12236.4751
7985500	12236.5053
7986000	12236.6113
7986500	12236.5129
7987000	12236.6007
7987500	12236.5327
7988000	12236.6815
7988500	12236.6847
7989000	12236.7280
7989500	12236.7867
7990000	12236.5785
7990500	12236.5909
7991000	12236.6110
7991500	12236.6611
7992000	12236.7253
7992500	12236.8088
7993000	12236.8605
7993500	12236.8805
7994000	12236.9132
7994500	12236.8560
7995000	12236.9104
7995500	12236.8719
7996000	12236.8411
7996500	12236.8814
7997000	12236.8537
7997500	12236.7983
7998000	12236.8526
7998500	12236.8740
7999000	12236.9433
7999500	12236.9659
8000000	12237.0452
8000500	12236.8559
8001000	12236.7554
8001500	12236.7415
8002000	12236.7408
8002500	12236.6699
8003000	12236.6117
8003500	12236.6799
8004000	12236.6476
8004500	12236.7111
8005000	12236.7026
8005500	12236.7352
8006000	12236.7989
8006500	12236.6725
8007000	12236.6929
8007500	12236.7221
8008000	12236.7208
8008500	12236.6148
8009000	12236.5984
8009500	12236.6800
8010000	12236.7326
8010500	12236.7657
8011000	12236.8389
8011500	12236.7927
8012000	12236.8486
8012500	12236.9561
8013000	12237.0333
8013500	12236.8334
8014000	12236.8212
8014500	12236.8364
8015000	12236.7788
8015500	12236.9529
8016000	12237.0092
8016500	12236.9318
8017000	12236.8080
8017500	12236.8302
8018000	12236.7940
8018500	12236.7820
8019000	12236.7663
8019500	12236.7383
8020000	12236.7356
8020500	12236.8613
8021000	12236.9481
8021500	12236.7691
8022000	12236.5810
8022500	12236.4541
8023000	12236.4420
8023500	12236.3743
8024000	12236.4841
8024500	12236.3982
8025000	12236.2856
8025500	12236.1433
8026000	12236.0003
8026500	12236.0654
8027000	12235.9912
8027500	12235.9405
8028000	12236.0014
8028500	12236.0618
8029000	12236.1010
8029500	12236.1317
8030000	12236.1091
8030500	12236.2149
8031000	12236.0742
8031500	12236.1614
8032000	12236.0659
8032500	12236.1190
8033000	12236.0854
8033500	12235.9429
8034000	12236.0036
8034500	12235.9946
8035000	12235.8873
8035500	12236.0650
8036000	12236.1068
8036500	12236.0521
8037000	12236.1205
8037500	12236.2244
8038000	12236.2131
8038500	12236.0425
8039000	12235.9721
8039500	12235.9257
8040000	12236.0191
8040500	12236.0152
8041000	12235.9799
8041500	12235.7474
8042000	12235.8535
8042500	12235.8834
8043000	12235.8688
8043500	12235.7728
8044000	12235.5893
8044500	12235.6242
8045000	12235.5316
8045500	12235.5730
8046000	12235.6284
8046500	12235.5734
8047000	12235.5636
8047500	12235.6344
8048000	12235.6838
8048500	12235.6333
8049000	12235.6453
8049500	12235.5833
8050000	12235.5848
8050500	12235.6554
8051000	12235.6885
8051500	12235.6506
8052000	12235.7461
8052500	12235.6634
8053000	12235.6885
8053500	12235.6521
8054000	12235.6761
8054500	12235.7950
8055000	12235.7675
8055500	12235.7868
8056000	12235.7162
8056500	12235.7310
8057000	12235.5645
8057500	12235.5768
8058000	12235.4414
8058500	12235.5824
8059000	12235.6638
8059500	12235.6283
8060000	12235.6292
8060500	12235.7998
8061000	12235.8347
8061500	12235.8355
8062000	12235.9149
8062500	12235.8391
8063000	12235.9026
8063500	12235.9425
8064000	12236.0484
8064500	12236.0649
8065000	12236.1576
8065500	12236.2628
8066000	12236.3555
8066500	12236.3854
8067000	12236.4335
8067500	12236.5147
8068000	12236.4281
8068500	12236.6084
8069000	12236.5590
8069500	12236.5825
8070000	12236.4607
8070500	12236.5159
8071000	12236.7333
8071500	12236.6880
8072000	12236.8397
8072500	12236.8482
8073000	12236.7118
8073500	12236.7093
8074000	12236.7015
8074500	12236.6507
8075000	12236.7655
8075500	12236.7946
8076000	12236.9126
8076500	12236.9205
8077000	12236.8018
8077500	12236.8729
8078000	12236.8914
8078500	12236.9518
8079000	12236.8970
8079500	12236.9600
8080000	12236.9220
8080500	12237.0013
8081000	12237.0372
8081500	12237.1321
8082000	12237.1866
8082500	12237.2370
8083000	12237.3172
8083500	12237.3711
8084000	12237.4336
8084500	12237.4048
8085000	12237.4185
8085500	12237.4149
8086000	12237.3737
8086500	12237.5035
8087000	12237.5286
8087500	12237.4835
8088000	12237.5011
8088500	12237.5903
8089000	12237.5764
8089500	12237.6118
8090000	12237.5697
8090500	12237.5043
8091000	12237.5073
8091500	12237.5742
8092000	12237.4830
8092500	12237.5239
8093000	12237.5054
8093500	12237.4701
8094000	12237.4512
8094500	12237.4514
8095000	12237.4530
8095500	12237.5168
8096000	12237.6279
8096500	12237.5577
8097000	12237.5268
8097500	12237.4876
8098000	12237.5009
8098500	12237.5599
8099000	12237.6723
8099500	12237.6953
8100000	12237.7577
8100500	12237.7664
8101000	12237.7418
8101500	12237.7486
8102000	12237.7245
8102500	12237.7254
8103000	12237.7258
8103500	12237.6727
8104000	12237.5787
8104500	12237.6593
8105000	12237.7906
8105500	12237.8215
8106000	12237.8047
8106500	12237.8185
8107000	12237.8140
8107500	12237.9905
8108000	12237.8972
8108500	12237.9570
8109000	12238.0960
8109500	12238.0811
8110000	12238.1295
8110500	12238.0960
8111000	12238.2538
8111500	12238.1850
8112000	12238.3340
8112500	12238.2389
8113000	12238.0440
8113500	12237.9047
8114000	12237.8310
8114500	12237.7872
8115000	12237.8346
8115500	12237.8644
8116000	12237.7946
8116500	12237.9210
8117000	12237.9341
8117500	12238.1117
8118000	12238.0908
8118500	12238.0272
8119000	12237.9015
8119500	12238.0399
8120000	12238.0218
8120500	12238.0621
8121000	12237.9436
8121500	12237.9976
8122000	12237.8955
8122500	12237.8727
8123000	12238.0505
8123500	12237.9993
8124000	12237.8900
8124500	12237.7431
8125000	12237.7691
8125500	12237.7973
8126000	12237.8432
8126500	12237.8942
8127000	12237.9077
8127500	12237.8820
8128000	12237.9043
8128500	12237.7963
8129000	12237.7379
8129500	12237.6217
8130000	12237.6515
8130500	12237.6069
8131000	12237.6470
8131500	12237.7199
8132000	12237.7058
8132500	12237.7950
8133000	12237.6186
8133500	12237.6619
8134000	12237.7085
8134500	12237.6409
8135000	12237.6294
8135500	12237.5081
8136000	12237.6809
8136500	12237.7358
8137000	12237.8716
8137500	12237.8290
8138000	12237.7913
8138500	12237.6326
8139000	12237.6917
8139500	12237.7498
8140000	12237.7004
8140500	12237.6188
8141000	12237.7177
8141500	12237.9452
8142000	12238.0119
8142500	12237.8412
8143000	12237.9270
8143500	12238.0324
8144000	12238.1338
8144500	12238.1053
8145000	12238.0895
8145500	12238.1518
8146000	12238.1886
8146500	12238.1739
8147000	12238.2711
8147500	12238.3478
8148000	12238.3633
8148500	12238.3435
8149000	12238.4714
8149500	12238.4550
8150000	12238.4446
8150500	12238.4390
8151000	12238.4057
8151500	12238.4125
8152000	12238.5263
8152500	12238.5337
8153000	12238.6053
8153500	12238.6461
8154000	12238.4946
8154500	12238.5577
8155000	12238.5471
8155500	12238.5129
8156000	12238.5235
8156500	12238.5911
8157000	12238.6248
8157500	12238.5092
8158000	12238.5981
8158500	12238.6504
8159000	12238.5705
8159500	12238.5702
8160000	12238.5977
8160500	12238.6510
8161000	12238.6102
8161500	12238.5611
8162000	12238.5894
8162500	12238.5114
8163000	12238.4975
8163500	12238.3769
8164000	12238.2954
8164500	12238.4358
8165000	12238.4181
8165500	12238.3508
8166000	12238.1332
8166500	12238.0846
8167000	12238.1226
8167500	12238.1468
8168000	12238.3148
8168500	12238.2125
8169000	12238.3025
8169500	12238.2462
8170000	12238.2723
8170500	12238.3216
8171000	12238.2649
8171500	12238.2200
8172000	12238.2155
8172500	12238.3230
8173000	12238.3345
8173500	12238.4305
8174000	12238.5176
8174500	12238.4643
8175000	12238.4193
8175500	12238.4241
8176000	12238.5335
8176500	12238.4896
8177000	12238.5064
8177500	12238.5251
8178000	12238.5422
8178500	12238.6409
8179000	12238.4510
8179500	12238.4470
8180000	12238.4770
8180500	12238.4045
8181000	12238.4506
8181500	12238.5096
8182000	12238.4783
8182500	12238.5207
8183000	12238.4723
8183500	12238.4931
8184000	12238.4639
8184500	12238.5277
8185000	12238.4726
8185500	12238.4547
8186000	12238.3457
8186500	12238.4263
8187000	12238.4950
8187500	12238.5067
8188000	12238.4737
8188500	12238.4367
8189000	12238.4284
8189500	12238.3851
8190000	12238.5222
8190500	12238.3979
8191000	12238.5592
8191500	12238.5950
8192000	12238.6206
8192500	12238.6621
8193000	12238.6304
8193500	12238.5334
8194000	12238.5735
8194500	12238.6545
8195000	12238.4970
8195500	12238.6532
8196000	12238.6884
8196500	12238.6302
8197000	12238.7500
8197500	12238.6640
8198000	12238.7324
8198500	12238.6784
8199000	12238.6149
8199500	12238.6149
8200000	12238.5772
8200500	12238.6086
8201000	12238.6881
8201500	12238.6787
8202000	12238.5952
8202500	12238.6256
8203000	12238.7094
8203500	12238.7065
8204000	12238.7620
8204500	12238.8221
8205000	12238.8170
8205500	12238.9984
8206000	12238.9864
8206500	12238.9686
8207000	12239.1591
8207500	12239.2002
8208000	12239.2740
8208500	12239.2218
8209000	12239.2584
8209500	12239.0437
8210000	12239.0106
8210500	12239.0520
8211000	12238.9623
8211500	12239.0082
8212000	12239.0952
8212500	12239.1766
8213000	12239.4056
8213500	12239.4711
8214000	12239.5120
8214500	12239.4058
8215000	12239.2701
8215500	12239.0987
8216000	12239.2017
8216500	12239.2381
8217000	12239.1558
8217500	12239.1861
8218000	12239.1942
8218500	12239.2535
8219000	12239.1586
8219500	12238.9961
8220000	12238.9843
8220500	12239.0654
8221000	12239.0221
8221500	12239.0732
8222000	12239.0252
8222500	12239.0481
8223000	12239.0542
8223500	12239.1615
8224000	12239.1802
8224500	12239.2682
8225000	12239.2393
8225500	12239.2663
8226000	12239.3440
8226500	12239.3707
8227000	12239.3823
8227500	12239.3719
8228000	12239.3234
8228500	12239.3305
8229000	12239.3416
8229500	12239.2419
8230000	12239.3290
8230500	12239.3810
8231000	12239.5292
8231500	12239.5656
8232000	12239.5808
8232500	12239.4883
8233000	12239.5032
8233500	12239.4334
8234000	12239.4129
8234500	12239.4527
8235000	12239.4589
8235500	12239.2639
8236000	12239.3228
8236500	12239.2829
8237000	12239.3940
8237500	12239.3403
8238000	12239.3301
8238500	12239.2699
8239000	12239.1075
8239500	12239.0778
8240000	12239.1424
8240500	12239.2395
8241000	12239.3355
8241500	12239.3785
8242000	12239.4247
8242500	12239.5066
8243000	12239.4312
8243500	12239.3683
8244000	12239.4464
8244500	12239.5137
8245000	12239.6402
8245500	12239.5899
8246000	12239.5738
8246500	12239.5096
8247000	12239.5229
8247500	12239.6085
8248000	12239.6809
8248500	12239.6966
8249000	12239.7299
8249500	12239.8068
8250000	12239.7356
8250500	12239.7000
8251000	12239.6673
8251500	12239.4606
8252000	12239.5107
8252500	12239.4237
8253000	12239.4177
8253500	12239.4982
8254000	12239.5635
8254500	12239.7432
8255000	12239.8452
8255500	12239.8153
8256000	12239.8834
8256500	12239.9196
8257000	12239.8995
8257500	12239.7171
8258000	12239.6583
8258500	12239.7211
8259000	12239.7279
8259500	12239.7291
8260000	12239.7695
8260500	12239.6408
8261000	12239.6047
8261500	12239.6365
8262000	12239.5314
8262500	12239.5299
8263000	12239.5102
8263500	12239.4331
8264000	12239.5056
8264500	12239.5814
8265000	12239.5005
8265500	12239.4104
8266000	12239.4810
8266500	12239.4892
8267000	12239.3918
8267500	12239.4580
8268000	12239.3723
8268500	12239.4766
8269000	12239.4019
8269500	12239.4223
8270000	12239.5302
8270500	12239.4704
8271000	12239.4343
8271500	12239.4872
8272000	12239.4343
8272500	12239.4482
8273000	12239.4380
8273500	12239.5733
8274000	12239.4591
8274500	12239.3833
8275000	12239.3224
8275500	12239.3080
8276000	12239.3649
8276500	12239.3792
8277000	12239.4263
8277500	12239.3533
8278000	12239.3475
8278500	12239.2604
8279000	12239.2695
8279500	12239.2485
8280000	12239.3278
8280500	12239.4233
8281000	12239.4086
8281500	12239.4247
8282000	12239.4603
8282500	12239.4710
8283000	12239.3927
8283500	12239.2700
8284000	12239.2659
8284500	12239.2843
8285000	12239.3268
8285500	12239.3008
8286000	12239.2911
8286500	12239.2209
8287000	12239.1899
8287500	12239.1270
8288000	12239.2535
8288500	12239.3399
8289000	12239.4801
8289500	12239.4925
8290000	12239.3897
8290500	12239.3869
8291000	12239.5103
8291500	12239.4331
8292000	12239.3488
8292500	12239.4393
8293000	12239.4226
8293500	12239.4112
8294000	12239.4349
8294500	12239.2810
8295000	12239.1836
8295500	12239.3637
8296000	12239.3259
8296500	12239.2802
8297000	12239.3140
8297500	12239.2814
8298000	12239.3071
8298500	12239.3967
8299000	12239.3225
8299500	12239.2598
8300000	12239.3478
8300500	12239.2500
8301000	12239.3884
8301500	12239.4938
8302000	12239.5354
8302500	12239.5563
8303000	12239.4925
8303500	12239.4402
8304000	12239.4339
8304500	12239.4760
8305000	12239.4131
8305500	12239.4590
8306000	12239.4058
8306500	12239.3392
8307000	12239.4340
8307500	12239.5564
8308000	12239.5797
8308500	12239.6512
8309000	12239.7590
8309500	12239.7038
8310000	12239.8157
8310500	12239.7813
8311000	12239.7942
8311500	12239.9688
8312000	12240.0799
8312500	12240.0550
8313000	12240.0626
8313500	12240.0221
8314000	12240.0755
8314500	12240.0263
8315000	12239.9539
8315500	12240.0078
8316000	12240.1481
8316500	12240.1000
8317000	12240.2416
8317500	12240.2519
8318000	12240.1515
8318500	12240.1191
8319000	12240.2264
8319500	12240.3290
8320000	12240.3480
8320500	12240.3521
8321000	12240.4035
8321500	12240.3864
8322000	12240.3524
8322500	12240.3097
8323000	12240.3364
8323500	12240.5186
8324000	12240.5097
8324500	12240.4200
8325000	12240.4688
8325500	12240.5804
8326000	12240.5952
8326500	12240.7701
8327000	12240.8378
8327500	12240.9620
8328000	12240.9665
8328500	12241.0042
8329000	12240.9557
8329500	12240.8372
8330000	12240.8092
8330500	12240.7062
8331000	12240.8040
8331500	12241.0009
8332000	12240.9921
8332500	12241.0164
8333000	12240.9804
8333500	12241.1383
8334000	12241.1409
8334500	12241.2405
8335000	12241.2151
8335500	12241.1114
8336000	12240.9990
8336500	12240.9830
8337000	12241.1384
8337500	12241.1542
8338000	12241.2451
8338500	12241.2237
8339000	12241.0460
8339500	12241.0928
8340000	12241.0929
8340500	12241.2355
8341000	12241.0898
8341500	12241.1017
8342000	12240.9977
8342500	12240.9838
8343000	12240.9740
8343500	12240.8786
8344000	12240.9018
8344500	12241.0158
8345000	12240.9937
8345500	12241.0406
8346000	12241.1862
8346500	12241.0732
8347000	12240.9414
8347500	12241.0616
8348000	12241.1576
8348500	12241.1826
8349000	12241.2944
8349500	12241.2576
8350000	12241.3656
8350500	12241.4499
8351000	12241.3202
8351500	12241.1726
8352000	12241.2828
8352500	12241.3000
8353000	12241.2436
8353500	12241.1342
8354000	12241.0365
8354500	12241.0351
8355000	12241.1027
8355500	12241.1555
8356000	12241.1492
8356500	12241.0785
8357000	12240.9341
8357500	12240.8928
8358000	12241.0021
8358500	12240.9685
8359000	12240.8703
8359500	12240.9494
8360000	12240.9433
8360500	12241.0567
8361000	12241.0480
8361500	12241.1042
8362000	12241.0100
8362500	12240.9642
8363000	12240.9467
8363500	12240.8974
8364000	12240.9132
8364500	12240.9036
8365000	12240.8963
8365500	12240.8559
8366000	12240.7504
8366500	12240.8100
8367000	12240.9807
8367500	12240.9882
8368000	12241.0428
8368500	12241.0556
8369000	12240.8501
8369500	12240.9765
8370000	12241.0675
8370500	12240.9745
8371000	12240.8132
8371500	12240.7832
8372000	12240.7369
8372500	12240.6700
8373000	12240.7590
8373500	12240.7718
8374000	12240.7644
8374500	12240.7830
8375000	12240.8304
8375500	12240.7940
8376000	12240.8515
8376500	12240.9125
8377000	12241.0251
8377500	12241.0666
8378000	12241.0768
8378500	12240.9009
8379000	12240.9180
8379500	12241.0212
8380000	12240.9745
8380500	12240.9876
8381000	12241.0541
8381500	12240.9132
8382000	12240.8976
8382500	12240.8795
8383000	12240.9935
8383500	12240.9209
8384000	12240.8913
8384500	12241.0961
8385000	12241.0270
8385500	12240.9897
8386000	12241.0129
8386500	12240.9650
8387000	12240.9371
8387500	12240.8940
8388000	12240.8211
8388500	12240.8811
8389000	12240.9104
8389500	12240.8471
8390000	12240.8929
8390500	12240.9065
8391000	12240.9898
8391500	12241.0186
8392000	12240.9174
8392500	12240.9594
8393000	12240.9653
8393500	12240.8438
8394000	12240.8717
8394500	12241.0527
8395000	12241.0081
8395500	12241.0051
8396000	12240.8745
8396500	12240.8824
8397000	12240.9098
8397500	12240.8702
8398000	12240.9159
8398500	12240.9805
8399000	12240.8668
8399500	12240.8791
8400000	12240.9770
8400500	12241.0734
8401000	12241.0290
8401500	12240.9898
8402000	12240.9627
8402500	12240.9465
8403000	12240.9165
8403500	12240.8680
8404000	12240.8268
8404500	12240.8448
8405000	12240.7713
8405500	12240.8130
8406000	12240.8144
8406500	12240.9621
8407000	12241.0368
8407500	12241.0089
8408000	12241.0275
8408500	12241.1253
8409000	12241.1299
8409500	12241.0585
8410000	12240.9545
8410500	12241.0596
8411000	12241.0706
8411500	12241.0925
8412000	12241.0808
8412500	12241.1074
8413000	12241.0816
8413500	12240.9706
8414000	12240.9207
8414500	12240.9304
8415000	12240.8742
8415500	12240.8746
8416000	12240.9164
8416500	12240.9852
8417000	12240.9245
8417500	12240.8889
8418000	12240.8307
8418500	12240.8098
8419000	12240.8216
8419500	12240.9414
8420000	12240.9102
8420500	12240.7754
8421000	12240.6915
8421500	12240.7868
8422000	12240.8025
8422500	12240.8274
8423000	12240.8128
8423500	12240.7309
8424000	12240.7916
8424500	12240.7967
8425000	12240.7537
8425500	12240.8939
8426000	12240.9748
8426500	12241.0274
8427000	12240.9995
8427500	12240.9803
8428000	12240.9662
8428500	12240.6871
8429000	12240.6804
8429500	12240.6586
8430000	12240.5448
8430500	12240.4652
8431000	12240.4475
8431500	12240.5848
8432000	12240.5259
8432500	12240.4442
8433000	12240.4518
8433500	12240.3966
8434000	12240.3744
8434500	12240.4138
8435000	12240.3857
8435500	12240.3094
8436000	12240.2215
8436500	12240.1519
8437000	12240.2498
8437500	12240.1623
8438000	12240.1517
8438500	12240.1484
8439000	12240.1035
8439500	12240.1487
8440000	12240.0885
8440500	12240.1250
8441000	12240.1184
8441500	12240.0922
8442000	12240.0177
8442500	12239.9961
8443000	12239.9690
8443500	12239.9535
8444000	12239.8986
8444500	12239.8059
8445000	12239.8771
8445500	12239.8454
8446000	12239.7471
8446500	12239.7444
8447000	12239.8418
8447500	12239.7740
8448000	12239.8256
8448500	12239.8628
8449000	12239.7164
8449500	12239.7566
8450000	12239.7957
8450500	12239.8157
8451000	12239.6595
8451500	12239.6055
8452000	12239.5642
8452500	12239.4921
8453000	12239.5442
8453500	12239.5035
8454000	12239.3941
8454500	12239.3664
8455000	12239.3944
8455500	12239.3272
8456000	12239.0926
8456500	12239.0335
8457000	12238.9330
8457500	12238.9603
8458000	12238.9502
8458500	12238.9685
8459000	12238.8215
8459500	12238.8384
8460000	12238.7783
8460500	12238.8004
8461000	12238.8082
8461500	12238.8726
8462000	12238.7904
8462500	12238.7833
8463000	12238.7174
8463500	12238.7459
8464000	12238.7352
8464500	12238.7199
8465000	12238.6736
8465500	12238.6860
8466000	12238.7082
8466500	12238.6710
8467000	12238.6230
8467500	12238.6754
8468000	12238.7323
8468500	12238.7855
8469000	12238.7224
8469500	12238.6622
8470000	12238.6514
8470500	12238.6815
8471000	12238.6728
8471500	12238.6780
8472000	12238.6336
8472500	12238.5384
8473000	12238.5525
8473500	12238.5736
8474000	12238.5549
8474500	12238.6885
8475000	12238.7111
8475500	12238.7200
8476000	12238.7131
8476500	12238.7126
8477000	12238.6766
8477500	12238.7042
8478000	12238.6789
8478500	12238.5655
8479000	12238.4684
8479500	12238.4893
8480000	12238.4954
8480500	12238.3766
8481000	12238.2849
8481500	12238.2684
8482000	12238.3218
8482500	12238.3256
8483000	12238.2879
8483500	12238.2797
8484000	12238.2771
8484500	12238.3248
8485000	12238.3306
8485500	12238.2917
8486000	12238.2332
8486500	12238.3273
8487000	12238.2985
8487500	12238.3609
8488000	12238.4378
8488500	12238.3948
8489000	12238.3703
8489500	12238.3493
8490000	12238.3213
8490500	12238.2777
8491000	12238.3392
8491500	12238.4139
8492000	12238.3871
8492500	12238.3644
8493000	12238.4243
8493500	12238.4221
8494000	12238.4362
8494500	12238.3786
8495000	12238.4771
8495500	12238.6125
8496000	12238.6040
8496500	12238.6770
8497000	12238.6841
8497500	12238.6696
8498000	12238.4156
8498500	12238.2078
8499000	12238.2286
8499500	12238.0566
8500000	12238.1243
8500500	12238.1656
8501000	12238.2652
8501500	12238.3036
8502000	12238.2709
8502500	12238.3564
8503000	12238.3963
8503500	12238.4742
8504000	12238.5160
8504500	12238.6152
8505000	12238.6095
8505500	12238.7111
8506000	12238.7267
8506500	12238.7658
8507000	12238.6130
8507500	12238.5072
8508000	12238.4449
8508500	12238.4157
8509000	12238.3543
8509500	12238.2425
8510000	12238.0990
8510500	12238.0864
8511000	12237.8853
8511500	12237.8892
8512000	12237.7735
8512500	12237.7872
8513000	12237.6457
8513500	12237.6450
8514000	12237.7431
8514500	12237.5990
8515000	12237.6773
8515500	12237.6920
8516000	12237.7277
8516500	12237.7132
8517000	12237.6952
8517500	12237.5970
8518000	12237.5700
8518500	12237.4538
8519000	12237.4077
8519500	12237.4523
8520000	12237.4264
8520500	12237.3830
8521000	12237.4944
8521500	12237.4449
8522000	12237.4516
8522500	12237.3916
8523000	12237.4849
8523500	12237.4936
8524000	12237.5446
8524500	12237.3624
8525000	12237.4750
8525500	12237.2971
8526000	12237.3966
8526500	12237.3357
8527000	12237.3634
8527500	12237.3538
8528000	12237.3967
8528500	12237.3909
8529000	12237.3515
8529500	12237.3262
8530000	12237.2090
8530500	12237.2101
8531000	12237.3150
8531500	12237.3915
8532000	12237.3796
8532500	12237.4430
8533000	12237.3105
8533500	12237.2849
8534000	12237.2041
8534500	12237.2126
8535000	12237.1470
8535500	12237.0931
8536000	12237.1602
8536500	12237.1195
8537000	12236.9499
8537500	12237.0385
8538000	12237.0199
8538500	12237.1440
8539000	12237.2662
8539500	12237.4009
8540000	12237.4332
8540500	12237.3895
8541000	12237.4605
8541500	12237.4626
8542000	12237.4490
8542500	12237.4804
8543000	12237.4855
8543500	12237.6358
8544000	12237.5427
8544500	12237.5132
8545000	12237.5624
8545500	12237.6610
8546000	12237.8588
8546500	12237.9115
8547000	12237.9559
8547500	12237.8718
8548000	12237.8781
8548500	12237.9384
8549000	12237.9849
8549500	12237.9397
8550000	12238.0423
8550500	12237.9995
8551000	12238.0234
8551500	12238.0074
8552000	12238.1053
8552500	12237.9558
8553000	12237.7875
8553500	12237.8234
8554000	12237.7040
8554500	12237.7422
8555000	12237.7732
8555500	12237.8545
8556000	12237.7764
8556500	12237.8063
8557000	12237.7578
8557500	12237.7646
8558000	12237.6521
8558500	12237.8517
8559000	12237.7750
8559500	12237.7270
8560000	12237.8031
8560500	12237.7512
8561000	12237.9183
8561500	12237.8470
8562000	12237.7879
8562500	12237.6382
8563000	12237.6303
8563500	12237.4455
8564000	12237.3597
8564500	12237.4470
8565000	12237.4657
8565500	12237.5462
8566000	12237.6966
8566500	12237.6868
8567000	12237.7677
8567500	12237.8674
8568000	12237.7829
8568500	12237.7472
8569000	12237.6625
8569500	12237.6241
8570000	12237.6695
8570500	12237.6654
8571000	12237.5330
8571500	12237.5865
8572000	12237.4736
8572500	12237.4524
8573000	12237.4462
8573500	12237.5144
8574000	12237.3905
8574500	12237.4235
8575000	12237.3570
8575500	12237.3303
8576000	12237.3102
8576500	12237.3609
8577000	12237.2567
8577500	12237.4189
8578000	12237.3502
8578500	12237.3140
8579000	12237.3821
8579500	12237.3689
8580000	12237.3196
8580500	12237.4153
8581000	12237.4047
8581500	12237.3086
8582000	12237.3765
8582500	12237.4073
8583000	12237.5062
8583500	12237.4876
8584000	12237.6593
8584500	12237.7200
8585000	12237.7843
8585500	12237.8095
8586000	12237.7961
8586500	12237.8554
8587000	12237.9812
8587500	12237.9760
8588000	12237.9812
8588500	12237.8139
8589000	12237.8368
8589500	12237.9346
8590000	12237.8864
8590500	12237.8593
8591000	12237.8170
8591500	12237.8280
8592000	12237.8257
8592500	12237.6637
8593000	12237.6581
8593500	12237.6792
8594000	12237.6125
8594500	12237.5522
8595000	12237.5426
8595500	12237.4736
8596000	12237.4229
8596500	12237.4778
8597000	12237.4120
8597500	12237.2448
8598000	12237.2657
8598500	12237.2888
8599000	12237.2141
8599500	12237.3278
8600000	12237.2356
8600500	12237.2653
8601000	12237.1043
8601500	12237.0753
8602000	12236.8104
8602500	12236.7770
8603000	12236.6688
8603500	12236.6311
8604000	12236.6521
8604500	12236.7010
8605000	12236.6977
8605500	12236.7496
8606000	12236.7743
8606500	12236.7562
8607000	12236.6592
8607500	12236.6652
8608000	12236.5916
8608500	12236.7259
8609000	12236.7407
8609500	12236.7960
8610000	12236.8646
8610500	12236.8335
8611000	12236.7933
8611500	12236.7784
8612000	12236.8052
8612500	12236.7880
8613000	12236.6885
8613500	12236.5401
8614000	12236.5218
8614500	12236.5022
8615000	12236.6324
8615500	12236.6228
8616000	12236.6119
8616500	12236.6240
8617000	12236.6402
8617500	12236.5970
8618000	12236.6305
8618500	12236.6008
8619000	12236.4999
8619500	12236.5881
8620000	12236.6731
8620500	12236.5465
8621000	12236.5834
8621500	12236.5676
8622000	12236.4685
8622500	12236.4172
8623000	12236.4416
8623500	12236.3987
8624000	12236.4687
8624500	12236.4205
8625000	12236.3794
8625500	12236.2200
8626000	12236.2159
8626500	12235.9922
8627000	12236.0671
8627500	12236.0474
8628000	12235.9374
8628500	12236.0504
8629000	12236.0771
8629500	12236.0400
8630000	12236.0329
8630500	12236.0932
8631000	12236.1136
8631500	12236.1029
8632000	12236.0390
8632500	12236.1130
8633000	12236.1359
8633500	12236.5016
8634000	12236.5425
8634500	12236.4586
8635000	12236.2347
8635500	12236.0821
8636000	12236.0117
8636500	12235.8825
8637000	12235.8487
8637500	12235.9202
8638000	12235.9692
8638500	12235.8746
8639000	12235.8318
8639500	12235.8777
8640000	12235.8441
8640500	12235.6574
8641000	12235.6006
8641500	12235.5588
8642000	12235.6065
8642500	12235.7009
8643000	12235.7697
8643500	12235.7973
8644000	12235.8835
8644500	12235.8100
8645000	12235.7793
8645500	12235.7288
8646000	12235.7557
8646500	12235.8110
8647000	12235.8189
8647500	12235.7081
8648000	12235.8222
8648500	12235.8542
8649000	12235.8593
8649500	12235.7435
8650000	12235.7381
8650500	12235.7993
8651000	12235.8678
8651500	12235.8426
8652000	12235.9595
8652500	12236.0447
8653000	12236.0091
8653500	12236.0242
8654000	12236.1041
8654500	12236.2572
8655000	12236.2013
8655500	12236.2574
8656000	12236.1864
8656500	12236.1132
8657000	12236.2101
8657500	12236.3211
8658000	12236.3768
8658500	12236.3333
8659000	12236.2911
8659500	12236.3665
8660000	12236.3484
8660500	12236.4893
8661000	12236.3797
8661500	12236.4539
8662000	12236.4888
8662500	12236.5819
8663000	12236.6190
8663500	12236.5549
8664000	12236.6308
8664500	12236.7425
8665000	12236.6558
8665500	12236.6288
8666000	12236.4888
8666500	12236.5346
8667000	12236.5812
8667500	12236.6232
8668000	12236.5401
8668500	12236.5143
8669000	12236.4909
8669500	12236.4878
8670000	12236.4666
8670500	12236.4466
8671000	12236.2356
8671500	12236.4261
8672000	12236.4037
8672500	12236.3613
8673000	12236.4269
8673500	12236.4941
8674000	12236.4918
8674500	12236.5913
8675000	12236.6419
8675500	12236.6342
8676000	12236.7180
8676500	12236.7742
8677000	12236.7545
8677500	12236.5194
8678000	12236.6396
8678500	12236.6109
8679000	12236.6676
8679500	12236.4813
8680000	12236.4665
8680500	12236.4991
8681000	12236.5527
8681500	12236.5587
8682000	12236.4075
8682500	12236.3848
8683000	12236.4242
8683500	12236.4349
8684000	12236.5145
8684500	12236.3982
8685000	12236.3040
8685500	12236.0842
8686000	12236.0246
8686500	12235.8656
8687000	12235.9109
8687500	12235.8401
8688000	12236.0115
8688500	12236.0766
8689000	12236.1629
8689500	12236.0502
8690000	12236.0378
8690500	12235.9368
8691000	12235.8246
8691500	12235.8477
8692000	12236.0038
8692500	12236.0564
8693000	12236.0077
8693500	12235.8446
8694000	12235.7925
8694500	12235.9223
8695000	12235.9818
8695500	12235.7514
8696000	12235.7749
8696500	12235.8602
8697000	12235.8558
8697500	12235.8452
8698000	12235.6586
8698500	12235.7057
8699000	12235.6821
8699500	12235.6625
8700000	12235.7351
8700500	12235.6921
8701000	12235.6887
8701500	12235.6669
8702000	12235.8288
8702500	12235.8159
8703000	12235.8432
8703500	12235.8471
8704000	12235.8330
8704500	12235.6985
8705000	12235.5747
8705500	12235.5142
8706000	12235.6233
8706500	12235.6201
8707000	12235.7365
8707500	12235.7927
8708000	12235.9215
8708500	12236.0072
8709000	12236.0729
8709500	12236.0427
8710000	12235.9425
8710500	12235.9781
8711000	12235.9208
8711500	12235.9614
8712000	12235.9816
8712500	12236.0343
8713000	12235.9451
8713500	12235.7213
8714000	12235.5521
8714500	12235.5123
8715000	12235.4598
8715500	12235.5547
8716000	12235.5760
8716500	12235.5358
8717000	12235.7027
8717500	12235.7218
8718000	12235.6231
8718500	12235.5037
8719000	12235.2965
8719500	12235.3718
8720000	12235.3984
8720500	12235.2997
8721000	12235.3673
8721500	12235.3824
8722000	12235.4682
8722500	12235.5587
8723000	12235.6235
8723500	12235.7343
8724000	12235.7325
8724500	12235.7805
8725000	12235.6876
8725500	12235.7780
8726000	12235.7104
8726500	12235.7851
8727000	12235.7151
8727500	12235.7421
8728000	12235.7296
8728500	12235.7220
8729000	12235.7666
8729500	12235.7706
8730000	12235.7804
8730500	12235.9166
8731000	12235.9170
8731500	12235.9623
8732000	12236.0557
8732500	12235.9851
8733000	12235.9441
8733500	12235.9103
8734000	12235.9538
8734500	12235.8097
8735000	12235.9770
8735500	12235.9048
8736000	12235.8592
8736500	12235.8702
8737000	12235.9012
8737500	12235.8934
8738000	12235.8407
8738500	12235.7224
8739000	12235.7186
8739500	12235.7997
8740000	12235.8928
8740500	12235.9565
8741000	12235.8992
8741500	12235.8666
8742000	12235.8154
8742500	12235.8660
8743000	12235.9104
8743500	12236.0159
8744000	12235.9587
8744500	12235.8088
8745000	12236.0391
8745500	12235.8955
8746000	12235.8722
8746500	12235.7615
8747000	12235.7126
8747500	12235.7538
8748000	12235.7094
8748500	12235.7098
8749000	12235.7830
8749500	12235.7162
8750000	12235.7719
8750500	12235.6912
8751000	12235.6380
8751500	12235.5894
8752000	12235.7335
8752500	12235.8290
8753000	12235.8192
8753500	12235.7983
8754000	12235.6807
8754500	12235.7727
8755000	12235.7653
8755500	12235.7753
8756000	12235.9526
8756500	12236.0522
8757000	12236.0966
8757500	12236.1131
8758000	12236.2248
8758500	12236.2062
8759000	12236.2842
8759500	12236.3881
8760000	12236.3861
8760500	12236.4695
8761000	12236.3811
8761500	12236.2482
8762000	12236.1982
8762500	12236.0836
8763000	12236.1405
8763500	12236.1108
8764000	12236.0775
8764500	12236.1745
8765000	12236.1330
8765500	12236.1274
8766000	12236.0684
8766500	12236.1868
8767000	12236.1950
8767500	12236.2359
8768000	12236.2829
8768500	12236.3016
8769000	12236.2181
8769500	12236.1567
8770000	12236.1711
8770500	12236.1384
8771000	12236.1388
8771500	12236.0512
8772000	12236.0374
8772500	12236.0028
8773000	12235.8392
8773500	12235.8970
8774000	12235.8297
8774500	12235.8984
8775000	12235.7689
8775500	12235.7503
8776000	12235.6156
8776500	12235.6148
8777000	12235.5523
8777500	12235.5243
8778000	12235.5486
8778500	12235.5182
8779000	12235.4410
8779500	12235.6160
8780000	12235.6414
8780500	12235.6197
8781000	12235.6724
8781500	12235.6701
8782000	12235.7033
8782500	12235.7824
8783000	12235.8150
8783500	12235.8784
8784000	12235.7850
8784500	12235.7184
8785000	12235.7683
8785500	12235.7070
8786000	12235.8078
8786500	12235.8532
8787000	12235.8266
8787500	12235.7167
8788000	12235.7500
8788500	12235.8327
8789000	12235.6854
8789500	12235.6396
8790000	12235.7436
8790500	12235.8641
8791000	12235.8114
8791500	12235.9904
8792000	12236.0007
8792500	12236.0652
8793000	12236.1668
8793500	12236.1049
8794000	12236.1440
8794500	12236.1634
8795000	12236.2649
8795500	12236.2405
8796000	12236.2905
8796500	12236.2656
8797000	12236.3185
8797500	12236.2647
8798000	12236.3128
8798500	12236.3534
8799000	12236.4110
8799500	12236.4597
8800000	12236.4310
8800500	12236.3925
8801000	12236.3478
8801500	12236.3791
8802000	12236.4727
8802500	12236.3858
8803000	12236.4150
8803500	12236.3559
8804000	12236.4351
8804500	12236.2878
8805000	12236.1293
8805500	12236.1240
8806000	12236.1100
8806500	12236.1068
8807000	12236.0875
8807500	12236.1260
8808000	12236.0769
8808500	12236.1227
8809000	12236.1690
8809500	12236.3206
8810000	12236.3168
8810500	12236.3311
8811000	12236.4171
8811500	12236.4181
8812000	12236.2905
8812500	12236.2056
8813000	12236.1969
8813500	12236.1001
8814000	12236.1310
8814500	12236.1418
8815000	12236.1664
8815500	12236.2179
8816000	12236.2840
8816500	12236.2581
8817000	12236.2392
8817500	12236.2940
8818000	12236.3580
8818500	12236.3394
8819000	12236.3988
8819500	12236.5167
8820000	12236.5066
8820500	12236.4687
8821000	12236.4452
8821500	12236.4337
8822000	12236.5242
8822500	12236.5437
8823000	12236.5018
8823500	12236.5548
8824000	12236.6030
8824500	12236.7452
8825000	12236.5817
8825500	12236.7289
8826000	12236.6790
8826500	12236.7120
8827000	12236.7315
8827500	12236.7580
8828000	12236.6792
8828500	12236.8285
8829000	12236.6678
8829500	12236.5782
8830000	12236.6009
8830500	12236.5826
8831000	12236.6079
8831500	12236.4871
8832000	12236.4785
8832500	12236.5546
8833000	12236.5267
8833500	12236.6703
8834000	12236.6452
8834500	12236.5424
8835000	12236.5397
8835500	12236.4569
8836000	12236.5085
8836500	12236.5553
8837000	12236.5839
8837500	12236.5566
8838000	12236.7065
8838500	12236.6268
8839000	12236.6003
8839500	12236.6158
8840000	12236.4943
8840500	12236.5042
8841000	12236.5574
8841500	12236.5481
8842000	12236.6372
8842500	12236.5760
8843000	12236.7042
8843500	12236.7276
8844000	12236.6574
8844500	12236.5751
8845000	12236.6438
8845500	12236.6713
8846000	12236.7444
8846500	12236.9377
8847000	12236.8980
8847500	12236.8827
8848000	12236.8118
8848500	12236.7996
8849000	12236.8683
8849500	12236.8998
8850000	12236.9441
8850500	12236.9342
8851000	12237.0107
8851500	12237.0490
8852000	12237.1000
8852500	12237.2058
8853000	12237.2207
8853500	12237.1913
8854000	12237.1327
8854500	12237.1473
8855000	12237.1205
8855500	12237.1565
8856000	12237.1681
8856500	12237.2558
8857000	12237.2851
8857500	12237.1941
8858000	12237.2202
8858500	12237.2550
8859000	12237.4844
8859500	12237.4256
8860000	12237.4609
8860500	12237.4509
8861000	12237.3216
8861500	12237.2897
8862000	12237.2944
8862500	12237.2539
8863000	12237.3520
8863500	12237.2689
8864000	12237.2779
8864500	12237.2962
8865000	12237.4048
8865500	12237.3974
8866000	12237.4058
8866500	12237.4055
8867000	12237.3060
8867500	12237.3651
8868000	12237.4091
8868500	12237.3570
8869000	12237.3904
8869500	12237.3873
8870000	12237.3473
8870500	12237.1762
8871000	12237.2295
8871500	12237.2904
8872000	12237.2453
8872500	12237.1559
8873000	12237.0842
8873500	12237.0477
8874000	12237.0554
8874500	12237.0332
8875000	12237.0847
8875500	12237.1664
8876000	12237.2496
8876500	12237.1108
8877000	12237.1638
8877500	12237.1310
8878000	12237.0615
8878500	12237.0953
8879000	12237.1572
8879500	12237.1288
8880000	12237.1447
8880500	12237.0640
8881000	12237.0954
8881500	12237.1194
8882000	12237.2399
8882500	12237.3551
8883000	12237.3513
8883500	12237.2831
8884000	12237.2732
8884500	12237.2983
8885000	12237.3148
8885500	12237.4110
8886000	12237.3855
8886500	12237.3080
8887000	12237.3816
8887500	12237.4689
8888000	12237.3094
8888500	12237.2921
8889000	12237.2206
8889500	12237.0878
8890000	12237.0350
8890500	12237.0212
8891000	12237.0458
8891500	12237.0239
8892000	12237.0160
8892500	12237.0294
8893000	12237.0986
8893500	12237.0586
8894000	12237.0461
8894500	12237.1421
8895000	12237.0749
8895500	12237.1347
8896000	12237.2703
8896500	12237.2001
8897000	12237.0849
8897500	12237.1060
8898000	12236.9782
8898500	12236.9997
8899000	12237.0110
8899500	12236.9295
8900000	12236.9872
8900500	12237.1087
8901000	12237.0783
8901500	12237.0599
8902000	12236.8955
8902500	12236.9386
8903000	12236.9269
8903500	12237.0002
8904000	12236.9068
8904500	12236.9080
8905000	12236.8970
8905500	12236.8791
8906000	12236.8856
8906500	12236.8831
8907000	12236.9446
8907500	12236.9366
8908000	12236.8856
8908500	12236.9568
8909000	12236.9908
8909500	12236.8905
8910000	12236.8588
8910500	12236.8807
8911000	12236.8368
8911500	12236.9527
8912000	12236.8738
8912500	12236.7820
8913000	12236.7184
8913500	12236.6083
8914000	12236.5854
8914500	12236.5746
8915000	12236.4926
8915500	12236.5015
8916000	12236.4581
8916500	12236.5112
8917000	12236.5224
8917500	12236.5457
8918000	12236.4472
8918500	12236.3951
8919000	12236.4508
8919500	12236.3460
8920000	12236.1679
8920500	12236.1941
8921000	12236.3277
8921500	12236.3579
8922000	12236.3395
8922500	12236.1742
8923000	12236.1756
8923500	12236.1913
8924000	12236.2225
8924500	12236.1770
8925000	12236.1594
8925500	12236.1777
8926000	12236.2216
8926500	12236.2127
8927000	12236.2184
8927500	12236.1934
8928000	12236.0855
8928500	12236.1063
8929000	12236.1164
8929500	12236.0112
8930000	12235.9787
8930500	12236.0238
8931000	12236.0283
8931500	12235.9004
8932000	12235.9581
8932500	12235.9279
8933000	12236.0032
8933500	12235.9034
8934000	12235.8323
8934500	12235.9377
8935000	12235.9525
8935500	12235.8265
8936000	12235.7957
8936500	12235.9203
8937000	12235.9081
8937500	12236.0079
8938000	12235.9827
8938500	12236.0090
8939000	12236.0676
8939500	12236.1780
8940000	12236.2049
8940500	12236.1615
8941000	12236.2071
8941500	12236.2649
8942000	12236.2121
8942500	12236.3719
8943000	12236.4178
8943500	12236.4963
8944000	12236.4034
8944500	12236.3496
8945000	12236.4265
8945500	12236.5081
8946000	12236.5715
8946500	12236.6122
8947000	12236.5146
8947500	12236.4004
8948000	12236.4944
8948500	12236.5066
8949000	12236.4991
8949500	12236.4812
8950000	12236.5103
8950500	12236.4863
8951000	12236.5722
8951500	12236.5474
8952000	12236.6722
8952500	12236.7707
8953000	12236.6959
8953500	12236.7991
8954000	12236.7225
8954500	12236.8519
8955000	12236.7996
8955500	12236.8776
8956000	12236.8821
8956500	12236.8509
8957000	12236.8245
8957500	12236.9375
8958000	12236.9420
8958500	12236.9715
8959000	12236.9668
8959500	12237.0343
8960000	12237.1117
8960500	12237.1067
8961000	12237.3002
8961500	12237.3136
8962000	12237.1355
8962500	12237.2094
8963000	12237.0855
8963500	12237.0432
8964000	12237.0430
8964500	12237.0822
8965000	12237.1270
8965500	12237.1691
8966000	12237.1817
8966500	12237.1062
8967000	12237.0553
8967500	12237.0734
8968000	12237.0468
8968500	12237.0021
8969000	12236.9950
8969500	12237.0459
8970000	12237.0040
8970500	12237.0318
8971000	12236.9504
8971500	12236.9680
8972000	12236.9404
8972500	12237.0183
8973000	12237.0608
8973500	12237.0286
8974000	12236.9960
8974500	12237.0667
8975000	12236.9564
8975500	12236.8833
8976000	12236.8762
8976500	12236.9166
8977000	12236.8644
8977500	12236.9535
8978000	12237.0100
8978500	12236.8624
8979000	12236.8474
8979500	12236.8578
8980000	12236.8138
8980500	12236.9471
8981000	12236.9138
8981500	12236.7339
8982000	12236.7754
8982500	12236.8068
8983000	12236.8725
8983500	12237.0071
8984000	12236.9610
8984500	12236.9550
8985000	12237.0601
8985500	12236.9652
8986000	12237.0138
8986500	12236.9080
8987000	12236.9182
8987500	12236.9760
8988000	12237.0041
8988500	12236.8892
8989000	12236.8294
8989500	12236.7366
8990000	12236.8494
8990500	12236.8869
8991000	12237.0142
8991500	12237.0296
8992000	12237.0283
8992500	12236.9921
8993000	12236.7505
8993500	12236.7185
8994000	12236.8245
8994500	12236.6256
8995000	12236.6881
8995500	12236.4733
8996000	12236.5400
8996500	12236.3403
8997000	12236.2838
8997500	12236.4856
8998000	12236.5663
8998500	12236.4451
8999000	12236.3570
8999500	12236.3140
9000000	12236.4076
9000500	12236.4432
9001000	12236.5109
9001500	12236.6242
9002000	12236.6646
9002500	12236.7056
9003000	12236.6583
9003500	12236.6238
9004000	12236.6299
9004500	12236.6867
9005000	12236.7407
9005500	12236.6531
9006000	12236.6732
9006500	12236.6851
9007000	12236.5663
9007500	12236.5733
9008000	12236.5864
9008500	12236.5825
9009000	12236.5002
9009500	12236.4664
9010000	12236.4591
9010500	12236.3267
9011000	12236.2073
9011500	12236.2842
9012000	12236.2950
9012500	12236.3163
9013000	12236.3343
9013500	12236.2674
9014000	12236.2955
9014500	12236.3248
9015000	12236.1960
9015500	12236.1617
9016000	12236.1689
9016500	12235.9378
9017000	12235.9556
9017500	12235.9805
9018000	12235.9936
9018500	12235.9530
9019000	12236.0122
9019500	12235.9335
9020000	12235.9105
9020500	12235.9463
9021000	12235.8253
9021500	12235.7606
9022000	12235.6991
9022500	12235.7010
9023000	12235.8182
9023500	12235.8545
9024000	12235.9648
9024500	12235.8358
9025000	12235.8632
9025500	12235.8620
9026000	12235.8704
9026500	12235.7785
9027000	12235.8390
9027500	12235.8963
9028000	12235.8130
9028500	12235.6497
9029000	12235.6306
9029500	12235.7677
9030000	12235.9040
9030500	12235.9225
9031000	12235.9868
9031500	12236.0046
9032000	12236.0357
9032500	12235.9660
9033000	12235.9964
9033500	12235.9362
9034000	12236.0020
9034500	12236.1004
9035000	12235.8660
9035500	12235.8408
9036000	12235.8923
9036500	12235.9534
9037000	12235.9958
9037500	12236.0051
9038000	12236.0154
9038500	12235.8924
9039000	12235.8181
9039500	12235.8694
9040000	12235.7774
9040500	12235.8520
9041000	12235.9227
9041500	12235.8666
9042000	12235.8482
9042500	12235.8982
9043000	12235.8499
9043500	12235.9477
9044000	12235.9996
9044500	12235.8542
9045000	12235.8795
9045500	12235.8261
9046000	12235.9440
9046500	12235.9881
9047000	12236.0444
9047500	12236.0213
9048000	12235.9147
9048500	12235.9776
9049000	12235.9017
9049500	12235.8793
9050000	12235.9694
9050500	12236.0042
9051000	12235.9391
9051500	12235.9674
9052000	12235.9511
9052500	12235.9202
9053000	12236.0280
9053500	12236.0584
9054000	12236.1877
9054500	12236.2030
9055000	12236.3035
9055500	12236.3035
9056000	12236.1917
9056500	12236.2315
9057000	12236.2319
9057500	12236.2712
9058000	12236.2721
9058500	12236.3267
9059000	12236.2704
9059500	12236.2797
9060000	12236.3473
9060500	12236.3056
9061000	12236.2430
9061500	12236.0822
9062000	12236.1250
9062500	12236.2435
9063000	12236.2433
9063500	12236.2498
9064000	12236.2725
9064500	12236.3320
9065000	12236.2497
9065500	12236.2424
9066000	12236.3522
9066500	12236.1794
9067000	12236.1419
9067500	12236.2698
9068000	12236.3455
9068500	12236.3369
9069000	12236.2720
9069500	12236.1915
9070000	12236.2498
9070500	12236.0871
9071000	12235.9927
9071500	12236.0693
9072000	12235.9490
9072500	12236.0029
9073000	12235.9951
9073500	12235.9756
9074000	12236.0077
9074500	12235.8886
9075000	12235.8207
9075500	12235.7763
9076000	12235.7137
9076500	12235.7389
9077000	12235.7207
9077500	12235.8128
9078000	12235.7678
9078500	12235.7376
9079000	12235.7706
9079500	12235.7740
9080000	12235.8409
9080500	12235.9251
9081000	12235.8093
9081500	12235.8809
9082000	12235.8424
9082500	12235.8357
9083000	12235.9051
9083500	12235.7870
9084000	12235.7262
9084500	12235.7020
9085000	12235.6581
9085500	12235.6547
9086000	12235.7241
9086500	12235.7065
9087000	12235.7642
9087500	12235.7632
9088000	12235.6957
9088500	12235.7215
9089000	12235.7131
9089500	12235.5762
9090000	12235.5465
9090500	12235.5750
9091000	12235.6223
9091500	12235.6647
9092000	12235.6111
9092500	12235.6611
9093000	12235.7039
9093500	12235.5810
9094000	12235.5124
9094500	12235.5167
9095000	12235.6156
9095500	12235.6582
9096000	12235.8484
9096500	12235.7957
9097000	12235.9101
9097500	12236.0290
9098000	12235.9296
9098500	12236.0456
9099000	12236.2030
9099500	12236.0951
9100000	12236.0035
9100500	12235.9843
9101000	12235.8977
9101500	12235.9365
9102000	12235.8600
9102500	12235.9923
9103000	12236.0078
9103500	12236.0706
9104000	12236.0281
9104500	12236.1117
9105000	12236.1251
9105500	12236.0209
9106000	12236.1015
9106500	12236.0854
9107000	12236.0177
9107500	12235.9678
9108000	12235.9858
9108500	12236.0106
9109000	12235.9823
9109500	12235.9756
9110000	12235.9830
9110500	12235.9077
9111000	12235.8401
9111500	12235.8689
9112000	12235.7801
9112500	12235.8348
9113000	12235.8384
9113500	12235.8961
9114000	12235.9952
9114500	12236.0168
9115000	12236.1137
9115500	12236.2861
9116000	12236.1737
9116500	12236.1373
9117000	12236.1610
9117500	12236.2127
9118000	12236.2344
9118500	12236.2076
9119000	12236.2134
9119500	12236.2422
9120000	12236.1488
9120500	12236.2199
9121000	12236.1916
9121500	12236.2151
9122000	12236.2370
9122500	12236.3196
9123000	12236.3373
9123500	12236.4193
9124000	12236.3965
9124500	12236.4173
9125000	12236.3531
9125500	12236.4228
9126000	12236.4773
9126500	12236.5767
9127000	12236.5990
9127500	12236.6388
9128000	12236.6251
9128500	12236.6461
9129000	12236.6965
9129500	12236.8040
9130000	12236.5602
9130500	12236.5296
9131000	12236.4775
9131500	12236.4103
9132000	12236.3972
9132500	12236.4511
9133000	12236.4707
9133500	12236.5231
9134000	12236.4028
9134500	12236.3637
9135000	12236.3175
9135500	12236.2214
9136000	12236.2194
9136500	12236.0768
9137000	12236.1056
9137500	12236.1633
9138000	12236.0694
9138500	12236.0440
9139000	12236.0150
9139500	12236.0882
9140000	12236.1463
9140500	12236.0175
9141000	12236.0166
9141500	12236.0439
9142000	12236.0173
9142500	12235.9752
9143000	12236.0420
9143500	12236.0659
9144000	12236.1022
9144500	12236.1329
9145000	12236.2385
9145500	12236.1839
9146000	12236.0863
9146500	12236.0602
9147000	12236.0442
9147500	12236.0749
9148000	12236.1795
9148500	12236.1279
9149000	12236.0475
9149500	12236.0747
9150000	12236.1476
9150500	12236.0341
9151000	12236.0050
9151500	12236.0038
9152000	12235.9882
9152500	12236.0843
9153000	12236.0804
9153500	12236.1098
9154000	12236.1071
9154500	12236.1742
9155000	12236.2984
9155500	12236.2482
9156000	12236.1837
9156500	12236.1412
9157000	12236.1689
9157500	12236.0668
9158000	12236.1259
9158500	12236.2022
9159000	12236.2355
9159500	12236.2250
9160000	12236.2037
9160500	12236.3086
9161000	12236.2998
9161500	12236.3080
9162000	12236.3749
9162500	12236.3906
9163000	12236.4128
9163500	12236.3159
9164000	12236.3371
9164500	12236.3070
9165000	12236.1982
9165500	12236.2316
9166000	12236.2874
9166500	12236.3436
9167000	12236.2258
9167500	12236.1299
9168000	12236.1555
9168500	12236.1362
9169000	12236.1846
9169500	12236.3227
9170000	12236.3523
9170500	12236.3684
9171000	12236.3932
9171500	12236.4527
9172000	12236.4680
9172500	12236.4292
9173000	12236.3495
9173500	12236.1978
9174000	12236.2223
9174500	12236.1725
9175000	12236.1776
9175500	12236.2078
9176000	12236.1327
9176500	12236.1415
9177000	12235.9652
9177500	12235.9918
9178000	12235.9589
9178500	12236.0763
9179000	12236.0834
9179500	12236.0667
9180000	12236.1462
9180500	12236.1770
9181000	12236.1423
9181500	12236.0813
9182000	12236.0241
9182500	12236.0489
9183000	12236.0559
9183500	12236.0981
9184000	12236.1141
9184500	12236.0646
9185000	12236.1029
9185500	12236.1286
9186000	12236.0501
9186500	12236.0472
9187000	12236.0276
9187500	12236.0775
9188000	12236.0973
9188500	12236.1693
9189000	12236.1378
9189500	12236.0346
9190000	12236.0861
9190500	12236.0886
9191000	12236.0853
9191500	12236.1412
9192000	12236.1456
9192500	12236.1037
9193000	12236.0192
9193500	12236.0033
9194000	12236.0218
9194500	12236.0299
9195000	12236.0217
9195500	12236.0615
9196000	12236.1776
9196500	12236.1256
9197000	12236.0408
9197500	12236.0333
9198000	12235.9856
9198500	12235.9602
9199000	12235.9589
9199500	12235.9699
9200000	12235.8729
9200500	12235.8922
9201000	12235.8805
9201500	12235.7951
9202000	12235.7164
9202500	12235.7613
9203000	12235.7286
9203500	12235.6943
9204000	12235.6949
9204500	12235.6442
9205000	12235.6320
9205500	12235.6696
9206000	12235.5691
9206500	12235.5102
9207000	12235.5490
9207500	12235.6419
9208000	12235.6648
9208500	12235.7210
9209000	12235.8720
9209500	12235.7739
9210000	12235.7548
9210500	12235.8714
9211000	12235.9363
9211500	12235.9014
9212000	12235.8602
9212500	12235.9008
9213000	12235.8998
9213500	12235.9450
9214000	12235.8417
9214500	12235.7423
9215000	12235.6556
9215500	12235.6531
9216000	12235.6781
9216500	12235.7286
9217000	12235.6879
9217500	12235.6904
9218000	12235.6390
9218500	12235.6692
9219000	12235.7025
9219500	12235.7650
9220000	12235.8178
9220500	12235.8877
9221000	12235.8900
9221500	12236.0095
9222000	12236.0174
9222500	12236.0214
9223000	12236.0650
9223500	12236.1072
9224000	12236.1496
9224500	12236.1886
9225000	12236.2591
9225500	12236.2728
9226000	12236.2578
9226500	12236.2914
9227000	12236.4151
9227500	12236.5269
9228000	12236.4581
9228500	12236.5388
9229000	12236.5849
9229500	12236.6476
9230000	12236.6175
9230500	12236.6165
9231000	12236.5459
9231500	12236.5086
9232000	12236.4179
9232500	12236.3866
9233000	12236.3986
9233500	12236.3714
9234000	12236.2961
9234500	12236.3069
9235000	12236.3118
9235500	12236.2123
9236000	12236.3240
9236500	12236.2768
9237000	12236.2019
9237500	12236.1930
9238000	12236.1690
9238500	12236.1786
9239000	12235.9837
9239500	12236.0112
9240000	12236.0167
9240500	12235.9745
9241000	12236.0956
9241500	12236.0343
9242000	12236.0289
9242500	12236.1219
9243000	12236.1897
9243500	12236.1646
9244000	12236.1018
9244500	12236.1397
9245000	12236.2009
9245500	12236.4212
9246000	12236.3358
9246500	12236.3412
9247000	12236.4191
9247500	12236.3866
9248000	12236.3101
9248500	12236.2800
9249000	12236.3112
9249500	12236.1512
9250000	12236.0790
9250500	12235.9811
9251000	12235.9486
9251500	12235.9204
9252000	12235.9562
9252500	12235.9493
9253000	12235.9410
9253500	12235.9726
9254000	12235.9925
9254500	12235.8980
9255000	12235.9075
9255500	12235.9984
9256000	12236.0689
9256500	12236.0829
9257000	12235.9129
9257500	12235.9965
9258000	12235.9932
9258500	12235.9564
9259000	12235.9684
9259500	12235.9336
9260000	12235.8941
9260500	12235.9189
9261000	12235.9570
9261500	12236.0559
9262000	12235.9800
9262500	12235.8884
9263000	12235.9447
9263500	12235.8378
9264000	12235.8262
9264500	12235.7801
9265000	12235.7318
9265500	12235.7403
9266000	12235.7172
9266500	12235.8621
9267000	12235.8177
9267500	12235.9033
9268000	12235.9177
9268500	12235.9325
9269000	12235.9709
9269500	12235.8931
9270000	12235.8821
9270500	12235.9944
9271000	12236.1517
9271500	12236.1684
9272000	12236.1268
9272500	12236.0882
9273000	12236.2437
9273500	12236.1808
9274000	12236.2044
9274500	12236.2945
9275000	12236.3393
9275500	12236.4480
9276000	12236.5104
9276500	12236.4291
9277000	12236.4099
9277500	12236.4645
9278000	12236.4504
9278500	12236.4618
9279000	12236.5369
9279500	12236.4864
9280000	12236.4539
9280500	12236.4261
9281000	12236.3893
9281500	12236.4959
9282000	12236.4916
9282500	12236.5056
9283000	12236.6679
9283500	12236.7359
9284000	12236.5888
9284500	12236.6178
9285000	12236.6408
9285500	12236.6028
9286000	12236.4633
9286500	12236.4123
9287000	12236.4748
9287500	12236.4917
9288000	12236.5190
9288500	12236.5675
9289000	12236.5680
9289500	12236.4765
9290000	12236.4645
9290500	12236.3013
9291000	12236.3506
9291500	12236.1584
9292000	12236.0364
9292500	12236.0633
9293000	12236.0711
9293500	12236.1521
9294000	12236.2341
9294500	12236.2659
9295000	12236.2399
9295500	12236.1873
9296000	12236.2200
9296500	12236.2595
9297000	12236.2175
9297500	12236.1893
9298000	12236.2611
9298500	12236.0960
9299000	12235.9677
9299500	12235.9266
9300000	12235.9502
9300500	12236.0174
9301000	12235.9889
9301500	12236.0256
9302000	12236.0033
9302500	12235.9055
9303000	12235.8835
9303500	12235.7290
9304000	12235.7413
9304500	12235.7494
9305000	12235.7987
9305500	12235.9182
9306000	12235.8856
9306500	12235.8261
9307000	12235.8380
9307500	12235.7548
9308000	12235.8362
9308500	12235.8092
9309000	12235.6348
9309500	12235.5899
9310000	12235.5502
9310500	12235.4716
9311000	12235.3813
9311500	12235.4759
9312000	12235.4509
9312500	12235.4994
9313000	12235.4001
9313500	12235.3160
9314000	12235.2933
9314500	12235.2574
9315000	12235.2161
9315500	12235.2108
9316000	12235.2151
9316500	12235.1785
9317000	12235.1237
9317500	12235.0964
9318000	12235.1419
9318500	12235.1451
9319000	12235.2203
9319500	12235.2067
9320000	12235.2029
9320500	12235.1670
9321000	12235.2685
9321500	12235.2850
9322000	12235.3475
9322500	12235.3945
9323000	12235.4281
9323500	12235.4542
9324000	12235.5319
9324500	12235.4652
9325000	12235.5329
9325500	12235.5888
9326000	12235.5346
9326500	12235.5100
9327000	12235.4806
9327500	12235.4333
9328000	12235.4546
9328500	12235.5044
9329000	12235.4966
9329500	12235.4005
9330000	12235.4605
9330500	12235.4954
9331000	12235.4887
9331500	12235.4691
9332000	12235.5612
9332500	12235.5644
9333000	12235.5585
9333500	12235.7175
9334000	12235.7551
9334500	12235.7532
9335000	12235.9246
9335500	12235.9459
9336000	12235.8962
9336500	12235.7853
9337000	12235.7269
9337500	12235.6093
9338000	12235.5736
9338500	12235.5316
9339000	12235.6619
9339500	12235.5633
9340000	12235.4445
9340500	12235.3030
9341000	12235.4108
9341500	12235.3752
9342000	12235.4306
9342500	12235.3933
9343000	12235.3895
9343500	12235.2910
9344000	12235.3189
9344500	12235.3890
9345000	12235.3390
9345500	12235.3467
9346000	12235.2547
9346500	12235.2752
9347000	12235.2636
9347500	12235.2250
9348000	12235.2587
9348500	12235.2671
9349000	12235.2195
9349500	12235.3520
9350000	12235.3220
9350500	12235.4334
9351000	12235.5162
9351500	12235.4234
9352000	12235.4184
9352500	12235.4564
9353000	12235.3445
9353500	12235.0400
9354000	12234.9508
9354500	12234.9542
9355000	12235.0476
9355500	12235.0836
9356000	12235.2348
9356500	12235.2413
9357000	12235.1908
9357500	12235.2256
9358000	12235.2749
9358500	12235.2475
9359000	12235.2262
9359500	12235.3349
9360000	12235.4633
9360500	12235.5099
9361000	12235.5954
9361500	12235.5662
9362000	12235.5915
9362500	12235.4861
9363000	12235.4491
9363500	12235.4139
9364000	12235.3688
9364500	12235.3696
9365000	12235.4749
9365500	12235.3706
9366000	12235.3971
9366500	12235.6323
9367000	12235.7270
9367500	12235.7369
9368000	12235.7398
9368500	12235.7870
9369000	12235.8222
9369500	12235.7541
9370000	12235.7490
9370500	12235.7596
9371000	12235.8309
9371500	12235.7831
9372000	12235.8672
9372500	12235.8914
9373000	12235.9083
9373500	12235.8289
9374000	12235.7484
9374500	12235.6290
9375000	12235.5376
9375500	12235.5076
9376000	12235.5735
9376500	12235.6189
9377000	12235.5999
9377500	12235.5690
9378000	12235.5832
9378500	12235.4781
9379000	12235.5395
9379500	12235.5182
9380000	12235.5385
9380500	12235.5322
9381000	12235.5655
9381500	12235.4639
9382000	12235.4480
9382500	12235.4466
9383000	12235.4281
9383500	12235.4139
9384000	12235.3934
9384500	12235.4446
9385000	12235.3545
9385500	12235.2929
9386000	12235.2795
9386500	12235.2446
9387000	12235.3037
9387500	12235.3154
9388000	12235.3132
9388500	12235.3221
9389000	12235.3139
9389500	12235.3547
9390000	12235.3805
9390500	12235.4287
9391000	12235.3870
9391500	12235.3878
9392000	12235.3656
9392500	12235.3209
9393000	12235.2922
9393500	12235.2699
9394000	12235.3368
9394500	12235.3648
9395000	12235.4580
9395500	12235.3857
9396000	12235.3044
9396500	12235.2911
9397000	12235.4221
9397500	12235.3866
9398000	12235.2828
9398500	12235.3743
9399000	12235.4244
9399500	12235.5761
9400000	12235.6028
9400500	12235.7193
9401000	12235.7507
9401500	12235.8287
9402000	12235.6594
9402500	12235.7996
9403000	12235.7099
9403500	12235.6130
9404000	12235.6102
9404500	12235.6585
9405000	12235.7024
9405500	12235.7412
9406000	12235.7522
9406500	12235.7560
9407000	12235.7699
9407500	12235.7093
9408000	12235.7419
9408500	12235.6638
9409000	12235.5671
9409500	12235.5588
9410000	12235.4533
9410500	12235.4939
9411000	12235.4741
9411500	12235.3112
9412000	12235.2079
9412500	12235.2208
9413000	12235.3522
9413500	12235.3593
9414000	12235.3520
9414500	12235.3171
9415000	12235.3821
9415500	12235.4051
9416000	12235.4559
9416500	12235.3946
9417000	12235.3772
9417500	12235.3554
9418000	12235.3614
9418500	12235.4148
9419000	12235.3741
9419500	12235.3694
9420000	12235.4137
9420500	12235.4314
9421000	12235.4234
9421500	12235.3158
9422000	12235.2646
9422500	12235.3137
9423000	12235.3900
9423500	12235.3482
9424000	12235.3361
9424500	12235.2572
9425000	12235.0654
9425500	12234.8668
9426000	12234.9422
9426500	12234.9147
9427000	12234.8941
9427500	12234.9280
9428000	12234.9097
9428500	12234.9902
9429000	12234.9653
9429500	12234.9570
9430000	12234.9838
9430500	12234.9510
9431000	12235.1791
9431500	12235.1199
9432000	12234.9784
9432500	12234.8148
9433000	12234.8269
9433500	12234.8024
9434000	12234.8689
9434500	12234.8664
9435000	12234.7323
9435500	12234.6930
9436000	12234.6927
9436500	12234.7278
9437000	12234.6504
9437500	12234.7522
9438000	12234.8070
9438500	12234.7588
9439000	12234.7413
9439500	12234.6885
9440000	12234.7153
9440500	12234.6494
9441000	12234.6558
9441500	12234.5764
9442000	12234.5193
9442500	12234.5685
9443000	12234.5731
9443500	12234.5831
9444000	12234.6708
9444500	12234.7574
9445000	12234.7755
9445500	12234.8010
9446000	12234.8533
9446500	12234.9570
9447000	12235.0199
9447500	12235.0211
9448000	12234.9992
9448500	12234.9963
9449000	12234.9029
9449500	12234.8961
9450000	12234.9898
9450500	12234.8281
9451000	12234.8282
9451500	12234.8022
9452000	12234.8624
9452500	12234.8205
9453000	12234.7770
9453500	12234.6732
9454000	12234.6928
9454500	12234.6242
9455000	12234.5947
9455500	12234.5788
9456000	12234.6516
9456500	12234.5665
9457000	12234.5054
9457500	12234.4615
9458000	12234.3855
9458500	12234.3920
9459000	12234.3943
9459500	12234.2367
9460000	12234.2126
9460500	12234.2018
9461000	12234.2226
9461500	12234.1740
9462000	12234.2359
9462500	12234.3543
9463000	12234.3148
9463500	12234.3821
9464000	12234.3866
9464500	12234.3927
9465000	12234.2793
9465500	12234.2177
9466000	12234.1912
9466500	12234.1750
9467000	12234.0757
9467500	12234.1624
9468000	12234.1188
9468500	12234.1196
9469000	12234.0373
9469500	12233.9088
9470000	12233.8029
9470500	12233.7817
9471000	12233.7872
9471500	12233.8222
9472000	12233.7006
9472500	12233.7539
9473000	12233.8097
9473500	12233.8613
9474000	12233.7885
9474500	12233.6845
9475000	12233.6113
9475500	12233.6486
9476000	12233.6452
9476500	12233.6610
9477000	12233.6880
9477500	12233.7986
9478000	12233.8506
9478500	12233.8924
9479000	12233.8672
9479500	12233.7862
9480000	12233.9006
9480500	12233.9912
9481000	12234.0784
9481500	12234.0910
9482000	12234.1014
9482500	12234.1429
9483000	12234.1462
9483500	12234.2070
9484000	12234.2433
9484500	12234.2703
9485000	12234.2092
9485500	12234.2167
9486000	12234.2938
9486500	12234.2840
9487000	12234.3388
9487500	12234.4161
9488000	12234.2138
9488500	12234.0568
9489000	12234.3285
9489500	12234.2705
9490000	12234.2709
9490500	12234.2549
9491000	12234.2896
9491500	12234.2553
9492000	12234.3012
9492500	12234.3497
9493000	12234.2820
9493500	12234.2203
9494000	12234.2545
9494500	12234.2094
9495000	12234.1496
9495500	12234.1759
9496000	12234.2387
9496500	12234.2595
9497000	12234.2800
9497500	12234.3940
9498000	12234.4150
9498500	12234.4553
9499000	12234.4809
9499500	12234.4114
9500000	12234.3262
9500500	12234.4145
9501000	12234.4428
9501500	12234.4899
9502000	12234.5565
9502500	12234.5550
9503000	12234.4675
9503500	12234.4534
9504000	12234.3940
9504500	12234.3671
9505000	12234.3840
9505500	12234.3890
9506000	12234.4664
9506500	12234.4051
9507000	12234.4129
9507500	12234.4283
9508000	12234.3903
9508500	12234.1474
9509000	12234.1805
9509500	12234.1734
9510000	12234.1189
9510500	12234.0866
9511000	12234.1914
9511500	12234.2527
9512000	12234.1287
9512500	12233.9945
9513000	12234.0056
9513500	12234.0136
9514000	12234.1343
9514500	12234.1758
9515000	12234.0966
9515500	12234.0475
9516000	12234.0562
9516500	12233.9127
9517000	12233.8310
9517500	12233.8596
9518000	12233.9446
9518500	12234.0162
9519000	12234.0457
9519500	12234.0111
9520000	12233.9773
9520500	12234.0048
9521000	12234.0360
9521500	12234.0125
9522000	12234.0680
9522500	12234.0343
9523000	12234.0256
9523500	12233.9795
9524000	12233.8807
9524500	12233.8583
9525000	12233.8371
9525500	12233.9750
9526000	12234.0915
9526500	12234.0661
9527000	12233.8979
9527500	12233.9352
9528000	12233.8063
9528500	12233.8394
9529000	12233.9944
9529500	12234.0531
9530000	12234.1525
9530500	12234.1162
9531000	12234.0296
9531500	12233.9336
9532000	12233.9534
9532500	12233.9956
9533000	12234.0426
9533500	12234.0943
9534000	12234.0073
9534500	12233.9471
9535000	12233.9688
9535500	12234.0080
9536000	12233.9213
9536500	12233.9776
9537000	12233.9938
9537500	12234.0090
9538000	12234.0912
9538500	12234.1014
9539000	12234.3182
9539500	12234.4333
9540000	12234.3092
9540500	12234.2707
9541000	12234.2774
9541500	12234.2484
9542000	12234.2756
9542500	12234.2593
9543000	12234.3252
9543500	12234.2934
9544000	12234.0622
9544500	12234.0567
9545000	12234.0024
9545500	12234.0424
9546000	12233.9846
9546500	12233.9798
9547000	12233.9859
9547500	12233.9829
9548000	12233.9971
9548500	12233.9167
9549000	12233.9554
9549500	12233.9895
9550000	12233.9478
9550500	12234.0637
9551000	12234.1213
9551500	12234.0279
9552000	12233.9835
9552500	12233.8558
9553000	12233.8709
9553500	12233.9110
9554000	12233.9217
9554500	12233.9810
9555000	12234.0245
9555500	12234.0188
9556000	12234.0504
9556500	12233.9779
9557000	12234.0771
9557500	12233.9931
9558000	12234.1062
9558500	12234.0580
9559000	12233.9013
9559500	12233.9034
9560000	12233.8492
9560500	12233.8892
9561000	12233.8308
9561500	12233.8132
9562000	12233.8159
9562500	12233.8112
9563000	12233.8609
9563500	12233.7775
9564000	12233.7750
9564500	12233.7182
9565000	12233.7144
9565500	12233.6423
9566000	12233.7344
9566500	12233.6803
9567000	12233.6281
9567500	12233.5712
9568000	12233.6032
9568500	12233.5877
9569000	12233.5969
9569500	12233.5319
9570000	12233.4588
9570500	12233.4159
9571000	12233.4128
9571500	12233.4303
9572000	12233.4180
9572500	12233.4783
9573000	12233.4938
9573500	12233.4693
9574000	12233.4845
9574500	12233.5191
9575000	12233.5855
9575500	12233.4491
9576000	12233.3840
9576500	12233.4163
9577000	12233.3785
9577500	12233.2885
9578000	12233.3302
9578500	12233.3086
9579000	12233.3844
9579500	12233.4113
9580000	12233.4604
9580500	12233.5018
9581000	12233.4858
9581500	12233.5399
9582000	12233.5856
9582500	12233.5465
9583000	12233.4961
9583500	12233.5277
9584000	12233.5008
9584500	12233.5369
9585000	12233.5554
9585500	12233.5570
9586000	12233.6336
9586500	12233.6662
9587000	12233.7104
9587500	12233.5833
9588000	12233.6659
9588500	12233.7156
9589000	12233.8144
9589500	12233.7908
9590000	12233.7114
9590500	12233.7198
9591000	12233.7295
9591500	12233.7028
9592000	12233.7371
9592500	12233.8631
9593000	12233.7817
9593500	12233.8356
9594000	12233.8903
9594500	12233.9328
9595000	12233.9323
9595500	12233.9456
9596000	12233.9724
9596500	12233.9409
9597000	12233.9071
9597500	12233.7318
9598000	12233.5247
9598500	12233.5445
9599000	12233.5554
9599500	12233.6151
9600000	12233.6018
9600500	12233.6336
9601000	12233.6389
9601500	12233.6250
9602000	12233.6647
9602500	12233.6748
9603000	12233.7898
9603500	12233.7368
9604000	12233.8297
9604500	12233.8719
9605000	12233.8365
9605500	12233.8554
9606000	12233.8863
9606500	12233.9260
9607000	12233.8386
9607500	12233.9292
9608000	12233.9060
9608500	12234.0013
9609000	12234.0014
9609500	12234.0088
9610000	12234.0608
9610500	12234.0713
9611000	12233.9969
9611500	12234.0642
9612000	12234.0917
9612500	12234.0936
9613000	12234.0396
9613500	12233.9956
9614000	12234.0126
9614500	12233.9657
9615000	12234.0004
9615500	12234.1529
9616000	12234.0927
9616500	12233.9488
9617000	12233.9748
9617500	12233.9852
9618000	12233.8597
9618500	12233.9217
9619000	12233.7425
9619500	12233.7551
9620000	12233.7128
9620500	12233.7948
9621000	12233.7705
9621500	12233.8718
9622000	12233.9208
9622500	12233.8213
9623000	12233.9016
9623500	12233.8799
9624000	12233.8808
9624500	12233.8832
9625000	12233.9039
9625500	12233.9318
9626000	12233.9636
9626500	12234.1385
9627000	12234.2399
9627500	12234.1577
9628000	12234.2028
9628500	12234.3365
9629000	12234.2447
9629500	12234.3475
9630000	12234.4398
9630500	12234.3663
9631000	12234.2893
9631500	12234.0833
9632000	12234.1405
9632500	12234.0344
9633000	12233.9088
9633500	12234.0435
9634000	12233.9541
9634500	12233.8618
9635000	12233.9173
9635500	12233.9451
9636000	12233.7389
9636500	12233.8316
9637000	12233.9015
9637500	12233.9774
9638000	12234.0140
9638500	12233.9404
9639000	12233.8842
9639500	12233.8690
9640000	12233.9522
9640500	12234.0053
9641000	12234.0335
9641500	12234.0817
9642000	12234.0502
9642500	12234.0833
9643000	12234.1745
9643500	12234.2126
9644000	12234.1621
9644500	12234.2019
9645000	12234.2361
9645500	12234.1864
9646000	12234.1817
9646500	12234.2604
9647000	12234.2352
9647500	12234.2091
9648000	12234.1974
9648500	12234.1866
9649000	12234.1824
9649500	12234.2459
9650000	12234.2287
9650500	12234.2490
9651000	12234.2057
9651500	12234.2947
9652000	12234.0930
9652500	12234.0739
9653000	12234.0526
9653500	12234.1074
9654000	12234.0315
9654500	12234.1736
9655000	12234.2242
9655500	12234.1484
9656000	12234.1258
9656500	12234.0662
9657000	12234.0648
9657500	12234.1024
9658000	12234.1004
9658500	12234.1520
9659000	12234.1400
9659500	12234.1371
9660000	12234.1368
9660500	12234.2462
9661000	12234.2886
9661500	12234.2015
9662000	12234.2699
9662500	12234.3541
9663000	12234.4431
9663500	12234.4700
9664000	12234.4615
9664500	12234.4385
9665000	12234.5650
9665500	12234.7300
9666000	12234.6968
9666500	12234.6673
9667000	12234.7696
9667500	12234.7368
9668000	12234.7017
9668500	12234.6225
9669000	12234.5854
9669500	12234.5428
9670000	12234.6458
9670500	12234.6374
9671000	12234.7661
9671500	12234.6930
9672000	12234.5991
9672500	12234.6204
9673000	12234.5766
9673500	12234.6421
9674000	12234.6847
9674500	12234.6721
9675000	12234.7321
9675500	12234.7171
9676000	12234.8075
9676500	12234.8671
9677000	12234.8528
9677500	12234.9007
9678000	12234.9066
9678500	12234.8966
9679000	12235.0148
9679500	12234.9735
9680000	12235.0006
9680500	12234.9899
9681000	12235.0376
9681500	12234.8832
9682000	12234.8757
9682500	12235.0588
9683000	12235.0399
9683500	12234.8747
9684000	12234.7704
9684500	12234.8258
9685000	12234.8059
9685500	12234.7247
9686000	12234.6809
9686500	12234.7796
9687000	12234.7557
9687500	12234.8404
9688000	12234.8840
9688500	12234.7618
9689000	12234.7517
9689500	12234.7996
9690000	12234.7660
9690500	12234.7979
9691000	12234.7344
9691500	12234.8162
9692000	12234.8376
9692500	12234.8647
9693000	12234.7515
9693500	12234.7342
9694000	12234.7055
9694500	12234.8552
9695000	12234.8507
9695500	12234.9442
9696000	12234.9393
9696500	12234.9905
9697000	12235.0260
9697500	12234.9908
9698000	12235.0250
9698500	12235.0183
9699000	12234.9240
9699500	12234.8065
9700000	12234.8587
9700500	12234.8291
9701000	12234.8077
9701500	12234.8596
9702000	12234.8679
9702500	12234.9945
9703000	12234.9890
9703500	12234.9395
9704000	12235.0726
9704500	12235.0628
9705000	12235.0966
9705500	12235.2077
9706000	12235.2642
9706500	12235.1934
9707000	12235.2483
9707500	12235.1634
9708000	12235.2154
9708500	12235.2374
9709000	12235.2029
9709500	12235.2692
9710000	12235.2214
9710500	12235.3234
9711000	12235.2903
9711500	12235.3871
9712000	12235.3648
9712500	12235.4237
9713000	12235.4387
9713500	12235.5402
9714000	12235.4883
9714500	12235.5254
9715000	12235.4832
9715500	12235.5578
9716000	12235.5244
9716500	12235.5602
9717000	12235.5829
9717500	12235.5771
9718000	12235.4267
9718500	12235.4616
9719000	12235.4534
9719500	12235.4270
9720000	12235.1977
9720500	12235.0598
9721000	12235.0600
9721500	12235.0382
9722000	12235.0751
9722500	12235.2492
9723000	12235.2974
9723500	12235.1935
9724000	12235.1806
9724500	12235.1442
9725000	12235.1994
9725500	12235.1969
9726000	12235.1249
9726500	12235.1308
9727000	12235.1016
9727500	12235.1621
9728000	12235.0577
9728500	12235.1812
9729000	12235.1317
9729500	12235.0257
9730000	12235.0031
9730500	12235.0478
9731000	12235.1814
9731500	12235.1090
9732000	12235.1896
9732500	12235.2838
9733000	12235.2145
9733500	12235.1604
9734000	12235.1882
9734500	12235.1211
9735000	12235.0908
9735500	12235.1667
9736000	12235.2780
9736500	12235.2732
9737000	12235.3683
9737500	12235.2817
9738000	12235.3045
9738500	12235.2969
9739000	12235.3493
9739500	12235.4088
9740000	12235.4963
9740500	12235.4594
9741000	12235.3276
9741500	12235.2714
9742000	12235.3221
9742500	12235.3728
9743000	12235.3972
9743500	12235.4749
9744000	12235.4512
9744500	12235.4278
9745000	12235.3482
9745500	12235.4031
9746000	12235.3583
9746500	12235.3204
9747000	12235.3671
9747500	12235.2001
9748000	12235.1417
9748500	12235.1893
9749000	12235.2514
9749500	12235.2737
9750000	12235.1868
9750500	12235.3361
9751000	12235.3065
9751500	12235.1525
9752000	12235.2039
9752500	12235.1490
9753000	12235.2111
9753500	12235.2174
9754000	12235.1796
9754500	12235.1016
9755000	12235.0930
9755500	12235.0643
9756000	12235.1750
9756500	12235.1632
9757000	12235.1779
9757500	12235.0471
9758000	12235.0197
9758500	12235.0696
9759000	12235.0658
9759500	12235.1057
9760000	12235.1093
9760500	12235.0506
9761000	12235.1054
9761500	12235.0586
9762000	12235.0154
9762500	12234.9699
9763000	12235.0581
9763500	12235.0164
9764000	12235.0613
9764500	12235.1112
9765000	12235.1575
9765500	12235.1467
9766000	12235.1278
9766500	12235.0858
9767000	12235.1528
9767500	12235.1141
9768000	12234.9686
9768500	12234.8698
9769000	12234.8363
9769500	12234.9864
9770000	12234.9022
9770500	12234.9238
9771000	12234.9218
9771500	12235.0281
9772000	12234.9975
9772500	12235.0362
9773000	12235.0309
9773500	12235.0384
9774000	12234.9854
9774500	12234.9508
9775000	12234.9388
9775500	12234.9373
9776000	12235.0650
9776500	12235.0470
9777000	12235.0807
9777500	12234.9989
9778000	12234.9797
9778500	12234.8986
9779000	12234.9667
9779500	12235.0687
9780000	12234.9187
9780500	12234.9231
9781000	12234.9220
9781500	12234.9968
9782000	12235.1469
9782500	12235.0785
9783000	12234.9825
9783500	12235.0140
9784000	12235.0671
9784500	12235.0051
9785000	12234.9829
9785500	12234.9495
9786000	12234.9597
9786500	12235.0842
9787000	12235.1059
9787500	12234.9757
9788000	12235.0278
9788500	12234.9381
9789000	12234.9801
9789500	12235.0203
9790000	12235.0527
9790500	12235.0305
9791000	12235.0741
9791500	12235.1123
9792000	12235.0524
9792500	12235.1052
9793000	12235.1722
9793500	12235.1763
9794000	12235.1561
9794500	12235.1377
9795000	12235.2372
9795500	12235.1200
9796000	12235.1337
9796500	12235.1106
9797000	12235.1627
9797500	12235.3360
9798000	12235.3288
9798500	12235.3561
9799000	12235.2815
9799500	12235.2683
9800000	12235.2194
9800500	12235.1748
9801000	12235.2451
9801500	12235.2646
9802000	12235.1709
9802500	12235.3103
9803000	12235.3589
9803500	12235.2653
9804000	12235.1780
9804500	12235.0991
9805000	12235.1319
9805500	12235.1013
9806000	12235.0373
9806500	12235.1709
9807000	12235.1080
9807500	12235.1825
9808000	12235.1892
9808500	12235.2500
9809000	12235.2981
9809500	12235.3630
9810000	12235.3554
9810500	12235.3951
9811000	12235.4664
9811500	12235.4767
9812000	12235.2826
9812500	12235.2339
9813000	12235.1946
9813500	12235.1535
9814000	12235.1497
9814500	12235.1925
9815000	12235.1018
9815500	12235.0042
9816000	12234.9059
9816500	12234.8932
9817000	12234.9328
9817500	12234.9656
9818000	12235.0081
9818500	12234.9746
9819000	12235.0055
9819500	12235.0558
9820000	12235.1211
9820500	12235.2036
9821000	12235.1728
9821500	12235.2479
9822000	12235.2297
9822500	12235.2862
9823000	12235.3091
9823500	12235.3724
9824000	12235.3034
9824500	12235.3886
9825000	12235.3686
9825500	12235.3891
9826000	12235.3445
9826500	12235.2952
9827000	12235.2841
9827500	12235.2596
9828000	12235.3670
9828500	12235.3669
9829000	12235.4450
9829500	12235.5144
9830000	12235.5299
9830500	12235.4802
9831000	12235.4262
9831500	12235.5031
9832000	12235.6620
9832500	12235.7149
9833000	12235.6699
9833500	12235.6974
9834000	12235.6306
9834500	12235.6959
9835000	12235.7461
9835500	12235.9261
9836000	12235.8907
9836500	12235.8904
9837000	12235.9249
9837500	12235.9310
9838000	12235.8534
9838500	12235.8771
9839000	12235.9352
9839500	12236.0351
9840000	12236.0692
9840500	12236.1528
9841000	12236.1704
9841500	12236.1462
9842000	12236.1710
9842500	12236.1967
9843000	12236.1185
9843500	12236.2171
9844000	12236.1598
9844500	12236.1218
9845000	12236.1741
9845500	12236.1401
9846000	12236.0602
9846500	12236.0657
9847000	12236.1815
9847500	12236.1271
9848000	12236.2013
9848500	12236.2188
9849000	12236.2714
9849500	12236.2237
9850000	12236.1723
9850500	12236.1316
9851000	12236.1585
9851500	12236.0799
9852000	12236.0172
9852500	12235.8483
9853000	12235.8730
9853500	12235.8699
9854000	12235.8938
9854500	12235.9124
9855000	12235.9129
9855500	12235.9934
9856000	12235.8893
9856500	12235.8774
9857000	12235.7152
9857500	12235.6217
9858000	12235.6163
9858500	12235.6421
9859000	12235.4942
9859500	12235.5078
9860000	12235.5115
9860500	12235.5590
9861000	12235.5224
9861500	12235.4974
9862000	12235.4027
9862500	12235.3475
9863000	12235.5444
9863500	12235.4776
9864000	12235.4156
9864500	12235.3980
9865000	12235.4100
9865500	12235.3875
9866000	12235.3887
9866500	12235.4037
9867000	12235.4618
9867500	12235.4943
9868000	12235.5651
9868500	12235.6511
9869000	12235.5796
9869500	12235.6551
9870000	12235.7175
9870500	12235.5826
9871000	12235.6819
9871500	12235.5886
9872000	12235.6327
9872500	12235.6293
9873000	12235.7650
9873500	12235.6989
9874000	12235.6882
9874500	12235.6857
9875000	12235.6946
9875500	12235.7597
9876000	12235.8467
9876500	12235.8996
9877000	12235.8468
9877500	12235.8211
9878000	12235.8171
9878500	12235.9033
9879000	12235.9193
9879500	12235.9463
9880000	12235.8744
9880500	12235.8954
9881000	12235.9392
9881500	12235.8831
9882000	12235.7777
9882500	12235.8376
9883000	12235.8201
9883500	12235.8937
9884000	12236.0189
9884500	12235.9640
9885000	12236.0083
9885500	12235.9763
9886000	12236.0095
9886500	12236.0228
9887000	12236.0678
9887500	12236.0017
9888000	12236.0636
9888500	12236.0957
9889000	12236.1464
9889500	12236.1347
9890000	12236.1541
9890500	12236.0842
9891000	12236.0621
9891500	12236.0435
9892000	12235.9318
9892500	12235.9443
9893000	12235.9500
9893500	12235.9229
9894000	12235.9020
9894500	12235.9201
9895000	12235.9992
9895500	12235.9933
9896000	12235.8907
9896500	12235.9034
9897000	12235.8668
9897500	12235.8039
9898000	12235.7804
9898500	12235.8199
9899000	12235.8559
9899500	12235.8965
9900000	12235.9133
9900500	12235.9571
9901000	12235.9613
9901500	12236.0186
9902000	12235.9165
9902500	12235.9145
9903000	12235.8809
9903500	12235.8043
9904000	12235.8920
9904500	12235.8928
9905000	12235.8530
9905500	12235.9532
9906000	12235.9818
9906500	12236.0361
9907000	12236.1377
9907500	12236.0830
9908000	12236.1655
9908500	12236.1950
9909000	12236.2492
9909500	12236.2608
9910000	12236.2691
9910500	12236.3155
9911000	12236.3440
9911500	12236.3319
9912000	12236.3338
9912500	12236.2957
9913000	12236.3667
9913500	12236.3760
9914000	12236.4085
9914500	12236.4624
9915000	12236.3791
9915500	12236.2512
9916000	12236.2195
9916500	12236.1939
9917000	12236.2364
9917500	12236.2789
9918000	12236.2765
9918500	12236.2075
9919000	12236.2379
9919500	12236.1863
9920000	12236.2924
9920500	12236.3518
9921000	12236.2727
9921500	12236.3174
9922000	12236.3647
9922500	12236.3265
9923000	12236.3607
9923500	12236.2786
9924000	12236.3146
9924500	12236.3062
9925000	12236.3791
9925500	12236.3755
9926000	12236.4072
9926500	12236.3122
9927000	12236.1539
9927500	12236.2130
9928000	12236.2585
9928500	12236.3411
9929000	12236.3119
9929500	12236.3118
9930000	12236.3063
9930500	12236.2635
9931000	12236.2544
9931500	12236.3108
9932000	12236.2995
9932500	12236.3329
9933000	12236.3469
9933500	12236.3711
9934000	12236.4248
9934500	12236.4245
9935000	12236.5106
9935500	12236.4754
9936000	12236.4405
9936500	12236.4434
9937000	12236.3319
9937500	12236.2661
9938000	12236.3344
9938500	12236.2122
9939000	12236.1250
9939500	12236.1008
9940000	12236.0422
9940500	12235.9737
9941000	12235.9312
9941500	12236.0264
9942000	12235.9330
9942500	12235.9252
9943000	12235.9112
9943500	12236.0287
9944000	12236.0598
9944500	12236.1207
9945000	12236.1223
9945500	12236.1519
9946000	12236.2320
9946500	12236.2768
9947000	12236.2685
9947500	12236.2519
9948000	12236.2369
9948500	12236.1818
9949000	12236.2411
9949500	12236.2254
9950000	12236.1343
9950500	12236.0821
9951000	12236.2100
9951500	12236.2789
9952000	12236.2661
9952500	12236.2524
9953000	12236.2454
9953500	12236.1640
9954000	12236.1829
9954500	12236.1109
9955000	12236.0896
9955500	12236.1217
9956000	12236.1883
9956500	12236.1575
9957000	12236.2364
9957500	12236.3705
9958000	12236.3701
9958500	12236.3659
9959000	12236.3312
9959500	12236.2313
9960000	12236.3025
9960500	12236.3420
9961000	12236.4063
9961500	12236.3904
9962000	12236.3981
9962500	12236.2991
9963000	12236.3966
9963500	12236.3884
9964000	12236.3262
9964500	12236.2609
9965000	12236.2184
9965500	12236.1797
9966000	12236.2164
9966500	12236.2149
9967000	12236.3710
9967500	12236.3326
9968000	12236.3729
9968500	12236.3107
9969000	12236.2493
9969500	12236.2677
9970000	12236.3353
9970500	12236.2408
9971000	12236.1320
9971500	12236.1938
9972000	12236.2614
9972500	12236.2149
9973000	12236.1637
9973500	12236.2159
9974000	12236.2730
9974500	12236.3486
9975000	12236.3135
9975500	12236.3548
9976000	12236.3170
9976500	12236.3704
9977000	12236.3189
9977500	12236.4070
9978000	12236.3571
9978500	12236.2034
9979000	12236.1629
9979500	12236.1918
9980000	12236.1849
9980500	12236.2227
9981000	12236.2002
9981500	12236.1773
9982000	12236.2605
9982500	12236.2995
9983000	12236.4174
9983500	12236.3886
9984000	12236.4550
9984500	12236.5108
9985000	12236.4331
9985500	12236.4670
9986000	12236.4397
9986500	12236.4342
9987000	12236.3821
9987500	12236.3485
9988000	12236.4303
9988500	12236.5105
9989000	12236.4295
9989500	12236.4714
9990000	12236.5446
9990500	12236.5180
9991000	12236.4210
9991500	12236.3543
9992000	12236.4187
9992500	12236.4930
9993000	12236.4937
9993500	12236.5695
9994000	12236.6071
9994500	12236.6709
9995000	12236.6450
9995500	12236.6978
9996000	12236.6428
9996500	12236.7664
9997000	12236.8333
9997500	12236.9181
9998000	12236.7891
9998500	12236.8631
9999000	12236.8821
9999500	12236.9057
10000000	12236.7542
10000500	12236.8308
10001000	12236.8199
10001500	12236.8617
10002000	12236.9513
10002500	12236.9773
10003000	12236.8196
10003500	12236.9387
10004000	12236.9908
10004500	12237.1073
10005000	12237.0259
10005500	12237.0087
10006000	12236.9770
10006500	12236.9470
10007000	12237.0423
10007500	12237.0318
10008000	12237.1312
10008500	12237.0317
10009000	12236.9890
10009500	12237.0937
10010000	12237.0721
10010500	12236.9502
10011000	12236.9851
10011500	12236.9720
10012000	12237.0120
10012500	12237.0706
10013000	12237.0528
10013500	12237.1048
10014000	12237.0226
10014500	12236.8585
10015000	12236.9050
10015500	12236.9597
10016000	12236.9767
10016500	12236.9385
10017000	12236.8219
10017500	12236.8359
10018000	12236.7520
10018500	12236.8007
10019000	12236.6519
10019500	12236.6236
10020000	12236.7777
10020500	12236.8370
10021000	12236.8375
10021500	12236.7912
10022000	12236.8055
10022500	12236.7743
10023000	12236.8276
10023500	12236.7648
10024000	12236.7469
10024500	12236.6436
10025000	12236.7273
10025500	12236.6908
10026000	12236.6545
10026500	12236.6862
10027000	12236.6121
10027500	12236.6271
10028000	12236.5976
10028500	12236.5371
10029000	12236.3242
10029500	12236.4018
10030000	12236.2754
10030500	12236.3012
10031000	12236.3053
10031500	12236.3149
10032000	12236.2907
10032500	12236.3081
10033000	12236.3218
10033500	12236.2606
10034000	12236.2205
10034500	12236.1941
10035000	12236.2571
10035500	12236.2204
10036000	12236.1993
10036500	12236.1844
10037000	12236.2091
10037500	12236.1038
10038000	12236.0335
10038500	12235.9737
10039000	12236.0475
10039500	12236.0268
10040000	12236.0461
10040500	12236.0036
10041000	12236.1132
10041500	12236.1295
10042000	12236.0611
10042500	12236.0204
10043000	12236.1536
10043500	12236.0595
10044000	12236.0861
10044500	12236.1521
10045000	12236.0760
10045500	12236.2327
10046000	12236.2119
10046500	12236.2049
10047000	12236.2199
10047500	12236.2727
10048000	12236.4046
10048500	12236.3993
10049000	12236.3683
10049500	12236.3958
10050000	12236.3976
10050500	12236.4910
10051000	12236.5217
10051500	12236.4330
10052000	12236.3734
10052500	12236.3027
10053000	12236.1922
10053500	12236.1797
10054000	12236.1382
10054500	12236.1538
10055000	12236.1807
10055500	12236.0597
10056000	12235.9587
10056500	12235.9617
10057000	12235.8508
10057500	12235.9140
10058000	12235.9340
10058500	12235.8594
10059000	12235.7769
10059500	12235.7879
10060000	12235.8491
10060500	12235.7450
10061000	12235.7016
10061500	12235.7160
10062000	12235.7379
10062500	12235.7529
10063000	12235.7299
10063500	12235.7142
10064000	12235.7796
10064500	12235.7773
10065000	12235.8758
10065500	12235.8825
10066000	12235.8489
10066500	12235.7985
10067000	12235.8599
10067500	12235.9004
10068000	12235.9945
10068500	12235.9607
10069000	12235.9581
10069500	12236.0016
10070000	12236.1616
10070500	12236.0897
10071000	12236.1077
10071500	12236.1435
10072000	12236.2050
10072500	12236.2404
10073000	12236.3059
10073500	12236.2406
10074000	12236.2818
10074500	12236.3663
10075000	12236.3149
10075500	12236.4320
10076000	12236.4158
10076500	12236.3336
10077000	12236.4001
10077500	12236.4912
10078000	12236.5563
10078500	12236.6325
10079000	12236.7450
10079500	12236.7658
10080000	12236.7011
10080500	12236.7207
10081000	12236.7170
10081500	12236.7020
10082000	12236.6551
10082500	12236.7172
10083000	12236.7307
10083500	12236.7646
10084000	12236.7331
10084500	12236.6822
10085000	12236.7017
10085500	12236.8007
10086000	12236.7736
10086500	12236.7567
10087000	12236.7052
10087500	12236.7073
10088000	12236.7706
10088500	12236.8266
10089000	12236.8304
10089500	12236.9635
10090000	12237.0982
10090500	12237.1024
10091000	12237.2512
10091500	12237.3192
10092000	12237.2674
10092500	12237.1953
10093000	12237.1573
10093500	12237.1592
10094000	12237.1167
10094500	12237.1823
10095000	12237.2377
10095500	12237.2342
10096000	12237.2033
10096500	12237.1342
10097000	12237.1712
10097500	12237.1325
10098000	12237.2111
10098500	12237.1566
10099000	12237.0352
10099500	12237.0823
10100000	12237.1798
10100500	12237.1726
10101000	12237.1525
10101500	12237.1211
10102000	12237.1664
10102500	12237.1898
10103000	12237.2704
10103500	12237.3251
10104000	12237.2372
10104500	12237.3203
10105000	12237.3345
10105500	12237.1082
10106000	12237.1216
10106500	12237.1409
10107000	12237.1642
10107500	12237.1480
10108000	12237.1849
10108500	12237.1272
10109000	12237.2081
10109500	12237.2067
10110000	12237.1923
10110500	12237.2119
10111000	12237.2950
10111500	12237.3464
10112000	12237.3053
10112500	12237.4141
10113000	12237.3806
10113500	12237.4487
10114000	12237.4164
10114500	12237.4328
10115000	12237.4272
10115500	12237.4707
10116000	12237.5416
10116500	12237.5560
10117000	12237.5137
10117500	12237.5387
10118000	12237.6049
10118500	12237.6086
10119000	12237.5851
10119500	12237.5830
10120000	12237.6559
10120500	12237.5530
10121000	12237.4711
10121500	12237.4143
10122000	12237.4824
10122500	12237.5840
10123000	12237.6274
10123500	12237.7471
10124000	12237.7192
10124500	12237.6356
10125000	12237.5450
10125500	12237.5791
10126000	12237.6206
10126500	12237.6560
10127000	12237.7562
10127500	12237.7798
10128000	12237.7994
10128500	12237.8419
10129000	12237.7326
10129500	12237.6983
10130000	12237.7040
10130500	12237.6818
10131000	12237.6631
10131500	12237.7340
10132000	12237.7347
10132500	12237.7300
10133000	12237.5486
10133500	12237.5321
10134000	12237.5918
10134500	12237.6643
10135000	12237.6447
10135500	12237.5863
10136000	12237.5097
10136500	12237.4138
10137000	12237.4961
10137500	12237.5531
10138000	12237.5678
10138500	12237.6723
10139000	12237.5687
10139500	12237.5697
10140000	12237.5405
10140500	12237.5597
10141000	12237.5247
10141500	12237.6760
10142000	12237.7124
10142500	12237.6101
10143000	12237.6406
10143500	12237.6785
10144000	12237.6715
10144500	12237.6374
10145000	12237.6016
10145500	12237.7118
10146000	12237.5860
10146500	12237.4402
10147000	12237.5454
10147500	12237.6418
10148000	12237.7216
10148500	12237.6710
10149000	12237.6817
10149500	12237.6057
10150000	12237.6755
10150500	12237.6044
10151000	12237.5586
10151500	12237.4626
10152000	12237.3999
10152500	12237.3245
10153000	12237.3357
10153500	12237.4448
10154000	12237.4833
10154500	12237.5459
10155000	12237.5184
10155500	12237.5529
10156000	12237.5451
10156500	12237.5455
10157000	12237.5325
10157500	12237.5913
10158000	12237.5526
10158500	12237.4844
10159000	12237.5861
10159500	12237.4896
10160000	12237.5037
10160500	12237.5132
10161000	12237.4961
10161500	12237.4101
10162000	12237.4111
10162500	12237.3667
10163000	12237.4702
10163500	12237.5211
10164000	12237.5435
10164500	12237.6779
10165000	12237.6009
10165500	12237.6222
10166000	12237.5883
10166500	12237.6061
10167000	12237.7540
10167500	12237.6279
10168000	12237.6506
10168500	12237.6077
10169000	12237.6489
10169500	12237.6678
10170000	12237.5357
10170500	12237.4990
10171000	12237.5461
10171500	12237.5618
10172000	12237.5665
10172500	12237.6064
10173000	12237.6268
10173500	12237.5694
10174000	12237.4741
10174500	12237.4572
10175000	12237.4511
10175500	12237.4859
10176000	12237.4843
10176500	12237.5349
10177000	12237.6108
10177500	12237.5727
10178000	12237.5613
10178500	12237.4822
10179000	12237.4584
10179500	12237.4953
10180000	12237.4817
10180500	12237.4699
10181000	12237.5386
10181500	12237.5781
10182000	12237.6011
10182500	12237.6026
10183000	12237.6089
10183500	12237.7425
10184000	12237.7159
10184500	12237.7223
10185000	12237.6873
10185500	12237.6707
10186000	12237.6426
10186500	12237.5903
10187000	12237.6073
10187500	12237.7166
10188000	12237.6645
10188500	12237.8154
10189000	12237.7491
10189500	12237.6930
10190000	12237.6289
10190500	12237.5112
10191000	12237.4650
10191500	12237.5394
10192000	12237.4715
10192500	12237.4082
10193000	12237.3148
10193500	12237.2246
10194000	12237.2043
10194500	12237.2377
10195000	12237.3008
10195500	12237.2206
10196000	12237.2095
10196500	12237.2222
10197000	12237.1720
10197500	12237.1020
10198000	12237.1278
10198500	12237.0858
10199000	12237.1284
10199500	12237.1755
10200000	12237.1303
10200500	12237.0472
10201000	12237.0429
10201500	12237.1022
10202000	12237.0944
10202500	12237.1099
10203000	12237.0770
10203500	12236.9658
10204000	12236.8793
10204500	12236.9834
10205000	12237.0131
10205500	12236.9743
10206000	12237.0752
10206500	12237.0776
10207000	12236.9895
10207500	12236.9781
10208000	12237.0617
10208500	12237.0021
10209000	12237.0523
10209500	12237.1163
10210000	12237.1710
10210500	12237.2596
10211000	12237.2933
10211500	12237.2628
10212000	12237.2202
10212500	12237.1939
10213000	12237.1670
10213500	12237.2891
10214000	12237.2902
10214500	12237.2628
10215000	12237.3577
10215500	12237.2663
10216000	12237.2903
10216500	12237.1749
10217000	12237.0288
10217500	12237.0512
10218000	12236.8624
10218500	12236.7145
10219000	12236.6764
10219500	12236.6882
10220000	12236.6711
10220500	12236.6477
10221000	12236.7028
10221500	12236.6390
10222000	12236.7470
10222500	12236.8055
10223000	12236.7966
10223500	12236.8650
10224000	12236.9541
10224500	12237.0270
10225000	12237.0768
10225500	12237.1394
10226000	12236.9100
10226500	12236.8582
10227000	12236.8966
10227500	12236.9669
10228000	12236.7569
10228500	12236.8223
10229000	12236.8498
10229500	12236.8444
10230000	12236.8384
10230500	12236.8176
10231000	12236.8635
10231500	12236.9051
10232000	12236.9381
10232500	12236.9625
10233000	12236.9394
10233500	12236.9010
10234000	12236.8330
10234500	12236.7468
10235000	12236.8156
10235500	12236.8441
10236000	12236.8825
10236500	12236.9281
10237000	12236.9508
10237500	12237.0819
10238000	12237.0123
10238500	12236.9557
10239000	12237.0173
10239500	12237.0841
10240000	12237.0642
10240500	12237.1334
10241000	12237.1140
10241500	12237.1873
10242000	12237.2169
10242500	12237.1409
10243000	12237.1473
10243500	12237.0110
10244000	12236.9585
10244500	12236.9450
10245000	12236.9530
10245500	12236.9531
10246000	12237.0234
10246500	12237.0555
10247000	12237.0069
10247500	12237.0766
10248000	12237.0741
10248500	12236.9558
10249000	12236.9771
10249500	12236.8570
10250000	12236.8098
10250500	12236.7894
10251000	12236.8979
10251500	12236.8867
10252000	12236.9227
10252500	12236.8020
10253000	12236.7988
10253500	12236.7842
10254000	12236.7203
10254500	12236.7406
10255000	12236.7712
10255500	12236.7243
10256000	12236.6611
10256500	12236.7605
10257000	12236.7621
10257500	12236.6568
10258000	12236.5993
10258500	12236.5842
10259000	12236.6929
10259500	12236.7733
10260000	12236.7647
10260500	12236.7522
10261000	12236.7209
10261500	12236.7421
10262000	12236.8553
10262500	12236.9202
10263000	12236.8550
10263500	12236.9132
10264000	12236.8888
10264500	12236.8738
10265000	12236.8508
10265500	12236.8540
10266000	12236.9164
10266500	12236.9579
10267000	12237.0772
10267500	12237.1003
10268000	12237.1346
10268500	12237.1450
10269000	12237.0573
10269500	12237.1025
10270000	12237.1211
10270500	12237.0954
10271000	12237.1676
10271500	12237.1879
10272000	12237.2329
10272500	12237.2858
10273000	12237.3288
10273500	12237.4851
10274000	12237.5822
10274500	12237.4401
10275000	12237.4437
10275500	12237.5331
10276000	12237.5556
10276500	12237.5095
10277000	12237.3837
10277500	12237.3510
10278000	12237.4023
10278500	12237.3962
10279000	12237.4050
10279500	12237.4201
10280000	12237.2406
10280500	12237.1802
10281000	12237.2223
10281500	12237.2863
10282000	12237.1817
10282500	12237.2282
10283000	12237.3106
10283500	12237.3096
10284000	12237.2682
10284500	12237.1954
10285000	12237.1871
10285500	12237.2127
10286000	12237.2762
10286500	12237.4363
10287000	12237.4021
10287500	12237.3203
10288000	12237.2851
10288500	12237.2158
10289000	12237.2927
10289500	12237.2562
10290000	12237.2670
10290500	12237.2380
10291000	12237.2441
10291500	12237.3449
10292000	12237.3500
10292500	12237.2764
10293000	12237.3365
10293500	12237.2635
10294000	12237.2618
10294500	12237.3402
10295000	12237.2417
10295500	12237.1749
10296000	12237.1930
10296500	12237.2368
10297000	12237.3097
10297500	12237.2844
10298000	12237.3717
10298500	12237.2943
10299000	12237.2926
10299500	12237.2826
10300000	12237.3286
10300500	12237.3508
10301000	12237.2956
10301500	12237.3839
10302000	12237.3750
10302500	12237.4611
10303000	12237.4969
10303500	12237.4241
10304000	12237.3778
10304500	12237.3344
10305000	12237.3036
10305500	12237.2640
10306000	12237.3281
10306500	12237.2951
10307000	12237.2468
10307500	12237.3210
10308000	12237.3695
10308500	12237.2183
10309000	12237.0523
10309500	12237.1092
10310000	12237.0250
10310500	12237.1330
10311000	12237.1128
10311500	12237.1647
10312000	12237.2106
10312500	12237.3461
10313000	12237.3350
10313500	12237.3171
10314000	12237.3347
10314500	12237.3863
10315000	12237.4079
10315500	12237.4683
10316000	12237.4591
10316500	12237.4331
10317000	12237.3729
10317500	12237.3372
10318000	12237.3351
10318500	12237.2841
10319000	12237.1841
10319500	12237.1680
10320000	12237.2341
10320500	12237.2388
10321000	12237.2750
10321500	12237.2188
10322000	12237.2146
10322500	12237.0157
10323000	12236.9908
10323500	12236.9876
10324000	12237.0688
10324500	12237.1616
10325000	12237.1668
10325500	12237.2850
10326000	12237.3434
10326500	12237.3002
10327000	12237.2153
10327500	12237.2984
10328000	12237.3701
10328500	12237.4002
10329000	12237.3964
10329500	12237.2841
10330000	12237.2981
10330500	12237.3466
10331000	12237.3680
10331500	12237.3340
10332000	12237.3150
10332500	12237.3298
10333000	12237.4672
10333500	12237.5118
10334000	12237.6635
10334500	12237.5504
10335000	12237.5124
10335500	12237.4973
10336000	12237.4402
10336500	12237.4631
10337000	12237.4915
10337500	12237.4251
10338000	12237.4666
10338500	12237.5130
10339000	12237.4707
10339500	12237.4383
10340000	12237.4562
10340500	12237.5724
10341000	12237.6503
10341500	12237.5988
10342000	12237.6297
10342500	12237.6572
10343000	12237.7107
10343500	12237.7159
10344000	12237.6811
10344500	12237.6318
10345000	12237.6601
10345500	12237.6890
10346000	12237.7558
10346500	12237.7410
10347000	12237.7284
10347500	12237.7378
10348000	12237.6194
10348500	12237.6213
10349000	12237.6729
10349500	12237.6343
10350000	12237.6237
10350500	12237.5072
10351000	12237.4146
10351500	12237.3075
10352000	12237.2869
10352500	12237.2892
10353000	12237.4006
10353500	12237.3831
10354000	12237.3954
10354500	12237.3491
10355000	12237.4396
10355500	12237.3843
10356000	12237.3658
10356500	12237.4529
10357000	12237.4173
10357500	12237.4696
10358000	12237.4672
10358500	12237.4345
10359000	12237.4364
10359500	12237.3833
10360000	12237.3544
10360500	12237.3567
10361000	12237.2859
10361500	12237.2970
10362000	12237.3658
10362500	12237.3454
10363000	12237.2787
10363500	12237.3113
10364000	12237.2180
10364500	12237.2919
10365000	12237.1325
10365500	12237.0914
10366000	12237.1565
10366500	12237.2107
10367000	12237.2339
10367500	12237.4055
10368000	12237.4170
10368500	12237.5207
10369000	12237.5435
10369500	12237.4458
10370000	12237.3629
10370500	12237.3858
10371000	12237.4195
10371500	12237.5318
10372000	12237.5446
10372500	12237.5318
10373000	12237.5699
10373500	12237.5624
10374000	12237.5227
10374500	12237.5399
10375000	12237.6482
10375500	12237.7700
10376000	12237.6753
10376500	12237.6964
10377000	12237.6181
10377500	12237.6159
10378000	12237.6070
10378500	12237.6563
10379000	12237.5670
10379500	12237.6841
10380000	12237.7319
10380500	12237.7557
10381000	12237.7671
10381500	12237.7942
10382000	12237.8658
10382500	12237.8180
10383000	12237.9259
10383500	12237.9033
10384000	12237.8766
10384500	12237.8846
10385000	12237.8497
10385500	12237.8558
10386000	12237.7469
10386500	12237.6285
10387000	12237.6425
10387500	12237.7087
10388000	12237.7588
10388500	12237.7542
10389000	12237.7392
10389500	12237.7458
10390000	12237.7905
10390500	12237.6434
10391000	12237.5913
10391500	12237.5657
10392000	12237.6812
10392500	12237.7594
10393000	12237.8036
10393500	12237.8277
10394000	12237.8453
10394500	12237.7934
10395000	12237.6915
10395500	12237.7507
10396000	12237.7698
10396500	12237.6689
10397000	12237.5656
10397500	12237.5132
10398000	12237.4583
10398500	12237.3717
10399000	12237.3797
10399500	12237.4264
10400000	12237.4817
10400500	12237.3799
10401000	12237.5398
10401500	12237.4942
10402000	12237.4580
10402500	12237.3959
10403000	12237.3734
10403500	12237.4269
10404000	12237.3877
10404500	12237.3735
10405000	12237.4035
10405500	12237.4686
10406000	12237.4651
10406500	12237.5881
10407000	12237.5197
10407500	12237.5861
10408000	12237.4825
10408500	12237.3959
10409000	12237.4629
10409500	12237.5053
10410000	12237.6596
10410500	12237.6610
10411000	12237.6509
10411500	12237.5540
10412000	12237.4395
10412500	12237.5029
10413000	12237.4665
10413500	12237.4922
10414000	12237.4068
10414500	12237.3443
10415000	12237.3700
10415500	12237.3291
10416000	12237.3182
10416500	12237.2814
10417000	12237.3291
10417500	12237.3275
10418000	12237.3667
10418500	12237.3871
10419000	12237.4590
10419500	12237.3337
10420000	12237.3571
10420500	12237.3061
10421000	12237.3322
10421500	12237.3053
10422000	12237.3597
10422500	12237.2835
10423000	12237.2809
10423500	12237.3566
10424000	12237.3738
10424500	12237.4360
10425000	12237.4192
10425500	12237.4035
10426000	12237.3836
10426500	12237.4599
10427000	12237.5554
10427500	12237.5944
10428000	12237.5568
10428500	12237.6005
10429000	12237.6766
10429500	12237.6949
10430000	12237.6392
10430500	12237.6350
10431000	12237.7041
10431500	12237.7608
10432000	12237.7466
10432500	12237.8023
10433000	12237.6656
10433500	12237.6736
10434000	12237.7193
10434500	12237.7547
10435000	12237.7577
10435500	12237.8099
10436000	12237.8272
10436500	12237.8081
10437000	12237.7099
10437500	12237.6960
10438000	12237.7540
10438500	12237.8649
10439000	12237.8860
10439500	12237.9088
10440000	12238.0383
10440500	12237.9877
10441000	12237.8912
10441500	12237.7175
10442000	12237.6417
10442500	12237.7395
10443000	12237.7755
10443500	12237.8424
10444000	12237.8513
10444500	12237.8549
10445000	12237.9231
10445500	12237.8229
10446000	12237.7310
10446500	12237.7198
10447000	12237.7668
10447500	12237.6527
10448000	12237.6653
10448500	12237.7285
10449000	12237.6381
10449500	12237.5767
10450000	12237.4956
10450500	12237.5423
10451000	12237.4871
10451500	12237.5097
10452000	12237.5583
10452500	12237.5687
10453000	12237.7255
10453500	12237.6748
10454000	12237.6606
10454500	12237.7110
10455000	12237.6956
10455500	12237.7496
10456000	12237.7582
10456500	12237.7180
10457000	12237.6419
10457500	12237.5468
10458000	12237.5151
10458500	12237.4949
10459000	12237.4203
10459500	12237.3753
10460000	12237.4304
10460500	12237.3857
10461000	12237.4384
10461500	12237.4851
10462000	12237.5647
10462500	12237.5025
10463000	12237.4357
10463500	12237.3992
10464000	12237.4538
10464500	12237.3564
10465000	12237.4259
10465500	12237.3212
10466000	12237.3816
10466500	12237.4417
10467000	12237.3399
10467500	12237.3482
10468000	12237.3183
10468500	12237.3180
10469000	12237.2542
10469500	12237.3181
10470000	12237.4126
10470500	12237.4334
10471000	12237.4786
10471500	12237.4476
10472000	12237.4713
10472500	12237.5021
10473000	12237.5682
10473500	12237.5287
10474000	12237.5651
10474500	12237.6083
10475000	12237.5504
10475500	12237.7006
10476000	12237.6582
10476500	12237.7260
10477000	12237.8690
10477500	12237.8960
10478000	12237.8810
10478500	12237.8296
10479000	12237.9328
10479500	12237.9457
10480000	12237.9481
10480500	12237.8664
10481000	12237.9761
10481500	12238.0569
10482000	12238.1112
10482500	12238.1088
10483000	12238.0729
10483500	12238.0209
10484000	12238.0071
10484500	12238.0295
10485000	12238.0976
10485500	12238.1163
10486000	12238.1418
10486500	12238.0632
10487000	12238.0085
10487500	12237.9862
10488000	12237.9228
10488500	12237.9760
10489000	12238.0356
10489500	12238.0309
10490000	12237.9718
10490500	12237.9370
10491000	12237.7722
10491500	12237.7750
10492000	12237.6883
10492500	12237.7277
10493000	12237.7794
10493500	12237.8226
10494000	12237.7078
10494500	12237.7804
10495000	12237.8019
10495500	12237.7425
10496000	12237.8019
10496500	12237.8199
10497000	12237.7870
10497500	12237.7965
10498000	12237.7589
10498500	12237.8547
10499000	12237.8917
10499500	12237.8737
10500000	12237.8254
10500500	12237.8730
10501000	12237.9498
10501500	12237.9657
10502000	12237.9066
10502500	12237.9358
10503000	12237.8148
10503500	12237.7664
10504000	12237.7100
10504500	12237.6591
10505000	12237.5973
10505500	12237.6767
10506000	12237.7213
10506500	12237.6181
10507000	12237.5973
10507500	12237.5775
10508000	12237.5900
10508500	12237.5792
10509000	12237.5033
10509500	12237.5948
10510000	12237.5942
10510500	12237.6380
10511000	12237.6203
10511500	12237.5935
10512000	12237.5721
10512500	12237.6003
10513000	12237.4666
10513500	12237.5261
10514000	12237.5271
10514500	12237.5333
10515000	12237.6784
10515500	12237.6533
10516000	12237.6833
10516500	12237.5868
10517000	12237.6007
10517500	12237.6609
10518000	12237.6329
10518500	12237.6646
10519000	12237.5429
10519500	12237.6014
10520000	12237.5893
10520500	12237.6041
10521000	12237.6050
10521500	12237.6932
10522000	12237.6894
10522500	12237.6115
10523000	12237.6292
10523500	12237.6427
10524000	12237.6912
10524500	12237.7985
10525000	12237.7888
10525500	12237.7660
10526000	12237.6620
10526500	12237.6757
10527000	12237.6757
10527500	12237.6585
10528000	12237.7885
10528500	12237.8061
10529000	12237.8007
10529500	12237.7481
10530000	12237.7893
10530500	12237.8198
10531000	12237.7284
10531500	12237.7135
10532000	12237.7852
10532500	12237.8260
10533000	12237.7851
10533500	12237.8008
10534000	12237.7353
10534500	12237.6494
10535000	12237.6634
10535500	12237.6230
10536000	12237.6353
10536500	12237.6081
10537000	12237.5732
10537500	12237.5586
10538000	12237.6023
10538500	12237.5365
10539000	12237.5516
10539500	12237.5302
10540000	12237.4762
10540500	12237.4715
10541000	12237.5876
10541500	12237.5805
10542000	12237.6630
10542500	12237.6484
10543000	12237.5846
10543500	12237.5075
10544000	12237.5486
10544500	12237.5183
10545000	12237.5629
10545500	12237.6660
10546000	12237.5871
10546500	12237.6814
10547000	12237.7812
10547500	12237.7272
10548000	12237.7360
10548500	12237.6040
10549000	12237.5990
10549500	12237.6447
10550000	12237.6589
10550500	12237.6431
10551000	12237.7369
10551500	12237.7078
10552000	12237.6842
10552500	12237.7889
10553000	12237.8260
10553500	12237.7906
10554000	12237.8004
10554500	12237.8454
10555000	12237.7564
10555500	12237.6463
10556000	12237.6013
10556500	12237.6445
10557000	12237.5652
10557500	12237.5644
10558000	12237.6188
10558500	12237.6278
10559000	12237.7548
10559500	12237.7211
10560000	12237.7034
10560500	12237.7564
10561000	12237.7969
10561500	12237.6708
10562000	12237.6103
10562500	12237.6545
10563000	12237.5855
10563500	12237.5532
10564000	12237.6217
10564500	12237.6630
10565000	12237.7115
10565500	12237.6139
10566000	12237.5607
10566500	12237.6008
10567000	12237.6779
10567500	12237.7487
10568000	12237.7738
10568500	12237.8412
10569000	12237.7342
10569500	12237.7202
10570000	12237.7087
10570500	12237.7687
10571000	12237.7475
10571500	12237.8510
10572000	12237.6595
10572500	12237.6707
10573000	12237.7043
10573500	12237.7431
10574000	12237.8300
10574500	12237.9366
10575000	12237.9829
10575500	12238.0272
10576000	12238.0404
10576500	12238.2124
10577000	12238.2596
10577500	12238.3070
10578000	12238.3114
10578500	12238.4257
10579000	12238.4247
10579500	12238.4367
10580000	12238.4231
10580500	12238.2971
10581000	12238.0663
10581500	12237.9674
10582000	12238.0712
10582500	12238.0493
10583000	12238.0044
10583500	12238.0580
10584000	12238.0983
10584500	12238.0858
10585000	12237.9858
10585500	12238.0283
10586000	12238.0884
10586500	12238.0572
10587000	12238.0368
10587500	12238.0558
10588000	12238.0565
10588500	12238.1162
10589000	12238.1649
10589500	12238.0072
10590000	12238.0522
10590500	12237.9898
10591000	12237.9321
10591500	12237.9323
10592000	12237.9032
10592500	12237.8968
10593000	12237.9936
10593500	12237.9286
10594000	12237.8765
10594500	12237.9661
10595000	12237.9841
10595500	12237.9870
10596000	12238.0031
10596500	12238.0242
10597000	12237.9086
10597500	12237.8888
10598000	12237.8940
10598500	12237.8265
10599000	12237.8504
10599500	12237.7604
10600000	12237.6977
10600500	12237.7338
10601000	12237.7495
10601500	12237.7069
10602000	12237.6221
10602500	12237.6426
10603000	12237.7016
10603500	12237.7826
10604000	12237.7668
10604500	12237.7253
10605000	12237.7376
10605500	12237.8434
10606000	12237.8675
10606500	12237.8755
10607000	12237.7896
10607500	12237.8013
10608000	12237.6619
10608500	12237.6972
10609000	12237.6790
10609500	12237.7477
10610000	12237.7752
10610500	12237.7461
10611000	12237.6598
10611500	12237.6463
10612000	12237.5147
10612500	12237.5233
10613000	12237.4876
10613500	12237.6047
10614000	12237.7288
10614500	12237.7096
10615000	12237.7641
10615500	12237.7240
10616000	12237.6610
10616500	12237.6738
10617000	12237.7112
10617500	12237.6492
10618000	12237.6843
10618500	12237.6709
10619000	12237.7103
10619500	12237.7568
10620000	12237.8222
10620500	12237.7785
10621000	12237.6813
10621500	12237.6357
10622000	12237.5901
10622500	12237.6264
10623000	12237.5541
10623500	12237.4689
10624000	12237.4494
10624500	12237.4059
10625000	12237.3678
10625500	12237.3826
10626000	12237.3371
10626500	12237.3436
10627000	12237.3643
10627500	12237.4045
10628000	12237.3801
10628500	12237.4069
10629000	12237.3866
10629500	12237.4105
10630000	12237.4143
10630500	12237.5272
10631000	12237.5070
10631500	12237.4924
10632000	12237.4714
10632500	12237.5311
10633000	12237.5484
10633500	12237.3871
10634000	12237.4863
10634500	12237.5409
10635000	12237.6050
10635500	12237.6546
10636000	12237.6895
10636500	12237.7212
10637000	12237.6714
10637500	12237.6877
10638000	12237.6854
10638500	12237.6137
10639000	12237.6609
10639500	12237.7311
10640000	12237.6903
10640500	12237.5728
10641000	12237.5652
10641500	12237.6554
10642000	12237.6394
10642500	12237.7165
10643000	12237.8011
10643500	12237.7844
10644000	12237.7372
10644500	12237.7655
10645000	12237.7066
10645500	12237.7244
10646000	12237.7296
10646500	12237.7489
10647000	12237.8360
10647500	12237.9274
10648000	12237.9438
10648500	12237.9878
10649000	12238.0809
10649500	12238.1682
10650000	12238.2783
10650500	12238.1685
10651000	12238.2130
10651500	12238.2358
10652000	12238.1770
10652500	12238.2625
10653000	12238.2266
10653500	12238.2548
10654000	12238.2358
10654500	12238.2489
10655000	12238.3373
10655500	12238.3826
10656000	12238.3199
10656500	12238.3214
10657000	12238.3638
10657500	12238.3879
10658000	12238.3805
10658500	12238.3676
10659000	12238.2998
10659500	12238.1570
10660000	12238.2922
10660500	12238.1725
10661000	12238.0830
10661500	12238.0177
10662000	12238.0197
10662500	12237.9872
10663000	12237.9812
10663500	12238.0448
10664000	12237.9707
10664500	12238.0808
10665000	12237.9984
10665500	12237.9643
10666000	12237.8947
10666500	12237.9706
10667000	12237.9745
10667500	12238.0558
10668000	12238.0474
10668500	12238.1171
10669000	12238.0551
10669500	12238.1081
10670000	12237.9991
10670500	12238.0261
10671000	12238.0668
10671500	12238.0600
10672000	12238.0932
10672500	12238.1035
10673000	12238.0378
10673500	12238.0718
10674000	12238.0407
10674500	12238.1021
10675000	12238.0077
10675500	12237.9334
10676000	12237.9331
10676500	12237.9219
10677000	12237.8724
10677500	12237.8109
10678000	12237.9378
10678500	12237.8376
10679000	12237.7737
10679500	12237.9689
10680000	12237.8438
10680500	12237.8853
10681000	12237.7822
10681500	12237.7750
10682000	12237.7432
10682500	12237.7603
10683000	12237.6580
10683500	12237.7130
10684000	12237.7447
10684500	12237.7001
10685000	12237.6583
10685500	12237.6991
10686000	12237.6183
10686500	12237.6746
10687000	12237.7082
10687500	12237.7088
10688000	12237.6591
10688500	12237.5887
10689000	12237.5964
10689500	12237.6652
10690000	12237.6059
10690500	12237.5722
10691000	12237.5227
10691500	12237.4081
10692000	12237.4908
10692500	12237.5620
10693000	12237.5446
10693500	12237.5541
10694000	12237.6584
10694500	12237.6621
10695000	12237.5712
10695500	12237.5592
10696000	12237.5135
10696500	12237.5722
10697000	12237.5215
10697500	12237.4601
10698000	12237.4771
10698500	12237.4929
10699000	12237.3859
10699500	12237.2364
10700000	12237.2160
10700500	12237.2127
10701000	12237.1724
10701500	12237.2201
10702000	12237.2374
10702500	12237.2188
10703000	12237.2256
10703500	12237.2178
10704000	12237.2769
10704500	12237.2596
10705000	12237.2189
10705500	12237.2467
10706000	12237.3374
10706500	12237.2196
10707000	12237.1820
10707500	12237.1674
10708000	12237.2150
10708500	12237.1683
10709000	12237.3056
10709500	12237.2491
10710000	12237.3082
10710500	12237.3376
10711000	12237.3636
10711500	12237.2552
10712000	12237.3486
10712500	12237.3972
10713000	12237.3941
10713500	12237.3164
10714000	12237.3205
10714500	12237.3078
10715000	12237.3202
10715500	12237.3055
10716000	12237.3123
10716500	12237.2848
10717000	12237.3236
10717500	12237.2482
10718000	12237.2776
10718500	12237.3226
10719000	12237.1723
10719500	12237.1266
10720000	12237.1253
10720500	12237.1761
10721000	12237.1774
10721500	12237.2323
10722000	12237.2433
10722500	12237.2422
10723000	12237.1282
10723500	12237.1020
10724000	12237.0900
10724500	12237.1156
10725000	12237.0529
10725500	12236.9413
10726000	12236.9939
10726500	12237.0490
10727000	12236.9184
10727500	12236.9206
10728000	12236.9579
10728500	12236.9702
10729000	12236.9300
10729500	12236.8745
10730000	12236.8071
10730500	12236.7975
10731000	12236.7448
10731500	12236.6915
10732000	12236.6030
10732500	12236.6700
10733000	12236.7408
10733500	12236.7227
10734000	12236.7417
10734500	12236.6604
10735000	12236.6375
10735500	12236.6254
10736000	12236.5995
10736500	12236.5189
10737000	12236.4711
10737500	12236.5202
10738000	12236.6153
10738500	12236.5747
10739000	12236.5439
10739500	12236.5376
10740000	12236.5807
10740500	12236.4590
10741000	12236.3698
10741500	12236.3332
10742000	12236.2755
10742500	12236.2772
10743000	12236.3359
10743500	12236.3014
10744000	12236.2880
10744500	12236.3133
10745000	12236.3304
10745500	12236.2981
10746000	12236.3114
10746500	12236.3199
10747000	12236.3842
10747500	12236.3875
10748000	12236.4024
10748500	12236.4333
10749000	12236.5785
10749500	12236.6429
10750000	12236.6271
10750500	12236.6302
10751000	12236.6479
10751500	12236.7025
10752000	12236.6585
10752500	12236.6444
10753000	12236.5893
10753500	12236.5783
10754000	12236.6080
10754500	12236.6652
10755000	12236.6063
10755500	12236.6593
10756000	12236.6995
10756500	12236.7133
10757000	12236.7512
10757500	12236.8081
10758000	12236.8588
10758500	12236.8158
10759000	12236.7623
10759500	12236.8370
10760000	12236.8001
10760500	12236.8055
10761000	12236.9004
10761500	12236.8541
10762000	12236.8488
10762500	12236.8319
10763000	12236.8098
10763500	12236.8372
10764000	12236.6904
10764500	12236.7714
10765000	12236.7273
10765500	12236.7218
10766000	12236.8422
10766500	12236.8519
10767000	12236.7601
10767500	12236.7211
10768000	12236.7992
10768500	12236.8268
10769000	12236.6537
10769500	12236.6206
10770000	12236.5419
10770500	12236.5606
10771000	12236.6483
10771500	12236.7550
10772000	12236.7366
10772500	12236.7513
10773000	12236.7126
10773500	12236.7434
10774000	12236.8357
10774500	12236.8061
10775000	12236.9191
10775500	12236.9678
10776000	12237.0384
10776500	12237.1141
10777000	12237.0472
10777500	12237.0055
10778000	12236.9378
10778500	12236.8549
10779000	12236.8796
10779500	12236.9852
10780000	12237.0148
10780500	12236.9109
10781000	12236.8396
10781500	12236.7470
10782000	12236.7830
10782500	12236.7637
10783000	12236.8326
10783500	12236.8118
10784000	12236.8400
10784500	12236.8650
10785000	12236.9831
10785500	12236.9268
10786000	12236.8487
10786500	12236.9254
10787000	12236.9403
10787500	12236.8346
10788000	12236.8345
10788500	12236.9334
10789000	12237.0245
10789500	12237.0303
10790000	12237.0671
10790500	12237.1259
10791000	12237.0912
10791500	12237.1211
10792000	12237.1364
10792500	12237.1979
10793000	12237.1492
10793500	12237.2263
10794000	12237.2750
10794500	12237.2563
10795000	12237.2767
10795500	12237.2636
10796000	12237.0219
10796500	12237.0105
10797000	12236.9965
10797500	12236.9922
10798000	12237.1146
10798500	12237.1750
10799000	12237.1756
10799500	12237.2076
10800000	12237.2317
10800500	12237.2830
10801000	12237.2651
10801500	12237.2317
10802000	12237.3912
10802500	12237.4044
10803000	12237.2958
10803500	12237.3055
10804000	12237.3401
10804500	12237.3032
10805000	12237.2979
10805500	12237.3861
10806000	12237.2896
10806500	12237.3536
10807000	12237.4552
10807500	12237.5087
10808000	12237.4778
10808500	12237.4939
10809000	12237.4753
10809500	12237.5302
10810000	12237.5681
10810500	12237.4819
10811000	12237.5899
10811500	12237.6431
10812000	12237.7897
10812500	12237.7139
10813000	12237.7620
10813500	12237.6170
10814000	12237.5128
10814500	12237.5102
10815000	12237.4236
10815500	12237.3743
10816000	12237.4693
10816500	12237.4290
10817000	12237.3043
10817500	12237.2442
10818000	12237.2983
10818500	12237.3835
10819000	12237.3538
10819500	12237.3854
10820000	12237.3365
10820500	12237.3425
10821000	12237.3448
10821500	12237.2239
10822000	12237.2581
10822500	12237.1941
10823000	12237.1825
10823500	12237.1753
10824000	12237.2623
10824500	12237.3010
10825000	12237.2531
10825500	12237.3234
10826000	12237.3249
10826500	12237.2454
10827000	12237.1984
10827500	12237.1674
10828000	12237.2443
10828500	12237.2704
10829000	12237.3726
10829500	12237.3990
10830000	12237.4079
10830500	12237.3979
10831000	12237.4503
10831500	12237.5446
10832000	12237.4890
10832500	12237.5422
10833000	12237.4793
10833500	12237.5541
10834000	12237.6356
10834500	12237.5681
10835000	12237.5591
10835500	12237.4776
10836000	12237.4903
10836500	12237.4797
10837000	12237.4798
10837500	12237.6786
10838000	12237.6573
10838500	12237.5395
10839000	12237.5054
10839500	12237.4397
10840000	12237.3637
10840500	12237.3217
10841000	12237.2946
10841500	12237.2575
10842000	12237.2662
10842500	12237.3958
10843000	12237.3938
10843500	12237.4069
10844000	12237.4245
10844500	12237.4556
10845000	12237.4749
10845500	12237.4565
10846000	12237.3935
10846500	12237.4595
10847000	12237.5328
10847500	12237.5937
10848000	12237.6416
10848500	12237.5582
10849000	12237.5596
10849500	12237.6017
10850000	12237.6145
10850500	12237.4658
10851000	12237.4078
10851500	12237.4825
10852000	12237.4225
10852500	12237.4263
10853000	12237.4679
10853500	12237.4196
10854000	12237.3001
10854500	12237.3510
10855000	12237.3654
10855500	12237.4115
10856000	12237.4726
10856500	12237.5248
10857000	12237.5226
10857500	12237.5798
10858000	12237.6037
10858500	12237.6514
10859000	12237.7247
10859500	12237.7860
10860000	12237.7028
10860500	12237.6328
10861000	12237.6589
10861500	12237.6875
10862000	12237.6820
10862500	12237.8230
10863000	12237.8156
10863500	12237.7758
10864000	12237.8461
10864500	12237.7848
10865000	12237.8257
10865500	12237.8569
10866000	12237.7928
10866500	12237.8187
10867000	12237.8371
10867500	12237.8528
10868000	12237.8822
10868500	12237.8378
10869000	12237.8584
10869500	12237.7476
10870000	12237.7439
10870500	12237.8215
10871000	12237.7626
10871500	12237.7730
10872000	12237.7957
10872500	12237.7674
10873000	12237.7742
10873500	12237.7502
10874000	12237.7605
10874500	12237.7205
10875000	12237.6750
10875500	12237.6591
10876000	12237.7308
10876500	12237.6520
10877000	12237.6030
10877500	12237.3655
10878000	12237.4675
10878500	12237.4042
10879000	12237.3590
10879500	12237.3547
10880000	12237.3987
10880500	12237.3671
10881000	12237.2743
10881500	12237.2349
10882000	12237.0900
10882500	12237.0187
10883000	12236.9597
10883500	12237.0278
10884000	12237.0648
10884500	12237.1274
10885000	12237.1011
10885500	12237.1813
10886000	12237.2075
10886500	12237.1488
10887000	12237.2570
10887500	12237.1585
10888000	12237.0605
10888500	12237.0279
10889000	12236.9402
10889500	12236.9724
10890000	12236.9291
10890500	12236.8475
10891000	12236.8332
10891500	12236.8776
10892000	12237.0280
10892500	12236.9644
10893000	12236.9380
10893500	12236.8301
10894000	12236.9109
10894500	12237.0050
10895000	12236.9838
10895500	12236.9445
10896000	12236.9179
10896500	12236.9656
10897000	12236.9474
10897500	12236.8213
10898000	12236.8894
10898500	12236.8649
10899000	12236.9162
10899500	12237.0164
10900000	12236.9148
10900500	12236.7312
10901000	12236.7716
10901500	12236.6729
10902000	12236.5902
10902500	12236.6000
10903000	12236.6229
10903500	12236.7002
10904000	12236.6820
10904500	12236.7209
10905000	12236.7480
10905500	12236.7077
10906000	12236.6138
10906500	12236.5775
10907000	12236.5335
10907500	12236.5033
10908000	12236.4318
10908500	12236.2856
10909000	12236.2881
10909500	12236.2560
10910000	12236.2726
10910500	12236.3090
10911000	12236.3127
10911500	12236.3658
10912000	12236.3060
10912500	12236.2441
10913000	12236.1848
10913500	12236.1423
10914000	12236.1368
10914500	12236.2348
10915000	12236.2603
10915500	12236.3624
10916000	12236.3741
10916500	12236.3892
10917000	12236.3391
10917500	12236.3735
10918000	12236.4051
10918500	12236.2835
10919000	12236.2934
10919500	12236.3047
10920000	12236.3210
10920500	12236.3813
10921000	12236.3895
10921500	12236.3690
10922000	12236.3812
10922500	12236.3965
10923000	12236.3838
10923500	12236.4090
10924000	12236.4961
10924500	12236.4816
10925000	12236.5810
10925500	12236.5222
10926000	12236.5394
10926500	12236.6121
10927000	12236.6288
10927500	12236.7260
10928000	12236.6933
10928500	12236.7218
10929000	12236.5906
10929500	12236.6882
10930000	12236.7206
10930500	12236.7960
10931000	12236.7927
10931500	12236.8164
10932000	12236.9172
10932500	12236.8434
10933000	12236.9257
10933500	12236.9991
10934000	12236.9397
10934500	12236.8667
10935000	12236.9066
10935500	12236.9425
10936000	12236.9487
10936500	12237.0188
10937000	12236.9510
10937500	12237.0112
10938000	12236.9593
10938500	12237.0146
10939000	12237.0402
10939500	12237.0655
10940000	12237.0582
10940500	12237.1561
10941000	12237.1808
10941500	12237.1839
10942000	12237.1665
10942500	12237.1308
10943000	12237.1659
10943500	12237.0940
10944000	12237.1103
10944500	12237.1911
10945000	12237.1985
10945500	12237.1218
10946000	12237.0431
10946500	12236.9703
10947000	12236.8112
10947500	12236.7874
10948000	12236.8409
10948500	12236.8642
10949000	12236.8771
10949500	12236.8804
10950000	12236.8945
10950500	12236.8513
10951000	12236.8999
10951500	12236.9183
10952000	12236.9315
10952500	12237.0199
10953000	12237.0754
10953500	12237.0590
10954000	12237.0289
10954500	12237.0052
10955000	12237.0336
10955500	12237.0612
10956000	12236.9779
10956500	12236.9404
10957000	12236.9092
10957500	12236.9468
10958000	12236.9869
10958500	12237.0218
10959000	12236.9560
10959500	12236.9076
10960000	12236.8395
10960500	12236.7306
10961000	12236.7249
10961500	12236.8059
10962000	12236.7426
10962500	12236.7532
10963000	12236.6732
10963500	12236.6458
10964000	12236.5491
10964500	12236.6102
10965000	12236.6536
10965500	12236.7299
10966000	12236.7889
10966500	12236.8441
10967000	12236.8066
10967500	12236.7456
10968000	12236.7391
10968500	12236.8052
10969000	12236.7934
10969500	12236.8343
10970000	12236.8126
10970500	12236.8884
10971000	12236.9641
10971500	12236.9436
10972000	12236.8780
10972500	12236.9258
10973000	12236.8140
10973500	12236.7043
10974000	12236.7319
10974500	12236.6998
10975000	12236.6246
10975500	12236.6583
10976000	12236.5868
10976500	12236.5028
10977000	12236.5954
10977500	12236.6028
10978000	12236.6548
10978500	12236.7258
10979000	12236.6729
10979500	12236.6279
10980000	12236.6001
10980500	12236.5471
10981000	12236.5285
10981500	12236.6999
10982000	12236.6198
10982500	12236.6688
10983000	12236.7395
10983500	12236.7834
10984000	12236.7934
10984500	12236.8755
10985000	12236.7500
10985500	12236.7274
10986000	12236.7662
10986500	12236.8097
10987000	12236.8191
10987500	12236.9216
10988000	12236.8408
10988500	12236.8822
10989000	12236.9767
10989500	12237.0366
10990000	12237.0215
10990500	12237.0282
10991000	12237.0880
10991500	12237.1715
10992000	12237.1927
10992500	12237.2240
10993000	12237.2677
10993500	12237.1244
10994000	12237.0546
10994500	12237.0463
10995000	12236.9748
10995500	12236.9511
10996000	12237.0158
10996500	12237.1115
10997000	12237.1521
10997500	12237.1275
10998000	12237.0735
10998500	12237.0916
10999000	12237.0798
10999500	12237.0935
11000000	12237.0283
11000500	12236.8916
11001000	12236.8933
11001500	12236.8550
11002000	12236.9267
11002500	12237.0331
11003000	12237.0623
11003500	12237.0765
11004000	12237.0368
11004500	12237.0214
11005000	12237.1167
11005500	12237.0145
11006000	12236.9709
11006500	12237.0383
11007000	12237.0214
11007500	12237.0394
11008000	12237.0232
11008500	12237.0185
11009000	12236.9533
11009500	12236.9867
11010000	12237.1164
11010500	12237.0604
11011000	12237.0695
11011500	12237.0139
11012000	12237.0848
11012500	12237.1086
11013000	12237.1083
11013500	12237.1567
11014000	12237.2721
11014500	12237.3211
11015000	12237.3263
11015500	12237.1918
11016000	12237.2416
11016500	12237.2211
11017000	12237.2166
11017500	12237.1704
11018000	12237.0993
11018500	12237.0888
11019000	12237.1139
11019500	12237.1801
11020000	12237.1565
11020500	12237.2649
11021000	12237.2759
11021500	12237.1810
11022000	12237.1923
11022500	12237.1812
11023000	12237.2459
11023500	12237.1479
11024000	12237.1792
11024500	12237.1238
11025000	12237.1571
11025500	12236.9821
11026000	12236.9375
11026500	12236.9656
11027000	12237.0346
11027500	12237.0450
11028000	12236.9688
11028500	12236.9565
11029000	12236.9402
11029500	12236.9403
11030000	12236.9010
11030500	12236.9433
11031000	12236.9828
11031500	12237.0264
11032000	12237.0335
11032500	12236.9952
11033000	12236.9429
11033500	12236.9074
11034000	12236.9061
11034500	12236.8231
11035000	12236.7606
11035500	12236.7247
11036000	12236.7393
11036500	12236.6940
11037000	12236.7196
11037500	12236.7750
11038000	12236.7122
11038500	12236.6679
11039000	12236.6459
11039500	12236.6502
11040000	12236.6571
11040500	12236.7953
11041000	12236.8010
11041500	12236.6304
11042000	12236.6722
11042500	12236.6549
11043000	12236.7027
11043500	12236.7793
11044000	12236.7447
11044500	12236.7664
11045000	12236.7134
11045500	12236.5708
11046000	12236.5378
11046500	12236.5869
11047000	12236.5079
11047500	12236.5207
11048000	12236.4843
11048500	12236.4645
11049000	12236.4726
11049500	12236.5019
11050000	12236.6025
11050500	12236.6791
11051000	12236.7340
11051500	12236.7084
11052000	12236.6792
11052500	12236.7499
11053000	12236.7197
11053500	12236.7250
11054000	12236.7988
11054500	12236.8089
11055000	12236.8412
11055500	12236.8226
11056000	12236.7982
11056500	12236.8096
11057000	12236.8274
11057500	12236.8139
11058000	12236.7691
11058500	12236.7668
11059000	12236.6415
11059500	12236.7487
11060000	12236.7551
11060500	12236.8364
11061000	12236.7577
11061500	12236.7995
11062000	12236.8346
11062500	12236.9008
11063000	12236.8606
11063500	12236.9472
11064000	12236.9987
11064500	12236.9868
11065000	12237.0295
11065500	12237.0412
11066000	12237.2085
11066500	12237.2382
11067000	12236.9784
11067500	12237.0189
11068000	12236.9035
11068500	12236.8977
11069000	12236.8995
11069500	12236.9442
11070000	12236.9831
11070500	12237.0644
11071000	12237.0088
11071500	12236.9964
11072000	12236.9921
11072500	12237.0229
11073000	12237.1451
11073500	12237.1128
11074000	12237.0790
11074500	12237.1015
11075000	12237.0640
11075500	12236.9860
11076000	12236.9218
11076500	12236.9727
11077000	12236.9606
11077500	12236.9050
11078000	12236.9174
11078500	12236.7981
11079000	12236.7622
11079500	12236.8155
11080000	12236.7433
11080500	12236.6500
11081000	12236.7126
11081500	12236.8050
11082000	12236.7884
11082500	12236.8098
11083000	12236.7560
11083500	12236.6945
11084000	12236.6478
11084500	12236.6796
11085000	12236.7226
11085500	12236.7468
11086000	12236.6324
11086500	12236.6092
11087000	12236.4758
11087500	12236.4647
11088000	12236.3794
11088500	12236.2701
11089000	12236.2535
11089500	12236.1260
11090000	12236.1509
11090500	12236.1899
11091000	12236.2650
11091500	12236.2950
11092000	12236.3942
11092500	12236.4416
11093000	12236.3457
11093500	12236.3833
11094000	12236.3552
11094500	12236.1657
11095000	12236.1093
11095500	12236.1541
11096000	12236.2091
11096500	12236.2792
11097000	12236.1874
11097500	12236.2139
11098000	12236.2109
11098500	12236.1478
11099000	12236.2332
11099500	12236.3029
11100000	12236.3684
11100500	12236.2607
11101000	12236.2151
11101500	12236.0897
11102000	12236.0761
11102500	12236.0191
11103000	12235.9855
11103500	12236.0075
11104000	12235.9158
11104500	12235.9319
11105000	12235.8083
11105500	12235.7394
11106000	12235.8787
11106500	12235.8590
11107000	12235.8965
11107500	12235.8938
11108000	12235.9265
11108500	12235.8274
11109000	12235.8225
11109500	12235.7779
11110000	12235.8119
11110500	12235.7329
11111000	12235.7742
11111500	12235.8221
11112000	12235.7777
11112500	12235.7183
11113000	12235.7483
11113500	12235.7814
11114000	12235.7266
11114500	12235.7930
11115000	12235.8158
11115500	12235.8521
11116000	12235.8089
11116500	12235.8912
11117000	12235.9665
11117500	12236.0064
11118000	12235.9353
11118500	12235.9297
11119000	12236.0264
11119500	12236.1317
11120000	12236.1457
11120500	12236.1383
11121000	12236.1755
11121500	12236.1705
11122000	12236.2693
11122500	12236.3478
11123000	12236.4423
11123500	12236.5266
11124000	12236.5189
11124500	12236.4048
11125000	12236.4003
11125500	12236.3630
11126000	12236.3895
11126500	12236.4636
11127000	12236.3922
11127500	12236.4072
11128000	12236.4994
11128500	12236.4775
11129000	12236.4855
11129500	12236.5081
11130000	12236.5414
11130500	12236.5895
11131000	12236.6499
11131500	12236.6229
11132000	12236.6278
11132500	12236.6179
11133000	12236.7439
11133500	12236.7263
11134000	12236.8533
11134500	12236.8788
11135000	12236.9157
11135500	12236.8888
11136000	12236.9449
11136500	12236.8954
11137000	12236.8961
11137500	12236.9230
11138000	12236.9034
11138500	12236.9028
11139000	12236.9223
11139500	12236.8881
11140000	12236.8719
11140500	12236.7820
11141000	12236.7271
11141500	12236.8025
11142000	12236.8070
11142500	12236.8030
11143000	12236.8679
11143500	12236.7095
11144000	12236.6936
11144500	12236.6520
11145000	12236.6382
11145500	12236.6297
11146000	12236.5790
11146500	12236.5950
11147000	12236.6266
11147500	12236.6872
11148000	12236.6688
11148500	12236.6789
11149000	12236.6822
11149500	12236.7534
11150000	12236.7603
11150500	12236.8364
11151000	12236.8568
11151500	12236.8041
11152000	12236.7527
11152500	12236.7487
11153000	12236.7166
11153500	12236.7380
11154000	12236.7651
11154500	12236.8178
11155000	12236.7748
11155500	12236.7895
11156000	12236.6515
11156500	12236.7387
11157000	12236.7204
11157500	12236.8600
11158000	12236.9336
11158500	12236.9367
11159000	12236.9142
11159500	12236.9200
11160000	12236.9671
11160500	12237.0457
11161000	12237.0234
11161500	12237.0414
11162000	12237.0692
11162500	12237.1168
11163000	12237.0979
11163500	12237.2129
11164000	12237.2909
11164500	12237.3617
11165000	12237.3436
11165500	12237.3795
11166000	12237.3521
11166500	12237.2366
11167000	12237.2101
11167500	12237.1080
11168000	12237.0463
11168500	12237.1053
11169000	12237.0113
11169500	12237.0193
11170000	12236.9896
11170500	12236.9897
11171000	12236.9324
11171500	12236.9265
11172000	12236.9714
11172500	12236.9057
11173000	12236.9519
11173500	12236.9701
11174000	12236.8374
11174500	12236.8383
11175000	12236.9081
11175500	12236.8979
11176000	12236.9601
11176500	12236.9932
11177000	12236.9599
11177500	12237.0926
11178000	12237.0328
11178500	12237.0916
11179000	12236.8993
11179500	12236.9256
11180000	12236.8471
11180500	12236.6904
11181000	12236.7242
11181500	12236.7021
11182000	12236.7455
11182500	12236.7570
11183000	12236.7997
11183500	12236.8163
11184000	12236.6941
11184500	12236.7357
11185000	12236.6821
11185500	12236.6678
11186000	12236.7019
11186500	12236.6917
11187000	12236.7346
11187500	12236.6239
11188000	12236.5145
11188500	12236.4039
11189000	12236.3972
11189500	12236.5165
11190000	12236.4791
11190500	12236.4675
11191000	12236.5434
11191500	12236.4878
11192000	12236.5194
11192500	12236.5292
11193000	12236.4623
11193500	12236.2997
11194000	12236.3386
11194500	12236.3811
11195000	12236.4337
11195500	12236.3774
11196000	12236.3441
11196500	12236.2717
11197000	12236.2715
11197500	12236.2900
11198000	12236.3233
11198500	12236.4063
11199000	12236.3932
11199500	12236.4659
11200000	12236.5117
11200500	12236.5318
11201000	12236.4862
11201500	12236.5772
11202000	12236.6363
11202500	12236.6032
11203000	12236.6488
11203500	12236.5013
11204000	12236.5374
11204500	12236.5769
11205000	12236.5885
11205500	12236.5250
11206000	12236.5330
11206500	12236.5435
11207000	12236.5370
11207500	12236.5754
11208000	12236.5826
11208500	12236.5638
11209000	12236.5459
11209500	12236.4720
11210000	12236.3799
11210500	12236.4039
11211000	12236.4662
11211500	12236.4206
11212000	12236.4200
11212500	12236.3940
11213000	12236.4211
11213500	12236.4118
11214000	12236.3968
11214500	12236.3789
11215000	12236.4454
11215500	12236.3604
11216000	12236.4535
11216500	12236.5094
11217000	12236.5605
11217500	12236.5963
11218000	12236.4103
11218500	12236.3898
11219000	12236.4468
11219500	12236.4265
11220000	12236.3594
11220500	12236.3697
11221000	12236.3996
11221500	12236.3017
11222000	12236.3410
11222500	12236.3858
11223000	12236.3824
11223500	12236.3490
11224000	12236.3651
11224500	12236.3975
11225000	12236.3707
11225500	12236.2397
11226000	12236.1872
11226500	12236.2424
11227000	12236.2881
11227500	12236.2085
11228000	12236.2767
11228500	12236.1780
11229000	12236.1644
11229500	12236.2488
11230000	12236.2956
11230500	12236.3375
11231000	12236.3843
11231500	12236.3978
11232000	12236.3614
11232500	12236.3685
11233000	12236.3639
11233500	12236.3427
11234000	12236.3981
11234500	12236.4029
11235000	12236.3275
11235500	12236.3841
11236000	12236.4663
11236500	12236.5525
11237000	12236.4485
11237500	12236.4955
11238000	12236.4360
11238500	12236.4483
11239000	12236.5446
11239500	12236.5057
11240000	12236.5118
11240500	12236.5750
11241000	12236.7054
11241500	12236.7097
11242000	12236.7112
11242500	12236.7909
11243000	12236.6939
11243500	12236.6868
11244000	12236.6647
11244500	12236.6654
11245000	12236.5260
11245500	12236.4953
11246000	12236.5161
11246500	12236.6116
11247000	12236.5988
11247500	12236.6485
11248000	12236.7078
11248500	12236.7201
11249000	12236.7315
11249500	12236.7678
11250000	12236.7815
11250500	12236.7690
11251000	12236.6973
11251500	12236.7354
11252000	12236.7388
11252500	12236.6673
11253000	12236.7197
11253500	12236.7044
11254000	12236.7716
11254500	12236.7794
11255000	12236.8194
11255500	12236.8451
11256000	12236.8513
11256500	12236.7652
11257000	12236.7180
11257500	12236.7397
11258000	12236.7747
11258500	12236.7015
11259000	12236.7177
11259500	12236.6702
11260000	12236.6916
11260500	12236.6860
11261000	12236.7115
11261500	12236.6291
11262000	12236.6302
11262500	12236.6294
11263000	12236.7608
11263500	12236.7526
11264000	12236.6586
11264500	12236.6943
11265000	12236.6943
11265500	12236.7570
11266000	12236.7814
11266500	12236.7794
11267000	12236.7216
11267500	12236.6674
11268000	12236.6356
11268500	12236.6736
11269000	12236.7187
11269500	12236.7661
11270000	12236.8188
11270500	12236.8936
11271000	12236.8214
11271500	12236.7300
11272000	12236.7729
11272500	12236.7856
11273000	12236.7596
11273500	12236.7903
11274000	12236.8217
11274500	12236.9114
11275000	12236.9522
11275500	12236.9334
11276000	12236.9759
11276500	12236.8256
11277000	12236.8413
11277500	12236.8875
11278000	12236.9045
11278500	12236.8123
11279000	12236.8654
11279500	12236.8701
11280000	12236.8998
11280500	12236.9339
11281000	12237.0230
11281500	12236.9882
11282000	12237.0495
11282500	12237.0747
11283000	12237.0862
11283500	12237.0207
11284000	12237.0658
11284500	12237.0193
11285000	12237.0485
11285500	12237.0787
11286000	12237.0910
11286500	12237.1879
11287000	12237.2114
11287500	12237.1866
11288000	12237.2232
11288500	12237.2132
11289000	12237.2757
11289500	12237.2563
11290000	12237.2980
11290500	12237.4234
11291000	12237.4369
11291500	12237.5287
11292000	12237.5485
11292500	12237.4911
11293000	12237.5322
11293500	12237.5088
11294000	12237.5756
11294500	12237.5572
11295000	12237.4066
11295500	12237.4400
11296000	12237.3642
11296500	12237.4159
11297000	12237.4376
11297500	12237.3159
11298000	12237.3406
11298500	12237.3370
11299000	12237.4177
11299500	12237.5220
11300000	12237.6338
11300500	12237.5785
11301000	12237.5408
11301500	12237.4698
11302000	12237.3353
11302500	12237.3026
11303000	12237.3544
11303500	12237.3873
11304000	12237.3713
11304500	12237.3608
11305000	12237.3628
11305500	12237.3305
11306000	12237.3865
11306500	12237.4680
11307000	12237.4471
11307500	12237.5785
11308000	12237.6253
11308500	12237.6016
11309000	12237.5628
11309500	12237.5862
11310000	12237.5733
11310500	12237.5467
11311000	12237.5978
11311500	12237.6494
11312000	12237.5593
11312500	12237.5388
11313000	12237.4935
11313500	12237.5666
11314000	12237.6135
11314500	12237.6858
11315000	12237.6631
11315500	12237.6931
11316000	12237.6141
11316500	12237.7247
11317000	12237.7956
11317500	12237.7427
11318000	12237.8072
11318500	12237.7995
11319000	12237.8082
11319500	12237.9344
11320000	12237.9534
11320500	12237.8353
11321000	12237.8499
11321500	12237.8246
11322000	12237.7350
11322500	12237.7011
11323000	12237.7485
11323500	12237.7648
11324000	12237.7292
11324500	12237.6916
11325000	12237.5716
11325500	12237.5536
11326000	12237.5806
11326500	12237.6011
11327000	12237.7152
11327500	12237.7519
11328000	12237.6473
11328500	12237.7137
11329000	12237.7044
11329500	12237.6600
11330000	12237.6385
11330500	12237.7033
11331000	12237.7539
11331500	12237.7836
11332000	12237.8172
11332500	12237.8280
11333000	12237.8092
11333500	12237.6982
11334000	12237.6943
11334500	12237.7456
11335000	12237.7655
11335500	12237.8520
11336000	12237.8866
11336500	12237.9413
11337000	12237.8795
11337500	12237.9149
11338000	12237.9171
11338500	12237.8335
11339000	12237.8750
11339500	12237.8375
11340000	12237.8943
11340500	12237.9226
11341000	12237.9884
11341500	12237.9530
11342000	12237.9232
11342500	12237.9179
11343000	12237.7864
11343500	12237.8146
11344000	12237.7688
11344500	12237.6341
11345000	12237.6947
11345500	12237.6643
11346000	12237.5986
11346500	12237.6689
11347000	12237.7039
11347500	12237.7205
11348000	12237.7401
11348500	12237.7954
11349000	12237.7654
11349500	12237.7537
11350000	12237.7557
11350500	12237.7980
11351000	12237.8018
11351500	12237.8535
11352000	12237.8654
11352500	12237.9093
11353000	12237.8487
11353500	12237.8474
11354000	12237.8229
11354500	12237.7729
11355000	12237.8495
11355500	12237.8116
11356000	12237.8265
11356500	12237.8732
11357000	12237.8756
11357500	12237.8587
11358000	12237.8792
11358500	12237.8918
11359000	12237.8534
11359500	12237.8406
11360000	12237.8268
11360500	12237.8170
11361000	12237.8479
11361500	12237.8741
11362000	12237.8383
11362500	12237.8652
11363000	12237.9138
11363500	12237.9370
11364000	12237.9831
11364500	12237.9959
11365000	12238.0074
11365500	12238.0316
11366000	12238.0600
11366500	12238.1000
11367000	12238.1083
11367500	12238.0510
11368000	12238.0362
11368500	12238.0746
11369000	12238.0700
11369500	12238.1424
11370000	12238.2145
11370500	12238.3036
11371000	12238.2839
11371500	12238.2559
11372000	12238.2411
11372500	12238.3401
11373000	12238.3300
11373500	12238.2734
11374000	12238.2972
11374500	12238.2725
11375000	12238.1537
11375500	12238.1132
11376000	12238.1530
11376500	12237.9802
11377000	12238.0711
11377500	12238.0756
11378000	12238.1100
11378500	12238.1141
11379000	12238.1825
11379500	12238.1782
11380000	12238.1260
11380500	12238.1234
11381000	12238.1271
11381500	12237.9754
11382000	12237.9578
11382500	12238.0154
11383000	12238.0028
11383500	12237.8590
11384000	12237.8726
11384500	12237.9213
11385000	12237.9857
11385500	12237.9572
11386000	12237.8996
11386500	12237.9042
11387000	12237.9022
11387500	12237.9255
11388000	12237.9889
11388500	12238.0126
11389000	12238.0067
11389500	12237.9902
11390000	12238.0748
11390500	12237.9959
11391000	12238.0226
11391500	12238.1062
11392000	12237.9926
11392500	12238.0181
11393000	12237.8923
11393500	12237.9216
11394000	12238.0575
11394500	12237.9745
11395000	12238.0809
11395500	12237.9015
11396000	12237.9087
11396500	12237.8254
11397000	12237.8596
11397500	12237.8761
11398000	12237.9267
11398500	12237.9896
11399000	12237.9146
11399500	12237.9146
11400000	12237.9308
11400500	12237.9869
11401000	12237.8729
11401500	12237.8082
11402000	12237.7302
11402500	12237.7330
11403000	12237.6993
11403500	12237.6343
11404000	12237.6297
11404500	12237.5413
11405000	12237.5760
11405500	12237.5173
11406000	12237.5397
11406500	12237.4740
11407000	12237.4038
11407500	12237.4030
11408000	12237.3049
11408500	12237.3490
11409000	12237.3010
11409500	12237.3137
11410000	12237.3788
11410500	12237.3364
11411000	12237.3627
11411500	12237.3846
11412000	12237.2678
11412500	12237.1791
11413000	12237.1798
11413500	12237.2171
11414000	12237.2426
11414500	12237.3193
11415000	12237.3153
11415500	12237.3830
11416000	12237.5019
11416500	12237.4310
11417000	12237.4435
11417500	12237.4647
11418000	12237.4025
11418500	12237.3317
11419000	12237.3649
11419500	12237.3476
11420000	12237.3677
11420500	12237.3253
11421000	12237.3769
11421500	12237.4604
11422000	12237.4747
11422500	12237.5862
11423000	12237.5994
11423500	12237.6701
11424000	12237.6495
11424500	12237.6342
11425000	12237.6430
11425500	12237.7744
11426000	12237.8238
11426500	12237.8050
11427000	12237.8557
11427500	12237.9357
11428000	12237.8844
11428500	12237.9302
11429000	12237.9310
11429500	12237.9150
11430000	12237.9013
11430500	12237.9667
11431000	12237.9493
11431500	12237.8459
11432000	12237.8059
11432500	12237.8607
11433000	12237.8946
11433500	12237.9455
11434000	12237.9036
11434500	12237.8416
11435000	12237.7835
11435500	12237.7934
11436000	12237.8618
11436500	12237.9295
11437000	12237.8956
11437500	12237.8517
11438000	12237.8271
11438500	12237.9082
11439000	12237.8936
11439500	12237.9398
11440000	12237.8678
11440500	12237.9690
11441000	12237.9162
11441500	12237.8751
11442000	12237.8455
11442500	12237.9015
11443000	12237.9470
11443500	12237.8940
11444000	12237.8855
11444500	12237.8954
11445000	12237.8906
11445500	12237.8442
11446000	12237.7707
11446500	12237.5885
11447000	12237.6208
11447500	12237.5447
11448000	12237.4480
11448500	12237.3812
11449000	12237.4054
11449500	12237.3752
11450000	12237.2498
11450500	12237.2573
11451000	12237.2106
11451500	12237.1185
11452000	12237.1906
11452500	12237.2016
11453000	12237.2665
11453500	12237.2552
11454000	12237.3161
11454500	12237.2545
11455000	12237.3250
11455500	12237.3177
11456000	12237.3094
11456500	12237.3063
11457000	12237.3256
11457500	12237.3192
11458000	12237.2956
11458500	12237.3015
11459000	12237.2183
11459500	12237.2458
11460000	12237.1508
11460500	12237.1230
11461000	12237.1710
11461500	12237.1743
11462000	12237.0900
11462500	12237.1188
11463000	12237.2118
11463500	12237.2815
11464000	12237.2885
11464500	12237.2267
11465000	12237.2071
11465500	12237.2023
11466000	12237.1826
11466500	12237.1917
11467000	12237.2209
11467500	12237.3125
11468000	12237.2659
11468500	12237.2363
11469000	12237.2953
11469500	12237.3266
11470000	12237.3761
11470500	12237.3825
11471000	12237.3471
11471500	12237.2464
11472000	12237.1968
11472500	12237.1989
11473000	12237.0813
11473500	12236.9585
11474000	12236.9787
11474500	12236.9881
11475000	12236.9798
11475500	12236.9389
11476000	12236.9904
11476500	12236.8590
11477000	12236.9282
11477500	12236.8914
11478000	12236.8742
11478500	12236.8254
11479000	12236.8452
11479500	12236.7021
11480000	12236.7066
11480500	12236.6693
11481000	12236.4230
11481500	12236.4899
11482000	12236.3487
11482500	12236.2962
11483000	12236.2597
11483500	12236.3862
11484000	12236.3238
11484500	12236.4037
11485000	12236.4493
11485500	12236.4528
11486000	12236.4451
11486500	12236.4574
11487000	12236.3494
11487500	12236.3489
11488000	12236.3038
11488500	12236.2128
11489000	12236.1207
11489500	12236.0714
11490000	12235.9908
11490500	12236.0150
11491000	12235.9372
11491500	12235.8737
11492000	12235.9128
11492500	12235.8200
11493000	12235.7987
11493500	12235.8507
11494000	12235.8986
11494500	12235.9109
11495000	12235.8857
11495500	12235.9010
11496000	12235.8300
11496500	12235.8464
11497000	12235.6825
11497500	12235.5864
11498000	12235.5496
11498500	12235.5043
11499000	12235.4934
11499500	12235.5017
11500000	12235.4864
11500500	12235.5734
11501000	12235.6052
11501500	12235.6901
11502000	12235.7430
11502500	12235.6283
11503000	12235.5942
11503500	12235.5950
11504000	12235.5729
11504500	12235.5970
11505000	12235.5646
11505500	12235.5814
11506000	12235.5288
11506500	12235.6315
11507000	12235.6805
11507500	12235.6331
11508000	12235.6051
11508500	12235.5733
11509000	12235.6213
11509500	12235.7178
11510000	12235.7603
11510500	12235.6979
11511000	12235.6941
11511500	12235.8274
11512000	12235.8874
11512500	12235.8692
11513000	12235.8845
11513500	12235.8846
11514000	12235.8645
11514500	12235.8509
11515000	12235.7411
11515500	12235.7030
11516000	12235.7755
11516500	12235.8506
11517000	12235.8809
11517500	12235.8596
11518000	12235.7887
11518500	12235.8174
11519000	12235.9427
11519500	12235.9501
11520000	12235.9896
11520500	12236.0105
11521000	12235.8349
11521500	12235.8716
11522000	12235.8332
11522500	12235.7656
11523000	12235.6752
11523500	12235.6318
11524000	12235.6870
11524500	12235.6972
11525000	12235.8240
11525500	12235.8183
11526000	12235.8435
11526500	12235.9849
11527000	12235.8766
11527500	12235.9239
11528000	12235.9948
11528500	12236.0173
11529000	12235.9514
11529500	12235.9948
11530000	12235.9970
11530500	12235.8549
11531000	12235.8439
11531500	12235.8154
11532000	12235.8701
11532500	12235.8546
11533000	12235.8665
11533500	12235.9242
11534000	12235.9804
11534500	12235.9665
11535000	12235.9597
11535500	12235.9558
11536000	12235.9003
11536500	12235.8596
11537000	12235.8618
11537500	12235.8556
11538000	12235.7577
11538500	12235.6682
11539000	12235.6764
11539500	12235.6269
11540000	12235.6988
11540500	12235.7869
11541000	12235.6960
11541500	12235.5446
11542000	12235.4943
11542500	12235.3901
11543000	12235.4504
11543500	12235.4743
11544000	12235.4066
11544500	12235.3822
11545000	12235.3856
11545500	12235.3975
11546000	12235.4542
11546500	12235.5268
11547000	12235.5030
11547500	12235.5032
11548000	12235.4710
11548500	12235.4578
11549000	12235.3734
11549500	12235.3312
11550000	12235.3111
11550500	12235.4125
11551000	12235.4179
11551500	12235.4809
11552000	12235.5174
11552500	12235.5343
11553000	12235.5630
11553500	12235.5809
11554000	12235.5665
11554500	12235.5508
11555000	12235.6080
11555500	12235.6595
11556000	12235.7287
11556500	12235.7194
11557000	12235.6388
11557500	12235.7324
11558000	12235.7923
11558500	12235.6908
11559000	12235.6990
11559500	12235.7233
11560000	12235.7704
11560500	12235.7154
11561000	12235.7274
11561500	12235.6407
11562000	12235.6536
11562500	12235.5751
11563000	12235.5238
11563500	12235.4960
11564000	12235.5414
11564500	12235.5384
11565000	12235.5526
11565500	12235.5948
11566000	12235.6670
11566500	12235.6030
11567000	12235.6357
11567500	12235.7010
11568000	12235.6090
11568500	12235.6168
11569000	12235.6689
11569500	12235.7651
11570000	12235.8068
11570500	12235.7800
11571000	12235.7859
11571500	12235.7669
11572000	12235.8207
11572500	12235.8580
11573000	12235.8730
11573500	12235.8461
11574000	12235.9389
11574500	12235.9870
11575000	12236.0484
11575500	12236.1367
11576000	12236.1702
11576500	12236.1902
11577000	12236.2389
11577500	12236.2134
11578000	12236.1926
11578500	12236.2429
11579000	12236.2778
11579500	12236.3356
11580000	12236.4280
11580500	12236.4610
11581000	12236.5474
11581500	12236.6480
11582000	12236.5486
11582500	12236.5369
11583000	12236.4825
11583500	12236.4868
11584000	12236.5106
11584500	12236.4199
11585000	12236.5061
11585500	12236.5282
11586000	12236.5445
11586500	12236.5120
11587000	12236.5188
11587500	12236.4561
11588000	12236.4703
11588500	12236.4730
11589000	12236.4702
11589500	12236.4713
11590000	12236.4980
11590500	12236.5072
11591000	12236.5308
11591500	12236.5717
11592000	12236.5792
11592500	12236.6386
11593000	12236.6957
11593500	12236.5791
11594000	12236.5982
11594500	12236.5077
11595000	12236.4375
11595500	12236.4635
11596000	12236.4437
11596500	12236.2915
11597000	12236.3471
11597500	12236.3265
11598000	12236.3236
11598500	12236.2186
11599000	12236.1455
11599500	12236.1440
11600000	12236.0750
11600500	12236.1725
11601000	12236.1645
11601500	12236.1483
11602000	12236.0887
11602500	12236.1258
11603000	12236.1530
11603500	12236.0812
11604000	12236.1515
11604500	12236.1950
11605000	12236.2041
11605500	12236.2372
11606000	12236.2663
11606500	12236.1954
11607000	12236.2324
11607500	12236.1742
11608000	12236.1625
11608500	12236.2039
11609000	12236.2318
11609500	12236.1567
11610000	12236.1200
11610500	12236.2091
11611000	12236.3391
11611500	12236.4264
11612000	12236.4178
11612500	12236.4792
11613000	12236.4442
11613500	12236.4742
11614000	12236.4241
11614500	12236.4211
11615000	12236.4152
11615500	12236.4593
11616000	12236.5461
11616500	12236.5862
11617000	12236.6060
11617500	12236.6677
11618000	12236.6304
11618500	12236.6362
11619000	12236.5483
11619500	12236.5563
11620000	12236.6391
11620500	12236.5786
11621000	12236.5803
11621500	12236.6041
11622000	12236.6393
11622500	12236.6461
11623000	12236.5985
11623500	12236.6911
11624000	12236.7947
11624500	12236.8237
11625000	12236.7896
11625500	12236.7554
11626000	12236.7449
11626500	12236.7408
11627000	12236.7479
11627500	12236.7716
11628000	12236.7544
11628500	12236.7455
11629000	12236.6803
11629500	12236.6181
11630000	12236.5644
11630500	12236.6084
11631000	12236.6033
11631500	12236.4964
11632000	12236.4103
11632500	12236.3945
11633000	12236.3802
11633500	12236.4223
11634000	12236.4721
11634500	12236.4831
11635000	12236.4879
11635500	12236.5897
11636000	12236.5865
11636500	12236.6071
11637000	12236.5209
11637500	12236.6308
11638000	12236.6309
11638500	12236.6034
11639000	12236.6070
11639500	12236.6388
11640000	12236.6439
11640500	12236.6760
11641000	12236.7226
11641500	12236.6483
11642000	12236.6782
11642500	12236.5539
11643000	12236.5410
11643500	12236.5912
11644000	12236.5932
11644500	12236.5847
11645000	12236.6352
11645500	12236.6157
11646000	12236.6803
11646500	12236.7377
11647000	12236.7695
11647500	12236.7713
11648000	12236.7594
11648500	12236.6915
11649000	12236.8326
11649500	12236.7580
11650000	12236.7303
11650500	12236.6689
11651000	12236.6469
11651500	12236.5790
11652000	12236.6223
11652500	12236.5971
11653000	12236.7567
11653500	12236.8049
11654000	12236.7922
11654500	12236.8333
11655000	12236.6956
11655500	12236.7663
11656000	12236.8537
11656500	12236.8897
11657000	12236.8328
11657500	12236.8805
11658000	12236.9533
11658500	12236.9033
11659000	12236.8975
11659500	12236.8846
11660000	12236.9311
11660500	12236.9726
11661000	12236.9475
11661500	12236.8915
11662000	12236.8584
11662500	12236.8182
11663000	12236.8535
11663500	12236.8575
11664000	12236.7495
11664500	12236.8569
11665000	12236.8865
11665500	12236.8911
11666000	12236.8679
11666500	12236.8708
11667000	12236.8331
11667500	12236.6921
11668000	12236.6986
11668500	12236.8113
11669000	12236.9161
11669500	12236.8511
11670000	12236.7909
11670500	12236.8764
11671000	12236.9661
11671500	12237.0038
11672000	12236.9988
11672500	12237.0187
11673000	12236.9811
11673500	12237.0267
11674000	12237.0365
11674500	12237.0533
11675000	12237.2113
11675500	12237.2759
11676000	12237.3472
11676500	12237.4210
11677000	12237.5342
11677500	12237.5744
11678000	12237.6243
11678500	12237.6035
11679000	12237.5252
11679500	12237.5125
11680000	12237.5243
11680500	12237.5199
11681000	12237.5975
11681500	12237.4653
11682000	12237.5263
11682500	12237.5182
11683000	12237.5318
11683500	12237.5554
11684000	12237.6545
11684500	12237.6940
11685000	12237.5632
11685500	12237.6473
11686000	12237.5116
11686500	12237.5059
11687000	12237.5439
11687500	12237.5687
11688000	12237.6762
11688500	12237.7112
11689000	12237.6785
11689500	12237.6969
11690000	12237.7134
11690500	12237.7406
11691000	12237.7644
11691500	12237.8016
11692000	12237.8722
11692500	12237.8786
11693000	12237.8837
11693500	12237.9376
11694000	12238.0528
11694500	12238.0359
11695000	12238.1219
11695500	12238.1953
11696000	12238.2354
11696500	12238.3081
11697000	12238.3189
11697500	12238.3573
11698000	12238.4222
11698500	12238.3429
11699000	12238.3249
11699500	12238.3783
11700000	12238.4449
11700500	12238.3431
11701000	12238.3092
11701500	12238.3056
11702000	12238.3176
11702500	12238.3878
11703000	12238.3208
11703500	12238.3184
11704000	12238.3423
11704500	12238.3836
11705000	12238.4071
11705500	12238.4583
11706000	12238.5894
11706500	12238.4708
11707000	12238.4846
11707500	12238.5615
11708000	12238.5424
11708500	12238.5583
11709000	12238.5656
11709500	12238.5795
11710000	12238.5108
11710500	12238.5582
11711000	12238.5337
11711500	12238.4996
11712000	12238.5016
11712500	12238.3786
11713000	12238.4456
11713500	12238.3123
11714000	12238.2334
11714500	12238.2605
11715000	12238.3552
11715500	12238.3450
11716000	12238.2082
11716500	12238.2150
11717000	12238.2342
11717500	12238.2530
11718000	12238.2759
11718500	12238.2144
11719000	12238.2415
11719500	12238.1559
11720000	12238.1591
11720500	12238.2234
11721000	12238.2619
11721500	12238.1950
11722000	12238.3383
11722500	12238.3857
11723000	12238.4021
11723500	12238.3938
11724000	12238.4505
11724500	12238.4556
11725000	12238.4795
11725500	12238.4108
11726000	12238.3443
11726500	12238.2899
11727000	12238.2465
11727500	12238.1230
11728000	12238.1069
11728500	12238.0363
11729000	12237.9943
11729500	12238.0562
11730000	12238.0224
11730500	12238.0532
11731000	12238.0984
11731500	12238.1184
11732000	12238.0962
11732500	12238.0990
11733000	12238.1389
11733500	12238.1773
11734000	12238.2119
11734500	12238.2695
11735000	12238.2520
11735500	12238.2981
11736000	12238.3729
11736500	12238.4058
11737000	12238.3666
11737500	12238.3537
11738000	12238.2845
11738500	12238.3464
11739000	12238.3547
11739500	12238.3763
11740000	12238.3853
11740500	12238.3721
11741000	12238.4385
11741500	12238.4576
11742000	12238.4006
11742500	12238.2684
11743000	12238.3238
11743500	12238.2737
11744000	12238.2425
11744500	12238.3111
11745000	12238.3609
11745500	12238.3150
11746000	12238.2951
11746500	12238.2871
11747000	12238.3557
11747500	12238.3150
11748000	12238.3444
11748500	12238.4085
11749000	12238.4328
11749500	12238.3610
11750000	12238.3558
11750500	12238.2874
11751000	12238.3683
11751500	12238.3350
11752000	12238.1809
11752500	12238.2476
11753000	12238.2553
11753500	12238.3089
11754000	12238.2790
11754500	12238.1339
11755000	12238.1305
11755500	12237.9665
11756000	12237.9645
11756500	12237.9362
11757000	12238.0201
11757500	12238.0760
11758000	12238.1090
11758500	12238.1588
11759000	12238.1182
11759500	12238.1891
11760000	12238.1919
11760500	12238.1905
11761000	12238.1370
11761500	12238.1663
11762000	12238.2273
11762500	12238.1348
11763000	12238.0575
11763500	12238.1487
11764000	12238.1278
11764500	12238.1838
11765000	12238.1385
11765500	12238.0539
11766000	12237.9614
11766500	12238.0216
11767000	12238.0257
11767500	12238.0864
11768000	12238.0785
11768500	12238.1527
11769000	12238.1969
11769500	12238.2580
11770000	12238.2758
11770500	12238.3489
11771000	12238.3625
11771500	12238.3636
11772000	12238.4109
11772500	12238.4087
11773000	12238.3369
11773500	12238.3378
11774000	12238.3355
11774500	12238.3176
11775000	12238.3335
11775500	12238.2517
11776000	12238.2195
11776500	12238.1732
11777000	12238.1508
11777500	12238.1877
11778000	12238.1911
11778500	12238.2013
11779000	12238.2023
11779500	12238.1946
11780000	12238.2289
11780500	12238.3715
11781000	12238.3671
11781500	12238.3054
11782000	12238.3302
11782500	12238.3198
11783000	12238.4195
11783500	12238.4053
11784000	12238.3114
11784500	12238.3974
11785000	12238.3555
11785500	12238.2879
11786000	12238.3059
11786500	12238.2423
11787000	12238.2612
11787500	12238.2020
11788000	12238.2020
11788500	12238.2096
11789000	12238.2669
11789500	12238.2982
11790000	12238.3637
11790500	12238.3763
11791000	12238.3202
11791500	12238.3568
11792000	12238.3293
11792500	12238.3223
11793000	12238.2836
11793500	12238.3233
11794000	12238.3664
11794500	12238.3769
11795000	12238.4883
11795500	12238.4804
11796000	12238.4914
11796500	12238.3343
11797000	12238.2957
11797500	12238.3684
11798000	12238.3384
11798500	12238.3954
11799000	12238.3319
11799500	12238.3528
11800000	12238.3544
11800500	12238.2831
11801000	12238.3135
11801500	12238.3867
11802000	12238.2028
11802500	12238.2476
11803000	12238.3349
11803500	12238.2371
11804000	12238.2126
11804500	12238.1787
11805000	12238.2180
11805500	12238.1670
11806000	12238.0853
11806500	12238.0681
11807000	12238.0229
11807500	12238.0486
11808000	12238.0072
11808500	12237.9881
11809000	12238.0550
11809500	12238.0385
11810000	12237.9576
11810500	12237.9659
11811000	12237.9244
11811500	12238.0319
11812000	12238.0556
11812500	12238.0286
11813000	12238.0788
11813500	12238.1456
11814000	12238.1542
11814500	12238.1362
11815000	12238.0830
11815500	12238.1616
11816000	12238.0618
11816500	12238.1268
11817000	12238.1278
11817500	12238.1338
11818000	12238.1557
11818500	12238.0956
11819000	12238.0405
11819500	12238.0598
11820000	12237.9926
11820500	12238.0329
11821000	12238.0610
11821500	12238.0719
11822000	12237.9502
11822500	12237.9757
11823000	12238.0244
11823500	12238.0351
11824000	12238.0031
11824500	12238.0033
11825000	12238.0543
11825500	12238.1684
11826000	12238.1864
11826500	12238.2515
11827000	12238.2498
11827500	12238.2949
11828000	12238.2495
11828500	12238.2837
11829000	12238.3235
11829500	12238.2955
11830000	12238.2939
11830500	12238.2841
11831000	12238.3001
11831500	12238.4640
11832000	12238.4272
11832500	12238.4024
11833000	12238.2782
11833500	12238.2003
11834000	12238.1816
11834500	12238.2328
11835000	12238.2901
11835500	12238.2747
11836000	12238.2919
11836500	12238.2518
11837000	12238.1881
11837500	12238.2693
11838000	12238.2782
11838500	12238.2982
11839000	12238.2042
11839500	12238.1646
11840000	12238.2433
11840500	12238.3208
11841000	12238.3831
11841500	12238.3520
11842000	12238.4185
11842500	12238.4008
11843000	12238.3324
11843500	12238.3132
11844000	12238.3590
11844500	12238.3974
11845000	12238.3640
11845500	12238.3570
11846000	12238.3272
11846500	12238.3064
11847000	12238.4708
11847500	12238.4319
11848000	12238.4338
11848500	12238.4475
11849000	12238.4874
11849500	12238.5551
11850000	12238.5011
11850500	12238.5344
11851000	12238.5908
11851500	12238.5554
11852000	12238.6477
11852500	12238.6896
11853000	12238.6798
11853500	12238.7483
11854000	12238.7500
11854500	12238.7442
11855000	12238.7468
11855500	12238.7333
11856000	12238.6550
11856500	12238.7010
11857000	12238.6118
11857500	12238.6606
11858000	12238.6538
11858500	12238.6426
11859000	12238.7034
11859500	12238.6648
11860000	12238.7158
11860500	12238.7669
11861000	12238.7688
11861500	12238.7749
11862000	12238.8107
11862500	12238.8269
11863000	12238.8527
11863500	12238.7067
11864000	12238.7892
11864500	12238.7642
11865000	12238.6247
11865500	12238.4971
11866000	12238.5586
11866500	12238.5665
11867000	12238.6534
11867500	12238.6977
11868000	12238.7504
11868500	12238.8289
11869000	12238.8130
11869500	12238.8011
11870000	12238.8063
11870500	12238.7940
11871000	12238.8476
11871500	12238.8152
11872000	12238.8972
11872500	12239.0024
11873000	12238.8789
11873500	12238.8755
11874000	12238.9350
11874500	12238.9397
11875000	12238.8762
11875500	12238.8916
11876000	12238.8678
11876500	12238.8506
11877000	12238.8362
11877500	12238.8280
11878000	12238.8190
11878500	12238.7825
11879000	12238.8321
11879500	12238.7313
11880000	12238.7873
11880500	12238.6861
11881000	12238.7975
11881500	12238.8180
11882000	12238.7970
11882500	12238.7840
11883000	12238.8383
11883500	12238.8041
11884000	12238.8254
11884500	12238.8457
11885000	12238.8564
11885500	12238.9470
11886000	12238.8888
11886500	12238.9228
11887000	12238.8123
11887500	12238.7379
11888000	12238.8464
11888500	12238.8086
11889000	12238.6964
11889500	12238.7058
11890000	12238.7746
11890500	12238.8203
11891000	12238.8917
11891500	12238.9173
11892000	12238.8618
11892500	12238.8896
11893000	12238.9219
11893500	12238.8496
11894000	12238.8154
11894500	12238.8659
11895000	12238.8733
11895500	12238.8807
11896000	12238.8602
11896500	12238.7914
11897000	12238.7973
11897500	12238.8275
11898000	12238.8909
11898500	12238.8841
11899000	12238.8339
11899500	12238.9266
11900000	12238.8604
11900500	12238.7839
11901000	12238.8076
11901500	12238.7401
11902000	12238.8076
11902500	12238.8374
11903000	12238.7788
11903500	12238.7471
11904000	12238.7408
11904500	12238.6822
11905000	12238.7044
11905500	12238.7250
11906000	12238.7258
11906500	12238.8000
11907000	12238.8463
11907500	12238.8781
11908000	12238.9064
11908500	12238.9483
11909000	12239.0058
11909500	12239.0195
11910000	12238.9957
11910500	12239.0133
11911000	12239.1211
11911500	12239.1519
11912000	12239.1505
11912500	12239.1470
11913000	12239.1987
11913500	12239.2503
11914000	12239.2905
11914500	12239.3427
11915000	12239.3232
11915500	12239.2414
11916000	12239.2937
11916500	12239.3179
11917000	12239.3624
11917500	12239.3696
11918000	12239.4430
11918500	12239.2888
11919000	12239.3034
11919500	12239.2580
11920000	12239.2004
11920500	12239.2389
11921000	12239.2958
11921500	12239.2735
11922000	12239.2836
11922500	12239.2823
11923000	12239.3837
11923500	12239.3026
11924000	12239.3444
11924500	12239.3580
11925000	12239.3511
11925500	12239.4032
11926000	12239.4351
11926500	12239.4459
11927000	12239.5371
11927500	12239.6619
11928000	12239.6581
11928500	12239.6253
11929000	12239.5580
11929500	12239.6062
11930000	12239.5981
11930500	12239.6622
11931000	12239.7173
11931500	12239.7942
11932000	12239.7626
11932500	12239.7913
11933000	12239.7687
11933500	12239.8188
11934000	12239.8820
11934500	12239.9142
11935000	12239.9781
11935500	12239.9515
11936000	12239.9039
11936500	12239.9115
11937000	12239.8827
11937500	12239.9701
11938000	12240.0345
11938500	12239.9612
11939000	12239.9252
11939500	12239.8733
11940000	12239.8786
11940500	12239.8640
11941000	12239.8763
11941500	12239.9264
11942000	12239.9211
11942500	12239.8255
11943000	12239.8353
11943500	12239.9093
11944000	12239.9990
11944500	12240.1182
11945000	12240.1204
11945500	12240.1562
11946000	12240.1974
11946500	12240.1480
11947000	12240.2788
11947500	12240.2997
11948000	12240.3601
11948500	12240.3192
11949000	12240.3366
11949500	12240.2943
11950000	12240.3060
11950500	12240.2977
11951000	12240.2303
11951500	12240.2508
11952000	12240.2340
11952500	12240.2973
11953000	12240.3748
11953500	12240.4382
11954000	12240.4142
11954500	12240.3553
11955000	12240.2909
11955500	12240.3047
11956000	12240.2447
11956500	12240.2393
11957000	12240.1652
11957500	12240.2414
11958000	12240.1843
11958500	12240.1422
11959000	12240.1764
11959500	12240.2550
11960000	12240.3321
11960500	12240.3149
11961000	12240.2846
11961500	12240.2909
11962000	12240.3078
11962500	12240.2763
11963000	12240.2587
11963500	12240.1758
11964000	12240.1267
11964500	12240.0787
11965000	12240.1204
11965500	12240.0634
11966000	12240.0574
11966500	12240.0490
11967000	12239.9774
11967500	12240.0979
11968000	12240.0382
11968500	12240.0513
11969000	12240.0945
11969500	12240.0785
11970000	12240.0850
11970500	12240.1400
11971000	12240.1192
11971500	12240.1752
11972000	12240.1946
11972500	12240.1623
11973000	12240.1361
11973500	12240.1928
11974000	12240.2262
11974500	12240.2326
11975000	12240.1534
11975500	12240.1882
11976000	12240.1425
11976500	12240.1810
11977000	12240.1756
11977500	12240.0710
11978000	12240.0725
11978500	12240.1052
11979000	12240.1290
11979500	12240.1080
11980000	12239.9731
11980500	12240.0954
11981000	12240.1368
11981500	12240.1396
11982000	12240.1039
11982500	12240.0292
11983000	12240.0277
11983500	12240.0440
11984000	12240.0889
11984500	12240.0255
11985000	12239.9987
11985500	12240.0832
11986000	12240.0487
11986500	12240.0513
11987000	12239.9918
11987500	12240.0134
11988000	12239.8858
11988500	12239.8487
11989000	12239.8682
11989500	12239.8794
11990000	12239.8737
11990500	12239.8662
11991000	12239.7916
11991500	12239.8975
11992000	12239.8126
11992500	12239.8364
11993000	12239.7974
11993500	12239.7773
11994000	12239.8950
11994500	12239.8516
11995000	12239.7870
11995500	12239.7725
11996000	12239.8038
11996500	12239.8256
11997000	12239.8520
11997500	12239.8447
11998000	12239.8161
11998500	12239.8341
11999000	12239.8633
11999500	12239.8449
12000000	12239.9052
12000500	12239.9269
12001000	12239.9524
12001500	12240.0348
12002000	12239.9806
12002500	12240.0086
12003000	12240.0394
12003500	12240.0180
12004000	12240.0281
12004500	12240.0079
12005000	12239.9053
12005500	12239.8364
12006000	12239.8374
12006500	12239.8884
12007000	12239.9644
12007500	12240.0707
12008000	12240.1153
12008500	12240.1378
12009000	12240.0741
12009500	12240.0194
12010000	12240.0229
12010500	12239.9502
12011000	12239.8781
12011500	12239.9348
12012000	12239.8731
12012500	12239.9563
12013000	12239.9127
12013500	12240.0523
12014000	12239.9990
12014500	12240.0061
12015000	12240.0322
12015500	12240.0040
12016000	12240.0439
12016500	12240.0810
12017000	12240.1634
12017500	12240.0853
12018000	12240.1429
12018500	12240.2202
12019000	12240.2213
12019500	12240.1585
12020000	12240.1861
12020500	12240.1320
12021000	12240.0350
12021500	12240.0975
12022000	12240.1371
12022500	12240.0607
12023000	12240.0736
12023500	12240.0717
12024000	12239.9766
12024500	12239.9336
12025000	12239.9156
12025500	12239.9602
12026000	12239.9945
12026500	12240.0512
12027000	12240.0369
12027500	12240.1185
12028000	12240.1233
12028500	12240.1839
12029000	12240.1578
12029500	12240.1839
12030000	12240.2544
12030500	12240.2778
12031000	12240.2637
12031500	12240.3202
12032000	12240.2120
12032500	12240.2183
12033000	12240.2994
12033500	12240.3627
12034000	12240.4182
12034500	12240.4269
12035000	12240.5142
12035500	12240.4412
12036000	12240.5290
12036500	12240.5436
12037000	12240.5857
12037500	12240.4681
12038000	12240.4513
12038500	12240.5062
12039000	12240.5625
12039500	12240.6171
12040000	12240.6041
12040500	12240.5953
12041000	12240.6278
12041500	12240.6996
12042000	12240.7695
12042500	12240.6914
12043000	12240.6614
12043500	12240.6973
12044000	12240.7349
12044500	12240.7496
12045000	12240.8389
12045500	12240.8484
12046000	12240.7534
12046500	12240.8601
12047000	12240.9244
12047500	12240.9545
12048000	12241.0088
12048500	12240.9895
12049000	12241.0051
12049500	12240.8794
12050000	12240.8476
12050500	12240.8503
12051000	12240.8897
12051500	12240.8910
12052000	12240.8959
12052500	12240.9014
12053000	12240.8077
12053500	12240.8578
12054000	12240.7832
12054500	12240.7210
12055000	12240.6896
12055500	12240.6681
12056000	12240.7106
12056500	12240.7179
12057000	12240.7562
12057500	12240.8299
12058000	12240.7996
12058500	12240.7366
12059000	12240.7924
12059500	12240.7372
12060000	12240.6119
12060500	12240.5910
12061000	12240.6340
12061500	12240.6414
12062000	12240.6193
12062500	12240.6808
12063000	12240.7171
12063500	12240.8447
12064000	12240.8696
12064500	12240.8387
12065000	12240.7975
12065500	12240.7253
12066000	12240.6435
12066500	12240.6562
12067000	12240.6145
12067500	12240.6934
12068000	12240.7174
12068500	12240.7078
12069000	12240.6546
12069500	12240.7209
12070000	12240.7474
12070500	12240.8570
12071000	12240.9445
12071500	12240.9547
12072000	12240.9902
12072500	12241.0259
12073000	12241.0064
12073500	12241.0246
12074000	12241.0732
12074500	12241.0000
12075000	12241.0136
12075500	12240.9592
12076000	12240.9629
12076500	12240.9347
12077000	12240.8683
12077500	12241.0431
12078000	12240.9585
12078500	12240.9391
12079000	12240.9789
12079500	12240.9751
12080000	12240.9845
12080500	12240.9769
12081000	12240.9716
12081500	12240.9737
12082000	12240.9282
12082500	12240.8889
12083000	12240.8513
12083500	12240.8178
12084000	12240.7551
12084500	12240.6802
12085000	12240.6133
12085500	12240.5761
12086000	12240.5985
12086500	12240.6722
12087000	12240.7191
12087500	12240.6411
12088000	12240.7258
12088500	12240.7142
12089000	12240.7387
12089500	12240.6977
12090000	12240.6156
12090500	12240.5521
12091000	12240.6912
12091500	12240.6654
12092000	12240.7328
12092500	12240.7397
12093000	12240.7044
12093500	12240.5921
12094000	12240.5493
12094500	12240.4434
12095000	12240.4162
12095500	12240.4916
12096000	12240.5025
12096500	12240.5415
12097000	12240.5888
12097500	12240.5146
12098000	12240.4849
12098500	12240.5128
12099000	12240.5516
12099500	12240.5163
12100000	12240.5430
12100500	12240.5468
12101000	12240.5471
12101500	12240.5238
12102000	12240.4305
12102500	12240.4474
12103000	12240.4155
12103500	12240.4513
12104000	12240.4359
12104500	12240.3452
12105000	12240.3651
12105500	12240.3950
12106000	12240.2612
12106500	12240.2506
12107000	12240.2926
12107500	12240.3194
12108000	12240.3056
12108500	12240.3025
12109000	12240.2988
12109500	12240.2696
12110000	12240.2725
12110500	12240.3542
12111000	12240.2969
12111500	12240.2874
12112000	12240.1473
12112500	12240.1794
12113000	12240.1995
12113500	12240.1522
12114000	12240.1383
12114500	12240.1218
12115000	12240.0434
12115500	12240.0981
12116000	12240.1089
12116500	12240.0669
12117000	12240.1537
12117500	12240.1197
12118000	12240.1593
12118500	12240.2265
12119000	12240.2061
12119500	12240.2093
12120000	12240.2372
12120500	12240.2109
12121000	12240.2510
12121500	12240.3229
12122000	12240.3168
12122500	12240.3639
12123000	12240.2994
12123500	12240.3017
12124000	12240.3112
12124500	12240.4247
12125000	12240.5063
12125500	12240.4681
12126000	12240.4622
12126500	12240.4548
12127000	12240.4282
12127500	12240.2991
12128000	12240.1885
12128500	12240.2502
12129000	12240.2856
12129500	12240.1692
12130000	12240.0194
12130500	12240.1140
12131000	12240.1299
12131500	12240.1046
12132000	12240.1057
12132500	12240.0738
12133000	12240.0803
12133500	12240.0599
12134000	12240.1883
12134500	12240.2199
12135000	12240.1665
12135500	12240.1507
12136000	12240.1453
12136500	12240.2303
12137000	12240.2505
12137500	12240.2182
12138000	12240.2371
12138500	12240.2825
12139000	12240.1332
12139500	12240.2357
12140000	12240.2367
12140500	12240.3219
12141000	12240.3750
12141500	12240.3516
12142000	12240.2746
12142500	12240.2256
12143000	12240.2329
12143500	12240.2342
12144000	12240.2020
12144500	12240.1590
12145000	12240.1791
12145500	12240.1920
12146000	12240.2486
12146500	12240.0735
12147000	12240.1110
12147500	12240.0934
12148000	12240.1295
12148500	12240.1330
12149000	12240.1523
12149500	12240.1576
12150000	12240.0936
12150500	12240.0890
12151000	12239.9486
12151500	12240.0141
12152000	12240.0540
12152500	12240.1236
12153000	12240.1566
12153500	12240.1103
12154000	12239.9935
12154500	12239.9705
12155000	12239.9696
12155500	12239.9957
12156000	12240.0614
12156500	12240.0853
12157000	12240.0374
12157500	12240.1006
12158000	12240.0993
12158500	12240.0166
12159000	12240.0284
12159500	12240.0612
12160000	12240.0263
12160500	12239.9118
12161000	12240.0342
12161500	12239.9681
12162000	12240.0545
12162500	12240.1055
12163000	12240.1583
12163500	12240.0359
12164000	12239.8897
12164500	12239.9009
12165000	12239.8662
12165500	12239.9167
12166000	12239.9411
12166500	12239.8896
12167000	12239.9276
12167500	12239.8759
12168000	12239.9483
12168500	12239.8588
12169000	12239.8358
12169500	12239.8572
12170000	12239.8269
12170500	12239.7737
12171000	12239.8252
12171500	12239.7790
12172000	12239.8520
12172500	12239.8244
12173000	12239.8440
12173500	12239.7711
12174000	12239.7755
12174500	12239.7537
12175000	12239.7712
12175500	12239.8204
12176000	12239.8301
12176500	12239.8262
12177000	12239.9080
12177500	12239.8734
12178000	12239.9338
12178500	12239.9565
12179000	12239.8474
12179500	12239.8591
12180000	12239.8481
12180500	12239.9473
12181000	12239.9497
12181500	12239.9958
12182000	12240.0298
12182500	12240.0654
12183000	12240.0502
12183500	12240.0476
12184000	12239.9194
12184500	12239.7676
12185000	12239.7844
12185500	12239.7979
12186000	12239.7428
12186500	12239.8114
12187000	12239.7795
12187500	12239.7917
12188000	12239.7266
12188500	12239.7464
12189000	12239.7442
12189500	12239.7619
12190000	12239.8267
12190500	12239.8322
12191000	12239.8794
12191500	12239.7763
12192000	12239.7547
12192500	12239.7653
12193000	12239.6636
12193500	12239.7240
12194000	12239.7750
12194500	12239.7833
12195000	12239.6941
12195500	12239.6458
12196000	12239.6441
12196500	12239.6411
12197000	12239.7067
12197500	12239.6617
12198000	12239.6322
12198500	12239.6622
12199000	12239.6853
12199500	12239.6814
12200000	12239.6655
12200500	12239.6344
12201000	12239.6154
12201500	12239.6466
12202000	12239.6401
12202500	12239.6238
12203000	12239.6659
12203500	12239.6160
12204000	12239.5117
12204500	12239.4271
12205000	12239.3712
12205500	12239.4147
12206000	12239.3847
12206500	12239.3532
12207000	12239.4369
12207500	12239.4527
12208000	12239.4747
12208500	12239.4363
12209000	12239.3747
12209500	12239.3607
12210000	12239.3284
12210500	12239.3389
12211000	12239.3996
12211500	12239.4512
12212000	12239.4739
12212500	12239.5282
12213000	12239.4755
12213500	12239.5065
12214000	12239.5037
12214500	12239.4765
12215000	12239.5327
12215500	12239.5090
12216000	12239.5114
12216500	12239.5486
12217000	12239.6043
12217500	12239.6338
12218000	12239.6234
12218500	12239.6402
12219000	12239.6992
12219500	12239.6906
12220000	12239.6936
12220500	12239.6833
12221000	12239.6732
12221500	12239.7487
12222000	12239.7267
12222500	12239.7386
12223000	12239.6736
12223500	12239.7073
12224000	12239.7435
12224500	12239.7615
12225000	12239.7304
12225500	12239.6858
12226000	12239.6370
12226500	12239.7008
12227000	12239.7296
12227500	12239.7402
12228000	12239.7845
12228500	12239.8075
12229000	12239.7618
12229500	12239.8241
12230000	12239.8372
12230500	12239.7851
12231000	12239.7413
12231500	12239.6834
12232000	12239.6669
12232500	12239.6361
12233000	12239.5940
12233500	12239.6181
12234000	12239.6651
12234500	12239.7261
12235000	12239.7290
12235500	12239.7545
12236000	12239.8141
12236500	12239.7908
12237000	12239.6739
12237500	12239.6757
12238000	12239.6298
12238500	12239.6585
12239000	12239.6811
12239500	12239.5819
12240000	12239.5361
12240500	12239.5790
12241000	12239.6203
12241500	12239.6144
12242000	12239.5769
12242500	12239.5358
12243000	12239.5994
12243500	12239.5803
12244000	12239.6336
12244500	12239.6834
12245000	12239.6389
12245500	12239.6278
12246000	12239.6974
12246500	12239.6799
12247000	12239.6967
12247500	12239.7071
12248000	12239.6674
12248500	12239.6954
12249000	12239.6671
12249500	12239.5598
12250000	12239.4596
12250500	12239.4537
12251000	12239.5038
12251500	12239.4895
12252000	12239.5306
12252500	12239.6920
12253000	12239.6919
12253500	12239.6479
12254000	12239.5158
12254500	12239.5212
12255000	12239.5801
12255500	12239.5889
12256000	12239.6084
12256500	12239.6032
12257000	12239.6090
12257500	12239.6866
12258000	12239.5691
12258500	12239.6102
12259000	12239.5867
12259500	12239.5395
12260000	12239.5870
12260500	12239.5307
12261000	12239.3867
12261500	12239.4085
12262000	12239.3162
12262500	12239.4443
12263000	12239.3615
12263500	12239.3565
12264000	12239.4011
12264500	12239.3851
12265000	12239.4016
12265500	12239.3709
12266000	12239.4077
12266500	12239.3993
12267000	12239.4167
12267500	12239.4385
12268000	12239.2769
12268500	12239.2120
12269000	12239.1607
12269500	12239.1283
12270000	12239.0739
12270500	12239.1436
12271000	12239.2100
12271500	12239.1271
12272000	12239.2203
12272500	12239.2747
12273000	12239.2559
12273500	12239.2394
12274000	12239.2201
12274500	12239.2045
12275000	12239.2309
12275500	12239.1381
12276000	12239.1606
12276500	12239.2035
12277000	12239.2085
12277500	12239.2319
12278000	12239.2040
12278500	12239.1817
12279000	12239.2159
12279500	12239.1260
12280000	12239.1607
12280500	12239.0605
12281000	12239.0998
12281500	12239.0463
12282000	12239.1124
12282500	12239.1427
12283000	12239.0808
12283500	12238.9588
12284000	12239.0304
12284500	12239.0397
12285000	12239.0064
12285500	12238.9844
12286000	12238.8960
12286500	12238.9713
12287000	12239.0796
12287500	12239.0961
12288000	12239.0160
12288500	12238.9005
12289000	12238.9317
12289500	12238.9436
12290000	12238.8731
12290500	12238.8552
12291000	12238.8407
12291500	12238.9079
12292000	12238.9588
12292500	12238.9015
12293000	12238.9030
12293500	12238.8244
12294000	12238.7832
12294500	12238.7428
12295000	12238.7760
12295500	12238.8227
12296000	12238.9147
12296500	12238.9783
12297000	12239.0032
12297500	12238.9293
12298000	12238.8626
12298500	12238.7114
12299000	12238.6571
12299500	12238.6220
12300000	12238.6108
12300500	12238.6153
12301000	12238.6727
12301500	12238.6923
12302000	12238.7479
12302500	12238.7062
12303000	12238.6926
12303500	12238.6306
12304000	12238.6677
12304500	12238.5991
12305000	12238.4997
12305500	12238.5445
12306000	12238.6360
12306500	12238.5958
12307000	12238.6063
12307500	12238.6413
12308000	12238.7339
12308500	12238.7661
12309000	12238.8237
12309500	12238.8147
12310000	12238.8468
12310500	12238.8565
12311000	12238.8789
12311500	12238.8951
12312000	12238.9465
12312500	12238.9633
12313000	12238.8930
12313500	12238.9482
12314000	12239.0158
12314500	12238.9809
12315000	12238.9877
12315500	12238.9493
12316000	12238.9950
12316500	12239.0145
12317000	12239.0709
12317500	12239.0198
12318000	12239.0516
12318500	12239.0434
12319000	12238.9652
12319500	12238.9736
12320000	12238.9865
12320500	12239.0362
12321000	12239.1340
12321500	12239.1834
12322000	12239.2476
12322500	12239.2894
12323000	12239.2276
12323500	12239.1600
12324000	12239.1489
12324500	12239.2329
12325000	12239.3265
12325500	12239.4255
12326000	12239.3941
12326500	12239.2740
12327000	12239.3116
12327500	12239.2840
12328000	12239.2179
12328500	12239.1862
12329000	12239.1491
12329500	12239.1525
12330000	12239.1866
12330500	12239.1875
12331000	12239.0851
12331500	12239.0410
12332000	12238.9597
12332500	12238.8698
12333000	12238.6899
12333500	12238.6925
12334000	12238.6970
12334500	12238.7592
12335000	12238.7506
12335500	12238.5701
12336000	12238.5691
12336500	12238.4681
12337000	12238.4380
12337500	12238.4508
12338000	12238.4215
12338500	12238.4656
12339000	12238.4629
12339500	12238.4431
12340000	12238.4808
12340500	12238.4391
12341000	12238.3418
12341500	12238.3225
12342000	12238.2701
12342500	12238.2602
12343000	12238.2481
12343500	12238.2328
12344000	12238.2551
12344500	12238.2672
12345000	12238.2749
12345500	12238.2436
12346000	12238.3441
12346500	12238.3401
12347000	12238.3477
12347500	12238.2294
12348000	12238.2568
12348500	12238.3204
12349000	12238.3141
12349500	12238.3313
12350000	12238.3134
12350500	12238.3495
12351000	12238.3681
12351500	12238.4507
12352000	12238.4861
12352500	12238.4930
12353000	12238.5427
12353500	12238.4927
12354000	12238.5116
12354500	12238.4613
12355000	12238.4592
12355500	12238.5155
12356000	12238.5121
12356500	12238.4383
12357000	12238.5012
12357500	12238.5241
12358000	12238.5444
12358500	12238.5799
12359000	12238.6657
12359500	12238.6825
12360000	12238.6694
12360500	12238.7307
12361000	12238.7415
12361500	12238.7950
12362000	12238.7991
12362500	12238.7966
12363000	12238.7521
12363500	12238.7715
12364000	12238.7632
12364500	12238.7555
12365000	12238.8324
12365500	12238.8353
12366000	12238.9122
12366500	12238.9418
12367000	12238.8999
12367500	12238.9688
12368000	12238.9419
12368500	12238.9360
12369000	12239.0271
12369500	12239.1047
12370000	12239.0910
12370500	12239.0602
12371000	12239.0515
12371500	12239.0681
12372000	12239.0926
12372500	12239.1433
12373000	12239.2045
12373500	12239.2586
12374000	12239.2663
12374500	12239.1862
12375000	12239.1860
12375500	12239.1128
12376000	12239.1105
12376500	12239.1180
12377000	12239.1327
12377500	12239.1103
12378000	12239.0919
12378500	12239.1432
12379000	12239.0962
12379500	12239.1145
12380000	12239.0376
12380500	12239.0990
12381000	12239.1267
12381500	12239.0741
12382000	12239.1015
12382500	12239.1576
12383000	12239.2279
12383500	12239.2363
12384000	12239.2611
12384500	12239.2851
12385000	12239.3227
12385500	12239.2800
12386000	12239.3606
12386500	12239.3049
12387000	12239.2166
12387500	12239.3619
12388000	12239.3921
12388500	12239.4103
12389000	12239.3971
12389500	12239.4099
12390000	12239.4604
12390500	12239.3764
12391000	12239.2429
12391500	12239.2631
12392000	12239.3101
12392500	12239.2443
12393000	12239.2516
12393500	12239.2011
12394000	12239.1607
12394500	12239.1351
12395000	12238.9718
12395500	12239.0498
12396000	12239.0829
12396500	12239.0179
12397000	12238.9933
12397500	12239.0159
12398000	12239.0021
12398500	12238.9971
12399000	12238.9495
12399500	12239.0139
12400000	12239.0531
12400500	12239.0735
12401000	12238.9831
12401500	12238.8969
12402000	12238.8979
12402500	12238.9373
12403000	12238.9246
12403500	12238.9265
12404000	12238.9474
12404500	12238.9196
12405000	12238.9007
12405500	12238.9083
12406000	12238.8905
12406500	12238.9338
12407000	12238.9850
12407500	12238.9478
12408000	12238.9234
12408500	12238.8579
12409000	12238.7795
12409500	12238.8550
12410000	12238.8552
12410500	12238.8397
12411000	12238.8319
12411500	12238.8533
12412000	12238.8946
12412500	12238.9869
12413000	12238.8502
12413500	12238.9671
12414000	12238.8568
12414500	12238.8715
12415000	12238.9206
12415500	12238.7919
12416000	12238.8180
12416500	12238.8487
12417000	12238.8310
12417500	12238.8585
12418000	12238.8026
12418500	12238.8513
12419000	12238.8816
12419500	12238.9308
12420000	12238.9101
12420500	12238.8095
12421000	12238.8184
12421500	12238.8574
12422000	12238.9549
12422500	12238.8925
12423000	12238.8548
12423500	12238.8325
12424000	12238.8441
12424500	12238.8672
12425000	12238.8995
12425500	12238.7760
12426000	12238.8934
12426500	12238.8525
12427000	12238.8852
12427500	12238.9052
12428000	12238.9217
12428500	12238.8270
12429000	12238.8037
12429500	12238.7749
12430000	12238.8302
12430500	12238.8714
12431000	12238.9191
12431500	12238.7677
12432000	12238.8981
12432500	12238.8050
12433000	12238.9378
12433500	12238.8246
12434000	12238.8332
12434500	12238.9512
12435000	12238.9839
12435500	12238.9197
12436000	12238.8534
12436500	12238.8688
12437000	12238.9637
12437500	12238.8781
12438000	12238.8401
12438500	12238.8182
12439000	12238.7774
12439500	12238.7343
12440000	12238.8555
12440500	12238.8296
12441000	12238.8319
12441500	12238.8238
12442000	12238.7046
12442500	12238.6388
12443000	12238.5676
12443500	12238.5870
12444000	12238.5391
12444500	12238.5453
12445000	12238.5581
12445500	12238.5821
12446000	12238.5345
12446500	12238.5426
12447000	12238.5357
12447500	12238.5829
12448000	12238.5616
12448500	12238.5662
12449000	12238.5693
12449500	12238.5632
12450000	12238.4864
12450500	12238.5375
12451000	12238.5122
12451500	12238.4545
12452000	12238.3901
12452500	12238.3927
12453000	12238.3947
12453500	12238.3065
12454000	12238.3227
12454500	12238.3729
12455000	12238.3583
12455500	12238.4009
12456000	12238.3761
12456500	12238.4189
12457000	12238.4035
12457500	12238.3449
12458000	12238.2592
12458500	12238.3152
12459000	12238.2638
12459500	12238.2675
12460000	12238.2630
12460500	12238.1492
12461000	12238.1229
12461500	12238.0731
12462000	12238.1189
12462500	12238.1235
12463000	12238.1263
12463500	12238.0815
12464000	12238.1232
12464500	12238.2078
12465000	12238.2855
12465500	12238.2999
12466000	12238.2166
12466500	12238.1837
12467000	12238.2172
12467500	12238.3600
12468000	12238.3210
12468500	12238.3866
12469000	12238.3543
12469500	12238.3530
12470000	12238.3762
12470500	12238.3025
12471000	12238.2834
12471500	12238.3108
12472000	12238.3567
12472500	12238.3469
12473000	12238.3674
12473500	12238.3614
12474000	12238.3731
12474500	12238.2877
12475000	12238.3061
12475500	12238.2749
12476000	12238.2343
12476500	12238.2903
12477000	12238.3382
12477500	12238.3526
12478000	12238.3478
12478500	12238.3809
12479000	12238.4185
12479500	12238.3635
12480000	12238.3737
12480500	12238.2988
12481000	12238.2885
12481500	12238.3593
12482000	12238.3049
12482500	12238.2916
12483000	12238.3236
12483500	12238.2602
12484000	12238.2119
12484500	12238.1975
12485000	12238.1543
12485500	12238.1570
12486000	12238.2228
12486500	12238.2837
12487000	12238.3063
12487500	12238.3169
12488000	12238.2361
12488500	12238.1632
12489000	12238.2427
12489500	12238.2438
12490000	12238.2876
12490500	12238.3330
12491000	12238.3281
12491500	12238.3064
12492000	12238.2701
12492500	12238.2940
12493000	12238.3004
12493500	12238.2321
12494000	12238.2398
12494500	12238.2006
12495000	12238.2385
12495500	12238.1648
12496000	12238.1907
12496500	12238.1882
12497000	12238.2136
12497500	12238.2216
12498000	12238.2403
12498500	12238.0697
12499000	12238.1295
12499500	12238.1501
12500000	12238.2129
12500500	12238.2093
12501000	12238.1889
12501500	12238.3633
12502000	12238.4099
12502500	12238.3055
12503000	12238.2700
12503500	12238.3157
12504000	12238.2894
12504500	12238.1884
12505000	12238.1088
12505500	12238.0885
12506000	12238.0622
12506500	12237.9980
12507000	12237.9017
12507500	12237.8825
12508000	12237.8600
12508500	12237.8810
12509000	12237.9228
12509500	12237.9770
12510000	12237.9103
12510500	12237.9551
12511000	12237.7551
12511500	12237.7441
12512000	12237.7494
12512500	12237.8182
12513000	12237.8596
12513500	12237.9168
12514000	12237.8761
12514500	12237.8681
12515000	12237.9031
12515500	12237.9360
12516000	12237.9341
12516500	12237.9001
12517000	12237.9390
12517500	12237.9396
12518000	12237.8655
12518500	12237.8583
12519000	12237.8723
12519500	12237.9163
12520000	12237.9455
12520500	12237.9346
12521000	12237.9838
12521500	12237.8457
12522000	12237.7112
12522500	12237.7246
12523000	12237.7051
12523500	12237.7767
12524000	12237.6501
12524500	12237.7385
12525000	12237.6682
12525500	12237.5804
12526000	12237.6550
12526500	12237.7479
12527000	12237.6370
12527500	12237.6686
12528000	12237.6312
12528500	12237.5873
12529000	12237.6036
12529500	12237.6434
12530000	12237.6040
12530500	12237.5399
12531000	12237.5600
12531500	12237.4992
12532000	12237.5682
12532500	12237.5909
12533000	12237.6388
12533500	12237.6531
12534000	12237.6275
12534500	12237.7173
12535000	12237.6773
12535500	12237.5865
12536000	12237.4614
12536500	12237.4117
12537000	12237.4826
12537500	12237.5205
12538000	12237.4007
12538500	12237.4667
12539000	12237.4995
12539500	12237.6145
12540000	12237.6216
12540500	12237.6012
12541000	12237.5364
12541500	12237.5158
12542000	12237.5908
12542500	12237.6265
12543000	12237.6458
12543500	12237.6546
12544000	12237.5808
12544500	12237.5938
12545000	12237.6560
12545500	12237.6857
12546000	12237.6941
12546500	12237.7083
12547000	12237.7158
12547500	12237.6958
12548000	12237.6306
12548500	12237.6425
12549000	12237.5858
12549500	12237.4875
12550000	12237.4775
12550500	12237.4537
12551000	12237.4927
12551500	12237.5213
12552000	12237.4935
12552500	12237.3731
12553000	12237.3419
12553500	12237.2897
12554000	12237.2689
12554500	12237.2835
12555000	12237.2494
12555500	12237.2311
12556000	12237.1689
12556500	12237.0725
12557000	12236.9531
12557500	12236.9607
12558000	12236.9781
12558500	12237.0443
12559000	12237.0984
12559500	12237.0909
12560000	12237.1389
12560500	12237.0939
12561000	12237.1950
12561500	12237.1988
12562000	12237.1370
12562500	12236.9782
12563000	12236.9950
12563500	12236.9930
12564000	12236.8777
12564500	12236.8570
12565000	12236.8593
12565500	12236.8733
12566000	12236.9355
12566500	12236.9825
12567000	12236.9887
12567500	12236.9168
12568000	12236.8243
12568500	12236.8261
12569000	12236.7768
12569500	12236.6841
12570000	12236.6961
12570500	12236.6965
12571000	12236.6780
12571500	12236.7120
12572000	12236.6918
12572500	12236.6419
12573000	12236.5415
12573500	12236.5549
12574000	12236.6202
12574500	12236.6330
12575000	12236.5396
12575500	12236.5584
12576000	12236.5150
12576500	12236.5247
12577000	12236.3959
12577500	12236.3666
12578000	12236.2616
12578500	12236.1825
12579000	12236.2365
12579500	12236.1467
12580000	12236.2958
12580500	12236.2014
12581000	12236.2530
12581500	12236.2667
12582000	12236.2681
12582500	12236.3228
12583000	12236.2491
12583500	12236.2657
12584000	12236.2720
12584500	12236.2777
12585000	12236.3149
12585500	12236.3434
12586000	12236.3785
12586500	12236.3928
12587000	12236.3462
12587500	12236.2977
12588000	12236.2805
12588500	12236.2830
12589000	12236.3198
12589500	12236.2604
12590000	12236.2666
12590500	12236.2712
12591000	12236.2159
12591500	12236.2313
12592000	12236.2387
12592500	12236.1747
12593000	12236.1739
12593500	12236.1211
12594000	12236.0885
12594500	12236.0453
12595000	12236.1605
12595500	12236.1982
12596000	12236.1687
12596500	12236.2461
12597000	12236.2636
12597500	12236.2627
12598000	12236.3197
12598500	12236.3728
12599000	12236.3550
12599500	12236.4166
12600000	12236.3659
12600500	12236.4154
12601000	12236.4435
12601500	12236.3961
12602000	12236.4542
12602500	12236.5200
12603000	12236.5292
12603500	12236.5161
12604000	12236.4550
12604500	12236.5566
12605000	12236.6160
12605500	12236.5551
12606000	12236.5898
12606500	12236.6212
12607000	12236.6634
12607500	12236.6075
12608000	12236.5969
12608500	12236.5679
12609000	12236.4974
12609500	12236.5373
12610000	12236.4352
12610500	12236.4816
12611000	12236.4573
12611500	12236.5811
12612000	12236.6041
12612500	12236.6460
12613000	12236.6699
12613500	12236.6930
12614000	12236.6936
12614500	12236.6420
12615000	12236.7158
12615500	12236.6820
12616000	12236.6427
12616500	12236.6058
12617000	12236.6652
12617500	12236.6484

