Contact	Overhead
500	 NaN
1000	 NaN
1500	 83.0
2000	 83.66666666666667
2500	 94.0
3000	 64.5
3500	 56.166666666666664
4000	 50.35294117647059
4500	 57.833333333333336
5000	 50.916666666666664
5500	 51.81481481481482
6000	 54.724137931034484
6500	 52.029411764705884
7000	 50.8421052631579
7500	 51.853658536585364
8000	 52.75
8500	 53.06382978723404
9000	 49.888888888888886
9500	 48.33898305084746
10000	 47.578125
10500	 46.128571428571426
11000	 46.04054054054054
11500	 47.13157894736842
12000	 45.566265060240966
12500	 43.494505494505496
13000	 43.71578947368421
13500	 44.04081632653061
14000	 43.87378640776699
14500	 43.916666666666664
15000	 43.7787610619469
15500	 44.136752136752136
16000	 45.18487394957983
16500	 45.27642276422764
17000	 45.4140625
17500	 45.067669172932334
18000	 44.3
18500	 44.48951048951049
19000	 42.94078947368421
19500	 42.39873417721519
20000	 42.515337423312886
20500	 43.36585365853659
21000	 44.13855421686747
21500	 42.89714285714286
22000	 42.24175824175824
22500	 42.57837837837838
23000	 42.26701570680628
23500	 42.42051282051282
24000	 42.944162436548226
24500	 43.275
25000	 42.729468599033815
25500	 41.65898617511521
26000	 41.710407239819006
26500	 41.6283185840708
27000	 42.14912280701754
27500	 41.44491525423729
28000	 41.148148148148145
28500	 41.63414634146341
29000	 41.535714285714285
29500	 41.08880308880309
30000	 40.973584905660374
30500	 41.43071161048689
31000	 41.338235294117645
31500	 41.17985611510792
32000	 41.130742049469966
32500	 41.079861111111114
33000	 41.0
33500	 41.2996632996633
34000	 41.38079470198676
34500	 41.1948051948052
35000	 40.7626582278481
35500	 40.87147335423197
36000	 40.916408668730654
36500	 40.333333333333336
37000	 40.57440476190476
37500	 40.37426900584796
38000	 40.21551724137931
38500	 39.71708683473389
39000	 39.925
39500	 40.05769230769231
40000	 39.99189189189189
40500	 39.93866666666667
41000	 40.01846965699208
41500	 39.92727272727273
42000	 39.67857142857143
42500	 39.64646464646464
43000	 39.17733990147783
43500	 39.22682926829268
44000	 39.255421686746985
44500	 39.27619047619048
45000	 39.18501170960187
45500	 39.2877030162413
46000	 38.93621867881549
46500	 38.90561797752809
47000	 38.767699115044245
47500	 38.61437908496732
48000	 38.8763557483731
48500	 38.79229122055675
49000	 38.37735849056604
49500	 38.247933884297524
50000	 38.23312883435583
50500	 38.55102040816327
51000	 38.49193548387097
51500	 38.4810379241517
52000	 38.54851485148515
52500	 38.616895874263264
53000	 38.61089494163424
53500	 38.267686424474185
54000	 38.16068052930057
54500	 38.14766355140187
55000	 38.29182156133829
55500	 38.30330882352941
56000	 38.63669724770642
56500	 38.50632911392405
57000	 38.45796064400716
57500	 38.29982363315697
58000	 38.017391304347825
58500	 38.09861591695502
59000	 37.86860068259386
59500	 37.9660441426146
60000	 38.14382402707276
60500	 38.129411764705885
61000	 38.17195325542571
61500	 37.94233937397035
62000	 37.79641693811075
62500	 37.46314102564103
63000	 37.46263910969793
63500	 37.54272151898734
64000	 37.59119496855346
64500	 37.68231611893584
65000	 37.7111801242236
65500	 37.63230769230769
66000	 37.63969465648855
66500	 37.80669710806697
67000	 37.85627836611195
67500	 37.90375939849624
68000	 37.704309063893014
68500	 37.82988165680474
69000	 37.86911764705882
69500	 38.004392386530014
70000	 38.00582241630276
70500	 37.919308357348704
71000	 37.87571428571429
71500	 38.08273894436519
72000	 38.02824858757062
72500	 38.150492264416314
73000	 38.065642458100555
73500	 38.29428172942817
74000	 38.099173553719005
74500	 38.057377049180324
75000	 38.09090909090909
75500	 37.973118279569896
76000	 37.99332443257677
76500	 38.0332005312085
77000	 38.312084993359896
77500	 38.376486129458385
78000	 38.309305373525554
78500	 38.33507170795306
79000	 38.49024707412224
79500	 38.557567917205695
80000	 38.49807445442875
80500	 38.362134688691235
81000	 38.38510101010101
81500	 38.23875
82000	 38.30099502487562
82500	 38.065110565110565
83000	 38.006090133982944
83500	 38.12393681652491
84000	 38.171497584541065
84500	 38.172869147659064
85000	 38.08462455303933
85500	 38.066272189349114
86000	 38.136792452830186
86500	 37.80952380952381
87000	 37.82890173410404
87500	 37.66475972540046
88000	 37.582292849035184
88500	 37.66628959276018
89000	 37.706877113866966
89500	 37.80337078651685
90000	 37.81117318435754
90500	 37.80022197558269
91000	 37.698237885462554
91500	 37.64808743169399
92000	 37.61672095548317
92500	 37.573894282632146
93000	 37.52676659528908
93500	 37.55437100213219
94000	 37.4973544973545
94500	 37.53473684210526
95000	 37.637985309548796
95500	 37.65308254963428
96000	 37.67950052029136
96500	 37.682523267838675
97000	 37.4167517875383
97500	 37.425813008130085
98000	 37.42871587462083
98500	 37.49495967741935
99000	 37.49247743229689
99500	 37.48003992015968
100000	 37.51936444885799
100500	 37.64915758176412
101000	 37.716403162055336
101500	 37.59705882352941
102000	 37.66373411534702
102500	 37.63459669582119
103000	 37.45909528392685
103500	 37.34288443170965
104000	 37.34567901234568
104500	 37.384105960264904
105000	 37.53686200378072
105500	 37.69593956562795
106000	 37.71146616541353
106500	 37.65079365079365
107000	 37.466728280961185
107500	 37.401285583103764
108000	 37.462946020128086
108500	 37.42090909090909
109000	 37.28764652840397
109500	 37.30430879712747
110000	 37.417040358744394
110500	 37.4375
111000	 37.355496453900706
111500	 37.21353251318102
112000	 37.19143356643357
112500	 36.96197061365601
113000	 36.893470790378004
113500	 36.89991445680069
114000	 36.94373401534527
114500	 36.96856414613424
115000	 36.983065198983915
115500	 37.054898648648646
116000	 37.05550883095038
116500	 37.018410041841
117000	 36.96419650291424
117500	 36.86848635235732
118000	 36.90436933223413
118500	 36.6560717196414
119000	 36.65069049553209
119500	 36.71717990275527
120000	 36.81148867313916
120500	 36.91673403395311
121000	 36.96454472199839
121500	 37.06999195494771
122000	 37.061698717948715
122500	 37.0518341307815
123000	 36.955661124307206
123500	 37.023696682464454
124000	 37.03933910306845
124500	 36.994518402505875
125000	 37.054730258014075
125500	 37.09438377535101
126000	 37.16822429906542
126500	 37.096049573973666
127000	 37.087124132613724
127500	 37.245181187355435
128000	 37.27747886241353
128500	 37.30168453292496
129000	 37.33180778032037
129500	 37.397260273972606
130000	 37.4309559939302
130500	 37.440998487140696
131000	 37.51283987915408
131500	 37.53122648607976
132000	 37.500748502994014
132500	 37.5544776119403
133000	 37.679850746268656
133500	 37.57925925925926
134000	 37.47167034584253
134500	 37.448680351906155
135000	 37.393586005830905
135500	 37.32826086956522
136000	 37.3742774566474
136500	 37.378689704823614
137000	 37.37302725968436
137500	 37.335
138000	 37.349466192170816
138500	 37.39389638041164
139000	 37.31333803810868
139500	 37.29163738580464
140000	 37.24685314685315
140500	 37.23885793871866
141000	 37.21775312066574
141500	 37.22874913614375
142000	 37.1980742778542
142500	 37.17180013689254
143000	 37.16575716234652
143500	 37.07457627118644
144000	 37.09871534820825
144500	 37.163967611336034
145000	 37.18236877523553
145500	 37.28293010752688
146000	 37.244816053511705
146500	 37.17165668662675
147000	 37.22923588039867
147500	 37.18001323626737
148000	 37.07631578947368
148500	 37.07737704918033
149000	 37.02022178734507
149500	 37.068314899154196
150000	 37.07782101167315
150500	 37.08403361344538
151000	 37.149032258064516
151500	 37.041666666666664
152000	 36.98659859604339
152500	 37.03946530872056
153000	 37.044444444444444
153500	 37.06518987341772
154000	 37.0453972257251
154500	 37.003768844221106
155000	 37.044486215538846
155500	 37.07
156000	 37.02364654635968
156500	 37.098880597014926
157000	 37.12034739454094
157500	 37.10259579728059
158000	 37.120838471023426
158500	 37.156826568265686
159000	 37.145833333333336
159500	 37.074954296160875
160000	 37.03216019417476
160500	 36.97403381642512
161000	 36.9632972322503
161500	 36.9628074385123
162000	 36.93010752688172
162500	 36.91309523809524
163000	 36.88500296384114
163500	 36.96092362344583
164000	 37.02482269503546
164500	 37.11104548139397
165000	 37.09658421672556
165500	 37.045134818288396
166000	 37.0303738317757
166500	 37.02679091438556
167000	 37.09307737056428
167500	 37.07010428736964
168000	 37.08208092485549
168500	 37.114252740911716
169000	 37.13413932066782
169500	 37.124569460390354
170000	 37.09028571428571
170500	 37.065489749430526
171000	 37.075568181818184
171500	 37.065155807365436
172000	 37.05084745762712
172500	 37.06760563380282
173000	 37.03591470258137
173500	 37.13692480359147
174000	 37.17861142217245
174500	 37.175223214285715
175000	 37.138410227904394
175500	 37.21198668146504
176000	 37.14080618442849
176500	 37.121629058888274
177000	 37.09105869445968
177500	 37.07217058501914
178000	 37.10480349344978
178500	 37.13616557734205
179000	 37.08844275637547
179500	 37.12026002166847
180000	 37.125877903835764
180500	 37.212628170534266
181000	 37.17795698924731
181500	 37.271359484148306
182000	 37.28938906752411
182500	 37.283805451630144
183000	 37.2800851970181
183500	 37.25053078556263
184000	 37.306306306306304
184500	 37.337566137566135
185000	 37.34617414248021
185500	 37.31966351209253
186000	 37.31987414787625
186500	 37.349555206698064
187000	 37.42655514898066
187500	 37.375650364203956
188000	 37.414025974025975
188500	 37.41636457793889
189000	 37.44186046511628
189500	 37.43894899536321
190000	 37.4224049331963
190500	 37.3546571136131
191000	 37.42740286298569
191500	 37.4527820316488
192000	 37.45417515274949
192500	 37.524173027989825
193000	 37.478459199189054
193500	 37.47852450732693
194000	 37.477318548387096
194500	 37.491448692152915
195000	 37.45764411027569
195500	 37.46176911544228
196000	 37.46261216350947
196500	 37.55655206776283
197000	 37.57682744903033
197500	 37.554509415262636
198000	 37.57644730331519
198500	 37.57650542941757
199000	 37.60344827586207
199500	 37.56133464180569
200000	 37.61293483586477
200500	 37.63863080684597
201000	 37.628961482203806
201500	 37.64250972762646
202000	 37.63609898107715
202500	 37.656658595641645
203000	 37.60492040520984
203500	 37.692715870718764
204000	 37.72267693789119
204500	 37.687619961612285
205000	 37.688038277511964
205500	 37.676849642004775
206000	 37.650642551166115
206500	 37.65289648622982
207000	 37.65071090047393
207500	 37.64555765595463
208000	 37.624410933082
208500	 37.67576470588235
209000	 37.63508442776735
209500	 37.59373539036933
210000	 37.55591798695247
210500	 37.587906976744186
211000	 37.593779015784584
211500	 37.61584800741427
212000	 37.60980120203421
212500	 37.68608414239482
213000	 37.60147261849977
213500	 37.56743119266055
214000	 37.586080586080584
214500	 37.586301369863016
215000	 37.57695810564663
215500	 37.59
216000	 37.630957784838856
216500	 37.61928474422816
217000	 37.69502262443439
217500	 37.72435607772255
218000	 37.68333333333333
218500	 37.73042304230423
219000	 37.734620565783565
219500	 37.72670250896057
220000	 37.697186243858866
220500	 37.705882352941174
221000	 37.72864768683274
221500	 37.75355239786856
222000	 37.80523513753327
222500	 37.82410279131591
223000	 37.846017699115045
223500	 37.80952380952381
224000	 37.78056288478452
224500	 37.8396309314587
225000	 37.86184210526316
225500	 37.88660245183888
226000	 37.83122546881814
226500	 37.89150326797385
227000	 37.88439808778792
227500	 37.931423611111114
228000	 37.91259195153613
228500	 37.86934023285899
229000	 37.897115798536376
229500	 37.870330613997425
230000	 37.875321336760926
230500	 37.89174154899444
231000	 37.86226012793177
231500	 37.80203908241291
232000	 37.80542602797796
232500	 37.82987727465087
233000	 37.86855452240068
233500	 37.923141891891895
234000	 37.909052631578945
234500	 37.91172761664565
235000	 37.935375577003775
235500	 37.97611064543168
236000	 37.92320534223706
236500	 37.935833333333335
237000	 37.923940149625935
237500	 37.970112079701124
238000	 37.92263136119156
238500	 37.921933085501855
239000	 37.80279375513558
239500	 37.76403113478083
240000	 37.76052308949734
240500	 37.800816326530615
241000	 37.85161027313494
241500	 37.87952787952788
242000	 37.79854073773814
242500	 37.81869688385269
243000	 37.808235769075495
243500	 37.83192261185006
244000	 37.824688379573786
244500	 37.78869286287089
245000	 37.757696921231506
245500	 37.72499003587087
246000	 37.69713831478538
246500	 37.696945656485525
247000	 37.70891089108911
247500	 37.732990506329116
248000	 37.74881516587678
248500	 37.70866141732284
249000	 37.74714903657098
249500	 37.75156985871271
250000	 37.781654253234024
250500	 37.76456785295268
251000	 37.77001171417415
251500	 37.743769470404985
252000	 37.744656043528956
252500	 37.774844720496894
253000	 37.731528046421666
253500	 37.72471042471042
254000	 37.74248265227448
254500	 37.759430331023864
255000	 37.790930053804765
255500	 37.83256528417819
256000	 37.8095785440613
256500	 37.78746177370031
257000	 37.801908396946565
257500	 37.83790999237223
258000	 37.861714285714285
258500	 37.78444022770398
259000	 37.81197877179682
259500	 37.84973504920515
260000	 37.79554884949076
260500	 37.809864457831324
261000	 37.86267870579383
261500	 37.88805409466566
262000	 37.87518740629685
262500	 37.836696562032884
263000	 37.82214765100671
263500	 37.83246463142219
264000	 37.89244510606625
264500	 37.938661710037174
265000	 37.96175269216487
265500	 37.9481289366432
266000	 37.984450203628285
266500	 37.959379615952734
267000	 37.963509030593436
267500	 37.967255334805
268000	 38.00147004777655
268500	 38.01540719002201
269000	 38.004390779363334
269500	 37.96424662531923
270000	 37.9712204007286
270500	 38.009097525473074
271000	 38.06147690069116
271500	 38.057350272232306
272000	 38.053985507246374
272500	 38.051717902350816
273000	 38.06572769953052
273500	 38.1154817755323
274000	 38.13410237923576
274500	 38.12374100719425
275000	 38.09113742375314
275500	 38.08810888252149
276000	 38.09617447264927
276500	 38.1146019278829
277000	 38.098681866761666
277500	 38.06680881307747
278000	 38.03047484053862
278500	 38.05205382436261
279000	 38.05549664192294
279500	 38.06989057536181
280000	 38.079661614381386
280500	 38.085121350685895
281000	 38.1402460456942
281500	 38.11855489301999
282000	 38.145059565522075
282500	 38.132517482517486
283000	 38.16142557651992
283500	 38.22179531959483
284000	 38.19372822299652
284500	 38.10340041637752
285000	 38.03941908713693
285500	 38.027260179434094
286000	 38.02583534274888
286500	 38.073691460055095
287000	 38.04500171762281
287500	 38.1058055650979
288000	 38.13520933424846
288500	 38.12910958904109
289000	 38.100478468899524
289500	 38.07159904534606
290000	 38.07079646017699
290500	 38.03088934147997
291000	 38.010159160176094
291500	 38.051776649746195
292000	 38.07637715444407
292500	 38.11689189189189
293000	 38.09875294910684
293500	 38.11982497475597
294000	 38.10849848841115
294500	 38.10764587525151
295000	 38.09809173083361
295500	 38.11438127090301
296000	 38.0950950950951
296500	 38.05721889554225
297000	 38.09272183449651
297500	 38.08457711442786
298000	 38.02909090909091
298500	 38.035325189831624
299000	 38.0168039538715
299500	 37.99079552925707
300000	 38.00853858784893
300500	 38.01114754098361
301000	 38.01211129296236
301500	 38.04350670592084
302000	 38.00456919060052
302500	 37.970387243735765
303000	 37.98927178153446
303500	 37.99513145082766
304000	 37.972806733570735
304500	 37.94801420729738
305000	 37.996126533247256
305500	 38.027096774193545
306000	 38.042190016103056
306500	 38.036644165863066
307000	 38.01636188642926
307500	 37.9910371318822
308000	 37.961059687200766
308500	 37.96845124282983
309000	 37.95324427480916
309500	 37.94126984126984
310000	 37.96954314720812
310500	 37.966423820082355
311000	 37.93489254108723
311500	 37.93531082360366
312000	 37.952095808383234
312500	 37.916404776869896
313000	 37.95414572864322
313500	 37.96769134253451
314000	 38.023204766384445
314500	 38.013145539906105
315000	 38.0146875
315500	 38.00499064254523
316000	 38.01276860791031
316500	 37.963975155279506
317000	 37.941121784939575
317500	 37.95636025998143
318000	 37.961669242658424
318500	 37.96109910466193
319000	 37.96794081381011
319500	 38.00277178934401
320000	 38.032923076923076
320500	 38.06455579465109
321000	 37.999080600674226
321500	 37.96698257413635
322000	 37.997861942577885
322500	 38.04304029304029
323000	 38.044817073170734
323500	 38.03195374315277
324000	 38.04986318029796
324500	 38.04066767830046
325000	 38.04787878787879
325500	 38.003928679359326
326000	 38.031099033816425
326500	 37.976520168573145
327000	 37.97685602645026
327500	 37.960407918416315
328000	 37.954191616766465
328500	 37.972180676039486
329000	 38.002690582959644
329500	 37.95229576624926
330000	 37.90306274159976
330500	 37.90353220540219
331000	 37.93859388905369
331500	 37.90648120745783
332000	 37.913120567375884
332500	 37.90973451327434
333000	 37.910751104565534
333500	 37.93025309005297
334000	 37.92798353909465
334500	 37.92253521126761
335000	 37.91708174626428
335500	 37.94759953161593
336000	 37.957602339181285
336500	 37.87674825174825
337000	 37.87256328193192
337500	 37.84615384615385
338000	 37.83922363847045
338500	 37.83511715360139
339000	 37.83477758521086
339500	 37.86955266955267
340000	 37.904267589388695
340500	 37.88748201438849
341000	 37.911155836687755
341500	 37.95288710140764
342000	 37.96241032998565
342500	 37.981651376146786
343000	 37.953947368421055
343500	 37.963142857142856
344000	 37.99828669331811
344500	 37.95300484192538
345000	 37.910485933503836
345500	 37.92589437819421
346000	 37.97019585580471
346500	 37.96626984126984
347000	 37.93129770992366
347500	 37.94719005930528
348000	 37.94275239706712
348500	 37.96083403775712
349000	 37.90758426966292
349500	 37.91638608305275
350000	 37.92014569907537
350500	 37.927791771620484
351000	 37.91813355685946
351500	 37.90460251046025
352000	 37.893344472291844
352500	 37.896829810901004
353000	 37.918055555555554
353500	 37.91983356449376
354000	 37.91387427305455
354500	 37.90876416920099
355000	 37.930662983425414
355500	 37.910418963616316
356000	 37.896836313617605
356500	 37.89642857142857
357000	 37.8878222709819
357500	 37.876813577881194
358000	 37.84485113357006
358500	 37.83337878374693
359000	 37.834150326797385
359500	 37.82082653616096
360000	 37.77732573908327
360500	 37.78542400433487
361000	 37.804818624796965
361500	 37.836309523809526
362000	 37.82842475006755
362500	 37.80156376381774
363000	 37.78928955866523
363500	 37.77867311308085
364000	 37.797155889455325
364500	 37.74765854963875
365000	 37.7626303127506
365500	 37.76668446342766
366000	 37.74267448055407
366500	 37.78002663115846
367000	 37.792498004788506
367500	 37.773234200743495
368000	 37.769557146645454
368500	 37.77542372881356
369000	 37.694906307732914
369500	 37.705773793830744
370000	 37.71187779826179
370500	 37.718306154655444
371000	 37.73068838675775
371500	 37.74770280913626
372000	 37.76626442812172
372500	 37.784853249475894
373000	 37.81539670070699
373500	 37.776587405278285
374000	 37.8088772845953
374500	 37.79593432369038
375000	 37.76983094928479
375500	 37.791114575214344
376000	 37.789623865110244
376500	 37.77700077700078
377000	 37.78214747736093
377500	 37.765237603305785
378000	 37.78147574819401
378500	 37.773827923750645
379000	 37.753407045512986
379500	 37.77460806990491
380000	 37.79244798356024
380500	 37.81976893453145
381000	 37.80774160471674
381500	 37.77615758506012
382000	 37.78604294478528
382500	 37.793667007150155
383000	 37.80484693877551
383500	 37.80178343949044
384000	 37.7767607424358
384500	 37.80203303684879
385000	 37.77504438244991
385500	 37.78312642513301
386000	 37.756763590391905
386500	 37.755050505050505
387000	 37.74810892586989
387500	 37.71446540880503
388000	 37.71532663316583
388500	 37.669506389376096
389000	 37.70698722764838
389500	 37.68325
390000	 37.69805194805195
390500	 37.723414877683474
391000	 37.746506986027946
391500	 37.77830423940149
392000	 37.73756218905473
392500	 37.75074552683897
393000	 37.75099304865938
393500	 37.76835317460318
394000	 37.70071728914173
394500	 37.70207509881423
395000	 37.73086419753086
395500	 37.734401972872995
396000	 37.74913750616067
396500	 37.71372356123955
397000	 37.73384123863357
397500	 37.74177712322042
398000	 37.76796664213883
398500	 37.75024485798237
399000	 37.68408203125
399500	 37.68446720312119
400000	 37.68996590355577
400500	 37.71299902629016
401000	 37.75571776155718
401500	 37.75644141954302
402000	 37.77076250607091
402500	 37.780499636187244
403000	 37.79568589432865
403500	 37.80532687651332
404000	 37.83712487899322
404500	 37.849891225525745
405000	 37.858695652173914
405500	 37.806070826306915
406000	 37.81188356988213
406500	 37.81451225372417
407000	 37.8025905492924
407500	 37.77849616858238
408000	 37.789712918660285
408500	 37.79139784946236
409000	 37.802100740033424
409500	 37.79923700524559
410000	 37.7795762913592
410500	 37.75083135391924
411000	 37.77326685660019
411500	 37.80446131941149
412000	 37.79763033175355
412500	 37.808712121212125
413000	 37.81196783349101
413500	 37.789324515824276
414000	 37.75695426685526
414500	 37.757004944666825
415000	 37.768235294117645
415500	 37.78420310296192
416000	 37.768364233747945
416500	 37.80783669638667
417000	 37.81017108038434
417500	 37.81015917602996
418000	 37.81852198316184
418500	 37.83851367141855
419000	 37.82781147923472
419500	 37.83756700069914
420000	 37.872816212438856
420500	 37.87153828252269
421000	 37.9030006978367
421500	 37.916802231001626
422000	 37.95052264808363
422500	 37.9538283062645
423000	 37.94530706836616
423500	 37.90381502890173
424000	 37.916146916146914
424500	 37.94067405355494
425000	 37.94443163477058
425500	 37.930002302555835
426000	 37.958793738489874
426500	 37.94231211215813
427000	 37.97633272058823
427500	 37.97521230204269
428000	 37.99059848658565
428500	 37.967948717948715
429000	 37.97575480329369
429500	 37.98172264107836
430000	 37.99360876512212
430500	 38.0
431000	 38.00159453302961
431500	 38.00455062571103
432000	 38.01091157081155
432500	 37.96234973916988
433000	 37.9689553591661
433500	 37.98165760869565
434000	 37.96992311171416
434500	 37.9819209039548
435000	 37.96908147145114
435500	 37.980608793686585
436000	 37.97792792792793
436500	 37.983352080989874
437000	 37.94051627384961
437500	 37.949764521193096
438000	 37.93819973130318
438500	 37.93135062611807
439000	 37.899352823030576
439500	 37.918376449598576
440000	 37.897150489759575
440500	 37.89946619217082
441000	 37.91775950211158
441500	 37.91276359600444
442000	 37.900930851063826
442500	 37.91563330380868
443000	 37.92103516921035
443500	 37.91891294741494
444000	 37.92978582468536
444500	 37.945278022947925
445000	 37.95260141093475
445500	 37.95112285336856
446000	 37.95029689905432
446500	 37.93280632411067
447000	 37.930043859649125
447500	 37.925082146768894
448000	 37.899628252788105
448500	 37.912606510814946
449000	 37.932532751091706
449500	 37.94959633427886
450000	 37.9437908496732
450500	 37.96299521114497
451000	 37.935245545415036
451500	 37.947014115092294
452000	 37.94555314533623
452500	 37.945395449620804
453000	 37.94717471314137
453500	 37.98462870751245
454000	 38.00908697533535
454500	 37.99546338302009
455000	 38.00992877185409
455500	 38.03042071197411
456000	 38.033405172413794
456500	 38.03832077502691
457000	 38.00880962612806
457500	 38.0096587250483
458000	 37.99292756108015
458500	 37.98822773972603
459000	 37.96089743589744
459500	 37.97651579846285
460000	 37.95651247068855
460500	 37.91959157626037
461000	 37.927523910733264
461500	 37.93840271877655
462000	 37.911172355310576
462500	 37.93559322033898
463000	 37.92530681337283
463500	 37.92096365173288
464000	 37.92715371621622
464500	 37.9322927652394
465000	 37.91533277169334
465500	 37.917104986324425
466000	 37.8794877178249
466500	 37.88672120830711
467000	 37.90670859538784
467500	 37.942569691888494
468000	 37.965647255969834
468500	 37.981159723675944
469000	 37.98034706251307
469500	 37.951377295492485
470000	 37.92958333333333
470500	 37.934845961698585
471000	 37.92286902286902
471500	 37.919418483904465
472000	 37.91452282157676
472500	 37.89188069594035
473000	 37.916356107660455
473500	 37.933388498138186
474000	 37.946867893322306
474500	 37.94239107990915
475000	 37.94184367910909
475500	 37.95466721615495
476000	 37.92719045660222
476500	 37.909426987060996
477000	 37.885561936013126
477500	 37.85913185913186
478000	 37.875409165302784
478500	 37.91941092247904
479000	 37.91174668028601
479500	 37.882544861337685
480000	 37.83543531326281
480500	 37.820231566118224
481000	 37.82524862999797
481500	 37.83127154735348
482000	 37.82621024913915
482500	 37.80728008088979
483000	 37.777912376337575
483500	 37.795601291364
484000	 37.805040322580645
484500	 37.81446414182111
485000	 37.82987718945037
485500	 37.82766941484014
486000	 37.836849507735586
486500	 37.838819751103976
487000	 37.840184479647085
487500	 37.82919503404085
488000	 37.79252448530882
488500	 37.78718307047315
489000	 37.815006984633804
489500	 37.80510163411718
490000	 37.79048945483486
490500	 37.797375223702524
491000	 37.803734604688124
491500	 37.80472315935702
492000	 37.82642332870462
492500	 37.833102081268585
493000	 37.83148514851485
493500	 37.84289671547289
494000	 37.87143987341772
494500	 37.863492690636114
495000	 37.87347019344651
495500	 37.90722463482037
496000	 37.881379310344826
496500	 37.8618925831202
497000	 37.87281305287989
497500	 37.871588454741804
498000	 37.86232594626397
498500	 37.88823529411765
499000	 37.89618021547503
499500	 37.90389508710119
500000	 37.91277136710346
500500	 37.909144196951935
501000	 37.89676034348165
501500	 37.93384074941452
502000	 37.94208268330733
502500	 37.97231968810916
503000	 37.980716790027266
503500	 37.974708171206224
504000	 37.967353284104156
504500	 37.96001552795031
505000	 37.916715088127056
505500	 37.91274908106016
506000	 37.90454106280193
506500	 37.93083462132921
507000	 37.902006172839506
507500	 37.899229287090556
508000	 37.88683602771363
508500	 37.86301633045149
509000	 37.89704187475989
509500	 37.88910207214121
510000	 37.89666411042945
510500	 37.900383141762454
511000	 37.90028708133971
511500	 37.8980879541109
512000	 37.89152024446142
512500	 37.8604385128694
513000	 37.845773038842346
513500	 37.81996197718631
514000	 37.850950570342206
514500	 37.85258358662614
515000	 37.838360842344905
515500	 37.85987864998104
516000	 37.87947697555429
516500	 37.863739591218774
517000	 37.87329803328291
517500	 37.89170289170289
518000	 37.89239191995469
518500	 37.8802790346908
519000	 37.865399096385545
519500	 37.871896162528216
520000	 37.84957746478873
520500	 37.83142696418526
521000	 37.8218767559468
521500	 37.833208536128794
522000	 37.81289719626168
522500	 37.82719970110219
523000	 37.826241134751776
523500	 37.83327116747482
524000	 37.839016210173284
524500	 37.834356970035365
525000	 37.84561011904762
525500	 37.86147266641874
526000	 37.86253018762772
526500	 37.8547040267211
527000	 37.87574183976261
527500	 37.87750185322461
528000	 37.885
528500	 37.89616879511382
529000	 37.89221667591052
529500	 37.90521064301552
530000	 37.927779830070186
530500	 37.91184064920694
531000	 37.91669738297088
531500	 37.94086219602063
532000	 37.94955817378498
532500	 37.92997610733321
533000	 37.92710246052148
533500	 37.93045871559633
534000	 37.91955286787612
534500	 37.938644688644686
535000	 37.90877513711152
535500	 37.926365795724465
536000	 37.90384966247035
536500	 37.90756608933455
537000	 37.914920750592096
537500	 37.933163358222544
538000	 37.955943928636444
538500	 37.940738047627704
539000	 37.920312216373205
539500	 37.909700815956484
540000	 37.909239130434784
540500	 37.88876831253391
541000	 37.8836495031617
541500	 37.88519855595668
542000	 37.91230602670516
542500	 37.91328646115017
543000	 37.91606628242075
543500	 37.933921498019444
544000	 37.949073240957354
544500	 37.91949685534591
545000	 37.935872103466856
545500	 37.9267898797775
546000	 37.94798206278027
546500	 37.945519713261646
547000	 37.95415472779369
547500	 37.9456269003756
548000	 37.92765273311897
548500	 37.94535714285714
549000	 37.958065667380446
549500	 37.96879457917261
550000	 37.960641139804096
550500	 37.97454610181559
551000	 37.98416651841309
551500	 38.007470651013875
552000	 37.996624022743426
552500	 37.984028393966284
553000	 37.99148785245611
553500	 38.004076568592694
554000	 38.008323003364616
554500	 38.02017342063352
555000	 38.02652519893899
555500	 38.046314300866186
556000	 38.050167814873696
556500	 38.03652081863091
557000	 38.03808180535966
557500	 38.05586887557279
558000	 38.0311510031679
558500	 38.03358537014243
559000	 38.04182041820418
559500	 38.03897471910113
560000	 38.06914706914707
560500	 38.071891986673684
561000	 38.06183219478017
561500	 38.04776067179846
562000	 38.03477197274157
562500	 38.02129144851658
563000	 38.00592644239149
563500	 38.027008189580066
564000	 38.01496693351897
564500	 37.97272885183255
565000	 37.98801875325577
565500	 37.98560027758501
566000	 37.98630374479889
566500	 37.98770136843929
567000	 37.98425333102613
567500	 37.97579948141746
568000	 37.97875647668394
568500	 37.9927498705334
569000	 38.00241504226324
569500	 37.96400895470983
570000	 37.96266345492085
570500	 37.9697386519945
571000	 37.96101665808003
571500	 37.95847632120796
572000	 37.98542024013722
572500	 37.988687007199175
573000	 38.008223402432755
573500	 38.026203116972084
574000	 37.996067703881
574500	 37.97763360081953
575000	 37.960272804774085
575500	 37.94551336625234
576000	 37.93978567783637
576500	 37.95070542240354
577000	 37.973147518694766
577500	 37.94027824906685
578000	 37.921565305776724
578500	 37.92400135409614
579000	 37.94230118443316
579500	 37.95011836320595
580000	 37.92521944632006
580500	 37.89988201584359
581000	 37.89577369927597
581500	 37.89973082099596
582000	 37.91725529767911
582500	 37.91364247311828
583000	 37.90817525600134
583500	 37.89569008888144
584000	 37.909487093530004
584500	 37.91926298157454
585000	 37.928356210244395
585500	 37.938932574870336
586000	 37.928463981280295
586500	 37.93252046099883
587000	 37.93573693874144
587500	 37.91763921307103
588000	 37.92187239713476
588500	 37.92393475366178
589000	 37.93579507651364
589500	 37.90850215875125
590000	 37.88723051409619
590500	 37.87145933410635
591000	 37.86300463269358
591500	 37.82067371202113
592000	 37.81491257010887
592500	 37.79341021416804
593000	 37.80866128766672
593500	 37.794867576904096
594000	 37.81091746136139
594500	 37.82958093672966
595000	 37.83921826244047
595500	 37.84703758411292
596000	 37.864807219031995
596500	 37.85971812520485
597000	 37.86570586308549
597500	 37.86761577483227
598000	 37.85389769570191
598500	 37.856466361855
599000	 37.853320280633056
599500	 37.85702641017281
600000	 37.84579058785214
600500	 37.85256305939789
601000	 37.87782658207256
601500	 37.876462938881666
602000	 37.87479701201689
602500	 37.85517353227376
603000	 37.85042942796954
603500	 37.86362163913184
604000	 37.86165048543689
604500	 37.87174510755297
605000	 37.879566763659874
605500	 37.86452446310351
606000	 37.862536302032915
606500	 37.86439858110287
607000	 37.84334245693125
607500	 37.846017699115045
608000	 37.86137021550338
608500	 37.87911911268285
609000	 37.879858657243815
609500	 37.883183568677794
610000	 37.89384220654266
610500	 37.90926579031741
611000	 37.92198013457225
611500	 37.94170403587444
612000	 37.952304737516
612500	 37.930158222790475
613000	 37.943140073470694
613500	 37.939045795436414
614000	 37.95821371610845
614500	 37.95920968769917
615000	 37.96624203821656
615500	 37.95657015590201
616000	 37.96183813006837
616500	 37.959650516282764
617000	 37.94573151380514
617500	 37.95939086294416
618000	 37.96512365250476
618500	 37.940329218106996
619000	 37.914664981036665
619500	 37.903235990528806
620000	 37.906294368196875
620500	 37.902442868400314
621000	 37.899385923476615
621500	 37.89208746263961
622000	 37.894199025310485
622500	 37.911505815781204
623000	 37.92677561282213
623500	 37.94329249136035
624000	 37.94756671899529
624500	 37.95716975211798
625000	 37.93310355632148
625500	 37.9430092375137
626000	 37.9372751446895
626500	 37.94810067219009
627000	 37.96
627500	 37.96392879450344
628000	 37.97269038701623
628500	 37.967570938571875
629000	 37.97024458638417
629500	 37.98084708813454
630000	 37.958793344736435
630500	 37.971557351569786
631000	 37.97701149425287
631500	 37.96834755624515
632000	 37.957842529448236
632500	 37.964529120198264
633000	 37.96162178891984
633500	 37.95547309833024
634000	 37.94454742045104
634500	 37.950293300401356
635000	 37.958654736192535
635500	 37.97501927525058
636000	 37.98196948682386
636500	 37.981983369263936
637000	 38.00800615858353
637500	 37.99707782220855
638000	 37.96897557978805
638500	 37.97682271680737
639000	 37.98128547323209
639500	 37.978694052728386
640000	 37.97472813600858
640500	 37.97337413925019
641000	 37.98409056141961
641500	 37.978599816569854
642000	 37.97815793493203
642500	 37.99847304932051
643000	 37.994964906927066
643500	 37.99725526075023
644000	 38.01859756097561
644500	 38.03306918622371
645000	 38.010348500989195
645500	 38.00288797689618
646000	 38.00683578915388
646500	 38.00060716454159
647000	 38.00697815533981
647500	 37.99106060606061
648000	 37.994397334948516
648500	 37.99485550007565
649000	 37.997883277895376
649500	 38.022222222222226
650000	 38.034451495920216
650500	 38.0270229468599
651000	 38.022775263951736
651500	 38.00045187528242
652000	 37.97879061371841
652500	 37.94503679231116
653000	 37.93054305430543
653500	 37.935382308845575
654000	 37.92078466606768
654500	 37.929063154744085
655000	 37.93448997906072
655500	 37.928421996413626
656000	 37.93487677371173
656500	 37.904101416853095
657000	 37.89777976456564
657500	 37.89310704183415
658000	 37.88918637513015
658500	 37.90542750929368
659000	 37.89854426619132
659500	 37.90440849042601
660000	 37.89767165949874
660500	 37.904994812509266
661000	 37.93732404800711
661500	 37.94816350710901
662000	 37.960769800148036
662500	 37.94764862466726
663000	 37.943697354810105
663500	 37.955539143279175
664000	 37.94805194805195
664500	 37.925276344878405
665000	 37.900809418690216
665500	 37.90573529411765
666000	 37.9157848324515
666500	 37.936811168258636
667000	 37.9463866039953
667500	 37.958596388195566
668000	 37.96272927366104
668500	 37.95411902667839
669000	 37.95458540873132
669500	 37.9597423510467
670000	 37.96590576529119
670500	 37.968850541093886
671000	 37.97194213064446
671500	 37.964379562043796
672000	 37.949985418489355
672500	 37.955260856893034
673000	 37.96431172614712
673500	 37.936572592377075
674000	 37.95113438045375
674500	 37.9456632282435
675000	 37.93048904368016
675500	 37.91925195708901
676000	 37.93189392841617
676500	 37.9550919889903
677000	 37.94948617744971
677500	 37.922243098713686
678000	 37.907305804215994
678500	 37.908251586843626
679000	 37.9062860438293
679500	 37.91138328530259
680000	 37.919930875576036
680500	 37.93305499568097
681000	 37.91832039114179
681500	 37.91737318580256
682000	 37.89365671641791
682500	 37.91848450057405
683000	 37.91567474544672
683500	 37.90700673448918
684000	 37.89878310665712
684500	 37.90928602088997
685000	 37.910923648841866
685500	 37.915404401257504
686000	 37.93186687616055
686500	 37.93647394718059
687000	 37.92541357672561
687500	 37.91125356125356
688000	 37.930788949017376
688500	 37.917200170721294
689000	 37.93557104252596
689500	 37.9109375
690000	 37.920357751277685
690500	 37.911927386186356
691000	 37.91452870304749
691500	 37.92320770756588
692000	 37.91111111111111
692500	 37.90637816433319
693000	 37.8927814663088
693500	 37.901440271109855
694000	 37.89841986455982
694500	 37.893164200140944
695000	 37.88945218983242
695500	 37.88981142696313
696000	 37.895935873998035
696500	 37.913667041619796
697000	 37.89425642465946
697500	 37.89389473684211
698000	 37.900126244915135
698500	 37.87811711964136
699000	 37.85378480481321
699500	 37.833566238121854
700000	 37.84343575418995
700500	 37.8500837520938
701000	 37.85961484789283
701500	 37.87847076880145
702000	 37.883977130107375
702500	 37.8791974362547
703000	 37.89664298648837
703500	 37.89727171492205
704000	 37.90788924446918
704500	 37.92072322670376
705000	 37.921473245309244
705500	 37.90531722893239
706000	 37.90829633740289
706500	 37.926768377253815
707000	 37.91866426493003
707500	 37.894285318942856
708000	 37.9030562854377
708500	 37.91346419684822
709000	 37.90635359116022
709500	 37.89485304263833
710000	 37.87772263578715
710500	 37.88893482155161
711000	 37.900550964187325
711500	 37.909416299559474
712000	 37.9000137532664
712500	 37.89420170376477
713000	 37.903447328663646
713500	 37.926129342303994
714000	 37.90728295158414
714500	 37.889710919304015
715000	 37.86986863711002
715500	 37.86749623957336
716000	 37.84050252628704
716500	 37.8420908966835
717000	 37.8193838604144
717500	 37.82032420651137
718000	 37.81813231690716
718500	 37.8188001632431
719000	 37.8
719500	 37.81165127648018
720000	 37.804639804639805
720500	 37.79829198861326
721000	 37.79276716781796
721500	 37.8040064970222
722000	 37.794292669732215
722500	 37.789971617786186
723000	 37.796974199648794
723500	 37.797786177105834
724000	 37.791368846931896
724500	 37.78482888709243
725000	 37.795959595959594
725500	 37.795451487013864
726000	 37.820750908356885
726500	 37.81403791851553
727000	 37.82741935483871
727500	 37.81310418904404
728000	 37.821500469735604
728500	 37.82414486921529
729000	 37.82359249329759
729500	 37.83478493903256
730000	 37.85117213663764
730500	 37.86288162828066
731000	 37.87657295850067
731500	 37.88428093645485
732000	 37.89022596603824
732500	 37.887909151636606
733000	 37.89357724662839
733500	 37.87861811391223
734000	 37.89093333333334
734500	 37.859672480362136
735000	 37.87035804605351
735500	 37.87481708128243
736000	 37.87463440574315
736500	 37.8711305965192
737000	 37.864064781627505
737500	 37.871964972800846
738000	 37.87536462476797
738500	 37.85129766949152
739000	 37.841513427702075
739500	 37.84792382967469
740000	 37.85264966301044
740500	 37.85235076597993
741000	 37.84496635440032
741500	 37.85162226325508
742000	 37.872873532902545
742500	 37.87506589351608
743000	 37.838157894736845
743500	 37.85096027361221
744000	 37.85210989877744
744500	 37.86517739816031
745000	 37.87964787807121
745500	 37.87396612839701
746000	 37.87065459792733
746500	 37.868904037755634
747000	 37.861540476814255
747500	 37.860714753239954
748000	 37.865890357189585
748500	 37.870912895631704
749000	 37.886360664312804
749500	 37.898300653594774
750000	 37.894317439581975
750500	 37.91328196421575
751000	 37.9092926128948
751500	 37.93096698420984
752000	 37.94077745890947
752500	 37.919880145909325
753000	 37.90718562874252
753500	 37.89869960988297
754000	 37.906408423241906
754500	 37.91735966735967
755000	 37.931289777893234
755500	 37.94572838223838
756000	 37.94071094966269
756500	 37.946576763485474
757000	 37.95152928978745
757500	 37.93514563106796
758000	 37.93763746927157
758500	 37.95472186287193
759000	 37.93912369135324
759500	 37.941867975713734
760000	 37.950154958677686
760500	 37.96230799018975
761000	 37.94635718891038
761500	 37.95798427632427
762000	 37.96380265361329
762500	 37.96434088568486
763000	 37.96744724652599
763500	 37.96412959629725
764000	 37.969039054470706
764500	 37.96405648267009
765000	 37.94575532187741
765500	 37.93542600896861
766000	 37.92179700499168
766500	 37.91547314578005
767000	 37.9235587370574
767500	 37.93112701252236
768000	 37.92811542390194
768500	 37.93490746649649
769000	 37.921468638449774
769500	 37.93933214376752
770000	 37.942555088523754
770500	 37.949338085539715
771000	 37.94124380007631
771500	 37.944077275038126
772000	 37.93916687833376
772500	 37.9264146155798
773000	 37.88537048765041
773500	 37.887848101265824
774000	 37.880612115846716
774500	 37.88711920111238
775000	 37.8601539820775
775500	 37.854332198259556
776000	 37.850157529930684
776500	 37.86911060720585
777000	 37.87687271811658
777500	 37.88122798188223
778000	 37.87215587680704
778500	 37.874858650584244
779000	 37.86241526487572
779500	 37.8678629690049
780000	 37.86919989967394
780500	 37.881032969788144
781000	 37.88710687883724
781500	 37.88991859737007
782000	 37.89235198397797
782500	 37.902652652652655
783000	 37.91681260945709
783500	 37.930590295147574
784000	 37.92789302674331
784500	 37.926073926073926
785000	 37.92773339990015
785500	 37.95194707938093
786000	 37.953354951359444
786500	 37.97194513715711
787000	 37.966733117368555
787500	 37.97235367372354
788000	 37.978339350180505
788500	 37.982953838496954
789000	 37.98333747823924
789500	 37.98074055666004
790000	 37.99229909328034
790500	 37.98498200322701
791000	 37.998387096774195
791500	 37.99888406695598
792000	 37.999752168525404
792500	 38.010776662950576
793000	 38.006560217848744
793500	 38.00098948670377
794000	 37.990978744438955
794500	 37.98604421390638
795000	 37.99259442113058
795500	 37.99728596101653
796000	 38.002466091245374
796500	 37.99815179891572
797000	 37.99630632849052
797500	 37.97527979338335
798000	 37.97652409046214
798500	 37.97874692874693
799000	 37.981581532416506
799500	 37.97631611240643
800000	 37.971554683668465
800500	 37.973651960784316
801000	 37.97905438510534
801500	 37.97882237727996
802000	 37.96233337409808
802500	 37.95247403787416
803000	 37.95213675213675
803500	 37.95643153526971
804000	 37.95816562995487
804500	 37.9734178758688
805000	 37.96990007311723
805500	 37.9629855107756
806000	 37.93883011066521
806500	 37.95683365758755
807000	 37.98054474708171
807500	 37.97557715674362
808000	 37.96418599004492
808500	 37.96408202887999
809000	 37.97634356423632
809500	 37.98023763336566
810000	 37.96100750787115
810500	 37.94737478828938
811000	 37.94329585298029
811500	 37.95007856883839
812000	 37.9486590964001
812500	 37.96340579710145
813000	 37.96125995655322
813500	 37.96911569550006
814000	 37.98564535585042
814500	 37.985895117540686
815000	 37.99252832007713
815500	 38.00987951807229
816000	 37.99819429396894
816500	 38.01131167268351
817000	 38.01732018282415
817500	 38.02320269295504
818000	 38.04050967664383
818500	 38.0480653689017
819000	 38.044673952203674
819500	 38.0519745528748
820000	 38.041496761813384
820500	 38.050953123126725
821000	 38.054763331336126
821500	 38.05125134714405
822000	 38.04978458592628
822500	 38.06257477865518
823000	 38.05331739390317
823500	 38.064045883618114
824000	 38.06496298065441
824500	 38.075802793362776
825000	 38.08197112516406
825500	 38.080729787741475
826000	 38.094647753009895
826500	 38.087303477846596
827000	 38.07913840295133
827500	 38.05074875207987
828000	 38.04952494061758
828500	 38.047477744807125
829000	 38.053855278766314
829500	 38.06486422388237
830000	 38.065781675951165
830500	 38.06775645581616
831000	 38.068900201254884
831500	 38.05748078060319
832000	 38.06987467486403
832500	 38.06368147448015
833000	 38.07747726467462
833500	 38.08844019364742
834000	 38.07384687979238
834500	 38.064592173503065
835000	 38.073052904442086
835500	 38.05355461393597
836000	 38.03492063492064
836500	 38.0169133192389
837000	 38.01338028169014
837500	 38.00774102744546
838000	 37.996719390744
838500	 37.970040959625514
839000	 37.965618056367674
839500	 37.97918858879925
840000	 37.965190982361875
840500	 37.98353380824477
841000	 37.998482017748714
841500	 37.989966164974916
842000	 37.989973184097
842500	 37.9814750087382
843000	 37.9997670083877
843500	 38.00232883092688
844000	 37.99208934388088
844500	 37.967464559609574
845000	 37.980367100371744
845500	 37.976317622475044
846000	 37.975406032482596
846500	 37.97240579710145
847000	 37.98771299408833
847500	 37.98829935125116
848000	 37.99073859689743
848500	 37.982995951417
849000	 37.97364771151179
849500	 37.958198614318704
850000	 37.95614541257934
850500	 37.929230059935456
851000	 37.93364055299539
851500	 37.92161602209945
852000	 37.92189117680893
852500	 37.91779719475741
853000	 37.8919508554369
853500	 37.89452542178354
854000	 37.901342204887
854500	 37.908256880733944
855000	 37.89813223329896
855500	 37.9040201580575
856000	 37.89813437106558
856500	 37.89923367265241
857000	 37.890971428571426
857500	 37.88863506567676
858000	 37.897465174697416
858500	 37.91062664079443
859000	 37.91989044847655
859500	 37.897070557392
860000	 37.90064942463256
860500	 37.90911161731207
861000	 37.89622212107419
861500	 37.90331020361734
862000	 37.89351062620752
862500	 37.89641072239891
863000	 37.90620031796502
863500	 37.912816437734136
864000	 37.91150442477876
864500	 37.91200816419095
865000	 37.918612559510315
865500	 37.91640235613956
866000	 37.905036785512166
866500	 37.91389454627744
867000	 37.90582249858677
867500	 37.914669981916816
868000	 37.92712687831884
868500	 37.922217204786634
869000	 37.934318925629164
869500	 37.93322806226032
870000	 37.93754227733935
870500	 37.92419463843208
871000	 37.9204097714736
871500	 37.91495106311171
872000	 37.90871275997752
872500	 37.91202247191011
873000	 37.923508929574304
873500	 37.932861794094535
874000	 37.928315010096476
874500	 37.940780619111706
875000	 37.94293721973094
875500	 37.93581270303574
876000	 37.923670956911025
876500	 37.90139742873114
877000	 37.893866607083005
877500	 37.90651178375963
878000	 37.89732142857143
878500	 37.88825694212111
879000	 37.8889755880058
879500	 37.89270194986072
880000	 37.90098017375808
880500	 37.90325094633712
881000	 37.91051752921536
881500	 37.90979868757646
882000	 37.91163721240414
882500	 37.925991776864095
883000	 37.95132792532504
883500	 37.95501999111506
884000	 37.95183129855716
884500	 37.95651209230086
885000	 37.94568229686288
885500	 37.93310444124488
886000	 37.92286409915892
886500	 37.93129770992366
887000	 37.929124281291465
887500	 37.918683018451
888000	 37.93007842704076
888500	 37.93694787985866
889000	 37.954951970851276
889500	 37.930194089104546
890000	 37.90790923110817
890500	 37.91038203236816
891000	 37.922518159806295
891500	 37.93366336633663
892000	 37.93864086210689
892500	 37.9354945054945
893000	 37.92533216207313
893500	 37.91705069124424
894000	 37.93088315962699
894500	 37.946358051777096
895000	 37.942227581670686
895500	 37.94751260135875
896000	 37.94174969889412
896500	 37.9441829922294
897000	 37.93907241303872
897500	 37.9436912311393
898000	 37.945245901639346
898500	 37.95028952256091
899000	 37.94006550218341
899500	 37.95546337736055
900000	 37.95832424176304
900500	 37.93668265039233
901000	 37.9351922448535
901500	 37.94478928454753
902000	 37.937540805223065
902500	 37.947780678851174
903000	 37.94672175709471
903500	 37.937635810517165
904000	 37.95079296111232
904500	 37.94984257952448
905000	 37.954318576388886
905500	 37.94448660956305
906000	 37.94906805374946
906500	 37.956347487001736
907000	 37.968056307525714
907500	 37.95607486746727
908000	 37.967550027041646
908500	 37.968
909000	 37.94869856355978
909500	 37.95821185617104
910000	 37.96610535405872
910500	 37.981331606776735
911000	 37.990507011866235
911500	 37.99245283018868
912000	 38.00991806813282
912500	 38.01077470100205
913000	 38.01259961231962
913500	 38.01431646932185
914000	 37.99021610579508
914500	 37.98495917490331
915000	 37.97391584370975
915500	 37.95399957109157
916000	 37.95573419078242
916500	 37.97384780278671
917000	 37.96305023026668
917500	 37.97173447537473
918000	 37.975278253424655
918500	 37.97689592469783
919000	 37.964197926685905
919500	 37.970195491934625
920000	 37.96594427244582
920500	 37.9677763551003
921000	 37.96630411601621
921500	 37.97068855254743
922000	 37.960063897763575
922500	 37.95625798212005
923000	 37.974137931034484
923500	 37.966181006061895
924000	 37.96683673469388
924500	 37.93472030570003
925000	 37.92173913043478
925500	 37.90728968001695
926000	 37.915263213642625
926500	 37.91341166507886
927000	 37.906273140801865
927500	 37.917618443316414
928000	 37.913865990276896
928500	 37.9078044144049
929000	 37.8920772233358
929500	 37.89412633132975
930000	 37.89059865092749
930500	 37.88604528699315
931000	 37.88044622184803
931500	 37.88448185165702
932000	 37.88046677880572
932500	 37.88535098781001
933000	 37.89149159663866
933500	 37.873963689789065
934000	 37.8845992446496
934500	 37.88873741610738
935000	 37.87938803311328
935500	 37.89041382922996
936000	 37.91053844542217
936500	 37.89190037672667
937000	 37.90374555346307
937500	 37.8924315283295
938000	 37.887368091108556
938500	 37.88732247284879
939000	 37.88197850360012
939500	 37.88350020859408
940000	 37.89989572471324
940500	 37.90577444235981
941000	 37.908626797249426
941500	 37.92072916666667
942000	 37.93220162466153
942500	 37.92112382934443
943000	 37.92947050868615
943500	 37.94238169526781
944000	 37.94199584199584
944500	 37.95271744778136
945000	 37.95719925202577
945500	 37.9582554517134
946000	 37.94656567752646
946500	 37.951669778054345
947000	 37.94848139317923
947500	 37.95989221681003
948000	 37.963845436651816
948500	 37.95652173913044
949000	 37.95426797723746
949500	 37.957394002068256
950000	 37.96258011163945
950500	 37.97055176689398
951000	 37.96025190997316
951500	 37.96985962014864
952000	 37.969565665944494
952500	 37.96185567010309
953000	 37.95961261075623
953500	 37.940607308286154
954000	 37.96047349459599
954500	 37.973860244931565
955000	 37.97479683160169
955500	 37.97686613201727
956000	 37.97461981093301
956500	 37.970630519613884
957000	 37.97874961502926
957500	 37.972302010668855
958000	 37.96524859046643
958500	 37.96547131147541
959000	 37.956379275035836
959500	 37.95026606631191
960000	 37.94273443092341
960500	 37.934804823216844
961000	 37.93494025125115
961500	 37.92377551020408
962000	 37.9248342682305
962500	 37.92070125369483
963000	 37.92267726161369
963500	 37.92739307535641
964000	 37.929458469055376
964500	 37.94432569974555
965000	 37.9506512006512
965500	 37.948037421191785
966000	 37.940961284422315
966500	 37.93825530618462
967000	 37.912355447352404
967500	 37.90602189781022
968000	 37.909404134576405
968500	 37.91238731895067
969000	 37.918295028854914
969500	 37.90532065547239
970000	 37.90335624747271
970500	 37.87681744749596
971000	 37.881812676624946
971500	 37.883979015334944
972000	 37.87941117160718
972500	 37.885003023583955
973000	 37.861787799476545
973500	 37.86085119227286
974000	 37.85210134727529
974500	 37.854371859296485
975000	 37.85354093420392
975500	 37.85309770057235
976000	 37.857659104597474
976500	 37.85573836276083
977000	 37.85960689931809
977500	 37.85519591141397
978000	 37.86024844720497
978500	 37.84644644644645
979000	 37.84513805522209
979500	 37.838748375487356
980000	 37.84271010292795
980500	 37.842688773471835
981000	 37.84295127795527
981500	 37.84998502844595
982000	 37.86565525501547
982500	 37.848923015556444
983000	 37.854066985645936
983500	 37.85036859932257
984000	 37.850243951010654
984500	 37.853090474768585
985000	 37.85543726992339
985500	 37.862357036300345
986000	 37.8717311325445
986500	 37.87913726269755
987000	 37.84843672456576
987500	 37.84642857142857
988000	 37.85015866719556
988500	 37.84707631318137
989000	 37.840166369578135
989500	 37.84181350227678
990000	 37.837554412346655
990500	 37.83989319620253
991000	 37.844009489916964
991500	 37.84388894378026
992000	 37.852444444444444
992500	 37.844650611922624
993000	 37.860061186223234
993500	 37.85187376725838
994000	 37.84930021683422
994500	 37.8451536643026
995000	 37.85406203840473
995500	 37.84914386931706
996000	 37.85029999016426
996500	 37.858702064896754
997000	 37.85857493857494
997500	 37.86803576692542
998000	 37.85948546739984
998500	 37.86268158617982
999000	 37.863912872841446
999500	 37.872682687591954
1000000	 37.87362745098039
1000500	 37.885022544599096
1001000	 37.8718903036239
1001500	 37.884167237834134
1002000	 37.859769215724626
1002500	 37.8637474342684
1003000	 37.87043189368771
1003500	 37.87750317475823
1004000	 37.889453125
1004500	 37.892327215931275
1005000	 37.86409281466316
1005500	 37.86523094913272
1006000	 37.87005649717514
1006500	 37.86022970605412
1007000	 37.86484382601927
1007500	 37.86024119821047
1008000	 37.86379545012638
1008500	 37.86937506074448
1009000	 37.86122171506264
1009500	 37.87299737838625
1010000	 37.874902950310556
1010500	 37.87670967116112
1011000	 37.872515753756666
1011500	 37.871027131782945
1012000	 37.86569187566573
1012500	 37.869325331526476
1013000	 37.864564186901426
1013500	 37.86471327724591
1014000	 37.87249879168681
1014500	 37.87178743961353
1015000	 37.88091558817848
1015500	 37.881648807799984
1016000	 37.891623238757
1016500	 37.89975880366618
1017000	 37.91240594250434
1017500	 37.91880424300868
1018000	 37.92451556926636
1018500	 37.907733795627465
1019000	 37.92017332691382
1019500	 37.912248628884825
1020000	 37.91852635629088
1020500	 37.92144986059033
1021000	 37.93126982601173
1021500	 37.94655901576317
1022000	 37.95214759296627
1022500	 37.9435429668747
1023000	 37.93954514921793
1023500	 37.95126163292718
1024000	 37.93424079754601
1024500	 37.93063805326691
1025000	 37.93257996552384
1025500	 37.936237434179034
1026000	 37.93723088699646
1026500	 37.926857252127355
1027000	 37.94130580250454
1027500	 37.945814220183486
1028000	 37.953663896054266
1028500	 37.95979371597746
1029000	 37.955334987593055
1029500	 37.94611863436963
1030000	 37.94376667937476
1030500	 37.93941703181559
1031000	 37.94771926483192
1031500	 37.949262256068536
1032000	 37.955181273194405
1032500	 37.95871777798916
1033000	 37.95294229489495
1033500	 37.95837688871995
1034000	 37.95261158594492
1034500	 37.94703872437358
1035000	 37.9383477188656
1035500	 37.93458475540387
1036000	 37.94332290778125
1036500	 37.9439181508147
1037000	 37.9507529122076
1037500	 37.963166366821326
1038000	 37.95826630074761
1038500	 37.95894428152493
1039000	 37.95518578046705
1039500	 37.96531190926276
1040000	 37.97779247779248
1040500	 37.98677373641946
1041000	 37.97545548947418
1041500	 37.96679245283019
1042000	 37.97330944072432
1042500	 37.97021396927137
1043000	 37.96486435568953
1043500	 37.963660327621916
1044000	 37.94779909706546
1044500	 37.94407369113639
1045000	 37.942414279004225
1045500	 37.956795341410725
1046000	 37.950722733245726
1046500	 37.95542835694849
1047000	 37.95263996998968
1047500	 37.95313085864267
1048000	 37.955022488755624
1048500	 37.95148904289193
1049000	 37.972185802584754
1049500	 37.976032206722216
1050000	 37.98277798577312
1050500	 37.9754911131899
1051000	 37.977651019263135
1051500	 37.98298747429426
1052000	 37.993271656854496
1052500	 37.994769776781546
1053000	 37.99897311426437
1053500	 37.995614853517445
1054000	 37.99794833535391
1054500	 37.99291639481778
1055000	 38.00316868592731
1055500	 37.99916177703269
1056000	 37.9970213162059
1056500	 37.98995255372593
1057000	 37.990516039051606
1057500	 37.99284253578732
1058000	 37.96564850060347
1058500	 37.96399406087602
1059000	 37.967254174397034
1059500	 37.969399109792285
1060000	 37.9685791083511
1060500	 37.97368664875382
1061000	 37.98128936643201
1061500	 37.980742523840384
1062000	 37.97400074019245
1062500	 37.97918786421238
1063000	 37.980582524271846
1063500	 37.98419447268694
1064000	 38.00092421441774
1064500	 37.99538148900795
1065000	 37.999907663896586
1065500	 37.9952934662237
1066000	 38.00710528744117
1066500	 38.015684103699606
1067000	 38.01078738705514
1067500	 38.015576036866356
1068000	 38.01990049751244
1068500	 38.01841620626151
1069000	 38.026606518136624
1069500	 37.99926436781609
1070000	 37.978504501194195
1070500	 37.98686868686869
1071000	 37.98531571218796
1071500	 37.983671222823595
1072000	 37.98991195891416
1072500	 37.999174841844685
1073000	 37.99926686217009
1073500	 37.998442795639825
1074000	 37.9971616919978
1074500	 37.97256264861899
1075000	 37.97842187071409
1075500	 37.98793418647166
1076000	 37.98775696665144
1076500	 37.98885844748858
1077000	 37.9818380943689
1077500	 37.974826705581904
1078000	 37.97793782477892
1078500	 37.982411373371
1079000	 37.96876991714468
1079500	 37.973693792099034
1080000	 37.98034398034398
1080500	 37.982264665757164
1081000	 37.98236363636364
1081500	 37.97247456395349
1082000	 37.97847606938516
1082500	 37.98157058556514
1083000	 37.970879071033295
1083500	 37.96763079154955
1084000	 37.96474852741278
1084500	 37.95056139080044
1085000	 37.945163333634966
1085500	 37.96280879558411
1086000	 37.954968803689304
1086500	 37.95345263919017
1087000	 37.95482471991326
1087500	 37.94600451467269
1088000	 37.958920187793424
1088500	 37.94226952913585
1089000	 37.927174402884184
1089500	 37.930173889539596
1090000	 37.931910294515
1090500	 37.92430924309243
1091000	 37.9176110811297
1091500	 37.92285560151052
1092000	 37.92575948229373
1092500	 37.92758310871518
1093000	 37.91856706769617
1093500	 37.91493943472409
1094000	 37.91560538116592
1094500	 37.91546391752577
1095000	 37.90137943389466
1095500	 37.88730755460079
1096000	 37.90136937259465
1096500	 37.89820198586636
1097000	 37.901994098184744
1097500	 37.89999106265082
1098000	 37.911714770797964
1098500	 37.925310461895826
1099000	 37.92917745824774
1099500	 37.93330952593519
1100000	 37.937254551945735
1100500	 37.942803604889804
1101000	 37.95084745762712
1101500	 37.94828815977176
1102000	 37.944038495811796
1102500	 37.951893095768376
1103000	 37.96517634485215
1103500	 37.97053062678063
1104000	 37.95552392812667
1104500	 37.946133333333336
1105000	 37.9305567889175
1105500	 37.93342801349192
1106000	 37.9266388716402
1106500	 37.934013303769405
1107000	 37.943607022521725
1107500	 37.92602763997165
1108000	 37.92659169396972
1108500	 37.92185149128242
1109000	 37.90476611548324
1109500	 37.8789859553043
1110000	 37.881059602649
1110500	 37.88435734463277
1111000	 37.88686904341687
1111500	 37.88947693393314
1112000	 37.89348381976898
1112500	 37.90540421405272
1113000	 37.915212409659794
1113500	 37.92501541986078
1114000	 37.93006253853607
1114500	 37.94029062087186
1115000	 37.938825807587364
1115500	 37.941663000439945
1116000	 37.92772991032179
1116500	 37.930310220581774
1117000	 37.93384872177809
1117500	 37.9482607167955
1118000	 37.94872245148828
1118500	 37.94804282955942
1119000	 37.944293359066585
1119500	 37.94825923002718
1120000	 37.950030682914
1120500	 37.95617879053462
1121000	 37.95007445038101
1121500	 37.96129258253787
1122000	 37.96997023288391
1122500	 37.974794328723966
1123000	 37.97026152365958
1123500	 37.968788249694
1124000	 37.963826998689385
1124500	 37.96366812227074
1125000	 37.966038065304694
1125500	 37.97277011694886
1126000	 37.97879766163511
1126500	 37.973142657830486
1127000	 37.9714136308175
1127500	 37.972033455305805
1128000	 37.97683330430239
1128500	 37.97875674734459
1129000	 37.984158760553576
1129500	 37.983384080034796
1130000	 37.99243346668986
1130500	 37.99052503477051
1131000	 37.98870449213659
1131500	 37.99148862254646
1132000	 37.986113521957996
1132500	 37.977450130095406
1133000	 37.977893368010406
1133500	 37.97287929988736
1134000	 37.97488090082287
1134500	 37.97030560124664
1135000	 37.96426408237432
1135500	 37.974478761138506
1136000	 37.97959007178068
1136500	 37.973552290406225
1137000	 37.96942213008551
1137500	 37.969262648938006
1138000	 37.968243010010355
1138500	 37.97394755003451
1139000	 37.969994826694254
1139500	 37.96630472250948
1140000	 37.968728463128876
1140500	 37.97132276954874
1141000	 37.98553345388788
1141500	 37.98364747396506
1142000	 37.98683644497978
1142500	 37.97738801478807
1143000	 37.98272305312017
1143500	 37.98642495059713
1144000	 37.988577808313295
1144500	 37.98472103004292
1145000	 37.983613589567604
1145500	 37.989278668839525
1146000	 37.98191325218584
1146500	 37.986374153740684
1147000	 37.99288957423113
1147500	 37.9999143542309
1148000	 38.00993320774105
1148500	 38.008301951386514
1149000	 38.00675849088887
1149500	 38.01069015650389
1150000	 37.9977781575799
1150500	 37.991886582970366
1151000	 37.99513319672131
1151500	 38.00341471743213
1152000	 37.98908129318434
1152500	 37.986102822064964
1153000	 37.98815408215442
1153500	 37.98986285032797
1154000	 37.991739759856934
1154500	 37.98417021276596
1155000	 37.97491069909849
1155500	 37.98316469687952
1156000	 37.972387425658454
1156500	 37.96671195652174
1157000	 37.97537991340521
1157500	 37.97767970805398
1158000	 37.98803563852355
1158500	 37.977022214685434
1159000	 37.948594173441734
1159500	 37.95360257387181
1160000	 37.95708844688955
1160500	 37.953553299492384
1161000	 37.94284748055462
1161500	 37.9497083932043
1162000	 37.95842487747169
1162500	 37.96950240770465
1163000	 37.96985306536058
1163500	 37.9766165794361
1164000	 37.98801485482782
1164500	 37.987430403239415
1165000	 37.98170474664868
1165500	 37.983817951959544
1166000	 37.96413235665572
1166500	 37.963979128092916
1167000	 37.96248002019012
1167500	 37.96686569674544
1168000	 37.96477807666442
1168500	 37.96588521972944
1169000	 37.95658745486607
1169500	 37.95157771064115
1170000	 37.948582452608626
1170500	 37.95764488803154
1171000	 37.95364238410596
1171500	 37.953909327076175
1172000	 37.96338500209468
1172500	 37.97863605898123
1173000	 37.98534215595946
1173500	 37.987357669122574
1174000	 37.988702928870296
1174500	 37.978758989797626
1175000	 37.971918094442124
1175500	 37.97460105271953
1176000	 37.9631825012523
1176500	 37.97212020033389
1177000	 37.97338117489986
1177500	 37.96930775646372
1178000	 37.97581922788293
1178500	 37.979244811202804
1179000	 37.96951524237881
1179500	 37.958132179124355
1180000	 37.96214012314861
1180500	 37.957834331337324
1181000	 37.962251600565395
1181500	 37.95587502077447
1182000	 37.949256706253635
1182500	 37.93436229358559
1183000	 37.945818121473614
1183500	 37.95777335324374
1184000	 37.951832200298455
1184500	 37.947630096121976
1185000	 37.94475732979957
1185500	 37.95321298443193
1186000	 37.95331512292029
1186500	 37.95234155220917
1187000	 37.94402182900612
1187500	 37.938186926700276
1188000	 37.92691386571971
1188500	 37.9249690466364
1189000	 37.92104611830707
1189500	 37.924783505154636
1190000	 37.93123350923483
1190500	 37.922956493078445
1191000	 37.92602965403624
1191500	 37.93115375113234
1192000	 37.92888888888889
1192500	 37.9316218217724
1193000	 37.92599292821314
1193500	 37.930456226880395
1194000	 37.93368395102309
1194500	 37.92166201346691
1195000	 37.9182534471438
1195500	 37.92336095839829
1196000	 37.92159435741819
1196500	 37.920724708968685
1197000	 37.9211669261657
1197500	 37.910736221439684
1198000	 37.90423964642331
1198500	 37.89465074431539
1199000	 37.9052175335296
1199500	 37.89881487535758
1200000	 37.89592353565885
1200500	 37.89817083129185
1201000	 37.887719298245614
1201500	 37.880932963627465
1202000	 37.89586561200359
1202500	 37.899804337192236
1203000	 37.896104954367665
1203500	 37.9097278800717
1204000	 37.91910386965377
1204500	 37.91897394136808
1205000	 37.91875610550309
1205500	 37.91449027743877
1206000	 37.917615484710474
1206500	 37.9127042184833
1207000	 37.907953529937444
1207500	 37.90564352415753
1208000	 37.91912958752842
1208500	 37.90920155793574
1209000	 37.908021737367186
1209500	 37.88954619124797
1210000	 37.88991494532199
1210500	 37.89140821119119
1211000	 37.8853095912586
1211500	 37.89351027674381
1212000	 37.89701480462746
1212500	 37.89762251334304
1213000	 37.908311772315656
1213500	 37.90737897033864
1214000	 37.90483883997092
1214500	 37.89641530760536
1215000	 37.890592222042926
1215500	 37.89755586028878
1216000	 37.8918090938407
1216500	 37.90640870616687
1217000	 37.911838181964704
1217500	 37.91516274572994
1218000	 37.92122432541281
1218500	 37.9061569416499
1219000	 37.902590090090094
1219500	 37.87098329048843
1220000	 37.86238458450421
1220500	 37.86293234892866
1221000	 37.86273565984757
1221500	 37.85847165423783
1222000	 37.862455915357486
1222500	 37.85581544376802
1223000	 37.85962524023062
1223500	 37.86582339284285
1224000	 37.868517925736235
1224500	 37.862512996880746
1225000	 37.856434852118305
1225500	 37.85505393527767
1226000	 37.84062599808368
1226500	 37.84577313003911
1227000	 37.854976454625266
1227500	 37.859012207771485
1228000	 37.859456010209776
1228500	 37.86165377561598
1229000	 37.86806441326531
1229500	 37.861376673040155
1230000	 37.86016881669055
1230500	 37.857529449219996
1231000	 37.86956867738341
1231500	 37.86827871460388
1232000	 37.86708005405835
1232500	 37.86959631277813
1233000	 37.87368922783603
1233500	 37.8695514092894
1234000	 37.87269841269841
1234500	 37.87221384944872
1235000	 37.86602188045029
1235500	 37.87026470122048
1236000	 37.87220725717002
1236500	 37.87083234339114
1237000	 37.865036016781445
1237500	 37.87826499920848
1238000	 37.87247844316114
1238500	 37.864405439595195
1239000	 37.86312628417892
1239500	 37.85822604849538
1240000	 37.85214714240606
1240500	 37.849771185103364
1241000	 37.85021296734501
1241500	 37.84076935204162
1242000	 37.838231817823655
1242500	 37.837901701323254
1243000	 37.84196850393701
1243500	 37.846662468513856
1244000	 37.83528671438685
1244500	 37.837867589243594
1245000	 37.83668657654825
1245500	 37.84098051539912
1246000	 37.84816589427382
1246500	 37.858388312912346
1247000	 37.86783414480917
1247500	 37.8610784082882
1248000	 37.85355714173661
1248500	 37.84932580746315
1249000	 37.84307427138828
1249500	 37.83557782649546
1250000	 37.84172211350293
1250500	 37.82465196308463
1251000	 37.83218642477323
1251500	 37.83466228893058
1252000	 37.83434911704954
1252500	 37.843203125
1253000	 37.83797923010854
1253500	 37.832604963321366
1254000	 37.83560895685418
1254500	 37.84288946095639
1255000	 37.8438864628821
1255500	 37.84425910047548
1256000	 37.84547650588327
1256500	 37.84010903426791
1257000	 37.832879271425234
1257500	 37.82961176379055
1258000	 37.83728708096756
1258500	 37.837661327942776
1259000	 37.844306257287215
1259500	 37.84923842088903
1260000	 37.85091671845867
1260500	 37.84928954111344
1261000	 37.86295519838497
1261500	 37.85116784356328
1262000	 37.859337419505
1262500	 37.86751473782191
1263000	 37.868874069478906
1263500	 37.8651476400837
1264000	 37.86782366157899
1264500	 37.870662949194546
1265000	 37.87116754413131
1265500	 37.867966875628824
1266000	 37.86693485997215
1266500	 37.8781619865398
1267000	 37.88005568014848
1267500	 37.881948202551214
1268000	 37.88199381761979
1268500	 37.8870606411742
1269000	 37.87771172701305
1269500	 37.88831429453535
1270000	 37.89036339788596
1270500	 37.89716886523181
1271000	 37.8929067077872
1271500	 37.881654981123354
1272000	 37.877098413676265
1272500	 37.87652990531907
1273000	 37.882185455944594
1273500	 37.89443717781026
1274000	 37.90315384615385
1274500	 37.91032148900169
1275000	 37.91617963703476
1275500	 37.920043053740294
1276000	 37.91830617891178
1276500	 37.92262773722628
1277000	 37.92327188940092
1277500	 37.921771840933516
1278000	 37.92510168060778
1278500	 37.92681804234428
1279000	 37.92898773006135
1279500	 37.93613432492525
1280000	 37.92361909139662
1280500	 37.909355382024195
1281000	 37.916181873851805
1281500	 37.91980410162228
1282000	 37.91639895976748
1282500	 37.90460903462509
1283000	 37.90418704156479
1283500	 37.89987780662899
1284000	 37.914776632302406
1284500	 37.90977787955118
1285000	 37.90845285321941
1285500	 37.90256175663312
1286000	 37.9047328709702
1286500	 37.9148060656862
1287000	 37.91035113108386
1287500	 37.91661590009138
1288000	 37.919534104750305
1288500	 37.92776678337646
1289000	 37.92566950699939
1289500	 37.934053396212065
1290000	 37.93248175182482
1290500	 37.935086652477956
1291000	 37.940193023786
1291500	 37.9473444267153
1292000	 37.94865172806684
1292500	 37.95048978662009
1293000	 37.95013282732448
1293500	 37.95545944305334
1294000	 37.944722474977254
1294500	 37.94951485748939
1295000	 37.9452189725716
1295500	 37.94327476522266
1296000	 37.9337723281865
1296500	 37.93485662404479
1297000	 37.93148302200711
1297500	 37.93528388901489
1298000	 37.925122780506236
1298500	 37.924546827794565
1299000	 37.92359380898452
1299500	 37.919785692725625
1300000	 37.918307309346005
1300500	 37.925786258390524
1301000	 37.93582202111614
1301500	 37.93208201417156
1302000	 37.940382876092855
1302500	 37.93491525423729
1303000	 37.934864457831324
1303500	 37.932259521300615
1304000	 37.924853317285994
1304500	 37.93156351056629
1305000	 37.92821168157558
1305500	 37.9282494365139
1306000	 37.93397926994142
1306500	 37.93138138138138
1307000	 37.93208764820651
1307500	 37.935858964741186
1308000	 37.93349328934543
1308500	 37.93119472342977
1309000	 37.93585131894484
1309500	 37.92697723187538
1310000	 37.920877311175985
1310500	 37.91113105924596
1311000	 37.90056818181818
1311500	 37.90023167177341
1312000	 37.902943813508664
1312500	 37.89314516129032
1313000	 37.89578200821202
1313500	 37.904680152272896
1314000	 37.91849529780564
1314500	 37.93073593073593
1315000	 37.93761659577643
1315500	 37.9368939280919
1316000	 37.946002386634845
1316500	 37.939768915393216
1317000	 37.94440304069161
1317500	 37.95305514157973
1318000	 37.956421334922524
1318500	 37.95636634400596
1319000	 37.9644877903514
1319500	 37.95699404761905
1320000	 37.96124376999182
1320500	 37.95197383094194
1321000	 37.95474137931034
1321500	 37.95906389301634
1322000	 37.967614944663154
1322500	 37.965919215919214
1323000	 37.95807672330638
1323500	 37.954167902699496
1324000	 37.94604209902164
1324500	 37.9468770837964
1325000	 37.942757701421804
1325500	 37.94891537721182
1326000	 37.94620393665828
1326500	 37.935660405265494
1327000	 37.925277161862525
1327500	 37.91962174940898
1328000	 37.92421892311101
1328500	 37.92734253858082
1329000	 37.92684727245884
1329500	 37.92481369438501
1330000	 37.92977279433461
1330500	 37.93804852865256
1331000	 37.949926253687316
1331500	 37.94177476415094
1332000	 37.94385499557913
1332500	 37.94468179139658
1333000	 37.94022379269729
1333500	 37.94215909927147
1334000	 37.9440194203325
1334500	 37.94646271510516
1335000	 37.94611482761156
1335500	 37.94738389182834
1336000	 37.95070526006465
1336500	 37.94742252900573
1337000	 37.9452436876101
1337500	 37.94541052168171
1338000	 37.955395789010346
1338500	 37.9598797124835
1339000	 37.96670822028305
1339500	 37.9616653228762
1340000	 37.95421245421245
1340500	 37.96249633753296
1341000	 37.96895137668424
1341500	 37.972693997071744
1342000	 37.974897540983605
1342500	 37.98360895653447
1343000	 37.988367839637135
1343500	 37.98764168190128
1344000	 37.990057752759704
1344500	 37.98494812216864
1345000	 37.97524463268585
1345500	 37.97824499926997
1346000	 37.96993797883984
1346500	 37.97148067104303
1347000	 37.97331583552056
1347500	 37.9747850167614
1348000	 37.971588839513366
1348500	 37.973636297429174
1349000	 37.97335468841002
1349500	 37.96238905863524
1350000	 37.97148676171079
1350500	 37.97229695339199
1351000	 37.97964524571096
1351500	 37.98284759066792
1352000	 37.995276162790695
1352500	 37.993679622230296
1353000	 37.999564206856476
1353500	 38.007915758896154
1354000	 38.00537166085947
1354500	 38.0100145137881
1355000	 38.01015596663039
1355500	 38.00920890435791
1356000	 38.01428053642624
1356500	 38.01021591073757
1357000	 38.01071920040559
1357500	 38.01679820432988
1358000	 38.01845686160973
1358500	 38.01150256818346
1359000	 38.012222463296446
1359500	 38.01691973969631
1360000	 38.02298850574713
1360500	 38.00765674660503
1361000	 38.021235102925246
1361500	 38.015232457406874
1362000	 38.0113283786709
1362500	 38.00836639019113
1363000	 38.01204124306006
1363500	 38.01874414245548
1364000	 38.01686243424371
1364500	 38.020675743822494
1365000	 38.019155984444765
1365500	 38.005828596099875
1366000	 38.0126618705036
1366500	 38.01841329209523
1367000	 38.016679847580704
1367500	 38.008551307847085
1368000	 38.007973565117446
1368500	 38.01436368859523
1369000	 38.010623788672746
1369500	 38.0093276888857
1370000	 38.0148493543759
1370500	 38.01132860113286
1371000	 38.02035988242885
1371500	 38.01726732105753
1372000	 38.015038670867945
1372500	 38.008588605783
1373000	 38.01151892394648
1373500	 38.00979831211558
1374000	 37.99521154945683
1374500	 38.00242961269115
1375000	 38.00557222460351
1375500	 38.00228489825062
1376000	 37.99900085640879
1376500	 37.98994365594466
1377000	 37.990232425495506
1377500	 37.9912336968142
1378000	 37.99600997506234
1378500	 37.98419366322535
1379000	 37.98825455580866
1379500	 37.997722257811944
1380000	 38.002063616309684
1380500	 38.00519351166761
1381000	 38.001920068269094
1381500	 38.00056866647711
1382000	 38.010874200426436
1382500	 38.01250444049734
1383000	 38.02202173758614
1383500	 38.00745368069852
1384000	 38.008303172237596
1384500	 37.99411389263173
1385000	 37.99595887982985
1385500	 37.989087301587304
1386000	 37.98540869811588
1386500	 37.990439770554495
1387000	 37.9929203539823
1387500	 37.99122558731956
1388000	 37.99172384522883
1388500	 37.989535459237786
1389000	 37.99660681464725
1389500	 37.983893755298105
1390000	 37.98411129157545
1390500	 37.99590453325801
1391000	 37.99830580262601
1391500	 38.00670477803656
1392000	 38.00451499118166
1392500	 37.995699076359024
1393000	 37.98633032694476
1393500	 37.98443333098542
1394000	 37.989295774647886
1394500	 37.986414191186824
1395000	 37.988036593947925
1395500	 37.98079898719932
1396000	 37.98699106954504
1396500	 37.98959578207381
1397000	 37.9877029021151
1397500	 37.9866544918171
1398000	 37.989257126808035
1398500	 37.98778775968557
1399000	 37.98330410382322
1399500	 37.979594698828976
1400000	 37.984226023555806
1400500	 37.98864592094197
1401000	 37.97723611402956
1401500	 37.978993067712345
1402000	 37.978930421391574
1402500	 37.972855743668674
1403000	 37.97244562556822
1403500	 37.97713606488603
1404000	 37.978330770306165
1404500	 37.97666294019005
1405000	 37.97199720670391
1405500	 37.97716958737695
1406000	 37.98610820244328
1406500	 37.99141541038526
1407000	 38.00341963849536
1407500	 37.99511786860092
1408000	 37.99769922610333
1408500	 38.00508888114326
1409000	 38.0122665179816
1409500	 38.010728716734015
1410000	 38.00410806294388
1410500	 38.00396742534976
1411000	 38.000417449384265
1411500	 38.008139130434785
1412000	 38.011961888865706
1412500	 38.011888209121246
1413000	 38.017167083680846
1413500	 38.01862145636465
1414000	 38.026955675976104
1414500	 38.027918605458716
1415000	 38.03075748108033
1415500	 38.03741496598639
1416000	 38.03775156141568
1416500	 38.03572419533851
1417000	 38.03869625520111
1417500	 38.04646002357673
1418000	 38.03825628941715
1418500	 38.038104475543854
1419000	 38.03462364102209
1419500	 38.035375562478364
1420000	 38.02365963334486
1420500	 38.02711114184937
1421000	 38.02724004424779
1421500	 38.02626304513097
1422000	 38.02791404684585
1422500	 38.02963116452549
1423000	 38.023886779426995
1423500	 38.02187564695328
1424000	 38.017519657883845
1424500	 38.01634144659725
1425000	 38.02047146401985
1425500	 38.02935906271537
1426000	 38.03389596968653
1426500	 38.03733296597328
1427000	 38.03483888735885
1427500	 38.02759617369761
1428000	 38.02717391304348
1428500	 38.029573590096284
1429000	 38.01711222596385
1429500	 38.022536759653704
1430000	 38.02232296174188
1430500	 38.025408597720094
1431000	 38.02608635957987
1431500	 38.02923816060398
1432000	 38.02016737549732
1432500	 38.021464819640656
1433000	 38.02523140212547
1433500	 38.0226836622807
1434000	 38.0306975469371
1434500	 38.02767123287671
1435000	 38.02862229526157
1435500	 38.04101615995618
1436000	 38.05559739815132
1436500	 38.05201204489461
1437000	 38.0578857338351
1437500	 38.069512862616314
1438000	 38.05859829059829
1438500	 38.057275647597564
1439000	 38.049521857923494
1439500	 38.057369211856305
1440000	 38.05584761384584
1440500	 38.06075085324232
1441000	 38.053281484513576
1441500	 38.05619969990452
1442000	 38.06293897033754
1442500	 38.068857376602125
1443000	 38.07450071569763
1443500	 38.08151025693451
1444000	 38.0867402562006
1444500	 38.086852861035425
1445000	 38.09310720610271
1445500	 38.092462722135224
1446000	 38.09624940439725
1446500	 38.10092554784266
1447000	 38.105395658978026
1447500	 38.10331224920084
1448000	 38.11227473648419
1448500	 38.118506935001356
1449000	 38.10517733387689
1449500	 38.10616764026627
1450000	 38.103001086366106
1450500	 38.10385555253869
1451000	 38.09633649932157
1451500	 38.09493456296196
1452000	 38.10190521391281
1452500	 38.11328813559322
1453000	 38.126974442410685
1453500	 38.13678573849386
1454000	 38.13048780487805
1454500	 38.13248442156597
1455000	 38.13121191604604
1455500	 38.12077948440355
1456000	 38.13084365063257
1456500	 38.13243151843084
1457000	 38.14066409684182
1457500	 38.14345592212006
1458000	 38.14742463160741
1458500	 38.145405405405405
1459000	 38.14631180761956
1459500	 38.15439686613535
1460000	 38.15583012625751
1460500	 38.155980021598275
1461000	 38.154702469302386
1461500	 38.15843787940105
1462000	 38.16366579000607
1462500	 38.167071197411005
1463000	 38.170935562146134
1463500	 38.17412398921833
1464000	 38.17250437828371
1464500	 38.173804713804714
1465000	 38.17015548226425
1465500	 38.162585766177855
1466000	 38.15571841592147
1466500	 38.15965313256252
1467000	 38.158457092937304
1467500	 38.166017199677505
1468000	 38.169745415463154
1468500	 38.16503289915402
1469000	 38.15985504328569
1469500	 38.1589292902187
1470000	 38.16061967674871
1470500	 38.152825256384475
1471000	 38.150619765494135
1471500	 38.15703088363368
1472000	 38.164846942193044
1472500	 38.165941204044735
1473000	 38.16723572337149
1473500	 38.16886419918345
1474000	 38.17377049180328
1474500	 38.184129532985416
1475000	 38.17533770228702
1475500	 38.18145350003343
1476000	 38.190520756735076
1476500	 38.19462638684668
1477000	 38.191888822075235
1477500	 38.195511321888986
1478000	 38.19706176961603
1478500	 38.19594098404433
1479000	 38.195808862786976
1479500	 38.19513008672448
1480000	 38.19714552487662
1480500	 38.193333333333335
1481000	 38.197014129565446
1481500	 38.19594909720834
1482000	 38.19869446479718
1482500	 38.192597030823514
1483000	 38.19432982829762
1483500	 38.190260777009044
1484000	 38.180307160428164
1484500	 38.18960244648318
1485000	 38.19387212548185
1485500	 38.19453856886586
1486000	 38.19394261424017
1486500	 38.19059948217487
1487000	 38.18861162728962
1487500	 38.1996151038556
1488000	 38.192743914571864
1488500	 38.196671308268684
1489000	 38.19180805938494
1489500	 38.19834327369119
1490000	 38.19413167306928
1490500	 38.18415304163633
1491000	 38.18402593965061
1491500	 38.188620575587166
1492000	 38.19087301587302
1492500	 38.18899980167912
1493000	 38.199960338445266
1493500	 38.19976210929756
1494000	 38.200964524014005
1494500	 38.19624933967248
1495000	 38.19578850089115
1495500	 38.19850854616248
1496000	 38.197783348726745
1496500	 38.20096293364991
1497000	 38.21209523181428
1497500	 38.206710170720456
1498000	 38.20708967516637
1498500	 38.202120653319284
1499000	 38.196300441050624
1499500	 38.19331490985656
1500000	 38.19080505130229
1500500	 38.18452537470418
1501000	 38.18617335874351
1501500	 38.190132054398525
1502000	 38.202075942714494
1502500	 38.20860426929392
1503000	 38.21063690085358
1503500	 38.218079170222545
1504000	 38.21384514435695
1504500	 38.219510595027224
1505000	 38.21911070304302
1505500	 38.20908435472242
1506000	 38.201637733377005
1506500	 38.20019646365422
1507000	 38.20519871668958
1507500	 38.199280104712045
1508000	 38.20078508341511
1508500	 38.20289096736216
1509000	 38.2056496436278
1509500	 38.20177789398
1510000	 38.19992159937279
1510500	 38.205826637925405
1511000	 38.2098217201071
1511500	 38.21081151661553
1512000	 38.19723363998173
1512500	 38.19356942542229
1513000	 38.180147298442286
1513500	 38.17092235539344
1514000	 38.17557798762618
1514500	 38.168196315823735
1515000	 38.17447611610048
1515500	 38.18277051206975
1516000	 38.18232080135294
1516500	 38.18958116545265
1517000	 38.185009425989726
1517500	 38.19153776160145
1518000	 38.19264505230329
1518500	 38.20054570259209
1519000	 38.20200051961548
1519500	 38.1904576436222
1520000	 38.199195171026155
1520500	 38.198871009602904
1521000	 38.19632896614347
1521500	 38.20042796005706
1522000	 38.20127049977312
1522500	 38.20171062009979
1523000	 38.20730759264058
1523500	 38.2147298872911
1524000	 38.208870184525736
1524500	 38.210434332319245
1525000	 38.214845013913155
1525500	 38.212511320998836
1526000	 38.20684081210397
1526500	 38.198268062556544
1527000	 38.20230018737482
1527500	 38.20062007492572
1528000	 38.20010331245561
1528500	 38.20451904454487
1529000	 38.19913531651287
1529500	 38.20322580645161
1530000	 38.195705442352335
1530500	 38.191040928134065
1531000	 38.197383683464366
1531500	 38.20030925842407
1532000	 38.20535944344241
1532500	 38.20950602176853
1533000	 38.20930981200103
1533500	 38.218760059228735
1534000	 38.21714506371477
1534500	 38.210201325014474
1535000	 38.21207639380104
1535500	 38.21182899389264
1536000	 38.211246786632394
1536500	 38.20686110754208
1537000	 38.21086775001606
1537500	 38.20207985620747
1538000	 38.21091142490372
1538500	 38.21361652977413
1539000	 38.21870789760698
1539500	 38.223348300192434
1540000	 38.21619542219658
1540500	 38.216011794115765
1541000	 38.22271358072165
1541500	 38.22102633096291
1542000	 38.217149077868854
1542500	 38.22770058269834
1543000	 38.23097112860892
1543500	 38.23566308243728
1544000	 38.243776
1544500	 38.24620897050355
1545000	 38.24226144794065
1545500	 38.239099859353026
1546000	 38.23888036809816
1546500	 38.23976234587619
1547000	 38.23903186665815
1547500	 38.23177582024767
1548000	 38.23446075303127
1548500	 38.234003189792666
1549000	 38.24228119418219
1549500	 38.246826966005486
1550000	 38.2489319645476
1550500	 38.24173092855777
1551000	 38.24834310476676
1551500	 38.24966554118621
1552000	 38.24716596611896
1552500	 38.247803387240545
1553000	 38.24894971355824
1553500	 38.24508493987402
1554000	 38.24577025823687
1554500	 38.25017488076312
1555000	 38.254434484074004
1555500	 38.25416295919664
1556000	 38.25482846251588
1556500	 38.25698678861789
1557000	 38.26795808193077
1557500	 38.27114554229109
1558000	 38.27386998476384
1558500	 38.2748619661103
1559000	 38.27612461138253
1559500	 38.273672861038875
1560000	 38.26981108152656
1560500	 38.27145392318418
1561000	 38.26479158748258
1561500	 38.27101146367724
1562000	 38.27718320562346
1562500	 38.2777285388706
1563000	 38.27452221237818
1563500	 38.2726467611336
1564000	 38.276498861624084
1564500	 38.28106228264306
1565000	 38.271440308411805
1565500	 38.27478359764959
1566000	 38.27408249636789
1566500	 38.273490780500126
1567000	 38.26874526634688
1567500	 38.26559838495994
1568000	 38.27026174708294
1568500	 38.27296803077117
1569000	 38.271558245083206
1569500	 38.277511660153785
1570000	 38.275390625
1570500	 38.27303646784657
1571000	 38.28057689885376
1571500	 38.28480574271141
1572000	 38.28002265861027
1572500	 38.281588220488295
1573000	 38.28422244589834
1573500	 38.27812362447337
1574000	 38.271196027905226
1574500	 38.27345271756205
1575000	 38.27537688442211
1575500	 38.28440424596445
1576000	 38.286449830465905
1576500	 38.28901443816698
1577000	 38.297030945954425
1577500	 38.29641714249859
1578000	 38.288115396676076
1578500	 38.28190822467402
1579000	 38.28000250673686
1579500	 38.283064970866484
1580000	 38.283996241778894
1580500	 38.27621611469355
1581000	 38.27656778069846
1581500	 38.2808334897691
1582000	 38.28212185662455
1582500	 38.27888944472236
1583000	 38.27906976744186
1583500	 38.27124468882779
1584000	 38.270847648197886
1584500	 38.27774654924739
1585000	 38.279487980018736
1585500	 38.27983770287141
1586000	 38.28835351391836
1586500	 38.286168819015536
1587000	 38.28726456280404
1587500	 38.28728179551122
1588000	 38.28686276953758
1588500	 38.277314065030524
1589000	 38.28018932552781
1589500	 38.2792753532964
1590000	 38.282380033609265
1590500	 38.27897716667704
1591000	 38.27899745009018
1591500	 38.27797811489679
1592000	 38.277891727267075
1592500	 38.27090321779103
1593000	 38.276690888764676
1593500	 38.281296572280176
1594000	 38.28807350841249
1594500	 38.28810824230387
1595000	 38.28932183408823
1595500	 38.281567849168944
1596000	 38.27716818548137
1596500	 38.28463398004091
1597000	 38.28518311953895
1597500	 38.28659934328728
1598000	 38.29263457845506
1598500	 38.2973307735183
1599000	 38.29443447037702
1599500	 38.303373568554626
1600000	 38.30284653465347
1600500	 38.300940244958554
1601000	 38.3056466077061
1601500	 38.30769230769231
1602000	 38.29388864858185
1602500	 38.29355077835434
1603000	 38.30016675931073
1603500	 38.302235119782665
1604000	 38.29636487070296
1604500	 38.301326751002776
1605000	 38.297822466226634
1605500	 38.287484586929715
1606000	 38.29275058562446
1606500	 38.29085531180675
1607000	 38.291997782295326
1607500	 38.29408141898134
1608000	 38.299753694581284
1608500	 38.307536017731806
1609000	 38.30588380108321
1609500	 38.31025783028737
1610000	 38.3151224314015
1610500	 38.316317116673844
1611000	 38.30878465605213
1611500	 38.31638800098352
1612000	 38.32169637369392
1612500	 38.31144419190368
1613000	 38.31312945222304
1613500	 38.31497513354209
1614000	 38.320952790226535
1614500	 38.31848306332842
1615000	 38.32282208588957
1615500	 38.33435582822086
1616000	 38.33114613356227
1616500	 38.3301048243732
1617000	 38.334252619966904
1617500	 38.325003062599535
1618000	 38.32972012983036
1618500	 38.31888848084221
1619000	 38.31485560450318
1619500	 38.31480122324159
1620000	 38.322590508806265
1620500	 38.3174622578082
1621000	 38.31877062202126
1621500	 38.32702058769625
1622000	 38.3230947728383
1622500	 38.325152625152626
1623000	 38.32336608287057
1623500	 38.3187751616445
1624000	 38.32182716350552
1624500	 38.30869088249634
1625000	 38.31432053625838
1625500	 38.31544319220225
1626000	 38.30982827913774
1626500	 38.31218799464264
1627000	 38.308666017526775
1627500	 38.31078121197372
1628000	 38.315206812652065
1628500	 38.32295341199367
1629000	 38.328934565799074
1629500	 38.33902943322793
1630000	 38.34026384582649
1630500	 38.34180138568129
1631000	 38.34720787506836
1631500	 38.34351655025812
1632000	 38.346954884935336
1632500	 38.34591805766313
1633000	 38.33826741082262
1633500	 38.33650697392359
1634000	 38.32797914898776
1634500	 38.32628453708192
1635000	 38.32487432620677
1635500	 38.33319203052141
1636000	 38.33450384452382
1636500	 38.320123426911906
1637000	 38.33002601488293
1637500	 38.323979437556694
1638000	 38.324183796856104
1638500	 38.32378362042913
1639000	 38.32539730497311
1639500	 38.31903841507611
1640000	 38.32431453074043
1640500	 38.328482579554375
1641000	 38.32765906072679
1641500	 38.337538480111064
1642000	 38.34041397622352
1642500	 38.33779708046809
1643000	 38.344270205066344
1643500	 38.34470907446488
1644000	 38.3419323729733
1644500	 38.34401928291654
1645000	 38.35102729408929
1645500	 38.33805021978684
1646000	 38.334115805946794
1646500	 38.33377459534268
1647000	 38.332651588065445
1647500	 38.34043065078792
1648000	 38.3415308760748
1648500	 38.3413681173359
1649000	 38.34405048076923
1649500	 38.34613073780341
1650000	 38.35221674876847
1650500	 38.33837656099904
1651000	 38.34159663865546
1651500	 38.34151464234277
1652000	 38.34593232541397
1652500	 38.34738799256283
1653000	 38.34820411344966
1653500	 38.351058090042564
1654000	 38.346536433365294
1654500	 38.345114718744384
1655000	 38.3429153191999
1655500	 38.34562653415554
1656000	 38.3547653256705
1656500	 38.35749341632751
1657000	 38.3591216418357
1657500	 38.358416078478285
1658000	 38.36748609366589
1658500	 38.3706272797943
1659000	 38.37310934417409
1659500	 38.3709436442957
1660000	 38.3590157080571
1660500	 38.36422812779934
1661000	 38.36129186317235
1661500	 38.354257413926845
1662000	 38.3500536800668
1662500	 38.34754352492249
1663000	 38.33897497020262
1663500	 38.33815907059875
1664000	 38.337065269175795
1664500	 38.34105388508485
1665000	 38.33728127603857
1665500	 38.33597096620657
1666000	 38.341145678424844
1666500	 38.34082664287838
1667000	 38.34348058743088
1667500	 38.34805611698965
1668000	 38.34543617779891
1668500	 38.33525359306331
1669000	 38.331314930246364
1669500	 38.32486797602801
1670000	 38.33092074038918
1670500	 38.331712235335985
1671000	 38.3353889943074
1671500	 38.336415910842376
1672000	 38.33900314111302
1672500	 38.33114152005213
1673000	 38.33187255714793
1673500	 38.3401823780199
1674000	 38.341167416528535
1674500	 38.34189501094869
1675000	 38.34037392024612
1675500	 38.33705938017506
1676000	 38.33839877010407
1676500	 38.330988829127016
1677000	 38.328567208271785
1677500	 38.33055703231142
1678000	 38.335695724072764
1678500	 38.33561643835616
1679000	 38.33724911452184
1679500	 38.347854317926924
1680000	 38.347220583028445
1680500	 38.34326333176026
1681000	 38.3425723889839
1681500	 38.34616745283019
1682000	 38.34054340779159
1682500	 38.34533561199835
1683000	 38.357298603335494
1683500	 38.344876325088336
1684000	 38.33543260741613
1684500	 38.33211743248808
1685000	 38.336
1685500	 38.34421504617375
1686000	 38.346603940017644
1686500	 38.34932392710171
1687000	 38.34549835448989
1687500	 38.346768507638075
1688000	 38.35011455090172
1688500	 38.34313898185661
1689000	 38.337833078999886
1689500	 38.339279427297264
1690000	 38.332903225806454
1690500	 38.338552662444286
1691000	 38.341835238932866
1691500	 38.341011664029075
1692000	 38.342455317902136
1692500	 38.345558940707754
1693000	 38.34733204474902
1693500	 38.33483580167418
1694000	 38.33526451310861
1694500	 38.3407056345445
1695000	 38.33754459846757
1695500	 38.32918274289723
1696000	 38.33368402595126
1696500	 38.339138565834844
1697000	 38.34287717658058
1697500	 38.3453674494684
1698000	 38.3471557061091
1698500	 38.343511004728825
1699000	 38.34913315042905
1699500	 38.34667678123359
1700000	 38.33934091571887
1700500	 38.3385808407673
1701000	 38.33467389403742
1701500	 38.34351322998018
1702000	 38.35240981409173
1702500	 38.35541571986249
1703000	 38.35165987186954
1703500	 38.3453635252343
1704000	 38.34532122905028
1704500	 38.35003200093094
1705000	 38.347118013144886
1705500	 38.34903465922307
1706000	 38.35029069767442
1706500	 38.350770124963674
1707000	 38.35037768739105
1707500	 38.34682853159851
1708000	 38.35106568325687
1708500	 38.35710138195331
1709000	 38.35703505920594
1709500	 38.35919456856032
1710000	 38.36495503336234
1710500	 38.369300382875046
1711000	 38.360700411665796
1711500	 38.36602898550725
1712000	 38.35960134430409
1712500	 38.359149626368534
1713000	 38.35910354412787
1713500	 38.35276410998553
1714000	 38.35173611111111
1714500	 38.35232860862019
1715000	 38.34406985485457
1715500	 38.346282807260955
1716000	 38.34678071899202
1716500	 38.34722061712701
1717000	 38.34814001848429
1717500	 38.34663356045733
1718000	 38.347033017778806
1718500	 38.35782729161856
1719000	 38.35735718407386
1719500	 38.3531176097364
1720000	 38.34540213317959
1720500	 38.350069172238875
1721000	 38.34566407375396
1721500	 38.34742784722622
1722000	 38.3495939641767
1722500	 38.35847970054708
1723000	 38.36377245508982
1723500	 38.3680847389327
1724000	 38.37018705035971
1724500	 38.366010815786446
1725000	 38.3706068449813
1725500	 38.370615296147214
1726000	 38.37024261239508
1726500	 38.3722266927233
1727000	 38.37152378763503
1727500	 38.362602653190145
1728000	 38.366157556270096
1728500	 38.36785304247991
1729000	 38.37590402938813
1729500	 38.37525820518705
1730000	 38.37308552744794
1730500	 38.384844834509266
1731000	 38.39159114374211
1731500	 38.39079075635071
1732000	 38.39731682146543
1732500	 38.39040742650851
1733000	 38.39961035984415
1733500	 38.400756143667294
1734000	 38.39769799003608
1734500	 38.38967431744033
1735000	 38.395158521231544
1735500	 38.4038109407187
1736000	 38.40012584372497
1736500	 38.39938239835306
1737000	 38.398868053967526
1737500	 38.401920438957475
1738000	 38.39867451294064
1738500	 38.40340454701245
1739000	 38.40641955565709
1739500	 38.40306005937428
1740000	 38.403116260487415
1740500	 38.39284695681935
1741000	 38.38978218725054
1741500	 38.39541645288182
1742000	 38.391098700706635
1742500	 38.38632868128738
1743000	 38.38110693542877
1743500	 38.38272799726745
1744000	 38.38440523619806
1744500	 38.39090598679718
1745000	 38.38642698674555
1745500	 38.388443382812945
1746000	 38.38844666818285
1746500	 38.39970434387082
1747000	 38.39649880641127
1747500	 38.3967839081766
1748000	 38.402874836657006
1748500	 38.40556660039761
1749000	 38.39517456713029
1749500	 38.39379149877986
1750000	 38.40426739303144
1750500	 38.41051974580118
1751000	 38.40989279028873
1751500	 38.4058743479247
1752000	 38.403979140687
1752500	 38.409804477189006
1753000	 38.40760253795604
1753500	 38.40587835541964
1754000	 38.40873060808516
1754500	 38.40770928850399
1755000	 38.40991398822997
1755500	 38.403506787330315
1756000	 38.39820206931645
1756500	 38.395331750876004
1757000	 38.39854212578403
1757500	 38.403107344632765
1758000	 38.39639690517874
1758500	 38.400112930547714
1759000	 38.3920871430184
1759500	 38.388907695779736
1760000	 38.38601240834743
1760500	 38.381518858882565
1761000	 38.376521641118124
1761500	 38.37902862294343
1762000	 38.38136547994592
1762500	 38.38507462686567
1763000	 38.386170392477055
1763500	 38.39162256502646
1764000	 38.39145607024258
1764500	 38.387307302801844
1765000	 38.37965358227421
1765500	 38.38652721547459
1766000	 38.38778952102541
1766500	 38.39244561857119
1767000	 38.38948196426565
1767500	 38.39270868441748
1768000	 38.396630160067396
1768500	 38.40287527376874
1769000	 38.40559204985683
1769500	 38.41040754462782
1770000	 38.407542510803076
1770500	 38.4010770180064
1771000	 38.39892334436158
1771500	 38.39551569506727
1772000	 38.39264903630659
1772500	 38.38767852142257
1773000	 38.389629297793704
1773500	 38.396640537513996
1774000	 38.40426603963722
1774500	 38.407500699692136
1775000	 38.4130848444146
1775500	 38.40557171626762
1776000	 38.411096817495384
1776500	 38.418097421844415
1777000	 38.41692754919499
1777500	 38.420378961489014
1778000	 38.424923162894665
1778500	 38.42711883345438
1779000	 38.42772564789991
1779500	 38.436054953646824
1780000	 38.42606754116662
1780500	 38.4296556727496
1781000	 38.42783821478382
1781500	 38.4276631344116
1782000	 38.42467662801071
1782500	 38.42427958307787
1783000	 38.42107315985959
1783500	 38.41961898395722
1784000	 38.422890559732664
1784500	 38.425023665014756
1785000	 38.42407036294812
1785500	 38.4264804096171
1786000	 38.42533659730722
1786500	 38.42538517158908
1787000	 38.42398798932384
1787500	 38.42453721718828
1788000	 38.42913517118719
1788500	 38.43844828544434
1789000	 38.43607978221012
1789500	 38.43606976227505
1790000	 38.43902709906708
1790500	 38.44192760381968
1791000	 38.44490702192617
1791500	 38.44303867709894
1792000	 38.43981584202352
1792500	 38.446256239600665
1793000	 38.452085181898845
1793500	 38.45035205411099
1794000	 38.45119991132295
1794500	 38.451931068875716
1795000	 38.45258143142034
1795500	 38.45939957904066
1796000	 38.45888476659837
1796500	 38.44604316546763
1797000	 38.433185840707964
1797500	 38.437427418016924
1798000	 38.44310516421542
1798500	 38.44673558516225
1799000	 38.44542691351202
1799500	 38.44337642249475
1800000	 38.4494034467521
1800500	 38.44464689967423
1801000	 38.446676970633696
1801500	 38.44760222945754
1802000	 38.4521326491199
1802500	 38.45429469851602
1803000	 38.456290331476474
1803500	 38.45134255940894
1804000	 38.44972990849961
1804500	 38.456925536019405
1805000	 38.46087291965171
1805500	 38.462699724517904
1806000	 38.45319383259912
1806500	 38.45848474837573
1807000	 38.45525099075297
1807500	 38.45452044241457
1808000	 38.45104510451045
1808500	 38.45625034372766
1809000	 38.455165209742155
1809500	 38.456084423436295
1810000	 38.46260372588888
1810500	 38.463080980112075
1811000	 38.45777045579352
1811500	 38.459207203250244
1812000	 38.456970362239296
1812500	 38.463750617419464
1813000	 38.466721536351166
1813500	 38.46804542212957
1814000	 38.46745270085001
1814500	 38.46116318587951
1815000	 38.469907914930936
1815500	 38.466111445948165
1816000	 38.46803615447823
1816500	 38.465856196265264
1817000	 38.46403153399759
1817500	 38.46043126094571
1818000	 38.47110332749562
1818500	 38.469909180435494
1819000	 38.46890894175554
1819500	 38.47309711286089
1820000	 38.478075451066154
1820500	 38.47805411314567
1821000	 38.477814207650276
1821500	 38.47872166074843
1822000	 38.4858797181406
1822500	 38.49046916816866
1823000	 38.4884241563831
1823500	 38.49063813526939
1824000	 38.48723125613882
1824500	 38.49293469365487
1825000	 38.48484022248882
1825500	 38.4801308258381
1826000	 38.47806659037655
1826500	 38.48438947311066
1827000	 38.47576516719312
1827500	 38.4729707659644
1828000	 38.48070328234718
1828500	 38.48138876795821
1829000	 38.48511888568475
1829500	 38.48482375979112
1830000	 38.48235549997281
1830500	 38.47573237675961
1831000	 38.474542194207466
1831500	 38.471725786300176
1832000	 38.467854039965246
1832500	 38.46726384364821
1833000	 38.46993052540165
1833500	 38.47083401161213
1834000	 38.471953998047084
1834500	 38.478003797125034
1835000	 38.476789587852494
1835500	 38.48357011170155
1836000	 38.48462998102467
1836500	 38.4820596205962
1837000	 38.488022978538915
1837500	 38.4889466840052
1838000	 38.49284940411701
1838500	 38.498131397931
1839000	 38.50341167551175
1839500	 38.502409181960914
1840000	 38.499810575309844
1840500	 38.50108213396818
1841000	 38.5013793476497
1841500	 38.505191995673336
1842000	 38.50362240484429
1842500	 38.49891915261565
1843000	 38.504998108823685
1843500	 38.514102009941645
1844000	 38.5042121179393
1844500	 38.507585983478215
1845000	 38.50952766531714
1845500	 38.51009174311927
1846000	 38.50677024329719
1846500	 38.50898009816083
1847000	 38.50585000269585
1847500	 38.50428502129036
1848000	 38.50274814096347
1848500	 38.49873417721519
1849000	 38.498922994076466
1849500	 38.49152268690457
1850000	 38.49052948773138
1850500	 38.49397395889379
1851000	 38.494728348574505
1851500	 38.490240361348604
1852000	 38.50120987256009
1852500	 38.505
1853000	 38.504675910996454
1853500	 38.50889354613359
1854000	 38.50808487778673
1854500	 38.502282124254954
1855000	 38.509208053691275
1855500	 38.51170281296972
1856000	 38.51234435379991
1856500	 38.51083807275459
1857000	 38.51303508207274
1857500	 38.51136851136851
1858000	 38.508818011257034
1858500	 38.50672525588125
1859000	 38.51130518645521
1859500	 38.504150377550474
1860000	 38.50813878774898
1860500	 38.511134903640254
1861000	 38.51386212802398
1861500	 38.51308256193483
1862000	 38.51770811042157
1862500	 38.51529575355653
1863000	 38.519811774771405
1863500	 38.51619627966645
1864000	 38.513117819930535
1864500	 38.51442307692308
1865000	 38.50790260572405
1865500	 38.50475072061492
1866000	 38.50122732123799
1866500	 38.49738638788138
1867000	 38.49325513196481
1867500	 38.50194594018233
1868000	 38.49938709161648
1868500	 38.49589770911028
1869000	 38.49754980291893
1869500	 38.504740093736686
1870000	 38.506629039987224
1870500	 38.50806494543519
1871000	 38.50125046559889
1871500	 38.50191509735078
1872000	 38.509335602957606
1872500	 38.50776430546692
1873000	 38.508080808080805
1873500	 38.496971307120084
1874000	 38.49843293492696
1874500	 38.49259278925291
1875000	 38.49880541544996
1875500	 38.5034504724493
1876000	 38.499389758556646
1876500	 38.49549119456822
1877000	 38.50352729008646
1877500	 38.504560398769755
1878000	 38.511558854718984
1878500	 38.51174131990459
1879000	 38.510863804981454
1879500	 38.50675425120517
1880000	 38.5051366235967
1880500	 38.50465854949709
1881000	 38.494179894179894
1881500	 38.48955413338975
1882000	 38.48575054195527
1882500	 38.491250330425586
1883000	 38.49886345615055
1883500	 38.50520640625826
1884000	 38.50710775247054
1884500	 38.49878512571308
1885000	 38.497966943021595
1885500	 38.50102951269732
1886000	 38.49683343888537
1886500	 38.487973414917185
1887000	 38.48876700769961
1887500	 38.49596582819174
1888000	 38.498181051299625
1888500	 38.496653138670744
1889000	 38.504901444081376
1889500	 38.50711349984192
1890000	 38.515700737618545
1890500	 38.521388684016436
1891000	 38.52599420595207
1891500	 38.51847951984837
1892000	 38.51539392663544
1892500	 38.51446911501631
1893000	 38.51620199894792
1893500	 38.51293647454775
1894000	 38.50827945119067
1894500	 38.509328848478475
1895000	 38.5109558089433
1895500	 38.517312036988386
1896000	 38.522746375288925
1896500	 38.51520084011552
1897000	 38.521157076858465
1897500	 38.51989083656975
1898000	 38.52122356891757
1898500	 38.52140159462862
1899000	 38.52312775330397
1899500	 38.52217678515257
1900000	 38.52531711919488
1900500	 38.52552143381197
1901000	 38.52708791784554
1901500	 38.5206347543731
1902000	 38.524033930254475
1902500	 38.52096309866527
1903000	 38.52530221361662
1903500	 38.521186440677965
1904000	 38.52199152763977
1904500	 38.519841062372564
1905000	 38.52357553580763
1905500	 38.53340303188709
1906000	 38.52732782944926
1906500	 38.53416927899686
1907000	 38.536384056835395
1907500	 38.536661792354295
1908000	 38.538088027985175
1908500	 38.53737342102516
1909000	 38.53329158839491
1909500	 38.53033543742501
1910000	 38.52763871506049
1910500	 38.526639557918884
1911000	 38.5319781078968
1911500	 38.53066541608045
1912000	 38.537619841600666
1912500	 38.53891435715774
1913000	 38.54208333333333
1913500	 38.5407164427783
1914000	 38.54336283185841
1914500	 38.54819904226525
1915000	 38.54162330905307
1915500	 38.54746917754773
1916000	 38.546622289250614
1916500	 38.546451780608265
1917000	 38.54030036896534
1917500	 38.54031587697423
1918000	 38.538669298291175
1918500	 38.53512643439431
1919000	 38.53836569411276
1919500	 38.541863483000256
1920000	 38.547072866929625
1920500	 38.551450365834675
1921000	 38.549774342480674
1921500	 38.553031481769615
1922000	 38.547179593529656
1922500	 38.54452161293666
1923000	 38.54944029850746
1923500	 38.53654115087792
1924000	 38.529768067922966
1924500	 38.53359213250518
1925000	 38.527576572847686
1925500	 38.53880380794702
1926000	 38.53920960066211
1926500	 38.54245966073645
1927000	 38.54501266870055
1927500	 38.546164185277085
1928000	 38.54666666666667
1928500	 38.54800041335125
1929000	 38.55246164178333
1929500	 38.54647800041314
1930000	 38.55339254363317
1930500	 38.54836378651802
1931000	 38.550469604706365
1931500	 38.54996646545942
1932000	 38.540016501650165
1932500	 38.54126926844357
1933000	 38.54187928457296
1933500	 38.54331357897449
1934000	 38.54204018547141
1934500	 38.55015197568389
1935000	 38.55346657051612
1935500	 38.555052013595635
1936000	 38.556968542449674
1936500	 38.55783188346116
1937000	 38.55696788801976
1937500	 38.55275477133598
1938000	 38.55709289167781
1938500	 38.55661250514191
1939000	 38.560176854660426
1939500	 38.559724506578945
1940000	 38.55332922318126
1940500	 38.55342099856174
1941000	 38.552634281606245
1941500	 38.55513913132765
1942000	 38.556177180105735
1942500	 38.55405613422957
1943000	 38.55668410793064
1943500	 38.555128205128206
1944000	 38.554757998359314
1944500	 38.555230919063
1945000	 38.557115768974526
1945500	 38.56036072965772
1946000	 38.555396199354604
1946500	 38.55484432609586
1947000	 38.55890635400133
1947500	 38.56391747299442
1948000	 38.568028255528255
1948500	 38.57221084953941
1949000	 38.57757650189336
1949500	 38.572531969309466
1950000	 38.57123133565146
1950500	 38.569164707085164
1951000	 38.575985278331544
1951500	 38.5683629675046
1952000	 38.568604413567634
1952500	 38.57109295199183
1953000	 38.57043655859076
1953500	 38.56837323260681
1954000	 38.56843233312921
1954500	 38.57107142857143
1955000	 38.57659541906851
1955500	 38.581994389186434
1956000	 38.585067319461444
1956500	 38.58775239649194
1957000	 38.59279086366881
1957500	 38.588247286071045
1958000	 38.5848787446505
1958500	 38.58044308632544
1959000	 38.576519702677935
1959500	 38.58098340629136
1960000	 38.58799877850163
1960500	 38.58527526203317
1961000	 38.5806632082189
1961500	 38.577507753317406
1962000	 38.58869286694799
1962500	 38.591877192090685
1963000	 38.598475222363405
1963500	 38.59936988668123
1964000	 38.59519455450574
1964500	 38.59774493371933
1965000	 38.585198720877116
1965500	 38.58451311716649
1966000	 38.58362501902298
1966500	 38.58042596348884
1967000	 38.57311571797861
1967500	 38.57197871801368
1968000	 38.57058912922344
1968500	 38.57516207455429
1969000	 38.56324981017464
1969500	 38.562095141700404
1970000	 38.55711828392189
1970500	 38.55601638763846
1971000	 38.54782608695652
1971500	 38.54561075453581
1972000	 38.54582659660469
1972500	 38.54371432900651
1973000	 38.54294370108558
1973500	 38.54419708213438
1974000	 38.541733952361724
1974500	 38.54040964584805
1975000	 38.54156158579643
1975500	 38.54644946540246
1976000	 38.544973278209135
1976500	 38.54357578506981
1977000	 38.53844603446538
1977500	 38.5415889969268
1978000	 38.54344431572055
1978500	 38.53846928499497
1979000	 38.531809945641236
1979500	 38.52475347152345
1980000	 38.52059548357894
1980500	 38.5166918049271
1981000	 38.510403055583474
1981500	 38.51019895498392
1982000	 38.51170383765321
1982500	 38.518760359636346
1983000	 38.51991161552755
1983500	 38.52151428427976
1984000	 38.524220671653026
1984500	 38.52747804265997
1985000	 38.52224953594542
1985500	 38.52277058882536
1986000	 38.52070798235058
1986500	 38.52800200551517
1987000	 38.53078002807299
1987500	 38.53847310642137
1988000	 38.535127280016034
1988500	 38.52511895817681
1989000	 38.52942354885561
1989500	 38.53603084781411
1990000	 38.5393781605167
1990500	 38.53846538865809
1991000	 38.54138724852367
1991500	 38.531462585034014
1992000	 38.53883859350773
1992500	 38.54225845169034
1993000	 38.536369544568316
1993500	 38.54108767369789
1994000	 38.541702063864875
1994500	 38.54326538768985
1995000	 38.5459040959041
1995500	 38.543843004094676
1996000	 38.541433706070286
1996500	 38.544596955328174
1997000	 38.54900688691486
1997500	 38.538181455434184
1998000	 38.54199082385797
1998500	 38.53746447978464
1999000	 38.53902511961722
1999500	 38.54253251607116
2000000	 38.532025102101805
2000500	 38.52511574650271
2001000	 38.531959378733575
2001500	 38.526598656382184
2002000	 38.52308228037011
2002500	 38.52631317150816
2003000	 38.524489085575055
2003500	 38.528537337178086
2004000	 38.52711097857959
2004500	 38.53391641405357
2005000	 38.535323926868045
2005500	 38.52584794160004
2006000	 38.53456152547423
2006500	 38.53775880045678
2007000	 38.52389222448271
2007500	 38.52229773302247
2008000	 38.51981155467394
2008500	 38.524940499801666
2009000	 38.52505824617062
2009500	 38.525324610962436
2010000	 38.52182313599207
2010500	 38.52595601347335
2011000	 38.5275851822504
2011500	 38.53035254505843
2012000	 38.53096381367259
2012500	 38.529199247748195
2013000	 38.52468830397783
2013500	 38.52445961319682
2014000	 38.5243534589329
2014500	 38.53186650185414
2015000	 38.53220623856839
2015500	 38.52918211020509
2016000	 38.524724596156695
2016500	 38.528769694275695
2017000	 38.5277997234841
2017500	 38.523026802902415
2018000	 38.529490153496866
2018500	 38.52614959542135
2019000	 38.5307088944798
2019500	 38.53475065357865
2020000	 38.533310321021744
2020500	 38.54151873767258
2021000	 38.54222331772245
2021500	 38.5419911286348
2022000	 38.54597417956046
2022500	 38.54381557558741
2023000	 38.541783621411334
2023500	 38.54335089360445
2024000	 38.54408072852572
2024500	 38.5443405511811
2025000	 38.54122798386303
2025500	 38.536516992081836
2026000	 38.530357406223885
2026500	 38.53121006586061
2027000	 38.51812555260831
2027500	 38.51102273285216
2028000	 38.507902228330224
2028500	 38.51568098159509
2029000	 38.51391001422894
2029500	 38.515943877551024
2030000	 38.507036728289116
2030500	 38.51436697067765
2031000	 38.5156135104662
2031500	 38.50575726395218
2032000	 38.506295008083086
2032500	 38.50242421274304
2033000	 38.50695328567232
2033500	 38.50349992657497
2034000	 38.51368153115669
2034500	 38.52236906510034
2035000	 38.517737437001514
2035500	 38.5132557229505
2036000	 38.51313022641694
2036500	 38.50904380132968
2037000	 38.51603284778571
2037500	 38.516884132336415
2038000	 38.521622281944786
2038500	 38.52472151651358
2039000	 38.52151404151404
2039500	 38.519115277574336
2040000	 38.52033195020747
2040500	 38.52108345534407
2041000	 38.52105391558917
2041500	 38.519633188624944
2042000	 38.52023797912806
2042500	 38.52035493150017
2043000	 38.51713213432763
2043500	 38.52019882072024
2044000	 38.523777041512375
2044500	 38.51853295017291
2045000	 38.5126582278481
2045500	 38.51538161993769
2046000	 38.50907410110446
2046500	 38.517003162247626
2047000	 38.52215790241767
2047500	 38.51570553340465
2048000	 38.51307602566595
2048500	 38.50903790087464
2049000	 38.508452346254735
2049500	 38.50356917399116
2050000	 38.50507355440113
2050500	 38.508009708737866
2051000	 38.50152845844049
2051500	 38.49488286365621
2052000	 38.48715213807815
2052500	 38.48650089670883
2053000	 38.47899607539125
2053500	 38.47711310244611
2054000	 38.482491403109414
2054500	 38.483753813374655
2055000	 38.48816152617053
2055500	 38.49210883036406
2056000	 38.4947480516966
2056500	 38.50176661342626
2057000	 38.509244022843866
2057500	 38.50171738183929
2058000	 38.507473516180525
2058500	 38.5145593499081
2059000	 38.51806354887073
2059500	 38.51762316878596
2060000	 38.5196983612897
2060500	 38.51962110960758
2061000	 38.52266138384229
2061500	 38.51886200067623
2062000	 38.524678837052065
2062500	 38.52815065185901
2063000	 38.51966793764178
2063500	 38.5151983016501
2064000	 38.51702846116739
2064500	 38.514322916666664
2065000	 38.51648987463838
2065500	 38.514146623608234
2066000	 38.51390160458729
2066500	 38.509778420038536
2067000	 38.50493571531757
2067500	 38.50086646770001
2068000	 38.505125860326324
2068500	 38.49973538609574
2069000	 38.4997113997114
2069500	 38.497595691479134
2070000	 38.49444791616594
2070500	 38.49738068919114
2071000	 38.4997597308986
2071500	 38.50028826751225
2072000	 38.50456379707917
2072500	 38.50449065846981
2073000	 38.50662696888206
2073500	 38.50830612636835
2074000	 38.50782374964001
2074500	 38.51771143323413
2075000	 38.52298905740065
2075500	 38.52180797466532
2076000	 38.5261718562587
2076500	 38.53012568358438
2077000	 38.5361887860329
2077500	 38.53958663022107
2078000	 38.537152444870564
2078500	 38.53774263120057
2079000	 38.52550653829573
2079500	 38.52609903265971
2080000	 38.52388931443891
2080500	 38.53011010052657
2081000	 38.527565084226644
2081500	 38.52499880388498
2082000	 38.528463451970914
2082500	 38.533961542141014
2083000	 38.535054997608796
2083500	 38.53856452924018
2084000	 38.54061289859923
2084500	 38.53983654351671
2085000	 38.53635929288103
2085500	 38.53321870373024
2086000	 38.532922694933866
2086500	 38.527732696897374
2087000	 38.53047296329881
2087500	 38.52822176630564
2088000	 38.53384857592672
2088500	 38.53882846784965
2089000	 38.54115795497901
2089500	 38.54193486864063
2090000	 38.54302331124565
2090500	 38.54029452413859
2091000	 38.534800628840934
2091500	 38.5391320916496
2092000	 38.53185410913246
2092500	 38.53318099590593
2093000	 38.52790863668808
2093500	 38.52628324056896
2094000	 38.52691905260154
2094500	 38.530125065385896
2095000	 38.53183093234441
2095500	 38.53415410942625
2096000	 38.52984223531648
2096500	 38.534210776394566
2097000	 38.53215846475394
2097500	 38.5330547112462
2098000	 38.53589743589744
2098500	 38.5403570411167
2099000	 38.54497982435319
2099500	 38.54641670621737
2100000	 38.54231900559825
2100500	 38.542427548261635
2101000	 38.543105083459785
2101500	 38.54060203839772
2102000	 38.53760485285058
2102500	 38.53273640325943
2103000	 38.537776514613235
2103500	 38.53634512478098
2104000	 38.538632705236246
2104500	 38.532134406057736
2105000	 38.52845720773998
2105500	 38.53221381267739
2106000	 38.536562293065934
2106500	 38.5313223961042
2107000	 38.53455611231918
2107500	 38.5376943801106
2108000	 38.54005009215066
2108500	 38.53907209675895
2109000	 38.53506824729608
2109500	 38.528184307430834
2110000	 38.53403512084592
2110500	 38.537143666226164
2111000	 38.530216540076424
2111500	 38.532993726711005
2112000	 38.531123266999906
2112500	 38.53658996605055
2113000	 38.54040546911834
2113500	 38.537377450980394
2114000	 38.53753357523208
2114500	 38.54483343542383
2115000	 38.54255970606246
2115500	 38.539580880621614
2116000	 38.54508640580119
2116500	 38.5475730897792
2117000	 38.5494469286891
2117500	 38.557657912077566
2118000	 38.557714931062065
2118500	 38.55777192322168
2119000	 38.56034807149577
2119500	 38.568102718464864
2120000	 38.571878673877265
2120500	 38.57379284404532
2121000	 38.566614972508106
2121500	 38.56662281526029
2122000	 38.56997228355334
2122500	 38.57132121553708
2123000	 38.57081141998497
2123500	 38.572863849765255
2124000	 38.57604205782952
2124500	 38.56979308403322
2125000	 38.56789718091843
2125500	 38.572085170246694
2126000	 38.57319703648129
2126500	 38.57193081141893
2127000	 38.57801734239513
2127500	 38.58090819626037
2128000	 38.5861018696406
2128500	 38.583942289675846
2129000	 38.593170320404724
2129500	 38.59613132874338
2130000	 38.59575763251545
2130500	 38.59015165699307
2131000	 38.596461668070766
2131500	 38.59294436906377
2132000	 38.596977919161674
2132500	 38.600991673683225
2133000	 38.603152331509285
2133500	 38.6107473575905
2134000	 38.61339193865145
2134500	 38.61791658874135
2135000	 38.61976439790576
2135500	 38.61629048086359
2136000	 38.61300569933663
2136500	 38.612629022465086
2137000	 38.62049318139361
2137500	 38.62182480388495
2138000	 38.62596881128023
2138500	 38.627083041590815
2139000	 38.62239850676622
2139500	 38.618836590940894
2140000	 38.61880333908502
2140500	 38.61575757575758
2141000	 38.621666977438004
2141500	 38.62313571961223
2142000	 38.62252457946973
2142500	 38.62597838240775
2143000	 38.62800447177194
2143500	 38.62650770735342
2144000	 38.62425512104283
2144500	 38.62240528716374
2145000	 38.62438343415542
2145500	 38.621761175978044
2146000	 38.623180317194546
2146500	 38.61685805941699
2147000	 38.61533813618406
2147500	 38.6189059813171
2148000	 38.62320524139213
2148500	 38.614630747793775
2149000	 38.61719221659778
2149500	 38.6186562659609
2150000	 38.61874477764367
2150500	 38.62660725061505
2151000	 38.632118821072176
2151500	 38.642794151775355
2152000	 38.651536248027476
2152500	 38.65614849187935
2153000	 38.65112719176176
2153500	 38.64844184752365
2154000	 38.6521073862846
2154500	 38.64202623163554
2155000	 38.63990177454478
2155500	 38.63470890648882
2156000	 38.63470087053158
2156500	 38.62911363110391
2157000	 38.63175675675676
2157500	 38.63362946511197
2158000	 38.63573279052554
2158500	 38.63567827575043
2159000	 38.63140373589791
2159500	 38.62979569196635
2160000	 38.625063536805136
2160500	 38.6229500623643
2161000	 38.618407684492475
2161500	 38.6156687133558
2162000	 38.61967409869362
2162500	 38.62364995846026
2163000	 38.61697808535179
2163500	 38.62113663622105
2164000	 38.627381336777525
2164500	 38.62415271821829
2165000	 38.62141605974002
2165500	 38.618801843317975
2166000	 38.6146226849719
2166500	 38.613606006171985
2167000	 38.60882176895805
2167500	 38.611287575380935
2168000	 38.609047816282384
2168500	 38.607361398665745
2169000	 38.6016189118337
2169500	 38.60687022900763
2170000	 38.60087336244541
2170500	 38.60197610294118
2171000	 38.60425473258592
2171500	 38.601258554958434
2172000	 38.59974283614989
2172500	 38.60056930352142
2173000	 38.59665871121718
2173500	 38.59500757123847
2174000	 38.59664173968895
2174500	 38.60386273970089
2175000	 38.606228786349874
2175500	 38.604732208363906
2176000	 38.59696566897374
2176500	 38.59792869581157
2177000	 38.60242840778923
2177500	 38.59064889865824
2178000	 38.59217032967033
2178500	 38.58696448187477
2179000	 38.591762013729976
2179500	 38.594700956390426
2180000	 38.60313901345292
2180500	 38.59820693440673
2181000	 38.60006402634227
2181500	 38.59967081199707
2182000	 38.5905767297322
2182500	 38.597011515262295
2183000	 38.60157178104725
2183500	 38.60301507537689
2184000	 38.59772581970956
2184500	 38.594795708742296
2185000	 38.59602921040621
2185500	 38.59340208067166
2186000	 38.59159748198157
2186500	 38.59292196834952
2187000	 38.59925213188016
2187500	 38.602042677366406
2188000	 38.60032819764792
2188500	 38.60110285740327
2189000	 38.60443816640846
2189500	 38.607334851936216
2190000	 38.60692325210658
2190500	 38.61390963745673
2191000	 38.615391621129326
2191500	 38.62205728336597
2192000	 38.62517641702709
2192500	 38.62332165126758
2193000	 38.62466439135381
2193500	 38.62438580527753
2194000	 38.63001546720044
2194500	 38.62971891203493
2195000	 38.62971215497249
2195500	 38.62416473476067
2196000	 38.617894306357066
2196500	 38.61914497296806
2197000	 38.622331243753976
2197500	 38.62578916291956
2198000	 38.62448349452845
2198500	 38.62042669087608
2199000	 38.617552298407226
2199500	 38.625328977221166
2200000	 38.62439887487524
2200500	 38.62335011566199
2201000	 38.61499750646053
2201500	 38.61742441412447
2202000	 38.61849082256968
2202500	 38.62319300312684
2203000	 38.62984276587068
2203500	 38.63410656034795
2204000	 38.63580358760645
2204500	 38.63386468616973
2205000	 38.63735567127009
2205500	 38.645476772616135
2206000	 38.647034857401536
2206500	 38.64931655653118
2207000	 38.64437607456339
2207500	 38.64423033428326
2208000	 38.64681139755766
2208500	 38.6519989146165
2209000	 38.64390001356055
2209500	 38.64723163841808
2210000	 38.64436110609073
2210500	 38.650747752225186
2211000	 38.65359595229491
2211500	 38.65639821130132
2212000	 38.6568215688931
2212500	 38.66043529305518
2213000	 38.66547769550298
2213500	 38.66180718541253
2214000	 38.65179538072898
2214500	 38.65230921883457
2215000	 38.65414618749155
2215500	 38.6575293056808
2216000	 38.65398656871141
2216500	 38.65456020187455
2217000	 38.65888713674251
2217500	 38.654911498446154
2218000	 38.651028769528615
2218500	 38.65382191410822
2219000	 38.64330063889139
2219500	 38.644325491430884
2220000	 38.63727517985612
2220500	 38.64048732242402
2221000	 38.64555425694507
2221500	 38.64154758695066
2222000	 38.63781331416764
2222500	 38.632599910193086
2223000	 38.63250280583614
2223500	 38.6271597181708
2224000	 38.6305586717523
2224500	 38.62925078510543
2225000	 38.63041040592061
2225500	 38.62894040625981
2226000	 38.630323679727425
2226500	 38.6314208874944
2227000	 38.62912838897603
2227500	 38.62807992115402
2228000	 38.624882439876394
2228500	 38.624652995432974
2229000	 38.62558753749049
2229500	 38.62030697632792
2230000	 38.61680236199338
2230500	 38.61742475065969
2231000	 38.614101761602434
2231500	 38.61851752503576
2232000	 38.61864747686944
2232500	 38.612992583325884
2233000	 38.618628545901274
2233500	 38.62202965874576
2234000	 38.6201491537534
2234500	 38.6189391909992
2235000	 38.624570331681625
2235500	 38.62987099941972
2236000	 38.62469323100263
2236500	 38.62367845831289
2237000	 38.61819397993311
2237500	 38.62556853652011
2238000	 38.62113850131502
2238500	 38.619724586657156
2239000	 38.62329560645219
2239500	 38.617015590200445
2240000	 38.61146978939401
2240500	 38.610460716670374
2241000	 38.61402884101834
2241500	 38.605641322240515
2242000	 38.60947508896797
2242500	 38.609677993239636
2243000	 38.610992529348984
2243500	 38.61261781966922
2244000	 38.61023202062405
2244500	 38.60459433040078
2245000	 38.60111935326256
2245500	 38.60508083140878
2246000	 38.60094126004529
2246500	 38.593422687733
2247000	 38.59184488419558
2247500	 38.59742679680568
2248000	 38.5915380521554
2248500	 38.59149558817009
2249000	 38.58929917106255
2249500	 38.59236769789912
2250000	 38.58692955250332
2250500	 38.588482834994466
2251000	 38.590574895916376
2251500	 38.59237445753255
2252000	 38.591712046752555
2252500	 38.5862618394264
2253000	 38.5846017699115
2253500	 38.58013004821515
2254000	 38.579161507164336
2254500	 38.57974090286068
2255000	 38.57752828854314
2255500	 38.581985326615396
2256000	 38.583049798948345
2256500	 38.588963018601156
2257000	 38.59206573599576
2257500	 38.5902747107146
2258000	 38.59430337822919
2258500	 38.5953022208486
2259000	 38.595038403813895
2259500	 38.59884362448691
2260000	 38.59740546264837
2260500	 38.60010588546722
2261000	 38.60169379383353
2261500	 38.60179917978569
2262000	 38.604735240950575
2262500	 38.606215560943355
2263000	 38.609264809590975
2263500	 38.60786992156517
2264000	 38.60477512003877
2264500	 38.60398132652163
2265000	 38.60579505922762
2265500	 38.59952460603927
2266000	 38.59659390952297
2266500	 38.59846884899683
2267000	 38.59646344681974
2267500	 38.59315773272943
2268000	 38.598513828430725
2268500	 38.59674725274725
2269000	 38.59802241265656
2269500	 38.59850615114235
2270000	 38.60077315058865
2270500	 38.60182704554438
2271000	 38.59669842384862
2271500	 38.600438981562775
2272000	 38.597998771175284
2272500	 38.59960508995173
2273000	 38.59465742609001
2273500	 38.59487786694733
2274000	 38.592222368363366
2274500	 38.59382808048043
2275000	 38.59499495989832
2275500	 38.597081635335876
2276000	 38.591948484317506
2276500	 38.59197617379117
2277000	 38.5946573242829
2277500	 38.59276770860695
2278000	 38.58947875180533
2278500	 38.585929296464826
2279000	 38.58456895420549
2279500	 38.58387266048627
2280000	 38.57907851022906
2280500	 38.57855862943053
2281000	 38.57683401057369
2281500	 38.57189656678606
2282000	 38.57575228195834
2282500	 38.57912663755459
2283000	 38.57952412137088
2283500	 38.584537477626924
2284000	 38.58049312677286
2284500	 38.58058464223386
2285000	 38.573621772505234
2285500	 38.578873915129314
2286000	 38.58012471111499
2286500	 38.575806451612905
2287000	 38.57810320781032
2287500	 38.577610249259195
2288000	 38.5726171806935
2288500	 38.56577400391901
2289000	 38.56552024379626
2289500	 38.569451094763416
2290000	 38.57045869962573
2290500	 38.57576153176675
2291000	 38.57768785624157
2291500	 38.58172721340004
2292000	 38.58737547309349
2292500	 38.58801270062198
2293000	 38.5917630686266
2293500	 38.59106917692073
2294000	 38.593922531843674
2294500	 38.59577519885252
2295000	 38.595037371806015
2295500	 38.59041744494157
2296000	 38.596342628789856
2296500	 38.59033476618471
2297000	 38.58679515561922
2297500	 38.58875097647773
2298000	 38.5879290146223
2298500	 38.590021691973966
2299000	 38.59491584244317
2299500	 38.59280943707173
2300000	 38.596591648237286
2300500	 38.59982657706482
2301000	 38.597217406380025
2301500	 38.596065516942545
2302000	 38.59967072483861
2302500	 38.59615384615385
2303000	 38.596223800450375
2303500	 38.598311322797144
2304000	 38.59779220779221
2304500	 38.59573271011858
2305000	 38.59189235960889
2305500	 38.59677279806195
2306000	 38.598140138408304
2306500	 38.59517426273459
2307000	 38.59402559225315
2307500	 38.59673236514523
2308000	 38.603881229199985
2308500	 38.60812445980985
2309000	 38.60175385545812
2309500	 38.59794437726723
2310000	 38.60484497797737
2310500	 38.60475758753184
2311000	 38.59839461418954
2311500	 38.595409638034425
2312000	 38.59281462951781
2312500	 38.59249676584735
2313000	 38.594360367352216
2313500	 38.59665459561993
2314000	 38.598517177464544
2314500	 38.59372576057916
2315000	 38.596880520487744
2315500	 38.5966658051176
2316000	 38.59888879317771
2316500	 38.596193592835
2317000	 38.59759772688135
2317500	 38.58870863634408
2318000	 38.59233284571035
2318500	 38.59697126140079
2319000	 38.60182396971522
2319500	 38.60401703152552
2320000	 38.60209829298706
2320500	 38.59537522565117
2321000	 38.60272500644717
2321500	 38.60195092604529
2322000	 38.60476906552095
2322500	 38.607603092783506
2323000	 38.61169093329897
2323500	 38.6096010992314
2324000	 38.60471305318281
2324500	 38.601398901476145
2325000	 38.60071217126432
2325500	 38.6049933507786
2326000	 38.60757484773098
2326500	 38.61122785950165
2327000	 38.61526586620926
2327500	 38.60262289461278
2328000	 38.60655667452325
2328500	 38.60283596795613
2329000	 38.6032636628405
2329500	 38.60381963773391
2330000	 38.59446156480055
2330500	 38.597141389934954
2331000	 38.59596132454865
2331500	 38.59375534644996
2332000	 38.594876619766495
2332500	 38.59483495809817
2333000	 38.598717400598545
2333500	 38.59278570818019
2334000	 38.5806920119607
2334500	 38.58183138293329
2335000	 38.58277467013963
2335500	 38.58434017845707
2336000	 38.587936480833264
2336500	 38.58804950917627
2337000	 38.59269375213383
2337500	 38.59645828888415
2338000	 38.593038136677755
2338500	 38.58987590089129
2339000	 38.58848859518226
2339500	 38.590971097280246
2340000	 38.59396445164315
2340500	 38.59642020029832
2341000	 38.599710243736155
2341500	 38.60479781839874
2342000	 38.60381698900912
2342500	 38.60872343144354
2343000	 38.601720173720516
2343500	 38.60050229865486
2344000	 38.59847646608222
2344500	 38.60177857203642
2345000	 38.60316514932358
2345500	 38.60305375978224
2346000	 38.602696036740944
2346500	 38.607747257419845
2347000	 38.61026316908295
2347500	 38.60525309192911
2348000	 38.60894139645574
2348500	 38.61032504780115
2349000	 38.61384203594341
2349500	 38.609343809726056
2350000	 38.60829688760562
2350500	 38.613833220108695
2351000	 38.6098896434635
2351500	 38.60497284453496
2352000	 38.603351007423115
2352500	 38.60307901098435
2353000	 38.606225086930706
2353500	 38.599550676105295
2354000	 38.59460146616382
2354500	 38.6010593220339
2355000	 38.60022875540117
2355500	 38.59967811613231
2356000	 38.60186322252805
2356500	 38.60615684281843
2357000	 38.60811211312926
2357500	 38.614225232853514
2358000	 38.61360365698806
2358500	 38.61504930382158
2359000	 38.61462300076161
2359500	 38.62018193357309
2360000	 38.618459456029775
2360500	 38.62194967223515
2361000	 38.62469344608879
2361500	 38.62222597962548
2362000	 38.62616229923922
2362500	 38.62596129468436
2363000	 38.628179129700044
2363500	 38.63038060237401
2364000	 38.61741112893692
2364500	 38.61770292516145
2365000	 38.61522555597755
2365500	 38.61401510357339
2366000	 38.61050189793336
2366500	 38.612591717972506
2367000	 38.61184654300169
2367500	 38.610132344263675
2368000	 38.60989381425923
2368500	 38.60931839245092
2369000	 38.61189503390759
2369500	 38.6113871809989
2370000	 38.6122947368421
2370500	 38.60819968851286
2371000	 38.60228898426323
2371500	 38.60220436666526
2372000	 38.60658702784554
2372500	 38.6066697506203
2373000	 38.60917462052727
2373500	 38.60837397006894
2374000	 38.610877605917956
2374500	 38.61340617776844
2375000	 38.611806722689074
2375500	 38.61441835062807
2376000	 38.61785339214451
2376500	 38.62005964131211
2377000	 38.6196355085244
2377500	 38.62425998236554
2378000	 38.62366719838804
2378500	 38.61909357952161
2379000	 38.62382510909701
2379500	 38.61944712445992
2380000	 38.623605402231355
2380500	 38.62360045288715
2381000	 38.62476941137012
2381500	 38.62766715573255
2382000	 38.62530383035789
2382500	 38.625466124774796
2383000	 38.629351879006244
2383500	 38.62605235602094
2384000	 38.624848205686526
2384500	 38.629443537244065
2385000	 38.629395512391156
2385500	 38.631089904570565
2386000	 38.63343795773174
2386500	 38.630365659777425
2387000	 38.625193425620004
2387500	 38.62671963203011
2388000	 38.627591973244144
2388500	 38.62609713282622
2389000	 38.62886037862008
2389500	 38.627559120915855
2390000	 38.62288029404394
2390500	 38.61894024802706
2391000	 38.61646351644682
2391500	 38.62014274385408
2392000	 38.62130696044066
2392500	 38.626387382124676
2393000	 38.62914598022446
2393500	 38.630349545340785
2394000	 38.636412930135556
2394500	 38.6405455000417
2395000	 38.636898061288306
2395500	 38.631309131830115
2396000	 38.6311096295679
2396500	 38.63482209815849
2397000	 38.63493980922231
2397500	 38.62816455696203
2398000	 38.632775418436175
2398500	 38.63372601257129
2399000	 38.63022762265407
2399500	 38.638217302650745
2400000	 38.63292982237198
2400500	 38.63901830282862
2401000	 38.634730538922156
2401500	 38.635180642747265
2402000	 38.63640520430644
2402500	 38.63466733158791
2403000	 38.63023429710867
2403500	 38.63904120970422
2404000	 38.63643159730875
2404500	 38.64113958220857
2405000	 38.647300664451826
2405500	 38.64571309943948
2406000	 38.64168015606192
2406500	 38.63655601659751
2407000	 38.63765350149353
2407500	 38.64249564423795
2408000	 38.64063536828135
2408500	 38.64358283226208
2409000	 38.63872652655142
2409500	 38.63949102665064
2410000	 38.63989723189126
2410500	 38.63685322507146
2411000	 38.63927432382057
2411500	 38.63910054662912
2412000	 38.64052666445843
2412500	 38.64224209306177
2413000	 38.643143909606394
2413500	 38.642845319870894
2414000	 38.64688844753393
2414500	 38.650697116379135
2415000	 38.651156057409935
2415500	 38.65453492700277
2416000	 38.650665674357064
2416500	 38.655917979246766
2417000	 38.64136677271413
2417500	 38.641275611368144
2418000	 38.64168008920828
2418500	 38.64167148402015
2419000	 38.64760528488852
2419500	 38.64759545923633
2420000	 38.64549543972597
2420500	 38.64499092259449
2421000	 38.65127697322276
2421500	 38.64839335065792
2422000	 38.64863081491257
2422500	 38.64417051451187
2423000	 38.6487756616374
2423500	 38.65236387617988
2424000	 38.64974451953189
2424500	 38.65136783124588
2425000	 38.65197512048441
2425500	 38.64747786699609
2426000	 38.64716538350694
2426500	 38.649569834931874
2427000	 38.64791340851099
2427500	 38.634733248323805
2428000	 38.641303006621975
2428500	 38.63933549899256
2429000	 38.63643837868947
2429500	 38.63822441430333
2430000	 38.64266633789504
2430500	 38.63911257189811
2431000	 38.63776390372135
2431500	 38.63610232825525
2432000	 38.64285127699762
2432500	 38.63641587653409
2433000	 38.63908725272921
2433500	 38.633066666666664
2434000	 38.63390623077239
2434500	 38.63291502624672
2435000	 38.63272921108742
2435500	 38.623673101356616
2436000	 38.62036467936898
2436500	 38.62157400958663
2437000	 38.621676975381966
2437500	 38.62337715526068
2438000	 38.626208026208026
2438500	 38.62888961677039
2439000	 38.627957429390094
2439500	 38.63277668631303
2440000	 38.62621716717126
2440500	 38.625720947355504
2441000	 38.6269682221586
2441500	 38.62677352087337
2442000	 38.623053341508275
2442500	 38.626001307830634
2443000	 38.62162935120118
2443500	 38.62097136554879
2444000	 38.62027280895205
2444500	 38.62397909180007
2445000	 38.6294405879951
2445500	 38.628225016329196
2446000	 38.63184749775492
2446500	 38.634708787396434
2447000	 38.63664558253418
2447500	 38.63651570787434
2448000	 38.63802880104434
2448500	 38.63910755802097
2449000	 38.64097545061578
2449500	 38.64716196379057
2450000	 38.64586220953934
2450500	 38.64951899559759
2451000	 38.65173622432344
2451500	 38.64796479647965
2452000	 38.64372123335098
2452500	 38.64310148232611
2453000	 38.64557374379021
2453500	 38.65012214983713
2454000	 38.65395106460937
2454500	 38.6442436820901
2455000	 38.64382781349174
2455500	 38.64114871461113
2456000	 38.642427200260286
2456500	 38.64580537595055
2457000	 38.64306041141556
2457500	 38.64107462201268
2458000	 38.64033483684831
2458500	 38.64063706171535
2459000	 38.643321416964575
2459500	 38.642027455121436
2460000	 38.64230316319487
2460500	 38.63619758899217
2461000	 38.63095962669913
2461500	 38.632642297861985
2462000	 38.63849898580122
2462500	 38.64296434511013
2463000	 38.64259063995458
2463500	 38.64225763289138
2464000	 38.643977784084
2464500	 38.647993514389945
2465000	 38.645742999554244
2465500	 38.642561983471076
2466000	 38.63627895674713
2466500	 38.640453533103866
2467000	 38.63956924820857
2467500	 38.62768583336705
2468000	 38.62726058987741
2468500	 38.63001618122977
2469000	 38.63128943536645
2469500	 38.63264315755419
2470000	 38.63423904253599
2470500	 38.63457029670952
2471000	 38.63569494402457
2471500	 38.63838040974664
2472000	 38.636286510725974
2472500	 38.63449111470113
2473000	 38.63293899139985
2473500	 38.63340196197166
2474000	 38.63675627674174
2474500	 38.637622084106866
2475000	 38.63784198208377
2475500	 38.64171878152108
2476000	 38.63942559799927
2476500	 38.64457709837454
2477000	 38.64313077140207
2477500	 38.63981940581287
2478000	 38.63986619916979
2478500	 38.639012007413974
2479000	 38.63698988840994
2479500	 38.64053814549263
2480000	 38.642247281514294
2480500	 38.64127239782565
2481000	 38.64530155407038
2481500	 38.63667095943335
2482000	 38.63872681179832
2482500	 38.64011265338966
2483000	 38.64042638777152
2483500	 38.64509512126453
2484000	 38.632939379321435
2484500	 38.64226563756231
2485000	 38.64182943493288
2485500	 38.64157994133483
2486000	 38.64269644865821
2486500	 38.63305625828213
2487000	 38.62477421426564
2487500	 38.6246237810506
2488000	 38.6184363592603
2488500	 38.61677895412255
2489000	 38.62106022936884
2489500	 38.619572625586336
2490000	 38.62317097614753
2490500	 38.62169852911707
2491000	 38.6193853427896
2491500	 38.615366127223204
2492000	 38.616604589691214
2492500	 38.62069517860003
2493000	 38.61882456561774
2493500	 38.61988631814907
2494000	 38.6205475066037
2494500	 38.62130366932096
2495000	 38.62543010322477
2495500	 38.62578503140126
2496000	 38.625834833033394
2496500	 38.61908378637672
2497000	 38.62585441899508
2497500	 38.620659340659344
2498000	 38.61734510446211
2498500	 38.62110560792459
2499000	 38.619878603945374
2499500	 38.614930139720556
2500000	 38.6183291422185
2500500	 38.62017081736909
2501000	 38.622650544714475
2501500	 38.61928508736934
2502000	 38.62620177923166
2502500	 38.6260370134014
2503000	 38.62564797830768
2503500	 38.624541540424175
2504000	 38.629329931837205
2504500	 38.63106293093141
2505000	 38.63051360720405
2505500	 38.63464679867724
2506000	 38.64087649402391
2506500	 38.64406644624148
2507000	 38.64167098084505
2507500	 38.64344017519411
2508000	 38.642874203821655
2508500	 38.6445231651011
2509000	 38.642896935933145
2509500	 38.64710329460449
2510000	 38.65308558468945
2510500	 38.657131489954246
2511000	 38.65342242373623
2511500	 38.6515031016383
2512000	 38.65518886679921
2512500	 38.6558537070165
2513000	 38.65612082670906
2513500	 38.65800349705929
2514000	 38.65869357914813
2514500	 38.66061496901319
2515000	 38.66040433729197
2515500	 38.656065118125866
2516000	 38.66225928131824
2516500	 38.665237414641894
2517000	 38.66133513256072
2517500	 38.66088647275902
2518000	 38.662289228327715
2518500	 38.66120587068624
2519000	 38.657915609137056
2519500	 38.656173182142574
2520000	 38.661578717836896
2520500	 38.6539848610946
2521000	 38.65756627174387
2521500	 38.65711908723556
2522000	 38.64994258107948
2522500	 38.64824419018964
2523000	 38.647706131496655
2523500	 38.64788063482012
2524000	 38.645550587583585
2524500	 38.64953511374876
2525000	 38.64588854170787
2525500	 38.638200292571064
2526000	 38.64289385254003
2526500	 38.643452827951464
2527000	 38.64935578215161
2527500	 38.64644987948951
2528000	 38.639150011849274
2528500	 38.64603657332438
2529000	 38.648106464478936
2529500	 38.65041260315079
2530000	 38.65138954681825
2530500	 38.65244504084935
2531000	 38.649291717634064
2531500	 38.64882243875498
2532000	 38.651704007573365
2532500	 38.6416968932345
2533000	 38.63949546708711
2533500	 38.636442447885884
2534000	 38.63524267254964
2534500	 38.63422607325719
2535000	 38.63238305244921
2535500	 38.631589307507575
2536000	 38.627336770435676
2536500	 38.626268985598486
2537000	 38.62267416702726
2537500	 38.622512388893256
2538000	 38.621642876803904
2538500	 38.615801886792454
2539000	 38.62159506308714
2539500	 38.62360477912278
2540000	 38.61410331958358
2540500	 38.61413982717989
2541000	 38.60791550512388
2541500	 38.607639161498
2542000	 38.605706212472036
2542500	 38.597685366810516
2543000	 38.59538751176655
2543500	 38.592087205426814
2544000	 38.589471208498296
2544500	 38.58915974290641
2545000	 38.592499706101336
2545500	 38.592422817740164
2546000	 38.589636128627944
2546500	 38.58700759652283
2547000	 38.589992560980384
2547500	 38.59181835975729
2548000	 38.593268101761254
2548500	 38.59242447957427
2549000	 38.594757433489825
2549500	 38.5972146154448
2550000	 38.59705870849142
2550500	 38.60352784730914
2551000	 38.60168928166426
2551500	 38.60517672818267
2552000	 38.60792055983424
2552500	 38.60084411270468
2553000	 38.598945106466104
2553500	 38.5982421875
2554000	 38.60084361818466
2554500	 38.60336613558263
2555000	 38.60990276855793
2555500	 38.61144731191192
2556000	 38.616841036851966
2556500	 38.622140682332734
2557000	 38.6152495414992
2557500	 38.618625882720146
2558000	 38.62271290914056
2558500	 38.62278648880568
2559000	 38.619769935659974
2559500	 38.6251413420673
2560000	 38.62548729143926
2560500	 38.62556027594808
2561000	 38.62295912403071
2561500	 38.623850709054075
2562000	 38.622872278269
2562500	 38.62474684530301
2563000	 38.62771135947661
2563500	 38.633216510903424
2564000	 38.62863482424384
2564500	 38.63268721781099
2565000	 38.62609913625399
2565500	 38.62613295989419
2566000	 38.63001283597184
2566500	 38.637519934653234
2567000	 38.638018200202225
2567500	 38.63812745441113
2568000	 38.63657920310982
2568500	 38.63399658013368
2569000	 38.63380993084156
2569500	 38.63177315983686
2570000	 38.62744641192917
2570500	 38.62793135580059
2571000	 38.63061454249
2571500	 38.6303757180562
2572000	 38.63155852219808
2572500	 38.63112559655453
2573000	 38.63011094731942
2573500	 38.62833540179957
2574000	 38.626134160527336
2574500	 38.62379346435632
2575000	 38.625116279069765
2575500	 38.62685526060841
2576000	 38.620569436374204
2576500	 38.618295186088844
2577000	 38.62481604833088
2577500	 38.62504355906609
2578000	 38.615411409551825
2578500	 38.61261365834784
2579000	 38.611775173107425
2579500	 38.61419454650938
2580000	 38.61810658210225
2580500	 38.62192575406033
2581000	 38.61804615919898
2581500	 38.62128416251112
2582000	 38.617096923790385
2582500	 38.617402727869866
2583000	 38.616680186966434
2583500	 38.61575003862197
2584000	 38.61295802926754
2584500	 38.610785146298156
2585000	 38.6087292092772
2585500	 38.6116298811545
2586000	 38.61632842040281
2586500	 38.61835506519559
2587000	 38.622203363678445
2587500	 38.62032394909372
2588000	 38.61965531865675
2588500	 38.6187410862275
2589000	 38.62564082796901
2589500	 38.62171014604447
2590000	 38.62300134848777
2590500	 38.621278070952584
2591000	 38.62451856416577
2591500	 38.62169342728428
2592000	 38.62429258902791
2592500	 38.61878006542236
2593000	 38.61800692574067
2593500	 38.61751807970457
2594000	 38.615875701869086
2594500	 38.615479257180205
2595000	 38.62162162162162
2595500	 38.62261685116851
2596000	 38.61952887829997
2596500	 38.620792992162286
2597000	 38.62375629057662
2597500	 38.62005530378677
2598000	 38.619360288753214
2598500	 38.61752850397328
2599000	 38.61342441570403
2599500	 38.61642363775902
2600000	 38.61734126222904
2600500	 38.618090452261306
2601000	 38.61824039272839
2601500	 38.619909502262445
2602000	 38.61865511424628
2602500	 38.6194181455786
2603000	 38.619936381404976
2603500	 38.62189607602698
2604000	 38.624698264301315
2604500	 38.617933200551555
2605000	 38.6184512867647
2605500	 38.61875406823142
2606000	 38.62356904935105
2606500	 38.6255024308081
2607000	 38.632177308222325
2607500	 38.631190202831995
2608000	 38.63379634944323
2608500	 38.635229750927806
2609000	 38.634763981332725
2609500	 38.63466687064943
2610000	 38.638442710723574
2610500	 38.64066383694696
2611000	 38.64418444597385
2611500	 38.63936243406467
2612000	 38.641391171412195
2612500	 38.643929840651154
2613000	 38.64225405921681
2613500	 38.642475171886936
2614000	 38.64518962685712
2614500	 38.64443086792165
2615000	 38.645286908716066
2615500	 38.641693065150186
2616000	 38.646046405128985
2616500	 38.64058446513047
2617000	 38.63585049580473
2617500	 38.63417982155113
2618000	 38.63826299134546
2618500	 38.64179787274599
2619000	 38.63940237069787
2619500	 38.64162951107046
2620000	 38.64230739922274
2620500	 38.64335238095238
2621000	 38.64527310124171
2621500	 38.64498438571102
2622000	 38.64252807919284
2622500	 38.64645195675347
2623000	 38.646176683287024
2623500	 38.64582540528198
2624000	 38.64386532242724
2624500	 38.63406472221166
2625000	 38.634020226598736
2625500	 38.629166508304515
2626000	 38.63123693710811
2626500	 38.6277541407081
2627000	 38.631139134728606
2627500	 38.635876789851494
2628000	 38.63775490828998
2628500	 38.63709187547456
2629000	 38.6331410353727
2629500	 38.633841833636914
2630000	 38.632217922452384
2630500	 38.63736722306525
2631000	 38.64091184949173
2631500	 38.64012135001896
2632000	 38.637159754340736
2632500	 38.63494409702483
2633000	 38.63722146430196
2633500	 38.640469874952636
2634000	 38.64203985754338
2634500	 38.64467005076142
2635000	 38.64657980456026
2635500	 38.64090719775851
2636000	 38.6400802513533
2636500	 38.63966998448321
2637000	 38.64228411413002
2637500	 38.630205378418246
2638000	 38.632152176379385
2638500	 38.63474118047416
2639000	 38.636019960683505
2639500	 38.639449610644895
2640000	 38.63415463683773
2640500	 38.63684111090119
2641000	 38.6363052512278
2641500	 38.640223632517376
2642000	 38.644065875953764
2642500	 38.648360779573956
2643000	 38.65003776435045
2643500	 38.656432914164874
2644000	 38.65435874202439
2644500	 38.65493941338568
2645000	 38.65466485507246
2645500	 38.65490566037736
2646000	 38.6553480475382
2646500	 38.652095198581826
2647000	 38.65290191198099
2647500	 38.65345750697534
2648000	 38.65486692301892
2648500	 38.65601206181681
2649000	 38.65778464553575
2649500	 38.66318685460164
2650000	 38.6620572720422
2650500	 38.65894451350435
2651000	 38.65219519542134
2651500	 38.653264061441156
2652000	 38.65636527892795
2652500	 38.654598825831705
2653000	 38.65201851085443
2653500	 38.648123072293686
2654000	 38.64949229033471
2654500	 38.644334160463195
2655000	 38.643324312133515
2655500	 38.64996617304367
2656000	 38.64720249502123
2656500	 38.64556724267468
2657000	 38.646422535211265
2657500	 38.64353572903759
2658000	 38.64233960280812
2658500	 38.649472538198744
2659000	 38.65351552235444
2659500	 38.65540667342266
2660000	 38.6557844572029
2660500	 38.657787115896895
2661000	 38.65480120030008
2661500	 38.655228022802284
2662000	 38.652468973791756
2662500	 38.65372071227741
2663000	 38.65318590704648
2663500	 38.64674585035033
2664000	 38.648522084441616
2664500	 38.64561797752809
2665000	 38.645135924511344
2665500	 38.64080104810032
2666000	 38.638486583585944
2666500	 38.63983685077084
2667000	 38.63909465020576
2667500	 38.64601571268238
2668000	 38.64415020945542
2668500	 38.64536275243081
2669000	 38.64509254066181
2669500	 38.649306464276364
2670000	 38.643444461055466
2670500	 38.648217355557215
2671000	 38.64710058287252
2671500	 38.64932008368201
2672000	 38.64068859927555
2672500	 38.64201172385469
2673000	 38.64042553191489
2673500	 38.64081510785997
2674000	 38.64401403194507
2674500	 38.647897309601106
2675000	 38.64127718303555
2675500	 38.641964718606644
2676000	 38.64424224343676
2676500	 38.64226066209365
2677000	 38.646401013903905
2677500	 38.6464055454105
2678000	 38.64699306952828
2678500	 38.6456191327671
2679000	 38.64882482214028
2679500	 38.65126066068303
2680000	 38.65107793126559
2680500	 38.65021219566674
2681000	 38.651790367006626
2681500	 38.648271499274365
2682000	 38.64383765484915
2682500	 38.64649432769202
2683000	 38.6336666790587
2683500	 38.62879548072992
2684000	 38.63179605336504
2684500	 38.63149290332169
2685000	 38.63559353520342
2685500	 38.63459752609487
2686000	 38.63887238151835
2686500	 38.63705904196064
2687000	 38.638449543328136
2687500	 38.6396911426238
2688000	 38.640969490015586
2688500	 38.64148142650388
2689000	 38.64054615612942
2689500	 38.638080047479505
2690000	 38.6422981343422
2690500	 38.64494715371778
2691000	 38.64229571407385
2691500	 38.64654852821235
2692000	 38.644996293550776
2692500	 38.644987956272004
2693000	 38.653177691309985
2693500	 38.65141523414345
2694000	 38.65438044082237
2694500	 38.656246527649174
2695000	 38.659568164142065
2695500	 38.656546208530806
2696000	 38.65580809950396
2696500	 38.65121012508327
2697000	 38.64350978433766
2697500	 38.64242917375545
2698000	 38.64073361928709
2698500	 38.63618216767706
2699000	 38.627891508388146
2699500	 38.62475064647211
2700000	 38.62470914127424
2700500	 38.62717435461831
2701000	 38.62691086330404
2701500	 38.62712740428988
2702000	 38.627749889266205
2702500	 38.630190071969
2703000	 38.63211307107536
2703500	 38.632452774498226
2704000	 38.63113242345998
2704500	 38.63032895707332
2705000	 38.630678466076695
2705500	 38.632294930875574
2706000	 38.63158864725396
2706500	 38.63389105918773
2707000	 38.63713748756311
2707500	 38.63435750073681
2708000	 38.63643730661559
2708500	 38.63628328361507
2709000	 38.63923258211813
2709500	 38.642609912364684
2710000	 38.63622644287397
2710500	 38.63726356075661
2711000	 38.64066524394731
2711500	 38.63911268071957
2712000	 38.64610234337638
2712500	 38.648949865744655
2713000	 38.648389232127094
2713500	 38.64305147058823
2714000	 38.64704801117565
2714500	 38.64467639384027
2715000	 38.64901514037924
2715500	 38.64481998530492
2716000	 38.64889982735187
2716500	 38.649588658733656
2717000	 38.65164701994051
2717500	 38.652371860772504
2718000	 38.659213569776405
2718500	 38.663937736333935
2719000	 38.66486803949638
2719500	 38.66831828525288
2720000	 38.66802436518421
2720500	 38.67149776179643
2721000	 38.67006603081438
2721500	 38.670823399963325
2722000	 38.67669172932331
2722500	 38.66882974043115
2723000	 38.675184221138686
2723500	 38.678042521994136
2724000	 38.68406583336388
2724500	 38.67660852997215
2725000	 38.67757180539273
2725500	 38.67553016152071
2726000	 38.672171365800075
2726500	 38.67105985722131
2727000	 38.673267689154066
2727500	 38.6696307681048
2728000	 38.66465466783728
2728500	 38.66258274512673
2729000	 38.6582449725777
2729500	 38.66203568294823
2730000	 38.66497294926159
2730500	 38.664522495522824
2731000	 38.66335367413308
2731500	 38.65769286966686
2732000	 38.65718355123804
2732500	 38.65817053131276
2733000	 38.66043522710676
2733500	 38.66005913919614
2734000	 38.65795620437956
2734500	 38.661423931686315
2735000	 38.660269974461876
2735500	 38.65805886858519
2736000	 38.65812121654146
2736500	 38.65683450614358
2737000	 38.65873131607729
2737500	 38.65822277299898
2738000	 38.65971791974926
2738500	 38.66393353011917
2739000	 38.66777190745127
2739500	 38.66767459652446
2740000	 38.6684151094598
2740500	 38.668791200786686
2741000	 38.67142492990059
2741500	 38.66775884665793
2742000	 38.67165374394816
2742500	 38.673278497597906
2743000	 38.67575239273627
2743500	 38.68082241630277
2744000	 38.67838172160373
2744500	 38.68269790454016
2745000	 38.68350792957951
2745500	 38.685445155659
2746000	 38.68630231627941
2746500	 38.68823850209053
2747000	 38.68562808956092
2747500	 38.6872365169356
2748000	 38.690747874118756
2748500	 38.690404389056425
2749000	 38.68703232836905
2749500	 38.68386839047066
2750000	 38.68562091503268
2750500	 38.68848709290927
2751000	 38.687102980144466
2751500	 38.680624092888245
2752000	 38.68237556232767
2752500	 38.68149007943705
2753000	 38.68431742347309
2753500	 38.68889856018569
2754000	 38.68845860981181
2754500	 38.69075154986767
2755000	 38.68612953499329
2755500	 38.68740713897445
2756000	 38.69116208283509
2756500	 38.69517011485923
2757000	 38.69896018260208
2757500	 38.69940228219525
2758000	 38.697656731013005
2758500	 38.70123850220902
2759000	 38.70622103128621
2759500	 38.70778421433744
2760000	 38.699540371322065
2760500	 38.69708372530574
2761000	 38.69599189697583
2761500	 38.6919822067918
2762000	 38.69274995480022
2762500	 38.69544780706512
2763000	 38.69481599305907
2763500	 38.6922076044528
2764000	 38.6876716288481
2764500	 38.69104046242774
2765000	 38.69089070288232
2765500	 38.69091040410242
2766000	 38.69239935006319
2766500	 38.694501606556194
2767000	 38.69745866724424
2767500	 38.696863608474395
2768000	 38.697098729792145
2768500	 38.68959671019407
2769000	 38.68490137391367
2769500	 38.687387322420136
2770000	 38.68817591925018
2770500	 38.69019212053491
2771000	 38.6890586708952
2771500	 38.6874324421705
2772000	 38.6898912025362
2772500	 38.68783316524996
2773000	 38.69078402420139
2773500	 38.68359853121175
2774000	 38.68830093592513
2774500	 38.6893175928592
2775000	 38.69125850217728
2775500	 38.68560224492733
2776000	 38.679205926778394
2776500	 38.67298220384684
2777000	 38.6777869648057
2777500	 38.6864866808067
2778000	 38.68219227313567
2778500	 38.67796062086806
2779000	 38.684068697901694
2779500	 38.683622516794195
2780000	 38.681571669719496
2780500	 38.68020395705411
2781000	 38.68307482407008
2781500	 38.68241375596798
2782000	 38.687450642544334
2782500	 38.68745962242481
2783000	 38.68896465099587
2783500	 38.68842165691938
2784000	 38.6845295742315
2784500	 38.68227784551388
2785000	 38.686435512209115
2785500	 38.68468597648408
2786000	 38.68528009748754
2786500	 38.68647195843039
2787000	 38.692012756656034
2787500	 38.68421806719679
2788000	 38.68257833482542
2788500	 38.68529790890862
2789000	 38.68613060289274
2789500	 38.688347950599606
2790000	 38.68872584108804
2790500	 38.68625205753954
2791000	 38.68395821408128
2791500	 38.684372429087524
2792000	 38.685729613733905
2792500	 38.687133457302245
2793000	 38.691196452835584
2793500	 38.687984842526724
2794000	 38.68825505754521
2794500	 38.68533142755047
2795000	 38.68580513773268
2795500	 38.6882323521006
2796000	 38.69519862817948
2796500	 38.69738534076296
2797000	 38.69428275541906
2797500	 38.69565838331905
2798000	 38.69631956591582
2798500	 38.698600799543115
2799000	 38.701452585745386
2799500	 38.70341160516737
2800000	 38.70464195240304
2800500	 38.69782787031423
2801000	 38.69257648149469
2801500	 38.69748288648032
2802000	 38.69322070145424
2802500	 38.69175397334474
2803000	 38.68919448501906
2803500	 38.691554162362415
2804000	 38.68872191161284
2804500	 38.68924019084241
2805000	 38.680357333523155
2805500	 38.67571606475716
2806000	 38.672524188958455
2806500	 38.67169328164456
2807000	 38.66955872417594
2807500	 38.67261608476143
2808000	 38.6772255403868
2808500	 38.674936025021324
2809000	 38.6751359226751
2809500	 38.671746776084404
2810000	 38.6728945405463
2810500	 38.677878809405414
2811000	 38.67945166560125
2811500	 38.67432365263083
2812000	 38.67197927019736
2812500	 38.67619081422588
2813000	 38.6785321361394
2813500	 38.677548703026865
2814000	 38.67760590364011
2814500	 38.673476626232535
2815000	 38.672860739742546
2815500	 38.679042553191486
2816000	 38.68068359098
2816500	 38.68426277165243
2817000	 38.67851573575276
2817500	 38.67765139435173
2818000	 38.67391689397428
2818500	 38.672073667434034
2819000	 38.676488295498814
2819500	 38.67222517259692
2820000	 38.668943791589975
2820500	 38.665498938428875
2821000	 38.66619494073943
2821500	 38.66742129465865
2822000	 38.66909528188442
2822500	 38.667927864214995
2823000	 38.6744342291372
2823500	 38.67417359024218
2824000	 38.67854491462509
2824500	 38.67807153965786
2825000	 38.67479416233789
2825500	 38.67163599109761
2826000	 38.676981771937264
2826500	 38.67590859322573
2827000	 38.672257335546064
2827500	 38.66899643474884
2828000	 38.67504412283798
2828500	 38.67274844720497
2829000	 38.66867767428733
2829500	 38.6673368606702
2830000	 38.665643955423896
2830500	 38.66274150331406
2831000	 38.66244844724876
2831500	 38.659395263603045
2832000	 38.65774082164752
2832500	 38.65885792792476
2833000	 38.65860101437025
2833500	 38.65940064091277
2834000	 38.658521987114035
2834500	 38.66075263139367
2835000	 38.66110583183754
2835500	 38.662842664602174
2836000	 38.6607444413172
2836500	 38.6610855112737
2837000	 38.65424241358698
2837500	 38.65802890193734
2838000	 38.65902619089471
2838500	 38.660585609336
2839000	 38.66405398755756
2839500	 38.659721002143435
2840000	 38.657122782364304
2840500	 38.659371926373474
2841000	 38.65625987708516
2841500	 38.6579584957337
2842000	 38.657772784721246
2842500	 38.65855798932884
2843000	 38.6598462780332
2843500	 38.66025686013054
2844000	 38.66115847454654
2844500	 38.66197775984846
2845000	 38.667122663018695
2845500	 38.66874758881914
2846000	 38.67427669647554
2846500	 38.675795083979104
2847000	 38.67014862591139
2847500	 38.66892128688582
2848000	 38.66887417218543
2848500	 38.67458565471811
2849000	 38.673988439306356
2849500	 38.66730870250394
2850000	 38.66469434913522
2850500	 38.664461479225736
2851000	 38.668626627467454
2851500	 38.6647655703289
2852000	 38.66905744874396
2852500	 38.667552819364765
2853000	 38.66729619137551
2853500	 38.66565264519738
2854000	 38.664289459884635
2854500	 38.66130779715514
2855000	 38.66226368941538
2855500	 38.66422082459818
2856000	 38.66524594745668
2856500	 38.66188181056161
2857000	 38.66367509428691
2857500	 38.66124358482003
2858000	 38.66181450064579
2858500	 38.661292011307715
2859000	 38.66109502041386
2859500	 38.65786352218811
2860000	 38.661422541598355
2860500	 38.665213296592135
2861000	 38.66578314093398
2861500	 38.65999581619134
2862000	 38.663935854976465
2862500	 38.6613690227241
2863000	 38.66149771753145
2863500	 38.658479654403564
2864000	 38.66009474710882
2864500	 38.658354809500594
2865000	 38.66042203496065
2865500	 38.65889151928701
2866000	 38.65816219979116
2866500	 38.65831419224612
2867000	 38.657446068197636
2867500	 38.66292056643819
2868000	 38.6592
2868500	 38.66360601001669
2869000	 38.66225050420753
2869500	 38.66316667825603
2870000	 38.663885702367295
2870500	 38.66045735733648
2871000	 38.66260120226554
2871500	 38.65996178565225
2872000	 38.66198895411442
2872500	 38.65807751076538
2873000	 38.65776682174849
2873500	 38.65500364469437
2874000	 38.65375672392851
2874500	 38.65670761329724
2875000	 38.65779612795781
2875500	 38.66022549869905
2876000	 38.65929034719573
2876500	 38.65859832853626
2877000	 38.660228848821085
2877500	 38.65639407910701
2878000	 38.65602578766767
2878500	 38.657529024432506
2879000	 38.65556787471416
2879500	 38.65464685302574
2880000	 38.65576836490839
2880500	 38.65897835497835
2881000	 38.660202915613425
2881500	 38.661103801675786
2882000	 38.66448552832018
2882500	 38.66032119617887
2883000	 38.66367883716906
2883500	 38.66643596221061
2884000	 38.668212172589186
2884500	 38.67019546791212
2885000	 38.670875129712904
2885500	 38.67628238386773
2886000	 38.680697264206415
2886500	 38.679587814239774
2887000	 38.676288588515916
2887500	 38.67268014515293
2888000	 38.6743607463718
2888500	 38.67600621869062
2889000	 38.678192683685104
2889500	 38.67505870976654
2890000	 38.675425572321394
2890500	 38.67277685722176
2891000	 38.6681736609608
2891500	 38.665516527499825
2892000	 38.6661032151235
2892500	 38.663723529006
2893000	 38.66416083313218
2893500	 38.66373603640877
2894000	 38.66064596187653
2894500	 38.65868284109315
2895000	 38.65403431406325
2895500	 38.655012056493284
2896000	 38.656919473720464
2896500	 38.66012329097359
2897000	 38.66356749311295
2897500	 38.66276467550353
2898000	 38.665209308730375
2898500	 38.66325933574256
2899000	 38.66658636473139
2899500	 38.66320316531911
2900000	 38.66431593794076
2900500	 38.66232158211522
2901000	 38.6665405647075
2901500	 38.67246715730105
2902000	 38.67582530949106
2902500	 38.67229346443428
2903000	 38.673988518785876
2903500	 38.67171873389009
2904000	 38.675590226468266
2904500	 38.67435148599897
2905000	 38.668590073845095
2905500	 38.66697572198757
2906000	 38.66230690010298
2906500	 38.66546527992311
2907000	 38.66517949069943
2907500	 38.66200034311203
2908000	 38.66493978797132
2908500	 38.659749614131364
2909000	 38.66136223334934
2909500	 38.66226596255401
2910000	 38.661878149964004
2910500	 38.66033661262126
2911000	 38.661617027110395
2911500	 38.66293135944621
2912000	 38.66612986123008
2912500	 38.667797190818774
2913000	 38.66605014385532
2913500	 38.66473750898942
2914000	 38.666586768935765
2914500	 38.66912041633855
2915000	 38.66601629355788
2915500	 38.66796727932368
2916000	 38.672268044765396
2916500	 38.67275775929918
2917000	 38.67073796571898
2917500	 38.668046244356276
2918000	 38.6681143560632
2918500	 38.67183011899877
2919000	 38.67377850719732
2919500	 38.6762735042735
2920000	 38.678402953442266
2920500	 38.6803034963601
2921000	 38.68106482588935
2921500	 38.681802651359845
2922000	 38.68897772311056
2922500	 38.6881768182284
2923000	 38.68985893363391
2923500	 38.69258879781421
2924000	 38.6940991667805
2924500	 38.696588930242086
2925000	 38.69857635451162
2925500	 38.694689057273536
2926000	 38.69094011260877
2926500	 38.69589845082918
2927000	 38.695847975162906
2927500	 38.69783387344363
2928000	 38.700787938738614
2928500	 38.70128231362117
2929000	 38.7006273867976
2929500	 38.699212491051036
2930000	 38.69699035413613
2930500	 38.69894012200525
2931000	 38.7014345588987
2931500	 38.6997921847852
2932000	 38.6958209870236
2932500	 38.69874676474595
2933000	 38.70258121637268
2933500	 38.70093967043443
2934000	 38.6993668731704
2934500	 38.69661391866599
2935000	 38.696631507315416
2935500	 38.69427813307933
2936000	 38.69226583225631
2936500	 38.695153885393644
2937000	 38.6891616237166
2937500	 38.68702627375004
2938000	 38.68738530551213
2938500	 38.69100856327307
2939000	 38.69440385987564
2939500	 38.69462562848213
2940000	 38.69718070652174
2940500	 38.69730005094244
2941000	 38.699096712849766
2941500	 38.70037008114623
2942000	 38.70577850207103
2942500	 38.70663317265259
2943000	 38.70542714591182
2943500	 38.70190023752969
2944000	 38.70363710388817
2944500	 38.705247803521154
2945000	 38.70761820771997
2945500	 38.709692735535505
2946000	 38.71452794357027
2946500	 38.711273097135106
2947000	 38.70737577113416
2947500	 38.70691700274511
2948000	 38.70420817239276
2948500	 38.701399004098775
2949000	 38.70082980524979
2949500	 38.697480698902886
2950000	 38.70096495683088
2950500	 38.700744752877455
2951000	 38.70438697447702
2951500	 38.699763113367176
2952000	 38.69938421978617
2952500	 38.69705374961946
2953000	 38.694521474467365
2953500	 38.688393792893606
2954000	 38.688807761214214
2954500	 38.68614396755661
2955000	 38.68559940532504
2955500	 38.68524712002973
2956000	 38.68731633170073
2956500	 38.681974741676235
2957000	 38.685214572711615
2957500	 38.68435622172709
2958000	 38.68771941668917
2958500	 38.69219604401539
2959000	 38.69040226781858
2959500	 38.6887674191045
2960000	 38.68663765475829
2960500	 38.68116821799541
2961000	 38.67836671387147
2961500	 38.679826040051246
2962000	 38.68588187702265
2962500	 38.68590110890155
2963000	 38.68719037508846
2963500	 38.69072651300714
2964000	 38.69018260225052
2964500	 38.687628414564315
2965000	 38.685412176724135
2965500	 38.68803663423011
2966000	 38.686921393704765
2966500	 38.692419039924594
2967000	 38.692077275175016
2967500	 38.696439388840275
2968000	 38.70220427393572
2968500	 38.70391681809004
2969000	 38.70126156433978
2969500	 38.69710422762587
2970000	 38.6976830211521
2970500	 38.70097511768662
2971000	 38.701832240712726
2971500	 38.69964034822359
2972000	 38.70048731305663
2972500	 38.70557198548192
2973000	 38.700712269856204
2973500	 38.70496539676141
2974000	 38.706315082297614
2974500	 38.711027509992945
2975000	 38.70984316754542
2975500	 38.704055596589
2976000	 38.69895287958115
2976500	 38.699875843092514
2977000	 38.701583680042944
2977500	 38.70339182071326
2978000	 38.698987121008855
2978500	 38.69322067994367
2979000	 38.690510508497304
2979500	 38.69564925923443
2980000	 38.694772117962465
2980500	 38.6990483211581
2981000	 38.698428652795926
2981500	 38.699072057887506
2982000	 38.70031820465584
2982500	 38.699129269926324
2983000	 38.701292612685016
2983500	 38.702203174177995
2984000	 38.702052157611064
2984500	 38.70262761506276
2985000	 38.69689465934948
2985500	 38.69877542826553
2986000	 38.69613647767185
2986500	 38.695986622073576
2987000	 38.692981576219616
2987500	 38.6934572565277
2988000	 38.69411017515711
2988500	 38.696480497342826
2989000	 38.690824645816626
2989500	 38.69024153943808
2990000	 38.695673960247206
2990500	 38.70090523432542
2991000	 38.700497612129716
2991500	 38.70495909166806
2992000	 38.70723563391098
2992500	 38.705267725998134
2993000	 38.70730974632844
2993500	 38.70920802322865
2994000	 38.709490122797654
2994500	 38.71113038836247
2995000	 38.70677118078719
2995500	 38.710826495897535
2996000	 38.71399032849758
2996500	 38.72079373019843
2997000	 38.714285714285715
2997500	 38.72017201720172
2998000	 38.71979468719795
2998500	 38.717984604618614
2999000	 38.709760159893406
2999500	 38.706754146406446
3000000	 38.70709290709291
3000500	 38.70970964304742
3001000	 38.707071043345096
3001500	 38.706886795592986
3002000	 38.71113330004992
3002500	 38.712013311148084
3003000	 38.709518581362076
3003500	 38.7091011908722
3004000	 38.71139198403459
3004500	 38.717212705804094
3005000	 38.71435222133546
3005500	 38.71700748129676
3006000	 38.714347450302505
3006500	 38.71399607804035
3007000	 38.71301342549515
3007500	 38.711276496777195
3008000	 38.71056040926153
3008500	 38.707970773829295
3009000	 38.71172876403002
3009500	 38.71121219163983
3010000	 38.71096135971319
3010500	 38.71736821139291
3011000	 38.713427585291385
3011500	 38.7078729969145
3012000	 38.70061687450252
3012500	 38.70300116066987
3013000	 38.69663517321399
3013500	 38.698432165467864
3014000	 38.699035561594805
3014500	 38.69885346941481
3015000	 38.700540074881545
3015500	 38.70259077657037
3016000	 38.702053660152366
3016500	 38.70473288510582
3017000	 38.708792846497765
3017500	 38.7106762037221
3018000	 38.708770651921995
3018500	 38.70871954449152
3019000	 38.704891448239344
3019500	 38.7083291968629
3020000	 38.70789081885856
3020500	 38.705477639587194
3021000	 38.70668386413996
3021500	 38.70023473402321
3022000	 38.69843316144387
3022500	 38.701064322073115
3023000	 38.698876404494385
3023500	 38.70144075077655
3024000	 38.70295721130018
3024500	 38.70491261686875
3025000	 38.7052158689261
3025500	 38.69758610441502
3026000	 38.704487666347454
3026500	 38.70811596117018
3027000	 38.713252773375594
3027500	 38.71701165362649
3028000	 38.713149382797546
3028500	 38.71153275037123
3029000	 38.712848092912765
3029500	 38.71276350080824
3030000	 38.71332915525942
3030500	 38.71214219759926
3031000	 38.71477561249052
3031500	 38.71927857825843
3032000	 38.71722432833361
3032500	 38.71795378885263
3033000	 38.71983653560953
3033500	 38.71474696889826
3034000	 38.71230936460358
3034500	 38.70698455560312
3035000	 38.70802054523904
3035500	 38.71091358024692
3036000	 38.71374020672855
3036500	 38.71367915212955
3037000	 38.716044100707585
3037500	 38.71253249103412
3038000	 38.71006578947368
3038500	 38.711616892514144
3039000	 38.71264141015522
3039500	 38.7143232934368
3040000	 38.71097011736086
3040500	 38.71320097298008
3041000	 38.71924922753271
3041500	 38.71508379888268
3042000	 38.71453918186299
3042500	 38.71566082985643
3043000	 38.71460009853835
3043500	 38.71956907311305
3044000	 38.72045977011494
3044500	 38.720365140868196
3045000	 38.72093634065465
3045500	 38.72185930473033
3046000	 38.723340007220926
3046500	 38.72149115610541
3047000	 38.722380811759685
3047500	 38.71953419714614
3048000	 38.72117812981731
3048500	 38.71764435846149
3049000	 38.71977049180328
3049500	 38.72026619459743
3050000	 38.722138455487084
3050500	 38.726900258939985
3051000	 38.729778447823804
3051500	 38.72438648799187
3052000	 38.72449714997052
3052500	 38.72212760382549
3053000	 38.72712386192441
3053500	 38.72765971380857
3054000	 38.72965097243141
3054500	 38.72966248731463
3055000	 38.73246260106714
3055500	 38.72876030894096
3056000	 38.73056282722513
3056500	 38.73503042994568
3057000	 38.73298874640147
3057500	 38.73277948583764
3058000	 38.731948986265536
3058500	 38.731371587379435
3059000	 38.7333267948215
3059500	 38.73288007060439
3060000	 38.728449120972485
3060500	 38.72300806899481
3061000	 38.72253070290044
3061500	 38.71631946711944
3062000	 38.71784909726077
3062500	 38.717666644904355
3063000	 38.722581276929105
3063500	 38.724720934786866
3064000	 38.728818537859006
3064500	 38.732239010540745
3065000	 38.72991843393149
3065500	 38.73402277101752
3066000	 38.73348771975603
3066500	 38.73502266575351
3067000	 38.74081200065221
3067500	 38.743511151689056
3068000	 38.74099429502852
3068500	 38.739350086372674
3069000	 38.74285434931395
3069500	 38.74273331595412
3070000	 38.7411220433961
3070500	 38.74228751995309
3071000	 38.74187349358348
3071500	 38.74198065587651
3072000	 38.745937672994884
3072500	 38.74821736723863
3073000	 38.750374373331596
3073500	 38.74530543170501
3074000	 38.746249715271226
3074500	 38.74758418740849
3075000	 38.74737321492469
3075500	 38.751423088182676
3076000	 38.75320366876992
3076500	 38.75189412415049
3077000	 38.744279027434665
3077500	 38.74922801885259
3078000	 38.750528128960966
3078500	 38.75102359134334
3079000	 38.75122648559083
3079500	 38.74730414447187
3080000	 38.7506982786619
3080500	 38.74796246387635
3081000	 38.74922077922078
3081500	 38.74900178542445
3082000	 38.75267804973057
3082500	 38.751355035539255
3083000	 38.749618716941946
3083500	 38.746504460665044
3084000	 38.740878871412356
3084500	 38.743887411634994
3085000	 38.74834630350195
3085500	 38.74703365104065
3086000	 38.75025933609958
3086500	 38.75413290113452
3087000	 38.751466441974266
3087500	 38.754334229884314
3088000	 38.75546771214723
3088500	 38.75477015776345
3089000	 38.75021050586178
3089500	 38.74288581695749
3090000	 38.742927429274296
3090500	 38.745315079133896
3091000	 38.74716028607489
3091500	 38.751059767660095
3092000	 38.75235383570065
3092500	 38.75654340159824
3093000	 38.7510592192503
3093500	 38.75498851912939
3094000	 38.7536780159731
3094500	 38.75635305528613
3095000	 38.75953704901073
3095500	 38.757224125670696
3096000	 38.75529989658738
3096500	 38.75427315906814
3097000	 38.753375977256574
3097500	 38.75369855933846
3098000	 38.759746761846316
3098500	 38.760262248490136
3099000	 38.756611023215264
3099500	 38.75433386060626
3100000	 38.75511587373313
3100500	 38.755284474134314
3101000	 38.7562195476106
3101500	 38.75625887211253
3102000	 38.759242531776245
3102500	 38.75680557347439
3103000	 38.76127201186867
3103500	 38.7624637213802
3104000	 38.7638884410769
3104500	 38.76643347625649
3105000	 38.77067148060991
3105500	 38.774593862815884
3106000	 38.77068832173241
3106500	 38.77171671607166
3107000	 38.77278438194646
3107500	 38.77430264768408
3108000	 38.774016939873114
3108500	 38.772007212312445
3109000	 38.76906486399485
3109500	 38.76270313757039
3110000	 38.75998970465221
3110500	 38.75875711666506
3111000	 38.756367378440956
3111500	 38.75611716665059
3112000	 38.752828854314004
3112500	 38.75015265948899
3113000	 38.75229770550806
3113500	 38.75138157049223
3114000	 38.7516784991487
3114500	 38.749470032761614
3115000	 38.75269784172662
3115500	 38.753725112395635
3116000	 38.75305827580671
3116500	 38.75277688603531
3117000	 38.75115547567082
3117500	 38.749189744247985
3118000	 38.74604600429887
3118500	 38.74955891316203
3119000	 38.751355165667
3119500	 38.75136296581361
3120000	 38.749046138061495
3120500	 38.74707485173906
3121000	 38.74978363304164
3121500	 38.74755632471237
3122000	 38.74991988720118
3122500	 38.75257137364222
3123000	 38.75417294076186
3123500	 38.75414824780575
3124000	 38.7519935948759
3124500	 38.73941295092987
3125000	 38.73160117752464
3125500	 38.73358715126696
3126000	 38.73681179820212
3126500	 38.74159495857458
3127000	 38.742851659950105
3127500	 38.737841726618704
3128000	 38.73664524791407
3128500	 38.73691107843764
3129000	 38.73806327900288
3129500	 38.737593864834636
3130000	 38.73591898022428
3130500	 38.73501133931708
3131000	 38.732835153605414
3131500	 38.728593320988445
3132000	 38.729745259528826
3132500	 38.72281967003861
3133000	 38.71732542189045
3133500	 38.71449529580609
3134000	 38.7121265265776
3134500	 38.711033889119136
3135000	 38.70686852589641
3135500	 38.70529938497817
3136000	 38.709014434566484
3136500	 38.70851917930419
3137000	 38.70616340181557
3137500	 38.70485016400752
3138000	 38.70438769661848
3138500	 38.70313892779829
3139000	 38.70128588707111
3139500	 38.70180128572338
3140000	 38.70291169451074
3140500	 38.70314985682469
3141000	 38.702665733553886
3141500	 38.70530233149909
3142000	 38.705476402493325
3142500	 38.706222773379125
3143000	 38.70778622071027
3143500	 38.71032553407935
3144000	 38.70958616744009
3144500	 38.702116166751395
3145000	 38.70377430423179
3145500	 38.700428775607435
3146000	 38.700952683391556
3146500	 38.7033944051059
3147000	 38.69956509317164
3147500	 38.69923189233797
3148000	 38.698622746890074
3148500	 38.69845802398629
3149000	 38.70027282532834
3149500	 38.69846807700847
3150000	 38.70050423365998
3150500	 38.69715608255921
3151000	 38.69383162165589
3151500	 38.69592088998764
3152000	 38.69508175941184
3152500	 38.69073340725487
3153000	 38.689398498622154
3153500	 38.69140142517815
3154000	 38.69550622288374
3154500	 38.69014753371747
3155000	 38.6872091919096
3155500	 38.68263662542324
3156000	 38.685641058093914
3156500	 38.68590230321438
3157000	 38.688051627597986
3157500	 38.690200544062755
3158000	 38.687476280834915
3158500	 38.69046866105876
3159000	 38.69004331741866
3159500	 38.68657141050768
3160000	 38.68259536677096
3160500	 38.68431031758572
3161000	 38.68589844860817
3161500	 38.68321961081627
3162000	 38.68351231838282
3162500	 38.682593317754055
3163000	 38.67838989739542
3163500	 38.67966160547997
3164000	 38.68221703175305
3164500	 38.681078010603386
3165000	 38.685326601451564
3165500	 38.68609200479586
3166000	 38.6827014068513
3166500	 38.68097385600303
3167000	 38.68295913218971
3167500	 38.680875212812914
3168000	 38.677352245862885
3168500	 38.67465019538636
3169000	 38.67020572760783
3169500	 38.66556426974078
3170000	 38.66930175427546
3170500	 38.66914381081337
3171000	 38.66922737862855
3171500	 38.66653026535302
3172000	 38.66486231313926
3172500	 38.66622612417005
3173000	 38.66506213622778
3173500	 38.661749441701005
3174000	 38.656950602144455
3174500	 38.657130281690144
3175000	 38.654806060225056
3175500	 38.655897419780636
3176000	 38.65069590624902
3176500	 38.64908588301816
3177000	 38.64539430294275
3177500	 38.647406104760705
3178000	 38.647398662438384
3178500	 38.649263805607006
3179000	 38.65402605556427
3179500	 38.65505335844319
3180000	 38.653988577166885
3180500	 38.65476451946911
3181000	 38.651107346759524
3181500	 38.65421410871679
3182000	 38.65112267937782
3182500	 38.65253519801825
3183000	 38.654731297422714
3183500	 38.65283219961756
3184000	 38.65176920424985
3184500	 38.65434033218427
3185000	 38.654833150556165
3185500	 38.656024813584814
3186000	 38.66105889724311
3186500	 38.65735404660486
3187000	 38.653619739478955
3187500	 38.655217758852814
3188000	 38.65352950383472
3188500	 38.65193577665801
3189000	 38.652918166171176
3189500	 38.65554790662745
3190000	 38.65278733654508
3190500	 38.656562812812815
3191000	 38.658951582634806
3191500	 38.65661840582882
3192000	 38.65807903951976
3192500	 38.65887207702889
3193000	 38.659613040352575
3193500	 38.66043691596087
3194000	 38.6612605856067
3194500	 38.662292213473314
3195000	 38.65543199850065
3195500	 38.65758815629197
3196000	 38.654457455113196
3196500	 38.65551045894474
3197000	 38.66170272548469
3197500	 38.66434614303999
3198000	 38.662692343706105
3198500	 38.66354586025029
3199000	 38.66492963459918
3199500	 38.66584505943652
3200000	 38.666573077523005
3200500	 38.66996287862246
3201000	 38.67394491406469
3201500	 38.67019053855989
3202000	 38.672518084310305
3202500	 38.67463756819953
3203000	 38.67533277221859
3203500	 38.67424029920524
3204000	 38.67500779058897
3204500	 38.668078876047474
3205000	 38.66948043857463
3205500	 38.66816157463639
3206000	 38.66428993990721
3206500	 38.65998443579767
3207000	 38.663377739043824
3207500	 38.66352348053403
3208000	 38.66360694504947
3208500	 38.66473772633937
3209000	 38.663493840985446
3209500	 38.66454141137685
3210000	 38.66372286833759
3210500	 38.66819029850746
3211000	 38.673828550107274
3211500	 38.67658489568759
3212000	 38.67551604078587
3212500	 38.67666531969787
3213000	 38.6742494872273
3213500	 38.67676579348063
3214000	 38.67469243196222
3214500	 38.67416288749457
3215000	 38.671842489363684
3215500	 38.672504269523365
3216000	 38.671044053273725
3216500	 38.67413777046534
3217000	 38.67351562742481
3217500	 38.67202482544608
3218000	 38.67047252644969
3218500	 38.67018240476486
3219000	 38.67201215918608
3219500	 38.6727250170585
3220000	 38.671390473827834
3220500	 38.67528682170543
3221000	 38.673880018601764
3221500	 38.6749643499287
3222000	 38.67799132052077
3222500	 38.67571587950911
3223000	 38.67841095720616
3223500	 38.681477350189006
3224000	 38.68150557620818
3224500	 38.68375565330525
3225000	 38.68156338071789
3225500	 38.68121013191305
3226000	 38.67852388470945
3226500	 38.67540547232883
3227000	 38.679934383608284
3227500	 38.682378063877195
3228000	 38.6871944049019
3228500	 38.68873967261813
3229000	 38.69129614158854
3229500	 38.68689680772086
3230000	 38.68922429790919
3230500	 38.69163445183238
3231000	 38.69567368648916
3231500	 38.70060917158848
3232000	 38.696024483739336
3232500	 38.69928902627512
3233000	 38.7005316189652
3233500	 38.70432068240821
3234000	 38.7057478368356
3234500	 38.70732008775453
3235000	 38.71038403312016
3235500	 38.70852253421061
3236000	 38.71098962194218
3236500	 38.70961366233285
3237000	 38.70298221783156
3237500	 38.70237984998611
3238000	 38.70423752353322
3238500	 38.7025425820785
3239000	 38.70130190658357
3239500	 38.70480626850938
3240000	 38.70868036276143
3240500	 38.70814828522082
3241000	 38.70271020257145
3241500	 38.698252211707405
3242000	 38.70011711767244
3242500	 38.70166409861325
3243000	 38.704341663328506
3243500	 38.70224892174985
3244000	 38.70082547896261
3244500	 38.70563957248899
3245000	 38.70363983494488
3245500	 38.69699861474527
3246000	 38.69713758079409
3246500	 38.69739028743768
3247000	 38.700240029542094
3247500	 38.698520136602774
3248000	 38.700824463176026
3248500	 38.70017224409449
3249000	 38.69621771217712
3249500	 38.693393181049586
3250000	 38.69483553642791
3250500	 38.69585664228192
3251000	 38.69732919445554
3251500	 38.69996004794247
3252000	 38.704947756607254
3252500	 38.70810030114929
3253000	 38.70839094232955
3253500	 38.71005499063009
3254000	 38.71389076611169
3254500	 38.71823934144244
3255000	 38.722227341134555
3255500	 38.72233993551359
3256000	 38.72289600540391
3256500	 38.72164916804814
3257000	 38.72266560255387
3257500	 38.719511446633526
3258000	 38.72198355222781
3258500	 38.72495474210672
3259000	 38.7259395612824
3259500	 38.72503067484663
3260000	 38.728789644807065
3260500	 38.73069373734896
3261000	 38.73177762104811
3261500	 38.73639346272959
3262000	 38.73696958547952
3262500	 38.7401128211417
3263000	 38.741125620746736
3263500	 38.74104269470071
3264000	 38.74148075508703
3264500	 38.739728545604954
3265000	 38.73988297644212
3265500	 38.740075961774075
3266000	 38.73512570046238
3266500	 38.73665839992652
3267000	 38.73520678360425
3267500	 38.73622673849167
3268000	 38.73742196107235
3268500	 38.736368643289886
3269000	 38.737135164902405
3269500	 38.73182443798746
3270000	 38.73080333934742
3270500	 38.73153951995108
3271000	 38.72778406138232
3271500	 38.72612243650478
3272000	 38.72534759358289
3272500	 38.72366491506782
3273000	 38.72375977517107
3273500	 38.72446548564447
3274000	 38.72387467171563
3274500	 38.72166585246703
3275000	 38.727619687347335
3275500	 38.732024547369704
3276000	 38.73433874709977
3276500	 38.728551808332064
3277000	 38.73168126468703
3277500	 38.72906178489703
3278000	 38.72462176671547
3278500	 38.72426728476013
3279000	 38.72424833811063
3279500	 38.72492225135679
3280000	 38.72414108465689
3280500	 38.7228809168216
3281000	 38.71977084349098
3281500	 38.71558263518659
3282000	 38.71398982668819
3282500	 38.71463377493528
3283000	 38.71150625704107
3283500	 38.71273745737945
3284000	 38.71214196572611
3284500	 38.70992087644553
3285000	 38.704889105235935
3285500	 38.70877064890025
3286000	 38.70872368901326
3286500	 38.70484126018732
3287000	 38.69794801641587
3287500	 38.697537993920974
3288000	 38.700847946995715
3288500	 38.696016771488466
3289000	 38.69494820620311
3289500	 38.6946604300814
3290000	 38.69262071059824
3290500	 38.69471350924604
3291000	 38.690983606557374
3291500	 38.692356726566295
3292000	 38.69513749772355
3292500	 38.69891950953017
3293000	 38.698670874552406
3293500	 38.70127742209546
3294000	 38.70605904305349
3294500	 38.70700482359008
3295000	 38.70512587200485
3295500	 38.70754860037
3296000	 38.710516739446874
3296500	 38.71499181272363
3297000	 38.71701888966375
3297500	 38.7163038864973
3298000	 38.71754221104004
3298500	 38.713558397478636
3299000	 38.71691766916154
3299500	 38.717445312973396
3300000	 38.71679995153278
3300500	 38.71933969407845
3301000	 38.72151553697983
3301500	 38.721860521454744
3302000	 38.72045777952708
3302500	 38.722148219907965
3303000	 38.723029422448235
3303500	 38.72243576162949
3304000	 38.72326454033771
3304500	 38.72291307373453
3305000	 38.719078012039084
3305500	 38.72272466047609
3306000	 38.725765961951424
3306500	 38.726494692593825
3307000	 38.72545580987512
3307500	 38.72778667956586
3308000	 38.73019951632406
3308500	 38.72802006830477
3309000	 38.729857963130854
3309500	 38.7265091546317
3310000	 38.732914375490964
3310500	 38.737665790507265
3311000	 38.73770541324311
3311500	 38.74275789155717
3312000	 38.741362647982605
3312500	 38.743870032612634
3313000	 38.74538043478261
3313500	 38.74854330827522
3314000	 38.746860661675925
3314500	 38.74722322829893
3315000	 38.74746499275712
3315500	 38.74846107423054
3316000	 38.74604036564395
3316500	 38.747187113510904
3317000	 38.74575504418373
3317500	 38.74441395531164
3318000	 38.748168249660786
3318500	 38.749585456299556
3319000	 38.74639057178165
3319500	 38.74819168173599
3320000	 38.748418007593564
3320500	 38.740857883005
3321000	 38.73562803023459
3321500	 38.735547392508735
3322000	 38.73522593852545
3322500	 38.74116442892408
3323000	 38.74327253025104
3323500	 38.745071482317535
3324000	 38.7476148915039
3324500	 38.75297198061817
3325000	 38.750940330394485
3325500	 38.7517525649126
3326000	 38.751910234041276
3326500	 38.75302292005053
3327000	 38.75270660411404
3327500	 38.75420976665865
3328000	 38.75374301004149
3328500	 38.75505786863069
3329000	 38.75446348061317
3329500	 38.75716046043338
3330000	 38.75914295158818
3330500	 38.76084735576923
3331000	 38.76195769739214
3331500	 38.76552407846907
3332000	 38.76848208116795
3332500	 38.76944794857933
3333000	 38.772284959154256
3333500	 38.77276276276276
3334000	 38.76696988801825
3334500	 38.76765827154564
3335000	 38.767490020708905
3335500	 38.76847822825076
3336000	 38.77170977615075
3336500	 38.77266726672667
3337000	 38.77365452690946
3337500	 38.77354529094181
3338000	 38.77507197696737
3338500	 38.7791939063156
3339000	 38.780922966205885
3339500	 38.782328426228524
3340000	 38.78593913955929
3340500	 38.78102146025656
3341000	 38.77652593413838
3341500	 38.7716502411407
3342000	 38.76891284815813
3342500	 38.76760689902982
3343000	 38.77178957453816
3343500	 38.77263202011735
3344000	 38.77736865738662
3344500	 38.77850279864707
3345000	 38.78017538083979
3345500	 38.782858510892986
3346000	 38.787263967441724
3346500	 38.79074777821
3347000	 38.786616010530096
3347500	 38.786498369874074
3348000	 38.785519901910945
3348500	 38.78670534058968
3349000	 38.78683329347046
3349500	 38.788251121076236
3350000	 38.78555203538765
3350500	 38.78511235955056
3351000	 38.78351408682143
3351500	 38.775199354896515
3352000	 38.77333532397731
3352500	 38.77274220032841
3353000	 38.76648261453514
3353500	 38.766069829901525
3354000	 38.769127476724755
3354500	 38.77414060634997
3355000	 38.773607423098724
3355500	 38.774917216073504
3356000	 38.77780097840353
3356500	 38.7776617954071
3357000	 38.773778996958676
3357500	 38.77579678602308
3358000	 38.7787019646424
3358500	 38.77869854234358
3359000	 38.7835340407774
3359500	 38.78804137232108
3360000	 38.78733422738787
3360500	 38.7886706993653
3361000	 38.786950692685835
3361500	 38.791104358447285
3362000	 38.78847356664185
3362500	 38.79307263900885
3363000	 38.792126969002176
3363500	 38.793551076309285
3364000	 38.792188848867326
3364500	 38.79568388152999
3365000	 38.79201880728485
3365500	 38.7937395858129
3366000	 38.79382976824443
3366500	 38.79341424237016
3367000	 38.79290961544181
3367500	 38.795099030512105
3368000	 38.79607493309545
3368500	 38.797526312659805
3369000	 38.79903680361496
3369500	 38.801016616628516
3370000	 38.8018486595732
3370500	 38.79856777797587
3371000	 38.80206197819176
3371500	 38.80283405620581
3372000	 38.802031663052844
3372500	 38.803480740102756
3373000	 38.801021468658135
3373500	 38.80385985748219
3374000	 38.804892530578314
3374500	 38.79651007508087
3375000	 38.797780481291355
3375500	 38.79704512415819
3376000	 38.79730651716057
3376500	 38.797953433189974
3377000	 38.7976631772486
3377500	 38.80037955165461
3378000	 38.80421633161359
3378500	 38.80380065814829
3379000	 38.80755321041086
3379500	 38.805073945644764
3380000	 38.80766951161688
3380500	 38.80580740740741
3381000	 38.807691168192456
3381500	 38.811998222485556
3382000	 38.810639495275616
3382500	 38.80863539445629
3383000	 38.80718896192337
3383500	 38.809402569719936
3384000	 38.81376554174067
3384500	 38.817156558032146
3385000	 38.81894867696679
3385500	 38.818472374300846
3386000	 38.81363905325444
3386500	 38.8136906874926
3387000	 38.81415641268339
3387500	 38.809184457980955
3388000	 38.80621415479217
3388500	 38.80559250391653
3389000	 38.7973348303983
3389500	 38.79727613814293
3390000	 38.794104616475174
3390500	 38.79295986770221
3391000	 38.79443115717365
3391500	 38.79948032007559
3392000	 38.801151461470326
3392500	 38.80256826568266
3393000	 38.7999822914822
3393500	 38.80080269137697
3394000	 38.79707322829999
3394500	 38.80065494453623
3395000	 38.80162827055249
3395500	 38.805444945874996
3396000	 38.80864179324583
3396500	 38.8056792380503
3397000	 38.80802571057908
3397500	 38.803271923360356
3398000	 38.80356616563513
3398500	 38.80338883158981
3399000	 38.8051741410808
3399500	 38.80725376388439
3400000	 38.81047080313476
3400500	 38.8129916040654
3401000	 38.812465023121554
3401500	 38.814867173234376
3402000	 38.80891532210576
3402500	 38.80955605275553
3403000	 38.80891269794549
3403500	 38.810430585396006
3404000	 38.808115583804145
3404500	 38.80673158963194
3405000	 38.807725119877624
3405500	 38.810007059654076
3406000	 38.80842303393918
3406500	 38.80479270802705
3407000	 38.80555065561239
3407500	 38.806661179375624
3408000	 38.80905911054937
3408500	 38.80832868016575
3409000	 38.80979107284535
3409500	 38.80830248545743
3410000	 38.807660674421335
3410500	 38.805004111359096
3411000	 38.80526192154099
3411500	 38.80447419411661
3412000	 38.802782588276735
3412500	 38.80365685440084
3413000	 38.80374435119432
3413500	 38.808621144986645
3414000	 38.80426555578373
3414500	 38.80522718606084
3415000	 38.80373639909669
3415500	 38.80546025043254
3416000	 38.800996775139254
3416500	 38.79691667399396
3417000	 38.796249084249084
3417500	 38.798288795124236
3418000	 38.799455056838156
3418500	 38.80284165812216
3419000	 38.80306980286476
3419500	 38.80377225866916
3420000	 38.80053292729349
3420500	 38.80322061191627
3421000	 38.80356567815217
3421500	 38.80603612306431
3422000	 38.80629865948604
3422500	 38.81031404571663
3423000	 38.807192602563354
3423500	 38.80995991456243
3424000	 38.810221754139604
3424500	 38.81514202966387
3425000	 38.81473031473031
3425500	 38.80777215708061
3426000	 38.80945558739255
3426500	 38.80720884003742
3427000	 38.806564756086864
3427500	 38.81168527503361
3428000	 38.81089453227739
3428500	 38.81269358891941
3429000	 38.81420014609204
3429500	 38.813701431492845
3430000	 38.81244888421545
3430500	 38.80623120273309
3431000	 38.79824279751306
3431500	 38.79461289287069
3432000	 38.7964108549752
3432500	 38.79829603477956
3433000	 38.79847720178535
3433500	 38.79911326313333
3434000	 38.79734025489224
3434500	 38.80201224846894
3435000	 38.801049715702
3435500	 38.80349281320155
3436000	 38.80633782286747
3436500	 38.80296715147629
3437000	 38.80250043713936
3437500	 38.800553613053616
3438000	 38.80241230625801
3438500	 38.80258098345374
3439000	 38.80168346245704
3439500	 38.79997670423109
3440000	 38.79965643743085
3440500	 38.79951676758267
3441000	 38.802875938755314
3441500	 38.80530896178362
3442000	 38.8050753739596
3442500	 38.80426559590317
3443000	 38.80736667539495
3443500	 38.808121945543405
3444000	 38.805316426244765
3444500	 38.80765987146305
3445000	 38.80673392841567
3445500	 38.803116188482896
3446000	 38.80114511581945
3446500	 38.802679375781
3447000	 38.80314388656439
3447500	 38.80776941627684
3448000	 38.81045903544451
3448500	 38.80988206588044
3449000	 38.81054313099042
3449500	 38.804936120789776
3450000	 38.80375079835104
3450500	 38.801294517168316
3451000	 38.8051661587578
3451500	 38.80889224250515
3452000	 38.80851372526261
3452500	 38.81099117920149
3453000	 38.808737779582835
3453500	 38.811916226721586
3454000	 38.812465558745906
3454500	 38.810270834541555
3455000	 38.81047229712099
3455500	 38.81049976808905
3456000	 38.807813813291595
3456500	 38.810983915374585
3457000	 38.81371895557423
3457500	 38.809334801251595
3458000	 38.80717203024071
3458500	 38.80506241130644
3459000	 38.80849092120124
3459500	 38.809063269147245
3460000	 38.81059092619937
3460500	 38.80837144676663
3461000	 38.80805186535846
3461500	 38.80952105339314
3462000	 38.812141906360324
3462500	 38.81061219766231
3463000	 38.808394318937836
3463500	 38.808740166589544
3464000	 38.814558810770166
3464500	 38.814874790353365
3465000	 38.815393066759185
3465500	 38.81650766117375
3466000	 38.818604920070534
3466500	 38.8190016475417
3467000	 38.8206936416185
3467500	 38.81910651332139
3468000	 38.81651402652183
3468500	 38.816136114160265
3469000	 38.81857831951706
3469500	 38.81455385503898
3470000	 38.81495062655194
3470500	 38.8177907379605
3471000	 38.81844688221709
3471500	 38.81743924262541
3472000	 38.817205852644946
3472500	 38.82013620361286
3473000	 38.82091231714706
3473500	 38.82007788836002
3474000	 38.81938796112024
3474500	 38.81757886844685
3475000	 38.819094028430555
3475500	 38.820268127432605
3476000	 38.822330488929886
3476500	 38.82273081024991
3477000	 38.82591653216509
3477500	 38.819800610845384
3478000	 38.81741710598335
3478500	 38.815749301535185
3479000	 38.8124802027241
3479500	 38.81242622290041
3480000	 38.8141121602948
3480500	 38.81609096142775
3481000	 38.81987220079443
3481500	 38.82058882781247
3482000	 38.81537000805616
3482500	 38.81129904498907
3483000	 38.81155627139118
3483500	 38.813269297135626
3484000	 38.813319530710835
3484500	 38.81168420447358
3485000	 38.8092213055851
3485500	 38.80930620221877
3486000	 38.802212325815255
3486500	 38.80378637708638
3487000	 38.803728385132416
3487500	 38.803785289640714
3488000	 38.80441087786807
3488500	 38.80420925691972
3489000	 38.80463367018833
3489500	 38.805551568734394
3490000	 38.80169890374792
3490500	 38.796103970621985
3491000	 38.79755586792507
3491500	 38.798898545736165
3492000	 38.796696205798845
3492500	 38.798526080348694
3493000	 38.8013476702509
3493500	 38.80114678899083
3494000	 38.80057902883678
3494500	 38.80135278438566
3495000	 38.79893406687871
3495500	 38.79229447149814
3496000	 38.79255334383503
3496500	 38.79092809484264
3497000	 38.79258410880458
3497500	 38.79099393106607
3498000	 38.79153905601511
3498500	 38.79048736513751
3499000	 38.78940742224384
3499500	 38.78983206019512
3500000	 38.79111479818062
3500500	 38.79143069618443
3501000	 38.78972203157172
3501500	 38.79097563765298
3502000	 38.78230670287266
3502500	 38.784669029381504
3503000	 38.78680232059673
3503500	 38.782993799822854
3504000	 38.784840866236216
3504500	 38.785293949608636
3505000	 38.782709279410504
3505500	 38.78336236685039
3506000	 38.78484337968647
3506500	 38.780524708099
3507000	 38.77717841139367
3507500	 38.77863074683942
3508000	 38.77807578178498
3508500	 38.778614629693024
3509000	 38.77592059100374
3509500	 38.775046342506776
3510000	 38.77805976959051
3510500	 38.78107268113256
3511000	 38.78501981581273
3511500	 38.78419522207651
3512000	 38.77849977200182
3512500	 38.775387508547986
3513000	 38.77723012051625
3513500	 38.775872382851446
3514000	 38.776416975220734
3514500	 38.77440482970726
3515000	 38.77777777777778
3515500	 38.778799612778315
3516000	 38.77328361607651
3516500	 38.77397045849105
3517000	 38.76853696010926
3517500	 38.76963782753421
3518000	 38.77040366398316
3518500	 38.763593447844386
3519000	 38.761906115834066
3519500	 38.76125767568797
3520000	 38.75872555707139
3520500	 38.75986131635785
3521000	 38.76206308610401
3521500	 38.762232198670226
3522000	 38.764667443248
3522500	 38.76801136363636
3523000	 38.76787388155092
3523500	 38.76714001704061
3524000	 38.76830237973533
3524500	 38.77033818894284
3525000	 38.7700300948271
3525500	 38.77180979418027
3526000	 38.774611104803
3526500	 38.775431425976386
3527000	 38.776478601430355
3527500	 38.776261279155555
3528000	 38.77442691783931
3528500	 38.77617656236703
3529000	 38.78024565285224
3529500	 38.779284134097225
3530000	 38.78097614928675
3530500	 38.78046843985709
3531000	 38.7771729886035
3531500	 38.77680773264548
3532000	 38.780114505980386
3532500	 38.77764239161235
3533000	 38.77972969144023
3533500	 38.78249043773906
3534000	 38.78026740694578
3534500	 38.78457921423109
3535000	 38.78655186087351
3535500	 38.78909060013028
3536000	 38.7845574494592
3536500	 38.780812998924304
3537000	 38.78140390602887
3537500	 38.780365632782434
3538000	 38.779157942391485
3538500	 38.77963560233124
3539000	 38.7812729844413
3539500	 38.77892474334681
3540000	 38.779238773894356
3540500	 38.78163259535725
3541000	 38.7814655659844
3541500	 38.7826836645278
3542000	 38.77608228778117
3542500	 38.77619235985534
3543000	 38.778917330621006
3543500	 38.77953556698119
3544000	 38.78324858757062
3544500	 38.78221205445405
3545000	 38.78269464290757
3545500	 38.7858131194759
3546000	 38.78562353539061
3546500	 38.786714471232564
3547000	 38.78472437833413
3547500	 38.78683111311808
3548000	 38.78584530293196
3548500	 38.78587551492579
3549000	 38.784642292936134
3549500	 38.786747905559785
3550000	 38.786445553769354
3550500	 38.78237699139997
3551000	 38.78153984945448
3551500	 38.781796143871915
3552000	 38.78227783884333
3552500	 38.78280963787516
3553000	 38.78138735489688
3553500	 38.78571026088916
3554000	 38.786945743422166
3554500	 38.78386751534952
3555000	 38.78274337529216
3555500	 38.78513304237646
3556000	 38.78622708972662
3556500	 38.79064725921338
3557000	 38.78409794539826
3557500	 38.78502279506951
3558000	 38.783258300506475
3558500	 38.78420504740737
3559000	 38.7861644066843
3559500	 38.78370320366776
3560000	 38.78311491084988
3560500	 38.781448574481246
3561000	 38.77972057459309
3561500	 38.7826905779177
3562000	 38.78327712197864
3562500	 38.781268440722734
3563000	 38.78510213830116
3563500	 38.78345881559726
3564000	 38.77977193573756
3564500	 38.776979023335485
3565000	 38.77930027517269
3565500	 38.777659245950424
3566000	 38.77553540853847
3566500	 38.78196311786005
3567000	 38.784058377771544
3567500	 38.78372386698471
3568000	 38.783557800224465
3568500	 38.782718473839246
3569000	 38.78646169383118
3569500	 38.78618910049645
3570000	 38.78482290585827
3570500	 38.78596865098281
3571000	 38.78552804956685
3571500	 38.78756447633999
3572000	 38.787510160607674
3572500	 38.78767411227264
3573000	 38.78977161272243
3573500	 38.793005856474345
3574000	 38.79079931639257
3574500	 38.79459308026334
3575000	 38.794761904761906
3575500	 38.793788158852855
3576000	 38.78604625118987
3576500	 38.78590823838983
3577000	 38.78860741777467
3577500	 38.78883291351805
3578000	 38.78624394884853
3578500	 38.78994935504631
3579000	 38.78800425222403
3579500	 38.78764824345491
3580000	 38.78572627104424
3580500	 38.78276064528755
3581000	 38.78262328077826
3581500	 38.782324333389234
3582000	 38.781047395484016
3582500	 38.782021906784394
3583000	 38.784387136430944
3583500	 38.78160791105648
3584000	 38.782197022595874
3584500	 38.77867135796264
3585000	 38.77333891680625
3585500	 38.77414582402859
3586000	 38.77254332840278
3586500	 38.771654202477954
3587000	 38.77434566661086
3587500	 38.77476773707558
3588000	 38.77532290010322
3588500	 38.77848754498034
3589000	 38.779181658438624
3589500	 38.78151494868362
3590000	 38.78689759036145
3590500	 38.78858863883544
3591000	 38.79408237820352
3591500	 38.79488609430332
3592000	 38.796776981626564
3592500	 38.79702832292596
3593000	 38.79836102129558
3593500	 38.79778161752411
3594000	 38.795068264140426
3594500	 38.79665691600501
3595000	 38.799537565813296
3595500	 38.79903626538911
3596000	 38.7985629542986
3596500	 38.799587870011976
3597000	 38.80116942781567
3597500	 38.802633776936354
3598000	 38.79870292537646
3598500	 38.79549186030332
3599000	 38.789956878564475
3599500	 38.778726362625136
3600000	 38.77853468650076
3600500	 38.77803725326661
3601000	 38.77872908211486
3601500	 38.77787659811006
3602000	 38.77796304015562
3602500	 38.780837524661685
3603000	 38.77636404044894
3603500	 38.7800927855099
3604000	 38.778246861459834
3604500	 38.77727790274653
3605000	 38.77755872716166
3605500	 38.777228684860766
3606000	 38.776078387831014
3606500	 38.77489453818828
3607000	 38.777737692179606
3607500	 38.78241203241203
3608000	 38.78224799533864
3608500	 38.78268830628381
3609000	 38.77893656561174
3609500	 38.77221051464064
3610000	 38.77612643837516
3610500	 38.777676120768525
3611000	 38.778316793258305
3611500	 38.7770509977827
3612000	 38.77587496882534
3612500	 38.77808872017955
3613000	 38.77869511012606
3613500	 38.77396482481651
3614000	 38.77463306563279
3614500	 38.77274489174373
3615000	 38.77004844290657
3615500	 38.76953946640097
3616000	 38.769224383629876
3616500	 38.766087533890335
3617000	 38.764770967028106
3617500	 38.761151516827525
3618000	 38.76484251859635
3618500	 38.76818005861859
3619000	 38.764996959141925
3619500	 38.76464247215235
3620000	 38.76656901221602
3620500	 38.76630374709848
3621000	 38.768561244508305
3621500	 38.76752217034561
3622000	 38.77120282888557
3622500	 38.7679666353643
3623000	 38.77145934600088
3623500	 38.77263814862887
3624000	 38.772531477799866
3624500	 38.76919254658385
3625000	 38.76110712511728
3625500	 38.760236177022406
3626000	 38.75691705056412
3626500	 38.76142005958292
3627000	 38.761039247593565
3627500	 38.76436195151548
3628000	 38.76343581966083
3628500	 38.76533031873828
3629000	 38.764266416717206
3629500	 38.76360980181372
3630000	 38.767916207276734
3630500	 38.76654908229069
3631000	 38.767946209595195
3631500	 38.766986278723756
3632000	 38.77038792153405
3632500	 38.77252816882008
3633000	 38.7759627568729
3633500	 38.7744298777129
3634000	 38.77076219848001
3634500	 38.76783944499505
3635000	 38.769537809342914
3635500	 38.77014752834967
3636000	 38.76845813038334
3636500	 38.76636311112334
3637000	 38.76360885710356
3637500	 38.762520282720494
3638000	 38.7571758495546
3638500	 38.751010087128606
3639000	 38.74836493542182
3639500	 38.74260989010989
3640000	 38.74333195989562
3640500	 38.74222075746341
3641000	 38.74476148628237
3641500	 38.743979790768556
3642000	 38.74813980945059
3642500	 38.74690493837328
3643000	 38.74827075098814
3643500	 38.750487168930974
3644000	 38.75136529542523
3644500	 38.75155722635348
3645000	 38.751810798946444
3645500	 38.7501028665478
3646000	 38.745776656428255
3646500	 38.74627766047876
3647000	 38.74832748409739
3647500	 38.75037697052776
3648000	 38.74649161276176
3648500	 38.74698531023898
3649000	 38.74824619094596
3649500	 38.752527882059574
3650000	 38.74986301369863
3650500	 38.74802092749336
3651000	 38.746768185801926
3651500	 38.74714500890045
3652000	 38.742415945679554
3652500	 38.74195844397602
3653000	 38.742753127309555
3653500	 38.74395817937981
3654000	 38.745245067184804
3654500	 38.74493118450215
3655000	 38.74537644998906
3655500	 38.73780220982387
3656000	 38.73799496827828
3656500	 38.739097148169414
3657000	 38.74056758530184
3657500	 38.73837574829839
3658000	 38.734661528791236
3658500	 38.735080336648814
3659000	 38.73571760334417
3659500	 38.73583565535704
3660000	 38.73723026495493
3660500	 38.73315128345167
3661000	 38.732028285144835
3661500	 38.72954824621264
3662000	 38.73482367070641
3662500	 38.73122475712258
3663000	 38.72765469824294
3663500	 38.72817546922741
3664000	 38.72910529187125
3664500	 38.729762164521055
3665000	 38.72585482903419
3665500	 38.72359740472166
3666000	 38.72537207654146
3666500	 38.725382246327435
3667000	 38.721444141689375
3667500	 38.7228912380122
3668000	 38.72371145254441
3668500	 38.72183031458532
3669000	 38.71789565406819
3669500	 38.718634284469616
3670000	 38.72023631265144
3670500	 38.72011106271777
3671000	 38.72203924984349
3671500	 38.72510274625078
3672000	 38.72343320543174
3672500	 38.72576870748299
3673000	 38.7211023150793
3673500	 38.72309115142943
3674000	 38.72404601952838
3674500	 38.72648154695531
3675000	 38.72895137604699
3675500	 38.72741856544673
3676000	 38.72815507585232
3676500	 38.732070034255884
3677000	 38.725145404141976
3677500	 38.72510122557678
3678000	 38.72511140093468
3678500	 38.721239779425744
3679000	 38.72264776184268
3679500	 38.72600358520289
3680000	 38.726549345499976
3680500	 38.729314324507804
3681000	 38.729459679609015
3681500	 38.73262380538662
3682000	 38.73476313288992
3682500	 38.73147494707128
3683000	 38.73304383227032
3683500	 38.732828570653204
3684000	 38.735373928145016
3684500	 38.72832573784722
3685000	 38.729548660084625
3685500	 38.72755871345664
3686000	 38.72916836139809
3686500	 38.731786014479
3687000	 38.7321404364918
3687500	 38.72997587618247
3688000	 38.735241502683365
3688500	 38.738650838821584
3689000	 38.73794168653804
3689500	 38.73569570871261
3690000	 38.733342361863485
3690500	 38.73359512525389
3691000	 38.73331347648317
3691500	 38.7295343800758
3692000	 38.732499593958096
3692500	 38.73334776842504
3693000	 38.72943500378829
3693500	 38.72886399913427
3694000	 38.72600146060426
3694500	 38.72133585722012
3695000	 38.72279155287565
3695500	 38.72393002946981
3696000	 38.72729730460407
3696500	 38.72841541871655
3697000	 38.72885753669018
3697500	 38.729906491540994
3698000	 38.73434586384888
3698500	 38.73116100618735
3699000	 38.73337836012428
3699500	 38.72740776751472
3700000	 38.72653380859797
3700500	 38.72837239442704
3701000	 38.72781512378175
3701500	 38.72737333657246
3702000	 38.72823945372595
3702500	 38.729085708117445
3703000	 38.72810425773029
3703500	 38.7216033231732
3704000	 38.724550898203596
3704500	 38.720222204244536
3705000	 38.72272555681389
3705500	 38.72228512886876
3706000	 38.71835579514825
3706500	 38.71624535115615
3707000	 38.70898216498734
3707500	 38.71054120309259
3708000	 38.711084175084174
3708500	 38.70988419068139
3709000	 38.71024639827656
3709500	 38.70734727943354
3710000	 38.71193194055567
3710500	 38.709940513041374
3711000	 38.71049090321886
3711500	 38.70892309348259
3712000	 38.709734703761505
3712500	 38.70990045735808
3713000	 38.71129583299707
3713500	 38.713021491782555
3714000	 38.71065512048193
3714500	 38.71285664345067
3715000	 38.71617951544812
3715500	 38.719018041999405
3716000	 38.71756546050863
3716500	 38.718617278640934
3717000	 38.71969574799763
3717500	 38.715283748925195
3718000	 38.71722192369694
3718500	 38.71830002149151
3719000	 38.71956591812614
3719500	 38.724374127001184
3720000	 38.726115333995864
3720500	 38.72524639471494
3721000	 38.72405552721317
3721500	 38.723528780068726
3722000	 38.72415644377634
3722500	 38.72374459862047
3723000	 38.72583328860501
3723500	 38.72629940698205
3724000	 38.72452647958362
3724500	 38.72450977762279
3725000	 38.72566585306976
3725500	 38.72727760345429
3726000	 38.726175792352656
3726500	 38.71934809414035
3727000	 38.72092524591922
3727500	 38.72216117706965
3728000	 38.72198402915483
3728500	 38.72180692870348
3729000	 38.72612796056157
3729500	 38.7230258223508
3730000	 38.72165086507044
3730500	 38.719239523363235
3731000	 38.71832079462397
3731500	 38.71907375184045
3732000	 38.720809465174796
3732500	 38.724610525188716
3733000	 38.72767665952891
3733500	 38.72651608414066
3734000	 38.72508830140212
3734500	 38.72648223458904
3735000	 38.72479469277479
3735500	 38.726876370834
3736000	 38.72667219384344
3736500	 38.72901345171556
3737000	 38.72795336649018
3737500	 38.72458963802598
3738000	 38.72906140561927
3738500	 38.73251710863986
3739000	 38.733607762422814
3739500	 38.73537351329681
3740000	 38.73846112729508
3740500	 38.73658614792647
3741000	 38.7397333475833
3741500	 38.73602949033016
3742000	 38.73532396773677
3742500	 38.736607381295734
3743000	 38.73186490455213
3743500	 38.73190069407368
3744000	 38.72950250880751
3744500	 38.73155240052307
3745000	 38.732781854569716
3745500	 38.73504455947489
3746000	 38.73025315442687
3746500	 38.73036914541769
3747000	 38.73066460422445
3747500	 38.73001439923204
3748000	 38.72877786072305
3748500	 38.730185812161764
3749000	 38.72757802713292
3749500	 38.73274874063808
3750000	 38.73217141029741
3750500	 38.73455737355434
3751000	 38.73559818811617
3751500	 38.733462983189916
3752000	 38.73672713711074
3752500	 38.73734118211118
3753000	 38.73867419500892
3753500	 38.73955420627946
3754000	 38.740407402476364
3754500	 38.738372247810226
3755000	 38.73536692485826
3755500	 38.73616692837942
3756000	 38.740911268430295
3756500	 38.74000159655145
3757000	 38.74381352775265
3757500	 38.74435310080613
3758000	 38.74491234604027
3758500	 38.74423491236003
3759000	 38.7417896556309
3759500	 38.74266797840942
3760000	 38.743340245653215
3760500	 38.74773361690815
3761000	 38.75128266475264
3761500	 38.74732897464519
3762000	 38.746910791634555
3762500	 38.745204314788246
3763000	 38.741619295542684
3763500	 38.741494249820725
3764000	 38.74513970041432
3764500	 38.7437463487174
3765000	 38.744331156072434
3765500	 38.746840484282075
3766000	 38.74877880429011
3766500	 38.747491638795985
3767000	 38.74839428844418
3767500	 38.746921770512685
3768000	 38.74353328204176
3768500	 38.74351424478752
3769000	 38.74518593178081
3769500	 38.748010821133036
3770000	 38.74533305048791
3770500	 38.74702373061116
3771000	 38.74434017284344
3771500	 38.74149858199263
3772000	 38.74293059125964
3772500	 38.74173290937997
3773000	 38.741138133842
3773500	 38.739093581967
3774000	 38.736580069383756
3774500	 38.73779260671539
3775000	 38.73834992586316
3775500	 38.73762376237624
3776000	 38.73652726310217
3776500	 38.73793833531825
3777000	 38.73747717710566
3777500	 38.736672222663174
3778000	 38.7343402814517
3778500	 38.7321414403216
3779000	 38.73154220435794
3779500	 38.7328855866099
3780000	 38.732841582064296
3780500	 38.73355715343132
3781000	 38.7324628640905
3781500	 38.73436054655496
3782000	 38.728829233492746
3782500	 38.72579579976225
3783000	 38.72636027469625
3783500	 38.727683287555465
3784000	 38.7268022181146
3784500	 38.724555799033716
3785000	 38.72082035580426
3785500	 38.721279459502256
3786000	 38.7232015622526
3786500	 38.716403735556376
3787000	 38.71945235834125
3787500	 38.72000949567419
3788000	 38.72194967558158
3788500	 38.72555121848296
3789000	 38.728624927475074
3789500	 38.72478709099059
3790000	 38.72216364403205
3790500	 38.722859176089194
3791000	 38.72317828435894
3791500	 38.72617792769052
3792000	 38.725370853423975
3792500	 38.725847669731536
3793000	 38.727035641842946
3793500	 38.72774924272356
3794000	 38.72697584999078
3794500	 38.72769643985675
3795000	 38.729489204844654
3795500	 38.72534154623707
3796000	 38.72422687195684
3796500	 38.72688036212432
3797000	 38.72838271669912
3797500	 38.726064879370675
3798000	 38.725082204393004
3798500	 38.7231792956524
3799000	 38.72509467704607
3799500	 38.72578821425754
3800000	 38.72746634413126
3800500	 38.72974891547259
3801000	 38.728582319076786
3801500	 38.73039112606455
3802000	 38.73306699608379
3802500	 38.7343039604741
3803000	 38.733839604792934
3803500	 38.73260121377716
3804000	 38.73446817453437
3804500	 38.73562554175094
3805000	 38.73761622104323
3805500	 38.73545862766209
3806000	 38.736851778915586
3806500	 38.74082339967442
3807000	 38.745064062171814
3807500	 38.74704646888947
3808000	 38.74801144567243
3808500	 38.748484132608866
3809000	 38.74980315993911
3809500	 38.75110877837554
3810000	 38.75074783521386
3810500	 38.75085924176833
3811000	 38.75271525263655
3811500	 38.75100327868852
3812000	 38.75098347757671
3812500	 38.75179629726753
3813000	 38.75401840732098
3813500	 38.75118626294403
3814000	 38.749429926873376
3814500	 38.74405198616497
3815000	 38.74531020750367
3815500	 38.74693492612386
3816000	 38.747230007596194
3816500	 38.74908986144941
3817000	 38.75190529816934
3817500	 38.75318825778406
3818000	 38.75178697667112
3818500	 38.754633993088284
3819000	 38.75399193759489
3819500	 38.755404910223525
3820000	 38.75575735371088
3820500	 38.75493223088597
3821000	 38.75171349343379
3821500	 38.754787067071256
3822000	 38.7534655019093
3822500	 38.755374235054134
3823000	 38.75447128961406
3823500	 38.750039211585715
3824000	 38.74846449387104
3824500	 38.75218232188595
3825000	 38.752038256506744
3825500	 38.751450070543974
3826000	 38.749510200882945
3826500	 38.75071176701058
3827000	 38.74749954299742
3827500	 38.74472584856397
3828000	 38.74486359483096
3828500	 38.74056480659811
3829000	 38.73875260960334
3829500	 38.74324782756191
3830000	 38.743979125896935
3830500	 38.7419455821355
3831000	 38.74327673005191
3831500	 38.74315372176725
3832000	 38.74184463740906
3832500	 38.73869857656812
3833000	 38.73866124491711
3833500	 38.738643175480206
3834000	 38.734424264533445
3834500	 38.73052675454593
3835000	 38.72900604292561
3835500	 38.72808479608313
3836000	 38.727911881884225
3836500	 38.73004218090923
3837000	 38.727182797938255
3837500	 38.72933857406877
3838000	 38.72803456173225
3838500	 38.72628155087172
3839000	 38.72999063280599
3839500	 38.73195608055368
3840000	 38.73353799724224
3840500	 38.73496357960458
3841000	 38.738307059986475
3841500	 38.737931751976696
3842000	 38.739850719097035
3842500	 38.74227018593161
3843000	 38.73982788654031
3843500	 38.74151198460979
3844000	 38.740876481597006
3844500	 38.740682987681275
3845000	 38.735676981838026
3845500	 38.736724514184765
3846000	 38.739465890788175
3846500	 38.737149684423784
3847000	 38.737729185062065
3847500	 38.738353674370295
3848000	 38.73694732196173
3848500	 38.73076723421927
3849000	 38.732033946692276
3849500	 38.73124529672782
3850000	 38.73125421617975
3850500	 38.73180096508068
3851000	 38.730241485746895
3851500	 38.72648530899095
3852000	 38.72607996681015
3852500	 38.72776769509982
3853000	 38.73161183272407
3853500	 38.735740951985896
3854000	 38.730781193302576
3854500	 38.72269147061872
3855000	 38.72367875647669
3855500	 38.72847853682547
3856000	 38.72630024865313
3856500	 38.72376019681471
3857000	 38.721971933095126
3857500	 38.72125715173324
3858000	 38.72098260509422
3858500	 38.72368897861987
3859000	 38.72153929763722
3859500	 38.72244074112411
3860000	 38.72563784091497
3860500	 38.725130009572844
3861000	 38.72436361754967
3861500	 38.72593703924054
3862000	 38.724312721442054
3862500	 38.725782260149984
3863000	 38.726638051404045
3863500	 38.723075332195855
3864000	 38.72077334642922
3864500	 38.72029255181682
3865000	 38.724615583408706
3865500	 38.72361757105943
3866000	 38.72555099087926
3866500	 38.721437243303285
3867000	 38.71626681817008
3867500	 38.717941434695035
3868000	 38.720770501962406
3868500	 38.72078072961041
3869000	 38.72155820017038
3869500	 38.72454116007125
3870000	 38.72567947758305
3870500	 38.726411685764425
3871000	 38.72896183324301
3871500	 38.728712973475076
3872000	 38.7289285622146
3872500	 38.72973739875148
3873000	 38.728799133395235
3873500	 38.727699409443744
3874000	 38.72835335980609
3874500	 38.72882666872921
3875000	 38.727328968397174
3875500	 38.73073849722903
3876000	 38.73291749362064
3876500	 38.7300863290813
3877000	 38.72809255108088
3877500	 38.724670908575696
3878000	 38.72424273645168
3878500	 38.71962713086471
3879000	 38.719894950951364
3879500	 38.71867679237997
3880000	 38.720037067545306
3880500	 38.72301158301158
3881000	 38.72478315702777
3881500	 38.726098257714185
3882000	 38.720232582072654
3882500	 38.72008849329869
3883000	 38.71907713675763
3883500	 38.72089913070315
3884000	 38.718969374373216
3884500	 38.72099660598581
3885000	 38.724224816167016
3885500	 38.72622567293107
3886000	 38.722819102452064
3886500	 38.72246922464085
3887000	 38.72243492561091
3887500	 38.71880699771367
3888000	 38.721397379912666
3888500	 38.71788484257024
3889000	 38.714938632979
3889500	 38.715180611537576
3890000	 38.71496046822055
3890500	 38.71509971509972
3891000	 38.71294395401355
3891500	 38.71119207676913
3892000	 38.71135739757305
3892500	 38.708331195813884
3893000	 38.71077199281867
3893500	 38.71075778946019
3894000	 38.707484039689255
3894500	 38.70955750397375
3895000	 38.71017687772366
3895500	 38.70700702239992
3896000	 38.70842089077956
3896500	 38.705841660261335
3897000	 38.70735019086414
3897500	 38.70804621256757
3898000	 38.70638254277225
3898500	 38.70721401316295
3899000	 38.70773800378962
3899500	 38.71024400235553
3900000	 38.71102350110081
3900500	 38.70635509713087
3901000	 38.70418138082809
3901500	 38.70878755309893
3902000	 38.70943145181925
3902500	 38.70636991557943
3903000	 38.70791977898291
3903500	 38.70843564559034
3904000	 38.70857522825503
3904500	 38.71262339522275
3905000	 38.71240442887463
3905500	 38.71094009664306
3906000	 38.710754364886625
3906500	 38.71006491846854
3907000	 38.70924051926812
3907500	 38.71062448896157
3908000	 38.70977466659854
3908500	 38.712497445330065
3909000	 38.713063247164605
3909500	 38.71100214526509
3910000	 38.70846418996553
3910500	 38.70873860764341
3911000	 38.705760739171495
3911500	 38.708156806696955
3912000	 38.70824508127696
3912500	 38.71065860317946
3913000	 38.7108230851661
3913500	 38.712477995764985
3914000	 38.71301752506314
3914500	 38.71571053235722
3915000	 38.7150326463987
3915500	 38.71673765014919
3916000	 38.718526074206295
3916500	 38.71600122380297
3917000	 38.7148028244411
3917500	 38.71312060352737
3918000	 38.712450945415625
3918500	 38.71281881417688
3919000	 38.709667558272834
3919500	 38.710774325012736
3920000	 38.71217176476581
3920500	 38.71263401838694
3921000	 38.71014640356461
3921500	 38.706386986737265
3922000	 38.710900112004886
3922500	 38.71055511720838
3923000	 38.71238420034613
3923500	 38.71308242359468
3924000	 38.71491094147583
3924500	 38.71691728366791
3925000	 38.71551767997965
3925500	 38.71737084424999
3926000	 38.71463085882861
3926500	 38.71744271800219
3927000	 38.715204678362575
3927500	 38.71596369460758
3928000	 38.71213238097659
3928500	 38.713051213623075
3929000	 38.714521703771474
3929500	 38.71687420584498
3930000	 38.71670689874222
3930500	 38.71595528455285
3931000	 38.71367608209714
3931500	 38.713407665151244
3932000	 38.71359642439941
3932500	 38.712490160729246
3933000	 38.71383232620728
3933500	 38.71398832190911
3934000	 38.71420230993781
3934500	 38.712128518133134
3935000	 38.71148722373062
3935500	 38.709331236046275
3936000	 38.706828327922075
3936500	 38.70787998681174
3937000	 38.70990566037736
3937500	 38.70989172604407
3938000	 38.711909531174726
3938500	 38.71358669472403
3939000	 38.7132427499493
3939500	 38.715495171225065
3940000	 38.7154226333798
3940500	 38.717091591058846
3941000	 38.71548753294142
3941500	 38.71456802634913
3942000	 38.71319282602087
3942500	 38.712013373521444
3943000	 38.71194853872259
3943500	 38.712560141808055
3944000	 38.71226737561717
3944500	 38.714998227758365
3945000	 38.7160396941927
3945500	 38.71668311944719
3946000	 38.711726301938356
3946500	 38.71056293485136
3947000	 38.71436522795122
3947500	 38.711590023777
3948000	 38.711929993171296
3948500	 38.71110661541574
3949000	 38.712392849015096
3949500	 38.71360303413401
3950000	 38.714162916519186
3950500	 38.71279795758449
3951000	 38.71491760186028
3951500	 38.71487780838535
3952000	 38.71692105529162
3952500	 38.71479825159807
3953000	 38.717389656653445
3953500	 38.720630589661965
3954000	 38.71899469563021
3954500	 38.72084154164772
3955000	 38.72360844529751
3955500	 38.721334242355375
3956000	 38.716878723619104
3956500	 38.72004846771343
3957000	 38.71978798586572
3957500	 38.718013425528696
3958000	 38.71745054501413
3958500	 38.718758672890125
3959000	 38.718743693239155
3959500	 38.71935931391096
3960000	 38.72037831021438
3960500	 38.7214656781157
3961000	 38.71969945286301
3961500	 38.71895325971865
3962000	 38.71781105061504
3962500	 38.71674479560462
3963000	 38.71810896628194
3963500	 38.71694214876033
3964000	 38.717053384727784
3964500	 38.71406261807007
3965000	 38.71445121644084
3965500	 38.7183116327096
3966000	 38.71847300564061
3966500	 38.7179364519865
3967000	 38.71829922211313
3967500	 38.719334457673625
3968000	 38.72001711509904
3968500	 38.72005234548017
3969000	 38.719307516167184
3969500	 38.718343522781595
3970000	 38.71468457591307
3970500	 38.71089427622976
3971000	 38.71172802253068
3971500	 38.71099210539548
3972000	 38.71148093215013
3972500	 38.71071284938669
3973000	 38.7091228951998
3973500	 38.708656866440506
3974000	 38.7105884717825
3974500	 38.71164765589669
3975000	 38.707945040315494
3975500	 38.70875298254427
3976000	 38.70774214610381
3976500	 38.70785416562045
3977000	 38.70506866166244
3977500	 38.70034886931205
3978000	 38.703006575314966
3978500	 38.70541293382519
3979000	 38.705593054475194
3979500	 38.7069774443636
3980000	 38.7076915357985
3980500	 38.708742004264394
3981000	 38.71204976422193
3981500	 38.70757579557138
3982000	 38.70599739243807
3982500	 38.70513913261469
3983000	 38.70647215120068
3983500	 38.70272166808681
3984000	 38.70362852703854
3984500	 38.70669306136768
3985000	 38.70729873969582
3985500	 38.70578951323997
3986000	 38.70850973220772
3986500	 38.70374915474968
3987000	 38.70629335603917
3987500	 38.70933814138682
3988000	 38.70837297811608
3988500	 38.71166750125188
3989000	 38.7133737232125
3989500	 38.71164676728993
3990000	 38.711539905398304
3990500	 38.70948127017491
3991000	 38.708499086792266
3991500	 38.70580583835706
3992000	 38.705017257765995
3992500	 38.70745798319328
3993000	 38.70851255376613
3993500	 38.70711338917365
3994000	 38.70972822961722
3994500	 38.71135
3995000	 38.711428857114285
3995500	 38.71146492039291
3996000	 38.710308634262155
3996500	 38.71196901549225
3997000	 38.71307215670598
3997500	 38.71687695190506
3998000	 38.71520283772982
3998500	 38.71903179876602
3999000	 38.7179999500487
3999500	 38.71759270820327
4000000	 38.717620914379886
4000500	 38.721480112856106
4001000	 38.71958160667033
4001500	 38.71718457506552
4002000	 38.71761211909456
4002500	 38.71950489119585
4003000	 38.72073061183751
4003500	 38.72058383233533
4004000	 38.720768367219655
4004500	 38.72010476428037
4005000	 38.72303701486581
4005500	 38.72505299912707
4006000	 38.72690092022245
4006500	 38.72745181158517
4007000	 38.72998379254457
4007500	 38.73056594365495
4008000	 38.73416269851163
4008500	 38.7338717718616
4009000	 38.734160809530934
4009500	 38.73261232525107
4010000	 38.734750323931024
4010500	 38.73662049033287
4011000	 38.737151540818616
4011500	 38.73737700834475
4012000	 38.73411700246557
4012500	 38.73658390816047
4013000	 38.733150753143285
4013500	 38.73374990664443
4014000	 38.73358390999154
4014500	 38.735377569814325
4015000	 38.732319713333
4015500	 38.73298168789809
4016000	 38.73078932311749
4016500	 38.7286904613854
4017000	 38.72987962594509
4017500	 38.731441645320935
4018000	 38.72984061466544
4018500	 38.731054201889606
4019000	 38.73356040076573
4019500	 38.73280469313182
4020000	 38.732670560457315
4020500	 38.734827774740296
4021000	 38.73229637727973
4021500	 38.73338468036473
4022000	 38.73615562346277
4022500	 38.736455098745495
4023000	 38.73497926032637
4023500	 38.73355353018601
4024000	 38.731712767542334
4024500	 38.733253885495806
4025000	 38.73070049148588
4025500	 38.73074059366623
4026000	 38.7305821628865
4026500	 38.73201657527108
4027000	 38.73072342959214
4027500	 38.73050876888349
4028000	 38.732704948530326
4028500	 38.7283999603214
4029000	 38.72682188995512
4029500	 38.72628551594188
4030000	 38.72692565138706
4030500	 38.72747329020103
4031000	 38.72152557494052
4031500	 38.72485317076797
4032000	 38.723810703667
4032500	 38.72253877025219
4033000	 38.72480677764566
4033500	 38.7242532322782
4034000	 38.72298853421164
4034500	 38.720196092995614
4035000	 38.720181215031936
4035500	 38.72225660321311
4036000	 38.72272963540507
4036500	 38.72052563848743
4037000	 38.717884006334124
4037500	 38.71976050867166
4038000	 38.71748379755603
4038500	 38.718988844641224
4039000	 38.721599762558434
4039500	 38.726274393410996
4040000	 38.72326219738371
4040500	 38.72322223321135
4041000	 38.71564871344885
4041500	 38.71857234663108
4042000	 38.721502718734556
4042500	 38.72140668248319
4043000	 38.718553109480396
4043500	 38.713541152060074
4044000	 38.71254630773031
4044500	 38.71363658813652
4045000	 38.716046029237454
4045500	 38.713527393032614
4046000	 38.71238490212052
4046500	 38.71565747574733
4047000	 38.71674688387017
4047500	 38.713890876786024
4048000	 38.707381457541814
4048500	 38.708347723123985
4049000	 38.70806304417532
4049500	 38.711431742508324
4050000	 38.7106113289438
4050500	 38.71209468622858
4051000	 38.710073467777725
4051500	 38.70778900665516
4052000	 38.70907477695076
4052500	 38.70879743716117
4053000	 38.71316626007245
4053500	 38.711878187597016
4054000	 38.70999926095632
4054500	 38.71061901125699
4055000	 38.708944931533836
4055500	 38.71164359946806
4056000	 38.71393040951513
4056500	 38.71347318658591
4057000	 38.71275233874938
4057500	 38.70987274472641
4058000	 38.70844612885761
4058500	 38.70921305182342
4059000	 38.70838766823315
4059500	 38.70798071245818
4060000	 38.70530070102078
4060500	 38.707757390919376
4061000	 38.7088436377945
4061500	 38.705318285756434
4062000	 38.704402979570766
4062500	 38.70352981662652
4063000	 38.70480521076564
4063500	 38.7057609123083
4064000	 38.70782236858273
4064500	 38.706612281003515
4065000	 38.707304488833195
4065500	 38.707880902078315
4066000	 38.70779396231977
4066500	 38.70888594164456
4067000	 38.708314915770345
4067500	 38.71056379530498
4068000	 38.705528551087546
4068500	 38.70566287832298
4069000	 38.705355389750636
4069500	 38.703933645800106
4070000	 38.701096690301526
4070500	 38.701297745504505
4071000	 38.70391267018275
4071500	 38.69954629061925
4072000	 38.69968858046639
4072500	 38.70351118085524
4073000	 38.70474159066392
4073500	 38.708132094437225
4074000	 38.703504901960784
4074500	 38.70365650426429
4075000	 38.70549892178004
4075500	 38.705199196354194
4076000	 38.702488854049285
4076500	 38.70183946897886
4077000	 38.701851489028215
4077500	 38.69979676289821
4078000	 38.698903143668595
4078500	 38.699495691343515
4079000	 38.70154953367115
4079500	 38.700785667082755
4080000	 38.6972225620947
4080500	 38.69837036312029
4081000	 38.694106710375024
4081500	 38.69640410958904
4082000	 38.69728989335682
4082500	 38.700435356845865
4083000	 38.70246276504683
4083500	 38.70398356686964
4084000	 38.705357361175636
4084500	 38.70704156479218
4085000	 38.70480101691601
4085500	 38.70137106826014
4086000	 38.700779512743445
4086500	 38.70073545581157
4087000	 38.70108230925216
4087500	 38.70289483327226
4088000	 38.69832702405666
4088500	 38.692042874233955
4089000	 38.69030588579938
4089500	 38.68898435402377
4090000	 38.68820012202563
4090500	 38.690240866827736
4091000	 38.68645391109159
4091500	 38.68498731459797
4092000	 38.68474973168114
4092500	 38.68362518901517
4093000	 38.67960596898469
4093500	 38.67923056293732
4094000	 38.682130667966845
4094500	 38.683477964118566
4095000	 38.68545104443415
4095500	 38.68553811659193
4096000	 38.684495236238696
4096500	 38.68436312250268
4097000	 38.684401568856735
4097500	 38.684293856871435
4098000	 38.681595674727845
4098500	 38.68076557820147
4099000	 38.67810103469264
4099500	 38.681858019281336
4100000	 38.679502470608284
4100500	 38.67883566978193
4101000	 38.68076511243064
4101500	 38.68348177349491
4102000	 38.68441286680617
4102500	 38.68744525547445
4103000	 38.68616050794269
4103500	 38.687869426674126
4104000	 38.6812566870927
4104500	 38.6825763470142
4105000	 38.679947492524974
4105500	 38.67774942277312
4106000	 38.678444714459296
4106500	 38.67944792729747
4107000	 38.68114779988823
4107500	 38.68104076575482
4108000	 38.68269160694765
4108500	 38.67764420157863
4109000	 38.67676841261747
4109500	 38.676329909923034
4110000	 38.67176424895621
4110500	 38.67440166998398
4111000	 38.671382808328886
4111500	 38.67503882741215
4112000	 38.673436210996265
4112500	 38.677382569875775
4113000	 38.67888595065382
4113500	 38.67519646841952
4114000	 38.67283441652925
4114500	 38.67066724856949
4115000	 38.66745854746436
4115500	 38.66423499188095
4116000	 38.664736102360294
4116500	 38.663242313376784
4117000	 38.66564105048939
4117500	 38.66771645913077
4118000	 38.669339405537656
4118500	 38.66834596846465
4119000	 38.667958249582256
4119500	 38.66837784826985
4120000	 38.66931383468113
4120500	 38.669087563851164
4121000	 38.666368147162046
4121500	 38.66547276203383
4122000	 38.66210167194948
4122500	 38.661682876082644
4123000	 38.66194150801906
4123500	 38.66219190673149
4124000	 38.66304689578446
4124500	 38.666207163413866
4125000	 38.662943082354076
4125500	 38.663870219041634
4126000	 38.66120377084844
4126500	 38.66184076956543
4127000	 38.66538573085847
4127500	 38.66300985888266
4128000	 38.66556323394384
4128500	 38.66701297446181
4129000	 38.664991786646056
4129500	 38.66338188054006
4130000	 38.66475873061875
4130500	 38.666956458740856
4131000	 38.66912972085386
4131500	 38.66797044763146
4132000	 38.66401139353562
4132500	 38.66611151339609
4133000	 38.665186436587426
4133500	 38.66381120146715
4134000	 38.66279827249258
4134500	 38.664342581423405
4135000	 38.66440718851767
4135500	 38.665139053040356
4136000	 38.66614412502412
4136500	 38.66883711956784
4137000	 38.67330648467456
4137500	 38.67444720407031
4138000	 38.67619047619048
4138500	 38.6736091023045
4139000	 38.674484188198996
4139500	 38.67224966863478
4140000	 38.66743765811348
4140500	 38.67144509227582
4141000	 38.66873825697355
4141500	 38.666626526336074
4142000	 38.66685129440096
4142500	 38.666457982181555
4143000	 38.6688496171811
4143500	 38.67010135541806
4144000	 38.6721954742417
4144500	 38.67106339960526
4145000	 38.671953596957806
4145500	 38.67292373595168
4146000	 38.672698397420476
4146500	 38.67373258583768
4147000	 38.674373285858636
4147500	 38.67656186100219
4148000	 38.676793188050226
4148500	 38.67781038048968
4149000	 38.68032708032708
4149500	 38.68296378240585
4150000	 38.68310570356834
4150500	 38.68426620503943
4151000	 38.68692599894216
4151500	 38.68560851902598
4152000	 38.6882270935487
4152500	 38.68900211497789
4153000	 38.68721164936563
4153500	 38.689965880148016
4154000	 38.69455524052093
4154500	 38.69745314752523
4155000	 38.69760960960961
4155500	 38.697172779899596
4156000	 38.69635180248337
4156500	 38.69348060991716
4157000	 38.69215625075028
4157500	 38.69259392629937
4158000	 38.69394368563816
4158500	 38.68945739038614
4159000	 38.686678184086766
4159500	 38.68383552442184
4160000	 38.684841797202964
4160500	 38.68666346845767
4161000	 38.68895711407464
4161500	 38.68894644698659
4162000	 38.68979161171195
4162500	 38.69101285248417
4163000	 38.69185767718423
4163500	 38.692086399923284
4164000	 38.68874934087532
4164500	 38.68783550613497
4165000	 38.68766473379019
4165500	 38.683499425067076
4166000	 38.68563010515726
4166500	 38.68391052354266
4167000	 38.681839950193954
4167500	 38.68441720141749
4168000	 38.686594680010536
4168500	 38.688293033277475
4169000	 38.68813883901855
4169500	 38.6900761166164
4170000	 38.693171210416715
4170500	 38.689152647825985
4171000	 38.68844810259846
4171500	 38.691207082186864
4172000	 38.68893832830965
4172500	 38.68762706594274
4173000	 38.6862369962932
4173500	 38.68975990051655
4174000	 38.68906317249294
4174500	 38.689745857938654
4175000	 38.69070784824652
4175500	 38.690847814135815
4176000	 38.694775084851095
4176500	 38.69310550842395
4177000	 38.69075096169928
4177500	 38.68964858214482
4178000	 38.68880926788487
4178500	 38.688041842802896
4179000	 38.688764179104474
4179500	 38.686118141445014
4180000	 38.68513655462185
4180500	 38.68625719128214
4181000	 38.68529966346039
4181500	 38.686308202668194
4182000	 38.682788899759004
4182500	 38.68370195404767
4183000	 38.68459097740774
4183500	 38.684485473021326
4184000	 38.68615384615384
4184500	 38.68571428571428
4185000	 38.68539406223918
4185500	 38.686330146164664
4186000	 38.68996185026228
4186500	 38.6908258630555
4187000	 38.68521034441664
4187500	 38.685693176672466
4188000	 38.682869873948576
4188500	 38.68302677975793
4189000	 38.68625815981322
4189500	 38.68357867657568
4190000	 38.68532367932168
4190500	 38.686806382472014
4191000	 38.68589865701495
4191500	 38.68380829940718
4192000	 38.68495726902659
4192500	 38.686574625089264
4193000	 38.68823935448552
4193500	 38.69070570034511
4194000	 38.69357640954851
4194500	 38.69000142768762
4195000	 38.691760451117084
4195500	 38.69378092881614
4196000	 38.69290420799734
4196500	 38.69399647971076
4197000	 38.693160197869105
4197500	 38.69376010653477
4198000	 38.69110794103661
4198500	 38.69357139460796
4199000	 38.69500309038178
4199500	 38.69420741128093
4200000	 38.69575034463089
4200500	 38.69878315429224
4201000	 38.69705106575102
4201500	 38.69805403093592
4202000	 38.696465054402054
4202500	 38.69520190023753
4203000	 38.698042848320746
4203500	 38.7008835265058
4204000	 38.7025435200798
4204500	 38.70031343496225
4205000	 38.70194933162381
4205500	 38.702293338397986
4206000	 38.70259684770224
4206500	 38.70183932597603
4207000	 38.70093258346978
4207500	 38.69995491968586
4208000	 38.69833701041444
4208500	 38.699338188201246
4209000	 38.7011385199241
4209500	 38.70018498316179
4210000	 38.70189001399132
4210500	 38.70018493930197
4211000	 38.69866293679769
4211500	 38.69700632866387
4212000	 38.69546154757673
4212500	 38.69333206957016
4213000	 38.69085524757167
4213500	 38.690117490998674
4214000	 38.68916678508834
4214500	 38.68302038690124
4215000	 38.683152611392586
4215500	 38.683142769216204
4216000	 38.68423045968849
4216500	 38.68337593486699
4217000	 38.68688613826237
4217500	 38.68764938353409
4218000	 38.687993942548864
4218500	 38.6893720721147
4219000	 38.691192126617615
4219500	 38.69148156033402
4220000	 38.69004257332072
4220500	 38.69099422949579
4221000	 38.69375931137229
4221500	 38.696540471517416
4222000	 38.69380807149443
4222500	 38.69494810997376
4223000	 38.694558691438566
4223500	 38.6930185290225
4224000	 38.69223498274966
4224500	 38.692389480896914
4225000	 38.691133738099175
4225500	 38.689129818594104
4226000	 38.690292867265
4226500	 38.6914320801058
4227000	 38.69245300840654
4227500	 38.69148132407801
4228000	 38.692383965248595
4228500	 38.6926726783438
4229000	 38.68915059828657
4229500	 38.68988790560472
4230000	 38.690459897590785
4230500	 38.69274692086263
4231000	 38.69367243901288
4231500	 38.696399924506935
4232000	 38.697089073410076
4232500	 38.69675456389452
4233000	 38.69769580906111
4233500	 38.69799085035137
4234000	 38.69969346852157
4234500	 38.702631330755445
4235000	 38.70084160399821
4235500	 38.70366092265623
4236000	 38.70486741308191
4236500	 38.70270779817595
4237000	 38.703607700827106
4237500	 38.70424825051248
4238000	 38.703865997597006
4238500	 38.70528373889896
4239000	 38.70200188412624
4239500	 38.704189529708216
4240000	 38.706652537383725
4240500	 38.70770933408684
4241000	 38.70607901304327
4241500	 38.708864037669215
4242000	 38.710202928574795
4242500	 38.71034791205687
4243000	 38.7087883637733
4243500	 38.71043279753359
4244000	 38.71257118652045
4244500	 38.713915948985836
4245000	 38.715747864756125
4245500	 38.71774421230943
4246000	 38.719505022702144
4246500	 38.71971960198537
4247000	 38.72304290553256
4247500	 38.72459779847587
4248000	 38.72633410945695
4248500	 38.72608409368827
4249000	 38.725699506230896
4249500	 38.72064596506899
4250000	 38.72178348140836
4250500	 38.72552706418784
4251000	 38.726469413174776
4251500	 38.72532249347964
4252000	 38.72544873602105
4252500	 38.724648234713776
4253000	 38.72395246148065
4253500	 38.72155555033699
4254000	 38.72319541633401
4254500	 38.722436138241925
4255000	 38.725682623905335
4255500	 38.72144500258204
4256000	 38.7201229815997
4256500	 38.71837893649974
4257000	 38.721254927726676
4257500	 38.72042607104312
4258000	 38.72155491953268
4258500	 38.720568573640136
4259000	 38.72341972557758
4259500	 38.72248018385629
4260000	 38.72239547916618
4260500	 38.72058892483706
4261000	 38.718367633959964
4261500	 38.71828345091054
4262000	 38.719692531227295
4262500	 38.72154004780428
4263000	 38.72189418435728
4263500	 38.724437675726335
4264000	 38.728339815378845
4264500	 38.72477279115525
4265000	 38.725337268128165
4265500	 38.7285587146939
4266000	 38.72961453796075
4266500	 38.728592502400076
4267000	 38.725412618518085
4267500	 38.72574264378848
4268000	 38.725617320070214
4268500	 38.72546862933233
4269000	 38.72743014929564
4269500	 38.72897655482241
4270000	 38.73135236312588
4270500	 38.73249420957818
4271000	 38.730526315789476
4271500	 38.72844212643544
4272000	 38.730425631431245
4272500	 38.727559681077416
4273000	 38.72593804792519
4273500	 38.724790799869105
4274000	 38.72565792548965
4274500	 38.72856875759559
4275000	 38.72868760515984
4275500	 38.72779101827188
4276000	 38.7276762768095
4276500	 38.72949421796519
4277000	 38.731381984675764
4277500	 38.73290199009624
4278000	 38.729752452125176
4278500	 38.73114914882189
4279000	 38.72913845435443
4279500	 38.73079167931268
4280000	 38.73012908798058
4280500	 38.73060405190925
4281000	 38.730478413068845
4281500	 38.726078536596745
4282000	 38.726197419685974
4282500	 38.72863641665695
4283000	 38.73096482224503
4283500	 38.729125851292096
4284000	 38.727234568477016
4284500	 38.72921233036422
4285000	 38.73054325017487
4285500	 38.734489753095055
4286000	 38.73146227184783
4286500	 38.731423643483126
4287000	 38.733929986482075
4287500	 38.73701873776452
4288000	 38.73848197431894
4288500	 38.73698068364518
4289000	 38.73513652036157
4289500	 38.736855592051626
4290000	 38.73963987048382
4290500	 38.73788895099683
4291000	 38.74078904466906
4291500	 38.738235499569235
4292000	 38.7373175331176
4292500	 38.73340471092077
4293000	 38.73063855533836
4293500	 38.72842551013286
4294000	 38.731805490926014
4294500	 38.7332899053114
4295000	 38.733617140065604
4295500	 38.72937017396967
4296000	 38.73187124982557
4296500	 38.73458139534884
4297000	 38.73528659458203
4297500	 38.73367278138151
4298000	 38.7352257404566
4298500	 38.73689471604249
4299000	 38.7383310088331
4299500	 38.74037142923552
4300000	 38.74165059148906
4300500	 38.74173308855994
4301000	 38.740886173005876
4301500	 38.740979950282274
4302000	 38.74008687774396
4302500	 38.74405909544937
4303000	 38.74620798587721
4303500	 38.74718383463012
4304000	 38.74778791890197
4304500	 38.74580875864952
4305000	 38.74588470200367
4305500	 38.74787574871152
4306000	 38.746123491179205
4306500	 38.742875046416636
4307000	 38.74207546294148
4307500	 38.74305072161121
4308000	 38.74428100784186
4308500	 38.74403822956296
4309000	 38.744595472258304
4309500	 38.74545412375916
4310000	 38.740991513240274
4310500	 38.7421224697999
4311000	 38.74378651581193
4311500	 38.74478393916914
4312000	 38.74764708609579
4312500	 38.746343724649435
4313000	 38.74662804171495
4313500	 38.74320535693598
4314000	 38.73996339796604
4314500	 38.74003381899887
4315000	 38.74020289049472
4315500	 38.73699201111497
4316000	 38.73888580161156
4316500	 38.740223657706466
4317000	 38.73955921844615
4317500	 38.74081018518518
4318000	 38.74369835428095
4318500	 38.74416774671357
4319000	 38.74640716484229
4319500	 38.74717112113849
4320000	 38.74496784045162
4320500	 38.74618854829381
4321000	 38.74837485830615
4321500	 38.749277139090005
4322000	 38.748681654177076
4322500	 38.748803219166994
4323000	 38.746855345911946
4323500	 38.7445441094877
4324000	 38.74415755530385
4324500	 38.74561423783659
4325000	 38.74713998474658
4325500	 38.74689774696707
4326000	 38.74327696146382
4326500	 38.744386435039736
4327000	 38.74702580332186
4327500	 38.7478172495034
4328000	 38.74959004088043
4328500	 38.7498672086095
4329000	 38.74931880108992
4329500	 38.75159323912441
4330000	 38.75105046867064
4330500	 38.7485976778006
4331000	 38.74676883308715
4331500	 38.74732299455368
4332000	 38.749163493711784
4332500	 38.75068644869517
4333000	 38.752889873330105
4333500	 38.75486237685439
4334000	 38.75018453589223
4334500	 38.75071501060984
4335000	 38.75117619926199
4335500	 38.75258278756572
4336000	 38.75212709539072
4336500	 38.7525649597676
4337000	 38.752178523675596
4337500	 38.75353833387119
4338000	 38.75260440674841
4338500	 38.75285766961652
4339000	 38.75382523734906
4339500	 38.75319109718446
4340000	 38.754780445099755
4340500	 38.75570707885098
4341000	 38.75658182655764
4341500	 38.75729519334853
4342000	 38.75839436230482
4342500	 38.759038364113664
4343000	 38.75557141541579
4343500	 38.75532331207845
4344000	 38.75587524456209
4344500	 38.75780243049162
4345000	 38.75509123961617
4345500	 38.75683387022549
4346000	 38.759531534019004
4346500	 38.761567310125855
4347000	 38.762210412496835
4347500	 38.76390614216701
4348000	 38.76512398215025
4348500	 38.76428242870285
4349000	 38.765315978290865
4349500	 38.763473742297435
4350000	 38.76450708111091
4350500	 38.7686737016346
4351000	 38.76803898581707
4351500	 38.77005470509815
4352000	 38.773007263032085
4352500	 38.77440706012135
4353000	 38.775686544869586
4353500	 38.77358577271265
4354000	 38.77570995312931
4354500	 38.773385096021315
4355000	 38.773365183636905
4355500	 38.77356973886682
4356000	 38.77484842917509
4356500	 38.77290992170099
4357000	 38.775790416274425
4357500	 38.774994834592164
4358000	 38.7751813423928
4358500	 38.77527599899011
4359000	 38.77790783071698
4359500	 38.778203598310995
4360000	 38.780289123451126
4360500	 38.78099761380323
4361000	 38.77951870799018
4361500	 38.77945730210794
4362000	 38.78269645396578
4362500	 38.77846316127405
4363000	 38.77707210821965
4363500	 38.77905910403962
4364000	 38.7762801998808
4364500	 38.77546296296296
4365000	 38.77503036414052
4365500	 38.775669668431064
4366000	 38.77749518834204
4366500	 38.77745704467354
4367000	 38.779653639987174
4367500	 38.78346123009965
4368000	 38.7852627238994
4368500	 38.78731591122512
4369000	 38.787564410855374
4369500	 38.78564722584782
4370000	 38.783145218526066
4370500	 38.7857469896067
4371000	 38.785954631812665
4371500	 38.78386048427702
4372000	 38.78386233094579
4372500	 38.779153034844086
4373000	 38.77988241484227
4373500	 38.77892906974085
4374000	 38.77867990119843
4374500	 38.77688596190345
4375000	 38.77511546024052
4375500	 38.77575840705941
4376000	 38.77657896541477
4376500	 38.77783364951658
4377000	 38.77829832941015
4377500	 38.77798596988323
4378000	 38.77617089330592
4378500	 38.773470693042164
4379000	 38.7745877301174
4379500	 38.774928059197
4380000	 38.774068322981364
4380500	 38.77484245136542
4381000	 38.772481336894735
4381500	 38.774094872848465
4382000	 38.772305023623126
4382500	 38.77022432167226
4383000	 38.7709122438735
4383500	 38.77250222455452
4384000	 38.77235086118399
4384500	 38.77174334527041
4385000	 38.77494696986976
4385500	 38.775811343991606
4386000	 38.77248267055819
4386500	 38.77137385436141
4387000	 38.76804722937704
4387500	 38.77022838127365
4388000	 38.7697128532361
4388500	 38.76713452424353
4389000	 38.769423558897245
4389500	 38.76770622138187
4390000	 38.768023507437185
4390500	 38.76746304689457
4391000	 38.76913616798378
4391500	 38.770660168970466
4392000	 38.77129585354191
4392500	 38.769442673709136
4393000	 38.767595374669945
4393500	 38.763671119404684
4394000	 38.76078449217328
4394500	 38.76262086224548
4395000	 38.763097431697716
4395500	 38.76117909293545
4396000	 38.75928410615605
4396500	 38.76097782831154
4397000	 38.76235845195325
4397500	 38.76229452288384
4398000	 38.76469250880982
4398500	 38.76347972358611
4399000	 38.76454677697973
4399500	 38.7610444505045
4400000	 38.76229321941465
4400500	 38.763547133801374
4401000	 38.76691507247694
4401500	 38.76450411158057
4402000	 38.76168521462639
4402500	 38.76130350857272
4403000	 38.76268222898406
4403500	 38.760653876716994
4404000	 38.762282055938975
4404500	 38.7638819523269
4405000	 38.76074719687684
4405500	 38.76120012709364
4406000	 38.7612045294665
4406500	 38.760845888546015
4407000	 38.762699943278506
4407500	 38.76579090661585
4408000	 38.76658877974638
4408500	 38.766609958035616
4409000	 38.76683526503209
4409500	 38.765058055152394
4410000	 38.76765913059253
4410500	 38.7679802285507
4411000	 38.76845995148383
4411500	 38.76803808228494
4412000	 38.76635238656453
4412500	 38.765840282813635
4413000	 38.76660926311973
4413500	 38.767106217147
4414000	 38.76591985139207
4414500	 38.7668018211883
4415000	 38.76741183665149
4415500	 38.766220531286095
4416000	 38.768115942028984
4416500	 38.76945023095734
4417000	 38.77048475105848
4417500	 38.771252631817255
4418000	 38.77278489609272
4418500	 38.77202354006338
4419000	 38.77349266702879
4419500	 38.77171822316761
4420000	 38.77212354338726
4420500	 38.77359728506787
4421000	 38.77510576205235
4421500	 38.77222863088372
4422000	 38.77356100870745
4422500	 38.775702202722876
4423000	 38.775818013251026
4423500	 38.77626789065503
4424000	 38.77944335164711
4424500	 38.78090522698499
4425000	 38.78162582511981
4425500	 38.78192174679596
4426000	 38.78134110787172
4426500	 38.78215673867848
4427000	 38.78162140178047
4427500	 38.78153310891715
4428000	 38.779155654943416
4428500	 38.77673389191264
4429000	 38.777002461441185
4429500	 38.77742904238264
4430000	 38.78066293352601
4430500	 38.779230161417765
4431000	 38.77546552307866
4431500	 38.77336221876199
4432000	 38.77253548139624
4432500	 38.7690121145126
4433000	 38.77040378975863
4433500	 38.76927935040036
4434000	 38.76703802264219
4434500	 38.765789533022165
4435000	 38.76568066014339
4435500	 38.768311653177626
4436000	 38.7665449463529
4436500	 38.76911980164544
4437000	 38.76961391962857
4437500	 38.768523526230396
4438000	 38.76702266684692
4438500	 38.76821520299193
4439000	 38.764140105867774
4439500	 38.76669594792441
4440000	 38.766699698211795
4440500	 38.76932258355103
4441000	 38.767467519308276
4441500	 38.770202418210886
4442000	 38.76919786577816
4442500	 38.77045674537965
4443000	 38.77177778778193
4443500	 38.77343626910351
4444000	 38.772526780088214
4444500	 38.7717699473471
4445000	 38.77287044953427
4445500	 38.77195626743453
4446000	 38.77012011336542
4446500	 38.767040726831134
4447000	 38.76405252270888
4447500	 38.76148191443922
4448000	 38.76135137565186
4448500	 38.75590462707027
4449000	 38.755819701599854
4449500	 38.75758869391332
4450000	 38.75831236520489
4450500	 38.76142337242216
4451000	 38.7599730458221
4451500	 38.76156144015453
4452000	 38.76408759124087
4452500	 38.764625300366056
4453000	 38.758514626972904
4453500	 38.76064653720956
4454000	 38.76131899705942
4454500	 38.762569581612496
4455000	 38.76454349582548
4455500	 38.76349804766393
4456000	 38.76186950278227
4456500	 38.76207569604918
4457000	 38.76083445491252
4457500	 38.760681843669396
4458000	 38.76032742767437
4458500	 38.760017939230856
4459000	 38.76136236238481
4459500	 38.7618321637558
4460000	 38.76013808872649
4460500	 38.75741886318809
4461000	 38.75459394048046
4461500	 38.75457662058303
4462000	 38.75676644559957
4462500	 38.75810462641425
4463000	 38.759666651731706
4463500	 38.76174368853744
4464000	 38.763193262252486
4464500	 38.76633441594804
4465000	 38.76794553069497
4465500	 38.7689344739553
4466000	 38.76608750167928
4466500	 38.7673793798276
4467000	 38.76500346965729
4467500	 38.766815139781095
4468000	 38.765973636506054
4468500	 38.76206032399534
4469000	 38.76455979416042
4469500	 38.76545336584711
4470000	 38.764584824624194
4470500	 38.760964372777494
4471000	 38.76256820824761
4471500	 38.76270655844011
4472000	 38.76244242722354
4472500	 38.76362620165437
4473000	 38.764122052084495
4473500	 38.76392489941887
4474000	 38.76670689732243
4474500	 38.767934563983374
4475000	 38.76396460809724
4475500	 38.76425906481089
4476000	 38.7641684351614
4476500	 38.765435132237315
4477000	 38.76542189663644
4477500	 38.767335909060456
4478000	 38.766892948059485
4478500	 38.769253098135536
4479000	 38.77011699562383
4479500	 38.77223102855484
4480000	 38.7696600370544
4480500	 38.77046179943307
4481000	 38.77274350504419
4481500	 38.775164040530285
4482000	 38.77159433225483
4482500	 38.770620914303564
4483000	 38.773152176338044
4483500	 38.77311055590256
4484000	 38.77581976355119
4484500	 38.77515835489339
4485000	 38.76884141990724
4485500	 38.77092530657748
4486000	 38.771508193066545
4486500	 38.77255907267053
4487000	 38.772160927226125
4487500	 38.77132223485102
4488000	 38.76871142405134
4488500	 38.76873718919882
4489000	 38.767938693221055
4489500	 38.76107436359992
4490000	 38.762738286121504
4490500	 38.764117751848225
4491000	 38.764216057354055
4491500	 38.76547854932431
4492000	 38.7694242842513
4492500	 38.76761268781302
4493000	 38.76451605724078
4493500	 38.7673083342606
4494000	 38.76677792612372
4494500	 38.767159862053624
4495000	 38.76833744910899
4495500	 38.76769586688615
4496000	 38.76993571635118
4496500	 38.7663790419428
4497000	 38.76856361331643
4497500	 38.76975761618857
4498000	 38.77004491483969
4498500	 38.7707374552569
4499000	 38.772820239206794
4499500	 38.77435202062864
4500000	 38.77292023203609
4500500	 38.774491065872525
4501000	 38.773476734367364
4501500	 38.773057524385095
4502000	 38.772354653100216
4502500	 38.77315236466224
4503000	 38.77527266265355
4503500	 38.776864643951846
4504000	 38.775806165052856
4504500	 38.77682041260465
4505000	 38.77830576218497
4505500	 38.78166355804245
4506000	 38.78064917188402
4506500	 38.785200479552415
4507000	 38.78739038739039
4507500	 38.787786632333685
4508000	 38.78701114218493
4508500	 38.78747392249989
4509000	 38.791606560287626
4509500	 38.79465157567687
4510000	 38.79531333214983
4510500	 38.798539919229576
4511000	 38.798983825519734
4511500	 38.79644172323528
4512000	 38.795027060597995
4512500	 38.791652806422285
4513000	 38.79251391445107
4513500	 38.79074562667672
4514000	 38.79262182414757
4514500	 38.79162972158184
4515000	 38.79438755153611
4515500	 38.793789755978636
4516000	 38.79442856193072
4516500	 38.7921559937957
4517000	 38.792294399149235
4517500	 38.79383681517092
4518000	 38.79533925525552
4518500	 38.793727435823605
4519000	 38.79150057578173
4519500	 38.792998073473726
4520000	 38.79412350818148
4520500	 38.78866161951565
4521000	 38.78857433763474
4521500	 38.78629282110295
4522000	 38.78682067622588
4522500	 38.78825559784052
4523000	 38.78913716814159
4523500	 38.787422301855905
4524000	 38.78900685689007
4524500	 38.78797328379335
4525000	 38.78898717381689
4525500	 38.7860175112762
4526000	 38.78757931507152
4526500	 38.78773073947165
4527000	 38.791555211672375
4527500	 38.79224137931035
4528000	 38.791340670998544
4528500	 38.78947252115882
4529000	 38.79222185393879
4529500	 38.79127264692885
4530000	 38.79296555685659
4530500	 38.79263497393302
4531000	 38.79103257868581
4531500	 38.791320671378095
4532000	 38.793454497272705
4532500	 38.79352602177129
4533000	 38.794140374892365
4533500	 38.79541239844578
4534000	 38.79209341338513
4534500	 38.7917190845086
4535000	 38.792836334745765
4535500	 38.79327389884367
4536000	 38.790248207391066
4536500	 38.790822854621666
4537000	 38.79074025057349
4537500	 38.7899739755635
4538000	 38.79206086668872
4538500	 38.78761354616809
4539000	 38.78778659611993
4539500	 38.78803041992726
4540000	 38.788489938063435
4540500	 38.791562892596595
4541000	 38.78917096390321
4541500	 38.78726920195655
4542000	 38.78985634969595
4542500	 38.792244987882796
4543000	 38.78979250187233
4543500	 38.79248898678414
4544000	 38.79295231802665
4544500	 38.79591252450063
4545000	 38.79602307760064
4545500	 38.79692178967765
4546000	 38.796596362995906
4546500	 38.797538854400564
4547000	 38.79543953867148
4547500	 38.796557947092744
4548000	 38.794630872483225
4548500	 38.79419594728389
4549000	 38.7968010912371
4549500	 38.79533655961285
4550000	 38.79406589539436
4550500	 38.79334535538353
4551000	 38.791402814423925
4551500	 38.79138636063844
4552000	 38.79254325221482
4552500	 38.79306706526279
4553000	 38.79346344894281
4553500	 38.79466836622566
4554000	 38.792986002768686
4554500	 38.78905048552221
4555000	 38.79184516355807
4555500	 38.79225885815961
4556000	 38.791666666666664
4556500	 38.787776972571756
4557000	 38.78834921610821
4557500	 38.78965857942694
4558000	 38.78824200913242
4558500	 38.789270348581965
4559000	 38.78586634478218
4559500	 38.78342439602396
4560000	 38.78242172930516
4560500	 38.782292032292034
4561000	 38.78209177853821
4561500	 38.78571585250828
4562000	 38.78667310054396
4562500	 38.783162649941886
4563000	 38.78497028704252
4563500	 38.7867339107554
4564000	 38.785161474205786
4564500	 38.78198158702324
4565000	 38.783941957827366
4565500	 38.78721259014094
4566000	 38.787674235118786
4566500	 38.78819687938289
4567000	 38.78902620738014
4567500	 38.78883021844394
4568000	 38.788804907437836
4568500	 38.78727738713281
4569000	 38.786670171058105
4569500	 38.788813210398374
4570000	 38.78953246468849
4570500	 38.7891175826582
4571000	 38.789293924466335
4571500	 38.790538321767116
4572000	 38.78723543960253
4572500	 38.79019479098271
4573000	 38.78886554621849
4573500	 38.786687963591014
4574000	 38.78462043316561
4574500	 38.785229907686926
4575000	 38.78512215927732
4575500	 38.788495188101486
4576000	 38.78945411600035
4576500	 38.79174229667374
4577000	 38.78408867318161
4577500	 38.781743863253844
4578000	 38.78129166211343
4578500	 38.78220677899429
4579000	 38.77949177354863
4579500	 38.77879972909794
4580000	 38.77986281020622
4580500	 38.77799135031235
4581000	 38.77794522343074
4581500	 38.78053201712239
4582000	 38.778622120318815
4582500	 38.77712763634776
4583000	 38.77639765111659
4583500	 38.77907052891227
4584000	 38.77922559804435
4584500	 38.776405377094974
4585000	 38.77651705252133
4585500	 38.778495374410895
4586000	 38.77726390191758
4586500	 38.77780686255262
4587000	 38.77781412898864
4587500	 38.77621249127704
4588000	 38.776253815961624
4588500	 38.77740711669283
4589000	 38.776045867759585
4589500	 38.774374959129844
4590000	 38.76928608786611
4590500	 38.76909332577953
4591000	 38.771766602754056
4591500	 38.772701525054465
4592000	 38.77154994009367
4592500	 38.77044716952364
4593000	 38.77192141830378
4593500	 38.774392368673226
4594000	 38.77656307846425
4594500	 38.7781189434028
4595000	 38.7751578489005
4595500	 38.77828093703736
4596000	 38.781120738450824
4596500	 38.780126251632566
4597000	 38.78249134797466
4597500	 38.77981371866295
4598000	 38.77944600387318
4598500	 38.78134859331143
4599000	 38.78242896305644
4599500	 38.780917574887425
4600000	 38.77935834692768
4600500	 38.77937754192131
4601000	 38.778193363197495
4601500	 38.77913069948468
4602000	 38.77738162528806
4602500	 38.77747103449775
4603000	 38.78015433105097
4603500	 38.77700265136698
4604000	 38.77623258947003
4604500	 38.7766865833786
4605000	 38.77323282790981
4605500	 38.77514227377384
4606000	 38.77378651319361
4606500	 38.774587938934616
4607000	 38.77517208433761
4607500	 38.7737901387351
4608000	 38.77504233424515
4608500	 38.774963098029
4609000	 38.772419480857714
4609500	 38.76987674681017
4610000	 38.76873508353222
4610500	 38.76794081916001
4611000	 38.77045055207271
4611500	 38.76709030970764
4612000	 38.766963762930196
4612500	 38.77078047405287
4613000	 38.7699646566491
4613500	 38.76969105691057
4614000	 38.770079559496196
4614500	 38.77217549640163
4615000	 38.77043282255792
4615500	 38.77056605409154
4616000	 38.77422850208045
4616500	 38.7769639180843
4617000	 38.779487290614775
4617500	 38.77907782977986
4618000	 38.78091214386307
4618500	 38.780507354693356
4619000	 38.78029761517968
4619500	 38.78120939097288
4620000	 38.78080471220061
4620500	 38.779105770271734
4621000	 38.77997402035073
4621500	 38.78133523834264
4622000	 38.77903553958703
4622500	 38.78050469635978
4623000	 38.78209872535653
4623500	 38.78253343142771
4624000	 38.78414868987602
4624500	 38.78380424905889
4625000	 38.78539286950502
4625500	 38.78369492331985
4626000	 38.783074161385905
4626500	 38.786262678691145
4627000	 38.782455457533295
4627500	 38.78355530571651
4628000	 38.78391992390176
4628500	 38.78293668806606
4629000	 38.78192742440943
4629500	 38.78424931382507
4630000	 38.7873057722646
4630500	 38.78829656200705
4631000	 38.79117958469284
4631500	 38.78819106876661
4632000	 38.78685762426285
4632500	 38.790296798721215
4633000	 38.79023305038986
4633500	 38.793606911447085
4634000	 38.796937431157
4634500	 38.79674340258282
4635000	 38.79714964370546
4635500	 38.79637266544316
4636000	 38.79759925732421
4636500	 38.79661090124123
4637000	 38.79993955877909
4637500	 38.800630247566424
4638000	 38.79938278265749
4638500	 38.798778645720944
4639000	 38.79937858714884
4639500	 38.80120390946946
4640000	 38.802726958923024
4640500	 38.80330485805505
4641000	 38.80607446395444
4641500	 38.80802829964841
4642000	 38.810171904320256
4642500	 38.80989044168392
4643000	 38.80529561429989
4643500	 38.80505788758813
4644000	 38.80591545044948
4644500	 38.808122615275174
4645000	 38.807138546426415
4645500	 38.80598237182941
4646000	 38.80604637131529
4646500	 38.8088086362559
4647000	 38.80893695867626
4647500	 38.806535694282886
4648000	 38.806151460325665
4648500	 38.80475934101432
4649000	 38.80291546445028
4649500	 38.80261373178031
4650000	 38.79837702871411
4650500	 38.79995695221696
4651000	 38.80141187611648
4651500	 38.80166569823746
4652000	 38.798433600137706
4652500	 38.79834771196833
4653000	 38.79311308986106
4653500	 38.79112726334351
4654000	 38.79457239317893
4654500	 38.79348083166699
4655000	 38.791792071545274
4655500	 38.79223989681857
4656000	 38.79424788272215
4656500	 38.79534023986588
4657000	 38.79553416002235
4657500	 38.797116087162074
4658000	 38.79320642832589
4658500	 38.79019612055077
4659000	 38.790046823317155
4659500	 38.787591805179744
4660000	 38.79134991195293
4660500	 38.79103323885597
4661000	 38.789969728847765
4661500	 38.79157185178824
4662000	 38.793152302243215
4662500	 38.78962956603855
4663000	 38.79372880628407
4663500	 38.7933432047898
4664000	 38.79637339055794
4664500	 38.795687158030255
4665000	 38.7951600446237
4665500	 38.79727555507884
4666000	 38.792304722686914
4666500	 38.78968134837243
4667000	 38.79065977657225
4667500	 38.7923286378937
4668000	 38.79386416259326
4668500	 38.793526259378346
4669000	 38.79594023964161
4669500	 38.79412773253322
4670000	 38.79596253991385
4670500	 38.797565731673345
4671000	 38.79685893040795
4671500	 38.79730482474933
4672000	 38.79219054554801
4672500	 38.793638894838296
4673000	 38.794406133550346
4673500	 38.79306209850107
4674000	 38.79508810997152
4674500	 38.79715233914998
4675000	 38.79926780706074
4675500	 38.79869420956866
4676000	 38.79907532267386
4676500	 38.79799255232633
4677000	 38.79976032014381
4677500	 38.797928791509754
4678000	 38.79867782032905
4678500	 38.79825443343958
4679000	 38.800106951871655
4679500	 38.79966207545556
4680000	 38.80091533180778
4680500	 38.80301961035906
4681000	 38.79470241149307
4681500	 38.79200153898769
4682000	 38.792344354442285
4682500	 38.79326409368723
4683000	 38.79336723791615
4683500	 38.788758572069476
4684000	 38.78861024479856
4684500	 38.78741536555672
4685000	 38.785781403493786
4685500	 38.78408387248308
4686000	 38.78435851997352
4686500	 38.78308391862178
4687000	 38.781574846848386
4687500	 38.782677367028086
4688000	 38.78227837295659
4688500	 38.7830271216098
4689000	 38.78129333703143
4689500	 38.77857417125304
4690000	 38.77558811610894
4690500	 38.77732992109192
4691000	 38.77684663937223
4691500	 38.77523825768075
4692000	 38.77617413179269
4692500	 38.775537175989086
4693000	 38.77149798606227
4693500	 38.76798346543936
4694000	 38.76497656582872
4694500	 38.76601410220906
4695000	 38.76648135131105
4695500	 38.76553148893574
4696000	 38.76792673836652
4696500	 38.766305389349064
4697000	 38.766713507068644
4697500	 38.768665772497926
4698000	 38.76812056964046
4698500	 38.76446676740375
4699000	 38.76203851473561
4699500	 38.76529917439782
4700000	 38.76413769626824
4700500	 38.765280289330924
4701000	 38.76437429537768
4701500	 38.76695807542595
4702000	 38.76315845437339
4702500	 38.7607322829623
4703000	 38.7606777643132
4703500	 38.75899158234844
4704000	 38.75625358638131
4704500	 38.7520982512802
4705000	 38.75429724848614
4705500	 38.75199694085656
4706000	 38.75466287122403
4706500	 38.75574059519511
4707000	 38.755787774521046
4707500	 38.75745476170249
4708000	 38.75752813760884
4708500	 38.75670453338996
4709000	 38.7549148656108
4709500	 38.75474982486679
4710000	 38.75519517734712
4710500	 38.75726444930274
4711000	 38.758871720859155
4711500	 38.761030582143086
4712000	 38.764033021370516
4712500	 38.764859416445624
4713000	 38.76307470349861
4713500	 38.76392218427138
4714000	 38.76272193114566
4714500	 38.7631874774641
4715000	 38.76376399728537
4715500	 38.76450504707778
4716000	 38.767059671741805
4716500	 38.768410339051336
4717000	 38.76875291523555
4717500	 38.76753651453162
4718000	 38.77120871666596
4718500	 38.770665536244174
4719000	 38.77186698599072
4719500	 38.77509325194981
4720000	 38.77573163237195
4720500	 38.77392151877278
4721000	 38.773357061141475
4721500	 38.776057113803915
4722000	 38.77985382904353
4722500	 38.780846872418394
4723000	 38.78297890366856
4723500	 38.784162148424265
4724000	 38.785472257518
4724500	 38.78352283554596
4725000	 38.783566922132366
4725500	 38.78325112724656
4726000	 38.78453494771602
4726500	 38.78672875436554
4727000	 38.7820336472331
4727500	 38.78298313548742
4728000	 38.78466844399306
4728500	 38.780943919104736
4729000	 38.77911502178603
4729500	 38.77985279810499
4730000	 38.78204504599768
4730500	 38.78415242767721
4731000	 38.78419639270082
4731500	 38.78394435282676
4732000	 38.7794876130887
4732500	 38.77772846394454
4733000	 38.779205409974644
4733500	 38.78031823848868
4734000	 38.7807006423259
4734500	 38.77918620864495
4735000	 38.780979340065066
4735500	 38.779490970535434
4736000	 38.77827289814365
4736500	 38.780605241484174
4737000	 38.781590505954895
4737500	 38.78037245048773
4738000	 38.77823516993878
4738500	 38.77492612916843
4739000	 38.773899463976704
4739500	 38.77491031863262
4740000	 38.77697128267888
4740500	 38.77858891045658
4741000	 38.77909282700422
4741500	 38.77831920010125
4742000	 38.7808808639892
4742500	 38.779891590913884
4743000	 38.77956093549
4743500	 38.77705153074133
4744000	 38.772971605640926
4744500	 38.771281640567366
4745000	 38.77128466661047
4745500	 38.7705128745417
4746000	 38.76932476561677
4746500	 38.76924373288393
4747000	 38.76514321819714
4747500	 38.76504654003285
4748000	 38.75992673375721
4748500	 38.76144162351059
4749000	 38.75621408877571
4749500	 38.757718615174156
4750000	 38.75527639248364
4750500	 38.75741699280394
4751000	 38.75641160505775
4751500	 38.75373903531837
4752000	 38.751903419846045
4752500	 38.74611518809008
4753000	 38.7473086627418
4753500	 38.746951475906144
4754000	 38.74395140100477
4754500	 38.74522868673281
4755000	 38.74433072024548
4755500	 38.746800327848185
4756000	 38.748140209305255
4756500	 38.74970580818694
4757000	 38.744333102245754
4757500	 38.74370877620468
4758000	 38.742942955557425
4758500	 38.744471280058804
4759000	 38.74272395111503
4759500	 38.742834946563924
4760000	 38.74275697010413
4760500	 38.741556287915365
4761000	 38.74294230002309
4761500	 38.74090241343127
4762000	 38.74255555788723
4762500	 38.73974528440444
4763000	 38.74029161858806
4763500	 38.74160862633213
4764000	 38.74142596438235
4764500	 38.739812503932384
4765000	 38.73986621091702
4765500	 38.74176976305305
4766000	 38.74116783729951
4766500	 38.741420155558814
4767000	 38.740383607588306
4767500	 38.74099226561026
4768000	 38.740668552865976
4768500	 38.74188478383872
4769000	 38.74384979673945
4769500	 38.74337377165965
4770000	 38.74587776823315
4770500	 38.74384112619407
4771000	 38.74459572685379
4771500	 38.74169092546441
4772000	 38.74300552856425
4772500	 38.74061976549414
4773000	 38.73889924006113
4773500	 38.73766065223762
4774000	 38.73629133528673
4774500	 38.7384370683521
4775000	 38.74014858219106
4775500	 38.74319375562391
4776000	 38.74363910277871
4776500	 38.74374960771596
4777000	 38.74383381100814
4777500	 38.744916743368755
4778000	 38.7449852538225
4778500	 38.74272748185792
4779000	 38.7424461033394
4779500	 38.73811514822093
4780000	 38.738785066265315
4780500	 38.73928765519836
4781000	 38.740730677590605
4781500	 38.7423352630149
4782000	 38.73913951981946
4782500	 38.736942169480194
4783000	 38.73734567256471
4783500	 38.73721148825065
4784000	 38.736800334168755
4784500	 38.73817976777212
4785000	 38.74013281543666
4785500	 38.7421328488797
4786000	 38.74338629862402
4786500	 38.74363738856296
4787000	 38.74484342379958
4787500	 38.742939445175026
4788000	 38.74224114540939
4788500	 38.7427426591815
4789000	 38.74492372545337
4789500	 38.746671674804894
4790000	 38.74777256129369
4790500	 38.747882328395576
4791000	 38.75013560312096
4791500	 38.75062058032083
4792000	 38.75145485263751
4792500	 38.75222641666841
4793000	 38.755860515558524
4793500	 38.75519779784372
4794000	 38.752919099249375
4794500	 38.75536883365998
4795000	 38.755232655103406
4795500	 38.757327496351884
4796000	 38.75584134064239
4796500	 38.7568204080782
4797000	 38.75705414079106
4797500	 38.75660526754459
4798000	 38.75335930501448
4798500	 38.74974485013851
4799000	 38.751572458033074
4799500	 38.753582139286905
4800000	 38.753993211020635
4800500	 38.7531650841246
4801000	 38.75442979990422
4801500	 38.751576975122305
4802000	 38.75037988384921
4802500	 38.75094700911627
4803000	 38.75180020811654
4803500	 38.74864229384715
4804000	 38.74835635818908
4804500	 38.74652077135903
4805000	 38.74896511555343
4805500	 38.747566555740434
4806000	 38.74759280440886
4806500	 38.7463350730906
4807000	 38.746569361277444
4807500	 38.74735966735967
4808000	 38.74777040932998
4808500	 38.746720987756966
4809000	 38.748607416029266
4809500	 38.74861275640626
4810000	 38.74719474690383
4810500	 38.74957403482525
4811000	 38.750077912364176
4811500	 38.75324108701072
4812000	 38.751760526807786
4812500	 38.74618899273105
4813000	 38.74823998504766
4813500	 38.74502719986712
4814000	 38.74692716551782
4814500	 38.748785450317655
4815000	 38.74836004317861
4815500	 38.747026712883205
4816000	 38.75020755500208
4816500	 38.748334613069915
4817000	 38.74879648074369
4817500	 38.75074177819276
4818000	 38.7503734439834
4818500	 38.75265024998444
4819000	 38.75119269861025
4819500	 38.750352580056415
4820000	 38.74967856994733
4820500	 38.752135865958856
4821000	 38.75098486419241
4821500	 38.75294410349975
4822000	 38.751756877215534
4822500	 38.752150571067304
4823000	 38.747968996103786
4823500	 38.747482282730324
4824000	 38.74650367761318
4824500	 38.74670091773529
4825000	 38.74694976696012
4825500	 38.74714167357084
4826000	 38.74813602849805
4826500	 38.74857107355865
4827000	 38.750181193182996
4827500	 38.748887094436505
4828000	 38.74883547605739
4828500	 38.74962220796158
4829000	 38.75114883046988
4829500	 38.751547138569805
4830000	 38.75171771523179
4830500	 38.75100360054629
4831000	 38.74932759548144
4831500	 38.74916733900164
4832000	 38.74615289153636
4832500	 38.74910031023785
4833000	 38.749395098748835
4833500	 38.75284872298625
4834000	 38.748966173186666
4834500	 38.74745198569391
4835000	 38.74837722743623
4835500	 38.74825854192935
4836000	 38.74970030176512
4836500	 38.749808832951
4837000	 38.74862066827847
4837500	 38.749116680786
4838000	 38.747577629485775
4838500	 38.74941123001281
4839000	 38.748817417529075
4839500	 38.745843573803675
4840000	 38.74685583297193
4840500	 38.7482602680323
4841000	 38.74798174798175
4841500	 38.747187183880754
4842000	 38.74639281659614
4842500	 38.74754896901897
4843000	 38.74880293899117
4843500	 38.75013930450934
4844000	 38.75245583622255
4844500	 38.752357565877716
4845000	 38.75104710421524
4845500	 38.74742661468325
4846000	 38.75126861669211
4846500	 38.75219158020668
4847000	 38.753243271114776
4847500	 38.753165601154876
4848000	 38.7527475926346
4848500	 38.7540618556701
4849000	 38.752164591407606
4849500	 38.75172115265696
4850000	 38.75567877313765
4850500	 38.757873691153435
4851000	 38.757177304672204
4851500	 38.75890281098013
4852000	 38.761937145801134
4852500	 38.76486831801508
4853000	 38.767716941084345
4853500	 38.767802686887
4854000	 38.76527059599102
4854500	 38.76559892882892
4855000	 38.76187828236021
4855500	 38.75915820686531
4856000	 38.760125187884775
4856500	 38.76143710109121
4857000	 38.76037549407115
4857500	 38.75936522311872
4858000	 38.759348823807855
4858500	 38.759188377165906
4859000	 38.757396814945885
4859500	 38.75656771379786
4860000	 38.75668003702561
4860500	 38.75811427866223
4861000	 38.759141952202704
4861500	 38.756225452900416
4862000	 38.755577029833255
4862500	 38.756990131578945
4863000	 38.755910043991285
4863500	 38.75638232271326
4864000	 38.75256376004439
4864500	 38.756206329634196
4865000	 38.75537838781926
4865500	 38.75305598356446
4866000	 38.75249070479242
4866500	 38.75243396458941
4867000	 38.749235034397785
4867500	 38.74650952693824
4868000	 38.74816761451126
4868500	 38.75102652541677
4869000	 38.753295011291314
4869500	 38.7566463427152
4870000	 38.75683553657936
4870500	 38.75596740758984
4871000	 38.75610006361715
4871500	 38.754026714816256
4872000	 38.75120009846962
4872500	 38.746395389379984
4873000	 38.74622152041507
4873500	 38.74654992105317
4874000	 38.74467954237914
4874500	 38.74358343583436
4875000	 38.7408584078052
4875500	 38.74132524440983
4876000	 38.74053201082056
4876500	 38.74051229508197
4877000	 38.74055405294648
4877500	 38.740785510868896
4878000	 38.73986970950957
4878500	 38.741319622262736
4879000	 38.74512977036688
4879500	 38.74816665983858
4880000	 38.750819336337564
4880500	 38.74985151657894
4881000	 38.74872015399107
4881500	 38.7481162981163
4882000	 38.74712361298776
4882500	 38.746601981495125
4883000	 38.74845972776584
4883500	 38.748147844951085
4884000	 38.749820935229714
4884500	 38.750757141687814
4885000	 38.748398976982095
4885500	 38.747228018493516
4886000	 38.74428831482277
4886500	 38.74307742647961
4887000	 38.74285831135104
4887500	 38.744361517227276
4888000	 38.74455121652014
4888500	 38.74575786073517
4889000	 38.74785861765848
4889500	 38.7463769597122
4890000	 38.74651024954526
4890500	 38.74760892667375
4891000	 38.74654161302846
4891500	 38.74589326577313
4892000	 38.74679251450519
4892500	 38.74810017976794
4893000	 38.749908076970215
4893500	 38.74879493464052
4894000	 38.74804966711596
4894500	 38.74752404484287
4895000	 38.747708014293
4895500	 38.74706518854249
4896000	 38.74838722848277
4896500	 38.75012247897444
4897000	 38.75326610598514
4897500	 38.75339334190598
4898000	 38.750316313619855
4898500	 38.7455368983739
4899000	 38.74664408992615
4899500	 38.74780196242427
4900000	 38.747562517847676
4900500	 38.744876108901806
4901000	 38.74334244117287
4901500	 38.745779300220214
4902000	 38.74503567787971
4902500	 38.743074382860755
4903000	 38.74487861554455
4903500	 38.74417609293794
4904000	 38.74683079933151
4904500	 38.743754330195216
4905000	 38.74035816881609
4905500	 38.74374541602151
4906000	 38.74644501487186
4906500	 38.74875733376793
4907000	 38.7515787329395
4907500	 38.75283645326218
4908000	 38.75350836099965
4908500	 38.75430235636749
4909000	 38.75485184808064
4909500	 38.755304418652
4910000	 38.75297758413584
4910500	 38.75360843631034
4911000	 38.7560613154734
4911500	 38.754203134541015
4912000	 38.75678261046547
4912500	 38.7589905362776
4913000	 38.7564454754492
4913500	 38.75823057827697
4914000	 38.75582862025471
4914500	 38.75700801497213
4915000	 38.75626474656253
4915500	 38.7532182295162
4916000	 38.75631431244153
4916500	 38.75571370475803
4917000	 38.757761828274
4917500	 38.760455423401446
4918000	 38.760769246406866
4918500	 38.762211606870615
4919000	 38.763165918006464
4919500	 38.760725100087384
4920000	 38.7612883560252
4920500	 38.75568331877374
4921000	 38.75449430213898
4921500	 38.754437990006906
4922000	 38.7551687720866
4922500	 38.75727544119738
4923000	 38.759381853626834
4923500	 38.75698942196414
4924000	 38.75786182674544
4924500	 38.7569120214364
4925000	 38.75830711458439
4925500	 38.75988471218641
4926000	 38.759645241816
4926500	 38.759030032467535
4927000	 38.757299084951406
4927500	 38.75637514454385
4928000	 38.75774910743265
4928500	 38.7583569979716
4929000	 38.75823952945949
4929500	 38.76003407224126
4930000	 38.75988076166528
4930500	 38.76115741022365
4931000	 38.75888494678155
4931500	 38.753673713440214
4932000	 38.75522902310499
4932500	 38.75334360055119
4933000	 38.753404117361
4933500	 38.75392564076588
4934000	 38.755799582632655
4934500	 38.756913352646826
4935000	 38.75816384409691
4935500	 38.76030546721494
4936000	 38.76037025034432
4936500	 38.760511179520414
4937000	 38.759826653976226
4937500	 38.7592232616531
4938000	 38.756286188605905
4938500	 38.7556833134274
4939000	 38.75244899611399
4939500	 38.7527168963633
4940000	 38.75024787033852
4940500	 38.75222062602432
4941000	 38.752564387885165
4941500	 38.754096702407445
4942000	 38.755067362544
4942500	 38.754363963672404
4943000	 38.75153194329282
4943500	 38.74693167802333
4944000	 38.74601217071346
4944500	 38.74714456102048
4945000	 38.74433552299141
4945500	 38.74527558259393
4946000	 38.74287157724563
4946500	 38.74261466963023
4947000	 38.74543360543118
4947500	 38.743550374755046
4948000	 38.74664646464647
4948500	 38.746752853247145
4949000	 38.74734397091497
4949500	 38.74674852572906
4950000	 38.74713247172859
4950500	 38.74643109540636
4951000	 38.74573499424603
4951500	 38.743676699166315
4952000	 38.74650787242632
4952500	 38.74388471784936
4953000	 38.74220563010796
4953500	 38.73946816237592
4954000	 38.739817224474976
4954500	 38.74026707548312
4955000	 38.74121586187422
4955500	 38.74062197483059
4956000	 38.742926288191995
4956500	 38.742513762577886
4957000	 38.74371899826592
4957500	 38.744727609984274
4958000	 38.746577689965925
4958500	 38.747641319248444
4959000	 38.74554030356171
4959500	 38.742397065640176
4960000	 38.74452863649188
4960500	 38.7432146527232
4961000	 38.741342143965184
4961500	 38.7417457343728
4962000	 38.741469604802
4962500	 38.74241173034704
4963000	 38.74566473988439
4963500	 38.74680791074233
4964000	 38.744648718310145
4964500	 38.744473080175574
4965000	 38.74497684719147
4965500	 38.746381333923864
4966000	 38.74586336003865
4966500	 38.74746885127111
4967000	 38.75051326436134
4967500	 38.750015094491516
4968000	 38.75120243102373
4968500	 38.7516299098519
4969000	 38.75199195171026
4969500	 38.75265074542784
4970000	 38.754174546332436
4970500	 38.75477771072219
4971000	 38.75210684044329
4971500	 38.75340895378304
4972000	 38.754192977516794
4972500	 38.754579638454885
4973000	 38.7558057705841
4973500	 38.75689585846401
4974000	 38.75856384689611
4974500	 38.759889844817884
4975000	 38.75720487157844
4975500	 38.75910853881554
4976000	 38.75830888558453
4976500	 38.75843362600711
4977000	 38.758694123556005
4977500	 38.755262735015265
4978000	 38.7559050373584
4978500	 38.75520655513827
4979000	 38.753815261044174
4979500	 38.75253985463599
4980000	 38.75357867052139
4980500	 38.75302619692864
4981000	 38.7524186102525
4981500	 38.75094824299103
4982000	 38.7518462032429
4982500	 38.75015048757976
4983000	 38.75406316465348
4983500	 38.7570978550934
4984000	 38.75658541478584
4984500	 38.75752773375594
4985000	 38.75802860409604
4985500	 38.75705976734858
4986000	 38.75748034654259
4986500	 38.756105875275715
4987000	 38.756862430573655
4987500	 38.75566871829828
4988000	 38.75712681929353
4988500	 38.75906585145835
4989000	 38.75715545578449
4989500	 38.76054757180366
4990000	 38.76316738816739
4990500	 38.76430389386561
4991000	 38.765805662986196
4991500	 38.766926483258864
4992000	 38.76672944382113
4992500	 38.768201306246745
4993000	 38.77031872909029
4993500	 38.77133413461539
4994000	 38.77191787681522
4994500	 38.769951735325336
4995000	 38.76873786018943
4995500	 38.77151038225106
4996000	 38.77073698120007
4996500	 38.76894743163711
4997000	 38.77082290770062
4997500	 38.77196213046176
4998000	 38.77071325648415
4998500	 38.76872436218109
4999000	 38.769063006462716
4999500	 38.7658037929103
5000000	 38.766462634021444
5000500	 38.76547061882475
5001000	 38.76481881449484
5001500	 38.7652222599932
5002000	 38.766931275119475
5002500	 38.76603954655417
5003000	 38.762148439842484
5003500	 38.76300693569986
5004000	 38.763945238333164
5004500	 38.76315894648495
5005000	 38.761968510230176
5005500	 38.76006392967736
5006000	 38.76240610516222
5006500	 38.76266480223732
5007000	 38.75986658144923
5007500	 38.75939128871847
5008000	 38.7626712465551
5008500	 38.76492202008906
5009000	 38.76591921087838
5009500	 38.76755051513457
5010000	 38.7694012418392
5010500	 38.771351567179074
5011000	 38.77072021718301
5011500	 38.77077844311377
5012000	 38.771375538879134
5012500	 38.770509468978865
5013000	 38.76931979168745
5013500	 38.77012090499182
5014000	 38.76881645354984
5014500	 38.76862471327416
5015000	 38.7674557747153
5015500	 38.766486529602965
5016000	 38.76587641816043
5016500	 38.76374075476964
5017000	 38.763410209898936
5017500	 38.76068239795919
5018000	 38.76022797473147
5018500	 38.761243399422135
5019000	 38.76387837245447
5019500	 38.76198350400446
5020000	 38.76391019383629
5020500	 38.76211532715865
5021000	 38.761880103565026
5021500	 38.765170978470856
5022000	 38.767669726963135
5022500	 38.766303590274596
5023000	 38.76919553962565
5023500	 38.77191270757835
5024000	 38.77345943255351
5024500	 38.77175903806339
5025000	 38.77069150841992
5025500	 38.76794172670461
5026000	 38.766979085825724
5026500	 38.769077703711076
5027000	 38.7674538906906
5027500	 38.768327862329656
5028000	 38.77084369467046
5028500	 38.77136378103119
5029000	 38.77280954748881
5029500	 38.77455348263654
5030000	 38.77356164111131
5030500	 38.77363931035854
5031000	 38.76962840726087
5031500	 38.76660371732432
5032000	 38.768779692686905
5032500	 38.77032399125422
5033000	 38.76608175513205
5033500	 38.765453931289365
5034000	 38.76613287769212
5034500	 38.766747457088364
5035000	 38.76298017717396
5035500	 38.75915481769799
5036000	 38.75988880063542
5036500	 38.758691206543965
5037000	 38.75858098584559
5037500	 38.76065983801811
5038000	 38.76103612544661
5038500	 38.756419924588215
5039000	 38.75806643648053
5039500	 38.75870074209294
5040000	 38.757539084199664
5040500	 38.75587161786876
5041000	 38.75786487880351
5041500	 38.76031418597271
5042000	 38.759802463259355
5042500	 38.760004759449494
5043000	 38.76129288122149
5043500	 38.75593751239047
5044000	 38.75606081630226
5044500	 38.75468257586268
5045000	 38.75545514002022
5045500	 38.75536531716307
5046000	 38.75448294992966
5046500	 38.75740043590252
5047000	 38.753560886705365
5047500	 38.7538824181919
5048000	 38.75225778341123
5048500	 38.753223091395185
5049000	 38.75253955367221
5049500	 38.75351443392864
5050000	 38.75434567412393
5050500	 38.755726248688454
5051000	 38.75512183534908
5051500	 38.754002968827315
5052000	 38.75479912923016
5052500	 38.75307689263524
5053000	 38.75250776566488
5053500	 38.751938751285905
5054000	 38.749901099770554
5054500	 38.75181471152515
5055000	 38.7488777709664
5055500	 38.75092936802974
5056000	 38.74928329939303
5056500	 38.7504645921474
5057000	 38.751878064210025
5057500	 38.75321235124343
5058000	 38.75304395951929
5058500	 38.75469908093685
5059000	 38.75625037057533
5059500	 38.75857230380047
5060000	 38.75682725368534
5060500	 38.75535929504277
5061000	 38.7564801643749
5061500	 38.75721058870012
5062000	 38.75595543791727
5062500	 38.75568327704371
5063000	 38.75730226128172
5063500	 38.75838780386658
5064000	 38.76110266384945
5064500	 38.76360010267954
5065000	 38.766196070688125
5065500	 38.76710300302079
5066000	 38.765728950745235
5066500	 38.76392562472859
5067000	 38.76192543764432
5067500	 38.76442146395374
5068000	 38.761641673243886
5068500	 38.7618380554021
5069000	 38.76387957226848
5069500	 38.762846941392304
5070000	 38.76437983272842
5070500	 38.76179394130641
5071000	 38.76232547132602
5071500	 38.76238834223966
5072000	 38.76290001380208
5072500	 38.761962029059795
5073000	 38.76145794318831
5073500	 38.76159971616667
5074000	 38.76240687453191
5074500	 38.76262267943715
5075000	 38.76098051193127
5075500	 38.76164955766161
5076000	 38.7604609929078
5076500	 38.76440110323089
5077000	 38.76473485146955
5077500	 38.76399448493205
5078000	 38.76309673861667
5078500	 38.7641591177629
5079000	 38.76347812389241
5079500	 38.76502786036347
5080000	 38.76686814593137
5080500	 38.76601441001614
5081000	 38.767484892029685
5081500	 38.76754714010156
5082000	 38.76539929940567
5082500	 38.76362133763602
5083000	 38.76555890049781
5083500	 38.7678550348247
5084000	 38.76674601144926
5084500	 38.76651783079919
5085000	 38.762709197820996
5085500	 38.76433108493442
5086000	 38.76620848327532
5086500	 38.766251130598924
5087000	 38.7662347875666
5087500	 38.76597208570867
5088000	 38.763394787530956
5088500	 38.76472553605472
5089000	 38.76666535649713
5089500	 38.7647717671101
5090000	 38.76479487582521
5090500	 38.76634118548498
5091000	 38.76583832629408
5091500	 38.76754144731673
5092000	 38.767564276314495
5092500	 38.76891350459581
5093000	 38.76925040749396
5093500	 38.76823688809473
5094000	 38.7707200219914
5094500	 38.773045885609946
5095000	 38.772400659651325
5095500	 38.77422014566442
5096000	 38.776196458717756
5096500	 38.77309126594701
5097000	 38.77315278186635
5097500	 38.77333647298915
5098000	 38.77168474955365
5098500	 38.769675925925924
5099000	 38.77199968613912
5099500	 38.77219857599592
5100000	 38.76927753373078
5100500	 38.7702172719429
5101000	 38.77107843137255
5101500	 38.769070911835634
5102000	 38.769931975456274
5102500	 38.77069489365873
5103000	 38.76691817736404
5103500	 38.76840166183272
5104000	 38.76869415268851
5104500	 38.767040890299576
5105000	 38.76815626040789
5105500	 38.76617500146912
5106000	 38.7666438154931
5106500	 38.765344091496615
5107000	 38.76489709597196
5107500	 38.76447437980929
5108000	 38.76445827949411
5108500	 38.764735822093456
5109000	 38.763784767758224
5109500	 38.76091040745234
5110000	 38.76017532874139
5110500	 38.76000313056409
5111000	 38.7612936043668
5111500	 38.760676069563175
5112000	 38.75692855326722
5112500	 38.756795869675756
5113000	 38.756140007821664
5113500	 38.75561638478835
5114000	 38.758167634465366
5114500	 38.76080708545956
5115000	 38.761412289104804
5115500	 38.764153894275886
5116000	 38.76499335366331
5116500	 38.76397005648613
5117000	 38.764144858991145
5117500	 38.762535662641184
5118000	 38.76015473887814
5118500	 38.76248901045228
5119000	 38.7592147670671
5119500	 38.75904296875
5120000	 38.75543839093927
5120500	 38.75750297775955
5121000	 38.756984712704266
5121500	 38.7581750385569
5122000	 38.759638471899585
5122500	 38.761970758749925
5123000	 38.76193543350119
5123500	 38.759674492125754
5124000	 38.759927410385
5124500	 38.76345932444826
5125000	 38.7629165691095
5125500	 38.76066641955559
5126000	 38.76080213799426
5126500	 38.76037684325505
5127000	 38.76103916367608
5127500	 38.76368139797948
5128000	 38.76184626184626
5128500	 38.761079373744856
5129000	 38.76239959447867
5129500	 38.7622083162758
5130000	 38.75883912212996
5130500	 38.75774170288231
5131000	 38.759003039987526
5131500	 38.757633030025524
5132000	 38.7596344932393
5132500	 38.75785557049072
5133000	 38.756914686404365
5133500	 38.753821885528446
5134000	 38.753071755427904
5134500	 38.7550722380155
5135000	 38.75612320392508
5135500	 38.756185878092936
5136000	 38.75884288189375
5136500	 38.76072102937455
5137000	 38.76142092457421
5137500	 38.75747786318965
5138000	 38.759223943333076
5138500	 38.75921313772036
5139000	 38.757130072759814
5139500	 38.75773256040151
5140000	 38.75727456624912
5140500	 38.75959855292333
5141000	 38.76116384004979
5141500	 38.76072498152542
5142000	 38.762985434533185
5142500	 38.76326125845843
5143000	 38.76214639836687
5143500	 38.76101240231717
5144000	 38.760612657440525
5144500	 38.7623175448485
5145000	 38.761412441455974
5145500	 38.76105627234572
5146000	 38.76031163179266
5146500	 38.760218354184474
5147000	 38.75962005400051
5147500	 38.75944917064833
5148000	 38.75939484570119
5148500	 38.76169576447284
5149000	 38.75863541929596
5149500	 38.75342625305742
5150000	 38.75529932448171
5150500	 38.75578890161294
5151000	 38.75442001280882
5151500	 38.754637894900256
5152000	 38.755641796837104
5152500	 38.756495081394675
5153000	 38.757833265428864
5153500	 38.75781795607977
5154000	 38.75691507933429
5154500	 38.758733052737746
5155000	 38.76045384018619
5155500	 38.763949496712634
5156000	 38.76439445360225
5156500	 38.765513496742166
5157000	 38.76466824368868
5157500	 38.7653844662453
5158000	 38.76498071069926
5158500	 38.76544478260027
5159000	 38.76712541190153
5159500	 38.76922778725384
5160000	 38.77060237227692
5160500	 38.76765817265769
5161000	 38.7688968978279
5161500	 38.770940303423686
5162000	 38.77043939863608
5162500	 38.769594358994226
5163000	 38.768899994189084
5163500	 38.76791974125075
5164000	 38.7681746001007
5164500	 38.767644496079
5165000	 38.768204611899556
5165500	 38.76970882056842
5166000	 38.77379385115775
5166500	 38.77435341489856
5167000	 38.769756324152745
5167500	 38.76800263193544
5168000	 38.768156046210116
5168500	 38.76952399380805
5169000	 38.76948824610622
5169500	 38.76906558328497
5170000	 38.769644446163966
5170500	 38.76872340425532
5171000	 38.77082124482612
5171500	 38.77213035489798
5172000	 38.773536009901754
5172500	 38.77544429618457
5173000	 38.77521898021927
5173500	 38.77536105794327
5174000	 38.77515513541727
5174500	 38.77498356979936
5175000	 38.77725374980671
5175500	 38.7785036432865
5176000	 38.77850572047001
5176500	 38.778870680992505
5177000	 38.77708864672695
5177500	 38.77622580271242
5178000	 38.77694284003323
5178500	 38.77909559775155
5179000	 38.77475859405176
5179500	 38.7744221522776
5180000	 38.77630816759992
5180500	 38.77555748624385
5181000	 38.77628479864087
5181500	 38.777301596494276
5182000	 38.77780137052408
5182500	 38.774732697726485
5183000	 38.776193141247084
5183500	 38.772377332278545
5184000	 38.77517943968511
5184500	 38.77476173939885
5185000	 38.77196535694308
5185500	 38.77275445059502
5186000	 38.77353905496625
5186500	 38.7754421152103
5187000	 38.775401585128336
5187500	 38.773218933770366
5188000	 38.77142251267519
5188500	 38.77073575049635
5189000	 38.767938019157015
5189500	 38.765396176969325
5190000	 38.76532244080075
5190500	 38.76651125154131
5191000	 38.7650979561172
5191500	 38.7671874097047
5192000	 38.76669427377261
5192500	 38.76780555448558
5193000	 38.77041445189123
5193500	 38.770990602372514
5194000	 38.770685306067435
5194500	 38.77089991913435
5195000	 38.77164914712564
5195500	 38.77017402017402
5196000	 38.77101940252541
5196500	 38.77232658403264
5197000	 38.772098304497604
5197500	 38.773954544579794
5198000	 38.775618204560764
5198500	 38.775124588712934
5199000	 38.77416934413298
5199500	 38.77453733984841
5200000	 38.77530488977802
5200500	 38.77522600500096
5201000	 38.77589290866078
5201500	 38.77423511086325
5202000	 38.773058509104196
5202500	 38.774513573790664
5203000	 38.77459292154488
5203500	 38.77678245324004
5204000	 38.77745314752523
5204500	 38.773944961180725
5205000	 38.775249807840126
5205500	 38.77596310884811
5206000	 38.77606147934678
5206500	 38.770619645806924
5207000	 38.77159758767718
5207500	 38.77115861035893
5208000	 38.77064290652124
5208500	 38.7680669687428
5209000	 38.76959259685904
5209500	 38.77106051297804
5210000	 38.77375261571541
5210500	 38.77431182093907
5211000	 38.77314779270633
5211500	 38.771359484148306
5212000	 38.77014295308452
5212500	 38.76987279111265
5213000	 38.768791006407554
5213500	 38.76898582417372
5214000	 38.771200583123935
5214500	 38.772940003068896
5215000	 38.77355631844422
5215500	 38.77066155321189
5216000	 38.773412333179934
5216500	 38.77244579075519
5217000	 38.770050605735314
5217500	 38.76669797037009
5218000	 38.76992218942849
5218500	 38.77160269063452
5219000	 38.77141378913885
5219500	 38.7687090470169
5220000	 38.76608175931957
5220500	 38.76631038577941
5221000	 38.76524553742435
5221500	 38.7637641471495
5222000	 38.76247462949489
5222500	 38.761755245826315
5223000	 38.76031776416539
5223500	 38.76119745808131
5224000	 38.76223013321084
5224500	 38.75881204791611
5225000	 38.758624648412834
5225500	 38.759240835692964
5226000	 38.760196663605754
5226500	 38.761893830703016
5227000	 38.76226090283091
5227500	 38.762718996251245
5228000	 38.76331089351285
5228500	 38.76425142944562
5229000	 38.763418038585826
5229500	 38.76467439103667
5230000	 38.765567345378074
5230500	 38.766292607390696
5231000	 38.76777350843991
5231500	 38.76403807193915
5232000	 38.76447655085426
5232500	 38.762998490436246
5233000	 38.76425855513308
5233500	 38.76183471516448
5234000	 38.76031937042767
5234500	 38.76252506923885
5235000	 38.76176925574378
5235500	 38.75837772813198
5236000	 38.75819077440049
5236500	 38.7585048299034
5237000	 38.759134119803
5237500	 38.75940064897881
5238000	 38.75919457963546
5238500	 38.75660254942371
5239000	 38.75901614318971
5239500	 38.7585048940108
5240000	 38.757883892630254
5240500	 38.75515965360699
5241000	 38.75545002002632
5241500	 38.756212453513875
5242000	 38.75500552991877
5242500	 38.75378455672069
5243000	 38.75525222099363
5243500	 38.75476553564621
5244000	 38.75289700388809
5244500	 38.75305395155604
5245000	 38.75046682672154
5245500	 38.75040009144947
5246000	 38.746828450607644
5246500	 38.746400274264815
5247000	 38.74394424131627
5247500	 38.7444017061467
5248000	 38.74281253569933
5248500	 38.744326403168074
5249000	 38.74128642948242
5249500	 38.74054969736191
5250000	 38.74388549458497
5250500	 38.74290608050243
5251000	 38.7416844268534
5251500	 38.740838692492105
5252000	 38.74272287964689
5252500	 38.74291367043336
5253000	 38.74389849531092
5253500	 38.74284355682359
5254000	 38.73980678533394
5254500	 38.74225569056991
5255000	 38.74165763504649
5255500	 38.73969581749049
5256000	 38.739046134544836
5256500	 38.73910398965996
5257000	 38.73990801277178
5257500	 38.7395336462629
5258000	 38.73999543951659
5258500	 38.7407752232567
5259000	 38.74045787023844
5259500	 38.741726509365854
5260000	 38.74102919666432
5260500	 38.739900093069195
5261000	 38.73956889184313
5261500	 38.74197162770382
5262000	 38.74154038965478
5262500	 38.74347289471186
5263000	 38.74255282793188
5263500	 38.74248234490091
5264000	 38.74312344577535
5264500	 38.73803875424645
5265000	 38.73902152047671
5265500	 38.737253562551
5266000	 38.737913630843956
5266500	 38.738218107308185
5267000	 38.740808195788276
5267500	 38.74179045017358
5268000	 38.74102316053036
5268500	 38.739616128665176
5269000	 38.73924751573997
5269500	 38.73937198983655
5270000	 38.74135381114903
5270500	 38.73956812709728
5271000	 38.73822386503649
5271500	 38.73633038303357
5272000	 38.73450824332007
5272500	 38.73459024159166
5273000	 38.73794906775807
5273500	 38.73690392740087
5274000	 38.73494980109869
5274500	 38.73674041521443
5275000	 38.73352777409519
5275500	 38.733231072226644
5276000	 38.73558930465081
5276500	 38.73600696811331
5277000	 38.737314450166615
5277500	 38.7384274598156
5278000	 38.738844821384625
5278500	 38.73873703339138
5279000	 38.739419291338585
5279500	 38.73842688973845
5280000	 38.73670167470905
5280500	 38.73772446025469
5281000	 38.73729519052484
5281500	 38.737584895665826
5282000	 38.73843709210601
5282500	 38.73613133854098
5283000	 38.73503158213246
5283500	 38.73424854398306
5284000	 38.73085794229969
5284500	 38.72957032948337
5285000	 38.728731547810305
5285500	 38.72987224070154
5286000	 38.73173958234905
5286500	 38.73385237537322
5287000	 38.731625288138154
5287500	 38.7299982997374
5288000	 38.728112427041424
5288500	 38.726443424556635
5289000	 38.722831731404725
5289500	 38.720286981969224
5290000	 38.71916709142739
5290500	 38.720415290231244
5291000	 38.7193575176475
5291500	 38.71923301941986
5292000	 38.71684121143504
5292500	 38.715911020546784
5293000	 38.71818576307002
5293500	 38.71734988398197
5294000	 38.719050044328746
5294500	 38.71732775042909
5295000	 38.71486223999095
5295500	 38.7167776122499
5296000	 38.71638948599012
5296500	 38.716674836909384
5297000	 38.71816142229596
5297500	 38.716879052933194
5298000	 38.71667954686823
5298500	 38.71816571170084
5299000	 38.720998171777524
5299500	 38.72240859404448
5300000	 38.72222745689249
5300500	 38.720719023213746
5301000	 38.72100909998681
5301500	 38.72128028333522
5302000	 38.723142130545355
5302500	 38.72406193490054
5303000	 38.72197529004068
5303500	 38.72280080604155
5304000	 38.72357493926897
5304500	 38.72356330496347
5305000	 38.72409767853445
5305500	 38.72690815980721
5306000	 38.72573418674699
5306500	 38.726230588235296
5307000	 38.7255651126461
5307500	 38.72565255848091
5308000	 38.724968481267524
5308500	 38.72603770744741
5309000	 38.72604466519915
5309500	 38.725807058469414
5310000	 38.72465812689276
5310500	 38.72358472823021
5311000	 38.721815822630084
5311500	 38.722776931610916
5312000	 38.724183965102284
5312500	 38.72241544622211
5313000	 38.7233010621299
5313500	 38.71993233718636
5314000	 38.7198887448084
5314500	 38.71851100212338
5315000	 38.7175334435593
5315500	 38.71921617254725
5316000	 38.71922376059063
5316500	 38.71929297293236
5317000	 38.71900003756433
5317500	 38.71898886322234
5318000	 38.71778115786904
5318500	 38.71851587584731
5319000	 38.7186414584233
5319500	 38.7169754650748
5320000	 38.71613048537858
5320500	 38.71675237416013
5321000	 38.71461277186661
5321500	 38.71564212264505
5322000	 38.71434736111372
5322500	 38.712144518646355
5323000	 38.71118280376636
5323500	 38.70979539018398
5324000	 38.710679793717766
5324500	 38.710294393399586
5325000	 38.710026998650065
5325500	 38.71206269451423
5326000	 38.71199595073393
5326500	 38.709382965961915
5327000	 38.708296632245734
5327500	 38.709193808328024
5328000	 38.710414870891576
5328500	 38.710104738528415
5329000	 38.70712425769469
5329500	 38.707651962161655
5330000	 38.70849254514123
5330500	 38.70623817817481
5331000	 38.704834843831925
5331500	 38.705193978430195
5332000	 38.70659601954654
5332500	 38.70692301932005
5333000	 38.70601999176369
5333500	 38.7054727858052
5334000	 38.70438850940395
5334500	 38.7068884855063
5335000	 38.70765891356823
5335500	 38.70643815368496
5336000	 38.70733943237732
5336500	 38.70875893291428
5337000	 38.70951026974447
5337500	 38.707253207645984
5338000	 38.706687612208256
5338500	 38.70436229689049
5339000	 38.704595595109
5339500	 38.704754070778264
5340000	 38.70375355166741
5340500	 38.70168585526316
5341000	 38.70174553337819
5341500	 38.69921707121102
5342000	 38.69915175068196
5342500	 38.697141789650665
5343000	 38.698970728335794
5343500	 38.69850015876277
5344000	 38.69878978036755
5344500	 38.698412698412696
5345000	 38.69799835686011
5345500	 38.699858097763176
5346000	 38.699824502445765
5346500	 38.701982674930925
5347000	 38.701773380623486
5347500	 38.69973310438791
5348000	 38.69740230657261
5348500	 38.69835790259377
5349000	 38.699419700334
5349500	 38.70054294083624
5350000	 38.70257462686567
5350500	 38.702583714205765
5351000	 38.70509448392934
5351500	 38.706696511844804
5352000	 38.70765098668258
5352500	 38.707864749435835
5353000	 38.7043522040725
5353500	 38.7067631318876
5354000	 38.70451367526148
5354500	 38.704392080832186
5355000	 38.70412138609801
5355500	 38.70215264187867
5356000	 38.69579637772975
5356500	 38.697000186323834
5357000	 38.69878148755403
5357500	 38.69736768568714
5358000	 38.69945233039007
5358500	 38.70044331855605
5359000	 38.70126653008009
5359500	 38.70166126569077
5360000	 38.702931207866214
5360500	 38.70573008808358
5361000	 38.70672029495559
5361500	 38.70750553931517
5362000	 38.70114108076916
5362500	 38.69802717290155
5363000	 38.700843088719736
5363500	 38.70028099819491
5364000	 38.70042610200398
5364500	 38.701633609943066
5365000	 38.69970606838561
5365500	 38.699827005710674
5366000	 38.700978386220754
5366500	 38.701173582308854
5367000	 38.69897351978578
5367500	 38.69771117267538
5368000	 38.69710716144865
5368500	 38.69731558596074
5369000	 38.69597382802335
5369500	 38.69559318253629
5370000	 38.69464783497491
5370500	 38.6969263361332
5371000	 38.69726475397651
5371500	 38.69943700180234
5372000	 38.69998513674197
5372500	 38.70119640335885
5373000	 38.700783891221164
5373500	 38.70359431596545
5374000	 38.704080685005295
5374500	 38.702503435724104
5375000	 38.700282244587214
5375500	 38.70040846639436
5376000	 38.70148339305275
5376500	 38.701720841300194
5377000	 38.70277695277695
5377500	 38.70440286594647
5378000	 38.70699383770139
5378500	 38.70759094283593
5379000	 38.70903624519793
5379500	 38.70821503460817
5380000	 38.70791353557844
5380500	 38.70952539982931
5381000	 38.70883422380528
5381500	 38.70995028567189
5382000	 38.7073650240184
5382500	 38.70762782589344
5383000	 38.70675171991767
5383500	 38.708325607268684
5384000	 38.70798182998053
5384500	 38.70850945494995
5385000	 38.70737404070737
5385500	 38.70810009267841
5386000	 38.70827000778441
5386500	 38.707468495181615
5387000	 38.70849084574902
5387500	 38.709277548222126
5388000	 38.709508281765295
5388500	 38.711636437742
5389000	 38.710284528749256
5389500	 38.71421161825726
5390000	 38.71489960732014
5390500	 38.715518678347195
5391000	 38.71523546732347
5391500	 38.715293594800286
5392000	 38.71297119158705
5392500	 38.71145337751532
5393000	 38.710813712424105
5393500	 38.71164951506626
5394000	 38.71144094459044
5394500	 38.7122765461342
5395000	 38.71502063324636
5395500	 38.71567085468978
5396000	 38.7167782999667
5396500	 38.71753931544866
5397000	 38.717811158798284
5397500	 38.719441361450244
5398000	 38.721251132937496
5398500	 38.72135089147
5399000	 38.722901370420374
5399500	 38.71890832439629
5400000	 38.715645856057385
5400500	 38.713852637805466
5401000	 38.709623168049674
5401500	 38.709027071976344
5402000	 38.7083625882266
5402500	 38.70954809149023
5403000	 38.710585627193794
5403500	 38.70968099451392
5404000	 38.71023808204503
5404500	 38.70839720031764
5405000	 38.70679690529387
5405500	 38.70502547817739
5406000	 38.70404282813365
5406500	 38.70485841916787
5407000	 38.7013454404518
5407500	 38.698294951284325
5408000	 38.69917889104161
5408500	 38.6972307805841
5409000	 38.699105248593305
5409500	 38.69977310040768
5410000	 38.69578929895424
5410500	 38.6961861906167
5411000	 38.69400549480943
5411500	 38.691770214962574
5412000	 38.69234030786247
5412500	 38.69105286441053
5413000	 38.69122309053377
5413500	 38.69029321243619
5414000	 38.69110275689223
5414500	 38.69314684799233
5415000	 38.69077844311377
5415500	 38.692508935480305
5416000	 38.69140646587455
5416500	 38.69267609784851
5417000	 38.69427713617358
5417500	 38.69373434507146
5418000	 38.69386740331492
5418500	 38.694712999281805
5419000	 38.69388694531394
5419500	 38.69411201531833
5420000	 38.69522634805501
5420500	 38.694634146341464
5421000	 38.69369236715687
5421500	 38.69446949480077
5422000	 38.69564577275571
5422500	 38.69550816112471
5423000	 38.69362672946718
5423500	 38.69672885160246
5424000	 38.690216491621754
5424500	 38.69219592046939
5425000	 38.69238974509876
5425500	 38.69260192353666
5426000	 38.69199227728234
5426500	 38.69326518229789
5427000	 38.694298898755356
5427500	 38.69622766379881
5428000	 38.69733455882353
5428500	 38.69806812124332
5429000	 38.696851623812236
5429500	 38.69556188550951
5430000	 38.69531982139248
5430500	 38.69672025723472
5431000	 38.69678486128973
5431500	 38.69656109927254
5432000	 38.6936908807053
5432500	 38.695759178650796
5433000	 38.69383332721196
5433500	 38.69502543291037
5434000	 38.69735030022586
5434500	 38.695044705968755
5435000	 38.69408697887027
5435500	 38.693656154778076
5436000	 38.697309005470096
5436500	 38.69662653256002
5437000	 38.696654370606915
5437500	 38.69681622167171
5438000	 38.69801280757445
5438500	 38.697655217965654
5439000	 38.698392896455566
5439500	 38.700568702990275
5440000	 38.701361118244854
5440500	 38.703243084599016
5441000	 38.701727679553954
5441500	 38.699717597007265
5442000	 38.70103603190611
5442500	 38.70027502750275
5443000	 38.701208221036616
5443500	 38.70280130532028
5444000	 38.70000916506278
5444500	 38.70012829912024
5445000	 38.700645113994575
5445500	 38.7022504856504
5446000	 38.70125705489995
5446500	 38.70217132386624
5447000	 38.70327415306253
5447500	 38.70015387997362
5448000	 38.70038283296393
5448500	 38.701644809143524
5449000	 38.70244876279785
5449500	 38.703930258964874
5450000	 38.70290611437675
5450500	 38.70240231442487
5451000	 38.703517219913216
5451500	 38.70352605177401
5452000	 38.703155890751994
5452500	 38.701980451733355
5453000	 38.70077414395784
5453500	 38.70006953848406
5454000	 38.69808248252644
5454500	 38.6982326466391
5455000	 38.69764378750183
5455500	 38.699667069110596
5456000	 38.69862086625695
5456500	 38.69768462635795
5457000	 38.696547436178776
5457500	 38.698484100426064
5458000	 38.700451644754885
5458500	 38.701693117823446
5459000	 38.70384861504708
5459500	 38.705254305459064
5460000	 38.70424466218193
5460500	 38.70261921734203
5461000	 38.702121826854544
5461500	 38.699936043855644
5462000	 38.70106709545388
5462500	 38.702819243207685
5463000	 38.70273677287343
5463500	 38.70481201359202
5464000	 38.7072159298502
5464500	 38.70854188739907
5465000	 38.709458225258466
5465500	 38.70961791350088
5466000	 38.70899760769919
5466500	 38.70884157475714
5467000	 38.71059214490478
5467500	 38.71290328470485
5468000	 38.71188111581715
5468500	 38.712937439529746
5469000	 38.71148265099385
5469500	 38.711618484450284
5470000	 38.7098905109489
5470500	 38.708997025927346
5471000	 38.70661315333394
5471500	 38.70676760306458
5472000	 38.70435353553776
5472500	 38.705391012547416
5473000	 38.70545434651786
5473500	 38.706041100636384
5474000	 38.706895922981545
5474500	 38.705998176845945
5475000	 38.70437683431467
5475500	 38.7033573928259
5476000	 38.70387110884304
5476500	 38.704858579967926
5477000	 38.70604100227791
5477500	 38.7057944606414
5478000	 38.70603990161246
5478500	 38.70507542082635
5479000	 38.703005464480874
5479500	 38.70520199628429
5480000	 38.7048335397392
5480500	 38.70466009870158
5481000	 38.70513684287197
5481500	 38.70534576308219
5482000	 38.70403611935407
5482500	 38.704494566107805
5483000	 38.70238441936658
5483500	 38.70287929528247
5484000	 38.70498307429112
5484500	 38.705514103730664
5485000	 38.70856383753094
5485500	 38.70644104803493
5486000	 38.705927300513046
5486500	 38.70494606443163
5487000	 38.70327391778829
5487500	 38.70399199781759
5488000	 38.70482650760166
5488500	 38.7038404189548
5489000	 38.70449834539438
5489500	 38.704597931021944
5490000	 38.70458842350204
5490500	 38.70286285558484
5491000	 38.703829586142966
5491500	 38.702395231345186
5492000	 38.70155545864225
5492500	 38.70004905612384
5493000	 38.70146433632499
5493500	 38.702376194455546
5494000	 38.70338613573608
5494500	 38.705934712710494
5495000	 38.70751289689748
5495500	 38.708405986631796
5496000	 38.7077347765287
5496500	 38.70738528028473
5497000	 38.71078102017469
5497500	 38.71222603548147
5498000	 38.71349457094092
5498500	 38.71406006027815
5499000	 38.71317055459744
5499500	 38.71448020475957
5500000	 38.716378355811294
5500500	 38.71687085942463
5501000	 38.71644797735068
5501500	 38.71340954454727
5502000	 38.7136480748993
5502500	 38.71219680339617
5503000	 38.7132335600907
5503500	 38.71272061090856
5504000	 38.71528332003192
5504500	 38.715345412336546
5505000	 38.71292048236467
5505500	 38.71067232375979
5506000	 38.71167234752339
5506500	 38.714202835490774
5507000	 38.71323689362628
5507500	 38.714466982072615
5508000	 38.71681560296543
5508500	 38.71820851156384
5509000	 38.71688504684753
5509500	 38.71554895174588
5510000	 38.71766112812336
5510500	 38.71882303915351
5511000	 38.719260104715836
5511500	 38.717864647489314
5512000	 38.71663255510677
5512500	 38.71428312718449
5513000	 38.71659332500317
5513500	 38.712250144843566
5514000	 38.71193221934573
5514500	 38.71256856320487
5515000	 38.714218481310525
5515500	 38.71746370777975
5516000	 38.71793665158371
5516500	 38.7197386519945
5517000	 38.719329677687895
5517500	 38.72227148518793
5518000	 38.72346277731533
5518500	 38.72478060255134
5519000	 38.72273985490203
5519500	 38.7219016262957
5520000	 38.72124446052275
5520500	 38.72175297075368
5521000	 38.72098743105163
5521500	 38.71937723771292
5522000	 38.719330283689224
5522500	 38.71834830871585
5523000	 38.716382567198714
5523500	 38.715563829594956
5524000	 38.71809933487565
5524500	 38.718192004626616
5525000	 38.71825360970056
5525500	 38.719141323792485
5526000	 38.717532702175326
5526500	 38.71698522238682
5527000	 38.71933088859584
5527500	 38.71942342081971
5528000	 38.71881660224687
5528500	 38.718823933105774
5529000	 38.71961570412107
5529500	 38.720015168478454
5530000	 38.71975660840676
5530500	 38.72033653498953
5531000	 38.722188120599384
5531500	 38.721658603509276
5532000	 38.72207581227437
5532500	 38.72220918689649
5533000	 38.72350563095582
5533500	 38.723638857307854
5534000	 38.719899680638
5534500	 38.71806389926215
5535000	 38.713633822123626
5535500	 38.71313663252056
5536000	 38.714504697841335
5536500	 38.71231518211324
5537000	 38.71180543035373
5537500	 38.71250608447962
5538000	 38.70780461427542
5538500	 38.708078004469755
5539000	 38.70651096574219
5539500	 38.706748355707724
5540000	 38.70834985044506
5540500	 38.71145945945946
5541000	 38.71259211213808
5541500	 38.71311209598962
5542000	 38.714105566564584
5542500	 38.709623385745935
5543000	 38.70914526528113
5543500	 38.70908141398498
5544000	 38.70951652111281
5544500	 38.710540530807734
5545000	 38.7111915307335
5545500	 38.70933770184882
5546000	 38.70859508595086
5546500	 38.707798635733695
5547000	 38.70938017421352
5547500	 38.71076878779154
5548000	 38.71356847219723
5548500	 38.71382816014395
5549000	 38.71120666390803
5549500	 38.70696478037198
5550000	 38.71010504352831
5550500	 38.71001798561151
5551000	 38.70990018883194
5551500	 38.70774818837322
5552000	 38.70884277905639
5552500	 38.70792132609399
5553000	 38.708037463821526
5553500	 38.70857974870126
5554000	 38.709368371858936
5554500	 38.7088066139468
5555000	 38.71184917596736
5555500	 38.71417788401057
5556000	 38.71513801035078
5556500	 38.71523547697339
5557000	 38.71614920224235
5557500	 38.71646215483013
5558000	 38.7134542841746
5558500	 38.712227889934624
5559000	 38.71280531609195
5559500	 38.71381366281158
5560000	 38.713498177377936
5560500	 38.715699125531955
5561000	 38.71713290480123
5561500	 38.71805091744766
5562000	 38.71591929056116
5562500	 38.716244839346615
5563000	 38.71616261329983
5563500	 38.714744625103194
5564000	 38.714501049760436
5564500	 38.716131347568634
5565000	 38.71679764596117
5565500	 38.716876872566786
5566000	 38.7177582835513
5566500	 38.717568343258954
5567000	 38.71308667659033
5567500	 38.71341211914711
5568000	 38.71089435559062
5568500	 38.71182429403855
5569000	 38.71451878944349
5569500	 38.716667563061364
5570000	 38.717650855114556
5570500	 38.71633684663369
5571000	 38.71700243762547
5571500	 38.71562214376602
5572000	 38.71583965019802
5572500	 38.712816469871534
5573000	 38.71421148815709
5573500	 38.714541643526395
5574000	 38.71643288368177
5574500	 38.71580059827682
5575000	 38.716578306347614
5575500	 38.71244381569758
5576000	 38.71110116383169
5576500	 38.71233416289188
5577000	 38.71184073901679
5577500	 38.70960870654781
5578000	 38.71119424357414
5578500	 38.711966638029786
5579000	 38.710964763148944
5579500	 38.71058423548358
5580000	 38.71032903329695
5580500	 38.712133681611625
5581000	 38.71098906996297
5581500	 38.71278822245676
5582000	 38.712014165876695
5582500	 38.71296478457604
5583000	 38.71059690282894
5583500	 38.711314951900725
5584000	 38.71230109064903
5584500	 38.71035789624227
5585000	 38.710777040916646
5585500	 38.70899537094958
5586000	 38.707691482897886
5586500	 38.71018584703359
5587000	 38.706253350008936
5587500	 38.70450363542169
5588000	 38.70494087385231
5588500	 38.704484969725115
5589000	 38.70579935344443
5589500	 38.705647033610745
5590000	 38.70497687458705
5590500	 38.70697475090175
5591000	 38.71001553488206
5591500	 38.708926977325476
5592000	 38.71198514577494
5592500	 38.71089649755436
5593000	 38.71110079788658
5593500	 38.71215150108878
5594000	 38.70965842167256
5594500	 38.711583418098755
5595000	 38.70996520653047
5595500	 38.711390236939764
5596000	 38.71407671721677
5596500	 38.71350078492936
5597000	 38.713156862045594
5597500	 38.71185503575951
5598000	 38.70881629159385
5598500	 38.709020558814615
5599000	 38.70975966338611
5599500	 38.71247994294883
5600000	 38.709656143603276
5600500	 38.704865442880056
5601000	 38.702524991535846
5601500	 38.70387726738178
5602000	 38.7049443207127
5602500	 38.706563568985175
5603000	 38.707225824841444
5603500	 38.708559722098514
5604000	 38.708692554328465
5604500	 38.707665455581676
5605000	 38.709515413794946
5605500	 38.7053398144686
5606000	 38.70698833793288
5606500	 38.7073474692446
5607000	 38.706875066756865
5607500	 38.705784976860095
5608000	 38.70303796116678
5608500	 38.704210563781324
5609000	 38.7039699628094
5609500	 38.70269019998577
5610000	 38.70283060828722
5610500	 38.704513512071024
5611000	 38.703708974473
5611500	 38.70501805503673
5612000	 38.70539478130947
5612500	 38.704768171874726
5613000	 38.70500782472613
5613500	 38.70517630741327
5614000	 38.703826185904276
5614500	 38.70298666666667
5615000	 38.70525492426936
5615500	 38.70602246871445
5616000	 38.70772156848804
5616500	 38.70866141732284
5617000	 38.710626877343906
5617500	 38.71162493113192
5618000	 38.71275990758841
5618500	 38.71290981785873
5619000	 38.71400902661786
5619500	 38.71205983725971
5620000	 38.71385172946757
5620500	 38.71098440441934
5621000	 38.710814699039126
5621500	 38.71168771200739
5622000	 38.711459572730014
5622500	 38.70995063745161
5623000	 38.71215753120617
5623500	 38.71341571677142
5624000	 38.71508717111103
5624500	 38.715794706101654
5625000	 38.7178590449139
5625500	 38.718074342315475
5626000	 38.71907060953531
5626500	 38.7194455290902
5627000	 38.720441557519614
5627500	 38.722439128274296
5628000	 38.723665530948324
5628500	 38.72633222721062
5629000	 38.72816963889628
5629500	 38.729253535371456
5630000	 38.72873236937816
5630500	 38.72875643072556
5631000	 38.72882077479779
5631500	 38.72880935066778
5632000	 38.72995885357548
5632500	 38.72922503990069
5633000	 38.725851063829786
5633500	 38.724520006382185
5634000	 38.72556284346747
5634500	 38.72694237143921
5635000	 38.729575467517506
5635500	 38.732013400216246
5636000	 38.73011962782454
5636500	 38.730741285509225
5637000	 38.72977762027111
5637500	 38.73212608749579
5638000	 38.731220324569485
5638500	 38.73220897479051
5639000	 38.73117460542398
5639500	 38.7326767748335
5640000	 38.73096132048739
5640500	 38.73271114102042
5641000	 38.73180103766401
5641500	 38.731417543114134
5642000	 38.73300756006444
5642500	 38.73319052508586
5643000	 38.73495724831383
5643500	 38.734277369678736
5644000	 38.73480946565426
5644500	 38.736434108527135
5645000	 38.73427711909397
5645500	 38.73656922423556
5646000	 38.737401797721
5646500	 38.73753118310009
5647000	 38.73655067489872
5647500	 38.73502670959069
5648000	 38.7369109947644
5648500	 38.73612535814085
5649000	 38.7367276199908
5649500	 38.7376788272118
5650000	 38.739491786175314
5650500	 38.738529271354565
5651000	 38.73906048337194
5651500	 38.74112052048159
5652000	 38.7427076335608
5652500	 38.74415768074952
5653000	 38.74461766889384
5653500	 38.742007316685225
5654000	 38.74371299814438
5654500	 38.74469852265498
5655000	 38.74547639242296
5655500	 38.7446597996431
5656000	 38.74564952387683
5656500	 38.74591930469192
5657000	 38.74499690894639
5657500	 38.74651171005687
5658000	 38.74514790286976
5658500	 38.746309246309245
5659000	 38.74890956930195
5659500	 38.74910387936362
5660000	 38.748583131764335
5660500	 38.74793891782152
5661000	 38.745909307538874
5661500	 38.74775394934251
5662000	 38.7506839643456
5662500	 38.7512663478
5663000	 38.75423579244617
5663500	 38.752907335839204
5664000	 38.75337027103331
5664500	 38.75281414305374
5665000	 38.75329028615786
5665500	 38.75216977138019
5666000	 38.75259295844211
5666500	 38.75375687879215
5667000	 38.75430768416783
5667500	 38.75611949774267
5668000	 38.757860581586044
5668500	 38.75696930157107
5669000	 38.75450009696585
5669500	 38.753441802252816
5670000	 38.75162592311895
5670500	 38.74905720226976
5671000	 38.74867403217564
5671500	 38.75055063168467
5672000	 38.74885040257933
5672500	 38.75131697175778
5673000	 38.75072668017264
5673500	 38.75005284295075
5674000	 38.75136944077499
5674500	 38.753302335411604
5675000	 38.75305989468679
5675500	 38.75402821068202
5676000	 38.75518577214298
5676500	 38.75702991565862
5677000	 38.75591119561964
5677500	 38.75782116512033
5678000	 38.76006548949879
5678500	 38.75760402731817
5679000	 38.75580351642936
5679500	 38.7558074053217
5680000	 38.75566622087703
5680500	 38.75598683863249
5681000	 38.75650093247475
5681500	 38.757626403011855
5682000	 38.75734867275318
5682500	 38.76023782718829
5683000	 38.76276165347405
5683500	 38.762936644739156
5684000	 38.76370543644582
5684500	 38.760999542784795
5685000	 38.762225465543615
5685500	 38.76352575035606
5686000	 38.76260131155611
5686500	 38.763897190675436
5687000	 38.76375973420993
5687500	 38.763204612166696
5688000	 38.761454507109086
5688500	 38.763013602333835
5689000	 38.76353987277264
5689500	 38.76520409777012
5690000	 38.76288696018834
5690500	 38.764322482036505
5691000	 38.76472964901802
5691500	 38.76487326763977
5692000	 38.76590438051077
5692500	 38.76421207916967
5693000	 38.76466766177891
5693500	 38.76501782296441
5694000	 38.76811645098418
5694500	 38.768817487490125
5695000	 38.76986551494083
5695500	 38.769310441682464
5696000	 38.7691065473056
5696500	 38.768779837124406
5697000	 38.76798343365565
5697500	 38.76590629935076
5698000	 38.7632414603765
5698500	 38.76378436222655
5699000	 38.765652135777565
5699500	 38.76722565253999
5700000	 38.768676220378524
5700500	 38.76690226064996
5701000	 38.76793167549367
5701500	 38.766351043310536
5702000	 38.76710383280149
5702500	 38.76785651670816
5703000	 38.76965691344822
5703500	 38.77143959049155
5704000	 38.772591021438465
5704500	 38.7698401570387
5705000	 38.769264471355214
5705500	 38.76984544211965
5706000	 38.76883990678605
5706500	 38.76746263949964
5707000	 38.76722023684395
5707500	 38.76766102051183
5708000	 38.76783900234701
5708500	 38.76956354210453
5709000	 38.768554516479284
5709500	 38.769757464320115
5710000	 38.77342135677512
5710500	 38.77053313490327
5711000	 38.76868807114597
5711500	 38.77095441495693
5712000	 38.77175815712085
5712500	 38.77057443903805
5713000	 38.77413144307342
5713500	 38.77471123556178
5714000	 38.77542699146017
5714500	 38.776422621964024
5715000	 38.777466710993686
5715500	 38.77696520111272
5716000	 38.77575047232524
5716500	 38.77700421571886
5717000	 38.77777194731595
5717500	 38.77813729777
5718000	 38.778209164043375
5718500	 38.77901161163962
5719000	 38.77666847341458
5719500	 38.777519406951534
5720000	 38.77918808349942
5720500	 38.77934337960211
5721000	 38.78021536202496
5721500	 38.780510400279674
5722000	 38.781413315155646
5722500	 38.783224972035796
5723000	 38.78423251018018
5723500	 38.784649529035526
5724000	 38.784008107777524
5724500	 38.783520285145194
5725000	 38.78353541353646
5725500	 38.78440655462772
5726000	 38.784271939631076
5726500	 38.78729759471781
5727000	 38.7882418695637
5727500	 38.787792525323084
5728000	 38.78747926307518
5728500	 38.787078749781735
5729000	 38.78732802570012
5729500	 38.78755608316894
5730000	 38.78863945815731
5730500	 38.7867315949314
5731000	 38.78522189839619
5731500	 38.78524063797857
5732000	 38.78496274711661
5732500	 38.78558841490011
5733000	 38.7851398265906
5733500	 38.781985313355776
5734000	 38.78089191970281
5734500	 38.78143039012225
5735000	 38.77832606800349
5735500	 38.77727217253343
5736000	 38.777169554757506
5736500	 38.77802182477426
5737000	 38.77726456695658
5737500	 38.77717940674126
5738000	 38.770978533593535
5738500	 38.77225842422553
5739000	 38.77198209028032
5739500	 38.769652841888906
5740000	 38.7720954537537
5740500	 38.76917048363782
5741000	 38.76963533140608
5741500	 38.76785247871285
5742000	 38.764598349524704
5742500	 38.76508478117057
5743000	 38.76397785823701
5743500	 38.76514307595906
5744000	 38.76424518778934
5744500	 38.763504106919115
5745000	 38.76217570600825
5745500	 38.76240517781335
5746000	 38.764105151446614
5746500	 38.76452578108691
5747000	 38.76553367659338
5747500	 38.76759436423726
5748000	 38.76733629011218
5748500	 38.76867021461616
5749000	 38.76571547811571
5749500	 38.76374858732505
5750000	 38.76415159944367
5750500	 38.764754967578185
5751000	 38.76664059104737
5751500	 38.76716091014966
5752000	 38.769911350599685
5752500	 38.77094884674882
5753000	 38.768408612989
5753500	 38.76851562228478
5754000	 38.769518149750645
5754500	 38.768555841267634
5755000	 38.7704923729108
5755500	 38.77126874098782
5756000	 38.77125386512872
5756500	 38.77008319872162
5757000	 38.76821813129559
5757500	 38.76886341929322
5758000	 38.770594568312845
5758500	 38.76971959371473
5759000	 38.76911859169112
5759500	 38.768864894891244
5760000	 38.768489750577125
5760500	 38.767407150295035
5761000	 38.766251344879045
5761500	 38.765542850202145
5762000	 38.76687372037339
5762500	 38.768291201832156
5763000	 38.769808636513474
5763500	 38.76982860315037
5764000	 38.768468890392185
5764500	 38.769352181077096
5765000	 38.76912937911897
5765500	 38.769374837423044
5766000	 38.7700844474501
5766500	 38.77289752037454
5767000	 38.770124308673864
5767500	 38.76921210019936
5768000	 38.76916276651066
5768500	 38.77107744574638
5769000	 38.771578618968384
5769500	 38.771854419410744
5770000	 38.77161424486613
5770500	 38.77356299928952
5771000	 38.77506887768363
5771500	 38.77849976607579
5772000	 38.77988009841633
5772500	 38.78115254002356
5773000	 38.78007033591463
5773500	 38.78010289812393
5774000	 38.78119208051134
5774500	 38.7812283497298
5775000	 38.78190540517137
5775500	 38.78263053078189
5776000	 38.781925854097764
5776500	 38.78258535909689
5777000	 38.78401634377327
5777500	 38.78309039919676
5778000	 38.784299809589754
5778500	 38.784539758368815
5779000	 38.78580082384298
5779500	 38.78508263390153
5780000	 38.7851840315631
5780500	 38.78638911960133
5781000	 38.78547700612478
5781500	 38.78408442176282
5782000	 38.78394741394222
5782500	 38.78382772636859
5783000	 38.783877272176966
5783500	 38.78277561608301
5784000	 38.78116300382135
5784500	 38.78109547356409
5785000	 38.7827146833561
5785500	 38.78437202869738
5786000	 38.784888243530574
5786500	 38.786848974088606
5787000	 38.78645626285497
5787500	 38.78625004320625
5788000	 38.78615124075482
5788500	 38.78479481641469
5789000	 38.78388790988563
5789500	 38.78443837888263
5790000	 38.78408443162386
5790500	 38.78272884283247
5791000	 38.781718963165076
5791500	 38.77935285586021
5792000	 38.77904768481751
5792500	 38.77981873111783
5793000	 38.78057243474658
5793500	 38.78127427456802
5794000	 38.78302896399351
5794500	 38.78533209058271
5795000	 38.78195216235806
5795500	 38.782316094631675
5796000	 38.781389650948114
5796500	 38.78305353784572
5797000	 38.78044783328733
5797500	 38.77955635284783
5798000	 38.77878578820283
5798500	 38.7754919036369
5799000	 38.77227193572303
5799500	 38.77336988379711
5800000	 38.772992914648235
5800500	 38.774469918979484
5801000	 38.77401061776062
5801500	 38.7731377753266
5802000	 38.77293328967549
5802500	 38.770452822386105
5803000	 38.771381805651274
5803500	 38.76996227195204
5804000	 38.768077996348225
5804500	 38.770841945707595
5805000	 38.76736816725795
5805500	 38.763981679179004
5806000	 38.76487198471048
5806500	 38.76583106642333
5807000	 38.767336960264444
5807500	 38.76908377233757
5808000	 38.76852234386835
5808500	 38.768249651445
5809000	 38.76681467713066
5809500	 38.769296962395664
5810000	 38.77007004078542
5810500	 38.76827379723312
5811000	 38.76906797887166
5811500	 38.76672974367796
5812000	 38.76459863430743
5812500	 38.76448128783709
5813000	 38.765989646929334
5813500	 38.76591061510154
5814000	 38.76680365218289
5814500	 38.76704721295691
5815000	 38.76766495891071
5815500	 38.765036527718095
5816000	 38.76546520222073
5816500	 38.76736391605507
5817000	 38.7686992987763
5817500	 38.76916202653468
5818000	 38.77034249282535
5818500	 38.772141457882256
5819000	 38.77279287948039
5819500	 38.771394210119404
5820000	 38.77148256313348
5820500	 38.77072919350683
5821000	 38.77141483021007
5821500	 38.770545298411335
5822000	 38.76955969226542
5822500	 38.77183040544021
5823000	 38.77282483644419
5823500	 38.773183839563195
5824000	 38.774242840464254
5824500	 38.77014848510857
5825000	 38.771657597967696
5825500	 38.7728060690318
5826000	 38.7738818521951
5826500	 38.775790756345785
5827000	 38.77524368478858
5827500	 38.77442602697416
5828000	 38.774428220922054
5828500	 38.77589815736197
5829000	 38.77489578508569
5829500	 38.775696445725266
5830000	 38.77626072041166
5830500	 38.77445633532277
5831000	 38.77398223411188
5831500	 38.773542524005485
5832000	 38.77300003429003
5832500	 38.771690123943564
5833000	 38.7739778863461
5833500	 38.77427151182722
5834000	 38.77713786188101
5834500	 38.778705243131135
5835000	 38.77681233933162
5835500	 38.7760470217287
5836000	 38.77697052775874
5836500	 38.7776540333082
5837000	 38.77496445274356
5837500	 38.77721627408994
5838000	 38.778173658336044
5838500	 38.77483772628406
5839000	 38.7757436679054
5839500	 38.776679909582846
5840000	 38.77553850895517
5840500	 38.77629010718077
5841000	 38.77746580150319
5841500	 38.77719763759308
5842000	 38.7783597802085
5842500	 38.77713307659393
5843000	 38.77755908880864
5843500	 38.774684280776206
5844000	 38.77506288178225
5844500	 38.77392256497117
5845000	 38.77268372793212
5845500	 38.77231363962916
5846000	 38.77155024970924
5846500	 38.772284170201125
5847000	 38.77158931564007
5847500	 38.769042693248075
5848000	 38.76945171051957
5848500	 38.76851804366036
5849000	 38.770218294329815
5849500	 38.770408860932584
5850000	 38.77201018681525
5850500	 38.77284613149664
5851000	 38.77192952475349
5851500	 38.77196609821947
5852000	 38.77037024381076
5852500	 38.77056069976424
5853000	 38.770764289862996
5853500	 38.771527647289936
5854000	 38.77076536799495
5854500	 38.77156666837458
5855000	 38.771364164218866
5855500	 38.77217848665448
5856000	 38.77320150948551
5856500	 38.77006470558107
5857000	 38.76774435833533
5857500	 38.76844297272386
5858000	 38.76883821747367
5858500	 38.76888813038655
5859000	 38.768327645051194
5859500	 38.76780534416272
5860000	 38.769301643092355
5860500	 38.76901816941056
5861000	 38.766968595943574
5861500	 38.767261376816535
5862000	 38.76648759273471
5862500	 38.76768021282764
5863000	 38.76482122457331
5863500	 38.764500289835304
5864000	 38.765569326764066
5864500	 38.76626719626328
5865000	 38.768763956838214
5865500	 38.76853193338901
5866000	 38.77033337878375
5866500	 38.770271652067215
5867000	 38.76810482909041
5867500	 38.76792407823894
5868000	 38.76769225527275
5868500	 38.76757576273785
5869000	 38.76639016164472
5869500	 38.76732184221284
5870000	 38.76683073045285
5870500	 38.767898501362396
5871000	 38.76922552959608

