Contact	NrofDelivered
500	0.0
1000	0.0
1500	2.8169014084507045
2000	3.125
2500	3.3057851239669422
3000	5.594405594405594
3500	7.142857142857142
4000	8.947368421052632
4500	8.571428571428571
5000	10.212765957446807
5500	10.305343511450381
6000	10.13986013986014
6500	10.86261980830671
7000	11.209439528023598
7500	11.263736263736265
8000	11.282051282051283
8500	11.298076923076923
9000	12.244897959183673
9500	12.688172043010754
10000	13.141683778234087
10500	13.779527559055119
11000	13.988657844990549
11500	13.693693693693692
12000	14.384748700173311
12500	15.11627906976744
13000	15.103338632750399
13500	14.961832061068703
14000	15.147058823529411
14500	15.29745042492918
15000	15.500685871056241
15500	15.558510638297873
16000	15.275994865211809
16500	15.355805243445692
17000	15.515151515151516
17500	15.573770491803279
18000	15.96351197263398
18500	15.906562847608456
19000	16.52173913043478
19500	16.71957671957672
20000	16.821465428276575
20500	16.498993963782695
21000	16.2426614481409
21500	16.730401529636712
22000	17.02525724976614
22500	16.894977168949772
23000	17.05357142857143
23500	17.090271691498685
24000	16.895368782161235
24500	16.764459346186086
25000	16.953316953316953
25500	17.38782051282051
26000	17.38788355625492
26500	17.478731631863884
27000	17.272727272727273
27500	17.54646840148699
28000	17.711370262390673
28500	17.609162491052256
29000	17.72151898734177
29500	17.89910158949551
30000	18.014955812372534
30500	17.835671342685373
31000	17.894736842105264
31500	18.028534370946822
32000	18.09462915601023
32500	18.12460667086218
33000	18.198757763975156
33500	18.15403422982885
34000	18.192771084337352
34500	18.28978622327791
35000	18.468731735827003
35500	18.40738603577611
36000	18.394077448747154
36500	18.697361033127457
37000	18.656302054414216
37500	18.780889621087315
38000	18.85157096424702
38500	19.101123595505616
39000	19.00739176346357
39500	18.988002086593635
40000	19.032921810699587
40500	19.045200609446418
41000	19.03566047212456
41500	19.09722222222222
42000	19.187469407733726
42500	19.148936170212767
43000	19.37947494033413
43500	19.367028814359944
44000	19.401589527816736
44500	19.37269372693727
45000	19.462169553327254
45500	19.423163587201444
46000	19.606967396159
46500	19.664162615996464
47000	19.729375818419904
47500	19.82721382289417
48000	19.709277469003847
48500	19.74630021141649
49000	19.9581589958159
49500	20.016542597187758
50000	20.057424118129614
50500	19.90251827782291
51000	19.943707277844794
51500	19.944267515923567
52000	19.905400078833267
52500	19.875048809058963
53000	19.868573637417857
53500	19.984715322888803
54000	20.015134317063943
54500	20.052473763118442
55000	19.9851411589896
55500	20.02208317997792
56000	19.86151603498542
56500	19.985543910372243
57000	20.057409400789382
57500	20.177935943060497
58000	20.289343683839096
58500	20.238095238095237
59000	20.34722222222222
59500	20.28935583878746
60000	20.184426229508194
60500	20.16949152542373
61000	20.16156176371592
61500	20.267111853088483
62000	20.33112582781457
62500	20.50607952678278
63000	20.5019556714472
63500	20.459695694399482
64000	20.417335473515248
64500	20.35031847133758
65000	20.37329958873774
65500	20.420986490732012
66000	20.43044291952589
66500	20.334261838440113
67000	20.294749769726742
67500	20.262035344302255
68000	20.338470837110908
68500	20.29420594416091
69000	20.256181114089962
69500	20.201123927832
70000	20.176211453744493
70500	20.2332361516035
71000	20.27222704894295
71500	20.155261644623344
72000	20.205479452054796
72500	20.15877516302807
73000	20.163334272036046
73500	20.067170445004198
74000	20.17227007502084
74500	20.198675496688743
75000	20.20839045791061
75500	20.26143790849673
76000	20.259670002704897
76500	20.225624496373893
77000	20.085356094958655
77500	20.063609859528228
78000	20.100105374077977
78500	20.07327924627061
79000	19.99479979199168
79500	19.98448810754912
80000	20.005136106831024
80500	20.081653483031385
81000	20.09642222786095
81500	20.17145738779627
82000	20.145326985717865
82500	20.268924302788843
83000	20.32178217821782
83500	20.255968496185083
84000	20.274240940254654
84500	20.272572402044293
85000	20.295113691340106
85500	20.317383986535226
86000	20.272531675830745
86500	20.465890183028286
87000	20.439508506616257
87500	20.535714285714285
88000	20.58411214953271
88500	20.52949372967952
89000	20.484988452655887
89500	20.445669653112798
90000	20.42912577037206
90500	20.454029511918275
91000	20.501241815308198
91500	20.552560646900268
92000	20.58100558659218
92500	20.604578795287843
93000	20.640883977900554
93500	20.628986144710797
94000	20.682862770847013
94500	20.683649031134337
95000	20.641108945202514
95500	20.607235142118864
96000	20.58256585992718
96500	20.59199318568995
97000	20.750317931326833
97500	20.741989881956155
98000	20.74244966442953
98500	20.705489459403047
99000	20.7061266874351
99500	20.702479338842974
100000	20.69461570078093
100500	20.65083913221449
101000	20.602605863192185
101500	20.6645056726094
102000	20.61668681983071
102500	20.62124248496994
103000	20.717846460618144
103500	20.786182251340083
104000	20.797945881888207
104500	20.762129247692005
105000	20.688306609307784
105500	20.611132736473337
106000	20.62415196743555
106500	20.65972222222222
107000	20.779719608219704
107500	20.810242690617237
108000	20.803197563760946
108500	20.837279787838607
109000	20.920581022448594
109500	20.924117205108942
110000	20.8411214953271
110500	20.84496556858366
111000	20.892757918132986
111500	20.992436819774948
112000	21.01010101010101
112500	21.151736745886655
113000	21.202185792349727
113500	21.20442590241248
114000	21.18475708867618
114500	21.161452714850775
115000	21.12323376855661
115500	21.086375779162957
116000	21.092779847436578
116500	21.120537292329445
117000	21.1406442527724
117500	21.188222923238694
118000	21.165590647356485
118500	21.32429614181439
119000	21.30863770122901
119500	21.26852809376077
120000	21.215242018537587
120500	21.15253077975376
121000	21.119809394145676
121500	21.064226402304694
122000	21.05618356672853
122500	21.07563025210084
123000	21.13807531380753
123500	21.10703567855952
124000	21.09893758300133
124500	21.117909707292874
125000	21.067369461373744
125500	21.02673445957028
126000	20.96326530612245
126500	20.998698763825637
127000	21.004048582995953
127500	20.936238902340598
128000	20.919762019617302
128500	20.906034896750437
129000	20.902423469387756
129500	20.877025738798856
130000	20.86103197214308
130500	20.83858764186633
131000	20.79145728643216
131500	20.7851110416015
132000	20.819697678042697
132500	20.80745341614907
133000	20.73019801980198
133500	20.807644882860664
134000	20.869164619164618
134500	20.856269113149846
135000	20.898705255140896
135500	20.94081942336874
136000	20.925309948593892
136500	20.928130179297877
137000	20.927788620327277
137500	20.933014354066987
138000	20.929539699091315
138500	20.905044510385757
139000	20.949142519219397
139500	20.96037708057151
140000	20.98928519007779
140500	21.006436512580457
141000	21.017344410435797
141500	21.01365088585536
142000	21.03892345536102
142500	21.06401384083045
143000	21.06624515016525
143500	21.11667859699356
144000	21.092413006274956
144500	21.066098081023455
145000	21.060090702947846
145500	21.011013837898897
146000	21.05040833568009
146500	21.085858585858585
147000	21.043064876957494
147500	21.05336491570294
148000	21.105248542071646
148500	21.101425211014252
149000	21.133167907361454
149500	21.13005224085785
150000	21.123287671232877
150500	21.13099303373856
151000	21.111413783710162
151500	21.178387184360574
152000	21.195725686460165
152500	21.178215152332164
153000	21.16650987770461
153500	21.17111081334584
154000	21.180555555555554
154500	21.187117380889006
155000	21.183966020706134
155500	21.175224986765485
156000	21.203324976909883
156500	21.152328334648775
157000	21.13543988462043
157500	21.142035802953092
158000	21.119791666666668
158500	21.108658964039982
159000	21.11801242236025
159500	21.166000257964658
160000	21.198868021610494
160500	21.233491473265804
161000	21.25047947832758
161500	21.260043361816095
162000	21.270648030495554
162500	21.271207900734364
163000	21.295127493057308
163500	21.25597785049081
164000	21.221622977549227
164500	21.17573483427142
165000	21.17206982543641
165500	21.205717837165942
166000	21.219633118492812
166500	21.218487394957982
167000	21.182994454713494
167500	21.206536429536797
168000	21.190592846643803
168500	21.17546432062561
169000	21.15197272284462
169500	21.138211382113823
170000	21.171062182434067
170500	21.17448450500422
171000	21.16911234063026
171500	21.175764847030592
172000	21.17478167244886
172500	21.171278625954198
173000	21.194100856327307
173500	21.141297900106775
174000	21.123595505617978
174500	21.132075471698116
175000	21.152263374485596
175500	21.127916520107867
176000	21.168907071887784
176500	21.179624664879356
177000	21.18289565419475
177500	21.188600556070437
178000	21.169401432863417
178500	21.15451088835119
179000	21.176605768125935
179500	21.143053487573017
180000	21.137375813634808
180500	21.10238013893634
181000	21.121962298432887
181500	21.075877689694224
182000	21.077600813283635
182500	21.07456634377112
183000	21.091644204851754
183500	21.095062143097078
184000	21.074380165289256
184500	21.058495821727018
185000	21.055555555555554
185500	21.065455753682578
186000	21.06716747680071
186500	21.0532114134626
187000	21.012741652021088
187500	21.058398159307547
188000	21.033653846153847
188500	21.04632152588556
189000	21.02803738317757
189500	21.03836982440928
190000	21.02874432677761
190500	21.05830369651902
191000	21.027735970758975
191500	21.005790263778685
192000	21.000855431993156
192500	20.957764505119453
193000	20.991594850516012
193500	21.004033113988537
194000	21.003599407156468
194500	20.99260823653643
195000	21.008845829823084
195500	21.01669992647831
196000	21.020643403541865
196500	20.978363123236125
197000	20.971947022630097
197500	20.992406116716946
198000	20.966905280630773
198500	20.96874353135997
199000	20.962412226352747
199500	20.98651014313665
200000	20.965588084232152
200500	20.952868852459016
201000	20.967082396237988
201500	20.964617110227387
202000	20.96642929806714
202500	20.951704545454543
203000	20.979657929359377
203500	20.924598768547494
204000	20.912202980265807
204500	20.932101245480112
205000	20.941883767535067
205500	20.939530234882557
206000	20.94715852442672
206500	20.948970456580128
207000	20.932539682539684
207500	20.94634725796872
208000	20.953885652216847
208500	20.940086716594404
209000	20.955376449773933
209500	20.972644376899694
210000	20.993934650753275
210500	20.975609756097562
211000	20.961463604515377
211500	20.95959595959596
212000	20.963364993215738
212500	20.916739193501595
213000	20.962762878641712
213500	20.97363863767558
214000	20.963716644269535
214500	20.970985349037633
215000	20.97621549336135
215500	20.97035554284625
216000	20.94903004944846
216500	20.958254269449718
217000	20.928030303030305
217500	20.904968826752317
218000	20.923656927426958
218500	20.895241677637767
219000	20.893141945773525
219500	20.889096864763687
220000	20.91350644498412
220500	20.90748159880742
221000	20.898019894022497
221500	20.888600315369633
222000	20.86071263304026
222500	20.830641439778496
223000	20.810313075506446
223500	20.832185174979333
224000	20.843263061411548
224500	20.815803914395463
225000	20.804817957842868
225500	20.795775289083128
226000	20.83787713558706
226500	20.806890299184044
227000	20.819761129207386
227500	20.797977974363604
228000	20.814194361884176
228500	20.839324227174693
229000	20.837818442770004
229500	20.839298496778813
230000	20.833705257520307
230500	20.819599109131403
231000	20.84073942410238
231500	20.87434601401082
232000	20.87056533663629
232500	20.863499911707574
233000	20.853164110699808
233500	20.826737027264734
234000	20.847963483146067
234500	20.837347814662348
235000	20.824958489906493
235500	20.805720265085455
236000	20.845658604489298
236500	20.835141939404462
237000	20.843801438101014
237500	20.824688796680498
238000	20.8541846419327
238500	20.84194214876033
239000	20.9106529209622
239500	20.924052803017315
240000	20.918105659087026
240500	20.900870158675993
241000	20.885483184333758
241500	20.880428316478287
242000	20.924512298558103
242500	20.915862535974266
243000	20.91707481844283
243500	20.910240202275602
244000	20.920255720053834
244500	20.936870382807253
245000	20.955173858399665
245500	20.981769526676704
246000	21.00342265631522
246500	21.001332889036988
247000	20.992683737944795
247500	20.972291355566615
248000	20.965471557506003
248500	20.988266402247564
249000	20.97319587628866
249500	20.974646032268687
250000	20.95965820392737
250500	20.960734486433314
251000	20.947161786356943
251500	20.96497673279451
252000	20.961303462321794
252500	20.946495365100017
253000	20.973630831643003
253500	20.975056689342402
254000	20.96839382426643
254500	20.95837366892546
255000	20.94839384912648
255500	20.92238470191226
256000	20.92855424585037
256500	20.93805026412678
257000	20.93487814622453
257500	20.910758433686897
258000	20.894690758576772
258500	20.932634254845887
259000	20.916587377101173
259500	20.908515352959796
260000	20.943276978985622
260500	20.939766635130873
261000	20.914312691793217
261500	20.903023164507264
262000	20.90745239401301
262500	20.93077825576848
263000	20.938402685611678
263500	20.930413776981222
264000	20.900746733042936
264500	20.87860912760012
265000	20.86626375329304
265500	20.87232232619287
266000	20.8507024857187
266500	20.864473380075506
267000	20.866020612213507
267500	20.869164619164618
268000	20.855369050356405
268500	20.85213799433948
269000	20.868967623701895
269500	20.89336077444927
270000	20.885642547363613
270500	20.868772782503036
271000	20.836807397862504
271500	20.849099439987892
272000	20.85064591674851
272500	20.850614584118844
273000	20.839918717543462
273500	20.81893313298272
274000	20.80552013800345
274500	20.813056824137156
275000	20.826483335824243
275500	20.82028337061894
276000	20.818756978042426
276500	20.808260901864646
277000	20.81880887042943
277500	20.832099496594612
278000	20.85581257852339
278500	20.832103865447035
279000	20.822905932577655
279500	20.815576781778105
280000	20.808273434061906
280500	20.8186877562976
281000	20.796783625730995
281500	20.802626778547975
282000	20.786598689002183
282500	20.793950850661624
283000	20.76923076923077
283500	20.741867709918132
284000	20.754989875614697
284500	20.802656272556664
285000	20.83873757025508
285500	20.84592145015106
286000	20.850391438626733
286500	20.82168208216821
287000	20.83601746474841
287500	20.803258772243264
288000	20.78755885290341
288500	20.793277789646087
289000	20.79749804534793
289500	20.81322736304286
290000	20.81916099773243
290500	20.840407470288625
291000	20.850102379439384
291500	20.830396165233328
292000	20.820433436532507
292500	20.793818054092025
293000	20.80791079318325
293500	20.802408626242823
294000	20.812360178970916
294500	20.81094284318515
295000	20.81243032329989
295500	20.80578943706075
296000	20.813945412875896
296500	20.84171115579283
297000	20.82641196013289
297500	20.830454608263093
298000	20.8649468892261
298500	20.85513632608097
299000	20.859106529209622
299500	20.872787155207906
300000	20.859021783806
300500	20.861833105335155
301000	20.864635978691435
301500	20.842708120269993
302000	20.857726344452008
302500	20.883452259599046
303000	20.86413891338262
303500	20.862676056338028
304000	20.881498005813558
304500	20.903077753779698
305000	20.873197682253068
305500	20.850147968792037
306000	20.84872087557913
306500	20.855399879332307
307000	20.85368301331371
307500	20.871191876002136
308000	20.897812166488794
308500	20.893534855849257
309000	20.900086418932393
309500	20.908004778972522
310000	20.88800530152419
310500	20.89068290100582
311000	20.90104373100806
311500	20.898179899762596
312000	20.891493284171712
312500	20.921822605036493
313000	20.9047337666601
313500	20.891218872870247
314000	20.86086217047164
314500	20.867350271046963
315000	20.86185540126475
315500	20.871037041859253
316000	20.8641975308642
316500	20.887389724961082
317000	20.902966705531806
317500	20.89639115250291
318000	20.893883614286636
318500	20.88599432550941
319000	20.885912953901624
319500	20.875658994470875
320000	20.861416008729698
320500	20.845882729894264
321000	20.875183929371122
321500	20.898287758752875
322000	20.889427678172652
322500	20.870229980251004
323000	20.86381273455887
323500	20.871443089430894
324000	20.856055802155993
324500	20.867637745408487
325000	20.870225145459145
325500	20.895428138418794
326000	20.88140722526953
326500	20.91807820666205
327000	20.917950330084878
327500	20.93037855483709
328000	20.92994109537536
328500	20.918590826606597
329000	20.901024743814048
329500	20.92065868263473
330000	20.94413651367005
330500	20.948886954358912
331000	20.930088165900905
331500	20.9498418996838
332000	20.94707520891365
332500	20.951792336217554
333000	20.950323974082075
333500	20.940407962038577
334000	20.932808269751416
334500	20.93623295245116
335000	20.932229377491566
335500	20.92239848104367
336000	20.916151917313925
336500	20.9587786259542
337000	20.959873155262837
337500	20.96901819952523
338000	20.979700984563024
338500	20.98203447438699
339000	20.98181818181818
339500	20.972037283621837
340000	20.9584819000423
340500	20.96910451363746
341000	20.954331847210508
341500	20.939605389797883
342000	20.93093093093093
342500	20.917541229385307
343000	20.932878270762227
343500	20.92550520148272
344000	20.91120797754822
344500	20.932450962856972
345000	20.948922490772713
345500	20.93562384830292
346000	20.912976374213464
346500	20.915342660659235
347000	20.940145639689774
347500	20.9353198533759
348000	20.936411406978802
348500	20.92694144701928
349000	20.965842167255595
349500	20.958541605410176
350000	20.958365141816902
350500	20.954782710691454
351000	20.95924104005622
351500	20.962460530932056
352000	20.96934306569343
352500	20.96793002915452
353000	20.96313981249636
353500	20.961739737178743
354000	20.96493265211333
354500	20.970547309833023
355000	20.95635058469376
355500	20.975948196114707
356000	20.98729792147806
356500	20.985874891899684
357000	20.989004662943987
357500	21.00028743891923
358000	21.01245480112495
358500	21.01553097598716
359000	21.00926879505664
359500	21.01234003656307
360000	21.036115707194615
360500	21.027744545092006
361000	21.01251422070535
361500	20.99880688597239
362000	20.997390218994667
362500	21.012973769191547
363000	21.024045261669023
363500	21.03508672806373
364000	21.029171133555266
364500	21.054707307453942
365000	21.049966239027682
365500	21.048491318761588
366000	21.0662177328844
366500	21.039950691993052
367000	21.034077555816687
367500	21.04380867232901
368000	21.044701155198393
368500	21.040900479215424
369000	21.08514190317195
369500	21.07573484469634
370000	21.067524829384677
370500	21.064878940661533
371000	21.05787318800487
371500	21.044198895027623
372000	21.031724137931036
372500	21.02711042539123
373000	21.019318619626837
373500	21.0332508931025
374000	21.023163903831378
374500	21.035030974179048
375000	21.051190802080484
375500	21.040835292188266
376000	21.047171871587683
376500	21.052344601962922
377000	21.044321027986495
377500	21.054921152800436
378000	21.053775122216187
378500	21.061197916666664
379000	21.070596521644905
379500	21.05291635104426
380000	21.038694336359708
380500	21.025641025641026
381000	21.031917187836964
381500	21.05234812580784
382000	21.04130808950086
382500	21.035668242372154
383000	21.03229960296169
383500	21.03204372521702
384000	21.04896976184105
384500	21.029286019666525
385000	21.040554962646745
385500	21.03608165005596
386000	21.050670640834575
386500	21.044799914970504
387000	21.049838118995805
387500	21.07076596872515
388000	21.07046429138652
388500	21.104119295648037
389000	21.087932400316873
389500	21.10038508202775
390000	21.095890410958905
390500	21.081991369329543
391000	21.065909807631662
391500	21.048763844417614
392000	21.07691501074818
392500	21.071372466879616
393000	21.06804749202364
393500	21.062529384109073
394000	21.09134540142939
394500	21.093220780574228
395000	21.07508976427122
395500	21.073692963309426
396000	21.059733250298407
396500	21.071724709784412
397000	21.061076604554867
397500	21.0586167683242
398000	21.048012390294268
398500	21.058059193565022
399000	21.096003296250515
399500	21.093508898261497
400000	21.0975233788922
400500	21.082884269951244
401000	21.068279680131226
401500	21.060714651377086
402000	21.054246127102612
402500	21.052900326797385
403000	21.04350487070944
403500	21.03386809269162
404000	21.018363090696372
404500	21.018137479042828
405000	21.007763738773026
405500	21.036894384755726
406000	21.042773981270564
406500	21.04358377995753
407000	21.056619021162685
407500	21.06218792555606
408000	21.055813016320773
408500	21.057663278655532
409000	21.05448331322879
409500	21.049989961855047
410000	21.056588642173324
410500	21.0752903484181
411000	21.062106210621064
411500	21.04579733306697
412000	21.04843134320914
412500	21.043192347930056
413000	21.036919096427507
413500	21.0447835379492
414000	21.063607924921794
414500	21.064378533875608
415000	21.054195977410085
415500	21.050027215597012
416000	21.06069592724397
416500	21.038602033764437
417000	21.039396479463537
417500	21.041225434664828
418000	21.03088727129648
418500	21.01669941060904
419000	21.02629513343799
419500	21.021947873799725
420000	21.008074382187424
420500	21.004008211946427
421000	20.990186026072948
421500	20.98307894865168
422000	20.973399590762934
422500	20.97425665482505
423000	20.972053462940462
423500	20.994126498713655
424000	20.992144311899914
424500	20.98227259517582
425000	20.98108461129118
425500	20.985745349118147
426000	20.965250965250963
426500	20.97575085571036
427000	20.95733410382356
427500	20.95416726783052
428000	20.949224191766344
428500	20.959692898272554
429000	20.952746094124414
429500	20.95160595471734
430000	20.94468614045991
430500	20.94278345591747
431000	20.9436572682601
431500	20.94552733164943
432000	20.943629784802894
432500	20.968278879535834
433000	20.961383175794424
433500	20.950754341019074
434000	20.953373768006063
434500	20.94476262602357
435000	20.951345217267956
435500	20.948467242926643
436000	20.949325280739835
436500	20.94820679579622
437000	20.971614178788307
437500	20.96281321987683
438000	20.974029023622787
438500	20.979545881028336
439000	20.99812558575445
439500	20.987596536391294
440000	21.00046750818139
440500	20.99462993229045
441000	20.983163098736064
441500	20.989610026557333
442000	20.995812005583993
442500	20.99293417627371
443000	20.993731135361042
443500	20.990631666821262
444000	20.98313565604151
444500	20.97468413014301
445000	20.969904304008136
445500	20.971465509280634
446000	20.971312609537865
446500	20.980374090113333
447000	20.984813621721123
447500	20.985611180067117
448000	20.998255119845716
448500	20.994449795880925
449000	20.985108820160367
449500	20.976748443793483
450000	20.982857142857142
450500	20.97812685510754
451000	20.994525547445257
451500	20.98810446196618
452000	20.989846560123844
452500	20.99254002911208
453000	20.988776298450492
453500	20.96781515275319
454000	20.955749002538994
454500	20.967522761244734
455000	20.96000723850887
455500	20.943472956486374
456000	20.944298997923624
456500	20.945123325968346
457000	20.961131378642524
457500	20.96099338642192
458000	20.967959376263874
458500	20.970420575429777
459000	20.98560602663558
459500	20.980963045912652
460000	20.9906926794344
460500	21.010055865921785
461000	21.004464285714285
461500	20.995362112022832
462000	21.014880156820816
462500	21.00672037028795
463000	21.013783903957314
463500	21.017099711303576
464000	21.01060290137971
464500	21.00855231089644
465000	21.01349856162868
465500	21.009592008133314
466000	21.033340693309782
466500	21.029645314981472
467000	21.021550394429507
467500	21.004666725367617
468000	20.993843447669306
468500	20.986732273086723
469000	20.993723390247116
469500	21.013857218031927
470000	21.02496714848883
470500	21.01947057536644
471000	21.023646138380172
471500	21.02252881592735
472000	21.01683090607831
472500	21.029706420419895
473000	21.01827676240209
473500	21.013736741436272
474000	21.003039513677813
474500	21.003556249457887
475000	21.00680154226054
475500	20.998658647397342
476000	21.018502507349126
476500	21.024223843861996
477000	21.033560521093953
477500	21.04900228418739
478000	21.03994490358127
478500	21.024339898512086
479000	21.027535547059582
479500	21.042694700708005
480000	21.074291593432505
480500	21.0826088818466
481000	21.077173169062284
481500	21.07174907055254
482000	21.07487407154444
482500	21.09101765759618
483000	21.105334924152036
483500	21.094747595130674
484000	21.09022876094906
484500	21.086614842190222
485000	21.07697530340321
485500	21.080072909160272
486000	21.07112616426757
486500	21.072667287031553
487000	21.075986814301412
487500	21.081514627042086
488000	21.096352519502425
488500	21.099410278011792
489000	21.087404788957624
489500	21.09733025015766
490000	21.10877782444351
490500	21.10099441950237
491000	21.103378888236772
491500	21.10399128868786
492000	21.091167733567634
492500	21.084966773937396
493000	21.082073975118977
493500	21.077654516640255
494000	21.067544481020043
494500	21.07235034551661
495000	21.06620093147039
495500	21.046072036890866
496000	21.06508384525984
496500	21.07729308343009
497000	21.071162289785438
497500	21.07332009268454
498000	21.07547325783252
498500	21.056977704376546
499000	21.05588781191998
499500	21.053282235134134
500000	21.048948170104154
500500	21.04700415347288
501000	21.049172246641746
501500	21.029303127308545
502000	21.027596670357156
502500	21.014255284286417
503000	21.01256497360128
503500	21.01905618712685
504000	21.0229593921072
504500	21.030288186790756
505000	21.05370468539738
505500	21.054989816700612
506000	21.058842679254496
506500	21.044072206862904
507000	21.057762612722396
507500	21.059892874533357
508000	21.0620186461289
508500	21.07799465457196
509000	21.062426669903306
509500	21.067949391648813
510000	21.06453436717551
510500	21.058576730676133
511000	21.059207609528034
511500	21.0572935539719
512000	21.061946902654867
512500	21.077800996624337
513000	21.08559498956159
513500	21.09653872377973
514000	21.07371794871795
514500	21.070327822919584
515000	21.07725527831094
515500	21.069873357037274
516000	21.0616643384554
516500	21.067740520712892
517000	21.064372211599743
517500	21.05954465849387
518000	21.06414284010021
518500	21.069357273377292
519000	21.0802015953014
519500	21.075166508087538
520000	21.08910891089109
520500	21.099066307960122
521000	21.10109872737333
521500	21.09211513404667
522000	21.103703995897597
522500	21.094735182849934
523000	21.094488188976378
523500	21.09113794595445
524000	21.090894800958857
524500	21.094578147697383
525000	21.085660495764042
525500	21.07531938239674
526000	21.075092005324564
526500	21.074654882484065
527000	21.06579152992655
527500	21.061670569867292
528000	21.058378504855128
528500	21.051196134964545
529000	21.054065626094744
529500	21.046082053276297
530000	21.03422821399433
530500	21.045685673252336
531000	21.039978285315446
531500	21.026534960294402
532000	21.02574027482098
532500	21.041030202250667
533000	21.04083761542325
533500	21.03678542478867
534000	21.043498380379454
534500	21.037219696385915
535000	21.055467877901382
535500	21.04514342843959
536000	21.05728226209228
536500	21.053237630982995
537000	21.049200444836448
537500	21.039120272807388
538000	21.027447077288215
538500	21.037937891999388
539000	21.04840866541856
539500	21.055243767418776
540000	21.054237546723627
540500	21.06927825623047
541000	21.07206761335516
541500	21.070246833758034
542000	21.059431524547804
542500	21.058426027865305
543000	21.058221126493457
543500	21.045850701023113
544000	21.038882368530647
544500	21.048451151707702
545000	21.038509504553872
545500	21.041304840292984
546000	21.02821363910682
546500	21.02724497870897
547000	21.02409638554217
547500	21.03382115044581
548000	21.04273954065331
548500	21.03049421661409
549000	21.027353570222505
549500	21.022642075273655
550000	21.02996254681648
550500	21.02230205059123
551000	21.01308411214953
551500	21.001120657452372
552000	21.003134796238246
552500	21.008873312952055
553000	21.0042090363914
553500	20.99661344944364
554000	20.995687091017253
554500	20.99182763744428
555000	20.987196140285764
555500	20.976713141501037
556000	20.97132696154701
556500	20.980936516749953
557000	20.97788297951032
557500	20.967443922988803
558000	20.979175897208684
558500	20.975951608143994
559000	20.97291321171918
559500	20.974334425746584
560000	20.96471540527613
560500	20.965370193368134
561000	20.96969696969697
561500	20.974607368266547
562000	20.982584784601283
562500	20.99054875815078
563000	20.998499322865193
563500	20.9889185531946
564000	20.994555884394753
564500	21.019387345284603
565000	21.00828074271331
565500	21.00812771075555
566000	21.005863287082562
566500	21.005712622348362
567000	21.009197658777765
567500	21.01267661908394
568000	21.00947059036975
568500	21.00358942750444
569000	20.999058175758893
569500	21.020053572721352
570000	21.01989150090416
570500	21.01383820500777
571000	21.021660649819495
571500	21.019223139899736
572000	21.00673801030519
572500	21.003744239631335
573000	20.994892453780302
573500	20.982463705620237
574000	21.001041255251156
574500	21.010905438369925
575000	21.020751944374755
575500	21.029827765245106
576000	21.031731835581155
576500	21.027235685181214
577000	21.009783617796188
577500	21.025970319634705
578000	21.0445632798574
578500	21.044382702856737
579000	21.03352551783045
579500	21.02905095473456
580000	21.045900241580217
580500	21.058422659189326
581000	21.061030532997624
581500	21.060836906069518
582000	21.050768250371735
582500	21.05635546750628
583000	21.05616627195928
583500	21.05876536233931
584000	21.05300303479427
584500	21.049291305267612
585000	21.044103142172748
585500	21.037626271514554
586000	21.040970634781083
586500	21.037281703503286
587000	21.032860553293077
587500	21.038970149777263
588000	21.03732258629753
588500	21.03641456582633
589000	21.034217339584355
589500	21.050791764253503
590000	21.06035205364627
590500	21.067876461350547
591000	21.076858697168362
591500	21.099574942512717
592000	21.10430302186325
592500	21.11304347826087
593000	21.105859456453743
593500	21.110570912626752
594000	21.10047182903136
594500	21.09551048708615
595000	21.09182860507811
595500	21.087422994393297
596000	21.077566829200816
596500	21.08427490411527
597000	21.080614534783358
597500	21.08040981061782
598000	21.091272576864746
598500	21.0910593745695
599000	21.090120780427377
599500	21.087733773377337
600000	21.092220504894385
600500	21.08857544871135
601000	21.079524021809952
601500	21.077877137081575
602000	21.083264858942755
602500	21.09260082783156
603000	21.093109105824446
603500	21.085345445852262
604000	21.08855144173349
604500	21.08152340686692
605000	21.07666098807496
605500	21.08255319148936
606000	21.08091561511513
606500	21.07731520815633
607000	21.09284792501528
607500	21.088527705201724
608000	21.081539243939652
608500	21.074562146414173
609000	21.071513182387385
609500	21.07185122569738
610000	21.066855849464545
610500	21.05582933909404
611000	21.051566557620315
611500	21.039862519796475
612000	21.037745378632277
612500	21.050329699905802
613000	21.047500588294618
613500	21.05068691008028
614000	21.042386817464845
614500	21.04557191241072
615000	21.042050594739486
615500	21.042412881197066
616000	21.034851829553816
616500	21.038032217097786
617000	21.04314144517163
617500	21.03366587701445
618000	21.028769543621028
618500	21.046670442053365
619000	21.065947601451445
619500	21.071012805587895
620000	21.066099498188827
620500	21.068534998007703
621000	21.07026740096875
621500	21.07129835261361
622000	21.06849496555379
622500	21.054373365986034
623000	21.044973544973544
623500	21.034892942109437
624000	21.03212599465117
624500	21.027282024214035
625000	21.040313808220983
625500	21.036856493527882
626000	21.039986835609675
626500	21.033768454279418
627000	21.027730319358653
627500	21.02291379423544
628000	21.01879489618526
628500	21.022615535889873
629000	21.021778287211397
629500	21.014397905759164
630000	21.02733455401517
630500	21.022021825785796
631000	21.015864725468433
631500	21.02293114133803
632000	21.02861612671925
632500	21.027946062145787
633000	21.029679770892997
633500	21.03072671110389
634000	21.033821761590694
634500	21.029053725044637
635000	21.023611831862997
635500	21.016301001393526
636000	21.01360103626943
636500	21.01414102190726
637000	21.001746103602148
637500	21.008756341077255
638000	21.022213612294976
638500	21.01951927730279
639000	21.016828938035978
639500	21.01601005057501
640000	21.0165454194296
640500	21.01691644690294
641000	21.00780923610888
641500	21.007674769596353
642000	21.006866457036512
642500	20.997787681554396
643000	20.99631587377863
643500	20.99366156604136
644000	20.98327095928094
644500	20.975578570515278
645000	20.986234869534666
645500	20.99569171852561
646000	20.99237858350075
646500	20.992256954402063
647000	20.98895150762569
647500	20.998377398110147
648000	20.995072325544427
648500	20.99361519646771
649000	20.993493096333914
649500	20.98068444923721
650000	20.974898580121703
650500	20.979951224147214
651000	20.982340654471802
651500	20.99354920313686
652000	21.006066734074825
652500	21.024880020207124
653000	21.029054544307392
653500	21.025754184660972
654000	21.033733345932156
654500	21.028449144008057
655000	21.02251289146019
655500	21.02485155047284
656000	21.01710877413279
656500	21.033314511575384
657000	21.03629866466052
657500	21.03927833114076
658000	21.04357080255415
658500	21.033371907546993
659000	21.038157442420076
659500	21.03669008587041
660000	21.040314528207688
660500	21.03572987466484
661000	21.024267156786394
661500	21.019861776975283
662000	21.014154611914762
662500	21.019583462853593
663000	21.020750497017893
663500	21.01440278122672
664000	21.016066000868435
664500	21.02832703155024
665000	21.0436667698978
665500	21.04285935324153
666000	21.03961161445932
666500	21.027748594030037
667000	21.02013091268371
667500	21.013173726591184
668000	21.00995776428153
668500	21.014693651233713
669000	21.009541397353033
669500	21.009411330503784
670000	21.005071461502997
670500	21.0012285012285
671000	21.000460334509743
671500	21.00711481844946
672000	21.017468587189704
672500	21.014270839713358
673000	21.007374766669727
673500	21.01819293685981
674000	21.00953312148619
674500	21.014227269951764
675000	21.021964612568638
675500	21.02920553624779
676000	21.022969597270453
676500	21.013698630136986
677000	21.018526969060876
677500	21.03359173126615
678000	21.03696503963794
678500	21.03857476706425
679000	21.036668587546632
679500	21.032852466965693
680000	21.029678982434888
680500	21.022366151145548
681000	21.03193805952093
681500	21.031158391006073
682000	21.040553190204427
682500	21.02277869965304
683000	21.021374091827198
683500	21.02425064015665
684000	21.025857138556937
684500	21.02144554395885
685000	21.02320548274618
685500	21.020696284281037
686000	21.015819649986494
686500	21.01205831183634
687000	21.01729460779906
687500	21.024888436311358
688000	21.018917624521073
688500	21.024766690595836
689000	21.015662362505978
689500	21.02999163579878
690000	21.025610411318727
690500	21.03206562266965
691000	21.03019644081438
691500	21.023471940903132
692000	21.026159935716198
692500	21.03024715224697
693000	21.04214969383509
693500	21.035435292719875
694000	21.038259475824404
694500	21.04404567699837
695000	21.047483549706563
695500	21.04857819905213
696000	21.048425290078143
696500	21.035818864799314
697000	21.047498004906455
697500	21.044392592373807
698000	21.04129157935126
698500	21.05294204394632
699000	21.066438719566115
699500	21.077435127094933
700000	21.07369908170473
700500	21.070588235294117
701000	21.05974667176066
701500	21.049076331169786
702000	21.045989493147065
702500	21.047538050969237
703000	21.036746175936237
703500	21.03475536556086
704000	21.02937734082397
704500	21.023391812865498
705000	21.022030035645418
705500	21.02881499430707
706000	21.028678122356098
706500	21.018569804390285
707000	21.02242936207399
707500	21.038076385654403
708000	21.03502443565278
708500	21.029681095380678
709000	21.03244923452343
709500	21.040559765409515
710000	21.047439431307126
710500	21.042101600556716
711000	21.03616133518776
711500	21.031906885169956
712000	21.038164404965134
712500	21.040763226366003
713000	21.035449108716378
713500	21.02482678983834
714000	21.03213523336987
714500	21.04185885608856
715000	21.05141869508858
715500	21.053086135421463
716000	21.06489471867449
716500	21.06125499439478
717000	21.07016687250481
717500	21.067585019371503
718000	21.067423786171098
718500	21.067262774768576
719000	21.077350439588763
719500	21.07371794871795
720000	21.07987531100752
720500	21.08256408790832
721000	21.087055866560036
721500	21.086280218055197
722000	21.089560752994867
722500	21.090587765805825
723000	21.08876481312671
723500	21.08798997978878
724000	21.095305832147936
724500	21.10081310058566
725000	21.09375
725500	21.097609448640053
726000	21.080253042466882
726500	21.082919914953933
727000	21.075890201410726
727500	21.0854117713671
728000	21.078986081249294
728500	21.07480070107989
729000	21.073446327683616
729500	21.06763775971093
730000	21.0584219583063
730500	21.053818612387584
731000	21.04581055953119
731500	21.043889530137104
732000	21.040934027289353
732500	21.042422197857803
733000	21.038289743517712
733500	21.04657365037478
734000	21.040228917690623
734500	21.058091286307054
735000	21.04894517132211
735500	21.047179056418873
736000	21.047035451467586
736500	21.048069125583737
737000	21.05307285989771
737500	21.0536607167798
738000	21.053513106105015
738500	21.068489329055655
739000	21.070383275261324
739500	21.06524040336509
740000	21.063912704598597
740500	21.063172828173247
741000	21.067407922168172
741500	21.06111111111111
742000	21.050439996668796
742500	21.052631578947366
743000	21.073062525994732
743500	21.064006650041563
744000	21.065019937970757
744500	21.056417918707286
745000	21.045791394757217
745500	21.048413838841604
746000	21.049870215938586
746500	21.050888619052877
747000	21.05466379833416
747500	21.052196439398116
748000	21.048138356466183
748500	21.04191320142004
749000	21.029618018315322
749500	21.024569889517945
750000	21.022711668909455
750500	21.014353541729562
751000	21.013081754106903
751500	21.002000712582564
752000	20.995836985100787
752500	21.007690412983386
753000	21.010310970106392
753500	21.018969004537254
754000	21.01395831626103
754500	21.007233519858058
755000	21.00109110747409
755500	20.996101736499195
756000	20.998719590268884
756500	20.997604007841428
757000	20.994204554730224
757500	21.003833709453765
758000	21.000434735354855
758500	20.98832473527016
759000	20.991941829231898
759500	20.991973099034603
760000	20.985312449189745
760500	20.979229290221248
761000	20.9866854297467
761500	20.98274649791768
762000	20.980514040161076
762500	20.979851995894776
763000	20.97705802968961
763500	20.980228198419333
764000	20.9811320754717
764500	20.984295450259946
765000	20.99340422667923
765500	20.998681697113184
766000	21.00438207382316
766500	21.010209564750134
767000	21.006417657957627
767500	21.00150279089738
768000	21.00182344738818
768500	20.9952301838255
769000	21.005275419757385
769500	20.997136510825058
770000	20.996469833119384
770500	20.995242931209578
771000	21.000480743550025
771500	20.999813168921985
772000	21.00069344428442
772500	21.008582547044085
773000	21.02921982793064
773500	21.030214295221615
774000	21.03429012263574
774500	21.03262169994417
775000	21.050534034752115
775500	21.05305082045563
776000	21.057240665552104
776500	21.052352410756907
777000	21.051097211915614
777500	21.05151635544961
778000	21.05667169591572
778500	21.053884612332354
779000	21.057918528113355
779500	21.053048716051993
780000	21.051242113044168
780500	21.04471705579739
781000	21.04305639781686
781500	21.041397665287622
782000	21.04029496971293
782500	21.034346624555862
783000	21.02522290313248
783500	21.018321373182978
784000	21.021383912152576
784500	21.023338846446666
785000	21.020044075978593
785500	21.00791861135875
786000	21.010979796126936
786500	21.00356170123612
787000	21.00442281018555
787500	21.001700013077023
788000	20.9958180867747
788500	20.99145924204038
789000	20.98971655269614
789500	20.992774604168297
790000	20.98746122363859
790500	20.99051688203418
791000	20.985211414288692
791500	20.9856626161172
792000	20.983930521607988
792500	20.98082020895057
793000	20.984960648328528
793500	20.986917246391858
794000	20.99309915425725
794500	20.991911230944726
795000	20.989637305699482
795500	20.98749449809699
796000	20.984811240199758
796500	20.98676044683492
797000	20.990334418772935
797500	21.001110623240436
798000	21.00209091613103
798500	21.0004901834318
799000	20.9967257070668
799500	20.99554273052843
800000	21.000051495957567
800500	20.99953677492408
801000	20.998482471256978
801500	20.99838058761535
802000	21.008144284870127
802500	21.017358258011505
803000	21.01724491890782
803500	21.01456709068527
804000	21.016071565888296
804500	21.007736052051847
805000	21.005477909179337
805500	21.011563651248466
806000	21.025313219125543
806500	21.013900245298448
807000	20.998876519252374
807500	21.00400683970089
808000	21.009539356220984
808500	21.00688248789192
809000	20.999668815122412
809500	21.000636537237426
810000	21.01379205048603
810500	21.020242091343707
811000	21.01959389056901
811500	21.010260056887446
812000	21.01068555039468
812500	21.000836989880032
813000	21.00380228136882
813500	21.000228015505055
814000	20.992124787926365
814500	20.992028343666963
815000	20.987404522231774
815500	20.97919773525769
816000	20.984161467148308
816500	20.97902097902098
817000	20.97640973886716
817500	20.9764462601503
818000	20.9673354168767
818500	20.9611606468188
819000	20.962138757426242
819500	20.961127185809538
820000	20.96660631663649
820500	20.959919587887928
821000	20.956279350091663
821500	20.957663061209125
822000	20.956011436023473
822500	20.946318480276677
823000	20.950735091542064
823500	20.948161497834846
824000	20.947568541124674
824500	20.94145292735363
825000	20.938366602543283
825500	20.938826466916353
826000	20.933772520836452
826500	20.938700184547855
827000	20.942056074766356
827500	20.955891509551446
828000	20.95622091142139
828500	20.955626305840212
829000	20.95555334592821
829500	20.951552795031056
830000	20.94795908233191
830500	20.9489304680133
831000	20.947822636643192
831500	20.954670499888472
832000	20.950682420549406
832500	20.95205089486843
833000	20.9485872631006
833500	20.941618654335947
834000	20.951039272385756
834500	20.955391987353654
835000	20.95038262157492
835500	20.96018157596092
836000	20.97152015781038
836500	20.98077870872351
837000	20.984187971035908
837500	20.985010706638114
838000	20.99424410882078
838500	21.009023184913826
839000	21.010860484544693
839500	21.002873069272894
840000	21.00910451790228
840500	21.000613120784795
841000	20.988652795137615
841500	20.992946017439014
842000	20.995814055959464
842500	20.99970640046976
843000	20.991881052528612
843500	20.988318099613863
844000	20.99555468711836
844500	21.007152098030122
845000	20.999731648410627
845500	21.00258448334715
846000	21.004410438850847
846500	21.00226459200818
847000	20.995886977049818
847500	20.99732425200681
848000	20.998638661999223
848500	21.00187061195734
849000	21.005608293476413
849500	21.013806993278493
850000	21.012682784877658
850500	21.026610440599097
851000	21.024585200435993
851500	21.03173642547629
852000	21.03060360469336
852500	21.030997630446347
853000	21.046399226679554
853500	21.04182766615147
854000	21.03777000120671
854500	21.032827612822306
855000	21.0375334474363
855500	21.034499373614725
856000	21.038310578150206
856500	21.040598753399273
857000	21.047314362687324
857500	21.04719090319013
858000	21.038723935812435
858500	21.034813925570226
859000	21.026490066225165
859500	21.03887383390489
860000	21.036358842844475
860500	21.0304438429663
861000	21.037512268690303
861500	21.032106799368393
862000	21.038662936661645
862500	21.038545176476212
863000	21.03076041268628
863500	21.025873591751
864000	21.025763358778626
864500	21.02414952201588
865000	21.017272185824893
865500	21.020048573741608
866000	21.02470134691352
866500	21.020835315383884
867000	21.025982361470987
867500	21.01812480699337
868000	21.013271289855417
868500	21.020408163265305
869000	21.01605673220596
869500	21.01694915254237
870000	21.01497346474602
870500	21.021973858685357
871000	21.021866717152594
871500	21.02313041010359
872000	21.025386470004253
872500	21.022794378174087
873000	21.01647703130164
873500	21.015005662514156
874000	21.01912329929968
874500	21.010462814591385
875000	21.00949195656782
875500	21.015089809082134
876000	21.0220455026704
876500	21.03518013357163
877000	21.036922136830476
877500	21.028772753963594
878000	21.031876437725927
878500	21.03645662271853
879000	21.033997655334115
879500	21.031541453812626
880000	21.02822344536831
880500	21.025773075212435
881000	21.019510597482803
881500	21.021252717963108
882000	21.024957936062815
882500	21.017352920568932
883000	21.006559443497746
883500	21.006462450131817
884000	21.009677043255216
884500	21.006758331391286
885000	21.01229851858753
885500	21.0196717495053
886000	21.023242828226426
886500	21.017997488722504
887000	21.01740605609909
887500	21.022925231691172
888000	21.01683110853163
888500	21.010625957032154
889000	21.0012521448778
889500	21.014089729328884
890000	21.02459585900227
890500	21.02497627369737
891000	21.021215556532404
891500	21.018312985571587
892000	21.015899426881123
892500	21.019564363753958
893000	21.024078306438582
893500	21.028587249948085
894000	21.019739876395167
894500	21.009933393256354
895000	21.012623237814427
895500	21.01070565212386
896000	21.016176910509238
896500	21.01377613210368
897000	21.01319358249437
897500	21.010797151389845
898000	21.008403361344538
898500	21.00371747211896
899000	21.00772882599821
899500	20.99846425378779
900000	20.997411403569053
900500	21.00924993131239
901000	21.010114879399513
901500	21.00219559052237
902000	21.007154776327518
902500	20.99876639100836
903000	20.998675738618203
903500	21.00362839734374
904000	20.995735170023035
904500	20.996124914520173
905000	20.99364450215267
905500	20.997632273927692
906000	20.998020342685507
906500	20.996611248834405
907000	20.991021707012163
907500	20.99822799763733
908000	20.99132646110531
908500	20.990764063811923
909000	20.99975051597832
909500	20.992859571574293
910000	20.98681527796656
910500	20.98172843978536
911000	20.97379971944432
911500	20.972300734878463
912000	20.96271186440678
912500	20.961221401630645
913000	20.963044901460595
913500	20.96024547628717
914000	20.97370676047445
914500	20.977665592391425
915000	20.983872420938823
915500	20.99457463812161
916000	20.99318227842405
916500	20.982323573067063
917000	20.985323534039065
917500	20.98074892737606
918000	20.97842437304955
918500	20.977875510478842
919000	20.98499629953576
919500	20.981732601143115
920000	20.9834229390681
920500	20.98287249524236
921000	20.98502987312314
921500	20.981773454098178
922000	20.98746116537404
922500	20.989612420417735
923000	20.97836522360401
923500	20.98181412473502
924000	20.981734650638952
924500	20.99995541884
925000	21.00971392923982
925500	21.016767987173495
926000	21.010348280850117
926500	21.010608722727575
927000	21.013671223741248
927500	21.010531929076123
928000	21.0121916013413
928500	21.01513604687292
929000	21.025663775702593
929500	21.02101436424898
930000	21.02044885570596
930500	21.025243578387954
931000	21.030033419648984
931500	21.025039815961776
932000	21.02935974531305
932500	21.02797542758651
933000	21.0242706654005
933500	21.031141715773906
934000	21.02430632140809
934500	21.0210739793669
935000	21.02677095956814
935500	21.019599207223077
936000	21.011621764395137
936500	21.02206480850034
937000	21.017217494557688
937500	21.023713764532648
938000	21.022689832407142
938500	21.023974708000353
939000	21.02780154916288
939500	21.027238036756
940000	21.020099511211452
940500	21.01642935377875
941000	21.01414371414809
941500	21.007483916145127
942000	20.999453253143795
942500	21.007301184803044
943000	21.001463745002514
943500	20.9925330771582
944000	20.99290780141844
944500	20.989377712827448
945000	20.984021101737405
945500	20.98222067282552
946000	20.98821889767209
946500	20.98550472293562
947000	20.984968784668595
947500	20.978823324781494
948000	20.97748609179416
948500	20.98175499565595
949000	20.9816776658562
949500	20.979324409346322
950000	20.97753491196114
950500	20.975747198682242
951000	20.98262640266886
951500	20.97605334949985
952000	20.977795091546554
952500	20.982954053820198
953000	20.985945945945947
953500	20.995872144539778
954000	20.98589419566673
954500	20.980696981474285
955000	20.979368093922652
955500	20.97838747249903
956000	20.981372887202486
956500	20.983451129115668
957000	20.97861434755454
957500	20.983296022042364
958000	20.986618475969195
958500	20.98699064616708
959000	20.988158432013066
959500	20.98842329087824
960000	20.99443955430559
960500	20.99909875112656
961000	20.997662398936285
961500	21.006151801599042
962000	21.006963042313874
962500	21.00901518233795
963000	21.007126500738334
963500	21.005347593582886
964000	21.002223362408074
964500	20.99403833415244
965000	20.988788040576615
965500	20.992187166460315
966000	20.99637294644762
966500	20.997526441487548
967000	21.01112579393836
967500	21.013165182565718
968000	21.01004939533299
968500	21.00861793807852
969000	21.006401667411044
969500	21.016156462585034
970000	21.019527846837082
970500	21.033406248009005
971000	21.031628104436425
971500	21.031190324633993
972000	21.031426269137793
972500	21.029651766600963
973000	21.04438089185468
973500	21.044273645429715
974000	21.049735449735447
974500	21.046619849395043
975000	21.045621749608895
975500	21.04206723150711
976000	21.038626428164136
976500	21.041965718145743
977000	21.04019411330309
977500	21.043863348797977
978000	21.037324285021814
978500	21.043983822042467
979000	21.045539718298
979500	21.0514131784414
980000	21.04875688864583
980500	21.048648194088216
981000	21.04511167608682
981500	21.03947921041579
982000	21.029763653918813
982500	21.038056476314352
983000	21.03541548719884
983500	21.037409619616472
984000	21.037307023607532
984500	21.035991708716317
985000	21.032916902086342
985500	21.030285284029112
986000	21.023036080103683
986500	21.021730045967406
987000	21.03999164665344
987500	21.039888121229833
988000	21.037259565235534
988500	21.03836530442035
989000	21.044076273835575
989500	21.040573190035825
990000	21.04167534035555
990500	21.039490657900213
991000	21.036870671907167
991500	21.03545745521054
992000	21.033279321949397
992500	21.039079696000666
993000	21.03067535594205
993500	21.034289625987928
994000	21.036262984387637
994500	21.03649060278912
995000	21.032247374852435
995500	21.036724216453443
996000	21.034447088031445
996500	21.028906993093752
997000	21.02880998635969
997500	21.021213310474458
998000	21.025249292895925
998500	21.024392257212433
999000	21.021367873937795
999500	21.01845170600969
1000000	21.01706090826671
1000500	21.011657124026854
1001000	21.016446759021015
1001500	21.012241538936323
1002000	21.029469224916202
1002500	21.029804727646454
1003000	21.025598882360192
1003500	21.020965522906014
1004000	21.016768261396056
1004500	21.01419545417248
1005000	21.028784648187635
1005500	21.028688524590162
1006000	21.02654432246436
1006500	21.03216033081537
1007000	21.0275402054262
1007500	21.0270148673797
1008000	21.02444607963372
1008500	21.020266405164666
1009000	21.02587139852572
1009500	21.018796301965345
1010000	21.01827676240209
1010500	21.01947191354878
1011000	21.021418818398583
1011500	21.018758019511598
1012000	21.021882951653943
1012500	21.019328585961343
1013000	21.02298149278015
1013500	21.020001626148467
1014000	21.017451900611526
1014500	21.018642622151823
1015000	21.01694915254237
1015500	21.016859745582178
1016000	21.01186251647572
1016500	21.00899951353981
1017000	20.99995948300312
1017500	20.998278829604132
1018000	20.99245137919171
1018500	21.002063190258504
1019000	20.99676506267691
1019500	21.0035972676933
1020000	20.999474811134004
1020500	20.99939430648092
1021000	20.992412624102023
1021500	20.984267849939492
1022000	20.979739945570003
1022500	20.985713997864153
1023000	20.98765432098765
1023500	20.982385505787622
1024000	20.989095006237175
1024500	20.991875150832595
1025000	20.989366620434584
1025500	20.984429934706178
1026000	20.986786617936463
1026500	20.992734133515313
1027000	20.985796822339914
1027500	20.98087179692826
1028000	20.976792657020322
1028500	20.97430042265088
1029000	20.977816929606792
1029500	20.983750900504283
1030000	20.98693817134399
1030500	20.989283429302624
1031000	20.985631207658027
1031500	20.984818218138233
1032000	20.982748981710724
1032500	20.981937930346273
1033000	20.983443048075003
1033500	20.981377357738165
1034000	20.986547085201792
1034500	20.98804780876494
1035000	20.99279200350444
1035500	20.992715838076663
1036000	20.98824371904279
1036500	20.98900443401666
1037000	20.984955382872588
1037500	20.976840265363684
1038000	20.97750779187263
1038500	20.975871100881022
1039000	20.977786592621975
1039500	20.97292153986441
1040000	20.967326477639737
1040500	20.963301843819934
1041000	20.96793349168646
1041500	20.972241457768632
1042000	20.96780572694194
1042500	20.96971853257432
1043000	20.97443395108073
1043500	20.975513428120063
1044000	20.984486637982076
1044500	20.98836062339712
1045000	20.9890174892048
1045500	20.982204441992
1046000	20.986487018870896
1046500	20.982063751452028
1047000	20.984787357565978
1047500	20.984715856561166
1048000	20.982265738665408
1048500	20.984573056892994
1049000	20.973032427867146
1049500	20.96862852879972
1050000	20.965051706206708
1050500	20.966539834464363
1051000	20.964105781106035
1051500	20.96290635471166
1052000	20.958517764111402
1052500	20.960006264314938
1053000	20.959946778327822
1053500	20.96102321397141
1054000	20.96178281692894
1054500	20.96408613075931
1055000	20.95703125
1055500	20.96087771357176
1056000	20.962769278801126
1056500	20.964659073178343
1057000	20.96450361591392
1057500	20.96013716245178
1058000	20.976065746168377
1058500	20.975590765756998
1059000	20.972354623450904
1059500	20.969529624516305
1060000	20.970688850878556
1060500	20.96868200186509
1061000	20.965956537781835
1061500	20.96589475318827
1062000	20.968899753603786
1062500	20.965771356540287
1063000	20.963771346604894
1063500	20.96299166828134
1064000	20.95396711660244
1064500	20.955035518649712
1065000	20.9530442857972
1065500	20.955733044537702
1066000	20.94794425221812
1066500	20.941285573523448
1067000	20.944693341572687
1067500	20.942711550339716
1068000	20.94032759053113
1068500	20.942206452359372
1069000	20.937180747508627
1069500	20.95254609560141
1070000	20.96404567951162
1070500	20.962060403072126
1071000	20.962714994805495
1071500	20.962252177758973
1072000	20.958751393534
1072500	20.953643401917276
1073000	20.954392702832454
1073500	20.955543611793612
1074000	20.956693593261317
1074500	20.969257618472277
1075000	20.965361243698126
1075500	20.961468452415165
1076000	20.96100812011644
1076500	20.96135071498306
1077000	20.965519880601587
1077500	20.969284320850708
1078000	20.96681703494151
1078500	20.963643658177787
1079000	20.97393297049556
1079500	20.970451248377493
1080000	20.968572900566716
1080500	20.97081823383559
1081000	20.971554945473958
1081500	20.977608384945214
1082000	20.973333333333333
1082500	20.971764750680656
1083000	20.977809918928177
1083500	20.978449013752307
1084000	20.981480777274975
1084500	20.98741971038729
1085000	20.99194590076742
1085500	20.982778590008923
1086000	20.986810892874086
1086500	20.986342943854325
1087000	20.98437736993781
1087500	20.988496598252695
1088000	20.98164390308587
1088500	20.9902489822967
1089000	20.996953123521507
1089500	20.994987231627732
1090000	20.99342005747996
1090500	20.99941411048742
1091000	21.001926782273603
1091500	21.00035875455524
1092000	20.997603185687055
1092500	20.99603848330504
1093000	21.001225605732063
1093500	21.004919052375655
1094000	21.00484147467174
1094500	21.00634615746756
1095000	21.013006079542247
1095500	21.01856903655485
1096000	21.010568280115837
1096500	21.013947892777924
1097000	21.01119795580941
1097500	21.014574412140334
1098000	21.00964968272444
1098500	21.003152443143435
1099000	21.002382158197815
1099500	21.000037496719038
1100000	20.99542762911326
1100500	20.991215418906517
1101000	20.98818595420419
1101500	20.989202238149595
1102000	20.990217533621383
1102500	20.986015554890816
1103000	20.98417029547536
1103500	20.98027495517035
1104000	20.989152555030714
1104500	20.994681347391992
1105000	21.00462583003805
1105500	21.00533243837864
1106000	21.0089828171009
1106500	21.004489651446562
1107000	21.001471108545463
1107500	21.011093738366466
1108000	21.01179622669594
1108500	21.01279476307372
1109000	21.020055389305032
1109500	21.033368014268728
1110000	21.032202949151284
1110500	21.02879206965045
1111000	21.02528897712303
1111500	21.024033825383874
1112000	21.021705684998796
1112500	21.01528485409912
1113000	21.011500212966908
1113500	21.00849669572944
1114000	21.008123461816027
1114500	21.001720088038915
1115000	21.0034941117746
1115500	21.00157072900305
1116000	21.00849649057998
1116500	21.008806749995383
1117000	21.00688356985993
1117500	20.99826613051979
1118000	20.99741887905605
1118500	20.997733262075446
1119000	20.997660581723064
1119500	20.9957467179761
1120000	20.99383454495261
1120500	20.989312190724966
1121000	20.992148859102358
1121500	20.9861795192237
1122000	20.982438092438827
1122500	20.980921427128667
1123000	20.98260167376303
1123500	20.981766151814213
1124000	20.986137597183514
1124500	20.986070381231674
1125000	20.984940090139606
1125500	20.981889432144886
1126000	20.977779404766263
1126500	20.98175896957389
1127000	20.983522612973427
1127500	20.98239584666289
1128000	20.980119865516738
1128500	20.97861226278972
1129000	20.974514385862424
1129500	20.975894600463498
1130000	20.97141919127437
1130500	20.972034856163635
1131000	20.9719741973104
1131500	20.97153161029452
1132000	20.977314932818704
1132500	20.98194788178774
1133000	20.981119720615517
1133500	20.982873350059997
1134000	20.981372103589276
1134500	20.983886496993478
1135000	20.986398881403332
1135500	20.981267697669352
1136000	20.979388925175993
1136500	20.981810927950963
1137000	20.984991299303946
1137500	20.98530557518436
1138000	20.98629045402684
1138500	20.984413750656216
1139000	20.985398158032822
1139500	20.98714076431969
1140000	20.983748802400623
1140500	20.98073934882376
1141000	20.97345132743363
1141500	20.974059967146236
1142000	20.97257307831108
1142500	20.976788645012352
1143000	20.972364934292358
1143500	20.97306063609334
1144000	20.973378003530385
1144500	20.974740291305835
1145000	20.975723874822293
1145500	20.972442077996835
1146000	20.97748687333669
1146500	20.97269900609285
1147000	20.97197269134028
1147500	20.96794468887492
1148000	20.963254169134938
1148500	20.96536874214965
1149000	20.964935880190115
1149500	20.962710648978128
1150000	20.96907142601154
1150500	20.97372239239078
1151000	20.9708320650325
1151500	20.96540368335332
1152000	20.972502996583
1152500	20.97310635862957
1153000	20.97417106086335
1153500	20.974110668405725
1154000	20.97226439019163
1154500	20.975775211096632
1155000	20.981067432772434
1155500	20.97706274747619
1156000	20.98338443984882
1156500	20.983232658006806
1157000	20.97960637634696
1157500	20.97739006587146
1158000	20.971616691876502
1158500	20.978672690727336
1159000	20.994239385534456
1159500	20.98987026834903
1160000	20.986908716272627
1160500	20.985725445635964
1161000	20.99172967025166
1161500	20.98885892705081
1162000	20.984501897364968
1162500	20.9797770333741
1163000	20.979714766586945
1163500	20.977881669588623
1164000	20.97102501017753
1164500	20.97310686482661
1165000	20.976584606677985
1165500	20.974014495315537
1166000	20.986323638548257
1166500	20.988112271033156
1167000	20.98841726110601
1167500	20.98621626868569
1168000	20.986151539207903
1168500	20.98682702311884
1169000	20.992050201829688
1169500	20.995137078018182
1170000	20.99682986967242
1170500	20.989719033870855
1171000	20.99030458728511
1171500	20.98847946530648
1172000	20.983139647321508
1172500	20.974941130987943
1173000	20.97173672469216
1173500	20.970941971732067
1174000	20.97153487066091
1174500	20.97747526489369
1175000	20.981289564592213
1175500	20.979474505267216
1176000	20.98642137538327
1176500	20.98036811964764
1177000	20.97892304460472
1177500	20.98024462370295
1178000	20.977418621328994
1178500	20.975609756097562
1179000	20.98290747666818
1179500	20.98808567136019
1180000	20.986274578283798
1180500	20.98795601326584
1181000	20.98476785371556
1181500	20.987094523892573
1182000	20.98941900395698
1182500	20.997700027878448
1183000	20.98993347034031
1183500	20.985010706638114
1184000	20.990167928304185
1184500	20.990746538648857
1185000	20.992419500660688
1185500	20.986409926662265
1186000	20.985617009449694
1186500	20.983367478037433
1187000	20.989604123639772
1187500	20.990095575098437
1188000	20.995231902904205
1188500	20.997261603521785
1189000	20.998925886143933
1189500	20.996761736540424
1190000	20.99395869757136
1190500	21.000899840797395
1191000	20.999463769870786
1191500	20.99593671652114
1192000	20.99896301417214
1192500	20.995076444674787
1193000	21.000552600676937
1193500	20.99803224358753
1194000	20.994789689796765
1194500	21.001983271535742
1195000	21.00327529736252
1195500	21.000120621025967
1196000	21.002135868816314
1196500	21.001704516106816
1197000	21.00199642021203
1197500	21.007087806220753
1198000	21.009732778484715
1198500	21.015539053905393
1199000	21.01103130691776
1199500	21.014754126517925
1200000	21.01747879537104
1200500	21.016320856716263
1201000	21.024189397838395
1201500	21.0264588370458
1202000	21.018442341971756
1202500	21.014579657009712
1203000	21.015857793608934
1203500	21.0110070698598
1204000	21.003730194038532
1204500	21.001864171982692
1205000	20.99900851311156
1205500	21.00271697339417
1206000	21.002647536083355
1206500	21.006710263458945
1207000	21.006194856391964
1207500	21.007829958547276
1208000	21.00165407636035
1208500	21.007414983380208
1209000	21.00805970657897
1209500	21.0178498433029
1210000	21.01777444837919
1210500	21.015639624921292
1211000	21.01690878780662
1211500	21.012003944639034
1212000	21.008174850014445
1212500	21.00774667029084
1213000	21.002581171036542
1213500	21.00108629234843
1214000	21.003070971682586
1214500	21.00603758225358
1215000	21.01140929357316
1215500	21.00723569383017
1216000	21.009485094850948
1216500	21.003708030680144
1217000	21.00265727874346
1217500	20.999204831915
1218000	20.995755187634234
1218500	21.003786598147272
1219000	21.00674202869164
1219500	21.025606377947437
1220000	21.02926030357776
1220500	21.03015881052436
1221000	21.02874687900668
1221500	21.03035413153457
1222000	21.03062892975743
1222500	21.034540859309185
1223000	21.03277528884697
1223500	21.030389763448103
1224000	21.030310170147594
1224500	21.032887543107073
1225000	21.036170105433083
1225500	21.036441874537754
1226000	21.041313149980677
1226500	21.037163920936404
1227000	21.03063365505665
1227500	21.027817858461127
1228000	21.027120406554516
1228500	21.02607091960768
1229000	21.022289257583378
1229500	21.026534441168586
1230000	21.02918766850311
1230500	21.030430852666466
1231000	21.025683928720824
1231500	21.027279265416716
1232000	21.03089681000468
1232500	21.03152054016111
1233000	21.029067824924823
1233500	21.03197795775236
1234000	21.03084523968487
1234500	21.033401181220597
1235000	21.035253310209118
1235500	21.032804373916523
1236000	21.031408814463052
1236500	21.030979347101933
1237000	21.03186494855659
1237500	21.023729490464937
1238000	21.02733003975581
1238500	21.030927835051546
1239000	21.032511136227644
1239500	21.036104142090483
1240000	21.03829674162155
1240500	21.039525888543967
1241000	21.037784378474353
1241500	21.042679184567152
1242000	21.04189809825411
1242500	21.04181513830651
1243000	21.04077270995212
1243500	21.037640551774388
1244000	21.043135697023867
1244500	21.043052384261557
1245000	21.044971138419807
1245500	21.04219018648327
1246000	21.039149906628545
1246500	21.033502940593404
1247000	21.027775025595297
1247500	21.030305031031297
1248000	21.035176874340024
1248500	21.036660784669426
1249000	21.042913431261027
1249500	21.047774426921112
1250000	21.045088381134374
1250500	21.052458260611846
1251000	21.04604851716533
1251500	21.044665624742947
1252000	21.04657281936587
1252500	21.040865305585694
1253000	21.044069801833775
1253500	21.047271771623794
1254000	21.043903720487307
1254500	21.03717075572331
1255000	21.03847100319908
1255500	21.039080308968956
1256000	21.037360043277978
1256500	21.040557148709546
1257000	21.04375174040525
1257500	21.045651034844116
1258000	21.043930862904283
1258500	21.043503869373865
1259000	21.04049457019495
1259500	21.03748753412788
1260000	21.035773234626006
1260500	21.0396484406907
1261000	21.032089491303992
1261500	21.03793914065561
1262000	21.032963446475193
1262500	21.03099510603589
1263000	21.02860124580113
1263500	21.031442030284754
1264000	21.02939259645464
1264500	21.028973469487468
1265000	21.02761135712425
1265500	21.027193282234048
1266000	21.02711759634311
1266500	21.019170419993173
1267000	21.016106226332298
1267500	21.015093174765642
1268000	21.014681044562817
1268500	21.01461038961039
1269000	21.01940802284824
1269500	21.01677318885248
1270000	21.016361012469396
1270500	21.012448939894963
1271000	21.015960463420562
1271500	21.022027858762552
1272000	21.024852262608274
1272500	21.025798724630178
1273000	21.02444627805012
1273500	21.019180386195295
1274000	21.01485588658444
1274500	21.01129587433946
1275000	21.007059431691516
1275500	21.00308417704145
1276000	21.002679407302193
1276500	20.999725704696903
1277000	21.00033871514057
1277500	21.00053202637561
1278000	21.000128924128152
1278500	21.000064437141567
1279000	20.99838969404187
1279500	20.995106561071406
1280000	21.002751452155305
1280500	21.009119714345456
1281000	21.003553111786363
1281500	21.002217865063805
1282000	21.0044341623289
1282500	21.010792060127194
1283000	21.010386399755994
1283500	21.011922910281303
1284000	21.004763967085317
1284500	21.005627795860125
1285000	21.009103731247595
1285500	21.015189386656413
1286000	21.015792677066983
1286500	21.01058294241022
1287000	21.01177901542795
1287500	21.00851091060344
1288000	21.007180438502505
1288500	21.00231796019503
1289000	21.00452242836825
1289500	21.00059102598917
1290000	20.99985629660381
1290500	20.997861269831137
1291000	20.994607358243723
1291500	20.9900958517408
1292000	20.987772410604684
1292500	20.9857853136155
1293000	20.986985679468596
1293500	20.985334628429484
1294000	20.991977588182863
1294500	20.9909938580021
1295000	20.992858165391528
1295500	20.99405348681909
1296000	21.000095368280512
1296500	21.00069912291852
1297000	21.001556494393444
1297500	20.9995713401178
1298000	21.00426909587215
1298500	21.00320441638377
1299000	21.003805899143675
1299500	21.006911419694376
1300000	21.007178284500927
1300500	21.002027497940823
1301000	20.996959716240184
1301500	20.9988128215275
1302000	20.993338712995048
1302500	20.995777120533948
1303000	20.99637938939746
1303500	20.99690245906821
1304000	21.000252748641476
1304500	20.996368229906835
1305000	20.999210734017364
1305500	21.002303783886138
1306000	21.000331235508447
1306500	21.00217590110687
1307000	21.00269507793661
1307500	21.002048211753586
1308000	21.005796005796007
1308500	21.006061560261355
1309000	21.00160533853757
1309500	21.007583624406053
1310000	21.010993850364102
1310500	21.01688519950948
1311000	21.022191488024138
1311500	21.021459766864613
1312000	21.017587939698494
1312500	21.023217845873692
1313000	21.02132734891166
1313500	21.015890943887555
1314000	21.007902659307575
1314500	21.000329158764245
1315000	20.99713269510991
1315500	20.99707112315379
1316000	20.992641302646
1316500	20.996040254800995
1317000	20.99317854684273
1317500	20.98842664998436
1318000	20.988445723041323
1318500	20.989294365867
1319000	20.984549047790154
1319500	20.987866389743427
1320000	20.984686470707604
1320500	20.988983553350185
1321000	20.98892528466698
1321500	20.98730782424299
1322000	20.984132921849184
1322500	20.982768828093352
1323000	20.988288793371957
1323500	20.991671207285748
1324000	20.99660742631268
1324500	20.996873104027628
1325000	20.999922245548557
1325500	20.997077477925632
1326000	21.000777000777003
1326500	21.00570114799683
1327000	21.009316770186334
1327500	21.010803427294174
1328000	21.00698215671063
1328500	21.00504071345483
1329000	21.00244953644848
1329500	21.003610891564772
1330000	21.000449257176495
1330500	20.99598940832159
1331000	20.989087531924774
1331500	20.9926971159797
1332000	20.990442018002412
1332500	20.989486703772418
1333000	20.99406528189911
1333500	20.994654389271698
1334000	20.99427035875894
1334500	20.992342843028283
1335000	20.991636060615413
1335500	20.991577453490883
1336000	20.98932955036082
1336500	20.991460369331318
1337000	20.99391324447184
1337500	20.993530499075785
1338000	20.988851933973883
1338500	20.985716044822066
1339000	20.982259627959934
1339500	20.983097248496595
1340000	20.985794231597072
1340500	20.980804991624275
1341000	20.978247511367826
1341500	20.976980604739015
1342000	20.97507061279627
1342500	20.97073672257431
1343000	20.967939868077927
1343500	20.969423743367987
1344000	20.96751942856267
1344500	20.969891978855433
1345000	20.974757995343708
1345500	20.972853796334572
1346000	20.974258516727375
1346500	20.97420677416394
1347000	20.975363582144332
1347500	20.977160852416915
1348000	20.977108102325868
1348500	20.975527787113137
1349000	20.974835084290252
1349500	20.98177488781024
1350000	20.97554277344644
1350500	20.975490719416783
1351000	20.973029014011495
1351500	20.96961014417655
1352000	20.96186950626876
1352500	20.95990742009654
1353000	20.95713589868485
1353500	20.951888256595964
1354000	20.953684690851016
1354500	20.95116462932555
1355000	20.950166415902977
1355500	20.950688177923617
1356000	20.948172444687412
1356500	20.951166567997937
1357000	20.951759510766475
1357500	20.94924612444256
1358000	20.949203942380592
1358500	20.952510875661257
1359000	20.95
1359500	20.946611132146913
1360000	20.944176117007586
1360500	20.952582749383257
1361000	20.947121567440803
1361500	20.949788263762855
1362000	20.954036891442396
1362500	20.955504503959858
1363000	20.95426594346322
1363500	20.949691138934618
1364000	20.951475073225232
1364500	20.949290673105946
1365000	20.949248687466053
1365500	20.958571493205845
1366000	20.954563270720897
1366500	20.950558309850663
1367000	20.952653540816176
1367500	20.956568881392688
1368000	20.956524357198774
1368500	20.953154861330564
1369000	20.95643540525904
1369500	20.95726444317464
1370000	20.953583453583455
1370500	20.95560063105702
1371000	20.950735956743767
1371500	20.95362488552598
1372000	20.9565830744526
1372500	20.96072489423625
1373000	20.95973607258004
1373500	20.958433888447527
1374000	20.96399622432315
1374500	20.95976994278525
1375000	20.956972183130222
1375500	20.960234670817307
1376000	20.962867658059302
1376500	20.969430485762146
1377000	20.968441195377554
1377500	20.96807938310718
1378000	20.96653719749029
1378500	20.97426937263862
1379000	20.971546293255308
1379500	20.966466190099542
1380000	20.964926675717205
1380500	20.96189695026471
1381000	20.963341731391345
1381500	20.965410351559587
1382000	20.959644862875955
1382500	20.95928760758853
1383000	20.953841115791665
1383500	20.960614221732854
1384000	20.960016659725113
1384500	20.968341536677126
1385000	20.966806891323415
1385500	20.969108010520216
1386000	20.970544984626354
1386500	20.967215062065687
1387000	20.966616693137794
1387500	20.969848053181387
1388000	20.96979945413552
1388500	20.971544655169858
1389000	20.9679092862966
1389500	20.9749592532227
1390000	20.97490890778209
1390500	20.968936006396397
1391000	20.966787046356046
1391500	20.96285008359101
1392000	20.963973024136298
1392500	20.968671920046127
1393000	20.97298575397529
1393500	20.972626416320743
1394000	20.96962358048939
1394500	20.97074193262673
1395000	20.96859874867194
1395500	20.97235743576128
1396000	20.96874078442937
1396500	20.96721891397913
1397000	20.968645016797314
1397500	20.970070111353326
1398000	20.97033056025915
1398500	20.972988886435566
1399000	20.975573866980575
1399500	20.9766860336839
1400000	20.973386266725484
1400500	20.972791815495878
1401000	20.979545053782402
1401500	20.977100133668237
1402000	20.977357493172008
1402500	20.982326346074807
1403000	20.98196598629474
1403500	20.978979948073285
1404000	20.975924459693264
1404500	20.977032553094816
1405000	20.98137756223352
1405500	20.97839619187111
1406000	20.973645680819914
1406500	20.9709760988247
1407000	20.965075277627403
1407500	20.972106425614697
1408000	20.971444446069043
1408500	20.966398222715913
1409000	20.962510592291732
1409500	20.963313471199907
1410000	20.966729441305713
1410500	20.966070777088657
1411000	20.967483114268624
1411500	20.963672689620978
1412000	20.96125251465057
1412500	20.961207775931918
1413000	20.959400993488426
1413500	20.958511118554224
1414000	20.953185047164318
1414500	20.9537530195873
1415000	20.9516466891656
1415500	20.949306343251024
1416000	20.947812182003197
1416500	20.94922544830994
1417000	20.94773235712833
1417500	20.941579658161857
1418000	20.946200969718085
1418500	20.9449458745683
1419000	20.947504315409272
1419500	20.946014529530327
1420000	20.95322307101338
1420500	20.95203593682075
1421000	20.95169117114507
1421500	20.95134665508254
1422000	20.948948427345233
1422500	20.949211402112574
1423000	20.951457995834296
1423500	20.952559968768526
1424000	20.955712303422757
1424500	20.955064297066897
1425000	20.955022098968715
1425500	20.950648300557337
1426000	20.95030526969098
1426500	20.948588084209916
1427000	20.950595023440314
1427500	20.953438405744855
1428000	20.952792792792792
1428500	20.95191434788247
1429000	20.95991242095559
1429500	20.957894130522437
1430000	20.95664440350069
1430500	20.952819465028274
1431000	20.953079600701933
1431500	20.950764983319914
1432000	20.9547355862525
1432500	20.952955714573097
1433000	20.950041655893592
1433500	20.95377590143454
1434000	20.94852582321362
1434500	20.949319864546865
1435000	20.947845544781686
1435500	20.94033638749086
1436000	20.93576640243116
1436500	20.936497019715727
1437000	20.933596883235932
1437500	20.927235760717046
1438000	20.9335279972518
1438500	20.934624905206828
1439000	20.93971250804548
1439500	20.935985243862334
1440000	20.935351542958422
1440500	20.933057083660785
1441000	20.937607130613646
1441500	20.935844530435652
1442000	20.93355220897866
1442500	20.931261326826206
1443000	20.929569025778562
1443500	20.92585461857699
1444000	20.922673357664234
1444500	20.9212176490708
1445000	20.917211608325854
1445500	20.916289270557407
1446000	20.914241785775296
1446500	20.910772733741283
1447000	20.90849598816366
1447500	20.910784634420377
1448000	20.906790263876253
1448500	20.903031422764805
1449000	20.91070540598139
1449500	20.908664839300677
1450000	20.90976205349537
1450500	20.908910272786624
1451000	20.912844231942454
1451500	20.914170637621964
1452000	20.909889985255756
1452500	20.903898754269356
1453000	20.897615708274895
1453500	20.892753458994804
1454000	20.895860467750154
1454500	20.89353692880291
1455000	20.894931175463665
1455500	20.900567097057035
1456000	20.89718939094045
1456500	20.895459106519496
1457000	20.89178993769338
1457500	20.89118000141233
1458000	20.886924847167123
1458500	20.88802325909617
1459000	20.886593865515394
1459500	20.88175561322351
1460000	20.881150430001412
1460500	20.88054569028694
1461000	20.881056027499543
1461500	20.879925640086753
1462000	20.876800270304514
1462500	20.87279584570568
1463000	20.871375715712617
1463500	20.869956544362722
1464000	20.871936903372745
1464500	20.870225145459145
1465000	20.873022563151537
1465500	20.87833377807115
1466000	20.88083338013141
1466500	20.879182573545922
1467000	20.878874187981424
1467500	20.876346499102333
1468000	20.873235092048624
1468500	20.87631755999103
1469000	20.87939804111144
1469500	20.879967501996106
1470000	20.880536612006555
1470500	20.885012739031833
1471000	20.886687098534786
1471500	20.88218012926331
1472000	20.877968282381897
1472500	20.876555291486092
1473000	20.875143248455714
1473500	20.874315412987592
1474000	20.873488086259393
1474500	20.867889754544695
1475000	20.871191503021674
1475500	20.869261894795592
1476000	20.865356450420546
1476500	20.862556994854774
1477000	20.86196562730859
1477500	20.860562654144662
1478000	20.86003231737895
1478500	20.858921335171495
1479000	20.859493547533862
1479500	20.860586156029946
1480000	20.860056483813075
1480500	20.861728463742317
1481000	20.860908737000166
1481500	20.860319666435025
1482000	20.8597907490517
1482500	20.86423868655721
1483000	20.86306961761684
1483500	20.864158119005648
1484000	20.86911881009532
1484500	20.864716407973035
1485000	20.861583683429696
1485500	20.86157428583309
1486000	20.86098679561609
1486500	20.864325784334095
1487000	20.864026585433397
1487500	20.8587683235746
1488000	20.863488549090153
1488500	20.861518031290203
1489000	20.863408833208883
1489500	20.858386896122745
1490000	20.86310058452057
1490500	20.867751471116392
1491000	20.868316394167035
1491500	20.86611999226925
1492000	20.86553323029366
1492500	20.868569536606564
1493000	20.862753751103266
1493500	20.862456401560582
1494000	20.860781125106804
1494500	20.86266514210142
1495000	20.861793544122506
1495500	20.860407488986784
1496000	20.86039854673566
1496500	20.859300837838955
1497000	20.85407784348783
1497500	20.85762208534976
1498000	20.85812844440169
1498500	20.860868012145026
1499000	20.862173148758515
1499500	20.865195842886365
1500000	20.86598504082893
1500500	20.86980381396625
1501000	20.869219375720007
1501500	20.86755048600924
1502000	20.86205715068869
1502500	20.85959335781224
1503000	20.85815631976115
1503500	20.854267917037443
1504000	20.857569080433027
1504500	20.854539484485308
1505000	20.853962088678575
1505500	20.859138946994243
1506000	20.864086162593626
1506500	20.86407607804558
1507000	20.861334207506964
1507500	20.863771044690523
1508000	20.86376107342242
1508500	20.862671251569235
1509000	20.861866695768423
1509500	20.863221055502525
1510000	20.867360154876003
1510500	20.865476352732728
1511000	20.863819061243955
1511500	20.863583736293673
1512000	20.870666412484002
1512500	20.872015463777192
1513000	20.879375102063033
1513500	20.884801654241716
1514000	20.88178096908871
1514500	20.885843631469474
1515000	20.88339222614841
1515500	20.880091296905142
1516000	20.880076055955453
1516500	20.875704297060622
1517000	20.87812160694897
1517500	20.87511023675463
1518000	20.875096637686664
1518500	20.87101541632205
1519000	20.86857514638907
1519500	20.873418064551096
1520000	20.870189507335112
1520500	20.870177529215812
1521000	20.870389170896786
1521500	20.869023938077646
1522000	20.867600908992536
1522500	20.868659824483117
1523000	20.865662764605695
1523500	20.862444087082256
1524000	20.86541838912756
1524500	20.864902826735815
1525000	20.863542468305724
1525500	20.863251093235437
1526000	20.86616297895305
1526500	20.870198532585242
1527000	20.868896889284414
1527500	20.868604086914324
1528000	20.868311481815855
1528500	20.865325035696006
1529000	20.867164882515315
1529500	20.8644617641912
1530000	20.868769512326406
1530500	20.871729333423016
1531000	20.8693079426558
1531500	20.866888049367446
1532000	20.863067639667243
1532500	20.860931601080196
1533000	20.86176328372643
1533500	20.856383264407327
1534000	20.856375838926176
1534500	20.861455887286144
1535000	20.860665083772652
1535500	20.859595011398685
1536000	20.860425520505153
1536500	20.861757019366078
1537000	20.858509398319956
1537500	20.86302030320887
1538000	20.858994269801318
1538500	20.857368470361497
1539000	20.85356880058867
1539500	20.851166274341963
1540000	20.853834634720293
1540500	20.85249144568007
1541000	20.8481981801419
1541500	20.848972177327795
1542000	20.85163771347692
1542500	20.84657073444216
1543000	20.844675740592475
1543500	20.840614120503144
1544000	20.835000133344
1544500	20.834222032633036
1545000	20.837164674369326
1545500	20.838218053927314
1546000	20.83954826337098
1546500	20.83982372754989
1547000	20.84170737225986
1547500	20.84464314226409
1548000	20.84303214908022
1548500	20.843306207116644
1549000	20.838262857750543
1549500	20.83532663583692
1550000	20.83399755566183
1550500	20.837427956760777
1551000	20.831286755432835
1551500	20.831010961594608
1552000	20.83073535069449
1552500	20.828581280004244
1553000	20.828085433598048
1553500	20.829909613804436
1554000	20.829082815542986
1554500	20.825883692902643
1555000	20.823735006751924
1555500	20.82318687136051
1556000	20.824513124470787
1556500	20.82291790659842
1557000	20.818733554588846
1557500	20.816094536898735
1558000	20.81450355453368
1558500	20.81478448105045
1559000	20.81292009455016
1559500	20.814796234933794
1560000	20.816067988070415
1560500	20.81447963800905
1561000	20.818167431555626
1561500	20.816358818178223
1562000	20.81186161449753
1562500	20.812691050911774
1563000	20.81456308121921
1563500	20.815611708781585
1564000	20.813479004870345
1564500	20.8108534884333
1565000	20.814533208803063
1565500	20.812676704582813
1566000	20.811642214860388
1566500	20.81082856955122
1567000	20.81422997595933
1567500	20.81686256484339
1568000	20.81555488453308
1568500	20.813974853663016
1569000	20.814254037813086
1569500	20.8105981112277
1570000	20.81191650057694
1570500	20.811923238255034
1571000	20.80641568278013
1571500	20.803804184078494
1572000	20.80588766811152
1572500	20.804859529233106
1573000	20.803287484786225
1573500	20.805913521292602
1574000	20.8095736332723
1574500	20.808817761041816
1575000	20.80855346569595
1575500	20.803062771128417
1576000	20.802257082772762
1576500	20.801504289575742
1577000	20.79656414808626
1577500	20.79815208738434
1578000	20.802891138712035
1578500	20.807137453369158
1579000	20.80633173822904
1579500	20.804765504835892
1580000	20.80374245839903
1580500	20.807659740767274
1581000	20.80902271306522
1581500	20.806697306235108
1582000	20.805351658076944
1582500	20.806661462399166
1583000	20.805098523769267
1583500	20.809278618609248
1584000	20.808745158187534
1584500	20.804584259150978
1585000	20.80302400498805
1585500	20.803303595777006
1586000	20.79968843307802
1586500	20.80175456810631
1587000	20.802034276521493
1587500	20.803610801276232
1588000	20.80356795581543
1588500	20.807735178992665
1589000	20.80515172717614
1589500	20.805377820376656
1590000	20.804630444916352
1590500	20.805933826955936
1591000	20.80750566159819
1591500	20.8075136806427
1592000	20.808329022245214
1592500	20.813508481588748
1593000	20.811467569733473
1593500	20.808621157498933
1594000	20.80577658365196
1594500	20.806053797182297
1595000	20.80606224907375
1595500	20.807846173699833
1596000	20.810971204458664
1596500	20.806840605130454
1597000	20.805023013550276
1597500	20.80320664011651
1598000	20.79881466211428
1598500	20.797269448737765
1599000	20.79856819118253
1599500	20.795252683881266
1600000	20.794996847293177
1600500	20.79602758052897
1601000	20.794001903341137
1601500	20.792244693297675
1602000	20.800236497776407
1602500	20.80024670418626
1603000	20.79715357344705
1603500	20.7968976719699
1604000	20.7997432605905
1604500	20.796704354410238
1605000	20.798265421328132
1605500	20.802872899833268
1606000	20.799302501506546
1606500	20.800594742171576
1607000	20.800871348026654
1607500	20.798801029884586
1608000	20.79704948263498
1608500	20.79375240046089
1609000	20.795576716326217
1609500	20.79329537457616
1610000	20.79048349961627
1610500	20.790496649787734
1611000	20.793813115173208
1611500	20.788713675978222
1612000	20.785425928764884
1612500	20.791080231934405
1613000	20.79109317943873
1613500	20.788553340310926
1614000	20.784473848745073
1614500	20.786509687870712
1615000	20.78551389951543
1615500	20.779154556116467
1616000	20.781719936789518
1616500	20.78248018956863
1617000	20.780957475260763
1617500	20.78580158891831
1618000	20.78274150439099
1618500	20.788110900461874
1619000	20.789396695371227
1619500	20.78962426091932
1620000	20.785295725235475
1620500	20.79039329055213
1621000	20.7906704946772
1621500	20.787615564360458
1622000	20.789640726164784
1622500	20.78680203045685
1623000	20.789089755788137
1623500	20.79137603043754
1624000	20.78832598001927
1624500	20.7964713934447
1625000	20.792681381617292
1625500	20.792430364675035
1626000	20.79550203244311
1626500	20.793984353242017
1627000	20.795525013604667
1627500	20.794534412955464
1628000	20.79275541952293
1628500	20.78897458591478
1629000	20.784670610243186
1629500	20.77784235930353
1630000	20.777596725908523
1630500	20.777613617709083
1631000	20.775630262709406
1631500	20.778909375433813
1632000	20.777402099313687
1632500	20.778156135704375
1633000	20.783478118341257
1633500	20.783443825464445
1634000	20.7867150488862
1634500	20.78772687768443
1635000	20.788950164941703
1635500	20.78492579958966
1636000	20.78420516176119
1636500	20.791767828613843
1637000	20.78648859377751
1637500	20.788021272048375
1638000	20.788034939986176
1638500	20.78830979544655
1639000	20.787067276290006
1639500	20.790114775096065
1640000	20.787144560918964
1640500	20.783605034950995
1641000	20.783880761799615
1641500	20.778878715665368
1642000	20.77868338557994
1642500	20.780685920577618
1643000	20.77668199646621
1643500	20.776699029126213
1644000	20.7777082028804
1644500	20.776733063738682
1645000	20.772995231360376
1645500	20.77952952952953
1646000	20.78178747889174
1646500	20.78206282513005
1647000	20.782338013026465
1647500	20.778084657010385
1648000	20.7778416331426
1648500	20.777858266929783
1649000	20.77688571464246
1649500	20.77617305987942
1650000	20.772446496537096
1650500	20.77922077922078
1651000	20.777212411453657
1651500	20.775723422558563
1652000	20.773976444195178
1652500	20.77373536007974
1653000	20.77199013526642
1653500	20.771021927803858
1654000	20.774047378969513
1654500	20.774065086180077
1655000	20.774858166616898
1655500	20.77539242269708
1656000	20.769919427036708
1656500	20.768695306284805
1657000	20.768972673385445
1657500	20.77002397783603
1658000	20.764816930796364
1658500	20.763853536795835
1659000	20.7628906928825
1659500	20.763637266094207
1660000	20.769602917643557
1660500	20.76615903566645
1661000	20.767676266752623
1661500	20.770899175807152
1662000	20.77313839672903
1662500	20.774394926548915
1663000	20.777355406693825
1663500	20.777372036888035
1664000	20.780120780120782
1664500	20.77740526765059
1665000	20.778610472162452
1665500	20.779092336411626
1666000	20.776379860098377
1666500	20.775674607096967
1667000	20.774199923419918
1667500	20.771234889550175
1668000	20.772231274379106
1668500	20.778419467890814
1669000	20.78141577635767
1669500	20.785643808584116
1670000	20.783960740311464
1670500	20.782950609523105
1671000	20.78101317297384
1671500	20.780772642160244
1672000	20.77981255926797
1672500	20.783777794193693
1673000	20.78404824912302
1673500	20.7803713593129
1674000	20.779412488313735
1674500	20.778661813352354
1675000	20.77944430784362
1675500	20.781200068828202
1676000	20.779476089841253
1676500	20.780672341157253
1677000	20.780129653275708
1677500	20.779172957248594
1678000	20.776479827230784
1678500	20.775524724297405
1679000	20.77457016016286
1679500	20.770192732087686
1680000	20.76944761064333
1680500	20.771200666560475
1681000	20.77096450182513
1681500	20.768025078369906
1682000	20.76998408617946
1682500	20.76633135080892
1683000	20.76048790633373
1683500	20.76835577734561
1684000	20.773980558782174
1684500	20.777458590550697
1685000	20.77452310249172
1685500	20.769907396095487
1686000	20.768958315522063
1686500	20.768977179765816
1687000	20.769963137465517
1687500	20.76876143990238
1688000	20.766087221713935
1688500	20.76925891147669
1689000	20.77146270694658
1689500	20.770515179953442
1690000	20.77494821493847
1690500	20.771816985820788
1691000	20.769652316872676
1691500	20.77063550036523
1692000	20.769183959106677
1692500	20.766516607859835
1693000	20.766536113070767
1693500	20.77339332401046
1694000	20.774421007841468
1694500	20.77200743810693
1695000	20.77349274622731
1695500	20.777864153143526
1696000	20.775956284153004
1696500	20.772331075339306
1697000	20.77017367137153
1697500	20.768978779679937
1698000	20.768288393192872
1698500	20.769473275778445
1699000	20.766107036790107
1699500	20.7670867668444
1700000	20.770488824277667
1700500	20.771969770371086
1701000	20.77319837272375
1701500	20.768122783446504
1702000	20.762799027140836
1702500	20.761107549383688
1703000	20.76354709588478
1703500	20.768905277156502
1704000	20.7679199448896
1704500	20.765773385206483
1705000	20.766750009058956
1705500	20.76360211548214
1706000	20.762415200019312
1706500	20.76193464304677
1707000	20.762205788324426
1707500	20.763933279461604
1708000	20.762042563453306
1708500	20.758901665822908
1709000	20.760378381635235
1709500	20.760649575944488
1710000	20.756307581140483
1710500	20.754421662231962
1711000	20.759259036362103
1711500	20.756624070464227
1712000	20.76000529285104
1712500	20.75877825877826
1713000	20.759049324982268
1713500	20.761973439096206
1714000	20.762243475753355
1714500	20.76226396963436
1715000	20.766136295406785
1715500	20.765407793330294
1716000	20.76397806233274
1716500	20.76354561597159
1717000	20.763270886804673
1717500	20.764739031906092
1718000	20.765708532112292
1718500	20.760233918128655
1719000	20.761204221724388
1719500	20.762874251497006
1720000	20.766237653397187
1720500	20.76361460203471
1721000	20.76577924020341
1721500	20.764354066985646
1722000	20.763178035013873
1722500	20.75911536162582
1723000	20.756746420632453
1723500	20.75437883820402
1724000	20.75271128947494
1724500	20.755618178778686
1725000	20.753500698349033
1725500	20.754266618928273
1726000	20.75309614145608
1726500	20.75217386118301
1727000	20.752894601910256
1727500	20.75818084282053
1728000	20.756313537607113
1728500	20.754896821236237
1729000	20.750604461701545
1729500	20.751077560545806
1730000	20.750854054826153
1730500	20.745668316831683
1731000	20.74044112398582
1731500	20.739974311402882
1732000	20.73688340407319
1732500	20.741911712268525
1733000	20.736692015209126
1733500	20.73721223064313
1734000	20.73891976628189
1734500	20.741769657252078
1735000	20.738683567139024
1735500	20.73539706458158
1736000	20.73710306869269
1736500	20.73639274279616
1737000	20.7364203238732
1737500	20.735508491650567
1738000	20.738151658767773
1738500	20.73482730847586
1739000	20.731505162451455
1739500	20.734146947762166
1740000	20.73343904574823
1740500	20.73913712129278
1741000	20.741774487309886
1741500	20.739435787084112
1742000	20.741581267803742
1742500	20.743725480928298
1743000	20.746113499976374
1743500	20.745447244726833
1744000	20.745026270736172
1744500	20.741754998937655
1745000	20.744385834483897
1745500	20.74347600396395
1746000	20.743256790385544
1746500	20.73714245289693
1747000	20.73785950023574
1747500	20.73764213751252
1748000	20.733402440748243
1748500	20.731764761299136
1749000	20.73719156149934
1749500	20.738151561157597
1750000	20.73371611445783
1750500	20.730703178300043
1751000	20.730488364162326
1751500	20.733599811897484
1752000	20.73431586865054
1752500	20.732724687746014
1753000	20.736076685422955
1753500	20.73727848175594
1754000	20.735401159923924
1754500	20.73518538079645
1755000	20.734483163205443
1755500	20.738273139948156
1756000	20.74137486220888
1756500	20.743988651417986
1757000	20.74191279887482
1757500	20.740081085514753
1758000	20.742207176075063
1758500	20.739162002014194
1759000	20.741729296902438
1759500	20.742925356365426
1760000	20.743878040504967
1760500	20.74527187452485
1761000	20.74739254478275
1761500	20.746732751969702
1762000	20.745103538540643
1762500	20.743761099168147
1763000	20.742618202205197
1763500	20.74103483307449
1764000	20.741302825122578
1764500	20.743178582265482
1765000	20.746461947707996
1765500	20.743229057316817
1766000	20.740878933805952
1766500	20.738089964913918
1767000	20.740930649916677
1767500	20.739549839228296
1768000	20.73772973980293
1768500	20.73402186695854
1769000	20.73240289143163
1769500	20.729621225344737
1770000	20.72965018206354
1770500	20.733409318229395
1771000	20.73411775648777
1771500	20.736470150641622
1772000	20.739742263848377
1772500	20.74281465647436
1773000	20.740276180853165
1773500	20.73657811629203
1774000	20.732641548854378
1774500	20.729867718728244
1775000	20.728538283062644
1775500	20.732287208749405
1776000	20.730477129108934
1776500	20.72702824884953
1777000	20.72841466099633
1777500	20.72636700648749
1778000	20.72547861436364
1778500	20.724350735813445
1779000	20.723901241998774
1779500	20.72022032446944
1780000	20.724639357727057
1780500	20.723033688373867
1781000	20.723980854163297
1781500	20.723532131299123
1782000	20.724718062488446
1782500	20.72546641252238
1783000	20.726411825845943
1783500	20.726680752312006
1784000	20.724641026824877
1784500	20.722799810761224
1785000	20.721874243001004
1785500	20.72146877018175
1786000	20.722891566265062
1786500	20.722922117590105
1787000	20.722475082099443
1787500	20.72274444751636
1788000	20.72047171549659
1788500	20.715659071807686
1789000	20.716127250126608
1789500	20.716159617066324
1790000	20.715279934660824
1790500	20.713447871386187
1791000	20.710229232290253
1791500	20.711650518911835
1792000	20.713268072981293
1792500	20.709141656042178
1793000	20.70596881243828
1793500	20.706003903111007
1794000	20.70623608529
1794500	20.70488624760506
1795000	20.705159085174223
1795500	20.702466545116792
1796000	20.702739883067753
1796500	20.710364351124916
1797000	20.715889820798385
1797500	20.71315662871412
1798000	20.711848102425506
1798500	20.710540175402443
1799000	20.711718517501087
1799500	20.715225725238888
1800000	20.711589063036264
1800500	20.713909920625845
1801000	20.71417953965949
1801500	20.713975446377543
1802000	20.710816524770014
1802500	20.708761267179234
1803000	20.70812632059848
1803500	20.70930245835189
1804000	20.708863649335083
1804500	20.703860505985325
1805000	20.701614283269638
1805500	20.700509814208647
1806000	20.70530288346426
1806500	20.702390315631092
1807000	20.703801622755037
1807500	20.703837039737515
1808000	20.70615034168565
1808500	20.703200610290683
1809000	20.704610130904953
1809500	20.703938459437623
1810000	20.701462992878433
1810500	20.701263548170644
1811000	20.705652267843135
1811500	20.704315009321146
1812000	20.70501602309143
1812500	20.70027151994365
1813000	20.69893694348537
1813500	20.697368122260826
1814000	20.698540261980973
1814500	20.701746422613844
1815000	20.697009574806007
1815500	20.699080217300082
1816000	20.697513577251442
1816500	20.698214791725704
1817000	20.698251538261054
1817500	20.69918662346784
1818000	20.694029174594544
1818500	20.695667927262846
1819000	20.69843785374689
1819500	20.696445344771
1820000	20.693322471884688
1820500	20.693594543541945
1821000	20.69363246751778
1821500	20.6934364331095
1822000	20.689616201799197
1822500	20.68603192895638
1823000	20.686071860210316
1823500	20.685177448312466
1824000	20.68840947833057
1824500	20.68642499209968
1825000	20.69097802049014
1825500	20.692805739165745
1826000	20.694438179439757
1826500	20.69062704335866
1827000	20.69587367424456
1827500	20.698630908783596
1828000	20.695520908435473
1828500	20.6948589447604
1829000	20.6933435417042
1829500	20.693847227537766
1830000	20.69566978754051
1830500	20.69908199081991
1831000	20.697760732401335
1831500	20.698921708625207
1832000	20.70097344933792
1832500	20.700350624831433
1833000	20.700425828342865
1833500	20.70046165769935
1834000	20.700032564877098
1834500	20.69581031927792
1835000	20.695615088495078
1835500	20.692518289125264
1836000	20.690544830448584
1836500	20.69104733707903
1837000	20.68749018992309
1837500	20.68710418651572
1838000	20.68625473453013
1838500	20.683126834405037
1839000	20.68046409532769
1839500	20.680273632119306
1840000	20.681434056032504
1840500	20.68101200666913
1841000	20.680358860773655
1841500	20.677931983135576
1842000	20.678629325283694
1842500	20.682717456911003
1843000	20.680522963459605
1843500	20.67632634365958
1844000	20.682183702644746
1844500	20.67976016346401
1845000	20.67914671310405
1845500	20.678726467207532
1846000	20.6805377363753
1846500	20.679002018714936
1847000	20.679927747920523
1847500	20.681775112310078
1848000	20.681124211558608
1848500	20.68316269120645
1849000	20.683433204874028
1849500	20.68792730997929
1850000	20.687735859558504
1850500	20.684205840455842
1851000	20.682442731105994
1851500	20.684247405710217
1852000	20.67895743450607
1852500	20.67677531237494
1853000	20.67907752153376
1853500	20.67689640996011
1854000	20.678048943047887
1854500	20.682110967971216
1855000	20.678361274564228
1855500	20.675953160552748
1856000	20.67488542926575
1856500	20.6751195269948
1857000	20.67382335980127
1857500	20.67451606465775
1858000	20.675629246234497
1858500	20.67632100871993
1859000	20.673460345591494
1859500	20.678619284393307
1860000	20.676675080820157
1860500	20.676067562482014
1861000	20.67408768008498
1861500	20.67527352781742
1862000	20.672417606724174
1862500	20.67402313084629
1863000	20.670483685560175
1863500	20.672736916548796
1864000	20.675217357681813
1864500	20.674802584350324
1865000	20.677472066422293
1865500	20.677704194260485
1866000	20.679305245966763
1866500	20.683111954459203
1867000	20.684901290393736
1867500	20.680948653207935
1868000	20.68254720620818
1868500	20.684791113364113
1869000	20.683500793231094
1869500	20.680919494652436
1870000	20.681415247051568
1870500	20.680354488908463
1871000	20.683241434718965
1871500	20.68282592670019
1872000	20.67801084553364
1872500	20.677597070563785
1873000	20.677828223421677
1873500	20.683136979075083
1874000	20.68340383453277
1874500	20.686965882378786
1875000	20.682801484637515
1875500	20.680191454792958
1876000	20.68219980903673
1876500	20.684207061508417
1877000	20.679631884344115
1877500	20.679672336085797
1878000	20.676650514175453
1878500	20.676691729323306
1879000	20.676959489814926
1879500	20.679418079838747
1880000	20.680969434131704
1880500	20.682783690272853
1881000	20.688749261116097
1881500	20.69052309039177
1882000	20.6916546321824
1882500	20.68841055256595
1883000	20.685394364195034
1883500	20.68215359387811
1884000	20.681552400625158
1884500	20.685284734058826
1885000	20.684871654833426
1885500	20.683140963342325
1886000	20.685589519650655
1886500	20.6906336629341
1887000	20.689354180532675
1887500	20.684577374914102
1888000	20.683751363140676
1888500	20.685106243799265
1889000	20.680334390565562
1889500	20.67928475695466
1890000	20.675606488088107
1890500	20.671930302205283
1891000	20.66911988851631
1891500	20.673741496598637
1892000	20.6759594772522
1892500	20.67555072069622
1893000	20.674729194762257
1893500	20.675408267553873
1894000	20.67762342659623
1894500	20.675229278045812
1895000	20.67373498164121
1895500	20.670293986685344
1896000	20.668389394367114
1896500	20.672774243970217
1897000	20.67019706571751
1897500	20.671772951157593
1898000	20.67159079816484
1898500	20.671184602873407
1899000	20.670590913525643
1899500	20.67149297728455
1900000	20.670675551221628
1900500	20.66896297740517
1901000	20.66769900484044
1901500	20.670318487886203
1902000	20.668383801216425
1902500	20.671037825672986
1903000	20.669998269297334
1903500	20.67287415241865
1904000	20.673139298533926
1904500	20.674261749319037
1905000	20.672141776529067
1905500	20.667228452280632
1906000	20.669841989869205
1906500	20.666645071426256
1907000	20.664529291751677
1907500	20.665019048338532
1908000	20.6648396702775
1908500	20.66488328946801
1909000	20.66622812220293
1909500	20.665380178742762
1910000	20.666910956394283
1910500	20.66869955930048
1911000	20.665697204718047
1911500	20.66703999655388
1912000	20.662776426002885
1912500	20.66129934989452
1913000	20.659600796255447
1913500	20.66094365197186
1914000	20.660134866263
1914500	20.657398148446823
1915000	20.66044631723782
1915500	20.65700960691182
1916000	20.6581293912894
1916500	20.65924859837175
1917000	20.66273663413115
1917500	20.661449779409395
1918000	20.661715782017986
1918500	20.66283286483703
1919000	20.66050991622958
1919500	20.658409736743337
1920000	20.656532086880077
1920500	20.65421261910121
1921000	20.65488754835046
1921500	20.653640979497396
1922000	20.65649263721553
1922500	20.658051115132178
1923000	20.655769292527058
1923500	20.662678324896454
1924000	20.666780792604637
1924500	20.665311798053267
1925000	20.66878401933421
1925500	20.66348076162374
1926000	20.662234667920735
1926500	20.661210010044236
1927000	20.659559012050252
1927500	20.65938290987152
1928000	20.660715811053215
1928500	20.659472038086697
1929000	20.657602663706992
1929500	20.65956107501414
1930000	20.656185336092328
1930500	20.658989123480488
1931000	20.658187904438023
1931500	20.65801253357207
1932000	20.661879088797495
1932500	20.6619229212382
1933000	20.661121819788928
1933500	20.66010114453021
1934000	20.660365308468513
1934500	20.65527368689878
1935000	20.653191489361703
1935500	20.651514990375105
1936000	20.6515613869071
1936500	20.650325268931503
1937000	20.65037194473964
1937500	20.652543453316902
1938000	20.65068456775043
1938500	20.651793014834716
1939000	20.649496793919063
1939500	20.64954362131182
1940000	20.65233537762876
1940500	20.651320674657896
1941000	20.651989479935523
1941500	20.650318586134876
1942000	20.650802904234457
1942500	20.65125249014538
1943000	20.651517559192754
1943500	20.651966702675224
1944000	20.65073533304393
1944500	20.650344542885268
1945000	20.64955130375889
1945500	20.646608268799458
1946000	20.649207793031962
1946500	20.649691227476524
1947000	20.647405199116214
1947500	20.643408968410817
1948000	20.6413439695705
1948500	20.64099042951007
1949000	20.63765299764497
1949500	20.640652054563116
1950000	20.642410040427713
1950500	20.643731532292104
1951000	20.639777175231846
1951500	20.644045270918816
1952000	20.642385642280196
1952500	20.641379746568557
1953000	20.641210754297397
1953500	20.64274801116906
1954000	20.64236129399248
1954500	20.6413564319941
1955000	20.63951651961507
1955500	20.635538808075278
1956000	20.632398589993162
1956500	20.631397342702954
1957000	20.627859283798706
1957500	20.629146383775087
1958000	20.630866416506375
1958500	20.63345278002543
1959000	20.636254754050135
1959500	20.63525408062517
1960000	20.631720430107528
1960500	20.632171238413168
1961000	20.634720735470058
1961500	20.63643612556656
1962000	20.631241084165477
1962500	20.630243288590606
1963000	20.626500466520596
1963500	20.62507205517068
1964000	20.62678779115456
1964500	20.624744665472488
1965000	20.631695797421692
1965500	20.6334415244477
1966000	20.63453848891494
1966500	20.636681387220328
1967000	20.641131605653843
1967500	20.64244173883938
1968000	20.643535366210735
1968500	20.641060488845213
1969000	20.64781136335131
1969500	20.648073647582525
1970000	20.649811951525283
1970500	20.649210941334978
1971000	20.6523554961577
1971500	20.65470412008476
1972000	20.654748859877063
1972500	20.656664719138636
1973000	20.657752002670225
1973500	20.656106945849277
1974000	20.6582362936939
1974500	20.658891702883825
1975000	20.657462880958583
1975500	20.654812129545714
1976000	20.65611330972714
1976500	20.656157594435882
1977000	20.658928850257638
1977500	20.657535957371522
1978000	20.65675431021028
1978500	20.659093746099114
1979000	20.661182807999083
1979500	20.664344752300252
1980000	20.666250909468868
1980500	20.668585620317355
1981000	20.6723876410331
1981500	20.67282225984358
1982000	20.671609245529872
1982500	20.66792625197243
1983000	20.666500612325382
1983500	20.66657673829807
1984000	20.66450903508226
1984500	20.663728286232825
1985000	20.666666666666668
1985500	20.66692235133146
1986000	20.668428415980102
1986500	20.66432515877703
1987000	20.661439506147264
1987500	20.65776802079342
1988000	20.66030996676709
1988500	20.664279208412687
1989000	20.66121688741722
1989500	20.657728673990857
1990000	20.656310759938776
1990500	20.658029427274514
1991000	20.655791932849553
1991500	20.660789764682782
1992000	20.655846101393724
1992500	20.654677670925825
1993000	20.657213966313137
1993500	20.655192706773903
1994000	20.65502363700171
1994500	20.65464151566434
1995000	20.653867183873064
1995500	20.654090904402892
1996000	20.654314495757163
1996500	20.65208427823362
1997000	20.64900402922476
1997500	20.65501823501535
1998000	20.65278965094602
1998500	20.655531757146388
1999000	20.655788335821278
1999500	20.653986290372384
2000000	20.660842363061978
2000500	20.665000051438742
2001000	20.660715020364503
2001500	20.66217675183795
2002000	20.664274920589232
2002500	20.660596468871397
2003000	20.661844781885055
2003500	20.65962057950472
2004000	20.66150497001561
2004500	20.65931583918525
2005000	20.659146660645188
2005500	20.663506136354307
2006000	20.659444376051542
2006500	20.656800303580404
2007000	20.663385624935916
2007500	20.664452508354348
2008000	20.665730653740123
2008500	20.664146149038412
2009000	20.664187742642614
2009500	20.664017696214977
2010000	20.66653015255452
2010500	20.664523921632856
2011000	20.66333057030874
2011500	20.66192644125019
2012000	20.66239119539313
2012500	20.661799292390125
2013000	20.663286169951746
2013500	20.66290550070522
2014000	20.664391400310635
2014500	20.66094595975074
2015000	20.659755910738905
2015500	20.660397586301958
2016000	20.663291345977175
2016500	20.662312480865396
2017000	20.66298680760323
2017500	20.665490192078178
2018000	20.661839689985722
2018500	20.66413139891724
2019000	20.66108121330724
2019500	20.658066356892476
2020000	20.658496582215292
2020500	20.653834402688666
2021000	20.654298863682648
2021500	20.654342603526203
2022000	20.6535788070304
2022500	20.655447478735095
2023000	20.656718239799808
2023500	20.655744373595304
2024000	20.654350986711673
2024500	20.653764839811352
2025000	20.65419516111004
2025500	20.656480484385476
2026000	20.659780411753353
2026500	20.660032493907394
2027000	20.6671810281816
2027500	20.671071461194167
2028000	20.672930576130852
2028500	20.668492594846825
2029000	20.66933725470311
2029500	20.667978017966863
2030000	20.672282537075894
2030500	20.668058455114824
2031000	20.66851746777985
2031500	20.672784733195577
2032000	20.672229761205518
2032500	20.673909301689836
2033000	20.671295827681842
2033500	20.673777525906736
2034000	20.66792116871029
2034500	20.663497521998583
2035000	20.664934224496193
2035500	20.66720582288718
2036000	20.667037242912727
2036500	20.66909840455092
2037000	20.66652523966825
2037500	20.66698312342824
2038000	20.662951071262697
2038500	20.660556385512983
2039000	20.661991018719412
2039500	20.66345833711674
2040000	20.66290763473507
2040500	20.663574021782978
2041000	20.663406765135857
2041500	20.664455845739802
2042000	20.664496689609305
2042500	20.664953906604204
2043000	20.66600187350799
2043500	20.66482719729316
2044000	20.66243833685694
2044500	20.664076653649502
2045000	20.667934514645655
2045500	20.666968462350987
2046000	20.67020003419388
2046500	20.667846441570976
2047000	20.664662893676052
2047500	20.668308125219838
2048000	20.66956032473274
2048500	20.67282096613796
2049000	20.673656302723547
2049500	20.67570281124498
2050000	20.674321964145907
2050500	20.671316040339168
2051000	20.67474569129833
2051500	20.678000100295872
2052000	20.682255735600837
2052500	20.682292084369237
2053000	20.685749794535653
2053500	20.687409188837115
2054000	20.684853281505156
2054500	20.68368021473929
2055000	20.680712154286745
2055500	20.679160659939132
2056000	20.676988980412958
2056500	20.67402463552038
2057000	20.670268107242897
2057500	20.673274060146614
2058000	20.67010618513408
2058500	20.666146864191607
2059000	20.664188203313945
2059500	20.66502143135472
2060000	20.66426930376586
2060500	20.66492894308456
2061000	20.662732999870208
2061500	20.66456391112531
2062000	20.662608522103582
2062500	20.661445602833343
2063000	20.66568253904925
2063500	20.667717037952972
2064000	20.66696575444893
2064500	20.668620297829076
2065000	20.66745722513976
2065500	20.6690775775327
2066000	20.669289378019023
2066500	20.671320037041095
2067000	20.67355552900888
2067500	20.67620156659003
2068000	20.67363184079602
2068500	20.676860022084497
2069000	20.67751432208784
2069500	20.678751479113426
2070000	20.6801598504881
2070500	20.679613580345073
2071000	20.67725204189106
2071500	20.67629586950907
2072000	20.672532623592268
2072500	20.671955202986467
2073000	20.670008437143284
2073500	20.669054967301452
2074000	20.670086216304703
2074500	20.66578054635269
2075000	20.66305026924641
2075500	20.662271352798296
2076000	20.658928943116827
2076500	20.656988554724272
2077000	20.65423060539116
2077500	20.653282755751878
2078000	20.655101394169836
2078500	20.654734799738662
2079000	20.66190952187726
2079500	20.66215467426581
2080000	20.66277574438619
2080500	20.65984927903159
2081000	20.660470634763694
2081500	20.66071587438095
2082000	20.658780278098966
2082500	20.65606165398676
2083000	20.65531990556439
2083500	20.653794874327193
2084000	20.653461827086378
2084500	20.65408382855225
2085000	20.655692404863412
2085500	20.657911614093596
2086000	20.659143370094895
2086500	20.66115702479339
2087000	20.65881842561918
2087500	20.660049089672437
2088000	20.656115731798653
2088500	20.653373266078184
2089000	20.652837696747632
2089500	20.65328711545279
2090000	20.652548463636275
2090500	20.65357547123382
2091000	20.65636685691793
2091500	20.653253972158
2092000	20.6568244632196
2092500	20.655882786764344
2093000	20.66006016634224
2093500	20.661286993444136
2094000	20.66051548113866
2094500	20.65818556903581
2095000	20.657244718569228
2095500	20.65650713850867
2096000	20.658106569285742
2096500	20.65540626748192
2097000	20.656024019545317
2097500	20.654882187910772
2098000	20.653943471353195
2098500	20.651044220021568
2099000	20.64831696367308
2099500	20.648158129416032
2100000	20.651343248486274
2100500	20.65138603193261
2101000	20.651428795268036
2101500	20.653631886583707
2102000	20.65465294975578
2102500	20.656652150511327
2103000	20.65413063045435
2103500	20.654342723004696
2104000	20.653980795181194
2104500	20.656551832010322
2105000	20.658951854096212
2105500	20.65744215134459
2106000	20.65435077812839
2106500	20.658703105007667
2107000	20.656589328958674
2107500	20.65427494777125
2108000	20.652937731797774
2108500	20.653181503273714
2109000	20.65557777669382
2109500	20.658916240783366
2110000	20.65562900992609
2110500	20.654494409405068
2111000	20.657427981132813
2111500	20.6564947971472
2112000	20.655932517070415
2112500	20.65325360808679
2113000	20.65017378859129
2113500	20.651390970856774
2114000	20.651232495450518
2114500	20.648356245682653
2115000	20.649372124466232
2115500	20.650186712307452
2116000	20.64691127573937
2116500	20.644778788585647
2117000	20.64344987076588
2117500	20.639407804622152
2118000	20.639853925272675
2118500	20.63889698028935
2119000	20.638372228478236
2119500	20.63550603672503
2120000	20.63361148845333
2120500	20.632888061076997
2121000	20.637984210424225
2121500	20.638029671288667
2122000	20.636136262287454
2122500	20.634412979007966
2123000	20.634059375242227
2123500	20.633536762569022
2124000	20.63281454291885
2124500	20.63673421962296
2125000	20.637548159764574
2125500	20.635058889566338
2126000	20.633538449630404
2126500	20.636118285498707
2127000	20.63246458101639
2127500	20.631943303005983
2128000	20.62909010062735
2128500	20.630671550199562
2129000	20.625887672582873
2129500	20.624203083342994
2130000	20.6244507325176
2130500	20.62759486337743
2131000	20.624547516772047
2131500	20.62652602321968
2132000	20.62524121960633
2132500	20.62219649833599
2133000	20.620515392330837
2133500	20.61650902008427
2134000	20.61519775590665
2134500	20.612754310386368
2135000	20.611841788312375
2135500	20.61421676765536
2136000	20.61619362232859
2136500	20.61544979250715
2137000	20.612046476256484
2137500	20.611135171550938
2138000	20.607506759162153
2138500	20.606765998788006
2139000	20.608543457773163
2139500	20.611112713567355
2140000	20.611728970615093
2140500	20.6135040073805
2141000	20.61126644183745
2141500	20.609961096969407
2142000	20.610210510141364
2142500	20.60794592622463
2143000	20.60664234977923
2143500	20.60728783792862
2144000	20.60906107880951
2144500	20.60908349719438
2145000	20.607978519370924
2145500	20.60935507684048
2146000	20.608448112258102
2146500	20.611177124458585
2147000	20.611791305014275
2147500	20.609363625914717
2148000	20.608852201559
2148500	20.61312806372549
2149000	20.61165884943046
2149500	20.61055552897268
2150000	20.610606683952202
2150500	20.606831638655866
2151000	20.60381761150639
2151500	20.599089796542756
2152000	20.59591064208081
2152500	20.594615774233315
2153000	20.597143266612523
2153500	20.597955869710574
2154000	20.596689937064873
2154500	20.601518117152814
2155000	20.60232913325697
2155500	20.604851793178476
2156000	20.605297305549193
2156500	20.60857538035961
2157000	20.606719499518398
2157500	20.60562144845734
2158000	20.60472032638121
2158500	20.605165348327457
2159000	20.606926778143013
2159500	20.608323728054717
2160000	20.61027990209617
2160500	20.610890532910588
2161000	20.612452761939213
2161500	20.61401421787417
2162000	20.611798287345383
2162500	20.610338463880062
2163000	20.61458571102488
2163500	20.612929911474133
2164000	20.60937351459264
2164500	20.612080026612176
2165000	20.613835043709617
2165500	20.613855930995832
2166000	20.614855688412334
2166500	20.614514000322828
2167000	20.617998860831594
2167500	20.61709881933108
2168000	20.61809693703268
2168500	20.619290206904402
2169000	20.621793108681015
2169500	20.619358264431465
2170000	20.623589860265817
2170500	20.623637569898587
2171000	20.62254228455015
2171500	20.62448488523006
2172000	20.624141686792633
2172500	20.624189226297002
2173000	20.625544322011436
2173500	20.625005915031753
2174000	20.62430217815037
2174500	20.620565698609404
2175000	20.619668224033898
2175500	20.620662266684317
2176000	20.624686853026535
2176500	20.62453925108217
2177000	20.62269677785127
2177500	20.629552303666404
2178000	20.6275146867149
2178500	20.63039413797662
2179000	20.62760795272171
2179500	20.62498820242747
2180000	20.621261016437373
2180500	20.624528301886794
2181000	20.623437868427256
2181500	20.624622812311404
2182000	20.628994852650038
2182500	20.626213500725743
2183000	20.622850412249704
2183500	20.62195592987216
2184000	20.62463503305894
2184500	20.62617702448211
2185000	20.627000564865376
2185500	20.627988404051052
2186000	20.628781676688405
2186500	20.62843971964815
2187000	20.62566427449468
2187500	20.623830435477654
2188000	20.624623947051745
2188500	20.62486488518766
2189000	20.623032467227365
2189500	20.622140380875432
2190000	20.622381694877046
2190500	20.618479250988383
2191000	20.617588793645726
2191500	20.614076257345072
2192000	20.6128003003003
2192500	20.614561831488086
2193000	20.614253149595218
2193500	20.614882482039356
2194000	20.612505157345936
2194500	20.61181058809191
2195000	20.611474042345794
2195500	20.614335110619677
2196000	20.61777436339448
2196500	20.61669304909004
2197000	20.614675806270366
2197500	20.613431452405695
2198000	20.615188759606472
2198500	20.617495390777812
2199000	20.61941520467836
2199500	20.616107093744446
2200000	20.615027777258188
2200500	20.614691251823317
2201000	20.61979994390951
2201500	20.61910592281738
2202000	20.618604868476382
2202500	20.616235507347927
2203000	20.61328949580617
2203500	20.61050881960202
2204000	20.610009989450393
2204500	20.610993400972585
2205000	20.609176846054066
2205500	20.605687416032243
2206000	20.604613418649553
2206500	20.603155656682457
2207000	20.606388334669674
2207500	20.605862888567835
2208000	20.60404998648762
2208500	20.6011142787933
2209000	20.60694691543169
2209500	20.604203723191254
2210000	20.606308889799262
2210500	20.603211542936933
2211000	20.601209865053512
2211500	20.598634139079625
2212000	20.596989935445464
2212500	20.595182739700547
2213000	20.59225512528474
2213500	20.595480446563858
2214000	20.60165608765555
2214500	20.600395804104842
2215000	20.59968232441922
2215500	20.598068350668647
2216000	20.60016898322238
2216500	20.600603388257134
2217000	20.599181415723873
2217500	20.602208406792244
2218000	20.605425263470387
2218500	20.603238791296445
2219000	20.6090165606513
2219500	20.608875416006157
2220000	20.61244161043968
2220500	20.611564121571536
2221000	20.608452374335315
2221500	20.610899121994592
2222000	20.614108191195808
2222500	20.616934214667925
2223000	20.616791462658384
2223500	20.61923400790236
2224000	20.616315429163507
2224500	20.616744977616634
2225000	20.616793046051416
2225500	20.617575001155643
2226000	20.617432295036508
2226500	20.617318177617598
2227000	20.616794626606428
2227500	20.619070931747014
2228000	20.62115587078185
2228500	20.621202888113306
2229000	20.621059530512966
2229500	20.62387522495501
2230000	20.625576674663222
2230500	20.625242145268714
2231000	20.626752250258225
2231500	20.62346140016043
2232000	20.62350783072002
2232500	20.62743074115717
2233000	20.625253381491174
2233500	20.623267039435504
2234000	20.62369334770075
2234500	20.623359882141706
2235000	20.62194482034853
2235500	20.61923037984004
2236000	20.621279179970372
2236500	20.62262536683195
2237000	20.626189972498413
2237500	20.62274700213345
2238000	20.624253010940517
2238500	20.624270443662166
2239000	20.623047233964346
2239500	20.62622884548244
2240000	20.6291907779921
2240500	20.63072246558485
2241000	20.629309632458938
2241500	20.633026428119006
2242000	20.631424375917767
2242500	20.630740574218
2243000	20.629678555702334
2243500	20.62842782985124
2244000	20.629389865942894
2244500	20.63199581969693
2245000	20.634062288050153
2245500	20.63227343535233
2246000	20.63433895541121
2246500	20.637857443807363
2247000	20.63843815244863
2247500	20.635545505314525
2248000	20.638712689128706
2248500	20.639699826118786
2249000	20.640090761869036
2249500	20.637737367824084
2250000	20.640712593852598
2250500	20.64056614124273
2251000	20.638968874262993
2251500	20.638097588170247
2252000	20.63814040185302
2252500	20.63982168304893
2253000	20.64115444332816
2253500	20.642834314934028
2254000	20.643064507294273
2254500	20.643106186451508
2255000	20.64478450911148
2255500	20.641335583633627
2256000	20.64156588044291
2256500	20.639060376979966
2257000	20.636526907894137
2257500	20.637481428818827
2258000	20.63570172321095
2258500	20.635209868894577
2259000	20.6358170887229
2259500	20.633663005664534
2260000	20.634429259498685
2260500	20.632088696317062
2261000	20.632508190753548
2261500	20.633086455698507
2262000	20.632032820587458
2262500	20.630792036887147
2263000	20.629392884096053
2263500	20.630346445096954
2264000	20.633146098053118
2264500	20.63281477173597
2265000	20.63104150010902
2265500	20.63415653184861
2266000	20.634733257661747
2266500	20.634055997385335
2267000	20.63444520081688
2267500	20.63630341473153
2268000	20.632875792682373
2268500	20.634733471805244
2269000	20.633654029252547
2269500	20.634071602766923
2270000	20.633208552756805
2270500	20.633065100768448
2271000	20.635826628977313
2271500	20.634057971014492
2272000	20.63463314799051
2272500	20.63395775425762
2273000	20.636716663800208
2273500	20.636759369032642
2274000	20.637333405716458
2274500	20.63665804280571
2275000	20.635796328117934
2275500	20.635121571889723
2276000	20.63678605651883
2276500	20.635365357675447
2277000	20.633601098772015
2277500	20.635451202876425
2278000	20.636927717916528
2278500	20.63877626576849
2279000	20.640624012566917
2279500	20.64066575804894
2280000	20.643787281275664
2280500	20.643828324476484
2281000	20.64439894283936
2281500	20.646615863281777
2282000	20.645411429498857
2282500	20.64364914811142
2283000	20.643504123293226
2283500	20.64065597404938
2284000	20.643214269627492
2284500	20.643441294087978
2285000	20.646369686000128
2285500	20.643366464995676
2286000	20.642879003366517
2286500	20.644720027358304
2287000	20.643861006640154
2287500	20.643002356835723
2288000	20.645555845347197
2288500	20.649193004540756
2289000	20.649047105357784
2289500	20.647103761290612
2290000	20.646772874715836
2290500	20.6443035018057
2291000	20.642733323154026
2291500	20.63952444236917
2292000	20.63779930510042
2292500	20.63694381861104
2293000	20.635376469532442
2293500	20.6359745538398
2294000	20.63530509356442
2294500	20.634450842167574
2295000	20.634493642509998
2295500	20.638122388969574
2296000	20.634949089344616
2296500	20.638206355180387
2297000	20.639144224049886
2297500	20.639185969438024
2298000	20.63959736351913
2298500	20.63692442677697
2299000	20.63409656456435
2299500	20.634849610266414
2300000	20.633102794205804
2300500	20.632989524721122
2301000	20.635005813433505
2301500	20.63557351836618
2302000	20.634012462117486
2302500	20.63602724298815
2303000	20.635175951244793
2303500	20.63380030019298
2304000	20.63384307560383
2304500	20.634594604249088
2305000	20.6365787241641
2305500	20.63412718249009
2306000	20.633093268364078
2306500	20.633844287014398
2307000	20.634779040516673
2307500	20.633561643835616
2308000	20.629853860351485
2308500	20.62829838824704
2309000	20.63209119510869
2309500	20.63391639859922
2310000	20.631653971223663
2310500	20.631697084680546
2311000	20.63511852814932
2311500	20.63639034552755
2312000	20.638396354055402
2312500	20.637364397654157
2313000	20.634892390366293
2313500	20.63333926347625
2314000	20.631603286969515
2314500	20.633791545889423
2315000	20.63223959676057
2315500	20.633016025384634
2316000	20.6323534639036
2316500	20.633284764917022
2317000	20.63152284940267
2317500	20.636344261712782
2318000	20.634244215983948
2318500	20.631623795068435
2319000	20.62882142571903
2319500	20.629047999290215
2320000	20.629795538209077
2320500	20.63283730334687
2321000	20.628812597531564
2321500	20.62867324415605
2322000	20.6281961517668
2322500	20.627874212499
2323000	20.625597958966726
2323500	20.62707586023648
2324000	20.630141595898234
2324500	20.63195544970828
2325000	20.631998229696833
2325500	20.62883842763845
2326000	20.627112345831932
2326500	20.62556944333873
2327000	20.62402716852979
2327500	20.63114522175851
2328000	20.62817135482046
2328500	20.630319313471617
2329000	20.63018007669606
2329500	20.63022314881888
2330000	20.635201017452133
2330500	20.633995584988963
2331000	20.63455630495427
2331500	20.63584529294427
2332000	20.634122235752987
2332500	20.63361829394172
2333000	20.630832465997496
2333500	20.632975017856985
2334000	20.639552824383063
2334500	20.639258136172913
2335000	20.639481082605514
2335500	20.638459098438656
2336000	20.636556639093705
2336500	20.635717494121067
2337000	20.632754233183938
2337500	20.631217536754995
2338000	20.631930998063723
2338500	20.63409654881118
2339000	20.63483684798578
2339500	20.633119596098197
2340000	20.6314030690762
2340500	20.630929249057033
2341000	20.628851208213568
2341500	20.625741530078656
2342000	20.625241626542017
2342500	20.623347417799135
2343000	20.626904734720405
2343500	20.627282944647373
2344000	20.628204227824988
2344500	20.627188709550015
2345000	20.626897628951017
2345500	20.62799940340934
2346000	20.627346408897935
2346500	20.624758831164275
2347000	20.623410784743534
2347500	20.625904010519395
2348000	20.622956854015303
2348500	20.622847679217674
2349000	20.62026369968023
2349500	20.623116810314624
2350000	20.62367549958842
2350500	20.62003694656756
2351000	20.62270773701671
2351500	20.625016408649767
2352000	20.626810040859894
2352500	20.625617788819007
2353000	20.62391226397768
2353500	20.62727336317851
2354000	20.629939156584378
2354500	20.626666083992482
2355000	20.627763505129415
2355500	20.62798682520684
2356000	20.626976224167148
2356500	20.62370643355544
2357000	20.622004138545222
2357500	20.61873668773351
2358000	20.6187546362962
2358500	20.61741429406581
2359000	20.617099788019157
2359500	20.613656383823052
2360000	20.614933858858205
2360500	20.61392802343423
2361000	20.614153599414262
2361500	20.616301667116925
2362000	20.614963710344945
2362500	20.615880482599415
2363000	20.61433684888916
2363500	20.612820646779166
2364000	20.619651609196403
2364500	20.620055181777825
2365000	20.6206110390797
2365500	20.6213460467706
2366000	20.622950534491906
2366500	20.621945492808322
2367000	20.622679731174852
2367500	20.62413073713491
2368000	20.62522270408385
2368500	20.62595579035173
2369000	20.6242615887136
2369500	20.62430516953863
2370000	20.624017645475305
2370500	20.62526045284067
2371000	20.628596724214255
2371500	20.62863936545955
2372000	20.62712570278337
2372500	20.626989703420335
2373000	20.625986505472397
2373500	20.625850812010647
2374000	20.625384688738045
2374500	20.623515748236233
2375000	20.62320196873592
2375500	20.621512977787017
2376000	20.618779936424346
2376500	20.617958554517347
2377000	20.61853884915756
2377500	20.617209141274238
2378000	20.617432471028103
2378500	20.619894780562092
2379000	20.617343760813895
2379500	20.619296804047917
2380000	20.617789999827046
2380500	20.618369517287892
2381000	20.618057656567405
2381500	20.616195661567712
2382000	20.617612497407894
2382500	20.61783533029829
2383000	20.615110896151453
2383500	20.616375662746318
2384000	20.61763994888973
2384500	20.615451014242556
2385000	20.616563675907067
2385500	20.615745694267076
2386000	20.614065357672796
2386500	20.61548015387004
2387000	20.618796726655
2387500	20.618334497236805
2388000	20.6180235314399
2388500	20.618752154429508
2389000	20.617073338847533
2389500	20.616940450860977
2390000	20.619746451701808
2390500	20.620980032547205
2391000	20.62274562468256
2391500	20.620890281268288
2392000	20.6209341548205
2392500	20.618219671877284
2393000	20.616366482599645
2393500	20.616056686846452
2394000	20.612308062657977
2394500	20.6102802131683
2395000	20.612044962359494
2395500	20.61484530059199
2396000	20.615395187822667
2396500	20.61354540613889
2397000	20.61323670833906
2397500	20.617069862472743
2398000	20.61418566327932
2398500	20.61423079563397
2399000	20.617380337517265
2399500	20.61313593124094
2400000	20.615577243023512
2400500	20.612722611402162
2401000	20.61551650235748
2401500	20.615738002794135
2402000	20.614572532755208
2402500	20.616004112405758
2403000	20.62018160013706
2403500	20.615943270186015
2404000	20.617197266795678
2404500	20.614523226546584
2405000	20.61114439784302
2405500	20.611190032005748
2406000	20.613978798223773
2406500	20.61538198335372
2407000	20.61474778920001
2407500	20.61293246455629
2408000	20.614008839949047
2408500	20.611815788573967
2409000	20.613896413525545
2409500	20.613439275492333
2410000	20.613308277099172
2410500	20.6150614036586
2411000	20.614428306736
2411500	20.614297177784227
2412000	20.613136692612315
2412500	20.612504373202718
2413000	20.61184620240746
2413500	20.612067347878746
2414000	20.609202851587817
2414500	20.607719262347494
2415000	20.608090830051655
2415500	20.60540466836539
2416000	20.606979755981186
2416500	20.604971293251783
2417000	20.612331800374722
2417500	20.61220145600068
2418000	20.6122466352825
2418500	20.61264267050242
2419000	20.61101182878053
2419500	20.610881864976392
2420000	20.61142725903999
2420500	20.611472551771058
2421000	20.608642416203253
2421500	20.609538383065544
2422000	20.609233698238935
2422500	20.6114783909179
2423000	20.609325086658057
2423500	20.607671921717856
2424000	20.609066358679957
2424500	20.607913058244183
2425000	20.607609120078774
2425500	20.61072589474399
2426000	20.610097581671617
2426500	20.609119830328737
2427000	20.60916547214141
2427500	20.61634484103764
2428000	20.61367066284571
2428500	20.61473777009214
2429000	20.61665197640518
2429500	20.616198078194113
2430000	20.614023940834116
2430500	20.615587891518302
2431000	20.61612979710734
2431500	20.61786718141488
2432000	20.614350648801008
2432500	20.617256786947397
2433000	20.615782927634083
2433500	20.61903634025851
2434000	20.61840847774423
2434500	20.61845209406154
2435000	20.61799890095955
2435500	20.623288365960036
2436000	20.62400175775143
2436500	20.623025059565048
2437000	20.6220487738949
2437500	20.62089874925048
2438000	20.618730791313453
2438500	20.61793010298835
2439000	20.618643710174283
2439500	20.616155735007467
2440000	20.620765875593726
2440500	20.6209828432613
2441000	20.619834710743802
2441500	20.62019948232398
2442000	20.62242377753239
2442500	20.62025956514411
2443000	20.62300413707102
2443500	20.622351761841784
2444000	20.623089167951083
2444500	20.62008454167298
2445000	20.617254849137932
2445500	20.617619580678557
2446000	20.6149651620721
2446500	20.613500029446655
2447000	20.612703246048635
2447500	20.61222773526196
2448000	20.61059074780971
2448500	20.6103148249338
2449000	20.60984014388731
2449500	20.607191173628443
2450000	20.608423157381814
2450500	20.605602452647936
2451000	20.605154647832915
2451500	20.60636082751209
2452000	20.6087518572304
2452500	20.60879709281344
2453000	20.60667086217747
2453500	20.604545416411487
2454000	20.602568296385765
2454500	20.606807718433167
2455000	20.60702607529136
2455500	20.607909869733597
2456000	20.607117115607032
2456500	20.60583207642031
2457000	20.607380722992502
2457500	20.608608977526867
2458000	20.608654144090575
2458500	20.60837966374171
2459000	20.607440645614975
2459500	20.608323010479094
2460000	20.609058043783893
2460500	20.612941550509532
2461000	20.61566774018152
2461500	20.615219918539395
2462000	20.611918957112156
2462500	20.61063596766238
2463000	20.610508366906835
2463500	20.61072529896959
2464000	20.610278819882524
2464500	20.60830848140073
2465000	20.610540382527354
2465500	20.61242724608152
2466000	20.614459843045584
2466500	20.613178411044892
2467000	20.613885017566993
2467500	20.61959750358776
2468000	20.61829010919344
2468500	20.615977382471414
2469000	20.615187065896222
2469500	20.614053369123937
2470000	20.61343557259543
2470500	20.613797528477505
2471000	20.613497954729116
2471500	20.61288065569401
2472000	20.613929163300824
2472500	20.615638243840703
2473000	20.617518272480563
2473500	20.616385911179172
2474000	20.614765011316734
2474500	20.61449121026315
2475000	20.61336017234639
2475500	20.611740833451147
2476000	20.612445124384728
2476500	20.609652695805416
2477000	20.610528415418628
2477500	20.61340822974141
2478000	20.614796660158685
2478500	20.615011462936504
2479000	20.614712574949756
2479500	20.61326668714764
2480000	20.612309275954242
2480500	20.61201115463781
2481000	20.610566670262465
2481500	20.614246129851168
2482000	20.61228890879533
2482500	20.61150363220221
2483000	20.612060459833014
2483500	20.610104861773117
2484000	20.616608652411735
2484500	20.612508700407677
2485000	20.613551823837888
2485500	20.61359551399392
2486000	20.61329777983885
2486500	20.61830917114447
2487000	20.622149378761165
2487500	20.623018927262045
2488000	20.62685653292734
2488500	20.628040104563052
2489000	20.625940813524558
2489500	20.62581141311988
2490000	20.62320182545719
2490500	20.62372914979088
2491000	20.624426686059486
2491500	20.625950161940644
2492000	20.626161662054436
2492500	20.624721254067627
2493000	20.625588347013263
2493500	20.624463377584043
2494000	20.623338890998234
2494500	20.623380481605572
2495000	20.62160177553361
2495500	20.620963284968365
2496000	20.621830027627727
2496500	20.62664907651715
2497000	20.623392468508868
2497500	20.626246641280517
2498000	20.628759785743718
2498500	20.627492337606697
2499000	20.62835678276055
2499500	20.630698149414023
2500000	20.629091358228006
2500500	20.627145573840668
2501000	20.625030864705593
2501500	20.62654806086091
2502000	20.622958642193684
2502500	20.62266090890397
2503000	20.623355263157894
2503500	20.624388479152792
2504000	20.622277024249897
2504500	20.62183575514498
2505000	20.622699184854064
2505500	20.620445452230136
2506000	20.61703246155868
2506500	20.615094029728176
2507000	20.61760021019098
2507500	20.61648333606961
2508000	20.616356846813574
2508500	20.61574818656251
2509000	20.61661142650871
2509500	20.614700647182826
2510000	20.611463296620386
2510500	20.609047154418217
2511000	20.611719569779645
2511500	20.611763163071274
2512000	20.609517253812555
2512500	20.609561263364874
2513000	20.609605255613168
2513500	20.608999033594863
2514000	20.607718068599596
2514500	20.60610029633753
2515000	20.60648223931904
2515500	20.609150348191125
2516000	20.604766462950693
2516500	20.603849520241475
2517000	20.60634808992991
2517500	20.606729629175355
2518000	20.605619640127205
2518500	20.606001160671227
2519000	20.607536591943642
2519500	20.608061181968967
2520000	20.605511032685506
2520500	20.609639557962314
2521000	20.609035081988633
2521500	20.609415568510265
2522000	20.614525595709424
2522500	20.615721129910302
2523000	20.614611298337806
2523500	20.61350193758923
2524000	20.614192495921696
2524500	20.611284627365915
2525000	20.6136059746274
2525500	20.618228950135727
2526000	20.61599400143444
2526500	20.617019369453793
2527000	20.613131074486546
2527500	20.614467350313177
2528000	20.61759963517321
2528500	20.613713708823862
2529000	20.612774824787753
2529500	20.61233957012525
2530000	20.61271817405102
2530500	20.613096642449783
2531000	20.613953034382344
2531500	20.61464144560285
2532000	20.613225573018727
2532500	20.62013235126742
2533000	20.620986751198895
2533500	20.62298865520268
2534000	20.624487109695554
2534500	20.625842824416317
2535000	20.626695472783094
2535500	20.626400753564816
2536000	20.628876692754847
2536500	20.629251424582364
2537000	20.63074688156859
2537500	20.630953733305205
2538000	20.630993136793602
2538500	20.634276908102848
2539000	20.63123920430125
2539500	20.630326027908183
2540000	20.63556402253658
2540500	20.635769748253335
2541000	20.63955137399817
2541500	20.63992351382666
2542000	20.641414059588808
2542500	20.644189417929425
2543000	20.64486874281365
2543500	20.646691655669887
2544000	20.648821905833408
2544500	20.648356450386004
2545000	20.646273088405433
2545500	20.646476412347116
2546000	20.647796198948644
2546500	20.64928239336972
2547000	20.647367442462066
2547500	20.646595271772075
2548000	20.645964138243116
2548500	20.64697518097208
2549000	20.646036784840188
2549500	20.643650312941652
2550000	20.643187029680586
2550500	20.63966160254444
2551000	20.639365960743802
2551500	20.637456628742033
2552000	20.636380505199636
2552500	20.640451703972577
2553000	20.641295494318502
2553500	20.641499088871328
2554000	20.640730051754993
2554500	20.64012767089281
2555000	20.636775347720278
2555500	20.635508898574777
2556000	20.63360371172884
2556500	20.630727849630357
2557000	20.63348926337147
2557500	20.63272288186758
2558000	20.630347125530186
2558500	20.630718349413783
2559000	20.632532543807425
2559500	20.629992197491937
2560000	20.630031445276373
2560500	20.629904798662036
2561000	20.631079668783663
2561500	20.631118684392433
2562000	20.630991891609543
2562500	20.629424005527746
2563000	20.627525323522562
2563500	20.625015059152354
2564000	20.627935921628456
2564500	20.62636983277001
2565000	20.630754288374632
2565500	20.63046217307214
2566000	20.627928621862765
2566500	20.623460801065306
2567000	20.62366660785037
2567500	20.6228800987884
2568000	20.623556952283224
2568500	20.624869752007825
2569000	20.626207095517817
2569500	20.627518848800968
2570000	20.629656332612353
2570500	20.629225002402844
2571000	20.62766264134021
2571500	20.627702161729385
2572000	20.627271417364433
2572500	20.62714590986578
2573000	20.626525305061012
2573500	20.627200000000002
2574000	20.62836940698437
2574500	20.62984317896471
2575000	20.628283135179217
2575500	20.628157574982414
2576000	20.632522898383925
2576500	20.633195624205907
2577000	20.629379009514984
2577500	20.628923784724996
2578000	20.633919230799947
2578500	20.63522479580349
2579000	20.636390487670532
2579500	20.63579478338601
2580000	20.634236649749433
2580500	20.631716676905402
2581000	20.632856869376557
2581500	20.630338216646862
2582000	20.631807236600807
2582500	20.631516852141193
2583000	20.632516916798842
2583500	20.63271973862459
2584000	20.634187148946342
2584500	20.63581835126933
2585000	20.636791513693883
2585500	20.63540090771558
2586000	20.633543240639753
2586500	20.632621223216276
2587000	20.629943817542294
2587500	20.63028586431589
2588000	20.631915553681797
2588500	20.63274931006784
2589000	20.62881179379935
2589500	20.63074379114065
2590000	20.63015157657121
2590500	20.63000135091107
2591000	20.6279594495821
2591500	20.629095674967235
2592000	20.62850426468019
2592500	20.63251337917454
2593000	20.63206026879629
2593500	20.63289230354067
2594000	20.633724021362195
2594500	20.63551253570295
2595000	20.633170453103187
2595500	20.6333721953889
2596000	20.635159781143447
2596500	20.635361087106467
2597000	20.63364986762631
2597500	20.635436396921882
2598000	20.635637539222213
2598500	20.63646734480464
2599000	20.638717495821883
2599500	20.637170664491556
2600000	20.63704454402939
2600500	20.635800172565286
2601000	20.635511060108424
2601500	20.634594081341984
2602000	20.635586180707737
2602500	20.635623719616856
2603000	20.63519679870936
2603500	20.633816180656588
2604000	20.632599174664414
2604500	20.63530955335478
2605000	20.634067705534658
2605500	20.634105489365737
2606000	20.631121642969987
2606500	20.631021955457275
2607000	20.627576078202235
2607500	20.628567368495844
2608000	20.626701921938515
2608500	20.626114679840274
2609000	20.626153918985025
2609500	20.625241584955077
2610000	20.623240186451504
2610500	20.621865438602025
2611000	20.620166039877954
2611500	20.622896286428237
2612000	20.62103479528707
2612500	20.61996202062863
2613000	20.620790168196322
2613500	20.62115519427838
2614000	20.619945030280597
2614500	20.62044801385772
2615000	20.620025663835246
2615500	20.622102587109318
2616000	20.62056863161705
2616500	20.62313139260425
2617000	20.62569322624545
2617500	20.62684336780841
2618000	20.625309627346287
2618500	20.622665985298163
2619000	20.623167558814977
2619500	20.622421313214666
2620000	20.62229904926534
2620500	20.62139125653011
2621000	20.620807741246328
2621500	20.620224436748572
2622000	20.62134916148483
2622500	20.6196572810123
2623000	20.61953570139227
2623500	20.61892880121777
2624000	20.620214635370903
2624500	20.625745121415573
2625000	20.62529896567678
2625500	20.62863594311072
2626000	20.627567177750603
2626500	20.630740775572903
2627000	20.62921172230058
2627500	20.62593027810419
2628000	20.624539858080485
2628500	20.62566070240006
2629000	20.628209946135538
2629500	20.626658421847726
2630000	20.627641258412897
2630500	20.62533254045257
2631000	20.62491198973605
2631500	20.625087990989723
2632000	20.627473060260563
2632500	20.628914098965623
2633000	20.62658287215083
2633500	20.62411591393984
2634000	20.623212639277398
2634500	20.62214861571152
2635000	20.62140714821295
2635500	20.624570500406072
2636000	20.625229347053818
2636500	20.626048944225438
2637000	20.624687812187812
2637500	20.63096947374992
2638000	20.630388141213185
2638500	20.629485179407176
2639000	20.62936244882043
2639500	20.626578922745846
2640000	20.628795497244244
2640500	20.626953383786816
2641000	20.627152720415193
2641500	20.625175304640507
2642000	20.62287726295454
2642500	20.620419480205925
2643000	20.620001713142138
2643500	20.6166063295574
2644000	20.617264731065617
2644500	20.616366395579593
2645000	20.61640691259658
2645500	20.615990228798594
2646000	20.616030801540077
2646500	20.61904576739122
2647000	20.61798757493527
2647500	20.618188037377365
2648000	20.616649697271168
2648500	20.616233438240666
2649000	20.61455986325849
2649500	20.611333359226318
2650000	20.612471554944587
2650500	20.614545962819737
2651000	20.61924504277884
2651500	20.618188592541994
2652000	20.61713256864358
2652500	20.617308856163003
2653000	20.618420746418014
2653500	20.61985201731118
2654000	20.61863664208559
2654500	20.6214820672652
2655000	20.62165723587319
2655500	20.619211841748363
2656000	20.620481787681793
2656500	20.621910974079295
2657000	20.622110000077456
2657500	20.62260425136485
2658000	20.62277896920945
2658500	20.61894772693847
2659000	20.616825323117403
2659500	20.616251267091222
2660000	20.616905723436847
2660500	20.616491336633665
2661000	20.618078327043246
2661500	20.617504465424854
2662000	20.619250096637032
2662500	20.618676230743663
2663000	20.618556701030926
2663500	20.621209194514197
2664000	20.620316724604095
2664500	20.62174164896698
2665000	20.62239382239382
2665500	20.625680381090618
2666000	20.626331552783526
2666500	20.624985529169333
2667000	20.62595490531969
2667500	20.62197671637646
2668000	20.622309982567916
2668500	20.621895918808033
2669000	20.621617037025615
2669500	20.61966141416633
2670000	20.622148230361326
2670500	20.619716573295626
2671000	20.620685404339252
2671500	20.62011323806956
2672000	20.624297222778452
2672500	20.623883447298713
2673000	20.624985564819735
2673500	20.624095569444872
2674000	20.621666756451003
2674500	20.61937370162345
2675000	20.62310088849571
2675500	20.622211967389635
2676000	20.6205544234688
2676500	20.62274160067656
2677000	20.62045057994297
2677500	20.621575302987218
2678000	20.62098056842542
2678500	20.621629511269532
2679000	20.620132413708355
2679500	20.619245448192718
2680000	20.620210985366153
2680500	20.620883423149554
2681000	20.620313303502215
2681500	20.622203804744036
2682000	20.624386201816844
2682500	20.623499359471005
2683000	20.630440618169267
2683500	20.632936629654623
2684000	20.630515283708878
2684500	20.63007818488426
2685000	20.627366226759246
2685500	20.628170352320964
2686000	20.62651783867434
2686500	20.62716382242103
2687000	20.62627794242654
2687500	20.626024103765637
2688000	20.625612444879962
2688500	20.625966351820953
2689000	20.62537306579733
2689500	20.626468045386034
2690000	20.624211130235224
2690500	20.623484692043533
2691000	20.62489485677581
2691500	20.622797158956246
2692000	20.6236001865144
2692500	20.62363865642554
2693000	20.62017162462653
2693500	20.62173869861182
2694000	20.619777265158344
2694500	20.61858031998167
2695000	20.61664388739148
2695500	20.61836781433697
2696000	20.61901309010419
2696500	20.621341737955877
2697000	20.62564376454431
2697500	20.625681788708437
2698000	20.62648249982839
2698500	20.628808040446252
2699000	20.632342962573286
2699500	20.634351965484914
2700000	20.634545620827364
2700500	20.63229601633698
2701000	20.632175589093485
2701500	20.631898055405333
2702000	20.63177775070062
2702500	20.630291770725467
2703000	20.629277465228345
2703500	20.63023291216319
2704000	20.631345032800112
2704500	20.631985817221725
2705000	20.631575744204977
2705500	20.631926432445177
2706000	20.631649391240863
2706500	20.630925859748633
2707000	20.62881511832093
2707500	20.630215696110174
2708000	20.629963144496372
2708500	20.629530017778183
2709000	20.62804794676633
2709500	20.625963590518648
2710000	20.62917150732363
2710500	20.62996788666955
2711000	20.629245891684693
2711500	20.629126508309934
2712000	20.62521339959786
2712500	20.624336216052193
2713000	20.624217831544616
2713500	20.62559241706161
2714000	20.62351210784091
2714500	20.62475364603863
2715000	20.62280695106517
2715500	20.624805837380755
2716000	20.623172376176118
2716500	20.622741973354337
2717000	20.620641086803428
2717500	20.620991982071335
2718000	20.617690473487
2718500	20.61545913463358
2719000	20.615053991267565
2719500	20.613892398598807
2720000	20.614532746335044
2720500	20.612147659635617
2721000	20.612632231623678
2721500	20.612828111769687
2722000	20.608932931207814
2722500	20.61381963285696
2723000	20.61114847250663
2723500	20.609833489468436
2724000	20.606385630443157
2724500	20.61095797303931
2725000	20.610554452305625
2725500	20.61194908728541
2726000	20.61365437596709
2726500	20.613227481284714
2727000	20.611890749962274
2727500	20.614193898796053
2728000	20.61725042990316
2728500	20.618020314137706
2729000	20.61956710217806
2729500	20.617189031100658
2730000	20.61554229215651
2730500	20.61558167570826
2731000	20.616374374736335
2731500	20.619115764103338
2732000	20.61944170425537
2732500	20.61750888393664
2733000	20.615887210291383
2733500	20.615926486193583
2734000	20.617315535222502
2734500	20.615849896932033
2735000	20.617858781583084
2735500	20.619091667982765
2736000	20.618665223014226
2736500	20.619168978401255
2737000	20.617394376254296
2737500	20.618339771241338
2738000	20.616411080973453
2738500	20.614196533876214
2739000	20.613175307751817
2739500	20.612773626703714
2740000	20.61206255771873
2740500	20.61135174494982
2741000	20.610331809755404
2741500	20.611718093408573
2742000	20.610566751196675
2742500	20.610606856199833
2743000	20.608992387595155
2743500	20.60618785524678
2744000	20.607132949970385
2744500	20.60492485289157
2745000	20.604988607746733
2745500	20.60474352729589
2746000	20.604939011598287
2746500	20.60438531436576
2747000	20.605307109849534
2747500	20.60444497693644
2748000	20.602702803878262
2748500	20.60274423792378
2749000	20.603665701220653
2749500	20.604301043085258
2750000	20.603748176411177
2750500	20.601522880607956
2751000	20.602620479224626
2751500	20.606994115491883
2752000	20.60644119494034
2752500	20.60678994812611
2753000	20.605027949660716
2753500	20.602388032936325
2754000	20.603022583464693
2754500	20.60293249874887
2755000	20.605521990127034
2755500	20.60496998297542
2756000	20.602771224654344
2756500	20.600419487508677
2757000	20.598529795887906
2757500	20.597671989255335
2758000	20.598152872894378
2758500	20.595935110945366
2759000	20.59420116931154
2759500	20.593959005942573
2760000	20.59878186060728
2760500	20.600007453508738
2761000	20.600794401925643
2761500	20.602326153204235
2762000	20.601469032613718
2762500	20.598969195018768
2763000	20.599471273783372
2763500	20.600410995622003
2764000	20.60299263009008
2764500	20.60228947407595
2765000	20.60276826908766
2765500	20.602043017952667
2766000	20.601646941553657
2766500	20.60063812222495
2767000	20.599192450978205
2767500	20.59969368485227
2768000	20.599429115128448
2768500	20.60333999747308
2769000	20.6063533345718
2769500	20.605060996448685
2770000	20.605844512783943
2770500	20.604093636741727
2771000	20.603981495919747
2771500	20.604611798244964
2772000	20.604216152019003
2772500	20.605610805996736
2773000	20.603861508095513
2773500	20.608965322808007
2774000	20.606627055655697
2774500	20.606537072334994
2775000	20.605094360609545
2775500	20.607795019313322
2776000	20.611694241831227
2776500	20.614392648039725
2777000	20.612208604413357
2777500	20.608543614514957
2778000	20.610500429616902
2778500	20.61202121041562
2779000	20.6079004849876
2779500	20.60778797749482
2780000	20.608720753795254
2780500	20.609348173583566
2781000	20.607755654702448
2781500	20.60794815647748
2782000	20.605486808139233
2782500	20.60463534040319
2783000	20.602740131165483
2783500	20.603367979064714
2784000	20.606083003806496
2784500	20.607144440667447
2785000	20.60585910081643
2785500	20.60707241580545
2786000	20.606655932879363
2786500	20.606414166402057
2787000	20.604391547673544
2787500	20.60855700239171
2788000	20.610377149605135
2788500	20.609092854560078
2789000	20.60824270684236
2789500	20.606959228686716
2790000	20.60699929933252
2790500	20.608080703798475
2791000	20.609161757441257
2791500	20.609353345324802
2792000	20.608222651355455
2792500	20.607829265416814
2793000	20.606266026113353
2793500	20.607627761693227
2794000	20.607515872898958
2794500	20.60872510899022
2795000	20.60802850915945
2795500	20.606595995288572
2796000	20.60265261360458
2796500	20.602109074318008
2797000	20.603773029607392
2797500	20.603510423869707
2798000	20.603854074727863
2798500	20.602272309445897
2799000	20.600388201041085
2799500	20.598959099062014
2800000	20.5985462616582
2800500	20.60195901211707
2801000	20.604938543710006
2801500	20.602926485279426
2802000	20.605624389491542
2802500	20.606398836842143
2803000	20.60790719870783
2803500	20.60721285482533
2804000	20.609605730558084
2804500	20.609947605559388
2805000	20.614540305362553
2805500	20.616779513061083
2806000	20.61858694615785
2806500	20.61877594121702
2807000	20.620151628466267
2807500	20.61857181605589
2808000	20.616561854083294
2808500	20.61879845813364
2809000	20.618534040620144
2809500	20.621222665836417
2810000	20.62037647403501
2810500	20.617031715693813
2811000	20.61618661317011
2811500	20.617515298802445
2812000	20.61843597906832
2812500	20.616580197135896
2813000	20.61515499593945
2813500	20.61476339217135
2814000	20.614801758248188
2814500	20.617184643510058
2815000	20.6167703634383
2815500	20.613884401429814
2816000	20.613342688417234
2816500	20.61191979422425
2817000	20.614579832546724
2817500	20.613714719803657
2818000	20.615944145828465
2818500	20.616561886194535
2819000	20.61425922410898
2819500	20.616336868535726
2820000	20.6176839769974
2820500	20.619609788842354
2821000	20.61964720815886
2821500	20.619835012144332
2822000	20.619443856975124
2822500	20.620511137846805
2823000	20.61660263466768
2823500	20.61664054812493
2824000	20.614492162164133
2824500	20.614680637122746
2825000	20.61647627928663
2825500	20.618399009396168
2826000	20.61507315190399
2826500	20.61526139507791
2827000	20.617633569447378
2827500	20.61940461460077
2828000	20.61563091253093
2828500	20.616396496027473
2829000	20.61786678111338
2829500	20.61863167923664
2830000	20.61939631038169
2830500	20.621164975135954
2831000	20.620752316918043
2831500	20.62224289420708
2832000	20.623455893038802
2832500	20.623043001300427
2833000	20.62307966093077
2833500	20.62236746550472
2834000	20.623429807873833
2834500	20.621842151112144
2835000	20.622155771198805
2835500	20.621616522256573
2836000	20.623403761318784
2836500	20.623440311067263
2837000	20.627253011873417
2837500	20.62466460717342
2838000	20.624574022245103
2838500	20.624184428012178
2839000	20.622195806121933
2839500	20.624107718731203
2840000	20.62442035706005
2840500	20.623007823819183
2841000	20.623895471796505
2841500	20.62290903297754
2842000	20.62309491228451
2842500	20.622556826407994
2843000	20.622145664304792
2843500	20.622182341831234
2844000	20.622368211613875
2844500	20.62138310185185
2845000	20.619250130185733
2845500	20.618415058319894
2846000	20.616432413673433
2846500	20.616194255889774
2847000	20.619122993415584
2847500	20.619733780404967
2848000	20.61977081918414
2848500	20.61604698369585
2849000	20.61606240069334
2849500	20.620157277893718
2850000	20.62193598694613
2850500	20.622969753843932
2851000	20.621711547205763
2851500	20.624061886618172
2852000	20.621487269395324
2852500	20.622245305748518
2853000	20.62272805954648
2853500	20.623485635167878
2854000	20.624540355026173
2854500	20.62599568925124
2855000	20.62501351361091
2855500	20.623905571048706
2856000	20.62351847715663
2856500	20.625715870534588
2857000	20.624734412249808
2857500	20.62621069080487
2858000	20.6258234993412
2858500	20.626579225846392
2859000	20.62544983446092
2859500	20.627073393637154
2860000	20.62596683095298
2860500	20.624289599010115
2861000	20.623606415881465
2861500	20.626519193982194
2862000	20.625265140893173
2862500	20.62688713156003
2863000	20.626774483378256
2863500	20.62839566504729
2864000	20.626971410506044
2864500	20.627429006558767
2865000	20.626894401907688
2865500	20.627796249883303
2866000	20.62810534478302
2866500	20.627867075385687
2867000	20.628472172377656
2867500	20.62548888745362
2868000	20.62765468947308
2868500	20.6252421055652
2869000	20.625551355887225
2869500	20.624870027894705
2870000	20.624610156367627
2870500	20.625931872921207
2871000	20.625819722064946
2871500	20.62671978903921
2872000	20.625743311983264
2872500	20.627359402869608
2873000	20.628406494631975
2873500	20.630169358014967
2874000	20.63165883835491
2874500	20.63070480008591
2875000	20.63002383525757
2875500	20.62774171848947
2876000	20.628344924300965
2876500	20.62924306265962
2877000	20.627995136256345
2877500	20.629165593981522
2878000	20.627895670079504
2878500	20.627363514836976
2879000	20.628975770137945
2879500	20.630440064601885
2880000	20.6300551601932
2880500	20.62838894961315
2881000	20.62756246339338
2881500	20.626169425678086
2882000	20.62421009789431
2882500	20.62653492489577
2883000	20.6254372064471
2883500	20.623773329051136
2884000	20.622801321526175
2884500	20.6219767989384
2885000	20.622012982381055
2885500	20.618608167282375
2886000	20.616358748743252
2886500	20.61696181595232
2887000	20.61884328624175
2887500	20.62116493368587
2888000	20.62193592520807
2888500	20.621972071815332
2889000	20.621442767286638
2889500	20.62319717958762
2890000	20.623233092879676
2890500	20.624692957786593
2891000	20.627011019675958
2891500	20.62805164486327
2892000	20.628504739403944
2892500	20.62895766631092
2893000	20.62884581184421
2893500	20.629027439935136
2894000	20.63033785369392
2894500	20.630936806780046
2895000	20.633814831665152
2895500	20.632991463926025
2896000	20.63216838873808
2896500	20.63107485931905
2897000	20.629835117605687
2897500	20.62943023140191
2898000	20.627898223961257
2898500	20.629499723093964
2899000	20.627258335877105
2899500	20.629422745242778
2900000	20.62889421916914
2900500	20.629638564475158
2901000	20.62725234811725
2901500	20.624304023718164
2902000	20.622650875824412
2902500	20.62410482578669
2903000	20.623870121583778
2903500	20.624614577647986
2904000	20.62281628053664
2904500	20.623706811031433
2905000	20.627284835775214
2905500	20.62758987072782
2906000	20.63031161473088
2906500	20.6293681534616
2907000	20.62896465790666
2907500	20.629830969166736
2908000	20.627304445057785
2908500	20.629316200611346
2909000	20.6280818671251
2909500	20.6275552789056
2910000	20.627736090581834
2910500	20.628478090241195
2911000	20.62795169819858
2911500	20.62713385971485
2912000	20.626607864755606
2912500	20.626934437582147
2913000	20.627967442912052
2913500	20.628002260525573
2914000	20.62677016308455
2914500	20.624955864698823
2915000	20.626403264752813
2915500	20.62502647220771
2916000	20.62294434014201
2916500	20.62183770967264
2917000	20.622433572748953
2917500	20.623880133749065
2918000	20.624766365027757
2918500	20.622395227316
2919000	20.62073001346654
2919500	20.619065410019807
2920000	20.618106212777953
2920500	20.617852034021322
2921000	20.617038665313945
2921500	20.616784773390062
2922000	20.613445082226995
2922500	20.613482244083123
2923000	20.61267020572539
2923500	20.6110094326341
2924000	20.61048823574953
2924500	20.60911848114449
2925000	20.60845276540656
2925500	20.610042629823994
2926000	20.610762186759317
2926500	20.608276783516754
2927000	20.609039262009222
2927500	20.608663864010236
2928000	20.606593097631265
2928500	20.606486524473805
2929000	20.60751702185965
2929500	20.607265548709808
2930000	20.608006068822128
2930500	20.60734175615032
2931000	20.60624359280428
2931500	20.606839226918837
2932000	20.609272452883165
2932500	20.607906575244407
2933000	20.60598405748288
2933500	20.606868488441435
2934000	20.60717442235659
2934500	20.60818155678208
2935000	20.608508460076713
2935500	20.6093918701011
2936000	20.610130521947596
2936500	20.608477474699335
2937000	20.611462647242252
2937500	20.612756774934844
2938000	20.6127938580515
2938500	20.611162862365788
2939000	20.609511004670768
2939500	20.60940431848097
2940000	20.60888618210583
2940500	20.608635399679446
2941000	20.606985157764356
2941500	20.60687898802194
2942000	20.60411886507359
2942500	20.603025619146866
2943000	20.602632057396193
2943500	20.60392502324671
2944000	20.602976435966085
2944500	20.602583098040313
2945000	20.60064844317737
2945500	20.600132741817166
2946000	20.598364033892857
2946500	20.600088001732097
2947000	20.60152371109544
2947500	20.601706394090456
2948000	20.602997535793815
2948500	20.60443203629384
2949000	20.603772531559887
2949500	20.605350190480177
2950000	20.603993135490352
2950500	20.603600398959358
2951000	20.60169042372172
2951500	20.60353362803475
2952000	20.604269202347922
2952500	20.60527067810668
2953000	20.606558976431728
2953500	20.60952752558859
2954000	20.60829403200301
2954500	20.609868219429973
2955000	20.61074549949511
2955500	20.610639186742794
2956000	20.609406326576075
2956500	20.61251479084012
2957000	20.611590148304348
2957500	20.61205744822979
2958000	20.61058080316144
2958500	20.609247935666534
2959000	20.610124222738467
2959500	20.61001815033484
2960000	20.61060740905551
2960500	20.61356858328641
2961000	20.61372719374457
2961500	20.61278239901043
2962000	20.610305152576288
2962500	20.610342336334334
2963000	20.609541801815567
2963500	20.608762682555888
2964000	20.60963755034023
2964500	20.61034786773945
2965000	20.611916264090176
2965500	20.61070821333148
2966000	20.611296142103804
2966500	20.608701081564835
2967000	20.609146210350353
2967500	20.606817157321682
2968000	20.60408129303351
2968500	20.602590055738887
2969000	20.603871933679446
2969500	20.60613201009065
2970000	20.6050485383075
2970500	20.603415428314108
2971000	20.60345365002182
2971500	20.604612507791398
2972000	20.603815393137833
2972500	20.601084194711955
2973000	20.603342055350197
2973500	20.601589103291715
2974000	20.60079303019189
2974500	20.5979215963026
2975000	20.598652444001715
2975500	20.601600486924283
2976000	20.605096642578058
2976500	20.60456465675192
2977000	20.603220030831555
2977500	20.601875851010153
2978000	20.60510566543655
2978500	20.608598316819368
2979000	20.610159655679833
2979500	20.607576050617524
2980000	20.608731085066267
2980500	20.606269852230355
2981000	20.60573842924997
2981500	20.60451696623319
2982000	20.603864734299517
2982500	20.604044906605576
2983000	20.602013149634004
2983500	20.601503759398497
2984000	20.60168421923817
2984500	20.60089092388531
2985000	20.603545155574555
2985500	20.60260979258146
2986000	20.604168389711354
2986500	20.603922325280116
2987000	20.605338220501302
2987500	20.60440317425328
2988000	20.60415719657837
2988500	20.6026759583801
2989000	20.605326209688524
2989500	20.60564757066347
2990000	20.603478536179114
2990500	20.60088494966247
2991000	20.600902661199328
2991500	20.598310587717368
2992000	20.597378302911924
2992500	20.599217455285615
2993000	20.598568550743572
2993500	20.596949262062374
2994000	20.596988254053347
2994500	20.59662312137934
2995000	20.59844034491051
2995500	20.59641819343404
2996000	20.594659193933897
2996500	20.591123533006915
2997000	20.59431364875349
2997500	20.592152232412545
2998000	20.593302354951852
2998500	20.593745496469232
2999000	20.5981844504978
2999500	20.598909203169484
3000000	20.59840316075397
3000500	20.596525639355058
3001000	20.59725031713923
3001500	20.596865530432876
3002000	20.59498920382493
3002500	20.59502840811739
3003000	20.596296956158263
3003500	20.5966181588972
3004000	20.595004863613322
3004500	20.591619522485377
3005000	20.59302882969253
3005500	20.591557974735544
3006000	20.59338974232591
3006500	20.59328820473508
3007000	20.59318670188741
3007500	20.593769457615753
3008000	20.593245267788124
3008500	20.59465264050669
3009000	20.593867111633887
3009500	20.59446966796127
3010000	20.594227272105776
3010500	20.590989562328687
3011000	20.593361080925924
3011500	20.596133740595725
3012000	20.600834910462343
3012500	20.59922535163161
3013000	20.60267872388381
3013500	20.602033639039313
3014000	20.601670091971133
3014500	20.60198933650098
3015000	20.600662093443912
3015500	20.599194704156147
3016000	20.60005595245406
3016500	20.598589147075277
3017000	20.596581219901502
3017500	20.59511549714582
3018000	20.59515448241062
3018500	20.595193454917336
3019000	20.596856211912584
3019500	20.595672175839155
3020000	20.59625212947189
3020500	20.59751320047692
3021000	20.597411444141688
3021500	20.60057483007097
3022000	20.600612870275793
3022500	20.598608330950338
3023000	20.59890674672058
3023500	20.596903181895527
3024000	20.595861092774946
3024500	20.59507933483929
3025000	20.594017646378546
3025500	20.597457540656904
3026000	20.594235817363273
3026500	20.59249488349323
3027000	20.59035472950006
3027500	20.588895006219285
3028000	20.590154130535243
3028500	20.59127291505293
3029000	20.59023343025626
3029500	20.59041292224509
3030000	20.59019288236892
3030500	20.592010104508322
3031000	20.59055171570957
3031500	20.588554748489578
3032000	20.58927335170429
3032500	20.588355048859935
3033000	20.587856129947145
3033500	20.59130812336332
3034000	20.592564455628885
3034500	20.594219214127797
3035000	20.594258126635836
3035500	20.59266189391474
3036000	20.5914849485179
3036500	20.59084655475056
3037000	20.58953074707776
3037500	20.591602924139053
3038000	20.593415526351443
3038500	20.592637745944664
3039000	20.591999674948703
3039500	20.591919506530616
3040000	20.59317329433906
3040500	20.591858560424537
3041000	20.588653298231606
3041500	20.59141967789958
3042000	20.59173759489046
3042500	20.59110034770609
3043000	20.59167675565265
3043500	20.588593299882334
3044000	20.587678494158375
3044500	20.5875990373435
3045000	20.588056372300517
3045500	20.587698608473513
3046000	20.58678451007818
3046500	20.587500084449758
3047000	20.586725388741034
3047500	20.588513385741685
3048000	20.58746075154462
3048500	20.588691983122363
3049000	20.58710369825381
3049500	20.58632977000324
3050000	20.585556102860306
3050500	20.583036485319518
3051000	20.58214442308341
3051500	20.584744048020504
3052000	20.584645470177687
3052500	20.58522114347357
3053000	20.583655226808503
3053500	20.58383435334717
3054000	20.58252688896676
3054500	20.582706133642382
3055000	20.58100287671879
3055500	20.58252950369133
3056000	20.58189655172414
3056500	20.57991703927167
3057000	20.580354137211337
3057500	20.58079108215084
3058000	20.581643435478767
3058500	20.581268589424383
3059000	20.57954828335565
3059500	20.5798661329925
3060000	20.58245897228948
3060500	20.585327801053104
3061000	20.58453739250872
3061500	20.58766192297609
3062000	20.58635731232735
3062500	20.58612046314403
3063000	20.58455956460391
3063500	20.58258427721123
3064000	20.580194920775654
3064500	20.578477986407716
3065000	20.578756546260237
3065500	20.57786937520559
3066000	20.578443612151478
3066500	20.577537379539905
3067000	20.575427578386577
3067500	20.574403424147487
3068000	20.57606267733648
3068500	20.576912758879708
3069000	20.57508030068331
3069500	20.575121856373745
3070000	20.57528204371929
3070500	20.57370731543849
3071000	20.573335477645546
3071500	20.573515125121435
3072000	20.57140943193998
3072500	20.570781760702992
3073000	20.570548449742184
3073500	20.573131130527937
3074000	20.572365778551347
3074500	20.5720137615293
3075000	20.573000321233536
3075500	20.57117238887365
3076000	20.569876430879567
3076500	20.571394169665673
3077000	20.575311498873052
3077500	20.572815663826884
3078000	20.572326413265134
3078500	20.572505815974544
3079000	20.572547656605085
3079500	20.5754001403415
3080000	20.573299478818655
3080500	20.57440241572358
3081000	20.5733828519518
3081500	20.573836731695263
3082000	20.570932523121098
3082500	20.57069988850388
3083000	20.571684145177333
3083500	20.573865684193667
3084000	20.5771065925486
3084500	20.575950465057318
3085000	20.57371581054036
3085500	20.574836080335643
3086000	20.572876721464535
3086500	20.570643657773836
3087000	20.571881916851115
3087500	20.569649784698242
3088000	20.569573852654592
3088500	20.570145335083662
3089000	20.572715401220584
3089500	20.576342768070663
3090000	20.576109760564787
3090500	20.574408012146073
3091000	20.573783589443128
3091500	20.571964931200448
3092000	20.571341094094233
3092500	20.56938649204416
3093000	20.572618635722463
3093500	20.571075023451066
3094000	20.571782062965205
3094500	20.569809664418816
3095000	20.56813043593904
3095500	20.569111096336677
3096000	20.56940779196607
3096500	20.569176475279637
3097000	20.568945238522417
3097500	20.568596315219487
3098000	20.56611795341916
3098500	20.565769547543773
3099000	20.567941080761592
3099500	20.568920525096114
3100000	20.56909921393669
3100500	20.56900477268352
3101000	20.568110170897626
3101500	20.5685618729097
3102000	20.56675004478533
3102500	20.567046555132475
3103000	20.56482636033216
3103500	20.564069576980977
3104000	20.563839732666768
3104500	20.563356005462524
3105000	20.561410485848743
3105500	20.559719543794774
3106000	20.56175084978234
3106500	20.56085910948876
3107000	20.560085311007636
3107500	20.55985642669351
3108000	20.559899885450946
3108500	20.56153963283438
3109000	20.56331501952737
3109500	20.56680322715149
3110000	20.56857736543272
3110500	20.570214905780222
3111000	20.571715875336565
3111500	20.571893479382467
3112000	20.57325767495999
3112500	20.574485389900218
3113000	20.57334020918455
3113500	20.574042491307395
3114000	20.574219601985448
3114500	20.574668587515365
3115000	20.57272739286139
3115500	20.5721080795402
3116000	20.571877724642658
3116500	20.57232675327077
3117000	20.57262090277594
3117500	20.57371096586783
3118000	20.57518911140741
3118500	20.573521647307285
3119000	20.573038675491446
3119500	20.57267269248532
3120000	20.574304712649745
3120500	20.57500527648797
3121000	20.573203463488944
3121500	20.57363267728217
3122000	20.572762153395832
3122500	20.571349473670335
3123000	20.570731868059447
3123500	20.570773397294396
3124000	20.572403660537223
3124500	20.579555485290438
3125000	20.583682959118484
3125500	20.58292833906252
3126000	20.58124452696519
3126500	20.579309436819067
3127000	20.57934956459925
3127500	20.581886623583454
3128000	20.58258432141494
3128500	20.582894736842107
3129000	20.582005709549684
3129500	20.582045379809273
3130000	20.582336579495912
3130500	20.583439624452655
3131000	20.58479378393658
3131500	20.5870754022505
3132000	20.58699823874241
3132500	20.591114878406174
3133000	20.594302683099887
3133500	20.596310990830027
3134000	20.597275676811726
3134500	20.597969556480738
3135000	20.599976363373735
3135500	20.600534362670764
3136000	20.59887235564774
3136500	20.59904446894524
3137000	20.6003937007874
3137500	20.600816133730465
3138000	20.601663561701347
3138500	20.602626159274855
3139000	20.60331825037707
3139500	20.60242859765533
3140000	20.601018742502017
3140500	20.601190320127944
3141000	20.60228724972966
3141500	20.60060807800173
3142000	20.600779637697777
3142500	20.60014148718755
3143000	20.599658124136305
3143500	20.598250301220595
3144000	20.59934657212259
3144500	20.60211703248866
3145000	20.60122916216694
3145500	20.60374839672277
3146000	20.60391925933196
3146500	20.60264688372945
3147000	20.604510609350882
3147500	20.604816030764
3148000	20.605101580430645
3148500	20.60552174112017
3149000	20.604499758147803
3149500	20.6063814490935
3150000	20.605763575769455
3150500	20.60816329197457
3151000	20.609639782066193
3151500	20.608503105874053
3152000	20.608672936259143
3152500	20.611320064775636
3153000	20.611873159712474
3153500	20.611120539968926
3154000	20.609197352791448
3154500	20.61184270630767
3155000	20.61318231049287
3155500	20.615039369565075
3156000	20.61363458477915
3156500	20.61301682535542
3157000	20.611747215774237
3157500	20.61007490661121
3158000	20.611164706802597
3158500	20.60978153188383
3159000	20.60995079990877
3159500	20.61115454782382
3160000	20.61262646332645
3160500	20.611606852081028
3161000	20.610856045065287
3161500	20.612058861830967
3162000	20.61157659681126
3162500	20.612262167457544
3163000	20.615034168564918
3163500	20.614819972538736
3164000	20.613821058864097
3164500	20.614639985427672
3165000	20.612722778717316
3165500	20.61197281566026
3166000	20.61409212682394
3166500	20.61515856814074
3167000	20.613490551933488
3167500	20.613906815626482
3168000	20.61577651133624
3168500	20.616708031757994
3169000	20.619206308992524
3169500	20.62105427242732
3170000	20.618737458682652
3170500	20.619554066513434
3171000	20.61945351501892
3171500	20.620785003537513
3172000	20.621065611006557
3172500	20.620449796903593
3173000	20.621131713140173
3173500	20.62311075362281
3174000	20.62665386810564
3174500	20.62655227645598
3175000	20.62750030797959
3175500	20.627398610102688
3176000	20.630136631147753
3176500	20.630034541083152
3177000	20.631495736464245
3177500	20.629964109408
3178000	20.630262987433607
3178500	20.62951329296331
3179000	20.62773590281555
3179500	20.627901405623792
3180000	20.629114850036576
3180500	20.629146574322792
3181000	20.630606142973633
3181500	20.629610456839654
3182000	20.63066909928445
3182500	20.629406818034802
3183000	20.628278346581464
3183500	20.629470117306226
3184000	20.630281712907586
3184500	20.629153629334642
3185000	20.629051962070726
3185500	20.627924411240077
3186000	20.62575117279882
3186500	20.628121385976133
3187000	20.629957882225266
3187500	20.628564416226936
3188000	20.629375145300028
3188500	20.630318839831087
3189000	20.629438347320853
3189500	20.62764639058143
3190000	20.62948119752441
3190500	20.627177700348433
3191000	20.626298336838573
3191500	20.6277535170839
3192000	20.62725320366059
3192500	20.626640271857934
3193000	20.62680524035486
3193500	20.626192563560412
3194000	20.625713015062747
3194500	20.624057533928777
3195000	20.62757731958763
3195500	20.625523416865295
3196000	20.627089277778136
3196500	20.626722650112054
3197000	20.623780672328426
3197500	20.622014497791856
3198000	20.622690817338018
3198500	20.622212497023444
3199000	20.62146892655367
3199500	20.62072559528022
3200000	20.620380436530656
3200500	20.61782071236542
3201000	20.615924787468007
3201500	20.618019790521384
3202000	20.618185558527053
3202500	20.617065723927368
3203000	20.616853903699322
3203500	20.617662367705744
3204000	20.617695623959957
3204500	20.621053375387838
3205000	20.619801535052506
3205500	20.619702029283328
3206000	20.62166118758989
3206500	20.62361974218068
3207000	20.622500657932743
3207500	20.622268430273973
3208000	20.622168606665724
3208500	20.62142724245671
3209000	20.622101340038874
3209500	20.62213385498509
3210000	20.62216635992279
3210500	20.620539750322195
3211000	20.61787596322747
3211500	20.61611830086726
3212000	20.61654809972441
3212500	20.61556404275498
3213000	20.617011052378665
3213500	20.615631005765536
3214000	20.61734167728877
3214500	20.61814735116303
3215000	20.6194610931817
3215500	20.61819369130009
3216000	20.619130835557776
3216500	20.616979743351788
3217000	20.6169932298399
3217500	20.61793008138404
3218000	20.61833906935684
3218500	20.618635828685463
3219000	20.61738974726287
3219500	20.61653952643728
3220000	20.617475752984124
3220500	20.61585471096252
3221000	20.615624540614476
3221500	20.614379836787382
3222000	20.612759975719623
3222500	20.615105477684217
3223000	20.613861386138613
3223500	20.61235438381361
3224000	20.612895192240153
3224500	20.61088197361868
3225000	20.61232436849262
3225500	20.61222666173073
3226000	20.613668417391526
3226500	20.615241291738716
3227000	20.612459727583015
3227500	20.61134925494999
3228000	20.609075544500783
3228500	20.607571690016005
3229000	20.605693519079345
3229500	20.607752768162783
3230000	20.60688723318823
3230500	20.605253431553727
3231000	20.6031143279474
3231500	20.60163212781816
3232000	20.60421536717262
3232500	20.6026022328508
3233000	20.602000725915833
3233500	20.599863754146266
3234000	20.59900060472962
3234500	20.597501288815625
3235000	20.596769882784162
3235500	20.597573312803416
3236000	20.596336987015963
3236500	20.596242160566856
3237000	20.599701103373715
3237500	20.599474791919683
3238000	20.59835091132175
3238500	20.59952709059012
3239000	20.60032920869162
3239500	20.598458419912184
3240000	20.59645734326158
3240500	20.597521233411893
3241000	20.600490351757518
3241500	20.602692747364408
3242000	20.60272789616723
3242500	20.601474164037253
3243000	20.60023994363229
3243500	20.601414046534064
3244000	20.60208394146688
3244500	20.599319848742482
3245000	20.60088559574711
3245500	20.604465305086897
3246000	20.604630809916095
3246500	20.60350894991472
3247000	20.602164444528974
3247500	20.603075596800164
3248000	20.601973621665472
3248500	20.60251194504645
3249000	20.604578372795874
3249500	20.606010693561057
3250000	20.604908946951703
3250500	20.604049372708218
3251000	20.602295968441513
3251500	20.600170934759902
3252000	20.597674374442175
3252500	20.596072176758376
3253000	20.595977877058207
3253500	20.595250900025942
3254000	20.59363099229494
3254500	20.59111867279754
3255000	20.589760453292186
3255500	20.59029951250972
3256000	20.589313710615485
3256500	20.588960312494077
3257000	20.58810518399616
3257500	20.590037975243426
3258000	20.588309620681812
3258500	20.587213452342603
3259000	20.58609909369375
3259500	20.586136563125557
3260000	20.58453981222495
3260500	20.583816269585746
3261000	20.583334385296084
3261500	20.58147900390009
3262000	20.580514891468955
3262500	20.57892013980896
3263000	20.578717283927254
3263500	20.578755826348022
3264000	20.579053913438315
3264500	20.580613023437646
3265000	20.580020805094097
3265500	20.579540225537844
3266000	20.58209961743778
3266500	20.58176685214476
3267000	20.58191624085637
3267500	20.58182459588515
3268000	20.581362390955185
3268500	20.58228948213645
3269000	20.581697741340335
3269500	20.58490209658125
3270000	20.58518038235646
3270500	20.584977152280366
3271000	20.58638440335796
3271500	20.58743951625589
3272000	20.587976244400824
3272500	20.589400849190124
3273000	20.588549757548694
3273500	20.588475735909093
3274000	20.589270893589195
3274500	20.589936379410066
3275000	20.58644206291838
3275500	20.583706738896815
3276000	20.582358337627085
3276500	20.58490921656091
3277000	20.583320769887933
3277500	20.585113398694862
3278000	20.587662725051963
3278500	20.587182690919136
3279000	20.587478263053153
3279500	20.586758392126338
3280000	20.586407937593744
3280500	20.586943426534813
3281000	20.58836446223438
3281500	20.590910516576233
3282000	20.591315909960425
3282500	20.59059611453225
3283000	20.592126300213803
3283500	20.592162590821044
3284000	20.592198870509776
3284500	20.593617607981752
3285000	20.596031054771945
3285500	20.593929141997933
3286000	20.594352151143852
3286500	20.596396069122317
3287000	20.60018912470332
3287500	20.600482138943676
3288000	20.599393969748572
3288500	20.602687933095883
3289000	20.603606366532517
3289500	20.603511933816442
3290000	20.60391430573631
3290500	20.60269756268455
3291000	20.60411206535269
3291500	20.60352106069608
3292000	20.601550775387693
3292500	20.59932352591796
3293000	20.600241296751246
3293500	20.5988974586547
3294000	20.597057830994014
3294500	20.596725818545362
3295000	20.598010795681727
3295500	20.596796761781018
3296000	20.595325830345878
3296500	20.593616715687194
3297000	20.592403893582084
3297500	20.5925685461719
3298000	20.591484766583232
3298500	20.59388886115133
3299000	20.59203424413925
3299500	20.591941903846873
3300000	20.592473379867883
3300500	20.591262045093085
3301000	20.589665880944363
3301500	20.589702343097276
3302000	20.589977121554988
3302500	20.58889526041537
3303000	20.588436921581213
3303500	20.58821696731782
3304000	20.588638430962085
3304500	20.588546760438796
3305000	20.590451870075675
3305500	20.588235294117645
3306000	20.586275816122583
3306500	20.586074656971387
3307000	20.586477772106516
3307500	20.586020401177517
3308000	20.585197077748322
3308500	20.586478515697912
3309000	20.585527298064
3309500	20.587430334394906
3310000	20.584101396818287
3310500	20.581651307689437
3311000	20.58194478985327
3311500	20.579495723095285
3312000	20.580520852756543
3312500	20.57968132441771
3313000	20.579225669352986
3313500	20.57789319350911
3314000	20.578059097939587
3314500	20.57760387553568
3315000	20.577404350715078
3315500	20.576821582689142
3316000	20.577718180802325
3316500	20.57739100208561
3317000	20.57843289371606
3317500	20.578835998535535
3318000	20.57650190161249
3318500	20.57553689068645
3319000	20.57679784165969
3319500	20.575595780700613
3320000	20.575999007967262
3320500	20.580504376720313
3321000	20.583276513977562
3321500	20.58344127472064
3322000	20.583733539891558
3322500	20.58116480793061
3323000	20.580710307700887
3323500	20.57950906489436
3324000	20.57794375390942
3324500	20.5745033932729
3325000	20.575543131682732
3325500	20.575089761049895
3326000	20.57512812260157
3326500	20.57467494291001
3327000	20.57558675568811
3327500	20.57526093385551
3328000	20.57579056762508
3328500	20.57484629943468
3329000	20.57475742565073
3329500	20.573686358408665
3330000	20.573233837612598
3330500	20.572290459971192
3331000	20.571202541424853
3331500	20.57013261484841
3332000	20.56780970033982
3332500	20.56784906779347
3333000	20.56590837497452
3333500	20.564695420186748
3334000	20.56733209427543
3334500	20.56675412872357
3335000	20.567156992858067
3335500	20.565944578164537
3336000	20.564623121779643
3336500	20.56417280568615
3337000	20.563595760693882
3337500	20.56374514278665
3338000	20.563041534334435
3338500	20.56135850731912
3339000	20.56003896352102
3339500	20.559589708184877
3340000	20.557781201849
3340500	20.56016022184563
3341000	20.562285122795775
3341500	20.565152037849295
3342000	20.56629689626924
3342500	20.566698895793177
3343000	20.564873651544257
3343500	20.5644069048733
3344000	20.56173135871773
3344500	20.561156038058666
3345000	20.560327852712415
3345500	20.558758205722935
3346000	20.556338158129464
3346500	20.554533880322534
3347000	20.556908469239662
3347500	20.556822863186113
3348000	20.557478436748823
3348500	20.555910700236034
3349000	20.556313531718228
3349500	20.554510931681598
3350000	20.556142635963724
3350500	20.556545242336753
3351000	20.558193242471333
3351500	20.56240634749073
3352000	20.564053126362392
3352500	20.56434531155029
3353000	20.56707549138767
3353500	20.566988479785923
3354000	20.56480811006517
3354500	20.561653669401103
3355000	20.56106298922779
3355500	20.56036359844698
3356000	20.559051158455066
3356500	20.559830763098997
3357000	20.56171026736722
3357500	20.560146135739505
3358000	20.557969637724238
3358500	20.556893456134222
3359000	20.554231483240105
3359500	20.55169625464035
3360000	20.552476035892568
3360500	20.551401468525903
3361000	20.55155185187453
3361500	20.549379239415234
3362000	20.551383048399043
3362500	20.549336891130192
3363000	20.549487532507264
3363500	20.5489173993111
3364000	20.549193765445693
3364500	20.547526284564434
3365000	20.550140042318464
3365500	20.549821454776694
3366000	20.549611787002505
3366500	20.549904640813732
3367000	20.549946215529044
3367500	20.548765582987045
3368000	20.548321856497804
3368500	20.54737613782149
3369000	20.54668173350029
3369500	20.54587873161675
3370000	20.546046324171495
3370500	20.547920113809127
3371000	20.54711728651315
3371500	20.54715921576287
3372000	20.54745193774794
3372500	20.546758199847446
3373000	20.54766103101338
3373500	20.546357413891972
3374000	20.54591478849614
3374500	20.55083582872372
3375000	20.55001676880393
3375500	20.550417324610873
3376000	20.549849126764
3376500	20.54903060260497
3377000	20.549681586885647
3377500	20.54812883099158
3378000	20.546718410166743
3378500	20.546760311146574
3379000	20.5454589748587
3379500	20.546969198728487
3380000	20.54591839841205
3380500	20.54606885215962
3381000	20.54501850409038
3381500	20.542984773056467
3382000	20.543510670017465
3382500	20.544394826180596
3383000	20.54479536717115
3383500	20.5438544207178
3384000	20.541822493842925
3384500	20.54102367662617
3385000	20.539975317498435
3385500	20.540142968294106
3386000	20.54286651998979
3386500	20.54230119471554
3387000	20.54173603431724
3387500	20.544192064928833
3388000	20.545931630992005
3388500	20.546223080566996
3389000	20.551372358513483
3389500	20.551413444725082
3390000	20.55302616402598
3390500	20.553673962392416
3391000	20.553232550659377
3391500	20.549989988046335
3392000	20.54869318319703
3392500	20.548734622570546
3393000	20.549989082704577
3393500	20.549299276535617
3394000	20.551035009640685
3394500	20.549257350712338
3395000	20.54904955872369
3395500	20.547521788142888
3396000	20.546118931759374
3396500	20.548102907138787
3397000	20.546932742054693
3397500	20.549397298443274
3398000	20.549811944691754
3398500	20.549728708458485
3399000	20.54843455779512
3399500	20.547265187517027
3400000	20.545258646780383
3400500	20.54384138665634
3401000	20.54448855109648
3401500	20.543320425943854
3402000	20.54651155756399
3402500	20.545451246287747
3403000	20.546346301548805
3403500	20.544930130185815
3404000	20.545808495459656
3404500	20.545726012657845
3405000	20.545287511936852
3405500	20.544368971935505
3406000	20.545139245554353
3406500	20.54711760370223
3407000	20.546679150684106
3407500	20.546240819482026
3408000	20.544702436667777
3408500	20.544851862362112
3409000	20.544413991282614
3409500	20.54553905028641
3410000	20.545812260860117
3410500	20.548036133454826
3411000	20.547598074115193
3411500	20.54811874498543
3412000	20.54911847906727
3412500	20.54855654124728
3413000	20.5485977532697
3413500	20.546475102946406
3414000	20.548077328816255
3414500	20.547268179489496
3415000	20.548036013450808
3415500	20.54747472312939
3416000	20.549925897364837
3416500	20.552004963466715
3417000	20.552647903780482
3417500	20.551855375832538
3418000	20.551665171394337
3418500	20.550749242930504
3419000	20.550188111361926
3419500	20.550600074633156
3420000	20.552091858841653
3420500	20.551530759603352
3421000	20.55096982239977
3421500	20.54895874688707
3422000	20.548876205139926
3422500	20.546758955793827
3423000	20.54775576466344
3423500	20.546471083323315
3424000	20.546512466639417
3424500	20.54414981849653
3425000	20.544191524649666
3425500	20.548085126837066
3426000	20.547048186618767
3426500	20.548060404377754
3427000	20.547854706193245
3427500	20.545987365184597
3428000	20.546152137234536
3428500	20.54462281028252
3429000	20.543463907129738
3429500	20.542765921693835
3430000	20.543161280257298
3430500	20.546926090582385
3431000	20.551043178846086
3431500	20.553253000485835
3432000	20.551724137931036
3432500	20.550688660634513
3433000	20.551328860830832
3433500	20.550523608854895
3434000	20.551163640940505
3434500	20.548930305027866
3435000	20.549094329899994
3435500	20.548536098779632
3436000	20.547379014142724
3436500	20.54861797382685
3437000	20.548412788713165
3437500	20.549052480316142
3438000	20.54849466292303
3438500	20.54781401139683
3439000	20.548330530435877
3439500	20.548953434100454
3440000	20.548994268346675
3440500	20.54938744257274
3441000	20.54738806416498
3441500	20.54598732209066
3442000	20.54602855707828
3442500	20.54654478713928
3443000	20.54539042279115
3443500	20.545186141442397
3444000	20.54689740893011
3444500	20.545252491456157
3445000	20.545645706639267
3445500	20.54711064655816
3446000	20.547871578042137
3446500	20.546947305567993
3447000	20.54686567164179
3447500	20.544028460913996
3448000	20.543121456281707
3448500	20.54400496502996
3449000	20.543817462543185
3449500	20.546841907443756
3450000	20.547479435221693
3450500	20.548590650459843
3451000	20.546842387739282
3451500	20.544604633968923
3452000	20.54513586664918
3452500	20.54363376251788
3453000	20.544867210222666
3453500	20.543716628527843
3454000	20.543758043758043
3454500	20.544990944619197
3455000	20.544909787289807
3455500	20.54495101396623
3456000	20.54618320837973
3456500	20.544682675304106
3457000	20.543060235512637
3457500	20.545727279220934
3458000	20.546958695393407
3458500	20.547716953398833
3459000	20.54572824256704
3459500	20.54480772891681
3460000	20.544498507001034
3460500	20.545607013078154
3461000	20.54528156032586
3461500	20.54460596331639
3462000	20.543702479535362
3462500	20.544460294816925
3463000	20.545323800864104
3463500	20.54560904158917
3464000	20.54327354393303
3464500	20.543314898091328
3465000	20.54335624045949
3465500	20.54208782202796
3466000	20.541185691891123
3466500	20.5402677590762
3467000	20.538756514822335
3467500	20.539513903314834
3468000	20.54110832848682
3468500	20.541028060119505
3469000	20.5400049835661
3469500	20.54254139058116
3470000	20.54247703102665
3470500	20.540739291072878
3471000	20.540187968810223
3471500	20.54057899698229
3472000	20.540620646729305
3472500	20.53959862018279
3473000	20.539640397767005
3473500	20.54015299199488
3474000	20.541030517391537
3474500	20.542378503897826
3475000	20.541843618766695
3475500	20.54092788023073
3476000	20.53954193410862
3476500	20.539705281604668
3477000	20.538441503090002
3477500	20.54156432186085
3478000	20.543032483710803
3478500	20.543543863386233
3479000	20.54511678538467
3479500	20.545749236921186
3480000	20.544485648550662
3480500	20.54381379285875
3481000	20.54220251293422
3481500	20.542243820536925
3482000	20.544528118978096
3482500	20.546585025650725
3483000	20.546504275474085
3483500	20.54548462574744
3484000	20.544813285362352
3484500	20.545080805216898
3485000	20.546181513220453
3485500	20.546222209099767
3486000	20.549926786642107
3486500	20.549619221913925
3487000	20.549659414216062
3487500	20.549578314319607
3488000	20.5491496618711
3488500	20.549189903590857
3489000	20.548518975169753
3489500	20.54868050066653
3490000	20.550837461665488
3490500	20.554068238374356
3491000	20.552928552055942
3491500	20.55249986735759
3492000	20.553250182726995
3492500	20.552579312458377
3493000	20.550851202998214
3493500	20.550527903469078
3494000	20.550914853258245
3494500	20.550954776237205
3495000	20.552640412713558
3495500	20.55621308743604
3496000	20.556373270532823
3496500	20.55700107138232
3497000	20.5562095350206
3497500	20.55730469324702
3498000	20.557827532436963
3498500	20.55821287160751
3499000	20.55871902868303
3499500	20.558411462315753
3500000	20.55762038060737
3500500	20.557296658454412
3501000	20.55804437546298
3501500	20.5577370735263
3502000	20.562598816262
3502500	20.5609783330493
3503000	20.55984158974329
3503500	20.56152183108521
3504000	20.55978149138007
3504500	20.558991255116844
3505000	20.560445819851665
3505500	20.560017849174475
3506000	20.55971069285773
3506500	20.561510195935714
3507000	20.56330919206977
3507500	20.562760401384892
3508000	20.563851321618213
3508500	20.563181978176697
3509000	20.56451376383569
3509500	20.565138088172333
3510000	20.564123614613266
3510500	20.563109414668755
3511000	20.5613886983591
3511500	20.56106539119833
3512000	20.564275081171683
3512500	20.56582987600497
3513000	20.564334218035025
3513500	20.564957850770053
3514000	20.56463421777075
3514500	20.565739385065886
3515000	20.563899868247695
3515500	20.563231850117095
3516000	20.566317182112478
3516500	20.56635469162467
3517000	20.56909427160147
3517500	20.56796105142429
3518000	20.56741323223104
3518500	20.570840231424878
3519000	20.571926581893475
3519500	20.5718429624951
3520000	20.573874500768945
3520500	20.57332623935172
3521000	20.57196974125735
3521500	20.571782626739694
3522000	20.57065042693582
3522500	20.569157950096418
3523000	20.569074815225967
3523500	20.56935219100697
3524000	20.56916552763467
3524500	20.568274734260015
3525000	20.568311882460115
3525500	20.56706117277499
3526000	20.566050953926627
3526500	20.565624726381227
3527000	20.56495856192366
3527500	20.56581972666052
3528000	20.566800674512642
3528500	20.565791162503064
3529000	20.56407863267806
3529500	20.56411632274546
3530000	20.563107588772837
3530500	20.56278570762198
3531000	20.56433276977788
3531500	20.563771064182003
3532000	20.56252331219694
3532500	20.564069692908337
3533000	20.562582659915986
3533500	20.560393790230975
3534000	20.56159684079935
3534500	20.55918562260503
3535000	20.55770025794656
3535500	20.55633503525124
3536000	20.55870214388414
3536500	20.560247239795828
3537000	20.560062384338735
3537500	20.560921680437566
3538000	20.561182637430406
3538500	20.560399737076313
3539000	20.559497499127602
3539500	20.561861785024774
3540000	20.561421461463325
3540500	20.559818625741194
3541000	20.55997628499852
3541500	20.55977543892276
3542000	20.56330007612163
3542500	20.56275672943405
3543000	20.5605739347643
3543500	20.5600311322015
3544000	20.558326993547936
3544500	20.558826603490925
3545000	20.55874549328565
3545500	20.557161598922598
3546000	20.55754184756112
3546500	20.55653889678786
3547000	20.557618660786815
3547500	20.556854508850613
3548000	20.556773751928812
3548500	20.5565737883674
3549000	20.557192233640308
3549500	20.555832589208055
3550000	20.556450958338647
3550500	20.558347680410876
3551000	20.558965531231706
3551500	20.558765407773574
3552000	20.559041841222385
3552500	20.558619730713076
3553000	20.56005468469408
3553500	20.557997833805377
3554000	20.557456986164922
3554500	20.559232430617076
3555000	20.559151488484652
3555500	20.55872971768288
3556000	20.558308059176255
3556500	20.555809552470297
3557000	20.55884412195277
3557500	20.55818474248753
3558000	20.558801411465264
3558500	20.55696934644303
3559000	20.556088872439595
3559500	20.557878120283796
3560000	20.557797486211165
3560500	20.559688766337743
3561000	20.5608827082358
3561500	20.559289416958986
3562000	20.558393232717776
3562500	20.55923048037205
3563000	20.557179330183338
3563500	20.558135236907155
3564000	20.560024484469107
3564500	20.56086097991894
3565000	20.559506765806123
3565500	20.56069911340968
3566000	20.561314003416594
3566500	20.558822341352506
3567000	20.55746917533565
3567500	20.55774456129825
3568000	20.55766413252887
3568500	20.557465165636245
3569000	20.55577340037828
3569500	20.556151335893265
3570000	20.556292154262984
3570500	20.55563560909536
3571000	20.556250324171994
3571500	20.555254635765404
3572000	20.555766815316716
3572500	20.55499228057239
3573000	20.554454761191625
3573500	20.55288392317217
3574000	20.553616879153278
3574500	20.551928236662405
3575000	20.551257253384914
3575500	20.551990099864735
3576000	20.556175830753116
3576500	20.556332395371186
3577000	20.55452631094439
3577500	20.554919546445603
3578000	20.55610839166873
3578500	20.554421279654925
3579000	20.55525525870893
3579500	20.555986775909158
3580000	20.556836277716776
3580500	20.559291831925044
3581000	20.558738843326687
3581500	20.559233209212522
3582000	20.55960930767021
3582500	20.559072578328756
3583000	20.557489287888707
3583500	20.558439768446203
3584000	20.558595701431518
3584500	20.560355963829483
3585000	20.562571756601606
3585500	20.5617990426228
3586000	20.56274820375089
3586500	20.563021448982635
3587000	20.56098358586583
3587500	20.561021081313637
3588000	20.560838791827745
3588500	20.559155818087973
3589000	20.55826648394181
3589500	20.55715768170117
3590000	20.554447272477127
3590500	20.553103685447354
3591000	20.550276800348435
3591500	20.549389471754115
3592000	20.549444253466255
3592500	20.549012419229182
3593000	20.548361045402736
3593500	20.54885521538444
3594000	20.550612109343685
3594500	20.55053330050897
3595000	20.54897246551033
3595500	20.54889391294394
3596000	20.548932980044523
3596500	20.548399832916576
3597000	20.548219516660566
3597500	20.547349633307782
3598000	20.549559288684502
3598500	20.55143147997758
3599000	20.554094236047575
3599500	20.560085076214108
3600000	20.560357641032677
3600500	20.560395088826393
3601000	20.559978510724633
3601500	20.560822432897314
3602000	20.560859802190645
3602500	20.559418186804084
3603000	20.561623177809256
3603500	20.55996298898237
3604000	20.561025195879115
3604500	20.561062512847453
3605000	20.561099819589394
3605500	20.56101974529201
3606000	20.562315928860073
3606500	20.56315843539201
3607000	20.56148359486448
3607500	20.5596919127086
3608000	20.559963946901544
3608500	20.559313719898245
3609000	20.560827611378514
3609500	20.5641689427677
3610000	20.562276930795807
3610500	20.561861165109423
3611000	20.561663902236056
3611500	20.562270968330225
3612000	20.56309617422818
3612500	20.5623290793072
3613000	20.561445083083164
3613500	20.563744475326924
3614000	20.56354711221968
3614500	20.56517505850467
3615000	20.566467406774834
3615500	20.567759416643423
3616000	20.568934017086235
3616500	20.569874176971712
3617000	20.57071324931008
3617500	20.573258916633954
3618000	20.571119770186865
3618500	20.569901035149584
3619000	20.571643047246425
3619500	20.571444817194518
3620000	20.570343502336634
3620500	20.571415578066553
3621000	20.57019762531332
3621500	20.570568010683942
3622000	20.56809723224483
3622500	20.56960407233392
3623000	20.56781904318288
3623500	20.5667192984449
3624000	20.566755636322334
3624500	20.568712844302368
3625000	20.57329071596051
3625500	20.573893792751115
3626000	20.575531401651673
3626500	20.57352999597065
3627000	20.573682119956874
3627500	20.571898669541287
3628000	20.572968373280386
3628500	20.57163600887119
3629000	20.572355436582654
3629500	20.572274296990624
3630000	20.56957539815282
3630500	20.569944955584656
3631000	20.56884717191813
3631500	20.56934943637466
3632000	20.56745224481932
3632500	20.566355235499753
3633000	20.565258524481507
3633500	20.565628416229107
3634000	20.567596803515904
3634500	20.569448219624896
3635000	20.568235220845104
3635500	20.567921922057923
3636000	20.569090044603435
3636500	20.570707385125615
3637000	20.572440681994376
3637500	20.573391121320824
3638000	20.57682080990258
3638500	20.579900333165526
3639000	20.581065871853312
3639500	20.58392757171859
3640000	20.583845031719648
3640500	20.584444218310097
3641000	20.5824331733677
3641500	20.58279972193807
3642000	20.581138430067302
3642500	20.582286205026215
3643000	20.581074134122712
3643500	20.57951368296196
3644000	20.578634679678323
3644500	20.57810453087591
3645000	20.578255297286006
3645500	20.579418887565414
3646000	20.581246366504676
3646500	20.58128051017241
3647000	20.580650622125667
3647500	20.579556418169815
3648000	20.58196342137627
3648500	20.581665576137723
3649000	20.58101957599445
3649500	20.579146224553092
3650000	20.580308309933805
3650500	20.581238020069907
3651000	20.581504154406378
3651500	20.580179002186803
3652000	20.582815344127045
3652500	20.583081179460304
3653000	20.582435660521927
3653500	20.582022206073717
3654000	20.58172478469762
3654500	20.58220605296059
3655000	20.582124094126392
3655500	20.585751444110397
3656000	20.58522196327445
3656500	20.58548721181556
3657000	20.584163430693906
3657500	20.58520665109867
3658000	20.586580549335554
3658500	20.586613863168434
3659000	20.58641558675306
3659500	20.586333140250932
3660000	20.585456917298306
3660500	20.58841718812371
3661000	20.589690258024625
3661500	20.591409332598896
3662000	20.589078279635157
3662500	20.59091266674908
3663000	20.592862279755483
3663500	20.592564295585543
3664000	20.59145673603505
3664500	20.590927726203113
3665000	20.593652433682983
3665500	20.595369101893233
3666000	20.594724166774263
3666500	20.59475631044528
3667000	20.59668657118484
3667500	20.595695014926044
3668000	20.594934862375027
3668500	20.59678215600036
3669000	20.598942119463096
3669500	20.598643881482644
3670000	20.5973229256038
3670500	20.59747017134655
3671000	20.59614974940856
3671500	20.594384623576957
3672000	20.595092643448826
3672500	20.594003922667415
3673000	20.596623541079502
3673500	20.59609512871509
3674000	20.59545149002913
3674500	20.59391855183345
3675000	20.592369421686612
3675500	20.59261581876617
3676000	20.59220360427945
3676500	20.589782917790888
3677000	20.59407935610619
3677500	20.594457254146985
3678000	20.594489334556933
3678500	20.59710511444701
3679000	20.596017968929193
3679500	20.594602153544958
3680000	20.593614201104007
3680500	20.592527973963662
3681000	20.592675426334917
3681500	20.590570109236463
3682000	20.589254572284577
3682500	20.590174928743085
3683000	20.588974881953565
3683500	20.58798880340591
3684000	20.586789417232747
3684500	20.590502362679715
3685000	20.589631466371795
3685500	20.590107546095172
3686000	20.590140137345767
3686500	20.588383063053005
3687000	20.58751297708219
3687500	20.588875433201814
3688000	20.586446447004995
3688500	20.58455976702409
3689000	20.585019746089827
3689500	20.586726157278303
3690000	20.58831730098982
3690500	20.58835008837518
3691000	20.588825582302896
3691500	20.59108797199523
3692000	20.589448339668493
3692500	20.589710438911304
3693000	20.592201308325812
3693500	20.592544722195914
3694000	20.594248026693258
3694500	20.59673727185131
3695000	20.595540408090528
3695500	20.595130045492258
3696000	20.593033031026785
3696500	20.593179768650984
3697000	20.593326468705648
3697500	20.59247469210349
3698000	20.59005191611069
3698500	20.591524377013336
3699000	20.591000372712962
3699500	20.59425545642646
3700000	20.59484350321447
3700500	20.59420475208105
3701000	20.593893163723703
3701500	20.594824471189927
3702000	20.59441492318296
3702500	20.59398897385737
3703000	20.594462133462248
3703500	20.59771315546765
3704000	20.595522470973833
3704500	20.597775975649043
3705000	20.59692540098636
3705500	20.597512216792538
3706000	20.599438096189935
3706500	20.59991006345523
3707000	20.603941160144323
3707500	20.60297602859474
3708000	20.602451761128098
3708500	20.602482507587904
3709000	20.602513245859804
3709500	20.604322453236293
3710000	20.60247713393496
3710500	20.603159990461243
3711000	20.603076377105722
3711500	20.603432981460127
3712000	20.60302343243288
3712500	20.602385597729693
3713000	20.60130791398803
3713500	20.600898799199836
3714000	20.602037819898385
3714500	20.600846481120367
3715000	20.598987470781775
3715500	20.59747121471414
3716000	20.59849600744244
3716500	20.597859488071045
3717000	20.597109119394144
3717500	20.59956604525528
3718000	20.59881565111517
3718500	20.598179453836153
3719000	20.597543432555053
3719500	20.595036567420145
3720000	20.593848008982945
3720500	20.594432860832583
3721000	20.594448130944482
3721500	20.59447983014862
3722000	20.594169969760795
3722500	20.594412938458305
3723000	20.593111680962064
3723500	20.5933711304886
3724000	20.594735562578734
3724500	20.594880974084447
3725000	20.594360206589887
3725500	20.593725836739203
3726000	20.594293413735787
3726500	20.598076349702396
3727000	20.597003389680797
3727500	20.596710090527708
3728000	20.59674143412222
3728500	20.59665910633578
3729000	20.59471061794064
3729500	20.596510973550927
3730000	20.597207588386834
3730500	20.598455598455597
3731000	20.599038185788974
3731500	20.598858529322563
3732000	20.597559698077422
3732500	20.594948013716
3733000	20.594007011664058
3733500	20.59447631960405
3734000	20.59505899339252
3734500	20.594426016331838
3735000	20.595559473307258
3735500	20.59471608311482
3736000	20.594861061386357
3736500	20.59312699636524
3737000	20.593272137574818
3737500	20.59495559580899
3738000	20.59289843104872
3738500	20.59061510939865
3739000	20.589659765104734
3739500	20.588915058000044
3740000	20.58729669652486
3740500	20.58752337990978
3741000	20.586908690869087
3741500	20.589254384758803
3742000	20.58983651091302
3742500	20.58931880288776
3743000	20.59143686502177
3743500	20.591581967798856
3744000	20.592583636073844
3744500	20.591516323850243
3745000	20.590885614127625
3745500	20.590045049994508
3746000	20.592048163650944
3746500	20.5920799692426
3747000	20.591788766118228
3747500	20.592369698433966
3748000	20.593176602356454
3748500	20.5923364075538
3749000	20.594240923911254
3749500	20.591415258469763
3750000	20.5912211289942
3750500	20.589719954349924
3751000	20.589090470208085
3751500	20.589993801664225
3752000	20.588267555887064
3752500	20.58786433056401
3753000	20.587461206943818
3753500	20.58705818498802
3754000	20.58688096830426
3754500	20.587235815136367
3755000	20.58902510535921
3755500	20.58828364301879
3756000	20.586349914255504
3756500	20.587365237970022
3757000	20.58475560326885
3757500	20.58456281010745
3758000	20.583709787816566
3758500	20.584290086449965
3759000	20.585627011758522
3759500	20.58499953475898
3760000	20.585144808563737
3760500	20.582988596318426
3761000	20.581492687570783
3761500	20.58382660262372
3762000	20.583746765926954
3762500	20.58487336129904
3763000	20.586096209896592
3763500	20.586241210755958
3764000	20.58442445944838
3764500	20.585003744417538
3765000	20.584602267137438
3765500	20.583445366210885
3766000	20.582931707157144
3766500	20.58362336023253
3767000	20.583447145588636
3767500	20.58391369657244
3768000	20.58613100016931
3768500	20.58616339837159
3769000	20.585537379605565
3769500	20.583707294703395
3770000	20.585827046737336
3770500	20.584430823977602
3771000	20.585442519891295
3771500	20.58679092913111
3772000	20.586502264171532
3772500	20.587400990639114
3773000	20.587529452831834
3773500	20.588540047663454
3774000	20.59032018844879
3774500	20.58948608066996
3775000	20.58908508098148
3775500	20.589886568661118
3776000	20.59057564229734
3776500	20.590382980578504
3777000	20.59039866620899
3777500	20.591199559814555
3778000	20.59243280931682
3778500	20.59355358757339
3779000	20.593584926210315
3779500	20.59241512618769
3780000	20.59233449477352
3780500	20.59170953430772
3781000	20.59228537683218
3781500	20.59122844252883
3782000	20.594092808636603
3782500	20.59586831266764
3783000	20.59589931619003
3783500	20.595050312754964
3784000	20.595737275184504
3784500	20.596631846828966
3785000	20.59883755702114
3785500	20.598868152239504
3786000	20.5978116116127
3786500	20.601758753002816
3787000	20.599710904131026
3787500	20.598974180648526
3788000	20.59703925030558
3788500	20.594881154130274
3789000	20.593059251615706
3789500	20.595150824034103
3790000	20.597129997122394
3790500	20.597384407420076
3791000	20.596984139046608
3791500	20.59592944369064
3792000	20.595736829538303
3792500	20.595113428576077
3793000	20.594266741894884
3793500	20.593755424405487
3794000	20.594105587434512
3794500	20.59391336413527
3795000	20.592955669298167
3795500	20.59526713832642
3796000	20.595728534258456
3796500	20.5947870766329
3797000	20.594052967284277
3797500	20.59505618951635
3798000	20.59574053105208
3798500	20.596313129398
3799000	20.595149112259378
3799500	20.594622403942488
3800000	20.593570465510428
3800500	20.59251880045262
3801000	20.593091426808208
3801500	20.59181718294155
3802000	20.590543297669107
3802500	20.59014512829948
3803000	20.589953903088276
3803500	20.590956056975003
3804000	20.590446621267112
3804500	20.590271392876073
3805000	20.588887386778424
3805500	20.590000486620635
3806000	20.589380129099226
3806500	20.587360876122315
3807000	20.585660083665726
3807500	20.584182225945042
3808000	20.58324507748503
3808500	20.582403630568084
3809000	20.582324978392393
3809500	20.5812772760662
3810000	20.58119879677484
3810500	20.581009206512054
3811000	20.579628769800564
3811500	20.580519087925374
3812000	20.580329673888404
3812500	20.57948958721216
3813000	20.578221198206414
3813500	20.57953969161712
3814000	20.581079841837532
3814500	20.58412664167633
3815000	20.58361960642618
3815500	20.582890728208998
3816000	20.58270119311412
3816500	20.581972647932425
3817000	20.580166331595997
3817500	20.579660158334097
3818000	20.580231812523913
3818500	20.579297859959915
3819000	20.579758550657495
3819500	20.57892015340199
3820000	20.579491598448946
3820500	20.579841254455967
3821000	20.58160007322497
3821500	20.580017550187616
3822000	20.580366995193213
3822500	20.579861466176542
3823000	20.580432337604332
3823500	20.58315532335043
3824000	20.584042135390607
3824500	20.581811922410733
3825000	20.582382238094727
3825500	20.583063097946212
3826000	20.584170820495448
3826500	20.583443997010736
3827000	20.585310260669495
3827500	20.586306612343183
3828000	20.58644911296347
3828500	20.588519780326074
3829000	20.58919926712767
3829500	20.5869712370126
3830000	20.586576424139878
3830500	20.58833007497798
3831000	20.58793519179855
3831500	20.588077365035385
3832000	20.589072205906827
3832500	20.591029873580805
3833000	20.591376783979477
3833500	20.591407948050556
3834000	20.593269906684483
3834500	20.595115460554553
3835000	20.595572102205363
3835500	20.59613909554639
3836000	20.5959487072225
3836500	20.595017213457602
3837000	20.59654597414574
3837500	20.59561464643757
3838000	20.596827711159833
3838500	20.597504502186776
3839000	20.595485627317743
3839500	20.593908738238635
3840000	20.59242671009772
3840500	20.591165725672532
3841000	20.58936949675429
3841500	20.589715852496063
3842000	20.588455772113942
3842500	20.58795185883159
3843000	20.589479093619687
3843500	20.588550141303415
3844000	20.589116753007662
3844500	20.58968321917808
3845000	20.59185464195523
3845500	20.59210596706718
3846000	20.59053222786841
3846500	20.59152293087311
3847000	20.591884318381144
3847500	20.591490704153053
3848000	20.592370819856185
3848500	20.595499011065378
3849000	20.594240389960234
3849500	20.59469541099075
3850000	20.59461596828145
3850500	20.594222333826647
3851000	20.59565147710882
3851500	20.597284391124596
3852000	20.59742465431512
3852500	20.59659090909091
3853000	20.59426557744674
3853500	20.591830960350634
3854000	20.594530828809496
3854500	20.59925493419297
3855000	20.598971118748267
3855500	20.59697669827278
3856000	20.598293790314408
3856500	20.599500682826903
3857000	20.600487516068295
3857500	20.60062718662002
3858000	20.600986535128648
3858500	20.598977355734114
3859000	20.599963748413995
3859500	20.59914712153518
3860000	20.597687916726628
3860500	20.59771805571099
3861000	20.5977481869868
3861500	20.59671275207118
3862000	20.598231408480714
3862500	20.597196182035113
3863000	20.596913179169817
3863500	20.598102175788362
3864000	20.599197095060113
3864500	20.599446337308347
3865000	20.597237377904346
3865500	20.597157911543988
3866000	20.596342969049342
3866500	20.598595296371183
3867000	20.601285352514314
3867500	20.60025107985616
3868000	20.59879475137093
3868500	20.598824686893398
3869000	20.5983228667599
3869500	20.596538798947282
3870000	20.596037403845642
3870500	20.59595820000638
3871000	20.594597180074512
3871500	20.59506538917319
3872000	20.595424065631608
3872500	20.595454400561028
3873000	20.59601593625498
3873500	20.596155582584863
3874000	20.59640457792294
3874500	20.596325403568393
3875000	20.597308131354694
3875500	20.595105377714074
3876000	20.593434008333556
3876500	20.594838154982725
3877000	20.595836362575024
3877500	20.59745841402913
3878000	20.597707003666034
3878500	20.600607928533915
3879000	20.600637554168237
3879500	20.6009790039192
3880000	20.600057269516707
3880500	20.59860555128443
3881000	20.59768433106432
3881500	20.597620966031975
3882000	20.600831071913163
3882500	20.60075146928674
3883000	20.600765130400685
3883500	20.59973509933775
3884000	20.60082426605359
3884500	20.599794489348405
3885000	20.598126287581493
3885500	20.59666085961949
3886000	20.59869967597789
3886500	20.599056628744766
3887000	20.599615712387717
3887500	20.601964561678347
3888000	20.60093558834113
3888500	20.60266144607
3889000	20.604168871018942
3889500	20.604306956618334
3890000	20.604553989368736
3890500	20.604583027040178
3891000	20.605560667110844
3891500	20.606009337048413
3892000	20.6063649820258
3892500	20.607342019716153
3893000	20.606624350592725
3893500	20.606544209347057
3894000	20.607940315541416
3894500	20.606585697002995
3895000	20.60619506423259
3895500	20.60802602807737
3896000	20.607200004224737
3896500	20.608703916868194
3897000	20.60800287212194
3897500	20.60739473795346
3898000	20.608587791296088
3898500	20.608398731271212
3899000	20.608644718025573
3899500	20.60805284846694
3900000	20.607972650726992
3900500	20.609785045496505
3901000	20.61086820078165
3901500	20.607824835070957
3902000	20.60700011600072
3902500	20.608610381804954
3903000	20.60716601388501
3903500	20.606776159052096
3904000	20.60702201890949
3904500	20.60505140460244
3905000	20.60497170616563
3905500	20.605418846374704
3906000	20.60575732834681
3906500	20.606513861970168
3907000	20.607286170179155
3907500	20.607005202299963
3908000	20.607668777870792
3908500	20.606443461781428
3909000	20.60583730294497
3909500	20.607119550344187
3910000	20.60936143342016
3910500	20.60959055466111
3911000	20.611413901222615
3911500	20.61060671414895
3912000	20.610526426516454
3912500	20.60897688727617
3913000	20.60911356728959
3913500	20.608090346053142
3914000	20.607809740095888
3914500	20.605719752119548
3915000	20.605856755449977
3915500	20.604617923090665
3916000	20.604229607250755
3916500	20.605092697175216
3917000	20.60617202889035
3917500	20.607142857142858
3918000	20.607696508843425
3918500	20.607941358705357
3919000	20.610194052419356
3919500	20.610222166225693
3920000	20.609308648844422
3920500	20.60848754579139
3921000	20.610198309202826
3921500	20.61180050895926
3922000	20.60962174072714
3922500	20.60964990505366
3923000	20.608629063558833
3923500	20.608765424976795
3924000	20.607961070355472
3924500	20.607048855426108
3925000	20.608233857058227
3925500	20.607213809081998
3926000	20.609138652158872
3926500	20.60770266800128
3927000	20.609103008834715
3927500	20.608083327220715
3928000	20.609791235560678
3928500	20.609295528235965
3929000	20.6081682675689
3929500	20.606409719312946
3930000	20.60633034007906
3930500	20.606574628154988
3931000	20.60817354251404
3931500	20.608093961979733
3932000	20.6083379562273
3932500	20.60879758029911
3933000	20.607779324201296
3933500	20.607068868102203
3934000	20.606881688932596
3934500	20.608586954816236
3935000	20.609030341697085
3935500	20.610104263618588
3936000	20.611916264090176
3936500	20.61205179543209
3937000	20.610926425390453
3937500	20.611169762409975
3938000	20.60952221693849
3938500	20.608920099483772
3939000	20.60916357557076
3939500	20.60771633635955
3940000	20.607007061379683
3940500	20.60609858632701
3941000	20.606649226415193
3941500	20.607414910224346
3942000	20.607965253162245
3942500	20.607993485784082
3943000	20.607591501443043
3943500	20.60709794242119
3944000	20.60712627245548
3944500	20.606218697829718
3945000	20.606047960104537
3945500	20.60618388934093
3946000	20.60923394646126
3946500	20.61019741987965
3947000	20.607924921793536
3947500	20.609194743180055
3948000	20.60900793836948
3948500	20.608821184183782
3949000	20.60780706919642
3949500	20.606685840523532
3950000	20.606085864768982
3950500	20.607478095992164
3951000	20.606464650673445
3951500	20.60638569338048
3952000	20.605158058620457
3952500	20.606335124328375
3953000	20.604694503297814
3953500	20.60242657047829
3954000	20.604123947414987
3954500	20.603739416867445
3955000	20.60188557514204
3955500	20.603062132255396
3956000	20.60560032043446
3956500	20.60417555211118
3957000	20.60483137010167
3957500	20.60548703122075
3958000	20.60582112367028
3958500	20.604488435805596
3959000	20.604302785531246
3959500	20.604224268756628
3960000	20.60446698608354
3960500	20.603868875968388
3961000	20.60493653985027
3961500	20.604750946708986
3962000	20.605726929449588
3962500	20.606060606060606
3963000	20.605676660885457
3963500	20.60643821391485
3964000	20.606252530811002
3964500	20.6077310784787
3965000	20.607652224459716
3965500	20.606032299580686
3966000	20.605846763732217
3966500	20.606073183259056
3967000	20.60652905809544
3967500	20.606359250998494
3968000	20.605975738150438
3968500	20.605790322497004
3969000	20.60592548039531
3969500	20.606044896054744
3970000	20.60771934189656
3970500	20.60940909397173
3971000	20.608705115382424
3971500	20.609464788148546
3972000	20.609385847658718
3972500	20.609733986064704
3973000	20.610600033151
3973500	20.610414228151768
3974000	20.609299507526917
3974500	20.608489442563194
3975000	20.610908337863375
3975500	20.610418316690737
3976000	20.611176960781776
3976500	20.610991217583464
3977000	20.611947094984785
3977500	20.61466821885914
3978000	20.613660701814286
3978500	20.612760058348247
3979000	20.61237683932866
3979500	20.61188711737662
3980000	20.61191459877038
3980500	20.610801476594734
3981000	20.609795184086185
3981500	20.611783921805785
3982000	20.612738511152916
3982500	20.61328262262552
3983000	20.612686717543053
3983500	20.61458344096465
3984000	20.613987509491857
3984500	20.61162932432572
3985000	20.611033934279767
3985500	20.61147141440846
3986000	20.60952439956219
3986500	20.61192042040492
3987000	20.610399397136398
3987500	20.60887875065801
3988000	20.608800202279774
3988500	20.60749278944137
3989000	20.607004854594322
3989500	20.607958238334486
3990000	20.60839561187702
3990500	20.608726593884885
3991000	20.60937628908506
3991500	20.611056975958835
3992000	20.611190729036714
3992500	20.609778098502616
3993000	20.609609021471346
3993500	20.6106673537748
3994000	20.609149087461486
3994500	20.608358750309126
3995000	20.607446786590014
3995500	20.60726242595931
3996000	20.60822990163259
3996500	20.608045479824508
3997000	20.60702793152272
3997500	20.604996679519587
3998000	20.60605436679312
3998500	20.603811651115034
3999000	20.604142544706033
3999500	20.604579367121172
4000000	20.603987138263665
4000500	20.60247223493948
4001000	20.603635391056567
4001500	20.60490423978112
4002000	20.604630115290075
4002500	20.60363000668415
4003000	20.60346201500172
4003500	20.603082237552304
4004000	20.603110640528786
4004500	20.602927270484727
4005000	20.600884832976217
4005500	20.599885941521908
4006000	20.59961265597789
4006500	20.59955105584064
4007000	20.597933273070918
4007500	20.59743340882131
4008000	20.595197141082057
4008500	20.59522648280394
4009000	20.595874870383867
4009500	20.59661351003167
4010000	20.595087805729182
4010500	20.594604024917132
4011000	20.594844747265377
4011500	20.59436111054111
4012000	20.59571805209327
4012500	20.59491755776085
4013000	20.59659090909091
4013500	20.59631851510024
4014000	20.5960309037871
4014500	20.595336344017674
4015000	20.59690323771059
4015500	20.597339237029296
4016000	20.598498629294664
4016500	20.59861770748477
4017000	20.597410980026538
4017500	20.596521062120964
4018000	20.596745860626143
4018500	20.595434388537836
4019000	20.594755948327506
4019500	20.59561353211009
4020000	20.595943773866928
4020500	20.594843867559973
4021000	20.59651385349178
4021500	20.595519531689742
4022000	20.594540663613806
4022500	20.594058392890943
4023000	20.594388603289087
4023500	20.594929393051313
4024000	20.59577079444629
4024500	20.595078002362314
4025000	20.596956930753816
4025500	20.597497137248485
4026000	20.59824778417281
4026500	20.597359719106002
4027000	20.59798966727818
4027500	20.59822902136313
4028000	20.59693562148437
4028500	20.599113181716014
4029000	20.599352327636407
4029500	20.599486213042834
4030000	20.598703931611713
4030500	20.598011733529404
4031000	20.60099860114155
4031500	20.599300645754106
4032000	20.600034707689797
4032500	20.600258230457925
4033000	20.59865084143815
4033500	20.599189787650896
4034000	20.59971330479985
4034500	20.601272117969305
4035000	20.601405591766376
4035500	20.600729238379355
4036000	20.600037731808424
4036500	20.60077084650366
4037000	20.60243359110164
4037500	20.601337438072132
4038000	20.602280082152266
4038500	20.601289204820507
4039000	20.59978906500772
4039500	20.597480271637515
4040000	20.59872248087287
4040500	20.598541335615042
4041000	20.602748934393254
4041500	20.600740359792454
4042000	20.599241402133238
4042500	20.598236647594227
4043000	20.600301321334772
4043500	20.60338334385115
4044000	20.604025138030178
4044500	20.60333467317252
4045000	20.60162692618802
4045500	20.602358159455527
4046000	20.602371034924705
4046500	20.601292697934838
4047000	20.60039355065058
4047500	20.601737698083856
4048000	20.604397000889566
4048500	20.603916665396014
4049000	20.60404935661578
4049500	20.602448208051953
4050000	20.602879759376492
4050500	20.602399845564552
4051000	20.603757866986342
4051500	20.60541419066484
4052000	20.604620220702124
4052500	20.605365113055313
4053000	20.60336205277133
4053500	20.603897719138825
4054000	20.60464242750331
4054500	20.60426732713468
4055000	20.60551929927837
4055500	20.604024802362517
4056000	20.602933491626203
4056500	20.60275251231427
4057000	20.603601318792798
4057500	20.604748114599868
4058000	20.605894642893364
4058500	20.6057287150702
4059000	20.606278772637854
4059500	20.606619790425686
4060000	20.607661153380207
4060500	20.60667494488229
4061000	20.605986895115315
4061500	20.608041346811586
4062000	20.60857538035961
4062500	20.608707105297817
4063000	20.607616992609927
4063500	20.6067358825019
4064000	20.606063675172557
4064500	20.606493296066756
4065000	20.606014580801943
4065500	20.605729269490297
4066000	20.605861213747026
4066500	20.605784559325894
4067000	20.60642249187827
4067500	20.604723644532594
4068000	20.607176643783294
4068500	20.60699562457321
4069000	20.60691887517702
4069500	20.607957763573104
4070000	20.609502042797622
4070500	20.608919425864414
4071000	20.60743009953644
4071500	20.609984785762304
4072000	20.610100622128783
4072500	20.60880462465133
4073000	20.607910106909724
4073500	20.606020803548425
4074000	20.608870906638785
4074500	20.60849714135639
4075000	20.60822753487057
4075500	20.608967885275703
4076000	20.6104056749047
4076500	20.610848878006916
4077000	20.610979869566094
4077500	20.61180817022823
4078000	20.611730983705005
4078500	20.611253235645844
4079000	20.61016709719083
4079500	20.610282693355394
4080000	20.61203078816492
4080500	20.610841015916563
4081000	20.61298895147423
4081500	20.6115914992311
4082000	20.611322010314737
4082500	20.610148302735183
4083000	20.60927112262539
4083500	20.608482673816194
4084000	20.608109810482183
4084500	20.60692170881261
4085000	20.608668053743344
4085500	20.610710094044517
4086000	20.61072162456183
4086500	20.610037365669914
4087000	20.609768378650553
4087500	20.609188168659536
4088000	20.611836011437315
4088500	20.615386164129823
4089000	20.615708260777662
4089500	20.6159265316392
4090000	20.616455931853743
4090500	20.61466172978629
4091000	20.616389088695843
4091500	20.617125612976235
4092000	20.61654513452351
4092500	20.616659459568176
4093000	20.618681092168703
4093500	20.618603341845454
4094000	20.617623997265728
4094500	20.61694022574906
4095000	20.616272116500756
4095500	20.61640187714168
4096000	20.617225649579005
4096500	20.617148138659918
4097000	20.61655290873751
4097500	20.616682569175914
4098000	20.61760939971379
4098500	20.618137454249695
4099000	20.620083434153784
4099500	20.617894340569705
4100000	20.618820577164364
4100500	20.618949882824065
4101000	20.618370480386154
4101500	20.616891261376065
4102000	20.616105423152362
4102500	20.614626855191023
4103000	20.615862985531233
4103500	20.615387701272194
4104000	20.619321714365938
4104500	20.6187427620332
4105000	20.620670295848498
4105500	20.62199278267843
4106000	20.622121547736576
4106500	20.62133587212507
4107000	20.620256018437335
4107500	20.619971746601077
4108000	20.618892344988907
4108500	20.621732075244907
4109000	20.622258277747733
4109500	20.62268109374765
4110000	20.6243992310157
4110500	20.622716123542073
4111000	20.624036517247593
4111500	20.6222506918623
4112000	20.622466850137602
4112500	20.620681719257345
4113000	20.61939731070914
4113500	20.621217426099133
4114000	20.622846368896692
4114500	20.624165537381426
4115000	20.625896870515646
4115500	20.627921509811273
4116000	20.627946153192468
4116500	20.62907353352793
4117000	20.62758307054937
4117500	20.626108682073703
4118000	20.624928179224685
4118500	20.62524665670881
4119000	20.625874125874123
4119500	20.625708592005836
4120000	20.625836479495018
4120500	20.625861345796633
4121000	20.627384019331778
4121500	20.62780492918724
4122000	20.629224026913977
4122500	20.629660314830154
4123000	20.62927291781027
4123500	20.6284895991857
4124000	20.627809402174186
4124500	20.626028832244224
4125000	20.628151606290494
4125500	20.627677453781974
4126000	20.629198019357638
4126500	20.628518151041796
4127000	20.626532931863046
4127500	20.62825868067671
4128000	20.626890814938122
4128500	20.62571324632351
4129000	20.626529076749065
4129500	20.62765300225194
4130000	20.626475774875214
4130500	20.62560705302219
4131000	20.62443037785558
4131500	20.62526143855945
4132000	20.627380685637466
4132500	20.625896128723912
4133000	20.62561289455476
4133500	20.626340754455907
4134000	20.626760493286486
4134500	20.625584681833562
4135000	20.62540424896761
4135500	20.62472638993911
4136000	20.62454611474219
4136500	20.62318155820257
4137000	20.62101237748084
4137500	20.620232898099623
4138000	20.61976116375496
4138500	20.621775051450047
4139000	20.621508241048172
4139500	20.62252748345029
4140000	20.624934778395623
4140500	20.622972160527873
4141000	20.624692596990307
4141500	20.625710978753844
4142000	20.625443925117594
4142500	20.62516140566956
4143000	20.625099316701096
4143500	20.624335892114125
4144000	20.623572634296494
4144500	20.62419642280943
4145000	20.622716804320206
4145500	20.622040913557456
4146000	20.621861416010002
4146500	20.621098905460787
4147000	20.620510378219628
4147500	20.619236816912448
4148000	20.61946683199008
4148500	20.61899637488904
4149000	20.617023175557076
4149500	20.615254951538137
4150000	20.615367837686446
4150500	20.615000297388924
4151000	20.613233027559307
4151500	20.614352397847437
4152000	20.613285372415536
4152500	20.61271401395054
4153000	20.614328384824574
4153500	20.612970649126805
4154000	20.610316548472724
4154500	20.608551409967568
4155000	20.60868015328402
4155500	20.60889581941041
4156000	20.609315448200764
4156500	20.610622797640257
4157000	20.610940113419304
4157500	20.610675691723074
4158000	20.61051329622758
4158500	20.61311514336031
4159000	20.61413054231051
4159500	20.615640269837186
4160000	20.614677084363564
4160500	20.613612203021088
4161000	20.61246081892162
4161500	20.612588919812744
4162000	20.611713301403242
4162500	20.610649296735232
4163000	20.61028339880908
4163500	20.61041168448722
4164000	20.612516118195156
4164500	20.612934458297932
4165000	20.613454509532747
4165500	20.615542649440954
4166000	20.614479070479426
4166500	20.61559426472331
4167000	20.617304673229395
4167500	20.615951150404037
4168000	20.614888009239607
4168500	20.614130327496692
4169000	20.614563183451107
4169500	20.61400911836106
4170000	20.611959959150045
4170500	20.61404590545627
4171000	20.614071863671114
4171500	20.61232843608674
4172000	20.61323918103278
4172500	20.614149701455005
4173000	20.614770262275687
4173500	20.61302757539608
4174000	20.61314012519099
4174500	20.61286141624408
4175000	20.612496304326402
4175500	20.61291355652452
4176000	20.61096906728936
4176500	20.61187898371541
4177000	20.61338271653582
4177500	20.613596631620418
4178000	20.614216497281966
4178500	20.614836222558107
4179000	20.614369754104413
4179500	20.615481546382618
4180000	20.616100914947754
4180500	20.615345245887116
4181000	20.61566016661008
4181500	20.61499102113109
4182000	20.616289766382494
4182500	20.615722113464432
4183000	20.61535737646868
4183500	20.615585858933567
4184000	20.614729513113772
4184500	20.61485665963608
4185000	20.614578417492528
4185500	20.613910051609732
4186000	20.61176748117714
4186500	20.611403495840275
4187000	20.614479024380657
4187500	20.613912265963144
4188000	20.615209286103756
4188500	20.615336254150378
4189000	20.613787379494255
4189500	20.61528640526406
4190000	20.61502354333299
4190500	20.614558326091974
4191000	20.614973787036856
4191500	20.616183529827524
4192000	20.61561716307671
4192500	20.614256763056268
4193000	20.613301278119863
4193500	20.611754317111462
4194000	20.610612132776744
4194500	20.61260024033156
4195000	20.61194864300217
4195500	20.61069076608494
4196000	20.61179862323246
4196500	20.610541074501306
4197000	20.610855403438084
4197500	20.60998740424531
4198000	20.611079803003946
4198500	20.60933304588127
4199000	20.60897043333415
4199500	20.609097767196698
4200000	20.608245453343194
4200500	20.606701732733878
4201000	20.60780866661117
4201500	20.60734553181905
4202000	20.608149457306656
4202500	20.609068969399694
4203000	20.608030386834983
4203500	20.606689441176183
4204000	20.60593900481541
4204500	20.60654101344607
4205000	20.60558915047261
4205500	20.605414290047058
4206000	20.60593017227043
4206500	20.60743892597755
4207000	20.60765213309078
4207500	20.60786528391005
4208000	20.60848138768566
4208500	20.60822041023836
4209000	20.607369969743925
4209500	20.607784489668248
4210000	20.60683359721652
4210500	20.607938082371163
4211000	20.608251703837606
4211500	20.60955712094418
4212000	20.61017247190188
4212500	20.61127608033133
4213000	20.612867781711635
4213500	20.613482553540564
4214000	20.614097187300132
4214500	20.616548694166465
4215000	20.616674720436563
4215500	20.616498860414158
4216000	20.615447678163612
4216500	20.615759941449134
4217000	20.613833949671665
4217500	20.61337183777403
4218000	20.61309596390684
4218500	20.61243300447206
4219000	20.611483603559673
4219500	20.611021994256433
4220000	20.612224004368155
4220500	20.611963362142504
4221000	20.61131582538847
4221500	20.609779276666877
4222000	20.610664704535157
4222500	20.610203514857997
4223000	20.610229603394604
4223500	20.610542005816075
4224000	20.610452798760974
4224500	20.610880331932425
4225000	20.611593991186425
4225500	20.612794383286186
4226000	20.612132630359326
4226500	20.61117006259674
4227000	20.61050869235112
4227500	20.61122195727286
4228000	20.61086159999611
4228500	20.61010022380072
4229000	20.611971882372973
4229500	20.61151131626692
4230000	20.610950616203176
4230500	20.60980354016728
4231000	20.609543814608436
4231500	20.608111393094326
4232000	20.607651548296147
4232500	20.608163939844655
4233000	20.607017884914463
4233500	20.607144419121113
4234000	20.60628440656719
4234500	20.60465319646128
4235000	20.605551291641973
4235500	20.60402065210528
4236000	20.603461672947667
4236500	20.604745117462535
4237000	20.60428622755654
4237500	20.60402749728134
4238000	20.604739667776666
4238500	20.604380936664256
4239000	20.606448857569934
4239500	20.605804739097312
4240000	20.60427563586255
4240500	20.603232050765804
4241000	20.60364398393387
4241500	20.601530745874843
4242000	20.60058778455659
4242500	20.600329744932598
4243000	20.600641951843915
4243500	20.599799291216808
4244000	20.598856965578086
4244500	20.598199874950925
4245000	20.597357784648786
4245500	20.59641607629164
4246000	20.595374798319693
4246500	20.595017779801758
4247000	20.59330736886977
4247500	20.59315014748834
4248000	20.5920099959803
4248500	20.592038042293968
4249000	20.592649978211398
4249500	20.595682464064915
4250000	20.595610374773692
4250500	20.593602222620195
4251000	20.593046440947017
4251500	20.594426405617146
4252000	20.59435450314015
4252500	20.59544946565329
4253000	20.5956763398364
4253500	20.596671293900272
4254000	20.595930724625063
4254500	20.596541452280555
4255000	20.594236534184315
4255500	20.595998955744854
4256000	20.596410323341598
4256500	20.597120250564302
4257000	20.595598256314098
4257500	20.595710958414273
4258000	20.595155843089128
4258500	20.59565217391304
4259000	20.594230620604375
4259500	20.595124825524394
4260000	20.595450813734487
4260500	20.596344672734734
4261000	20.598019476914015
4261500	20.59814618132664
4262000	20.597193595566903
4262500	20.595957450916043
4263000	20.595502364636616
4263500	20.594281082020053
4264000	20.592761992984894
4264500	20.595301268753918
4265000	20.59474712394183
4265500	20.59352648104294
4266000	20.593071985571058
4266500	20.59329838993553
4267000	20.594673300933426
4267500	20.59382170886442
4268000	20.59433143738552
4268500	20.59484104798442
4269000	20.593904813308402
4269500	20.593152962150963
4270000	20.591636153401428
4270500	20.590899018219304
4271000	20.592088784416486
4271500	20.5931791144697
4272000	20.59184705400785
4272500	20.593801010212875
4273000	20.5941118413134
4273500	20.595003129061762
4274000	20.594747583657437
4274500	20.59352950802314
4275000	20.59317506989995
4275500	20.593584894765712
4276000	20.592933297409648
4276500	20.59189986193493
4277000	20.591064763150808
4277500	20.59051274282059
4278000	20.592082483745624
4278500	20.591148638252037
4279000	20.592237164108063
4279500	20.59130351176598
4280000	20.59181211215205
4280500	20.59183997154708
4281000	20.592546315207727
4281500	20.594595114075386
4282000	20.593845340764407
4282500	20.59223389587867
4283000	20.5913010063165
4283500	20.592374155312108
4284000	20.59286791329319
4284500	20.59193531349332
4285000	20.59177961178566
4285500	20.59008492191888
4286000	20.59175062760703
4286500	20.591778455040675
4287000	20.590168969339814
4287500	20.58885625995662
4288000	20.588122403155076
4288500	20.58892668160252
4289000	20.589519126993643
4289500	20.588587954858298
4290000	20.58717743366439
4290500	20.587967336213552
4291000	20.586557224568853
4291500	20.588503190362278
4292000	20.588912003527913
4292500	20.591815802843094
4293000	20.593379946230634
4293500	20.594563253805866
4294000	20.592476894550995
4294500	20.5914478159642
4295000	20.590897986750782
4295500	20.592545762809277
4296000	20.59074235473274
4296500	20.58943235413824
4297000	20.58955895589559
4297500	20.590361388105645
4298000	20.589530520027573
4298500	20.588601294176208
4299000	20.587278191458815
4299500	20.58605394490672
4300000	20.58550541585333
4300500	20.58620920598169
4301000	20.586715902459556
4301500	20.586462857033535
4302000	20.587264771287153
4302500	20.584508422869657
4303000	20.58290582762396
4303500	20.582653300251934
4304000	20.58210567574544
4304500	20.582992004052937
4305000	20.58311908016095
4305500	20.581995412844037
4306000	20.582502006650614
4306500	20.584062256660633
4307000	20.584765152926455
4307500	20.584414343847314
4308000	20.583867008600887
4308500	20.584667984604955
4309000	20.583924180572467
4309500	20.583573624610917
4310000	20.58589069801855
4310500	20.585160966995204
4311000	20.584234915695884
4311500	20.583589817001887
4312000	20.582187042258898
4312500	20.583464529364058
4313000	20.583394948362628
4313500	20.585036868865124
4314000	20.586299645187133
4314500	20.585851071946287
4315000	20.585683090331745
4315500	20.58752020137012
4316000	20.586496844433427
4316500	20.585473731370314
4317000	20.58550208018605
4317500	20.584759653871078
4318000	20.583933259325256
4318500	20.583961774275764
4319000	20.582841519122404
4319500	20.58239387314787
4320000	20.583375002976403
4320500	20.58254923621957
4321000	20.580659598070817
4321500	20.579918501028256
4322000	20.579947450592133
4322500	20.580074341657507
4323000	20.58095709445312
4323500	20.582609274926483
4324000	20.582735832449174
4324500	20.582386633936554
4325000	20.58213541617117
4325500	20.58224813796646
4326000	20.583983260414684
4326500	20.58363408986082
4327000	20.581858638494527
4327500	20.581691640678482
4328000	20.580671841503587
4328500	20.580029752427485
4329000	20.580254247356542
4329500	20.578857585448258
4330000	20.579459500551142
4330500	20.580438583155974
4331000	20.581417442523275
4331500	20.58097119841933
4332000	20.580245623699934
4332500	20.579897335568333
4333000	20.578599509999428
4333500	20.577399660073873
4334000	20.579132251020603
4334500	20.578588888625198
4335000	20.57765502054918
4335500	20.57711197262965
4336000	20.576848258257975
4336500	20.576207825723934
4337000	20.57652991039452
4337500	20.575792069815975
4338000	20.576295621822595
4338500	20.57555798967239
4339000	20.575113197259558
4339500	20.575616647466806
4340000	20.575074420280238
4340500	20.57520131572087
4341000	20.574951779307995
4341500	20.574409810741397
4342000	20.57329669288354
4342500	20.57275505128266
4343000	20.575055658187676
4343500	20.575085017098147
4344000	20.574640790308678
4344500	20.573625717979194
4345000	20.575354269941148
4345500	20.57424195800885
4346000	20.572280602101674
4346500	20.570987727360933
4347000	20.57044693054688
4347500	20.56894642705051
4348000	20.568503326047257
4348500	20.568519946449943
4349000	20.568077004942882
4349500	20.569428679530834
4350000	20.568985737525065
4350500	20.567318876899655
4351000	20.567627368659934
4351500	20.566614823884237
4352000	20.564935433249513
4352500	20.564396069738976
4353000	20.563481449627385
4353500	20.56426273040413
4354000	20.56268159591808
4354500	20.564226597634256
4355000	20.56425710399033
4355500	20.56371819757529
4356000	20.56299850301522
4356500	20.564070600900926
4357000	20.562587638746596
4357500	20.562993315457533
4358000	20.56302394078997
4358500	20.562763411882973
4359000	20.56185024562662
4359500	20.561312118981558
4360000	20.560677115277556
4360500	20.560430229266913
4361000	20.56111354813756
4361500	20.561615990114653
4362000	20.559469579077422
4362500	20.562329664940922
4363000	20.562928738124985
4363500	20.562016508822463
4364000	20.56326742240343
4364500	20.56376927028594
4365000	20.563993572132084
4365500	20.56335904479637
4366000	20.562447291178838
4366500	20.562755267881116
4367000	20.562411681582667
4367500	20.56036472217251
4368000	20.55945373204615
4368500	20.558833362370567
4369000	20.558296766417445
4369500	20.558701823266063
4370000	20.560338537866627
4370500	20.559040998536272
4371000	20.5588784782844
4371500	20.559850555945058
4372000	20.560171636664755
4372500	20.562361220879907
4373000	20.562114868996662
4373500	20.56222897402854
4374000	20.562066176332277
4374500	20.563133913583208
4375000	20.564104734097825
4375500	20.56413511035893
4376000	20.56369542020974
4376500	20.563159181064467
4377000	20.563562966130768
4377500	20.563773400496203
4378000	20.564936712429173
4378500	20.56647295653032
4379000	20.566226518792014
4379500	20.56559375132099
4380000	20.56599697558868
4380500	20.565654099184343
4381000	20.566816446691927
4381500	20.565810970685998
4382000	20.56668340930108
4382500	20.568121547220645
4383000	20.56834447964332
4383500	20.56714624921399
4384000	20.56774193548387
4384500	20.568048003528016
4385000	20.566960013510215
4385500	20.566328014334093
4386000	20.56804112107455
4386500	20.56844346280639
4387000	20.570155902004455
4387500	20.569344297649298
4388000	20.56974634708869
4388500	20.570892898992266
4389000	20.56970924020021
4389500	20.57077251107102
4390000	20.570237091181706
4390500	20.570638806249853
4391000	20.569359341915415
4391500	20.569016960902335
4392000	20.568481987298377
4392500	20.569448346913926
4393000	20.570882733044897
4393500	20.573721370114427
4394000	20.575141491547956
4394500	20.574523258970782
4395000	20.573699137906825
4395500	20.574375388992618
4396000	20.57514774072497
4396500	20.573869431370532
4397000	20.57305920052394
4397500	20.57318465021423
4398000	20.57181074963052
4398500	20.57267919022433
4399000	20.572048460930596
4399500	20.57357657817716
4400000	20.572849709928803
4400500	20.572878931648102
4401000	20.571038647230104
4401500	20.572470032946235
4402000	20.57409337077759
4402500	20.574218567490536
4403000	20.573217163813037
4403500	20.574180559513078
4404000	20.573371570559825
4404500	20.571807516999176
4405000	20.57352590953028
4405500	20.573280229349443
4406000	20.573501468301952
4406500	20.573338499386143
4407000	20.572242059324605
4407500	20.570404491550338
4408000	20.57052993112202
4408500	20.569900801612555
4409000	20.56936778901107
4409500	20.570426280286984
4410000	20.56952283222165
4410500	20.569744230733356
4411000	20.569581883807906
4411500	20.57017359799684
4412000	20.57113551064177
4412500	20.57163102713639
4413000	20.57119417525509
4413500	20.570661546062137
4414000	20.572006449869047
4414500	20.571761416589002
4415000	20.57151643354363
4415500	20.572011591178033
4416000	20.57101331805414
4416500	20.570385240594884
4417000	20.56919580484715
4417500	20.568663882020406
4418000	20.56737918864683
4418500	20.56777869852236
4419000	20.56724713374017
4419500	20.56801627159034
4420000	20.567580522810726
4420500	20.567514494979104
4421000	20.5666136251547
4421500	20.567752020209067
4422000	20.567029491115452
4422500	20.566033348061673
4423000	20.566158825827337
4423500	20.565532377914383
4424000	20.563880584523968
4424500	20.56288527516666
4425000	20.562355030190908
4425500	20.562289687482572
4426000	20.562975768898305
4426500	20.5631014725768
4427000	20.563787327562576
4427500	20.564008455480966
4428000	20.56543208729543
4428500	20.56685540170837
4429000	20.56642067277549
4429500	20.566177051068316
4430000	20.564254007169257
4430500	20.565117067259703
4431000	20.56737259416751
4431500	20.568794734447962
4432000	20.56919285445761
4432500	20.57051900801901
4433000	20.569620253164558
4433500	20.569649617697277
4434000	20.570606791612544
4434500	20.571563752412054
4435000	20.571783716594158
4435500	20.57098071224186
4436000	20.572223510317645
4436500	20.57030253854179
4437000	20.569772832637923
4437500	20.570919980345074
4438000	20.57141267972523
4438500	20.570883019497526
4439000	20.57267048508777
4439500	20.5710234775719
4440000	20.5706714353883
4440500	20.569310943833237
4441000	20.570266652462493
4441500	20.568715989348153
4442000	20.56911322065293
4442500	20.568679563280764
4443000	20.56797348099039
4443500	20.566981913795416
4444000	20.568032437836735
4444500	20.568334336094786
4445000	20.56818655103637
4445500	20.56858353847008
4446000	20.56879010654983
4446500	20.57019410469441
4447000	20.571883181158015
4447500	20.57283717660553
4448000	20.572866087696422
4448500	20.575859581630198
4449000	20.575697892683106
4449500	20.574611686390533
4450000	20.57464038753097
4450500	20.57318747140302
4451000	20.57367844616046
4451500	20.57240286293844
4452000	20.571140803163868
4452500	20.57013775326367
4453000	20.57330518847662
4453500	20.57306219720027
4454000	20.57243923951844
4454500	20.5714496795523
4455000	20.570732090175856
4455500	20.570748010414167
4456000	20.571238668463714
4456500	20.57117275945301
4457000	20.572219658514072
4457500	20.572248574223437
4458000	20.57208765859285
4458500	20.572211483902517
4459000	20.571779129785007
4459500	20.57125199472378
4460000	20.572216508870554
4460500	20.573167638853665
4461000	20.574674486370846
4461500	20.57489281268729
4462000	20.573904625809575
4462500	20.57320114123997
4463000	20.57230817444845
4463500	20.571510202576913
4464000	20.570428051421462
4464500	20.56851949966598
4465000	20.56799336650083
4465500	20.567927961124802
4466000	20.56924423156634
4466500	20.568257696115676
4467000	20.569857765785514
4467500	20.569426475937036
4468000	20.570010680219497
4468500	20.5716915995397
4469000	20.57089468088534
4469500	20.57036880228994
4470000	20.570776465824274
4470500	20.572645876084696
4471000	20.571565271797137
4471500	20.571783430700584
4472000	20.571528445337762
4472500	20.571381267303785
4473000	20.571599374597625
4473500	20.571628257710913
4474000	20.570277874836787
4474500	20.569752635232355
4475000	20.571796286082
4475500	20.57154149834319
4476000	20.571016304247927
4476500	20.57012626587513
4477000	20.570425705911
4477500	20.56972492236453
4478000	20.569848466057593
4478500	20.56886447559385
4479000	20.568164075057176
4479500	20.567180490313575
4480000	20.568587209542567
4480500	20.568440575877773
4481000	20.566728024714592
4481500	20.566041200014688
4482000	20.568095242466246
4482500	20.568583360102792
4483000	20.567141578911144
4483500	20.56698216653438
4484000	20.566012634128665
4484500	20.566500768331
4485000	20.569835067055607
4485500	20.568299595513036
4486000	20.56814013206163
4486500	20.568075009743016
4487000	20.568387079027715
4487500	20.568497483429137
4488000	20.56999592074325
4488500	20.570119156736936
4489000	20.570242366753273
4489500	20.573384406729957
4490000	20.57240245014271
4490500	20.571784570703485
4491000	20.57208290392763
4491500	20.571101442637968
4492000	20.569486930558863
4492500	20.570431692888146
4493000	20.572022452361985
4493500	20.57077197046342
4494000	20.570800814775822
4494500	20.570641353648433
4495000	20.57021257121937
4495500	20.57014734144779
4496000	20.568978848591048
4496500	20.57093188160483
4497000	20.569319159058058
4497500	20.568433377851772
4498000	20.567911058670727
4498500	20.56794018794156
4499000	20.56686677853423
4499500	20.566626892147045
4500000	20.567570409175477
4500500	20.566497396964113
4501000	20.56670170467529
4501500	20.56673094674502
4502000	20.567405051723508
4502500	20.56688337498458
4503000	20.5658239760258
4503500	20.56512762419835
4504000	20.56551982425131
4504500	20.56472973713534
4505000	20.564396447407475
4505500	20.562599591816237
4506000	20.563085786808983
4506500	20.560457568550834
4507000	20.559762292725008
4507500	20.559054399415846
4508000	20.55908443763005
4508500	20.558752001898096
4509000	20.557238534956294
4509500	20.55572535799169
4510000	20.555205853106724
4510500	20.553774303449345
4511000	20.553804900516685
4511500	20.55493490800483
4512000	20.555421307715807
4512500	20.55736897771618
4513000	20.556755919007376
4513500	20.557148261418487
4514000	20.556360686518463
4514500	20.557034012613467
4515000	20.555416334434444
4515500	20.55563401777701
4516000	20.555208841067596
4516500	20.55615021977271
4517000	20.556167852295808
4517500	20.55538099336512
4518000	20.554581673306775
4518500	20.554880241838188
4519000	20.555821099351316
4519500	20.555128199292664
4520000	20.554609916166793
4520500	20.557557885539538
4521000	20.557494460092187
4521500	20.55897032261587
4522000	20.559012992684792
4522500	20.558307519457067
4523000	20.557602219493337
4523500	20.5587288305168
4524000	20.557568923103506
4524500	20.55767980468022
4525000	20.557068367481463
4525500	20.55846216084765
4526000	20.557396272207907
4526500	20.556598243134548
4527000	20.554263072756683
4527500	20.55466705437627
4528000	20.55524511741376
4528500	20.55637068969433
4529000	20.554851544509393
4529500	20.554601851094944
4530000	20.553444040304967
4530500	20.553474539717133
4531000	20.554319698551776
4531500	20.554536705826813
4532000	20.55365928938434
4532500	20.554143596260325
4533000	20.553720208382494
4533500	20.553029684281217
4534000	20.55451456156509
4534500	20.554265183545336
4535000	20.553015458306117
4535500	20.552499217648045
4536000	20.554343734836493
4536500	20.554280894902465
4537000	20.554578262998493
4537500	20.554875560995512
4538000	20.554092460553093
4538500	20.557028576608424
4539000	20.556512281337806
4539500	20.556728686526313
4540000	20.556305673611046
4540500	20.55479042458728
4541000	20.55563356994342
4541500	20.55683635062482
4542000	20.55569393809017
4542500	20.55436559509847
4543000	20.555661206045624
4543500	20.554426219117428
4544000	20.554270426386243
4544500	20.552849797219004
4545000	20.553066304593802
4545500	20.552458185504307
4546000	20.55284817715757
4546500	20.55242619613166
4547000	20.553627895824945
4547500	20.553205925590863
4548000	20.55386201843493
4548500	20.55415867732716
4549000	20.55292537677876
4549500	20.55423179349915
4550000	20.554900019440037
4550500	20.55519643430266
4551000	20.55667549561114
4551500	20.5570645419335
4552000	20.55628360974287
4552500	20.55576892664302
4553000	20.55589189384561
4553500	20.555377366587912
4554000	20.556496600944058
4554500	20.558333220420128
4555000	20.55646377701708
4555500	20.55594940824261
4556000	20.555979465692626
4556500	20.558000948059863
4557000	20.558030777008877
4557500	20.557343455908573
4558000	20.55827597878822
4558500	20.557576195160692
4559000	20.55894707870289
4559500	20.56060852146608
4560000	20.561181910454494
4560500	20.561118628777628
4561000	20.56069708285977
4561500	20.55920088389817
4562000	20.558328711406915
4562500	20.560347354040516
4563000	20.559117098109226
4563500	20.55807244122884
4564000	20.558460290273146
4564500	20.5600147822991
4565000	20.558785093055743
4565500	20.55701244514135
4566000	20.556671862751283
4566500	20.556158693977576
4567000	20.55555305319959
4567500	20.555490501625847
4568000	20.555162770590062
4568500	20.55582822638383
4569000	20.55649355034781
4569500	20.556073272737912
4570000	20.555745615614534
4570500	20.555590562521942
4571000	20.5555280531766
4571500	20.5551080651766
4572000	20.55711033322235
4572500	20.555433085744365
4573000	20.55609786818654
4573500	20.557027388079504
4574000	20.557956707308847
4574500	20.557721624866776
4575000	20.557936247420084
4575500	20.556167524672347
4576000	20.555378231726777
4576500	20.553862473817162
4577000	20.558029995910058
4577500	20.559592663997233
4578000	20.56025631231998
4578500	20.55992882946029
4579000	20.561398464420652
4579500	20.5615998993774
4580000	20.56100792777416
4580500	20.56148639848378
4581000	20.561158962107402
4581500	20.559841225651756
4582000	20.56067633153894
4582500	20.56123433845546
4583000	20.562069089342145
4583500	20.560936420024596
4584000	20.56115030427056
4584500	20.562710343280234
4585000	20.56292401019419
4585500	20.56196359753608
4586000	20.56288999241884
4586500	20.562562796038467
4587000	20.562855989595015
4587500	20.56387420232922
4588000	20.563547010079994
4588500	20.563219885311536
4589000	20.56405336585016
4589500	20.56489932043535
4590000	20.567617476737723
4590500	20.56764605704247
4591000	20.566870560820956
4591500	20.566358992741286
4592000	20.566387699145178
4592500	20.566587973892513
4593000	20.565720812523796
4593500	20.56431386599785
4594000	20.563631315438286
4594500	20.56231697160205
4595000	20.56413700470114
4595500	20.562730833799662
4596000	20.56104886684601
4596500	20.561617716827943
4597000	20.56038379263741
4597500	20.56192696470841
4598000	20.562048106521583
4598500	20.560551156444326
4599000	20.55959383596878
4599500	20.560609720097684
4600000	20.56127012522361
4600500	20.56112797993033
4601000	20.562051465492186
4601500	20.562264437757914
4602000	20.563279538647237
4602500	20.563492347303676
4603000	20.561996621047832
4603500	20.56344574242736
4604000	20.56436838107154
4604500	20.563674787884743
4605000	20.56539880808785
4605500	20.564797112584202
4606000	20.56553547660947
4606500	20.56520943027997
4607000	20.564975283447726
4607500	20.565817850588726
4608000	20.565229038306992
4608500	20.5655205664134
4609000	20.566888363165646
4609500	20.568347667739328
4610000	20.568546947518744
4610500	20.568929742754513
4611000	20.567973943693392
4611500	20.569878609699625
4612000	20.569448037755038
4612500	20.56724619323301
4613000	20.5678123703892
4613500	20.568286711883452
4614000	20.567502374253728
4614500	20.56709763709318
4615000	20.56792600022289
4615500	20.56813775089482
4616000	20.565662688190255
4616500	20.564366981144687
4617000	20.56296731991195
4617500	20.5628129956693
4618000	20.562042527409375
4618500	20.562700176846082
4619000	20.563082925786365
4619500	20.562837076525
4620000	20.56331129071761
4620500	20.56395597349861
4621000	20.563710104666125
4621500	20.56292761532538
4622000	20.56438331775493
4622500	20.564058515396564
4623000	20.563197265894438
4623500	20.56304312036415
4624000	20.561633292254854
4624500	20.56184523677128
4625000	20.560722721146533
4625500	20.56164133765639
4626000	20.5620236051693
4626500	20.560444300178307
4627000	20.561977592032722
4627500	20.56156198876165
4628000	20.560872290206294
4628500	20.561698874646662
4629000	20.562080872451904
4629500	20.56077673354218
4630000	20.559655569230493
4630500	20.559514500995167
4631000	20.55811969988406
4631500	20.559664201479112
4632000	20.56032013217444
4632500	20.558390287011008
4633000	20.558328300948457
4633500	20.55630785623904
4634000	20.55483538729268
4634500	20.55468257561634
4635000	20.554359645813452
4635500	20.554298140505036
4636000	20.55397531872218
4636500	20.55417517082261
4637000	20.55243030292275
4637500	20.552369038588647
4638000	20.552842499323585
4638500	20.552872355051736
4639000	20.552549889135253
4639500	20.551784075238448
4640000	20.550836185645625
4640500	20.550331821627587
4641000	20.54894103671132
4641500	20.548266997606596
4642000	20.547058849598702
4642500	20.54718034617532
4643000	20.549153053041078
4643500	20.54891015417331
4644000	20.548497412998795
4644500	20.54728990507913
4645000	20.548024075148476
4645500	20.549395072006803
4646000	20.549243262869847
4646500	20.54750245725266
4647000	20.547623790867036
4647500	20.549164036528307
4648000	20.549727791793917
4648500	20.550552101082072
4649000	20.551467171728348
4649500	20.551406169802306
4650000	20.553908773171703
4650500	20.55261132295823
4651000	20.551756473429524
4651500	20.55125318991787
4652000	20.553052045974166
4652500	20.553172673004642
4653000	20.55692128114886
4653500	20.558186006003616
4654000	20.556447014202924
4654500	20.5566458046038
4655000	20.55755904398246
4655500	20.556964710249318
4656000	20.555850123718628
4656500	20.555346926152556
4657000	20.555194790852184
4657500	20.554340864418382
4658000	20.55648794276124
4658500	20.55810215238953
4659000	20.55794976862482
4659500	20.559394247113623
4660000	20.557306704102984
4660500	20.557686620200137
4661000	20.558507821051517
4661500	20.55765428611778
4662000	20.55671022032769
4662500	20.558413709727237
4663000	20.55614624096141
4663500	20.55617558703257
4664000	20.55453125964872
4664500	20.554742078893515
4665000	20.555653554418768
4665500	20.554619773707373
4666000	20.557294651911292
4666500	20.55873704443357
4667000	20.55770324298353
4667500	20.55747286022188
4668000	20.55671120826429
4668500	20.557271721743113
4669000	20.556329091614085
4669500	20.557148962229654
4670000	20.55629710882331
4670500	20.555885915648055
4671000	20.55564364110424
4671500	20.55468949542456
4672000	20.556998811148784
4672500	20.555875969128763
4673000	20.55564604528106
4673500	20.556115554420884
4674000	20.55535505224334
4674500	20.554245075430842
4675000	20.553653621058377
4675500	20.55421358078468
4676000	20.5536222575153
4676500	20.55453157785921
4677000	20.55377171761601
4677500	20.55468083422027
4678000	20.55434868646714
4678500	20.55445631622917
4679000	20.553516080103755
4679500	20.5538044935621
4680000	20.552864539836314
4680500	20.551575616402232
4681000	20.555909560326075
4681500	20.557347371011257
4682000	20.55710551174183
4682500	20.556954017686518
4683000	20.556905087172908
4683500	20.55965986454316
4684000	20.559869299416768
4684500	20.55989812049886
4685000	20.561075959093884
4685500	20.562073022953584
4686000	20.561752865615684
4686500	20.562581483448707
4687000	20.562868416778958
4687500	20.56201916114054
4688000	20.562757264852248
4688500	20.562785758791062
4689000	20.563859798446007
4689500	20.564765543774374
4690000	20.56672880798333
4690500	20.56551887475165
4691000	20.56589541635238
4691500	20.56689073935216
4692000	20.566570499048552
4692500	20.566688733302062
4693000	20.56943713834824
4693500	20.571037844187494
4694000	20.57247040570805
4694500	20.571801692441856
4695000	20.57112059522036
4695500	20.571496168557196
4696000	20.570119333415107
4696500	20.571551221905377
4697000	20.571758944957143
4697500	20.570910540122714
4698000	20.571466106148186
4698500	20.573232511198
4699000	20.57466332767105
4699500	20.57293946663398
4700000	20.573494587650302
4700500	20.572646542631183
4701000	20.573201578951974
4701500	20.571826141748822
4702000	20.574041259215505
4702500	20.575380940506346
4703000	20.57557544421406
4703500	20.576567277117075
4704000	20.578253605884875
4704500	20.580646854064266
4705000	20.57918164248673
4705500	20.579902766604878
4706000	20.57843797266933
4706500	20.577500557306397
4707000	20.57743745738711
4707500	20.576423030700315
4708000	20.576886942918694
4708500	20.576734025122885
4709000	20.57781447550645
4709500	20.577751373830388
4710000	20.57725150362311
4710500	20.57605799886448
4711000	20.575391280044716
4711500	20.574724689320302
4712000	20.573262312259867
4712500	20.572853001781162
4713000	20.57410002226209
4713500	20.57396010649906
4714000	20.57451349216394
4714500	20.574014435455013
4715000	20.57359274304389
4715500	20.573273417390165
4716000	20.572081681084313
4716500	20.571505840683262
4717000	20.571712695615766
4717500	20.572522579491583
4718000	20.570626223689317
4718500	20.571000034880882
4719000	20.56997619649661
4719500	20.568260084916435
4720000	20.568287813935648
4720500	20.5688286105276
4721000	20.569292045424834
4721500	20.56783324037925
4722000	20.566297500065353
4722500	20.565800192549805
4723000	20.564777830531806
4723500	20.56445993031359
4724000	20.564321207555057
4724500	20.56609114067365
4725000	20.565939975007726
4725500	20.56605745034698
4726000	20.56512521820137
4726500	20.5644617199368
4727000	20.566755453421774
4727500	20.566079611473036
4728000	20.56496880139937
4728500	20.566647668190896
4729000	20.56745610524301
4729500	20.566869948758992
4730000	20.565848990953377
4730500	20.565007132171313
4731000	20.564588016854152
4731500	20.564794886845366
4732000	20.56699663940805
4732500	20.568239119472796
4733000	20.567921518514172
4733500	20.566722440731002
4734000	20.566571499341652
4734500	20.56676573335419
4735000	20.56644842312889
4735500	20.56752377352917
4736000	20.56798585682204
4736500	20.566710533745074
4737000	20.56578044522422
4737500	20.566063953589357
4738000	20.567394362528006
4738500	20.56932487638001
4739000	20.569875762916404
4739500	20.569290600368067
4740000	20.568182311354533
4740500	20.56734203251997
4741000	20.566846590416024
4741500	20.567397425496008
4742000	20.566302117451077
4742500	20.565705461864113
4743000	20.565988636856485
4743500	20.567572724591926
4744000	20.569845289302066
4744500	20.571173389754087
4745000	20.570933131028504
4745500	20.571304724750757
4746000	20.571842169134218
4746500	20.57195851805626
4747000	20.574419773629383
4747500	20.574969128447325
4748000	20.57820697782226
4748500	20.577800304105423
4749000	20.580514935199943
4749500	20.579509279511445
4750000	20.580656616618523
4750500	20.57999506350327
4751000	20.58019960598385
4751500	20.581702940119577
4752000	20.582773085597772
4752500	20.585663578910918
4753000	20.584912765156268
4753500	20.584505792692163
4754000	20.586351637889997
4754500	20.585244702899395
4755000	20.58518140363932
4755500	20.58399844267082
4756000	20.58315923335453
4756500	20.581798680010728
4757000	20.585462471241502
4757500	20.58584425917598
4758000	20.586124298475454
4758500	20.585374289358207
4759000	20.5859976138191
4759500	20.58593429202488
4760000	20.58613789496886
4760500	20.5870278259141
4761000	20.58653231242546
4761500	20.587244117621644
4762000	20.586316685314866
4762500	20.587549243209622
4763000	20.587231726753252
4763500	20.586660217319952
4764000	20.586596883056316
4764500	20.58782891043964
4765000	20.588374974635286
4765500	20.58753696388871
4766000	20.58756242742879
4766500	20.58715628007752
4767000	20.5875244909761
4767500	20.586940762220383
4768000	20.58722008888122
4768500	20.586636525220452
4769000	20.585710526656342
4769500	20.585736159934438
4770000	20.584379177987667
4770500	20.585444948510514
4771000	20.58503941082116
4771500	20.586523413079938
4772000	20.585952992705764
4772500	20.58744924262671
4773000	20.588425449012753
4773500	20.589223993035503
4774000	20.589680166165355
4774500	20.588412716195137
4775000	20.587487667325846
4775500	20.58639808037772
4776000	20.58624625788805
4776500	20.58627179891377
4777000	20.58586667700245
4777500	20.584676464382447
4778000	20.584879420287358
4778500	20.586108025727793
4779000	20.58647542218568
4779500	20.58926073388572
4780000	20.58894416995197
4780500	20.588184666230593
4781000	20.587956867098683
4781500	20.587653173619717
4782000	20.58905777429777
4782500	20.589943345822775
4783000	20.59014560079145
4783500	20.59060079394776
4784000	20.590448749650587
4784500	20.590043816837877
4785000	20.58886758218607
4785500	20.588121493519058
4786000	20.587451425427282
4786500	20.587046970634756
4787000	20.5863012992148
4787500	20.587097772277225
4788000	20.58755285139734
4788500	20.58732545649839
4789000	20.58597357963699
4789500	20.58478627852734
4790000	20.58386448365317
4790500	20.583801797700694
4791000	20.583221329531646
4791500	20.58324710287115
4792000	20.5826668212202
4792500	20.5819983172788
4793000	20.580218987814458
4793500	20.580333384834596
4794000	20.581217707743278
4794500	20.579691489133467
4795000	20.57988175835114
4795500	20.578620884919307
4796000	20.57941672278676
4796500	20.57901396066994
4797000	20.57904013654746
4797500	20.57958336549429
4798000	20.581148061124736
4798500	20.58322936896846
4799000	20.582309519114535
4799500	20.581137671934542
4800000	20.580482849954784
4800500	20.580156073897264
4801000	20.579413302253037
4801500	20.580901129410957
4802000	20.581443669966884
4802500	20.581205075263657
4803000	20.580714521289583
4803500	20.58236543666701
4804000	20.582391229873245
4804500	20.583625931317975
4805000	20.582279022970052
4805500	20.583337257638483
4806000	20.583186723341594
4806500	20.583728534986044
4807000	20.583754172729606
4807500	20.583175714420204
4808000	20.582609849084538
4808500	20.583063436172353
4809000	20.582145485035678
4809500	20.582259313283057
4810000	20.583052471300746
4810500	20.582059232331872
4811000	20.582085020675738
4811500	20.5804004737614
4812000	20.581545486416925
4812500	20.58387233296711
4813000	20.58304302293274
4813500	20.584690344916016
4814000	20.5835217292825
4814500	20.58244129649809
4815000	20.58307019830198
4815500	20.58359857304595
4816000	20.582179199097766
4816500	20.583410933508752
4817000	20.583260724719388
4817500	20.58260802719578
4818000	20.582545830326374
4818500	20.581366056522647
4819000	20.582069990138024
4819500	20.582434751427915
4820000	20.582887289676542
4820500	20.58145688580842
4821000	20.582085093671317
4821500	20.5808307090982
4822000	20.58188551728846
4822500	20.58157244698143
4823000	20.583480148962764
4823500	20.583756669950994
4824000	20.584459617951747
4824500	20.584823751162055
4825000	20.584510555557927
4825500	20.584360490647928
4826000	20.583696402840896
4826500	20.5828569967136
4827000	20.582030201127747
4827500	20.58256978478585
4828000	20.582583017653903
4828500	20.582445675330206
4829000	20.58179463365172
4829500	20.581732673899985
4830000	20.581933730603275
4830500	20.582472997376403
4831000	20.58412687596886
4831500	20.583977039491053
4832000	20.58579329901516
4832500	20.584629008361574
4833000	20.584742046852583
4833500	20.582551546830572
4834000	20.58436721925475
4834500	20.585156183504978
4835000	20.584418071258664
4835500	20.584443489471422
4836000	20.58388073925326
4836500	20.583993772094388
4837000	20.584707263539382
4837500	20.584219771432945
4838000	20.58440785220971
4838500	20.583320222306323
4839000	20.583433250848234
4839500	20.58455913612788
4840000	20.58424692764503
4840500	20.584022272756254
4841000	20.584297741945083
4841500	20.584398199890362
4842000	20.584935965531017
4842500	20.58453642412243
4843000	20.583449805219356
4843500	20.582538293588428
4844000	20.581039755351682
4844500	20.581327693333503
4845000	20.58186543459428
4845500	20.58392672891482
4846000	20.582079096524932
4846500	20.58125565145038
4847000	20.58050741339717
4847500	20.580271121410444
4848000	20.581145655624304
4848500	20.580235336051906
4849000	20.58162130970868
4849500	20.58207118917314
4850000	20.580063037419453
4850500	20.578729035706107
4851000	20.578493118731046
4851500	20.57784544139911
4852000	20.576088062688694
4852500	20.57424382467417
4853000	20.57248720764108
4853500	20.572600951226335
4854000	20.57397407749625
4854500	20.573663845531176
4855000	20.57563468554938
4855500	20.576757666021212
4856000	20.57653443827294
4856500	20.575887618458566
4857000	20.576424541249427
4857500	20.577808461704624
4858000	20.57766013763896
4858500	20.577598983696802
4859000	20.578895221319872
4859500	20.579680692974993
4860000	20.580042671362776
4860500	20.579134726496196
4861000	20.578650211195477
4861500	20.579933390604435
4862000	20.580208099725382
4862500	20.579039334565934
4863000	20.579575260174295
4863500	20.579352120540438
4864000	20.58115681505763
4864500	20.579490714699574
4865000	20.57992709681239
4865500	20.581221300454118
4866000	20.581582652297623
4866500	20.58143418176899
4867000	20.58288950883422
4867500	20.584518501299634
4868000	20.583611545450704
4868500	20.581946639397604
4869000	20.580791542904464
4869500	20.579127253370284
4870000	20.57906609328929
4870500	20.58002356926534
4871000	20.58029775102946
4871500	20.58167721011157
4872000	20.583391745699302
4872500	20.585950364371786
4873000	20.58631069231776
4873500	20.585739794087726
4874000	20.58643525533612
4874500	20.58679541502777
4875000	20.588520764494632
4875500	20.587788514283304
4876000	20.58790024175889
4876500	20.587155808488827
4877000	20.58684574629636
4877500	20.586957530358056
4878000	20.587069292733332
4878500	20.585729948553595
4879000	20.5836467592046
4879500	20.58189882330125
4880000	20.580572816106976
4880500	20.581354667655823
4881000	20.58213635444062
4881500	20.58223623215279
4882000	20.58294320159452
4882500	20.583476590150674
4883000	20.582572537190185
4883500	20.583266985976486
4884000	20.582276454954027
4884500	20.581459502941833
4885000	20.582413880232462
4885500	20.583108056895984
4886000	20.585164164273746
4886500	20.586204573776566
4887000	20.58622954132148
4887500	20.58516504331282
4888000	20.58510347265771
4888500	20.584621082045583
4889000	20.583891233636447
4889500	20.58459700085834
4890000	20.58512943275092
4890500	20.58431314809751
4891000	20.58535272170508
4891500	20.585204594491152
4892000	20.585068801937894
4892500	20.584413673042878
4893000	20.583177412912313
4893500	20.58362307081086
4894000	20.584155169369687
4894500	20.583920742805024
4895000	20.583525614353622
4895500	20.583971053593718
4896000	20.582982818100454
4896500	20.582414950695142
4897000	20.580685546719096
4897500	20.58053811094075
4898000	20.582416613112564
4898500	20.58504829903402
4899000	20.58524621832506
4899500	20.584517835772324
4900000	20.58428362695867
4900500	20.586247286864012
4901000	20.587371019335553
4901500	20.586050142923703
4902000	20.586667562043306
4902500	20.58744533879456
4903000	20.586038470576387
4903500	20.586396572919856
4904000	20.58474330951792
4904500	20.58611316195718
4905000	20.587902200858196
4905500	20.586335612129346
4906000	20.58510236775227
4906500	20.58386937159822
4907000	20.582636623592254
4907500	20.581909653076195
4908000	20.581429469712848
4908500	20.580949386985225
4909000	20.580641916529057
4909500	20.58040859088528
4910000	20.581703290256616
4910500	20.58122336792797
4911000	20.580078092269535
4911500	20.58068272739078
4912000	20.579611805014533
4912500	20.578467053930787
4913000	20.57992135381987
4913500	20.578937010346834
4914000	20.58013247251321
4914500	20.579825424402905
4915000	20.580269497549068
4915500	20.581710726782635
4916000	20.580061940236043
4916500	20.580591974489774
4917000	20.579608266489252
4917500	20.578464679597676
4918000	20.578994707887965
4918500	20.578429773154134
4919000	20.57812317009921
4919500	20.57940344948726
4920000	20.57876468866307
4920500	20.58230748645213
4921000	20.58275077767
4921500	20.58286196848649
4922000	20.58195285688608
4922500	20.5811421382386
4923000	20.580417593072436
4923500	20.582028491314286
4924000	20.581721849877155
4924500	20.581833070813506
4925000	20.580850806064177
4925500	20.580126652074387
4926000	20.580066076075198
4926500	20.580754822570338
4927000	20.58178720418927
4927500	20.58188620316747
4928000	20.5811623246493
4928500	20.580770129913503
4929000	20.580967249108806
4929500	20.579826285847847
4930000	20.58044079779309
4930500	20.580048824253552
4931000	20.581669483215457
4931500	20.584271725570858
4932000	20.58337644133696
4932500	20.584566997451333
4933000	20.584260665009428
4933500	20.5835373406345
4934000	20.582225484145386
4934500	20.581919466949092
4935000	20.58102496539533
4935500	20.58030224075039
4936000	20.580241767403084
4936500	20.579678734276403
4937000	20.57987563972194
4937500	20.579815229213285
4938000	20.58091908716286
4938500	20.580944326168744
4939000	20.582807390280987
4939500	20.582660962798506
4940000	20.584364196759548
4940500	20.58296823202119
4941000	20.582748253087807
4941500	20.58185482359897
4942000	20.581549299293048
4942500	20.58148877445246
4943000	20.582762711511645
4943500	20.584526123456378
4944000	20.58471014191186
4944500	20.584061884926992
4945000	20.585420654073395
4945500	20.584282938721852
4946000	20.5857270628367
4946500	20.5857517813393
4947000	20.58444313200296
4947500	20.585214111345383
4948000	20.583233189320005
4948500	20.583343727911522
4949000	20.583283098093833
4949500	20.583980445301716
4950000	20.583332986952527
4950500	20.583357923917426
4951000	20.583798429961227
4951500	20.58506991336145
4952000	20.583261661701588
4952500	20.584447417181124
4953000	20.585474062011897
4953500	20.587331256490135
4954000	20.587526788829265
4954500	20.58703831363527
4955000	20.586562137966258
4955500	20.587001922350332
4956000	20.585365853658537
4956500	20.58580566959597
4957000	20.58500018678167
4957500	20.584951627563367
4958000	20.58414637688978
4958500	20.583682937253876
4959000	20.58428141103836
4959500	20.585123816082607
4960000	20.584575050608965
4960500	20.58542938677993
4961000	20.586442154158803
4961500	20.585710553489008
4962000	20.585735195943062
4962500	20.585015962519176
4963000	20.58413830272377
4963500	20.583163375283956
4964000	20.58393192434749
4964500	20.58395673166587
4965000	20.583567127624747
4965500	20.58259266165289
4966000	20.5826175945376
4966500	20.58189923026572
4967000	20.580352519624697
4967500	20.58020718134788
4968000	20.579732953415945
4968500	20.57975815802551
4969000	20.579454499530026
4969500	20.578651662133012
4970000	20.57767860469545
4970500	20.577119699973924
4971000	20.57871558417907
4971500	20.5778279925009
4972000	20.577269247480913
4972500	20.577124391243
4973000	20.576650972669274
4973500	20.57684670373312
4974000	20.576203180906287
4974500	20.575730002481595
4975000	20.577738260168317
4975500	20.577106774677763
4976000	20.57721728344015
4976500	20.577242696610632
4977000	20.57668458040513
4977500	20.578363452985236
4978000	20.57823058959681
4978500	20.578340937644647
4979000	20.579192700585143
4979500	20.579461031824078
4980000	20.578914968248917
4980500	20.57935330884935
4981000	20.580459675154078
4981500	20.58122581151465
4982000	20.58050980456941
4982500	20.58111780106874
4983000	20.57924815010571
4983500	20.57753683923683
4984000	20.57805997754145
4984500	20.577842358594157
4985000	20.57728503500198
4985500	20.578050904468483
4986000	20.57740875852165
4986500	20.57776182282576
4987000	20.577131752561158
4987500	20.57790924580533
4988000	20.57702461883704
4988500	20.576564536619973
4989000	20.5772450940766
4989500	20.575366305275704
4990000	20.574651975984693
4990500	20.57342882234344
4991000	20.573296724136508
4991500	20.573164648800617
4992000	20.573105585965838
4992500	20.57197967283653
4993000	20.571266082570244
4993500	20.570383098661193
4994000	20.570409100835178
4994500	20.57175580695929
4995000	20.572193614830073
4995500	20.57106844665593
4996000	20.57159096525478
4996500	20.572101604454254
4997000	20.57113444513074
4997500	20.570918014427352
4998000	20.571852034829867
4998500	20.572785878362247
4999000	20.572738723460308
4999500	20.574580177807047
5000000	20.57427885901483
5000500	20.57480062220686
5001000	20.575152964025165
5001500	20.575093805542753
5002000	20.574308341047
5002500	20.57457599927602
5003000	20.576658097686376
5003500	20.57601829308416
5004000	20.575463240918175
5004500	20.576564870743713
5005000	20.57708595439557
5005500	20.577848853223266
5006000	20.57597605991598
5006500	20.575844139830245
5007000	20.577356195235826
5007500	20.57721231846537
5008000	20.575678507591476
5008500	20.57462858269787
5009000	20.57398970499427
5009500	20.573278234651372
5010000	20.572566898732877
5010500	20.571855697200682
5011000	20.572207643945088
5011500	20.571738291354944
5012000	20.571015659000025
5012500	20.571778103460307
5013000	20.572045464807466
5013500	20.57215563946807
5014000	20.57308659911435
5014500	20.57369144592404
5015000	20.574127340393666
5015500	20.574394321701845
5016000	20.574830057556852
5016500	20.57617051299932
5017000	20.57669038780993
5017500	20.57852493776325
5018000	20.578803188871756
5018500	20.57833380489025
5019000	20.576634494747804
5019500	20.578311474804952
5020000	20.57717928221525
5020500	20.578349797106203
5021000	20.57829053874055
5021500	20.576254794610367
5022000	20.57496650262857
5022500	20.575654525341093
5023000	20.574378303084927
5023500	20.573090551584293
5024000	20.57229692920836
5024500	20.573225972919616
5025000	20.573492554916704
5025500	20.574662282515675
5026000	20.575422333952947
5026500	20.57421948563428
5027000	20.574906972650574
5027500	20.57435460830342
5028000	20.573152214395925
5028500	20.573177768592675
5029000	20.57230074228053
5029500	20.57125555932883
5030000	20.57094466058739
5030500	20.570477211182105
5031000	20.572463975589706
5031500	20.573632377960998
5032000	20.572262797602008
5032500	20.571386513904393
5033000	20.573781215758746
5033500	20.574467824160187
5034000	20.574325014817994
5034500	20.574109876275763
5035000	20.57659925779398
5035500	20.57875185431898
5036000	20.57803184773237
5036500	20.578789958815456
5037000	20.5791393799254
5037500	20.578095129164556
5038000	20.577879800348004
5038500	20.58003095785566
5039000	20.57973145153386
5039500	20.579263935450413
5040000	20.57961310131389
5040500	20.58077869906551
5041000	20.579578807287394
5041500	20.578295155839278
5042000	20.578152165927957
5042500	20.57800920635957
5043000	20.577458237103897
5043500	20.580339292854287
5044000	20.580531984334204
5044500	20.581132568062593
5045000	20.580581478822683
5045500	20.581265880606388
5046000	20.58203410152156
5046500	20.58042759335
5047000	20.582083284065288
5047500	20.581688314865097
5048000	20.583019783212194
5048500	20.58248074022745
5049000	20.58249340761904
5049500	20.582266306961277
5050000	20.58188337883542
5050500	20.581176940346246
5051000	20.58186055228271
5051500	20.582544047255322
5052000	20.58240088635077
5052500	20.583479617312964
5053000	20.583671690782694
5053500	20.58352845362924
5054000	20.584858182884226
5054500	20.584319616967743
5055000	20.58663084188243
5055500	20.5855894361066
5056000	20.586427667273117
5056500	20.58555405427404
5057000	20.584524981891285
5057500	20.583244833437092
5058000	20.583592364151222
5058500	20.582719384247376
5059000	20.581356090774857
5059500	20.579993085636428
5060000	20.580663790053315
5060500	20.5815854323056
5061000	20.580713103655786
5061500	20.580331188024214
5062000	20.580929731487693
5062500	20.58120533645521
5063000	20.58065617480653
5063500	20.580608976964218
5064000	20.57958175183075
5064500	20.578554710356933
5065000	20.577444244450856
5065500	20.576895732190376
5066000	20.577577732099478
5066500	20.578331458095544
5067000	20.579085031029663
5067500	20.57822576715021
5068000	20.579874928936896
5068500	20.5796607141407
5069000	20.578467434816854
5069500	20.579387729418784
5070000	20.57876769325069
5070500	20.579676027583517
5071000	20.579127858606768
5071500	20.579069106845758
5072000	20.57860461341827
5072500	20.579035130781932
5073000	20.57946556431362
5073500	20.579573756926248
5074000	20.57935980012006
5074500	20.578728581567475
5075000	20.57939748825025
5075500	20.579183612234058
5076000	20.57993577892381
5076500	20.57801687267656
5077000	20.577469527395955
5077500	20.57764951930092
5078000	20.578163057706885
5078500	20.57769925275153
5079000	20.578129305175125
5079500	20.577510554335586
5080000	20.576153360016853
5080500	20.576988512079332
5081000	20.576120019603632
5081500	20.576311686207806
5082000	20.577551541068846
5082500	20.57821958577126
5083000	20.577029746264003
5083500	20.576244974960833
5084000	20.57707954678854
5084500	20.57759248765482
5085000	20.57947435305926
5085500	20.578118424034447
5086000	20.576846040859927
5086500	20.576787693901167
5087000	20.57689584723992
5087500	20.57764653533433
5088000	20.57880154508868
5088500	20.577767711981622
5089000	20.576900524491784
5089500	20.577734108066362
5090000	20.577592515474837
5090500	20.57680879362551
5091000	20.57707155186004
5091500	20.576371205690958
5092000	20.57656244948107
5092500	20.575862277989938
5093000	20.57613667587968
5093500	20.57631624667176
5094000	20.575129177827066
5094500	20.57410856032543
5095000	20.573967484600626
5095500	20.573101777059772
5096000	20.572236244321047
5096500	20.573639091125674
5097000	20.57374732506965
5097500	20.57425926449274
5098000	20.575412364059133
5098500	20.576161586805682
5099000	20.574975682798758
5099500	20.57500070624034
5100000	20.576473768950475
5100500	20.576178179470624
5101000	20.575799632056288
5101500	20.57654837447406
5102000	20.576252863919457
5102500	20.575708443239844
5103000	20.57774981650414
5103500	20.57680210332758
5104000	20.57634075633132
5104500	20.576923076923077
5105000	20.576461814443796
5105500	20.57761296303761
5106000	20.577151723998952
5106500	20.577982501742976
5107000	20.577675516889837
5107500	20.578268980494705
5108000	20.578293642959878
5108500	20.578235403121198
5109000	20.578414194509897
5109500	20.579966974102863
5110000	20.580228418627875
5110500	20.580170008174246
5111000	20.579791838624605
5111500	20.580301785915584
5112000	20.58250473008333
5112500	20.582528961414297
5113000	20.583121357503945
5113500	20.583062688897744
5114000	20.581879640248687
5114500	20.579892085028305
5115000	20.579431431399215
5115500	20.57784679255606
5116000	20.577634754625905
5116500	20.578215559854723
5117000	20.57783801392313
5117500	20.578666934754196
5118000	20.580217129071173
5118500	20.578787184342673
5119000	20.5806563136927
5119500	20.580597962842372
5120000	20.582880156270726
5120500	20.58218324746204
5121000	20.58260932464255
5121500	20.582314390301725
5122000	20.581936816222232
5122500	20.580590473206144
5123000	20.580532167877113
5123500	20.582328510720338
5124000	20.581951082372786
5124500	20.57971945690455
5125000	20.580074446768954
5125500	20.580901867414006
5126000	20.580524720476944
5126500	20.580631693883777
5127000	20.5802546441244
5127500	20.578909768098956
5128000	20.580303395136045
5128500	20.581295495220743
5129000	20.580434704105095
5129500	20.580293918227667
5130000	20.58184035494508
5130500	20.582666805721576
5131000	20.58164112477891
5131500	20.582302340037295
5132000	20.58152450687508
5132500	20.58218560173212
5133000	20.58309411934506
5133500	20.58463919054892
5134000	20.585063953791334
5134500	20.58436873747495
5135000	20.583826935870412
5135500	20.583603483027655
5136000	20.582425463884892
5136500	20.58108275942196
5137000	20.580706413969644
5137500	20.58289838933863
5138000	20.58236872671927
5138500	20.582793339046994
5139000	20.584018773176144
5139500	20.583395062964225
5140000	20.583489808746343
5140500	20.581983258673905
5141000	20.580724184032086
5141500	20.58123106356239
5142000	20.579242670423167
5142500	20.579184723672785
5143000	20.57992701898147
5143500	20.580586827976347
5144000	20.580681809090255
5144500	20.579741448273655
5145000	20.5800011198477
5145500	20.580742944665058
5146000	20.581402323210106
5146500	20.581426498046852
5147000	20.58153295060208
5147500	20.58147483380437
5148000	20.581581261491728
5148500	20.580406388387075
5149000	20.58242882491168
5149500	20.58476821456686
5150000	20.583428893355016
5150500	20.58345285513957
5151000	20.583876289812924
5151500	20.583817984278134
5152000	20.582960894970384
5152500	20.582749931109948
5153000	20.582128053796332
5153500	20.581905587076218
5154000	20.582082401788565
5154500	20.581225923634257
5155000	20.580451764067234
5155500	20.579043787492367
5156000	20.578586935700148
5156500	20.577649021157054
5157000	20.578072506443863
5157500	20.577780082904777
5158000	20.57755828240438
5158500	20.57718388512166
5159000	20.57624657993188
5159500	20.57540299745559
5160000	20.57494686387182
5160500	20.57656651847126
5161000	20.57619239371818
5161500	20.57502102908991
5162000	20.57520977418133
5162500	20.575961097714092
5163000	20.575985715936852
5163500	20.576490842140498
5164000	20.576351421353372
5164500	20.57709087866509
5165000	20.57663500764916
5165500	20.575862838203896
5166000	20.57405976403483
5166500	20.57376820656611
5167000	20.57626443647949
5167500	20.576769152964882
5168000	20.576395497457664
5168500	20.57545994195236
5169000	20.575402670403424
5169500	20.575427311302356
5170000	20.57489014837929
5170500	20.575312808430706
5171000	20.574225511848624
5171500	20.573454454299117
5172000	20.572683544001624
5172500	20.571912780913962
5173000	20.57233552513813
5173500	20.57275818865223
5174000	20.573180771479365
5174500	20.57320560082398
5175000	20.571955719557195
5175500	20.57126726067647
5176000	20.57145583283307
5176500	20.57083797106058
5177000	20.57181014917305
5177500	20.57223253355378
5178000	20.572339191047316
5178500	20.571008503536518
5179000	20.57349920336296
5179500	20.57431855292066
5180000	20.57379393631221
5180500	20.574063849310225
5181000	20.57313077152219
5181500	20.57203448727775
5182000	20.571498913945575
5182500	20.572948720493937
5183000	20.572261174060458
5183500	20.57451597664143
5184000	20.57295284670316
5184500	20.573374558935015
5185000	20.574986804036975
5185500	20.574614575686027
5186000	20.574008896225255
5186500	20.5729951913158
5187000	20.57254164534314
5187500	20.573756510494142
5188000	20.575134363286594
5188500	20.57563715108393
5189000	20.57701459390863
5189500	20.57870673280911
5190000	20.57864936877498
5190500	20.57779909845262
5191000	20.578616252472674
5191500	20.57736976875084
5192000	20.577953579808486
5192500	20.577185250943216
5193000	20.57569465358462
5193500	20.57548597738313
5194000	20.575347458835836
5194500	20.575127460573384
5195000	20.574918895794465
5195500	20.575176549336778
5196000	20.575049504950496
5196500	20.574596574596573
5197000	20.57413236720714
5197500	20.57313215375905
5198000	20.572050673000792
5198500	20.572634212380553
5199000	20.573136218805043
5199500	20.573323781894747
5200000	20.573034152518897
5200500	20.572500356130995
5201000	20.57165240305293
5201500	20.57278273185476
5202000	20.574075612467315
5202500	20.57330912571743
5203000	20.573333807947414
5203500	20.572881650860943
5204000	20.572429583173513
5204500	20.57507077672513
5205000	20.574781264455524
5205500	20.574805795497223
5206000	20.574667662788908
5206500	20.577377611598145
5207000	20.577006679049916
5207500	20.577030989433084
5208000	20.576811376594843
5208500	20.578264889254136
5209000	20.577347771636713
5209500	20.575943116729214
5210000	20.57398125436944
5210500	20.57384332852827
5211000	20.57426282139881
5211500	20.57547195887117
5212000	20.57620480262794
5212500	20.575753149390255
5213000	20.57656704575509
5213500	20.576591369286092
5214000	20.575269262798123
5214500	20.57450444157679
5215000	20.5744477677902
5215500	20.575806954346564
5216000	20.574891310351358
5216500	20.57546124078406
5217000	20.577063405975743
5217500	20.57882759409498
5218000	20.577193065480415
5218500	20.57618523732349
5219000	20.576371830408366
5219500	20.577335520090834
5220000	20.578299004631912
5220500	20.578091187518968
5221000	20.578428358597208
5221500	20.579159556566186
5222000	20.5800528037199
5222500	20.579903152469846
5223000	20.58119011598588
5223500	20.58073894323003
5224000	20.580044667299518
5224500	20.58187575570198
5225000	20.581980577018502
5225500	20.581680146798238
5226000	20.581310192221373
5226500	20.580384560873057
5227000	20.580327442929743
5227500	20.579957725356522
5228000	20.57958807763001
5228500	20.579531054458446
5229000	20.579786564251087
5229500	20.578780665342016
5230000	20.57809881264311
5230500	20.577729522191014
5231000	20.57624985249577
5231500	20.578553027472417
5232000	20.57802195209237
5232500	20.57891342645023
5233000	20.577977863840996
5233500	20.579412724434956
5234000	20.57989928809815
5234500	20.578744010722723
5235000	20.578999288631067
5235500	20.58074556129306
5236000	20.58060764189051
5236500	20.580862650185843
5237000	20.580574445767084
5237500	20.57988207519376
5238000	20.58006763789765
5238500	20.581581675935524
5239000	20.580508091847673
5239500	20.580693549463795
5240000	20.58102918888357
5240500	20.582784993011604
5241000	20.582808598841133
5241500	20.582358875320402
5242000	20.583167504641242
5242500	20.584206870297912
5243000	20.583999466308782
5243500	20.58465764175005
5244000	20.585858110281944
5244500	20.585719890153
5245000	20.58723153868785
5245500	20.58756618944891
5246000	20.589631058974874
5246500	20.590207651130417
5247000	20.591326170496433
5247500	20.59103758973977
5248000	20.59145244190742
5248500	20.590218430997446
5249000	20.591889931991457
5249500	20.591670520729632
5250000	20.59004495095369
5250500	20.59005627047446
5251000	20.590701428560234
5251500	20.59095467937065
5252000	20.590585728164466
5252500	20.590378152247997
5253000	20.589778940606934
5253500	20.589790283733773
5254000	20.59146016728799
5254500	20.590457918126823
5255000	20.590872253043038
5255500	20.591839211403023
5256000	20.592725393793256
5256500	20.592195389252023
5257000	20.59197626772387
5257500	20.591757192499138
5258000	20.59145759316357
5258500	20.59125018584161
5259000	20.591514582477554
5259500	20.59067438585511
5260000	20.590777703461196
5260500	20.59127210719398
5261000	20.591605366996333
5261500	20.590535478270393
5262000	20.590397247419457
5262500	20.589557636296107
5263000	20.58989093467808
5263500	20.589994254064177
5264000	20.58939633776944
5264500	20.592235362164782
5265000	20.591556891141497
5265500	20.592200119565344
5266000	20.5916826855455
5266500	20.5911537890567
5267000	20.59000460941101
5267500	20.589407077572062
5268000	20.58982049960163
5268500	20.59062436540294
5269000	20.591359220268032
5269500	20.5920135567278
5270000	20.590784511232403
5270500	20.591507618315184
5271000	20.592540546870424
5271500	20.593814400799353
5272000	20.594617378001185
5272500	20.594398635755233
5273000	20.593101295458094
5273500	20.59382376465539
5274000	20.59430506411582
5274500	20.593076869065914
5275000	20.59465953148037
5275500	20.59452123178684
5276000	20.593373681911775
5276500	20.593006207692547
5277000	20.592558513106233
5277500	20.59156049713849
5278000	20.591193301420486
5278500	20.590894917368257
5279000	20.59028711509157
5279500	20.590619300734183
5280000	20.591501548892396
5280500	20.59137522598342
5281000	20.59147807183291
5281500	20.59158089925283
5282000	20.59121397910613
5282500	20.59256547275928
5283000	20.593206477291314
5283500	20.593217368955973
5284000	20.595347026185145
5284500	20.596308308058884
5285000	20.596799937711683
5285500	20.596822035547735
5286000	20.596145836982373
5286500	20.595389603060624
5287000	20.59641899543521
5287500	20.597299505817347
5288000	20.598568943983377
5288500	20.598899773574335
5289000	20.600706438863472
5289500	20.60205534334814
5290000	20.602626133764797
5290500	20.60233888562639
5291000	20.602977947324007
5291500	20.602839223432344
5292000	20.60394700009331
5292500	20.604357156185856
5293000	20.603372542312268
5293500	20.603702595237078
5294000	20.603015075376884
5294500	20.603505226751643
5295000	20.604772433194874
5295500	20.60354808880324
5296000	20.603729603729604
5296500	20.60336254583877
5297000	20.60260712842982
5297500	20.603565463937546
5298000	20.603746912525438
5298500	20.602991658770716
5299000	20.601459967383708
5299500	20.60062508493002
5300000	20.60064676674858
5300500	20.60136483265661
5301000	20.601466404281993
5301500	20.60148800167662
5302000	20.600413676951675
5302500	20.599499447063614
5303000	20.600765118065635
5303500	20.60001086273384
5304000	20.59964466650633
5304500	20.599826227269908
5305000	20.60000775704922
5305500	20.598398324639817
5306000	20.599207364837092
5306500	20.59930902647181
5307000	20.599399050111465
5307500	20.59948905420755
5308000	20.59949918986596
5308500	20.59890544332646
5309000	20.5986079245985
5309500	20.59854993276679
5310000	20.59934671672847
5310500	20.600302979818135
5311000	20.601179269039154
5311500	20.600813480534573
5312000	20.600140216056676
5312500	20.6010960707992
5313000	20.600491050336533
5313500	20.60252860655579
5314000	20.602857474735742
5314500	20.60334581270108
5315000	20.60398189835049
5315500	20.60268245950183
5316000	20.60278362645529
5316500	20.603271785782013
5317000	20.603133694764665
5317500	20.603155072144126
5318000	20.603802493209834
5318500	20.60343693662326
5319000	20.603606008208487
5319500	20.60486740724696
5320000	20.60542304970162
5320500	20.604818438454696
5321000	20.605612998522897
5321500	20.60494051508485
5322000	20.605575594499406
5322500	20.606904016390274
5323000	20.607072592833095
5323500	20.608025848441866
5324000	20.607580652641015
5324500	20.60752195804304
5325000	20.608008902214735
5325500	20.60695037379025
5326000	20.6070509700299
5326500	20.6086966598553
5327000	20.609489967362546
5327500	20.608738302777983
5328000	20.60829336484472
5328500	20.607995922496546
5329000	20.609708542946382
5329500	20.60950233755805
5330000	20.60891014580028
5330500	20.610315772409187
5331000	20.61118787195776
5331500	20.610822534211156
5332000	20.610230447466314
5332500	20.610012539789718
5333000	20.610737089835837
5333500	20.611143473279352
5334000	20.612094537515286
5334500	20.61111689674192
5335000	20.610831282830542
5335500	20.61115803031881
5336000	20.61087246562348
5336500	20.610360316940103
5337000	20.609836495348542
5337500	20.61117257703265
5338000	20.611499144271242
5338500	20.61282303289588
5339000	20.61300230848977
5339500	20.612943252845835
5340000	20.613122485781663
5340500	20.61406043513606
5341000	20.613854291470993
5341500	20.61557425990485
5342000	20.61551498343733
5342500	20.616769949507592
5343000	20.61609914274491
5343500	20.61642490498323
5344000	20.61644494927132
5344500	20.61669124242996
5345000	20.617096221584895
5345500	20.615961414840505
5346000	20.615199870678705
5346500	20.61382747407108
5347000	20.614153230461383
5347500	20.615553913873242
5348000	20.616343490304708
5348500	20.616058135822087
5349000	20.615467466774373
5349500	20.615182239180267
5350000	20.614512462934258
5350500	20.614611935362298
5351000	20.61339926708939
5351500	20.61265057693121
5352000	20.612286482101595
5352500	20.612306876150864
5353000	20.613864811362458
5353500	20.612268429548774
5354000	20.61352098169506
5354500	20.61385811400222
5355000	20.613878354025214
5355500	20.615130441464633
5356000	20.617986377100006
5356500	20.6165370210314
5357000	20.615325523333976
5357500	20.61611374407583
5358000	20.615286541038945
5358500	20.61500180476304
5359000	20.614558816189092
5359500	20.614036771565576
5360000	20.613435700575817
5360500	20.61184147394684
5361000	20.611636288270446
5361500	20.611272935207676
5362000	20.614667915086955
5362500	20.61614374896881
5363000	20.614470912767075
5363500	20.614558358108756
5364000	20.61488300728807
5364500	20.614056956563427
5365000	20.615227671055305
5365500	20.61540585417857
5366000	20.61442188973842
5366500	20.61460010735373
5367000	20.61615371639754
5367500	20.616940368308875
5368000	20.617118325731152
5368500	20.616992001103824
5369000	20.61715809885873
5369500	20.61717797993578
5370000	20.617885182020558
5370500	20.616518654171806
5371000	20.615918572178316
5371500	20.61540936635742
5372000	20.61527147934796
5372500	20.61482959484974
5373000	20.615232617361766
5373500	20.613799969367438
5374000	20.613279425390335
5374500	20.613907477451264
5375000	20.614997109904035
5375500	20.615321018747466
5376000	20.61433891208585
5376500	20.614741708219643
5377000	20.613996487294184
5377500	20.612789923554303
5378000	20.61126817679262
5378500	20.610827187318296
5379000	20.6102402864159
5379500	20.610643229226426
5380000	20.611124921123583
5380500	20.6105381500304
5381000	20.61078334282863
5381500	20.610185043584647
5382000	20.611498277819617
5382500	20.610900028285947
5383000	20.61130263952484
5383500	20.61047989207492
5384000	20.610421570725443
5384500	20.610520765271616
5385000	20.611002009673943
5385500	20.610640362472207
5386000	20.610121321394736
5386500	20.61060246670257
5387000	20.61000481220926
5387500	20.610261404212256
5388000	20.610281847723567
5388500	20.609381264198852
5389000	20.610086664375977
5389500	20.608119715218262
5390000	20.607915962088274
5390500	20.60762199194672
5391000	20.608102950829682
5391500	20.607663335279504
5392000	20.609288908560874
5392500	20.60991522384415
5393000	20.610092933115627
5393500	20.609653288778517
5394000	20.61005519256369
5394500	20.609772841690948
5395000	20.60818927545849
5395500	20.60767139376237
5396000	20.606929473712306
5396500	20.606411815613598
5397000	20.606499571142667
5397500	20.60613915052087
5398000	20.6056332659984
5398500	20.605575563558755
5399000	20.60483425361731
5399500	20.607298402307567
5400000	20.60892160448671
5400500	20.60931148640154
5401000	20.611539018276844
5401500	20.611783167773783
5402000	20.612172614853776
5402500	20.611655032958996
5403000	20.611216035091996
5403500	20.61191932959958
5404000	20.6115588583524
5404500	20.612721119769166
5405000	20.61396163215591
5405500	20.61482132730463
5406000	20.61514339645619
5406500	20.614861239540165
5407000	20.616560063619378
5407500	20.618101713229112
5408000	20.617282071961714
5408500	20.618599838712132
5409000	20.61732151686889
5409500	20.61696091034252
5410000	20.619117339468733
5410500	20.61921529557606
5411000	20.620834141315054
5411500	20.622374299021008
5412000	20.62139805057555
5412500	20.62209923330432
5413000	20.62181679969593
5413500	20.621836092488714
5414000	20.620938628158843
5414500	20.619962990686876
5415000	20.621043913040175
5415500	20.620068457502782
5416000	20.62092595687782
5416500	20.62002901875584
5417000	20.619288877410728
5417500	20.619464993695978
5418000	20.619104758722298
5418500	20.618521471693814
5419000	20.619143798690946
5419500	20.61894023946731
5420000	20.619038038877775
5420500	20.619437116884594
5421000	20.61983612219106
5421500	20.61955432769665
5422000	20.618658409792896
5422500	20.618756189269277
5423000	20.620058576262956
5423500	20.61909639239786
5424000	20.62207218313198
5424500	20.62071895077789
5425000	20.62066010080133
5425500	20.62067945591955
5426000	20.62068704026693
5426500	20.62032726224959
5427000	20.6202802292785
5427500	20.619385163564687
5428000	20.61886929759396
5428500	20.61813082695369
5429000	20.61837308534746
5429500	20.618693423161595
5430000	20.618857458948693
5430500	20.61826378497149
5431000	20.618127133121963
5431500	20.61836927167569
5432000	20.619747541120194
5432500	20.61855279700683
5433000	20.619641937535974
5433500	20.61882603279657
5434000	20.617709749107473
5434500	20.618943064809205
5435000	20.61918496816637
5435500	20.618892261575844
5436000	20.617175555185515
5436500	20.617573601755844
5437000	20.61782723691828
5437500	20.61806913929635
5438000	20.617554372704127
5438500	20.617729946473492
5439000	20.61721530669753
5439500	20.61633421834933
5440000	20.61597573612277
5440500	20.614938986345194
5441000	20.616093136161346
5441500	20.617325025709274
5442000	20.616510598402396
5442500	20.616530268952353
5443000	20.615949835013435
5443500	20.615213669399186
5444000	20.61658925919348
5444500	20.61660891547417
5445000	20.616094941945917
5445500	20.61498124227873
5446000	20.615456681550654
5446500	20.614565233814307
5447000	20.614285228676213
5447500	20.61573787331752
5448000	20.615601894159674
5448500	20.614944286485652
5449000	20.61436462419627
5449500	20.613707235674752
5450000	20.614404300377114
5450500	20.61442413307616
5451000	20.613533516759322
5451500	20.613242258995793
5452000	20.613483968589982
5452500	20.613803407838933
5453000	20.614577831434392
5453500	20.61459763697545
5454000	20.61598234661738
5454500	20.61546933402733
5455000	20.615943942011057
5455500	20.61483230132213
5456000	20.61515141231434
5456500	20.615625919027547
5457000	20.61602262016965
5457500	20.615366056854636
5458000	20.614177264811644
5458500	20.61352098024657
5459000	20.612631761429373
5459500	20.611587376354215
5460000	20.612061884415105
5460500	20.612602430064992
5461000	20.61299910717313
5461500	20.613993784725494
5462000	20.612949759513075
5462500	20.61190595448366
5463000	20.612003584958238
5463500	20.61073876044883
5464000	20.60931899641577
5464500	20.608520186124956
5465000	20.60808648876542
5465500	20.608328095182532
5466000	20.60879088620172
5466500	20.608578503315343
5467000	20.607923779994504
5467500	20.606582789031695
5468000	20.6072006320304
5468500	20.606158637967482
5469000	20.60715252911263
5469500	20.607095442082972
5470000	20.607934054611025
5470500	20.6087064424064
5471000	20.6096222101907
5471500	20.609642395260007
5472000	20.61116624563936
5472500	20.610202110185195
5473000	20.609989852294508
5473500	20.609866549413546
5474000	20.608902817547104
5474500	20.608834182484934
5475000	20.6094509606498
5475500	20.6104547418246
5476000	20.610408880040566
5476500	20.61020819795896
5477000	20.609477167140515
5477500	20.609497343072274
5478000	20.609749686450925
5478500	20.610675557958608
5479000	20.61205410945789
5479500	20.6107156800913
5480000	20.610956374201393
5480500	20.610666966933152
5481000	20.61023437353399
5481500	20.610099781973197
5482000	20.611179695385758
5482500	20.610824500515896
5483000	20.611594866234725
5483500	20.611085060489543
5484000	20.610289015172828
5484500	20.609624826065268
5485000	20.608674454799452
5485500	20.60966509294224
5486000	20.61006018110576
5486500	20.610598300852573
5487000	20.6114453879173
5487500	20.611542613806755
5488000	20.61073566397919
5488500	20.61136222237214
5489000	20.610698465758766
5489500	20.61064125575661
5490000	20.61089295884416
5490500	20.611816717245514
5491000	20.611075938697603
5491500	20.611767878815122
5492000	20.612393954716556
5492500	20.612931254026037
5493000	20.612124911529115
5493500	20.611924705776627
5494000	20.610975696511545
5494500	20.60934382101555
5495000	20.608615248698204
5495500	20.60864682762493
5496000	20.609569865105627
5496500	20.60980995366732
5497000	20.607958925537567
5497500	20.606702388792435
5498000	20.605820244393396
5498500	20.605466557924114
5499000	20.60638934610205
5499500	20.606035669399724
5500000	20.604702828653817
5500500	20.604349370781055
5501000	20.60489796834158
5501500	20.60633707495457
5502000	20.605829482405372
5502500	20.606366474139705
5503000	20.605858979295082
5503500	20.606176134197483
5504000	20.60470157342004
5504500	20.60487608000239
5505000	20.605940579260658
5505500	20.606708239768945
5506000	20.60643194452747
5506500	20.605254605157477
5507000	20.60572555582118
5507500	20.605075914617068
5508000	20.60397596345968
5508500	20.603095767126614
5509000	20.60370933232765
5509500	20.605003864348305
5510000	20.60398124365331
5510500	20.603628490368823
5511000	20.602968183107635
5511500	20.603658377280887
5512000	20.604579127092233
5512500	20.605795998178955
5513000	20.6045432157729
5513500	20.60672539165538
5514000	20.606668805539183
5514500	20.606392939342054
5515000	20.606040260946436
5515500	20.60441507196217
5516000	20.603908962420707
5516500	20.602810830160678
5517000	20.60283145849568
5517500	20.601733619163014
5518000	20.6010855626137
5518500	20.60043761718561
5519000	20.601883775452773
5519500	20.602123607523936
5520000	20.60251694672078
5520500	20.60201142465355
5521000	20.602404700604716
5521500	20.603016947510778
5522000	20.603191041540164
5522500	20.603891096964528
5523000	20.605028996249295
5523500	20.605268352271246
5524000	20.60379916062458
5524500	20.603677472687057
5525000	20.603697994623534
5525500	20.603499627699183
5526000	20.604187994416005
5526500	20.604810791897144
5527000	20.604240177468103
5527500	20.603888467092432
5528000	20.60360226257815
5528500	20.603546112485812
5529000	20.602822498130365
5529500	20.602854294090513
5530000	20.603246878859576
5530500	20.60289544555045
5531000	20.601800193409208
5531500	20.602269388544457
5532000	20.602147978460714
5532500	20.602092001978217
5533000	20.60152221036546
5533500	20.6016194873854
5534000	20.60334572490706
5534500	20.604634565202844
5535000	20.607333345722832
5535500	20.60758326953238
5536000	20.607013319062908
5536500	20.608596452764843
5537000	20.60883490564285
5537500	20.608035309590505
5538000	20.61020777377808
5538500	20.610009323611024
5539000	20.611001745719275
5539500	20.61080326237131
5540000	20.610233442515803
5540500	20.60936890770345
5541000	20.608493210703955
5541500	20.607923725509853
5542000	20.60764907226599
5542500	20.610049445409594
5543000	20.60999283627739
5543500	20.61024221145067
5544000	20.60996745306301
5544500	20.609168701434605
5545000	20.608741145870052
5545500	20.60935024653753
5546000	20.60997054393554
5546500	20.61005556750822
5547000	20.609486506134925
5547500	20.609059114561116
5548000	20.60796653476876
5548500	20.607833757912182
5549000	20.608966159071272
5549500	20.611287009780295
5550000	20.609659804935553
5550500	20.609156247799156
5551000	20.609023420271377
5551500	20.61023155148389
5552000	20.609663002957156
5552500	20.610282538212136
5553000	20.60976784510163
5553500	20.609264555517687
5554000	20.608696296406055
5554500	20.608857660353877
5555000	20.60731983733695
5555500	20.606305248695513
5556000	20.60617281664846
5556500	20.60611670616114
5557000	20.605320153273727
5557500	20.60549297182436
5558000	20.607222707552896
5558500	20.607612928060643
5559000	20.607034074885547
5559500	20.606684109050676
5560000	20.606551735621593
5560500	20.60538564567809
5561000	20.604513503514614
5561500	20.604011452838424
5562000	20.605141483262436
5562500	20.60479188087612
5563000	20.604964570481812
5563500	20.60580062791446
5564000	20.606049400976186
5564500	20.605330099384762
5565000	20.605132982853085
5565500	20.60507705786456
5566000	20.60465150663867
5566500	20.60467179183915
5567000	20.606985656896406
5567500	20.60640774546395
5568000	20.607905880266337
5568500	20.607263067277035
5569000	20.605881483670753
5569500	20.6051628346829
5570000	20.60474874780219
5570500	20.605366673438105
5571000	20.60494146323448
5571500	20.605624180653262
5572000	20.605427281152956
5572500	20.60609864609909
5573000	20.605152210991086
5573500	20.605248489278214
5574000	20.604085308686635
5574500	20.604474692374126
5575000	20.6042668457743
5575500	20.606653259285228
5576000	20.607335252010923
5576500	20.606693402891793
5577000	20.60663744890581
5577500	20.608068228767042
5578000	20.60698161645372
5578500	20.60632883381279
5579000	20.60685850416902
5579500	20.607171302988288
5580000	20.60756002595717
5580500	20.606766676129347
5581000	20.607524007888962
5581500	20.60621028264748
5582000	20.606447047376143
5582500	20.60625046067664
5583000	20.6074408183721
5583500	20.607320119827996
5584000	20.606895738613336
5584500	20.607869142351902
5585000	20.608116819727325
5585500	20.60901402640264
5586000	20.609922286471953
5586500	20.608837199024798
5587000	20.610774165276535
5587500	20.611530261689882
5588000	20.611473973329016
5588500	20.611797103370076
5589000	20.610788186225605
5589500	20.610807846197453
5590000	20.61082750269602
5590500	20.610111106613033
5591000	20.60873469147433
5591500	20.60949044773483
5592000	20.607735213174585
5592500	20.60833928085291
5593000	20.608359144515646
5593500	20.60734016492934
5594000	20.608311879367413
5594500	20.607368889444594
5595000	20.608491970980065
5595500	20.607776450041364
5596000	20.606314613020395
5596500	20.606929510155318
5597000	20.607392813032995
5597500	20.608223588695598
5598000	20.609713519175287
5598500	20.609506030383432
5599000	20.6097529607596
5599500	20.608443252379026
5600000	20.609856904057754
5600500	20.612232153024976
5601000	20.613569494899778
5601500	20.612854293763107
5602000	20.612366318016218
5602500	20.611802724835666
5603000	20.611228000602193
5603500	20.610588926420913
5604000	20.61053288543789
5604500	20.611805129824123
5605000	20.61109051466243
5605500	20.613906302761585
5606000	20.61305156841228
5606500	20.61285528174829
5607000	20.613177256297817
5607500	20.61356356337992
5608000	20.614747933535607
5608500	20.61380661349846
5609000	20.61382593959313
5609500	20.614730046948356
5610000	20.61416699063309
5610500	20.61308611369854
5611000	20.61339659933043
5611500	20.612240408306935
5612000	20.611666538350143
5612500	20.611977066439874
5613000	20.612223203779934
5613500	20.612318203143325
5614000	20.613070630662328
5614500	20.61353200502787
5615000	20.612452043400037
5615500	20.61218059107597
5616000	20.61110093423704
5616500	20.610236797374128
5617000	20.609006527424707
5617500	20.6086599811007
5618000	20.608022735845946
5618500	20.6080425380759
5619000	20.60740545449219
5619500	20.6085237258348
5620000	20.607886711356322
5620500	20.609219933447793
5621000	20.60923962180583
5621500	20.608968728039354
5622000	20.60847161124571
5622500	20.609072412430287
5623000	20.607477661419573
5623500	20.606841140507175
5624000	20.606645959778884
5624500	20.605858854860188
5625000	20.60441570222541
5625500	20.604145407463488
5626000	20.603799806169658
5626500	20.603454265538893
5627000	20.602882780105748
5627500	20.601580180832354
5628000	20.60131024801123
5628500	20.599868401813133
5629000	20.59879232703667
5629500	20.598673269859834
5630000	20.598908749374157
5630500	20.599079856606725
5631000	20.599616333241986
5631500	20.59993788706407
5632000	20.599378189882252
5632500	20.599538254719736
5633000	20.60146036593161
5633500	20.60206068087935
5634000	20.601275299651594
5634500	20.600264382171
5635000	20.599264611912997
5635500	20.598114599078478
5636000	20.59938083207991
5636500	20.598735507987033
5637000	20.598895503538696
5637500	20.597821128122774
5638000	20.59834611819489
5638500	20.59748657169547
5639000	20.597721783168048
5639500	20.59716303776779
5640000	20.598278126368015
5640500	20.597644295130642
5641000	20.59780428201481
5641500	20.597824897700168
5642000	20.597116163052753
5642500	20.59683641693954
5643000	20.596278092960173
5643500	20.596663409796857
5644000	20.596619907258887
5644500	20.595986658647274
5645000	20.596875660623557
5645500	20.595652871116812
5646000	20.5952341908
5646500	20.59525501299023
5647000	20.59571522261896
5647500	20.596539676409833
5648000	20.595617566164552
5648500	20.596077631425576
5649000	20.595959191255478
5649500	20.59510152053173
5650000	20.593954843408593
5650500	20.59411492679161
5651000	20.59369675079737
5651500	20.5925505229779
5652000	20.59199341825052
5652500	20.591725453367403
5653000	20.591532481146086
5653500	20.59293442855635
5654000	20.59163888848455
5654500	20.591082097970293
5655000	20.590364821155045
5655500	20.59058927960768
5656000	20.58987221132965
5656500	20.590043247529362
5657000	20.590642105071737
5657500	20.58986108080588
5658000	20.590684465260377
5658500	20.590053304051253
5659000	20.588695105235793
5659500	20.588427757096323
5660000	20.58888747523583
5660500	20.589197441116603
5661000	20.59000974021254
5661500	20.588791092181673
5662000	20.58699554502576
5662500	20.586653683208464
5663000	20.584997584005755
5663500	20.585521440299917
5664000	20.585617819171155
5664500	20.585927852275866
5665000	20.585735765182715
5665500	20.585970977441427
5666000	20.585554671982628
5666500	20.585213182727532
5667000	20.585160067672067
5667500	20.584455657603367
5668000	20.583676654748725
5668500	20.5840613533005
5669000	20.58532124075909
5669500	20.58650621997068
5670000	20.58769100138976
5670500	20.58908900918683
5671000	20.5891849728808
5671500	20.58826730320652
5672000	20.588651376046954
5672500	20.586859142924503
5673000	20.587541934898905
5673500	20.588288624800093
5674000	20.587584716415314
5674500	20.586806285759867
5675000	20.586678461627706
5675500	20.58641203275729
5676000	20.585410058903488
5676500	20.58478133223148
5677000	20.585165372822754
5677500	20.584174382576236
5678000	20.58310897238458
5678500	20.584281713207027
5679000	20.585177107373042
5679500	20.58519868281391
5680000	20.585007154112255
5680500	20.584954181607447
5681000	20.585050323599397
5681500	20.584635218622573
5682000	20.584582293790262
5682500	20.58337919647771
5683000	20.582240260092902
5683500	20.582198103747253
5684000	20.581570450168687
5684500	20.582891145874807
5685000	20.582263545915506
5685500	20.58170000868533
5686000	20.582158197364944
5686500	20.58145635459068
5687000	20.58140376266281
5687500	20.581415119253048
5688000	20.581724265158037
5688500	20.581171602598417
5689000	20.580831826401447
5689500	20.58013047692063
5690000	20.581747702009793
5690500	20.581120805296326
5691000	20.58099387190658
5691500	20.5809413636035
5692000	20.58009152490909
5692500	20.580761988065248
5693000	20.580422486853756
5693500	20.579934302058753
5694000	20.579020968913397
5694500	20.578756061076867
5695000	20.577981220487658
5695500	20.57851329236705
5696000	20.57882227150897
5696500	20.579056865464633
5697000	20.57965256961248
5697500	20.580545444039984
5698000	20.58208604907289
5698500	20.581672443674176
5699000	20.580462550453813
5699500	20.579762463448972
5700000	20.579211065869647
5700500	20.580093048773005
5701000	20.579393178217355
5701500	20.58072059587736
5702000	20.58038162870587
5702500	20.57989421043896
5703000	20.579343088867724
5703500	20.578495104652923
5704000	20.577721506202497
5704500	20.579260595130748
5705000	20.578985711091395
5705500	20.57885930242622
5706000	20.5796766993477
5706500	20.579836598714998
5707000	20.579858532399832
5707500	20.579806274625724
5708000	20.57997657024421
5708500	20.57854635362979
5709000	20.579002944388183
5709500	20.57845253496409
5710000	20.57695910984275
5710500	20.57857075944168
5711000	20.579239185649797
5711500	20.578254573225646
5712000	20.577990540925086
5712500	20.578521029106142
5713000	20.57710245873595
5713500	20.57705050272248
5714000	20.57649028680482
5714500	20.57637468675289
5715000	20.57582499873991
5715500	20.576059096276246
5716000	20.576875312717103
5716500	20.57625166468704
5717000	20.57569181269502
5717500	20.57550228696663
5718000	20.57552455353127
5718500	20.575187009538475
5719000	20.576648402056477
5719500	20.576099117540192
5720000	20.575338227940993
5720500	20.574926803300507
5721000	20.574515452645812
5721500	20.57395619807962
5722000	20.573333381278925
5722500	20.572636696066763
5723000	20.57194013108459
5723500	20.571529230747107
5724000	20.571837334780778
5724500	20.571785950484518
5725000	20.57107944437456
5725500	20.570520929162832
5726000	20.57090292350591
5726500	20.5695622648831
5727000	20.569585008424855
5727500	20.5698930911599
5728000	20.569841914128588
5728500	20.57008627439712
5729000	20.57046811139284
5729500	20.57034302459205
5730000	20.57014409801394
5730500	20.57131777935759
5731000	20.572058390596617
5731500	20.57222860425043
5732000	20.572029563475684
5732500	20.57169314922957
5733000	20.57236990858878
5733500	20.574039051593896
5734000	20.574494043347208
5734500	20.573862250096873
5735000	20.575319661897453
5735500	20.57605934939517
5736000	20.57600769062454
5736500	20.575966370278444
5737000	20.57663202140403
5737500	20.57665411511565
5738000	20.579977265637044
5738500	20.578554474331487
5739000	20.578576396606984
5739500	20.580243195962026
5740000	20.57897868618581
5740500	20.580508034136567
5741000	20.579886746469786
5741500	20.58055152394775
5742000	20.581711595174024
5742500	20.581153708348264
5743000	20.58160739172336
5743500	20.581270799972774
5744000	20.581503225598464
5744500	20.581661891117477
5745000	20.58254722049122
5745500	20.582789899836342
5746000	20.582095270834007
5746500	20.58204316629191
5747000	20.58178042711634
5747500	20.580654399656336
5748000	20.580823447713005
5748500	20.580423935686625
5749000	20.58172994330871
5749500	20.582825159609495
5750000	20.582993981120328
5750500	20.582447151097053
5751000	20.581174441777012
5751500	20.580985600572397
5752000	20.57935554029304
5752500	20.578293947013567
5753000	20.579241578358197
5753500	20.579484171828284
5754000	20.578937958161987
5754500	20.57974849198886
5755000	20.57869766211293
5755500	20.577930945724685
5756000	20.578026416915403
5756500	20.579057423194467
5757000	20.57979405909453
5757500	20.579742257356674
5758000	20.578975768209578
5758500	20.57963868164537
5759000	20.579870663474935
5759500	20.580249648106204
5760000	20.580775605852768
5760500	20.581511644520646
5761000	20.58166986324365
5761500	20.581691433550827
5762000	20.581145793531476
5762500	20.5805267517925
5763000	20.579330338972156
5763500	20.57935210241837
5764000	20.5798674201183
5764500	20.57960564828167
5765000	20.579700834109623
5765500	20.57986945085849
5766000	20.57975462312024
5766500	20.578128735517343
5767000	20.579724623667808
5767500	20.579882838978516
5768000	20.579904538352324
5768500	20.57885612778495
5769000	20.578227653063408
5769500	20.5778928523028
5770000	20.57769457074084
5770500	20.57657336423605
5771000	20.575945350437465
5771500	20.57433155080214
5772000	20.573640758010008
5772500	20.572520308395326
5773000	20.573548752713236
5773500	20.573361226839065
5774000	20.573247045742875
5774500	20.57341590826486
5775000	20.573364830630766
5775500	20.573030785619366
5776000	20.57326270265649
5776500	20.57321165231144
5777000	20.572594806184707
5777500	20.57325612040658
5778000	20.57262917987251
5778500	20.572441886964448
5779000	20.57240112229929
5779500	20.57328196985125
5780000	20.572948187598346
5780500	20.572038800391564
5781000	20.572343833422316
5781500	20.57307793603679
5782000	20.573100164413983
5782500	20.572975973582327
5783000	20.57264239560502
5783500	20.573020436044857
5784000	20.573743956798445
5784500	20.573473387661892
5785000	20.572637868791237
5785500	20.572377639786897
5786000	20.572117453351872
5786500	20.570999836430488
5787000	20.571304635361294
5787500	20.571326993156163
5788000	20.57170484075663
5788500	20.572364959974976
5789000	20.57324433260114
5789500	20.57320358536568
5790000	20.574082761169628
5790500	20.5746693483622
5791000	20.575475150744214
5791500	20.576918294186406
5792000	20.577368518281677
5792500	20.57667988121119
5793000	20.575845190989366
5793500	20.575010654922572
5794000	20.574103207889568
5794500	20.572840838878747
5795000	20.57500363948827
5795500	20.575171752676148
5796000	20.575548762953574
5796500	20.574505773811424
5797000	20.575874602453432
5797500	20.576324485094997
5798000	20.576920346947176
5798500	20.578507704209457
5799000	20.580449655094103
5799500	20.579688547798227
5800000	20.579637132538156
5800500	20.578803229605665
5801000	20.579398608790655
5801500	20.579628926824597
5802000	20.57986948503334
5802500	20.581090617652585
5803000	20.580684509879013
5803500	20.581342164325957
5804000	20.582145642771042
5804500	20.581176462246926
5805000	20.58289733010053
5805500	20.584836777372136
5806000	20.58407612836916
5806500	20.58338855832645
5807000	20.582273816104664
5807500	20.58108634801403
5808000	20.581389169368126
5808500	20.58155641444397
5809000	20.581994651175147
5809500	20.580599229976375
5810000	20.580266545777803
5810500	20.581069212680962
5811000	20.581090651558075
5811500	20.582601275391877
5812000	20.583965898147625
5812500	20.583914214809912
5813000	20.583446020092463
5813500	20.583821207852242
5814000	20.583415621692982
5814500	20.583436848605817
5815000	20.583177040942708
5815500	20.584395135466018
5816000	20.58413529578262
5816500	20.583386400622654
5817000	20.58291855483743
5817500	20.582440477243225
5818000	20.581827184946768
5818500	20.58106841611996
5819000	20.58073619328168
5819500	20.58168316831683
5820000	20.581995615585885
5820500	20.582235248779348
5821000	20.581903027946193
5821500	20.582132340724872
5822000	20.582933329563048
5822500	20.58132260789352
5823000	20.580845116214967
5823500	20.580804065204408
5824000	20.58004607578477
5824500	20.58196926925265
5825000	20.581419174326836
5825500	20.581087286728604
5826000	20.580693016848574
5826500	20.579156306509947
5827000	20.579323204712562
5827500	20.57962518936518
5828000	20.579937359420626
5828500	20.579325344424593
5829000	20.57998030015781
5829500	20.579295737357693
5830000	20.57910955640194
5830500	20.580044683982592
5831000	20.580419062139356
5831500	20.58064812102776
5832000	20.581167628222094
5832500	20.581967270956678
5833000	20.580857526910172
5833500	20.580951507411825
5834000	20.579489295956485
5834500	20.578525222740325
5835000	20.57925216373114
5835500	20.579626325107032
5836000	20.579512876300765
5836500	20.579254317609642
5837000	20.580613543653552
5837500	20.579867513246914
5838000	20.57968153472484
5838500	20.5811027063609
5839000	20.580481443625985
5839500	20.579870521192728
5840000	20.580026781309467
5840500	20.57976836044721
5841000	20.57886763203326
5841500	20.579023945155484
5842000	20.5788381669655
5842500	20.57935688849282
5843000	20.57902615127234
5843500	20.58060130939929
5844000	20.580405248367807
5844500	20.580778737878436
5845000	20.581649179635235
5845500	20.58216742594405
5846000	20.58261313431785
5846500	20.582499665594224
5847000	20.582945278044697
5847500	20.584229327608355
5848000	20.583826013513516
5848500	20.584343835992428
5849000	20.583164442943197
5849500	20.583040734043077
5850000	20.58243068772273
5850500	20.582027704884588
5851000	20.582183469394217
5851500	20.58227705639886
5852000	20.582784437981566
5852500	20.58287795992714
5853000	20.582692226550964
5853500	20.5820825730328
5854000	20.582310610188678
5854500	20.582052616037906
5855000	20.581856781826556
5855500	20.580958071205146
5856000	20.580772582867105
5856500	20.582695537891727
5857000	20.583905186559427
5857500	20.583647197706448
5858000	20.583885190324793
5858500	20.583771858950488
5859000	20.58343139148914
5859500	20.58373138522057
5860000	20.5831223243416
5860500	20.583639141046124
5861000	20.584641314652902
5861500	20.584806819937363
5862000	20.58560219074201
5862500	20.585127483228664
5863000	20.586758960570332
5863500	20.5866352184702
5864000	20.585954088096667
5864500	20.585479518393615
5865000	20.584592171517798
5865500	20.5849639835935
5866000	20.584644315646184
5866500	20.584799424672433
5867000	20.58572826670315
5867500	20.586316476208516
5868000	20.58654358744143
5868500	20.586492163855898
5869000	20.58700797755764
5869500	20.58632744154082
5870000	20.586276049701286
5870500	20.585451358457494
5871000	20.585338152143052

