Contact	NrofDelivered
500	0
1000	0
1500	2
2000	3
2500	4
3000	8
3500	12
4000	17
4500	18
5000	24
5500	27
6000	29
6500	34
7000	38
7500	41
8000	44
8500	47
9000	54
9500	59
10000	64
10500	70
11000	74
11500	76
12000	83
12500	91
13000	95
13500	98
14000	103
14500	108
15000	113
15500	117
16000	119
16500	123
17000	128
17500	133
18000	140
18500	143
19000	152
19500	158
20000	163
20500	164
21000	166
21500	175
22000	182
22500	185
23000	191
23500	195
24000	197
24500	200
25000	207
25500	217
26000	221
26500	226
27000	228
27500	236
28000	243
28500	246
29000	252
29500	259
30000	265
30500	267
31000	272
31500	278
32000	283
32500	288
33000	293
33500	297
34000	302
34500	308
35000	316
35500	319
36000	323
36500	333
37000	336
37500	342
38000	348
38500	357
39000	360
39500	364
40000	370
40500	375
41000	379
41500	385
42000	392
42500	396
43000	406
43500	410
44000	415
44500	420
45000	427
45500	431
46000	439
46500	445
47000	452
47500	459
48000	461
48500	467
49000	477
49500	484
50000	489
50500	490
51000	496
51500	501
52000	505
52500	509
53000	514
53500	523
54000	529
54500	535
55000	538
55500	544
56000	545
56500	553
57000	559
57500	567
58000	575
58500	578
59000	586
59500	589
60000	591
60500	595
61000	599
61500	607
62000	614
62500	624
63000	629
63500	632
64000	636
64500	639
65000	644
65500	650
66000	655
66500	657
67000	661
67500	665
68000	673
68500	676
69000	680
69500	683
70000	687
70500	694
71000	700
71500	701
72000	708
72500	711
73000	716
73500	717
74000	726
74500	732
75000	737
75500	744
76000	749
76500	753
77000	753
77500	757
78000	763
78500	767
79000	769
79500	773
80000	779
80500	787
81000	792
81500	800
82000	804
82500	814
83000	821
83500	823
84000	828
84500	833
85000	839
85500	845
86000	848
86500	861
87000	865
87500	874
88000	881
88500	884
89000	887
89500	890
90000	895
90500	901
91000	908
91500	915
92000	921
92500	927
93000	934
93500	938
94000	945
94500	950
95000	953
95500	957
96000	961
96500	967
97000	979
97500	984
98000	989
98500	992
99000	997
99500	1002
100000	1007
100500	1009
101000	1012
101500	1020
102000	1023
102500	1029
103000	1039
103500	1047
104000	1053
104500	1057
105000	1058
105500	1059
106000	1064
106500	1071
107000	1082
107500	1089
108000	1093
108500	1100
109000	1109
109500	1114
110000	1115
110500	1120
111000	1128
111500	1138
112000	1144
112500	1157
113000	1164
113500	1169
114000	1173
114500	1177
115000	1181
115500	1184
116000	1189
116500	1195
117000	1201
117500	1209
118000	1213
118500	1227
119000	1231
119500	1234
120000	1236
120500	1237
121000	1241
121500	1243
122000	1248
122500	1254
123000	1263
123500	1266
124000	1271
124500	1277
125000	1279
125500	1282
126000	1284
126500	1291
127000	1297
127500	1297
128000	1301
128500	1306
129000	1311
129500	1314
130000	1318
130500	1322
131000	1324
131500	1329
132000	1336
132500	1340
133000	1340
133500	1350
134000	1359
134500	1364
135000	1372
135500	1380
136000	1384
136500	1389
137000	1394
137500	1400
138000	1405
138500	1409
139000	1417
139500	1423
140000	1430
140500	1436
141000	1442
141500	1447
142000	1454
142500	1461
143000	1466
143500	1475
144000	1479
144500	1482
145000	1486
145500	1488
146000	1495
146500	1503
147000	1505
147500	1511
148000	1520
148500	1525
149000	1533
149500	1537
150000	1542
150500	1547
151000	1550
151500	1560
152000	1567
152500	1571
153000	1575
153500	1580
154000	1586
154500	1592
155000	1596
155500	1600
156000	1607
156500	1608
157000	1612
157500	1618
158000	1622
158500	1626
159000	1632
159500	1641
160000	1648
160500	1656
161000	1662
161500	1667
162000	1674
162500	1680
163000	1687
163500	1689
164000	1692
164500	1693
165000	1698
165500	1706
166000	1712
166500	1717
167000	1719
167500	1726
168000	1730
168500	1733
169000	1737
169500	1742
170000	1750
170500	1756
171000	1760
171500	1765
172000	1770
172500	1775
173000	1782
173500	1782
174000	1786
174500	1792
175000	1799
175500	1802
176000	1811
176500	1817
177000	1823
177500	1829
178000	1832
178500	1836
179000	1843
179500	1846
180000	1851
180500	1853
181000	1860
181500	1861
182000	1866
182500	1871
183000	1878
183500	1884
184000	1887
184500	1890
185000	1895
185500	1902
186000	1907
186500	1911
187000	1913
187500	1922
188000	1925
188500	1931
189000	1935
189500	1941
190000	1946
190500	1954
191000	1956
191500	1959
192000	1964
192500	1965
193000	1973
193500	1979
194000	1984
194500	1988
195000	1995
195500	2001
196000	2006
196500	2007
197000	2011
197500	2018
198000	2021
198500	2026
199000	2030
199500	2038
200000	2041
200500	2045
201000	2051
201500	2056
202000	2061
202500	2065
203000	2073
203500	2073
204000	2077
204500	2084
205000	2090
205500	2095
206000	2101
206500	2106
207000	2110
207500	2116
208000	2122
208500	2125
209000	2132
209500	2139
210000	2146
210500	2150
211000	2154
211500	2158
212000	2163
212500	2163
213000	2173
213500	2180
214000	2184
214500	2190
215000	2196
215500	2200
216000	2203
216500	2209
217000	2210
217500	2213
218000	2220
218500	2222
219000	2227
219500	2232
220000	2239
220500	2244
221000	2248
221500	2252
222000	2254
222500	2257
223000	2260
223500	2268
224000	2274
224500	2276
225000	2280
225500	2284
226000	2293
226500	2295
227000	2301
227500	2304
228000	2311
228500	2319
229000	2323
229500	2329
230000	2334
230500	2337
231000	2345
231500	2354
232000	2359
232500	2363
233000	2366
233500	2368
234000	2375
234500	2379
235000	2383
235500	2386
236000	2396
236500	2400
237000	2406
237500	2409
238000	2417
238500	2421
239000	2434
239500	2441
240000	2447
240500	2450
241000	2453
241500	2457
242000	2467
242500	2471
243000	2477
243500	2481
244000	2487
244500	2494
245000	2501
245500	2509
246000	2516
246500	2521
247000	2525
247500	2528
248000	2532
248500	2540
249000	2543
249500	2548
250000	2551
250500	2557
251000	2561
251500	2568
252000	2573
252500	2576
253000	2585
253500	2590
254000	2594
254500	2598
255000	2602
255500	2604
256000	2610
256500	2616
257000	2620
257500	2622
258000	2625
258500	2635
259000	2638
259500	2642
260000	2651
260500	2656
261000	2658
261500	2662
262000	2668
262500	2676
263000	2682
263500	2686
264000	2687
264500	2690
265000	2693
265500	2699
266000	2701
266500	2708
267000	2713
267500	2718
268000	2721
268500	2726
269000	2733
269500	2741
270000	2745
270500	2748
271000	2749
271500	2755
272000	2760
272500	2765
273000	2769
273500	2771
274000	2774
274500	2780
275000	2787
275500	2792
276000	2797
276500	2801
277000	2807
277500	2814
278000	2822
278500	2824
279000	2829
279500	2833
280000	2837
280500	2843
281000	2845
281500	2851
282000	2854
282500	2860
283000	2862
283500	2863
284000	2870
284500	2882
285000	2892
285500	2898
286000	2903
286500	2904
287000	2911
287500	2911
288000	2914
288500	2920
289000	2926
289500	2933
290000	2938
290500	2946
291000	2953
291500	2955
292000	2959
292500	2960
293000	2967
293500	2971
294000	2977
294500	2982
295000	2987
295500	2990
296000	2997
296500	3006
297000	3009
297500	3015
298000	3025
298500	3029
299000	3035
299500	3042
300000	3045
300500	3050
301000	3055
301500	3057
302000	3064
302500	3073
303000	3076
303500	3081
304000	3089
304500	3097
305000	3098
305500	3100
306000	3105
306500	3111
307000	3117
307500	3124
308000	3133
308500	3138
309000	3144
309500	3150
310000	3152
310500	3157
311000	3164
311500	3169
312000	3173
312500	3182
313000	3184
313500	3188
314000	3189
314500	3195
315000	3200
315500	3206
316000	3211
316500	3220
317000	3227
317500	3231
318000	3235
318500	3239
319000	3244
319500	3247
320000	3250
320500	3253
321000	3263
321500	3271
322000	3274
322500	3276
323000	3280
323500	3286
324000	3289
324500	3295
325000	3300
325500	3309
326000	3312
326500	3322
327000	3327
327500	3334
328000	3340
328500	3343
329000	3345
329500	3354
330000	3363
330500	3369
331000	3371
331500	3379
332000	3384
332500	3390
333000	3395
333500	3398
334000	3402
334500	3408
335000	3413
335500	3416
336000	3420
336500	3432
337000	3437
337500	3445
338000	3452
338500	3457
339000	3462
339500	3465
340000	3468
340500	3475
341000	3478
341500	3481
342000	3485
342500	3488
343000	3496
343500	3500
344000	3502
344500	3511
345000	3519
345500	3522
346000	3523
346500	3528
347000	3537
347500	3541
348000	3546
348500	3549
349000	3560
349500	3564
350000	3569
350500	3573
351000	3579
351500	3585
352000	3591
352500	3596
353000	3600
353500	3605
354000	3611
354500	3617
355000	3620
355500	3628
356000	3635
356500	3640
357000	3646
357500	3653
358000	3661
358500	3667
359000	3672
359500	3678
360000	3687
360500	3691
361000	3694
361500	3696
362000	3701
362500	3709
363000	3716
363500	3723
364000	3727
364500	3737
365000	3741
365500	3746
366000	3754
366500	3755
367000	3759
367500	3766
368000	3771
368500	3776
369000	3789
369500	3793
370000	3797
370500	3802
371000	3806
371500	3809
372000	3812
372500	3816
373000	3819
373500	3827
374000	3830
374500	3837
375000	3845
375500	3849
376000	3855
376500	3861
377000	3865
377500	3872
378000	3876
378500	3882
379000	3889
379500	3891
380000	3893
380500	3895
381000	3901
381500	3909
382000	3912
382500	3916
383000	3920
383500	3925
384000	3933
384500	3935
385000	3943
385500	3947
386000	3955
386500	3960
387000	3966
387500	3975
388000	3980
388500	3991
389000	3993
389500	4000
390000	4004
390500	4006
391000	4008
391500	4010
392000	4020
392500	4024
393000	4028
393500	4032
394000	4043
394500	4048
395000	4050
395500	4055
396000	4058
396500	4066
397000	4069
397500	4074
398000	4077
398500	4084
399000	4096
399500	4101
400000	4106
400500	4108
401000	4110
401500	4114
402000	4118
402500	4123
403000	4126
403500	4130
404000	4132
404500	4137
405000	4140
405500	4151
406000	4157
406500	4162
407000	4169
407500	4176
408000	4180
408500	4185
409000	4189
409500	4194
410000	4201
410500	4210
411000	4212
411500	4214
412000	4220
412500	4224
413000	4228
413500	4234
414000	4242
414500	4247
415000	4250
415500	4254
416000	4261
416500	4262
417000	4267
417500	4272
418000	4276
418500	4279
419000	4286
419500	4291
420000	4293
420500	4297
421000	4299
421500	4303
422000	4305
422500	4310
423000	4315
423500	4325
424000	4329
424500	4332
425000	4337
425500	4343
426000	4344
426500	4351
427000	4352
427500	4357
428000	4361
428500	4368
429000	4372
429500	4377
430000	4381
430500	4385
431000	4390
431500	4395
432000	4399
432500	4409
433000	4413
433500	4416
434000	4422
434500	4425
435000	4431
435500	4435
436000	4440
436500	4445
437000	4455
437500	4459
438000	4466
438500	4472
439000	4481
439500	4484
440000	4492
440500	4496
441000	4499
441500	4505
442000	4512
442500	4516
443000	4521
443500	4526
444000	4529
444500	4532
445000	4536
445500	4542
446000	4547
446500	4554
447000	4560
447500	4565
448000	4573
448500	4577
449000	4580
449500	4583
450000	4590
450500	4594
451000	4602
451500	4605
452000	4610
452500	4615
453000	4619
453500	4619
454000	4622
454500	4629
455000	4633
455500	4635
456000	4640
456500	4645
457000	4654
457500	4659
458000	4666
458500	4672
459000	4680
459500	4684
460000	4691
460500	4701
461000	4705
461500	4708
462000	4717
462500	4720
463000	4726
463500	4732
464000	4736
464500	4741
465000	4748
465500	4753
466000	4763
466500	4767
467000	4770
467500	4771
468000	4774
468500	4777
469000	4783
469500	4792
470000	4800
470500	4804
471000	4810
471500	4815
472000	4820
472500	4828
473000	4830
473500	4834
474000	4837
474500	4843
475000	4849
475500	4853
476000	4862
476500	4869
477000	4876
477500	4884
478000	4888
478500	4889
479000	4895
479500	4904
480000	4916
480500	4923
481000	4927
481500	4931
482000	4937
482500	4945
483000	4953
483500	4956
484000	4960
484500	4964
485000	4967
485500	4973
486000	4977
486500	4982
487000	4987
487500	4994
488000	5003
488500	5009
489000	5011
489500	5018
490000	5026
490500	5029
491000	5034
491500	5039
492000	5041
492500	5045
493000	5050
493500	5054
494000	5056
494500	5062
495000	5066
495500	5066
496000	5075
496500	5083
497000	5087
497500	5093
498000	5099
498500	5100
499000	5105
499500	5109
500000	5113
500500	5118
501000	5124
501500	5124
502000	5128
502500	5130
503000	5134
503500	5140
504000	5146
504500	5152
505000	5163
505500	5169
506000	5175
506500	5176
507000	5184
507500	5190
508000	5196
508500	5205
509000	5206
509500	5212
510000	5216
510500	5220
511000	5225
511500	5230
512000	5236
512500	5245
513000	5252
513500	5260
514000	5260
514500	5264
515000	5271
515500	5274
516000	5277
516500	5284
517000	5288
517500	5291
518000	5297
518500	5304
519000	5312
519500	5316
520000	5325
520500	5333
521000	5339
521500	5342
522000	5350
522500	5353
523000	5358
523500	5362
524000	5367
524500	5373
525000	5376
525500	5378
526000	5383
526500	5389
527000	5392
527500	5396
528000	5400
528500	5403
529000	5409
529500	5412
530000	5414
530500	5422
531000	5426
531500	5428
532000	5432
532500	5441
533000	5446
533500	5450
534000	5457
534500	5460
535000	5470
535500	5473
536000	5481
536500	5485
537000	5489
537500	5491
538000	5493
538500	5501
539000	5509
539500	5515
540000	5520
540500	5529
541000	5535
541500	5540
542000	5542
542500	5547
543000	5552
543500	5554
544000	5557
544500	5565
545000	5567
545500	5573
546000	5575
546500	5580
547000	5584
547500	5591
548000	5598
548500	5600
549000	5604
549500	5608
550000	5615
550500	5618
551000	5621
551500	5622
552000	5628
552500	5635
553000	5639
553500	5642
554000	5647
554500	5651
555000	5655
555500	5657
556000	5661
556500	5668
557000	5672
557500	5674
558000	5682
558500	5687
559000	5691
559500	5696
560000	5698
560500	5703
561000	5709
561500	5716
562000	5723
562500	5730
563000	5737
563500	5739
564000	5746
564500	5757
565000	5759
565500	5764
566000	5768
566500	5773
567000	5779
567500	5785
568000	5790
568500	5793
569000	5797
569500	5807
570000	5812
570500	5816
571000	5823
571500	5828
572000	5830
572500	5834
573000	5837
573500	5839
574000	5849
574500	5857
575000	5865
575500	5873
576000	5879
576500	5883
577000	5884
577500	5894
578000	5903
578500	5908
579000	5910
579500	5914
580000	5924
580500	5933
581000	5939
581500	5944
582000	5946
582500	5952
583000	5957
583500	5963
584000	5966
584500	5970
585000	5974
585500	5977
586000	5983
586500	5987
587000	5991
587500	5998
588000	6003
588500	6008
589000	6012
589500	6022
590000	6030
590500	6037
591000	6044
591500	6056
592000	6062
592500	6070
593000	6073
593500	6079
594000	6082
594500	6085
595000	6089
595500	6093
596000	6095
596500	6102
597000	6106
597500	6111
598000	6119
598500	6124
599000	6129
599500	6134
600000	6141
600500	6145
601000	6147
601500	6152
602000	6158
602500	6166
603000	6171
603500	6174
604000	6180
604500	6183
605000	6186
605500	6193
606000	6198
606500	6202
607000	6211
607500	6215
608000	6218
608500	6221
609000	6226
609500	6232
610000	6236
610500	6238
611000	6242
611500	6244
612000	6248
612500	6257
613000	6261
613500	6267
614000	6270
614500	6276
615000	6280
615500	6286
616000	6289
616500	6295
617000	6302
617500	6304
618000	6308
618500	6318
619000	6328
619500	6335
620000	6339
620500	6345
621000	6351
621500	6357
622000	6361
622500	6362
623000	6364
623500	6366
624000	6370
624500	6374
625000	6383
625500	6387
626000	6393
626500	6397
627000	6400
627500	6404
628000	6408
628500	6414
629000	6419
629500	6422
630000	6431
630500	6434
631000	6438
631500	6445
632000	6452
632500	6456
633000	6462
633500	6468
634000	6474
634500	6478
635000	6482
635500	6485
636000	6489
636500	6494
637000	6495
637500	6502
638000	6511
638500	6515
639000	6519
639500	6524
640000	6529
640500	6535
641000	6537
641500	6542
642000	6547
642500	6549
643000	6554
643500	6558
644000	6560
644500	6562
645000	6571
645500	6579
646000	6583
646500	6588
647000	6592
647500	6600
648000	6604
648500	6609
649000	6614
649500	6615
650000	6618
650500	6624
651000	6630
651500	6639
652000	6648
652500	6659
653000	6666
653500	6670
654000	6678
654500	6682
655000	6686
655500	6692
656000	6695
656500	6705
657000	6711
657500	6717
658000	6723
658500	6725
659000	6732
659500	6737
660000	6743
660500	6747
661000	6749
661500	6752
662000	6755
662500	6762
663000	6767
663500	6770
664000	6776
664500	6785
665000	6795
665500	6800
666000	6804
666500	6805
667000	6808
667500	6811
668000	6815
668500	6822
669000	6826
669500	6831
670000	6834
670500	6838
671000	6843
671500	6850
672000	6858
672500	6862
673000	6865
673500	6874
674000	6876
674500	6883
675000	6891
675500	6898
676000	6901
676500	6903
677000	6909
677500	6919
678000	6926
678500	6932
679000	6936
679500	6940
680000	6944
680500	6946
681000	6954
681500	6959
682000	6968
682500	6968
683000	6973
683500	6979
684000	6985
684500	6989
685000	6994
685500	6998
686000	7001
686500	7005
687000	7012
687500	7020
688000	7022
688500	7029
689000	7031
689500	7040
690000	7044
690500	7051
691000	7055
691500	7058
692000	7065
692500	7071
693000	7079
693500	7082
694000	7088
694500	7095
695000	7101
695500	7106
696000	7111
696500	7112
697000	7121
697500	7125
698000	7129
698500	7138
699000	7147
699500	7156
700000	7160
700500	7164
701000	7166
701500	7167
702000	7171
702500	7177
703000	7179
703500	7184
704000	7187
704500	7190
705000	7195
705500	7203
706000	7208
706500	7210
707000	7217
707500	7227
708000	7231
708500	7234
709000	7240
709500	7247
710000	7254
710500	7257
711000	7260
711500	7264
712000	7271
712500	7278
713000	7281
713500	7283
714000	7291
714500	7299
715000	7308
715500	7313
716000	7323
716500	7327
717000	7336
717500	7341
718000	7346
718500	7351
719000	7360
719500	7364
720000	7371
720500	7377
721000	7383
721500	7388
722000	7394
722500	7399
723000	7403
723500	7408
724000	7415
724500	7422
725000	7425
725500	7431
726000	7431
726500	7437
727000	7440
727500	7448
728000	7451
728500	7455
729000	7460
729500	7463
730000	7465
730500	7468
731000	7470
731500	7475
732000	7479
732500	7485
733000	7489
733500	7497
734000	7500
734500	7511
735000	7513
735500	7517
736000	7522
736500	7527
737000	7533
737500	7537
738000	7542
738500	7552
739000	7559
739500	7562
740000	7567
740500	7572
741000	7579
741500	7582
742000	7583
742500	7588
743000	7600
743500	7602
744000	7607
744500	7610
745000	7611
745500	7617
746000	7623
746500	7628
747000	7634
747500	7639
748000	7643
748500	7646
749000	7647
749500	7650
750000	7655
750500	7657
751000	7662
751500	7663
752000	7666
752500	7676
753000	7682
753500	7690
754000	7693
754500	7696
755000	7699
755500	7702
756000	7708
756500	7712
757000	7716
757500	7725
758000	7729
758500	7730
759000	7737
759500	7741
760000	7744
760500	7747
761000	7755
761500	7759
762000	7763
762500	7768
763000	7772
763500	7778
764000	7784
764500	7790
765000	7798
765500	7805
766000	7813
766500	7820
767000	7823
767500	7826
768000	7832
768500	7835
769000	7844
769500	7846
770000	7851
770500	7856
771000	7863
771500	7868
772000	7874
772500	7882
773000	7895
773500	7900
774000	7907
774500	7911
775000	7923
775500	7929
776000	7935
776500	7938
777000	7943
777500	7948
778000	7955
778500	7959
779000	7966
779500	7969
780000	7974
780500	7977
781000	7981
781500	7985
782000	7989
782500	7992
783000	7994
783500	7996
784000	8002
784500	8008
785000	8012
785500	8012
786000	8018
786500	8020
787000	8026
787500	8030
788000	8033
788500	8037
789000	8042
789500	8048
790000	8051
790500	8057
791000	8060
791500	8065
792000	8070
792500	8073
793000	8079
793500	8085
794000	8092
794500	8097
795000	8102
795500	8106
796000	8110
796500	8116
797000	8122
797500	8131
798000	8136
798500	8140
799000	8144
799500	8149
800000	8156
800500	8160
801000	8164
801500	8169
802000	8177
802500	8185
803000	8190
803500	8194
804000	8199
804500	8201
805000	8206
805500	8213
806000	8223
806500	8224
807000	8224
807500	8230
808000	8237
808500	8241
809000	8243
809500	8248
810000	8258
810500	8266
811000	8271
811500	8273
812000	8278
812500	8280
813000	8286
813500	8289
814000	8290
814500	8295
815000	8298
815500	8300
816000	8307
816500	8310
817000	8314
817500	8318
818000	8319
818500	8322
819000	8327
819500	8331
820000	8338
820500	8341
821000	8345
821500	8351
822000	8356
822500	8358
823000	8365
823500	8369
824000	8374
824500	8377
825000	8381
825500	8386
826000	8389
826500	8396
827000	8403
827500	8414
828000	8420
828500	8425
829000	8430
829500	8433
830000	8437
830500	8442
831000	8447
831500	8455
832000	8458
832500	8464
833000	8467
833500	8469
834000	8477
834500	8484
835000	8487
835500	8496
836000	8505
836500	8514
837000	8520
837500	8526
838000	8535
838500	8545
839000	8551
839500	8553
840000	8561
840500	8563
841000	8564
841500	8571
842000	8577
842500	8583
843000	8584
843500	8588
844000	8596
844500	8606
845000	8608
845500	8614
846000	8620
846500	8625
847000	8627
847500	8632
848000	8638
848500	8645
849000	8652
849500	8660
850000	8665
850500	8676
851000	8680
851500	8688
852000	8693
852500	8698
853000	8709
853500	8713
854000	8717
854500	8720
855000	8727
855500	8731
856000	8737
856500	8743
857000	8750
857500	8755
858000	8758
858500	8761
859000	8763
859500	8773
860000	8777
860500	8780
861000	8788
861500	8791
862000	8799
862500	8804
863000	8806
863500	8809
864000	8814
864500	8819
865000	8822
865500	8828
866000	8835
866500	8838
867000	8845
867500	8848
868000	8851
868500	8858
869000	8861
869500	8866
870000	8870
870500	8878
871000	8883
871500	8889
872000	8895
872500	8900
873000	8903
873500	8907
874000	8914
874500	8916
875000	8920
875500	8927
876000	8935
876500	8945
877000	8951
877500	8953
878000	8960
878500	8967
879000	8971
879500	8975
880000	8978
880500	8982
881000	8985
881500	8991
882000	8997
882500	8999
883000	8999
883500	9004
884000	9010
884500	9014
885000	9021
885500	9029
886000	9036
886500	9039
887000	9044
887500	9051
888000	9053
888500	9056
889000	9057
889500	9068
890000	9078
890500	9083
891000	9086
891500	9090
892000	9094
892500	9100
893000	9107
893500	9114
894000	9115
894500	9116
895000	9122
895500	9126
896000	9133
896500	9137
897000	9142
897500	9146
898000	9150
898500	9153
899000	9160
899500	9161
900000	9166
900500	9176
901000	9181
901500	9183
902000	9190
902500	9192
903000	9197
903500	9204
904000	9206
904500	9211
905000	9216
905500	9223
906000	9228
906500	9232
907000	9235
907500	9243
908000	9245
908500	9250
909000	9259
909500	9261
910000	9264
910500	9267
911000	9270
911500	9275
912000	9276
912500	9281
913000	9286
913500	9290
914000	9301
914500	9308
915000	9316
915500	9326
916000	9330
916500	9330
917000	9337
917500	9340
918000	9344
918500	9349
919000	9357
919500	9361
920000	9367
920500	9372
921000	9378
921500	9382
922000	9390
922500	9396
923000	9396
923500	9403
924000	9408
924500	9421
925000	9430
925500	9438
926000	9441
926500	9447
927000	9453
927500	9456
928000	9462
928500	9469
929000	9479
929500	9483
930000	9488
930500	9495
931000	9502
931500	9505
932000	9512
932500	9516
933000	9520
933500	9529
934000	9532
934500	9536
935000	9543
935500	9545
936000	9546
936500	9556
937000	9558
937500	9566
938000	9571
938500	9576
939000	9583
939500	9588
940000	9590
940500	9594
941000	9598
941500	9600
942000	9602
942500	9610
943000	9613
943500	9615
944000	9620
944500	9623
945000	9626
945500	9630
946000	9638
946500	9642
947000	9647
947500	9649
948000	9653
948500	9660
949000	9665
949500	9670
950000	9674
950500	9678
951000	9686
951500	9688
952000	9693
952500	9700
953000	9706
953500	9715
954000	9715
954500	9717
955000	9721
955500	9726
956000	9732
956500	9738
957000	9741
957500	9748
958000	9755
958500	9760
959000	9766
959500	9772
960000	9779
960500	9786
961000	9791
961500	9800
962000	9805
962500	9811
963000	9816
963500	9820
964000	9824
964500	9825
965000	9828
965500	9834
966000	9841
966500	9847
967000	9858
967500	9864
968000	9868
968500	9873
969000	9877
969500	9886
970000	9892
970500	9904
971000	9908
971500	9912
972000	9918
972500	9922
973000	9934
973500	9939
974000	9946
974500	9950
975000	9955
975500	9959
976000	9962
976500	9968
977000	9972
977500	9979
978000	9982
978500	9990
979000	9996
979500	10003
980000	10007
980500	10012
981000	10016
981500	10019
982000	10019
982500	10028
983000	10032
983500	10038
984000	10043
984500	10047
985000	10051
985500	10055
986000	10057
986500	10061
987000	10075
987500	10080
988000	10084
988500	10090
989000	10098
989500	10102
990000	10108
990500	10112
991000	10116
991500	10121
992000	10125
992500	10132
993000	10133
993500	10140
994000	10146
994500	10152
995000	10155
995500	10162
996000	10167
996500	10170
997000	10175
997500	10177
998000	10184
998500	10188
999000	10192
999500	10195
1000000	10200
1000500	10202
1001000	10210
1001500	10213
1002000	10226
1002500	10231
1003000	10234
1003500	10237
1004000	10240
1004500	10244
1005000	10257
1005500	10262
1006000	10266
1006500	10274
1007000	10277
1007500	10282
1008000	10286
1008500	10289
1009000	10297
1009500	10299
1010000	10304
1010500	10309
1011000	10315
1011500	10320
1012000	10327
1012500	10331
1013000	10337
1013500	10341
1014000	10345
1014500	10350
1015000	10354
1015500	10359
1016000	10362
1016500	10365
1017000	10366
1017500	10370
1018000	10373
1018500	10383
1019000	10385
1019500	10393
1020000	10396
1020500	10401
1021000	10403
1021500	10404
1022000	10407
1022500	10415
1023000	10421
1023500	10423
1024000	10432
1024500	10438
1025000	10442
1025500	10445
1026000	10451
1026500	10459
1027000	10461
1027500	10464
1028000	10467
1028500	10471
1029000	10478
1029500	10486
1030000	10492
1030500	10498
1031000	10501
1031500	10505
1032000	10509
1032500	10513
1033000	10519
1033500	10523
1034000	10530
1034500	10536
1035000	10543
1035500	10548
1036000	10551
1036500	10556
1037000	10559
1037500	10561
1038000	10567
1038500	10571
1039000	10577
1039500	10580
1040000	10582
1040500	10585
1041000	10593
1041500	10600
1042000	10603
1042500	10609
1043000	10616
1043500	10622
1044000	10632
1044500	10639
1045000	10645
1045500	10647
1046000	10654
1046500	10657
1047000	10663
1047500	10668
1048000	10672
1048500	10678
1049000	10678
1049500	10681
1050000	10684
1050500	10690
1051000	10694
1051500	10698
1052000	10701
1052500	10707
1053000	10712
1053500	10718
1054000	10723
1054500	10729
1055000	10730
1055500	10737
1056000	10743
1056500	10749
1057000	10755
1057500	10758
1058000	10771
1058500	10776
1059000	10780
1059500	10784
1060000	10789
1060500	10793
1061000	10796
1061500	10801
1062000	10808
1062500	10811
1063000	10815
1063500	10819
1064000	10820
1064500	10826
1065000	10830
1065500	10836
1066000	10837
1066500	10839
1067000	10846
1067500	10850
1068000	10854
1068500	10860
1069000	10862
1069500	10875
1070000	10886
1070500	10890
1071000	10896
1071500	10901
1072000	10904
1072500	10907
1073000	10912
1073500	10917
1074000	10922
1074500	10934
1075000	10937
1075500	10940
1076000	10945
1076500	10950
1077000	10957
1077500	10964
1078000	10969
1078500	10973
1079000	10983
1079500	10986
1080000	10989
1080500	10995
1081000	11000
1081500	11008
1082000	11011
1082500	11015
1083000	11023
1083500	11029
1084000	11035
1084500	11044
1085000	11051
1085500	11051
1086000	11059
1086500	11064
1087000	11068
1087500	11075
1088000	11076
1088500	11086
1089000	11095
1089500	11099
1090000	11103
1090500	11111
1091000	11118
1091500	11122
1092000	11126
1092500	11130
1093000	11138
1093500	11145
1094000	11150
1094500	11155
1095000	11164
1095500	11172
1096000	11173
1096500	11179
1097000	11183
1097500	11189
1098000	11191
1098500	11193
1099000	11197
1099500	11201
1100000	11204
1100500	11207
1101000	11210
1101500	11216
1102000	11222
1102500	11225
1103000	11228
1103500	11232
1104000	11242
1104500	11250
1105000	11261
1105500	11266
1106000	11273
1106500	11275
1107000	11278
1107500	11288
1108000	11293
1108500	11299
1109000	11309
1109500	11321
1110000	11325
1110500	11328
1111000	11332
1111500	11337
1112000	11341
1112500	11343
1113000	11346
1113500	11349
1114000	11353
1114500	11355
1115000	11361
1115500	11365
1116000	11374
1116500	11379
1117000	11383
1117500	11384
1118000	11389
1118500	11394
1119000	11399
1119500	11403
1120000	11407
1120500	11410
1121000	11417
1121500	11419
1122000	11422
1122500	11426
1123000	11433
1123500	11438
1124000	11445
1124500	11450
1125000	11454
1125500	11458
1126000	11461
1126500	11468
1127000	11474
1127500	11478
1128000	11482
1128500	11486
1129000	11489
1129500	11495
1130000	11498
1130500	11504
1131000	11509
1131500	11514
1132000	11522
1132500	11530
1133000	11535
1133500	11541
1134000	11545
1134500	11551
1135000	11557
1135500	11559
1136000	11563
1136500	11570
1137000	11577
1137500	11582
1138000	11588
1138500	11592
1139000	11598
1139500	11604
1140000	11608
1140500	11612
1141000	11613
1141500	11619
1142000	11623
1142500	11631
1143000	11634
1143500	11639
1144000	11644
1144500	11650
1145000	11656
1145500	11659
1146000	11666
1146500	11669
1147000	11673
1147500	11676
1148000	11678
1148500	11684
1149000	11689
1149500	11693
1150000	11702
1150500	11709
1151000	11712
1151500	11714
1152000	11723
1152500	11729
1153000	11734
1153500	11739
1154000	11743
1154500	11750
1155000	11758
1155500	11761
1156000	11770
1156500	11776
1157000	11779
1157500	11783
1158000	11785
1158500	11794
1159000	11808
1159500	11811
1160000	11815
1160500	11820
1161000	11828
1161500	11831
1162000	11834
1162500	11837
1163000	11842
1163500	11846
1164000	11848
1164500	11854
1165000	11861
1165500	11865
1166000	11877
1166500	11882
1167000	11887
1167500	11891
1168000	11896
1168500	11901
1169000	11909
1169500	11916
1170000	11922
1170500	11923
1171000	11929
1171500	11933
1172000	11935
1172500	11936
1173000	11939
1173500	11944
1174000	11950
1174500	11958
1175000	11965
1175500	11969
1176000	11978
1176500	11980
1177000	11984
1177500	11990
1178000	11993
1178500	11997
1179000	12006
1179500	12014
1180000	12018
1180500	12024
1181000	12027
1181500	12034
1182000	12041
1182500	12051
1183000	12052
1183500	12054
1184000	12062
1184500	12068
1185000	12074
1185500	12076
1186000	12081
1186500	12086
1187000	12094
1187500	12101
1188000	12109
1188500	12115
1189000	12121
1189500	12125
1190000	12128
1190500	12136
1191000	12140
1191500	12143
1192000	12150
1192500	12153
1193000	12161
1193500	12165
1194000	12169
1194500	12178
1195000	12184
1195500	12187
1196000	12193
1196500	12198
1197000	12203
1197500	12211
1198000	12218
1198500	12226
1199000	12228
1199500	12235
1200000	12241
1200500	12246
1201000	12255
1201500	12262
1202000	12263
1202500	12266
1203000	12272
1203500	12274
1204000	12275
1204500	12280
1205000	12284
1205500	12291
1206000	12296
1206500	12303
1207000	12309
1207500	12315
1208000	12316
1208500	12324
1209000	12329
1209500	12340
1210000	12345
1210500	12349
1211000	12355
1211500	12358
1212000	12361
1212500	12366
1213000	12368
1213500	12373
1214000	12379
1214500	12386
1215000	12394
1215500	12397
1216000	12404
1216500	12405
1217000	12409
1217500	12412
1218000	12415
1218500	12425
1219000	12432
1219500	12448
1220000	12455
1220500	12461
1221000	12465
1221500	12471
1222000	12476
1222500	12484
1223000	12488
1223500	12491
1224000	12496
1224500	12503
1225000	12510
1225500	12515
1226000	12524
1226500	12527
1227000	12529
1227500	12533
1228000	12537
1228500	12541
1229000	12544
1229500	12552
1230000	12558
1230500	12564
1231000	12566
1231500	12572
1232000	12579
1232500	12584
1233000	12588
1233500	12595
1234000	12600
1234500	12607
1235000	12614
1235500	12618
1236000	12622
1236500	12627
1237000	12633
1237500	12634
1238000	12641
1238500	12648
1239000	12654
1239500	12661
1240000	12668
1240500	12674
1241000	12678
1241500	12686
1242000	12691
1242500	12696
1243000	12700
1243500	12704
1244000	12713
1244500	12718
1245000	12724
1245500	12728
1246000	12731
1246500	12732
1247000	12734
1247500	12741
1248000	12749
1248500	12756
1249000	12764
1249500	12772
1250000	12775
1250500	12786
1251000	12788
1251500	12792
1252000	12798
1252500	12800
1253000	12807
1253500	12814
1254000	12817
1254500	12819
1255000	12824
1255500	12829
1256000	12833
1256500	12840
1257000	12847
1257500	12853
1258000	12857
1258500	12862
1259000	12865
1259500	12868
1260000	12872
1260500	12879
1261000	12879
1261500	12887
1262000	12889
1262500	12892
1263000	12896
1263500	12903
1264000	12907
1264500	12912
1265000	12916
1265500	12921
1266000	12926
1266500	12927
1267000	12931
1267500	12935
1268000	12940
1268500	12945
1269000	12953
1269500	12956
1270000	12961
1270500	12963
1271000	12970
1271500	12979
1272000	12986
1272500	12991
1273000	12995
1273500	12997
1274000	13000
1274500	13002
1275000	13004
1275500	13007
1276000	13012
1276500	13015
1277000	13020
1277500	13026
1278000	13031
1278500	13036
1279000	13040
1279500	13043
1280000	13053
1280500	13062
1281000	13064
1281500	13068
1282000	13074
1282500	13083
1283000	13088
1283500	13094
1284000	13095
1284500	13101
1285000	13108
1285500	13116
1286000	13121
1286500	13123
1287000	13129
1287500	13132
1288000	13136
1288500	13138
1289000	13144
1289500	13147
1290000	13152
1290500	13156
1291000	13159
1291500	13161
1292000	13165
1292500	13169
1293000	13175
1293500	13179
1294000	13188
1294500	13192
1295000	13198
1295500	13204
1296000	13212
1296500	13217
1297000	13223
1297500	13227
1298000	13235
1298500	13240
1299000	13245
1299500	13252
1300000	13257
1300500	13259
1301000	13260
1301500	13266
1302000	13268
1302500	13275
1303000	13280
1303500	13286
1304000	13294
1304500	13297
1305000	13303
1305500	13310
1306000	13314
1306500	13320
1307000	13326
1307500	13330
1308000	13337
1308500	13342
1309000	13344
1309500	13352
1310000	13359
1310500	13368
1311000	13376
1311500	13381
1312000	13384
1312500	13392
1313000	13395
1313500	13397
1314000	13398
1314500	13398
1315000	13401
1315500	13406
1316000	13408
1316500	13415
1317000	13418
1317500	13420
1318000	13424
1318500	13430
1319000	13432
1319500	13440
1320000	13443
1320500	13451
1321000	13456
1321500	13460
1322000	13463
1322500	13468
1323000	13477
1323500	13484
1324000	13492
1324500	13497
1325000	13504
1325500	13507
1326000	13514
1326500	13522
1327000	13530
1327500	13536
1328000	13539
1328500	13543
1329000	13547
1329500	13553
1330000	13556
1330500	13559
1331000	13560
1331500	13568
1332000	13572
1332500	13576
1333000	13584
1333500	13589
1334000	13594
1334500	13598
1335000	13603
1335500	13608
1336000	13612
1336500	13618
1337000	13624
1337500	13629
1338000	13631
1338500	13634
1339000	13637
1339500	13643
1340000	13650
1340500	13652
1341000	13656
1341500	13660
1342000	13664
1342500	13666
1343000	13669
1343500	13675
1344000	13679
1344500	13686
1345000	13694
1345500	13698
1346000	13705
1346500	13710
1347000	13716
1347500	13722
1348000	13727
1348500	13731
1349000	13736
1349500	13746
1350000	13748
1350500	13753
1351000	13756
1351500	13759
1352000	13760
1352500	13765
1353000	13768
1353500	13770
1354000	13776
1354500	13780
1355000	13785
1355500	13791
1356000	13795
1356500	13802
1357000	13807
1357500	13811
1358000	13816
1358500	13823
1359000	13827
1359500	13830
1360000	13833
1360500	13844
1361000	13845
1361500	13852
1362000	13859
1362500	13865
1363000	13869
1363500	13871
1364000	13877
1364500	13881
1365000	13886
1365500	13897
1366000	13900
1366500	13903
1367000	13909
1367500	13916
1368000	13921
1368500	13924
1369000	13931
1369500	13937
1370000	13940
1370500	13947
1371000	13949
1371500	13957
1372000	13964
1372500	13972
1373000	13977
1373500	13982
1374000	13992
1374500	13994
1375000	13998
1375500	14005
1376000	14012
1376500	14021
1377000	14026
1377500	14031
1378000	14035
1378500	14045
1379000	14048
1379500	14049
1380000	14053
1380500	14056
1381000	14062
1381500	14068
1382000	14070
1382500	14075
1383000	14077
1383500	14087
1384000	14091
1384500	14101
1385000	14105
1385500	14112
1386000	14118
1386500	14121
1387000	14125
1387500	14132
1388000	14137
1388500	14143
1389000	14146
1389500	14156
1390000	14161
1390500	14162
1391000	14166
1391500	14169
1392000	14175
1392500	14183
1393000	14192
1393500	14197
1394000	14200
1394500	14206
1395000	14210
1395500	14218
1396000	14221
1396500	14225
1397000	14231
1397500	14237
1398000	14242
1398500	14248
1399000	14255
1399500	14261
1400000	14264
1400500	14268
1401000	14277
1401500	14281
1402000	14286
1402500	14294
1403000	14299
1403500	14302
1404000	14306
1404500	14312
1405000	14320
1405500	14323
1406000	14325
1406500	14328
1407000	14329
1407500	14338
1408000	14343
1408500	14345
1409000	14348
1409500	14354
1410000	14362
1410500	14367
1411000	14373
1411500	14375
1412000	14379
1412500	14384
1413000	14388
1413500	14392
1414000	14394
1414500	14399
1415000	14403
1415500	14406
1416000	14410
1416500	14416
1417000	14420
1417500	14421
1418000	14429
1418500	14434
1419000	14441
1419500	14445
1420000	14455
1420500	14459
1421000	14464
1421500	14469
1422000	14473
1422500	14478
1423000	14485
1423500	14491
1424000	14498
1424500	14503
1425000	14508
1425500	14510
1426000	14515
1426500	14518
1427000	14524
1427500	14531
1428000	14536
1428500	14540
1429000	14551
1429500	14554
1430000	14559
1430500	14562
1431000	14567
1431500	14570
1432000	14578
1432500	14582
1433000	14585
1433500	14592
1434000	14594
1434500	14600
1435000	14604
1435500	14604
1436000	14605
1436500	14612
1437000	14615
1437500	14616
1438000	14625
1438500	14631
1439000	14640
1439500	14642
1440000	14647
1440500	14650
1441000	14658
1441500	14662
1442000	14665
1442500	14668
1443000	14671
1443500	14673
1444000	14676
1444500	14680
1445000	14682
1445500	14687
1446000	14691
1446500	14694
1447000	14697
1447500	14703
1448000	14705
1448500	14708
1449000	14718
1449500	14722
1450000	14728
1450500	14732
1451000	14740
1451500	14747
1452000	14749
1452500	14750
1453000	14751
1453500	14753
1454000	14760
1454500	14764
1455000	14770
1455500	14779
1456000	14781
1456500	14785
1457000	14787
1457500	14792
1458000	14794
1458500	14800
1459000	14804
1459500	14806
1460000	14811
1460500	14816
1461000	14822
1461500	14826
1462000	14829
1462500	14832
1463000	14836
1463500	14840
1464000	14846
1464500	14850
1465000	14857
1465500	14866
1466000	14873
1466500	14876
1467000	14881
1467500	14884
1468000	14887
1468500	14894
1469000	14901
1469500	14906
1470000	14911
1470500	14919
1471000	14925
1471500	14927
1472000	14929
1472500	14933
1473000	14937
1473500	14941
1474000	14945
1474500	14946
1475000	14954
1475500	14957
1476000	14959
1476500	14962
1477000	14967
1477500	14971
1478000	14975
1478500	14979
1479000	14984
1479500	14990
1480000	14994
1480500	15000
1481000	15004
1481500	15009
1482000	15013
1482500	15021
1483000	15026
1483500	15032
1484000	15041
1484500	15042
1485000	15046
1485500	15051
1486000	15056
1486500	15063
1487000	15068
1487500	15069
1488000	15077
1488500	15081
1489000	15088
1489500	15090
1490000	15098
1490500	15107
1491000	15112
1491500	15115
1492000	15120
1492500	15127
1493000	15128
1493500	15133
1494000	15137
1494500	15144
1495000	15149
1495500	15153
1496000	15158
1496500	15162
1497000	15163
1497500	15171
1498000	15177
1498500	15184
1499000	15191
1499500	15198
1500000	15204
1500500	15212
1501000	15217
1501500	15221
1502000	15222
1502500	15225
1503000	15230
1503500	15233
1504000	15240
1504500	15243
1505000	15248
1505500	15257
1506000	15265
1506500	15270
1507000	15273
1507500	15280
1508000	15285
1508500	15289
1509000	15293
1509500	15299
1510000	15306
1510500	15309
1511000	15313
1511500	15317
1512000	15327
1512500	15333
1513000	15343
1513500	15352
1514000	15355
1514500	15363
1515000	15366
1515500	15369
1516000	15374
1516500	15376
1517000	15383
1517500	15386
1518000	15391
1518500	15393
1519000	15396
1519500	15405
1520000	15407
1520500	15412
1521000	15418
1521500	15422
1522000	15427
1522500	15433
1523000	15436
1523500	15438
1524000	15445
1524500	15449
1525000	15453
1525500	15458
1526000	15466
1526500	15474
1527000	15477
1527500	15482
1528000	15487
1528500	15490
1529000	15497
1529500	15500
1530000	15508
1530500	15515
1531000	15518
1531500	15521
1532000	15524
1532500	15527
1533000	15532
1533500	15533
1534000	15538
1534500	15547
1535000	15551
1535500	15555
1536000	15560
1536500	15566
1537000	15569
1537500	15578
1538000	15580
1538500	15584
1539000	15587
1539500	15590
1540000	15597
1540500	15601
1541000	15603
1541500	15609
1542000	15616
1542500	15617
1543000	15621
1543500	15624
1544000	15625
1544500	15629
1545000	15636
1545500	15642
1546000	15648
1546500	15653
1547000	15659
1547500	15666
1548000	15670
1548500	15675
1549000	15676
1549500	15679
1550000	15683
1550500	15691
1551000	15692
1551500	15697
1552000	15702
1552500	15706
1553000	15710
1553500	15717
1554000	15722
1554500	15725
1555000	15729
1555500	15734
1556000	15740
1556500	15744
1557000	15745
1557500	15748
1558000	15752
1558500	15757
1559000	15761
1559500	15767
1560000	15774
1560500	15778
1561000	15786
1561500	15789
1562000	15791
1562500	15796
1563000	15802
1563500	15808
1564000	15812
1564500	15815
1565000	15823
1565500	15827
1566000	15831
1566500	15836
1567000	15844
1567500	15851
1568000	15855
1568500	15859
1569000	15864
1569500	15866
1570000	15872
1570500	15877
1571000	15878
1571500	15881
1572000	15888
1572500	15892
1573000	15896
1573500	15903
1574000	15911
1574500	15915
1575000	15920
1575500	15921
1576000	15926
1576500	15930
1577000	15931
1577500	15937
1578000	15945
1578500	15952
1579000	15957
1579500	15961
1580000	15965
1580500	15973
1581000	15978
1581500	15981
1582000	15986
1582500	15992
1583000	15996
1583500	16004
1584000	16009
1584500	16011
1585000	16015
1585500	16020
1586000	16022
1586500	16029
1587000	16034
1587500	16040
1588000	16046
1588500	16054
1589000	16057
1589500	16063
1590000	16067
1590500	16073
1591000	16079
1591500	16084
1592000	16089
1592500	16098
1593000	16101
1593500	16104
1594000	16107
1594500	16112
1595000	16117
1595500	16124
1596000	16131
1596500	16133
1597000	16137
1597500	16141
1598000	16143
1598500	16147
1599000	16153
1599500	16155
1600000	16160
1600500	16166
1601000	16169
1601500	16172
1602000	16183
1602500	16188
1603000	16191
1603500	16196
1604000	16203
1604500	16205
1605000	16211
1605500	16220
1606000	16222
1606500	16228
1607000	16233
1607500	16237
1608000	16240
1608500	16242
1609000	16248
1609500	16251
1610000	16254
1610500	16259
1611000	16267
1611500	16268
1612000	16270
1612500	16279
1613000	16284
1613500	16287
1614000	16289
1614500	16296
1615000	16300
1615500	16300
1616000	16307
1616500	16313
1617000	16317
1617500	16326
1618000	16329
1618500	16338
1619000	16344
1619500	16350
1620000	16352
1620500	16361
1621000	16366
1621500	16369
1622000	16376
1622500	16380
1623000	16387
1623500	16394
1624000	16397
1624500	16408
1625000	16410
1625500	16415
1626000	16422
1626500	16426
1627000	16432
1627500	16436
1628000	16440
1628500	16442
1629000	16444
1629500	16444
1630000	16449
1630500	16454
1631000	16457
1631500	16465
1632000	16469
1632500	16475
1633000	16484
1633500	16490
1634000	16498
1634500	16504
1635000	16511
1635500	16513
1636000	16517
1636500	16528
1637000	16529
1637500	16535
1638000	16540
1638500	16545
1639000	16549
1639500	16556
1640000	16558
1640500	16561
1641000	16566
1641500	16567
1642000	16571
1642500	16578
1643000	16580
1643500	16585
1644000	16591
1644500	16595
1645000	16597
1645500	16607
1646000	16614
1646500	16619
1647000	16624
1647500	16626
1648000	16631
1648500	16636
1649000	16640
1649500	16644
1650000	16646
1650500	16656
1651000	16660
1651500	16664
1652000	16668
1652500	16673
1653000	16677
1653500	16681
1654000	16688
1654500	16693
1655000	16698
1655500	16703
1656000	16704
1656500	16708
1657000	16713
1657500	16718
1658000	16719
1658500	16723
1659000	16727
1659500	16733
1660000	16743
1660500	16745
1661000	16751
1661500	16759
1662000	16766
1662500	16772
1663000	16780
1663500	16785
1664000	16792
1664500	16795
1665000	16802
1665500	16808
1666000	16811
1666500	16815
1667000	16819
1667500	16822
1668000	16828
1668500	16838
1669000	16845
1669500	16853
1670000	16856
1670500	16861
1671000	16864
1671500	16869
1672000	16873
1672500	16881
1673000	16886
1673500	16888
1674000	16892
1674500	16897
1675000	16902
1675500	16908
1676000	16912
1676500	16919
1677000	16925
1677500	16929
1678000	16932
1678500	16936
1679000	16940
1679500	16941
1680000	16946
1680500	16952
1681000	16957
1681500	16960
1682000	16967
1682500	16969
1683000	16969
1683500	16980
1684000	16990
1684500	16997
1685000	17000
1685500	17001
1686000	17005
1686500	17010
1687000	17016
1687500	17020
1688000	17023
1688500	17031
1689000	17038
1689500	17042
1690000	17050
1690500	17052
1691000	17055
1691500	17061
1692000	17065
1692500	17068
1693000	17073
1693500	17083
1694000	17088
1694500	17091
1695000	17097
1695500	17106
1696000	17109
1696500	17111
1697000	17114
1697500	17118
1698000	17122
1698500	17129
1699000	17131
1699500	17137
1700000	17145
1700500	17151
1701000	17157
1701500	17158
1702000	17159
1702500	17163
1703000	17170
1703500	17179
1704000	17184
1704500	17187
1705000	17193
1705500	17196
1706000	17200
1706500	17205
1707000	17210
1707500	17216
1708000	17219
1708500	17222
1709000	17228
1709500	17233
1710000	17235
1710500	17238
1711000	17247
1711500	17250
1712000	17258
1712500	17263
1713000	17268
1713500	17275
1714000	17280
1714500	17285
1715000	17293
1715500	17298
1716000	17302
1716500	17306
1717000	17312
1717500	17318
1718000	17324
1718500	17324
1719000	17330
1719500	17337
1720000	17345
1720500	17348
1721000	17355
1721500	17359
1722000	17363
1722500	17365
1723000	17368
1723500	17371
1724000	17375
1724500	17382
1725000	17385
1725500	17390
1726000	17394
1726500	17398
1727000	17404
1727500	17413
1728000	17416
1728500	17420
1729000	17422
1729500	17428
1730000	17433
1730500	17433
1731000	17434
1731500	17439
1732000	17442
1732500	17451
1733000	17452
1733500	17457
1734000	17463
1734500	17471
1735000	17474
1735500	17476
1736000	17482
1736500	17487
1737000	17492
1737500	17496
1738000	17503
1738500	17506
1739000	17509
1739500	17516
1740000	17521
1740500	17531
1741000	17538
1741500	17541
1742000	17548
1742500	17555
1743000	17562
1743500	17566
1744000	17570
1744500	17572
1745000	17579
1745500	17583
1746000	17588
1746500	17588
1747000	17594
1747500	17599
1748000	17601
1748500	17605
1749000	17615
1749500	17621
1750000	17622
1750500	17624
1751000	17629
1751500	17636
1752000	17642
1752500	17645
1753000	17652
1753500	17658
1754000	17662
1754500	17667
1755000	17672
1755500	17680
1756000	17687
1756500	17694
1757000	17697
1757500	17700
1758000	17707
1758500	17710
1759000	17718
1759500	17724
1760000	17730
1760500	17737
1761000	17744
1761500	17748
1762000	17752
1762500	17755
1763000	17759
1763500	17762
1764000	17767
1764500	17774
1765000	17782
1765500	17784
1766000	17788
1766500	17791
1767000	17798
1767500	17802
1768000	17805
1768500	17807
1769000	17811
1769500	17814
1770000	17819
1770500	17827
1771000	17833
1771500	17840
1772000	17848
1772500	17855
1773000	17858
1773500	17860
1774000	17862
1774500	17865
1775000	17868
1775500	17876
1776000	17879
1776500	17881
1777000	17888
1777500	17891
1778000	17895
1778500	17899
1779000	17904
1779500	17906
1780000	17915
1780500	17919
1781000	17925
1781500	17930
1782000	17936
1782500	17941
1783000	17947
1783500	17952
1784000	17955
1784500	17959
1785000	17964
1785500	17968
1786000	17974
1786500	17979
1787000	17984
1787500	17989
1788000	17992
1788500	17993
1789000	17999
1789500	18004
1790000	18008
1790500	18012
1791000	18015
1791500	18021
1792000	18028
1792500	18030
1793000	18032
1793500	18037
1794000	18043
1794500	18047
1795000	18052
1795500	18054
1796000	18059
1796500	18070
1797000	18080
1797500	18083
1798000	18086
1798500	18089
1799000	18095
1799500	18102
1800000	18104
1800500	18111
1801000	18116
1801500	18121
1802000	18123
1802500	18127
1803000	18131
1803500	18137
1804000	18142
1804500	18143
1805000	18146
1805500	18150
1806000	18160
1806500	18162
1807000	18168
1807500	18173
1808000	18180
1808500	18183
1809000	18189
1809500	18194
1810000	18197
1810500	18202
1811000	18210
1811500	18214
1812000	18220
1812500	18221
1813000	18225
1813500	18229
1814000	18235
1814500	18243
1815000	18244
1815500	18251
1816000	18255
1816500	18261
1817000	18266
1817500	18272
1818000	18272
1818500	18278
1819000	18285
1819500	18288
1820000	18290
1820500	18295
1821000	18300
1821500	18305
1822000	18307
1822500	18309
1823000	18314
1823500	18319
1824000	18326
1824500	18329
1825000	18338
1825500	18345
1826000	18351
1826500	18353
1827000	18362
1827500	18369
1828000	18371
1828500	18376
1829000	18379
1829500	18384
1830000	18391
1830500	18399
1831000	18403
1831500	18409
1832000	18416
1832500	18420
1833000	18424
1833500	18429
1834000	18434
1834500	18435
1835000	18440
1835500	18442
1836000	18445
1836500	18450
1837000	18452
1837500	18456
1838000	18460
1838500	18463
1839000	18466
1839500	18471
1840000	18477
1840500	18482
1841000	18487
1841500	18490
1842000	18496
1842500	18504
1843000	18507
1843500	18508
1844000	18518
1844500	18521
1845000	18525
1845500	18530
1846000	18537
1846500	18541
1847000	18547
1847500	18553
1848000	18558
1848500	18565
1849000	18570
1849500	18579
1850000	18584
1850500	18586
1851000	18590
1851500	18597
1852000	18597
1852500	18600
1853000	18606
1853500	18609
1854000	18615
1854500	18623
1855000	18625
1855500	18628
1856000	18632
1856500	18638
1857000	18642
1857500	18648
1858000	18655
1858500	18661
1859000	18664
1859500	18673
1860000	18676
1860500	18680
1861000	18684
1861500	18689
1862000	18692
1862500	18698
1863000	18701
1863500	18708
1864000	18715
1864500	18720
1865000	18728
1865500	18734
1866000	18740
1866500	18748
1867000	18755
1867500	18757
1868000	18763
1868500	18770
1869000	18774
1869500	18776
1870000	18781
1870500	18785
1871000	18793
1871500	18798
1872000	18799
1872500	18804
1873000	18810
1873500	18820
1874000	18825
1874500	18833
1875000	18835
1875500	18838
1876000	18845
1876500	18852
1877000	18853
1877500	18858
1878000	18860
1878500	18865
1879000	18870
1879500	18877
1880000	18884
1880500	18890
1881000	18900
1881500	18907
1882000	18913
1882500	18915
1883000	18917
1883500	18919
1884000	18923
1884500	18932
1885000	18937
1885500	18941
1886000	18948
1886500	18958
1887000	18962
1887500	18963
1888000	18967
1888500	18973
1889000	18974
1889500	18978
1890000	18980
1890500	18982
1891000	18985
1891500	18994
1892000	19001
1892500	19006
1893000	19010
1893500	19016
1894000	19023
1894500	19027
1895000	19031
1895500	19033
1896000	19036
1896500	19045
1897000	19048
1897500	19054
1898000	19059
1898500	19064
1899000	19068
1899500	19074
1900000	19078
1900500	19082
1901000	19086
1901500	19094
1902000	19098
1902500	19105
1903000	19109
1903500	19116
1904000	19121
1904500	19127
1905000	19130
1905500	19130
1906000	19138
1906500	19140
1907000	19143
1907500	19148
1908000	19153
1908500	19158
1909000	19164
1909500	19169
1910000	19176
1910500	19182
1911000	19185
1911500	19191
1912000	19192
1912500	19196
1913000	19200
1913500	19206
1914000	19210
1914500	19212
1915000	19220
1915500	19223
1916000	19229
1916500	19235
1917000	19243
1917500	19248
1918000	19253
1918500	19259
1919000	19262
1919500	19265
1920000	19268
1920500	19271
1921000	19277
1921500	19281
1922000	19288
1922500	19294
1923000	19296
1923500	19307
1924000	19316
1924500	19320
1925000	19328
1925500	19328
1926000	19332
1926500	19336
1927000	19339
1927500	19344
1928000	19350
1928500	19354
1929000	19357
1929500	19364
1930000	19366
1930500	19374
1931000	19378
1931500	19383
1932000	19392
1932500	19397
1933000	19401
1933500	19405
1934000	19410
1934500	19411
1935000	19414
1935500	19418
1936000	19423
1936500	19427
1937000	19432
1937500	19439
1938000	19442
1938500	19448
1939000	19451
1939500	19456
1940000	19464
1940500	19468
1941000	19474
1941500	19478
1942000	19483
1942500	19489
1943000	19494
1943500	19500
1944000	19504
1944500	19509
1945000	19513
1945500	19516
1946000	19523
1946500	19528
1947000	19531
1947500	19533
1948000	19536
1948500	19540
1949000	19542
1949500	19550
1950000	19556
1950500	19562
1951000	19563
1951500	19572
1952000	19576
1952500	19580
1953000	19585
1953500	19591
1954000	19596
1954500	19600
1955000	19603
1955500	19605
1956000	19608
1956500	19612
1957000	19614
1957500	19621
1958000	19628
1958500	19635
1959000	19642
1959500	19646
1960000	19648
1960500	19654
1961000	19662
1961500	19669
1962000	19669
1962500	19673
1963000	19675
1963500	19679
1964000	19686
1964500	19689
1965000	19701
1965500	19707
1966000	19713
1966500	19720
1967000	19729
1967500	19735
1968000	19741
1968500	19744
1969000	19755
1969500	19760
1970000	19766
1970500	19771
1971000	19780
1971500	19787
1972000	19792
1972500	19799
1973000	19805
1973500	19809
1974000	19816
1974500	19822
1975000	19826
1975500	19828
1976000	19834
1976500	19839
1977000	19846
1977500	19849
1978000	19853
1978500	19860
1979000	19868
1979500	19876
1980000	19883
1980500	19890
1981000	19898
1981500	19904
1982000	19908
1982500	19909
1983000	19913
1983500	19917
1984000	19921
1984500	19925
1985000	19933
1985500	19938
1986000	19944
1986500	19945
1987000	19948
1987500	19949
1988000	19956
1988500	19965
1989000	19967
1989500	19969
1990000	19973
1990500	19979
1991000	19982
1991500	19992
1992000	19993
1992500	19996
1993000	20003
1993500	20006
1994000	20011
1994500	20016
1995000	20020
1995500	20026
1996000	20032
1996500	20035
1997000	20038
1997500	20049
1998000	20052
1998500	20059
1999000	20064
1999500	20067
2000000	20078
2000500	20087
2001000	20088
2001500	20095
2002000	20102
2002500	20104
2003000	20111
2003500	20114
2004000	20121
2004500	20123
2005000	20128
2005500	20137
2006000	20138
2006500	20141
2007000	20153
2007500	20159
2008000	20165
2008500	20168
2009000	20173
2009500	20178
2010000	20185
2010500	20188
2011000	20192
2011500	20196
2012000	20201
2012500	20206
2013000	20212
2013500	20217
2014000	20223
2014500	20225
2015000	20229
2015500	20235
2016000	20243
2016500	20247
2017000	20252
2017500	20259
2018000	20261
2018500	20268
2019000	20271
2019500	20273
2020000	20279
2020500	20280
2021000	20285
2021500	20290
2022000	20294
2022500	20301
2023000	20307
2023500	20311
2024000	20315
2024500	20320
2025000	20326
2025500	20333
2026000	20341
2026500	20346
2027000	20358
2027500	20367
2028000	20374
2028500	20375
2029000	20381
2029500	20384
2030000	20393
2030500	20394
2031000	20399
2031500	20409
2032000	20413
2032500	20419
2033000	20422
2033500	20429
2034000	20429
2034500	20430
2035000	20437
2035500	20444
2036000	20449
2036500	20456
2037000	20458
2037500	20463
2038000	20465
2038500	20468
2039000	20475
2039500	20481
2040000	20485
2040500	20490
2041000	20495
2041500	20501
2042000	20506
2042500	20511
2043000	20517
2043500	20521
2044000	20524
2044500	20531
2045000	20540
2045500	20544
2046000	20553
2046500	20555
2047000	20557
2047500	20566
2048000	20572
2048500	20580
2049000	20586
2049500	20593
2050000	20597
2050500	20600
2051000	20609
2051500	20617
2052000	20626
2052500	20631
2053000	20639
2053500	20645
2054000	20647
2054500	20651
2055000	20653
2055500	20656
2056000	20659
2056500	20661
2057000	20662
2057500	20671
2058000	20673
2058500	20674
2059000	20677
2059500	20683
2060000	20687
2060500	20692
2061000	20696
2061500	20703
2062000	20706
2062500	20710
2063000	20719
2063500	20726
2064000	20730
2064500	20736
2065000	20740
2065500	20747
2066000	20753
2066500	20760
2067000	20767
2067500	20774
2068000	20777
2068500	20785
2069000	20790
2069500	20796
2070000	20803
2070500	20807
2071000	20810
2071500	20814
2072000	20816
2072500	20821
2073000	20824
2073500	20828
2074000	20834
2074500	20834
2075000	20836
2075500	20841
2076000	20843
2076500	20846
2077000	20849
2077500	20853
2078000	20860
2078500	20865
2079000	20877
2079500	20882
2080000	20888
2080500	20890
2081000	20896
2081500	20901
2082000	20904
2082500	20906
2083000	20910
2083500	20913
2084000	20917
2084500	20923
2085000	20930
2085500	20937
2086000	20943
2086500	20950
2087000	20953
2087500	20959
2088000	20961
2088500	20964
2089000	20968
2089500	20973
2090000	20977
2090500	20983
2091000	20991
2091500	20993
2092000	21002
2092500	21006
2093000	21015
2093500	21021
2094000	21026
2094500	21029
2095000	21033
2095500	21037
2096000	21044
2096500	21046
2097000	21052
2097500	21056
2098000	21060
2098500	21062
2099000	21065
2099500	21070
2100000	21078
2100500	21083
2101000	21088
2101500	21095
2102000	21101
2102500	21108
2103000	21111
2103500	21117
2104000	21122
2104500	21130
2105000	21137
2105500	21140
2106000	21142
2106500	21151
2107000	21154
2107500	21157
2108000	21161
2108500	21166
2109000	21173
2109500	21182
2110000	21184
2110500	21188
2111000	21197
2111500	21201
2112000	21206
2112500	21208
2113000	21210
2113500	21216
2114000	21221
2114500	21223
2115000	21229
2115500	21235
2116000	21237
2116500	21241
2117000	21245
2117500	21246
2118000	21251
2118500	21256
2119000	21260
2119500	21262
2120000	21265
2120500	21269
2121000	21279
2121500	21284
2122000	21287
2122500	21291
2123000	21296
2123500	21300
2124000	21304
2124500	21313
2125000	21319
2125500	21322
2126000	21326
2126500	21333
2127000	21335
2127500	21339
2128000	21341
2128500	21348
2129000	21348
2129500	21351
2130000	21356
2130500	21364
2131000	21366
2131500	21373
2132000	21376
2132500	21378
2133000	21381
2133500	21382
2134000	21386
2134500	21388
2135000	21392
2135500	21399
2136000	21406
2136500	21411
2137000	21412
2137500	21416
2138000	21418
2138500	21423
2139000	21430
2139500	21437
2140000	21443
2140500	21450
2141000	21452
2141500	21456
2142000	21461
2142500	21464
2143000	21468
2143500	21473
2144000	21480
2144500	21486
2145000	21490
2145500	21497
2146000	21501
2146500	21509
2147000	21515
2147500	21517
2148000	21521
2148500	21530
2149000	21533
2149500	21537
2150000	21542
2150500	21543
2151000	21545
2151500	21545
2152000	21546
2152500	21550
2153000	21558
2153500	21564
2154000	21567
2154500	21577
2155000	21583
2155500	21591
2156000	21596
2156500	21605
2157000	21608
2157500	21612
2158000	21616
2158500	21621
2159000	21628
2159500	21634
2160000	21641
2160500	21647
2161000	21654
2161500	21661
2162000	21663
2162500	21666
2163000	21675
2163500	21678
2164000	21679
2164500	21687
2165000	21694
2165500	21700
2166000	21706
2166500	21711
2167000	21719
2167500	21723
2168000	21729
2168500	21735
2169000	21743
2169500	21746
2170000	21755
2170500	21760
2171000	21764
2171500	21771
2172000	21776
2172500	21781
2173000	21788
2173500	21793
2174000	21797
2174500	21798
2175000	21802
2175500	21808
2176000	21817
2176500	21822
2177000	21825
2177500	21837
2178000	21840
2178500	21848
2179000	21850
2179500	21853
2180000	21854
2180500	21862
2181000	21866
2181500	21872
2182000	21882
2182500	21884
2183000	21886
2183500	21890
2184000	21898
2184500	21905
2185000	21910
2185500	21916
2186000	21922
2186500	21927
2187000	21929
2187500	21932
2188000	21938
2188500	21943
2189000	21946
2189500	21950
2190000	21955
2190500	21956
2191000	21960
2191500	21961
2192000	21965
2192500	21971
2193000	21975
2193500	21980
2194000	21982
2194500	21986
2195000	21991
2195500	21999
2196000	22007
2196500	22011
2197000	22014
2197500	22017
2198000	22023
2198500	22030
2199000	22037
2199500	22038
2200000	22042
2200500	22047
2201000	22057
2201500	22061
2202000	22065
2202500	22067
2203000	22069
2203500	22072
2204000	22076
2204500	22082
2205000	22085
2205500	22086
2206000	22090
2206500	22094
2207000	22102
2207500	22107
2208000	22110
2208500	22112
2209000	22123
2209500	22125
2210000	22132
2210500	22133
2211000	22136
2211500	22139
2212000	22143
2212500	22146
2213000	22148
2213500	22156
2214000	22168
2214500	22172
2215000	22177
2215500	22180
2216000	22187
2216500	22192
2217000	22195
2217500	22203
2218000	22211
2218500	22214
2219000	22226
2219500	22231
2220000	22240
2220500	22244
2221000	22246
2221500	22254
2222000	22262
2222500	22270
2223000	22275
2223500	22283
2224000	22285
2224500	22290
2225000	22295
2225500	22301
2226000	22306
2226500	22310
2227000	22315
2227500	22322
2228000	22329
2228500	22334
2229000	22339
2229500	22347
2230000	22354
2230500	22359
2231000	22366
2231500	22368
2232000	22373
2232500	22382
2233000	22385
2233500	22388
2234000	22393
2234500	22398
2235000	22401
2235500	22403
2236000	22411
2236500	22417
2237000	22425
2237500	22426
2238000	22433
2238500	22439
2239000	22442
2239500	22450
2240000	22459
2240500	22465
2241000	22468
2241500	22477
2242000	22480
2242500	22484
2243000	22488
2243500	22492
2244000	22498
2244500	22506
2245000	22513
2245500	22516
2246000	22523
2246500	22532
2247000	22538
2247500	22540
2248000	22548
2248500	22553
2249000	22559
2249500	22562
2250000	22570
2250500	22575
2251000	22578
2251500	22582
2252000	22587
2252500	22594
2253000	22600
2253500	22607
2254000	22612
2254500	22617
2255000	22624
2255500	22626
2256000	22631
2256500	22633
2257000	22636
2257500	22642
2258000	22645
2258500	22649
2259000	22654
2259500	22657
2260000	22663
2260500	22666
2261000	22671
2261500	22677
2262000	22681
2262500	22685
2263000	22688
2263500	22694
2264000	22701
2264500	22706
2265000	22709
2265500	22718
2266000	22724
2266500	22728
2267000	22734
2267500	22741
2268000	22743
2268500	22750
2269000	22755
2269500	22760
2270000	22764
2270500	22769
2271000	22777
2271500	22780
2272000	22786
2272500	22790
2273000	22798
2273500	22803
2274000	22809
2274500	22813
2275000	22817
2275500	22821
2276000	22828
2276500	22832
2277000	22835
2277500	22842
2278000	22849
2278500	22856
2279000	22863
2279500	22868
2280000	22876
2280500	22881
2281000	22887
2281500	22894
2282000	22897
2282500	22900
2283000	22905
2283500	22907
2284000	22915
2284500	22920
2285000	22928
2285500	22929
2286000	22933
2286500	22940
2287000	22944
2287500	22948
2288000	22956
2288500	22965
2289000	22970
2289500	22973
2290000	22978
2290500	22980
2291000	22983
2291500	22985
2292000	22987
2292500	22991
2293000	22994
2293500	22999
2294000	23003
2294500	23007
2295000	23012
2295500	23021
2296000	23022
2296500	23031
2297000	23037
2297500	23042
2298000	23047
2298500	23050
2299000	23052
2299500	23058
2300000	23061
2300500	23065
2301000	23072
2301500	23078
2302000	23081
2302500	23088
2303000	23092
2303500	23095
2304000	23100
2304500	23106
2305000	23114
2305500	23116
2306000	23120
2306500	23126
2307000	23132
2307500	23136
2308000	23137
2308500	23140
2309000	23149
2309500	23156
2310000	23158
2310500	23163
2311000	23172
2311500	23179
2312000	23186
2312500	23190
2313000	23193
2313500	23196
2314000	23199
2314500	23206
2315000	23209
2315500	23214
2316000	23218
2316500	23224
2317000	23228
2317500	23239
2318000	23242
2318500	23244
2319000	23246
2319500	23251
2320000	23257
2320500	23266
2321000	23266
2321500	23271
2322000	23275
2322500	23280
2323000	23283
2323500	23289
2324000	23297
2324500	23304
2325000	23309
2325500	23311
2326000	23314
2326500	23317
2327000	23320
2327500	23333
2328000	23335
2328500	23343
2329000	23348
2329500	23353
2330000	23364
2330500	23368
2331000	23374
2331500	23380
2332000	23383
2332500	23388
2333000	23390
2333500	23398
2334000	23410
2334500	23414
2335000	23419
2335500	23423
2336000	23426
2336500	23430
2337000	23432
2337500	23435
2338000	23442
2338500	23449
2339000	23455
2339500	23458
2340000	23461
2340500	23465
2341000	23468
2341500	23469
2342000	23474
2342500	23477
2343000	23486
2343500	23492
2344000	23498
2344500	23502
2345000	23506
2345500	23512
2346000	23516
2346500	23518
2347000	23521
2347500	23529
2348000	23531
2348500	23535
2349000	23537
2349500	23545
2350000	23551
2350500	23552
2351000	23560
2351500	23568
2352000	23575
2352500	23579
2353000	23582
2353500	23591
2354000	23599
2354500	23600
2355000	23606
2355500	23611
2356000	23615
2356500	23616
2357000	23619
2357500	23620
2358000	23626
2358500	23629
2359000	23634
2359500	23635
2360000	23641
2360500	23645
2361000	23650
2361500	23657
2362000	23660
2362500	23666
2363000	23670
2363500	23673
2364000	23686
2364500	23691
2365000	23697
2365500	23703
2366000	23710
2366500	23714
2367000	23720
2367500	23726
2368000	23732
2368500	23738
2369000	23741
2369500	23746
2370000	23750
2370500	23757
2371000	23766
2371500	23771
2372000	23774
2372500	23779
2373000	23783
2373500	23788
2374000	23792
2374500	23795
2375000	23800
2375500	23803
2376000	23805
2376500	23809
2377000	23814
2377500	23817
2378000	23822
2378500	23830
2379000	23832
2379500	23839
2380000	23842
2380500	23847
2381000	23852
2381500	23855
2382000	23862
2382500	23867
2383000	23869
2383500	23875
2384000	23881
2384500	23883
2385000	23888
2385500	23892
2386000	23895
2386500	23902
2387000	23911
2387500	23915
2388000	23920
2388500	23926
2389000	23929
2389500	23934
2390000	23942
2390500	23949
2391000	23956
2391500	23959
2392000	23964
2392500	23966
2393000	23969
2393500	23974
2394000	23975
2394500	23978
2395000	23985
2395500	23993
2396000	23999
2396500	24002
2397000	24007
2397500	24016
2398000	24018
2398500	24023
2399000	24031
2399500	24031
2400000	24039
2400500	24040
2401000	24048
2401500	24053
2402000	24057
2402500	24063
2403000	24072
2403500	24072
2404000	24078
2404500	24079
2405000	24080
2405500	24085
2406000	24093
2406500	24100
2407000	24104
2407500	24106
2408000	24112
2408500	24115
2409000	24123
2409500	24127
2410000	24132
2410500	24139
2411000	24143
2411500	24148
2412000	24152
2412500	24156
2413000	24161
2413500	24166
2414000	24168
2414500	24171
2415000	24177
2415500	24179
2416000	24186
2416500	24189
2417000	24203
2417500	24208
2418000	24213
2418500	24218
2419000	24220
2419500	24225
2420000	24231
2420500	24236
2421000	24237
2421500	24243
2422000	24248
2422500	24256
2423000	24258
2423500	24261
2424000	24268
2424500	24272
2425000	24277
2425500	24285
2426000	24289
2426500	24293
2427000	24298
2427500	24311
2428000	24313
2428500	24319
2429000	24326
2429500	24330
2430000	24333
2430500	24340
2431000	24346
2431500	24353
2432000	24354
2432500	24363
2433000	24366
2433500	24375
2434000	24379
2434500	24384
2435000	24388
2435500	24399
2436000	24405
2436500	24409
2437000	24413
2437500	24417
2438000	24420
2438500	24424
2439000	24430
2439500	24432
2440000	24442
2440500	24447
2441000	24451
2441500	24457
2442000	24465
2442500	24468
2443000	24476
2443500	24481
2444000	24486
2444500	24488
2445000	24490
2445500	24496
2446000	24498
2446500	24501
2447000	24505
2447500	24510
2448000	24513
2448500	24517
2449000	24522
2449500	24524
2450000	24530
2450500	24532
2451000	24536
2451500	24543
2452000	24551
2452500	24556
2453000	24558
2453500	24560
2454000	24563
2454500	24573
2455000	24578
2455500	24584
2456000	24588
2456500	24591
2457000	24598
2457500	24604
2458000	24609
2458500	24613
2459000	24616
2459500	24622
2460000	24627
2460500	24637
2461000	24645
2461500	24649
2462000	24650
2462500	24653
2463000	24658
2463500	24663
2464000	24667
2464500	24670
2465000	24677
2465500	24684
2466000	24692
2466500	24695
2467000	24701
2467500	24713
2468000	24717
2468500	24720
2469000	24724
2469500	24728
2470000	24732
2470500	24738
2471000	24743
2471500	24747
2472000	24753
2472500	24760
2473000	24767
2473500	24771
2474000	24774
2474500	24778
2475000	24782
2475500	24785
2476000	24791
2476500	24793
2477000	24799
2477500	24807
2478000	24813
2478500	24818
2479000	24823
2479500	24826
2480000	24830
2480500	24835
2481000	24838
2481500	24848
2482000	24851
2482500	24855
2483000	24860
2483500	24863
2484000	24876
2484500	24876
2485000	24882
2485500	24887
2486000	24892
2486500	24903
2487000	24913
2487500	24919
2488000	24929
2488500	24936
2489000	24938
2489500	24943
2490000	24945
2490500	24951
2491000	24957
2491500	24964
2492000	24969
2492500	24972
2493000	24978
2493500	24982
2494000	24986
2494500	24991
2495000	24994
2495500	24999
2496000	25005
2496500	25016
2497000	25017
2497500	25025
2498000	25033
2498500	25036
2499000	25042
2499500	25050
2500000	25053
2500500	25056
2501000	25059
2501500	25066
2502000	25067
2502500	25072
2503000	25078
2503500	25084
2504000	25087
2504500	25091
2505000	25097
2505500	25099
2506000	25100
2506500	25103
2507000	25111
2507500	25115
2508000	25120
2508500	25124
2509000	25130
2509500	25132
2510000	25133
2510500	25135
2511000	25143
2511500	25148
2512000	25150
2512500	25155
2513000	25160
2513500	25164
2514000	25168
2514500	25172
2515000	25177
2515500	25185
2516000	25185
2516500	25188
2517000	25196
2517500	25201
2518000	25205
2518500	25210
2519000	25216
2519500	25222
2520000	25223
2520500	25233
2521000	25237
2521500	25242
2522000	25253
2522500	25259
2523000	25263
2523500	25267
2524000	25273
2524500	25275
2525000	25283
2525500	25293
2526000	25295
2526500	25301
2527000	25302
2527500	25309
2528000	25318
2528500	25319
2529000	25323
2529500	25327
2530000	25332
2530500	25337
2531000	25343
2531500	25349
2532000	25352
2532500	25364
2533000	25370
2533500	25377
2534000	25384
2534500	25390
2535000	25396
2535500	25401
2536000	25409
2536500	25414
2537000	25421
2537500	25426
2538000	25431
2538500	25440
2539000	25441
2539500	25444
2540000	25455
2540500	25460
2541000	25469
2541500	25474
2542000	25481
2542500	25490
2543000	25496
2543500	25503
2544000	25511
2544500	25516
2545000	25519
2545500	25524
2546000	25531
2546500	25538
2547000	25541
2547500	25545
2548000	25550
2548500	25556
2549000	25560
2549500	25562
2550000	25567
2550500	25568
2551000	25573
2551500	25576
2552000	25579
2552500	25589
2553000	25595
2553500	25600
2554000	25604
2554500	25608
2555000	25609
2555500	25613
2556000	25616
2556500	25618
2557000	25627
2557500	25631
2558000	25633
2558500	25638
2559000	25645
2559500	25647
2560000	25652
2560500	25657
2561000	25663
2561500	25668
2562000	25673
2562500	25676
2563000	25679
2563500	25680
2564000	25689
2564500	25692
2565000	25702
2565500	25707
2566000	25709
2566500	25709
2567000	25714
2567500	25719
2568000	25725
2568500	25732
2569000	25738
2569500	25745
2570000	25752
2570500	25756
2571000	25759
2571500	25764
2572000	25768
2572500	25773
2573000	25778
2573500	25784
2574000	25790
2574500	25797
2575000	25800
2575500	25805
2576000	25815
2576500	25821
2577000	25822
2577500	25827
2578000	25838
2578500	25845
2579000	25851
2579500	25855
2580000	25858
2580500	25860
2581000	25867
2581500	25869
2582000	25876
2582500	25881
2583000	25887
2583500	25892
2584000	25899
2584500	25906
2585000	25913
2585500	25916
2586000	25918
2586500	25922
2587000	25924
2587500	25930
2588000	25937
2588500	25943
2589000	25943
2589500	25951
2590000	25955
2590500	25961
2591000	25964
2591500	25971
2592000	25975
2592500	25985
2593000	25990
2593500	25996
2594000	26002
2594500	26009
2595000	26011
2595500	26016
2596000	26023
2596500	26028
2597000	26031
2597500	26038
2598000	26043
2598500	26049
2599000	26057
2599500	26060
2600000	26065
2600500	26069
2601000	26074
2601500	26078
2602000	26084
2602500	26089
2603000	26093
2603500	26096
2604000	26099
2604500	26108
2605000	26112
2605500	26117
2606000	26119
2606500	26123
2607000	26124
2607500	26130
2608000	26133
2608500	26137
2609000	26142
2609500	26146
2610000	26148
2610500	26151
2611000	26154
2611500	26162
2612000	26165
2612500	26169
2613000	26175
2613500	26180
2614000	26183
2614500	26189
2615000	26193
2615500	26201
2616000	26204
2616500	26212
2617000	26220
2617500	26226
2618000	26229
2618500	26231
2619000	26237
2619500	26241
2620000	26246
2620500	26250
2621000	26254
2621500	26258
2622000	26265
2622500	26268
2623000	26273
2623500	26278
2624000	26285
2624500	26297
2625000	26302
2625500	26311
2626000	26315
2626500	26324
2627000	26327
2627500	26329
2628000	26333
2628500	26340
2629000	26348
2629500	26352
2630000	26358
2630500	26360
2631000	26364
2631500	26370
2632000	26378
2632500	26385
2633000	26388
2633500	26390
2634000	26394
2634500	26398
2635000	26402
2635500	26411
2636000	26417
2636500	26423
2637000	26426
2637500	26439
2638000	26443
2638500	26447
2639000	26452
2639500	26454
2640000	26462
2640500	26465
2641000	26470
2641500	26472
2642000	26474
2642500	26476
2643000	26480
2643500	26481
2644000	26487
2644500	26491
2645000	26496
2645500	26500
2646000	26505
2646500	26513
2647000	26517
2647500	26522
2648000	26526
2648500	26530
2649000	26533
2649500	26534
2650000	26540
2650500	26547
2651000	26558
2651500	26562
2652000	26566
2652500	26572
2653000	26579
2653500	26586
2654000	26590
2654500	26598
2655000	26604
2655500	26606
2656000	26613
2656500	26620
2657000	26625
2657500	26631
2658000	26637
2658500	26637
2659000	26639
2659500	26643
2660000	26649
2660500	26653
2661000	26660
2661500	26664
2662000	26671
2662500	26675
2663000	26680
2663500	26689
2664000	26693
2664500	26700
2665000	26706
2665500	26715
2666000	26721
2666500	26724
2667000	26730
2667500	26730
2668000	26736
2668500	26740
2669000	26745
2669500	26747
2670000	26756
2670500	26758
2671000	26764
2671500	26768
2672000	26779
2672500	26783
2673000	26790
2673500	26794
2674000	26796
2674500	26799
2675000	26809
2675500	26813
2676000	26816
2676500	26824
2677000	26827
2677500	26833
2678000	26838
2678500	26844
2679000	26847
2679500	26851
2680000	26857
2680500	26862
2681000	26866
2681500	26873
2682000	26881
2682500	26885
2683000	26899
2683500	26907
2684000	26909
2684500	26914
2685000	26915
2685500	26921
2686000	26924
2686500	26930
2687000	26934
2687500	26938
2688000	26942
2688500	26947
2689000	26952
2689500	26959
2690000	26961
2690500	26965
2691000	26972
2691500	26974
2692000	26980
2692500	26985
2693000	26985
2693500	26992
2694000	26995
2694500	26999
2695000	27001
2695500	27008
2696000	27014
2696500	27022
2697000	27033
2697500	27038
2698000	27044
2698500	27052
2699000	27062
2699500	27070
2700000	27075
2700500	27077
2701000	27082
2701500	27087
2702000	27092
2702500	27095
2703000	27098
2703500	27104
2704000	27110
2704500	27116
2705000	27120
2705500	27125
2706000	27130
2706500	27134
2707000	27137
2707500	27144
2708000	27148
2708500	27153
2709000	27156
2709500	27158
2710000	27168
2710500	27174
2711000	27178
2711500	27183
2712000	27183
2712500	27187
2713000	27192
2713500	27200
2714000	27202
2714500	27209
2715000	27212
2715500	27220
2716000	27223
2716500	27228
2717000	27231
2717500	27236
2718000	27237
2718500	27239
2719000	27243
2719500	27246
2720000	27252
2720500	27254
2721000	27260
2721500	27265
2722000	27265
2722500	27276
2723000	27277
2723500	27280
2724000	27281
2724500	27292
2725000	27296
2725500	27303
2726000	27310
2726500	27315
2727000	27319
2727500	27327
2728000	27336
2728500	27343
2729000	27350
2729500	27352
2730000	27356
2730500	27361
2731000	27367
2731500	27376
2732000	27382
2732500	27385
2733000	27388
2733500	27393
2734000	27400
2734500	27403
2735000	27410
2735500	27417
2736000	27422
2736500	27427
2737000	27430
2737500	27436
2738000	27439
2738500	27441
2739000	27445
2739500	27449
2740000	27453
2740500	27457
2741000	27461
2741500	27468
2742000	27471
2742500	27476
2743000	27479
2743500	27480
2744000	27486
2744500	27488
2745000	27492
2745500	27496
2746000	27501
2746500	27505
2747000	27512
2747500	27516
2748000	27518
2748500	27523
2749000	27530
2749500	27536
2750000	27540
2750500	27543
2751000	27549
2751500	27560
2752000	27564
2752500	27569
2753000	27572
2753500	27573
2754000	27579
2754500	27583
2755000	27591
2755500	27595
2756000	27597
2756500	27599
2757000	27601
2757500	27605
2758000	27611
2758500	27614
2759000	27616
2759500	27620
2760000	27631
2760500	27638
2761000	27644
2761500	27651
2762000	27655
2762500	27657
2763000	27662
2763500	27668
2764000	27676
2764500	27680
2765000	27686
2765500	27691
2766000	27695
2766500	27699
2767000	27702
2767500	27707
2768000	27712
2768500	27722
2769000	27731
2769500	27734
2770000	27740
2770500	27743
2771000	27748
2771500	27754
2772000	27758
2772500	27764
2773000	27767
2773500	27778
2774000	27780
2774500	27784
2775000	27787
2775500	27796
2776000	27806
2776500	27815
2777000	27817
2777500	27817
2778000	27825
2778500	27832
2779000	27832
2779500	27837
2780000	27843
2780500	27849
2781000	27852
2781500	27857
2782000	27858
2782500	27862
2783000	27865
2783500	27871
2784000	27879
2784500	27886
2785000	27889
2785500	27896
2786000	27901
2786500	27905
2787000	27907
2787500	27918
2788000	27925
2788500	27928
2789000	27932
2789500	27935
2790000	27940
2790500	27946
2791000	27952
2791500	27957
2792000	27960
2792500	27964
2793000	27966
2793500	27973
2794000	27978
2794500	27985
2795000	27989
2795500	27992
2796000	27992
2796500	27996
2797000	28003
2797500	28008
2798000	28013
2798500	28016
2799000	28019
2799500	28022
2800000	28027
2800500	28037
2801000	28046
2801500	28048
2802000	28056
2802500	28062
2803000	28069
2803500	28073
2804000	28081
2804500	28086
2805000	28097
2805500	28105
2806000	28112
2806500	28117
2807000	28123
2807500	28126
2808000	28128
2808500	28136
2809000	28141
2809500	28149
2810000	28153
2810500	28154
2811000	28158
2811500	28166
2812000	28172
2812500	28174
2813000	28177
2813500	28181
2814000	28186
2814500	28194
2815000	28199
2815500	28200
2816000	28204
2816500	28207
2817000	28216
2817500	28221
2818000	28229
2818500	28235
2819000	28237
2819500	28245
2820000	28252
2820500	28260
2821000	28265
2821500	28270
2822000	28274
2822500	28280
2823000	28280
2823500	28285
2824000	28287
2824500	28292
2825000	28299
2825500	28307
2826000	28308
2826500	28313
2827000	28321
2827500	28329
2828000	28330
2828500	28336
2829000	28344
2829500	28350
2830000	28356
2830500	28364
2831000	28369
2831500	28376
2832000	28382
2832500	28387
2833000	28392
2833500	28397
2834000	28403
2834500	28407
2835000	28413
2835500	28417
2836000	28424
2836500	28429
2837000	28439
2837500	28441
2838000	28445
2838500	28449
2839000	28451
2839500	28459
2840000	28465
2840500	28468
2841000	28475
2841500	28479
2842000	28484
2842500	28488
2843000	28493
2843500	28498
2844000	28503
2844500	28507
2845000	28509
2845500	28513
2846000	28515
2846500	28519
2847000	28528
2847500	28534
2848000	28539
2848500	28539
2849000	28545
2849500	28555
2850000	28562
2850500	28569
2851000	28572
2851500	28580
2852000	28582
2852500	28588
2853000	28593
2853500	28599
2854000	28605
2854500	28613
2855000	28617
2855500	28620
2856000	28624
2856500	28632
2857000	28636
2857500	28643
2858000	28647
2858500	28653
2859000	28657
2859500	28664
2860000	28667
2860500	28669
2861000	28673
2861500	28682
2862000	28685
2862500	28692
2863000	28697
2863500	28704
2864000	28708
2864500	28714
2865000	28718
2865500	28724
2866000	28730
2866500	28734
2867000	28740
2867500	28741
2868000	28750
2868500	28752
2869000	28758
2869500	28762
2870000	28767
2870500	28774
2871000	28779
2871500	28785
2872000	28789
2872500	28796
2873000	28802
2873500	28809
2874000	28815
2874500	28818
2875000	28822
2875500	28825
2876000	28831
2876500	28837
2877000	28840
2877500	28847
2878000	28851
2878500	28855
2879000	28862
2879500	28869
2880000	28873
2880500	28875
2881000	28879
2881500	28882
2882000	28884
2882500	28892
2883000	28895
2883500	28897
2884000	28901
2884500	28905
2885000	28910
2885500	28911
2886000	28913
2886500	28919
2887000	28927
2887500	28935
2888000	28940
2888500	28945
2889000	28949
2889500	28956
2890000	28961
2890500	28968
2891000	28976
2891500	28982
2892000	28988
2892500	28994
2893000	28999
2893500	29004
2894000	29011
2894500	29017
2895000	29026
2895500	29030
2896000	29034
2896500	29037
2897000	29040
2897500	29045
2898000	29048
2898500	29055
2899000	29057
2899500	29065
2900000	29069
2900500	29075
2901000	29077
2901500	29078
2902000	29080
2902500	29087
2903000	29091
2903500	29097
2904000	29099
2904500	29105
2905000	29115
2905500	29121
2906000	29130
2906500	29133
2907000	29138
2907500	29145
2908000	29147
2908500	29155
2909000	29158
2909500	29162
2910000	29167
2910500	29173
2911000	29177
2911500	29181
2912000	29185
2912500	29190
2913000	29196
2913500	29201
2914000	29204
2914500	29207
2915000	29214
2915500	29217
2916000	29219
2916500	29223
2917000	29229
2917500	29236
2918000	29242
2918500	29244
2919000	29247
2919500	29250
2920000	29254
2920500	29259
2921000	29263
2921500	29268
2922000	29268
2922500	29273
2923000	29277
2923500	29280
2924000	29284
2924500	29287
2925000	29291
2925500	29298
2926000	29305
2926500	29306
2927000	29311
2927500	29315
2928000	29317
2928500	29322
2929000	29328
2929500	29333
2930000	29339
2930500	29343
2931000	29347
2931500	29353
2932000	29361
2932500	29364
2933000	29366
2933500	29372
2934000	29378
2934500	29385
2935000	29390
2935500	29396
2936000	29402
2936500	29405
2937000	29414
2937500	29421
2938000	29426
2938500	29428
2939000	29431
2939500	29436
2940000	29440
2940500	29445
2941000	29448
2941500	29453
2942000	29454
2942500	29458
2943000	29463
2943500	29470
2944000	29474
2944500	29479
2945000	29482
2945500	29486
2946000	29488
2946500	29495
2947000	29502
2947500	29507
2948000	29514
2948500	29521
2949000	29525
2949500	29532
2950000	29535
2950500	29540
2951000	29542
2951500	29550
2952000	29556
2952500	29563
2953000	29570
2953500	29579
2954000	29583
2954500	29590
2955000	29596
2955500	29601
2956000	29605
2956500	29614
2957000	29617
2957500	29622
2958000	29624
2958500	29626
2959000	29632
2959500	29637
2960000	29643
2960500	29652
2961000	29658
2961500	29662
2962000	29664
2962500	29669
2963000	29673
2963500	29676
2964000	29682
2964500	29689
2965000	29696
2965500	29699
2966000	29705
2966500	29706
2967000	29712
2967500	29714
2968000	29715
2968500	29718
2969000	29725
2969500	29733
2970000	29737
2970500	29740
2971000	29745
2971500	29751
2972000	29755
2972500	29756
2973000	29764
2973500	29766
2974000	29770
2974500	29771
2975000	29777
2975500	29786
2976000	29796
2976500	29801
2977000	29804
2977500	29807
2978000	29816
2978500	29826
2979000	29833
2979500	29834
2980000	29840
2980500	29842
2981000	29847
2981500	29851
2982000	29855
2982500	29860
2983000	29862
2983500	29866
2984000	29871
2984500	29875
2985000	29884
2985500	29888
2986000	29895
2986500	29900
2987000	29907
2987500	29911
2988000	29916
2988500	29919
2989000	29928
2989500	29933
2990000	29935
2990500	29937
2991000	29943
2991500	29945
2992000	29949
2992500	29956
2993000	29960
2993500	29963
2994000	29968
2994500	29972
2995000	29980
2995500	29982
2996000	29985
2996500	29985
2997000	29995
2997500	29997
2998000	30003
2998500	30009
2999000	30020
2999500	30026
3000000	30030
3000500	30032
3001000	30038
3001500	30043
3002000	30045
3002500	30050
3003000	30057
3003500	30062
3004000	30065
3004500	30065
3005000	30072
3005500	30075
3006000	30082
3006500	30087
3007000	30092
3007500	30098
3008000	30103
3008500	30110
3009000	30114
3009500	30119
3010000	30124
3010500	30124
3011000	30132
3011500	30141
3012000	30152
3012500	30155
3013000	30165
3013500	30169
3014000	30173
3014500	30178
3015000	30181
3015500	30184
3016000	30190
3016500	30193
3017000	30195
3017500	30198
3018000	30203
3018500	30208
3019000	30216
3019500	30219
3020000	30225
3020500	30232
3021000	30237
3021500	30247
3022000	30252
3022500	30254
3023000	30260
3023500	30262
3024000	30265
3024500	30269
3025000	30273
3025500	30283
3026000	30283
3026500	30286
3027000	30288
3027500	30291
3028000	30298
3028500	30305
3029000	30308
3029500	30313
3030000	30317
3030500	30324
3031000	30327
3031500	30329
3032000	30335
3032500	30339
3033000	30343
3033500	30352
3034000	30359
3034500	30367
3035000	30372
3035500	30375
3036000	30378
3036500	30382
3037000	30385
3037500	30393
3038000	30400
3038500	30404
3039000	30408
3039500	30412
3040000	30419
3040500	30422
3041000	30422
3041500	30430
3042000	30435
3042500	30439
3043000	30445
3043500	30446
3044000	30450
3044500	30454
3045000	30459
3045500	30463
3046000	30467
3046500	30473
3047000	30477
3047500	30485
3048000	30489
3048500	30497
3049000	30500
3049500	30504
3050000	30508
3050500	30509
3051000	30512
3051500	30521
3052000	30526
3052500	30532
3053000	30534
3053500	30539
3054000	30542
3054500	30547
3055000	30549
3055500	30556
3056000	30560
3056500	30562
3057000	30568
3057500	30574
3058000	30580
3058500	30585
3059000	30588
3059500	30593
3060000	30602
3060500	30611
3061000	30616
3061500	30626
3062000	30629
3062500	30634
3063000	30636
3063500	30638
3064000	30640
3064500	30643
3065000	30650
3065500	30653
3066000	30659
3066500	30663
3067000	30665
3067500	30668
3068000	30675
3068500	30681
3069000	30683
3069500	30688
3070000	30694
3070500	30697
3071000	30702
3071500	30707
3072000	30709
3072500	30713
3073000	30718
3073500	30727
3074000	30731
3074500	30735
3075000	30741
3075500	30743
3076000	30746
3076500	30753
3077000	30764
3077500	30765
3078000	30769
3078500	30774
3079000	30779
3079500	30788
3080000	30790
3080500	30797
3081000	30800
3081500	30805
3082000	30806
3082500	30811
3083000	30817
3083500	30825
3084000	30835
3084500	30838
3085000	30840
3085500	30846
3086000	30848
3086500	30850
3087000	30857
3087500	30859
3088000	30863
3088500	30869
3089000	30878
3089500	30889
3090000	30894
3090500	30897
3091000	30901
3091500	30903
3092000	30907
3092500	30909
3093000	30919
3093500	30921
3094000	30927
3094500	30930
3095000	30932
3095500	30938
3096000	30944
3096500	30949
3097000	30954
3097500	30958
3098000	30959
3098500	30963
3099000	30971
3099500	30977
3100000	30982
3100500	30987
3101000	30991
3101500	30996
3102000	30998
3102500	31004
3103000	31006
3103500	31010
3104000	31015
3104500	31019
3105000	31021
3105500	31024
3106000	31032
3106500	31036
3107000	31041
3107500	31046
3108000	31051
3108500	31058
3109000	31065
3109500	31075
3110000	31082
3110500	31089
3111000	31096
3111500	31101
3112000	31108
3112500	31115
3113000	31118
3113500	31124
3114000	31129
3114500	31134
3115000	31136
3115500	31140
3116000	31145
3116500	31150
3117000	31156
3117500	31163
3118000	31171
3118500	31173
3119000	31177
3119500	31182
3120000	31189
3120500	31195
3121000	31197
3121500	31203
3122000	31206
3122500	31209
3123000	31213
3123500	31218
3124000	31225
3124500	31241
3125000	31252
3125500	31256
3126000	31259
3126500	31261
3127000	31266
3127500	31275
3128000	31281
3128500	31286
3129000	31290
3129500	31295
3130000	31301
3130500	31307
3131000	31314
3131500	31322
3132000	31326
3132500	31337
3133000	31347
3133500	31355
3134000	31361
3134500	31367
3135000	31375
3135500	31381
3136000	31383
3136500	31388
3137000	31395
3137500	31401
3138000	31406
3138500	31412
3139000	31418
3139500	31422
3140000	31425
3140500	31430
3141000	31436
3141500	31439
3142000	31444
3142500	31449
3143000	31453
3143500	31456
3144000	31462
3144500	31472
3145000	31476
3145500	31485
3146000	31490
3146500	31493
3147000	31501
3147500	31506
3148000	31512
3148500	31518
3149000	31522
3149500	31529
3150000	31533
3150500	31541
3151000	31548
3151500	31551
3152000	31556
3152500	31565
3153000	31571
3153500	31575
3154000	31577
3154500	31586
3155000	31593
3155500	31601
3156000	31604
3156500	31608
3157000	31611
3157500	31614
3158000	31620
3158500	31622
3159000	31627
3159500	31634
3160000	31641
3160500	31645
3161000	31649
3161500	31656
3162000	31660
3162500	31666
3163000	31675
3163500	31679
3164000	31682
3164500	31688
3165000	31690
3165500	31694
3166000	31702
3166500	31709
3167000	31712
3167500	31718
3168000	31725
3168500	31732
3169000	31741
3169500	31749
3170000	31751
3170500	31757
3171000	31762
3171500	31769
3172000	31775
3172500	31779
3173000	31785
3173500	31793
3174000	31803
3174500	31808
3175000	31814
3175500	31819
3176000	31829
3176500	31834
3177000	31841
3177500	31844
3178000	31849
3178500	31853
3179000	31855
3179500	31860
3180000	31866
3180500	31871
3181000	31878
3181500	31881
3182000	31888
3182500	31891
3183000	31894
3183500	31901
3184000	31907
3184500	31910
3185000	31915
3185500	31918
3186000	31920
3186500	31928
3187000	31936
3187500	31939
3188000	31945
3188500	31951
3189000	31955
3189500	31958
3190000	31966
3190500	31968
3191000	31972
3191500	31979
3192000	31984
3192500	31988
3193000	31993
3193500	31997
3194000	32001
3194500	32004
3195000	32014
3195500	32017
3196000	32025
3196500	32030
3197000	32031
3197500	32033
3198000	32039
3198500	32043
3199000	32047
3199500	32051
3200000	32055
3200500	32057
3201000	32059
3201500	32067
3202000	32072
3202500	32075
3203000	32079
3203500	32085
3204000	32090
3204500	32101
3205000	32104
3205500	32109
3206000	32117
3206500	32125
3207000	32128
3207500	32133
3208000	32138
3208500	32142
3209000	32148
3209500	32153
3210000	32158
3210500	32160
3211000	32161
3211500	32163
3212000	32168
3212500	32171
3213000	32178
3213500	32181
3214000	32188
3214500	32194
3215000	32201
3215500	32205
3216000	32211
3216500	32213
3217000	32219
3217500	32225
3218000	32231
3218500	32236
3219000	32239
3219500	32242
3220000	32248
3220500	32250
3221000	32255
3221500	32258
3222000	32260
3222500	32268
3223000	32271
3223500	32274
3224000	32280
3224500	32282
3225000	32289
3225500	32294
3226000	32301
3226500	32308
3227000	32309
3227500	32312
3228000	32314
3228500	32317
3229000	32319
3229500	32328
3230000	32332
3230500	32335
3231000	32337
3231500	32339
3232000	32348
3232500	32350
3233000	32354
3233500	32356
3234000	32360
3234500	32363
3235000	32367
3235500	32373
3236000	32376
3236500	32381
3237000	32392
3237500	32397
3238000	32401
3238500	32408
3239000	32414
3239500	32416
3240000	32418
3240500	32424
3241000	32433
3241500	32441
3242000	32446
3242500	32450
3243000	32453
3243500	32460
3244000	32466
3244500	32467
3245000	32474
3245500	32485
3246000	32490
3246500	32494
3247000	32496
3247500	32503
3248000	32506
3248500	32512
3249000	32520
3249500	32527
3250000	32530
3250500	32534
3251000	32537
3251500	32539
3252000	32540
3252500	32542
3253000	32547
3253500	32551
3254000	32554
3254500	32556
3255000	32559
3255500	32565
3256000	32569
3256500	32574
3257000	32578
3257500	32586
3258000	32588
3258500	32591
3259000	32595
3259500	32600
3260000	32602
3260500	32606
3261000	32611
3261500	32613
3262000	32616
3262500	32618
3263000	32622
3263500	32627
3264000	32632
3264500	32639
3265000	32643
3265500	32648
3266000	32657
3266500	32661
3267000	32667
3267500	32672
3268000	32676
3268500	32682
3269000	32686
3269500	32695
3270000	32701
3270500	32705
3271000	32713
3271500	32719
3272000	32725
3272500	32732
3273000	32736
3273500	32740
3274000	32746
3274500	32752
3275000	32752
3275500	32753
3276000	32756
3276500	32765
3277000	32767
3277500	32775
3278000	32784
3278500	32789
3279000	32794
3279500	32798
3280000	32803
3280500	32809
3281000	32816
3281500	32825
3282000	32831
3282500	32835
3283000	32843
3283500	32848
3284000	32853
3284500	32860
3285000	32869
3285500	32871
3286000	32876
3286500	32884
3287000	32895
3287500	32900
3288000	32903
3288500	32913
3289000	32919
3289500	32924
3290000	32930
3290500	32933
3291000	32940
3291500	32944
3292000	32946
3292500	32948
3293000	32954
3293500	32957
3294000	32959
3294500	32963
3295000	32970
3295500	32973
3296000	32976
3296500	32978
3297000	32981
3297500	32986
3298000	32989
3298500	32998
3299000	33001
3299500	33006
3300000	33012
3300500	33015
3301000	33018
3301500	33023
3302000	33029
3302500	33032
3303000	33036
3303500	33041
3304000	33046
3304500	33051
3305000	33059
3305500	33061
3306000	33063
3306500	33067
3307000	33073
3307500	33077
3308000	33080
3308500	33087
3309000	33090
3309500	33098
3310000	33098
3310500	33099
3311000	33104
3311500	33105
3312000	33112
3312500	33116
3313000	33120
3313500	33123
3314000	33128
3314500	33132
3315000	33136
3315500	33140
3316000	33147
3316500	33151
3317000	33157
3317500	33163
3318000	33165
3318500	33169
3319000	33177
3319500	33180
3320000	33186
3320500	33198
3321000	33207
3321500	33212
3322000	33217
3322500	33218
3323000	33222
3323500	33225
3324000	33227
3324500	33227
3325000	33233
3325500	33237
3326000	33242
3326500	33246
3327000	33252
3327500	33256
3328000	33262
3328500	33265
3329000	33270
3329500	33273
3330000	33277
3330500	33280
3331000	33284
3331500	33287
3332000	33289
3332500	33294
3333000	33296
3333500	33300
3334000	33309
3334500	33313
3335000	33319
3335500	33323
3336000	33326
3336500	33330
3337000	33334
3337500	33340
3338000	33344
3338500	33346
3339000	33349
3339500	33353
3340000	33355
3340500	33364
3341000	33373
3341500	33383
3342000	33390
3342500	33396
3343000	33399
3343500	33404
3344000	33405
3344500	33409
3345000	33413
3345500	33416
3346000	33417
3346500	33419
3347000	33428
3347500	33433
3348000	33439
3348500	33442
3349000	33448
3349500	33450
3350000	33458
3350500	33464
3351000	33471
3351500	33483
3352000	33490
3352500	33495
3353000	33505
3353500	33510
3354000	33512
3354500	33512
3355000	33517
3355500	33521
3356000	33524
3356500	33530
3357000	33538
3357500	33541
3358000	33543
3358500	33547
3359000	33548
3359500	33549
3360000	33555
3360500	33559
3361000	33565
3361500	33567
3362000	33575
3362500	33577
3363000	33583
3363500	33587
3364000	33593
3364500	33595
3365000	33604
3365500	33608
3366000	33613
3366500	33618
3367000	33623
3367500	33626
3368000	33630
3368500	33634
3369000	33638
3369500	33641
3370000	33646
3370500	33654
3371000	33657
3371500	33662
3372000	33667
3372500	33671
3373000	33677
3373500	33680
3374000	33684
3374500	33697
3375000	33701
3375500	33707
3376000	33711
3376500	33715
3377000	33721
3377500	33724
3378000	33726
3378500	33731
3379000	33734
3379500	33741
3380000	33744
3380500	33750
3381000	33753
3381500	33755
3382000	33761
3382500	33768
3383000	33774
3383500	33778
3384000	33780
3384500	33783
3385000	33786
3385500	33791
3386000	33800
3386500	33804
3387000	33808
3387500	33818
3388000	33826
3388500	33831
3389000	33844
3389500	33849
3390000	33857
3390500	33863
3391000	33867
3391500	33867
3392000	33870
3392500	33875
3393000	33882
3393500	33886
3394000	33894
3394500	33896
3395000	33901
3395500	33903
3396000	33905
3396500	33913
3397000	33916
3397500	33925
3398000	33930
3398500	33935
3399000	33938
3399500	33941
3400000	33942
3400500	33945
3401000	33951
3401500	33954
3402000	33964
3402500	33968
3403000	33974
3403500	33977
3404000	33984
3404500	33989
3405000	33993
3405500	33996
3406000	34002
3406500	34010
3407000	34014
3407500	34018
3408000	34021
3408500	34027
3409000	34031
3409500	34038
3410000	34044
3410500	34052
3411000	34056
3411500	34062
3412000	34069
3412500	34073
3413000	34078
3413500	34079
3414000	34087
3414500	34091
3415000	34097
3415500	34101
3416000	34110
3416500	34119
3417000	34125
3417500	34128
3418000	34132
3418500	34135
3419000	34139
3419500	34144
3420000	34151
3420500	34155
3421000	34159
3421500	34161
3422000	34166
3422500	34167
3423000	34174
3423500	34177
3424000	34182
3424500	34183
3425000	34188
3425500	34199
3426000	34202
3426500	34208
3427000	34213
3427500	34214
3428000	34219
3428500	34222
3429000	34225
3429500	34230
3430000	34236
3430500	34247
3431000	34259
3431500	34267
3432000	34270
3432500	34273
3433000	34279
3433500	34283
3434000	34289
3434500	34290
3435000	34295
3435500	34299
3436000	34302
3436500	34309
3437000	34314
3437500	34320
3438000	34324
3438500	34328
3439000	34334
3439500	34341
3440000	34346
3440500	34352
3441000	34354
3441500	34357
3442000	34362
3442500	34368
3443000	34371
3443500	34376
3444000	34384
3444500	34387
3445000	34393
3445500	34401
3446000	34407
3446500	34411
3447000	34416
3447500	34417
3448000	34420
3448500	34426
3449000	34430
3449500	34440
3450000	34446
3450500	34453
3451000	34455
3451500	34457
3452000	34462
3452500	34464
3453000	34471
3453500	34474
3454000	34479
3454500	34486
3455000	34491
3455500	34496
3456000	34503
3456500	34505
3457000	34507
3457500	34516
3458000	34523
3458500	34529
3459000	34531
3459500	34535
3460000	34539
3460500	34546
3461000	34551
3461500	34555
3462000	34558
3462500	34564
3463000	34571
3463500	34576
3464000	34577
3464500	34582
3465000	34587
3465500	34590
3466000	34593
3466500	34597
3467000	34600
3467500	34606
3468000	34613
3468500	34618
3469000	34621
3469500	34630
3470000	34634
3470500	34636
3471000	34640
3471500	34646
3472000	34651
3472500	34654
3473000	34659
3473500	34665
3474000	34671
3474500	34678
3475000	34681
3475500	34685
3476000	34688
3476500	34693
3477000	34696
3477500	34706
3478000	34713
3478500	34719
3479000	34727
3479500	34733
3480000	34736
3480500	34740
3481000	34742
3481500	34747
3482000	34756
3482500	34764
3483000	34769
3483500	34772
3484000	34776
3484500	34782
3485000	34789
3485500	34794
3486000	34805
3486500	34809
3487000	34814
3487500	34819
3488000	34823
3488500	34828
3489000	34832
3489500	34837
3490000	34846
3490500	34856
3491000	34859
3491500	34863
3492000	34869
3492500	34873
3493000	34875
3493500	34880
3494000	34886
3494500	34891
3495000	34899
3495500	34910
3496000	34915
3496500	34921
3497000	34925
3497500	34932
3498000	34937
3498500	34943
3499000	34949
3499500	34953
3500000	34957
3500500	34962
3501000	34968
3501500	34972
3502000	34985
3502500	34988
3503000	34991
3503500	34999
3504000	35002
3504500	35006
3505000	35013
3505500	35017
3506000	35021
3506500	35029
3507000	35037
3507500	35041
3508000	35048
3508500	35052
3509000	35059
3509500	35065
3510000	35068
3510500	35071
3511000	35073
3511500	35078
3512000	35088
3512500	35096
3513000	35099
3513500	35105
3514000	35110
3514500	35116
3515000	35118
3515500	35122
3516000	35132
3516500	35137
3517000	35146
3517500	35149
3518000	35153
3518500	35164
3519000	35171
3519500	35176
3520000	35184
3520500	35188
3521000	35190
3521500	35194
3522000	35197
3522500	35200
3523000	35205
3523500	35210
3524000	35214
3524500	35217
3525000	35222
3525500	35225
3526000	35228
3526500	35232
3527000	35236
3527500	35242
3528000	35248
3528500	35251
3529000	35253
3529500	35258
3530000	35261
3530500	35266
3531000	35274
3531500	35279
3532000	35282
3532500	35290
3533000	35293
3533500	35295
3534000	35302
3534500	35303
3535000	35306
3535500	35309
3536000	35318
3536500	35326
3537000	35330
3537500	35336
3538000	35342
3538500	35346
3539000	35350
3539500	35359
3540000	35364
3540500	35367
3541000	35372
3541500	35377
3542000	35388
3542500	35392
3543000	35394
3543500	35398
3544000	35400
3544500	35406
3545000	35411
3545500	35413
3546000	35419
3546500	35422
3547000	35429
3547500	35432
3548000	35437
3548500	35442
3549000	35448
3549500	35451
3550000	35457
3550500	35465
3551000	35471
3551500	35476
3552000	35481
3552500	35485
3553000	35492
3553500	35494
3554000	35498
3554500	35506
3555000	35511
3555500	35515
3556000	35519
3556500	35519
3557000	35530
3557500	35534
3558000	35540
3558500	35543
3559000	35546
3559500	35553
3560000	35558
3560500	35566
3561000	35573
3561500	35576
3562000	35580
3562500	35587
3563000	35589
3563500	35596
3564000	35604
3564500	35611
3565000	35614
3565500	35621
3566000	35627
3566500	35627
3567000	35630
3567500	35635
3568000	35640
3568500	35645
3569000	35647
3569500	35653
3570000	35659
3570500	35663
3571000	35669
3571500	35672
3572000	35677
3572500	35681
3573000	35685
3573500	35687
3574000	35693
3574500	35695
3575000	35700
3575500	35706
3576000	35718
3576500	35723
3577000	35725
3577500	35730
3578000	35737
3578500	35739
3579000	35746
3579500	35752
3580000	35758
3580500	35767
3581000	35772
3581500	35778
3582000	35784
3582500	35788
3583000	35791
3583500	35798
3584000	35803
3584500	35811
3585000	35820
3585500	35824
3586000	35831
3586500	35836
3587000	35838
3587500	35843
3588000	35847
3588500	35849
3589000	35853
3589500	35856
3590000	35856
3590500	35859
3591000	35859
3591500	35863
3592000	35867
3592500	35872
3593000	35876
3593500	35882
3594000	35890
3594500	35895
3595000	35897
3595500	35902
3596000	35907
3596500	35911
3597000	35915
3597500	35918
3598000	35927
3598500	35935
3599000	35945
3599500	35960
3600000	35965
3600500	35970
3601000	35974
3601500	35980
3602000	35985
3602500	35987
3603000	35996
3603500	35997
3604000	36004
3604500	36009
3605000	36014
3605500	36019
3606000	36026
3606500	36032
3607000	36034
3607500	36036
3608000	36041
3608500	36045
3609000	36053
3609500	36064
3610000	36065
3610500	36069
3611000	36074
3611500	36080
3612000	36087
3612500	36091
3613000	36095
3613500	36105
3614000	36110
3614500	36118
3615000	36125
3615500	36132
3616000	36139
3616500	36146
3617000	36152
3617500	36161
3618000	36163
3618500	36166
3619000	36174
3619500	36179
3620000	36182
3620500	36188
3621000	36191
3621500	36197
3622000	36198
3622500	36206
3623000	36208
3623500	36211
3624000	36216
3624500	36225
3625000	36238
3625500	36244
3626000	36251
3626500	36252
3627000	36257
3627500	36259
3628000	36265
3628500	36268
3629000	36274
3629500	36279
3630000	36280
3630500	36286
3631000	36289
3631500	36294
3632000	36296
3632500	36299
3633000	36302
3633500	36308
3634000	36316
3634500	36324
3635000	36327
3635500	36332
3636000	36339
3636500	36347
3637000	36355
3637500	36361
3638000	36372
3638500	36383
3639000	36390
3639500	36400
3640000	36405
3640500	36411
3641000	36413
3641500	36419
3642000	36421
3642500	36429
3643000	36432
3643500	36435
3644000	36439
3644500	36443
3645000	36448
3645500	36455
3646000	36464
3646500	36469
3647000	36472
3647500	36475
3648000	36484
3648500	36488
3649000	36492
3649500	36493
3650000	36500
3650500	36507
3651000	36512
3651500	36515
3652000	36524
3652500	36529
3653000	36533
3653500	36537
3654000	36541
3654500	36547
3655000	36552
3655500	36564
3656000	36568
3656500	36573
3657000	36576
3657500	36583
3658000	36591
3658500	36596
3659000	36601
3659500	36606
3660000	36610
3660500	36620
3661000	36627
3661500	36635
3662000	36636
3662500	36644
3663000	36652
3663500	36656
3664000	36660
3664500	36664
3665000	36674
3665500	36682
3666000	36686
3666500	36691
3667000	36700
3667500	36704
3668000	36708
3668500	36715
3669000	36724
3669500	36728
3670000	36731
3670500	36736
3671000	36739
3671500	36741
3672000	36747
3672500	36750
3673000	36759
3673500	36763
3674000	36767
3674500	36769
3675000	36772
3675500	36778
3676000	36782
3676500	36782
3677000	36794
3677500	36799
3678000	36804
3678500	36813
3679000	36816
3679500	36818
3680000	36822
3680500	36825
3681000	36830
3681500	36832
3682000	36835
3682500	36842
3683000	36845
3683500	36849
3684000	36852
3684500	36864
3685000	36868
3685500	36874
3686000	36879
3686500	36881
3687000	36885
3687500	36893
3688000	36894
3688500	36897
3689000	36904
3689500	36912
3690000	36920
3690500	36925
3691000	36931
3691500	36940
3692000	36942
3692500	36947
3693000	36956
3693500	36963
3694000	36971
3694500	36980
3695000	36983
3695500	36987
3696000	36989
3696500	36994
3697000	36999
3697500	37002
3698000	37003
3698500	37011
3699000	37015
3699500	37026
3700000	37032
3700500	37036
3701000	37041
3701500	37047
3702000	37051
3702500	37056
3703000	37062
3703500	37073
3704000	37074
3704500	37083
3705000	37086
3705500	37092
3706000	37100
3706500	37106
3707000	37118
3707500	37121
3708000	37125
3708500	37130
3709000	37135
3709500	37143
3710000	37144
3710500	37151
3711000	37156
3711500	37162
3712000	37166
3712500	37170
3713000	37173
3713500	37177
3714000	37184
3714500	37187
3715000	37189
3715500	37191
3716000	37198
3716500	37202
3717000	37206
3717500	37216
3718000	37220
3718500	37224
3719000	37228
3719500	37228
3720000	37231
3720500	37237
3721000	37243
3721500	37248
3722000	37253
3722500	37259
3723000	37262
3723500	37267
3724000	37274
3724500	37279
3725000	37283
3725500	37287
3726000	37294
3726500	37306
3727000	37309
3727500	37313
3728000	37318
3728500	37323
3729000	37324
3729500	37332
3730000	37338
3730500	37345
3731000	37351
3731500	37355
3732000	37358
3732500	37358
3733000	37360
3733500	37366
3734000	37372
3734500	37376
3735000	37383
3735500	37386
3736000	37391
3736500	37393
3737000	37398
3737500	37406
3738000	37407
3738500	37408
3739000	37411
3739500	37415
3740000	37417
3740500	37424
3741000	37427
3741500	37436
3742000	37442
3742500	37446
3743000	37455
3743500	37460
3744000	37468
3744500	37471
3745000	37475
3745500	37478
3746000	37487
3746500	37492
3747000	37496
3747500	37502
3748000	37508
3748500	37511
3749000	37519
3749500	37519
3750000	37524
3750500	37526
3751000	37530
3751500	37537
3752000	37539
3752500	37543
3753000	37547
3753500	37551
3754000	37555
3754500	37561
3755000	37569
3755500	37573
3756000	37574
3756500	37581
3757000	37582
3757500	37587
3758000	37591
3758500	37597
3759000	37605
3759500	37609
3760000	37614
3760500	37615
3761000	37617
3761500	37626
3762000	37631
3762500	37638
3763000	37646
3763500	37651
3764000	37652
3764500	37658
3765000	37662
3765500	37664
3766000	37668
3766500	37674
3767000	37678
3767500	37684
3768000	37693
3768500	37698
3769000	37702
3769500	37704
3770000	37712
3770500	37715
3771000	37722
3771500	37729
3772000	37733
3772500	37740
3773000	37746
3773500	37753
3774000	37761
3774500	37764
3775000	37768
3775500	37774
3776000	37780
3776500	37785
3777000	37791
3777500	37797
3778000	37804
3778500	37811
3779000	37816
3779500	37819
3780000	37824
3780500	37828
3781000	37834
3781500	37837
3782000	37847
3782500	37855
3783000	37860
3783500	37864
3784000	37870
3784500	37877
3785000	37886
3785500	37891
3786000	37894
3786500	37906
3787000	37908
3787500	37912
3788000	37914
3788500	37916
3789000	37918
3789500	37927
3790000	37936
3790500	37941
3791000	37945
3791500	37948
3792000	37953
3792500	37957
3793000	37961
3793500	37965
3794000	37971
3794500	37976
3795000	37980
3795500	37989
3796000	37995
3796500	37998
3797000	38002
3797500	38009
3798000	38015
3798500	38021
3799000	38024
3799500	38029
3800000	38032
3800500	38035
3801000	38041
3801500	38044
3802000	38047
3802500	38051
3803000	38056
3803500	38063
3804000	38067
3804500	38071
3805000	38074
3805500	38081
3806000	38085
3806500	38086
3807000	38088
3807500	38090
3808000	38093
3808500	38097
3809000	38102
3809500	38105
3810000	38110
3810500	38115
3811000	38118
3811500	38125
3812000	38130
3812500	38134
3813000	38137
3813500	38145
3814000	38153
3814500	38164
3815000	38168
3815500	38172
3816000	38177
3816500	38181
3817000	38183
3817500	38187
3818000	38193
3818500	38196
3819000	38202
3819500	38206
3820000	38212
3820500	38218
3821000	38226
3821500	38228
3822000	38234
3822500	38238
3823000	38244
3823500	38254
3824000	38261
3824500	38262
3825000	38268
3825500	38274
3826000	38281
3826500	38285
3827000	38293
3827500	38300
3828000	38305
3828500	38314
3829000	38320
3829500	38321
3830000	38325
3830500	38333
3831000	38337
3831500	38342
3832000	38349
3832500	38358
3833000	38364
3833500	38369
3834000	38377
3834500	38386
3835000	38392
3835500	38398
3836000	38403
3836500	38406
3837000	38414
3837500	38417
3838000	38424
3838500	38430
3839000	38432
3839500	38434
3840000	38437
3840500	38440
3841000	38442
3841500	38448
3842000	38451
3842500	38455
3843000	38463
3843500	38466
3844000	38472
3844500	38478
3845000	38487
3845500	38492
3846000	38494
3846500	38501
3847000	38506
3847500	38510
3848000	38517
3848500	38528
3849000	38531
3849500	38537
3850000	38542
3850500	38546
3851000	38553
3851500	38561
3852000	38566
3852500	38570
3853000	38571
3853500	38572
3854000	38582
3854500	38596
3855000	38600
3855500	38601
3856000	38608
3856500	38615
3857000	38622
3857500	38627
3858000	38632
3858500	38634
3859000	38641
3859500	38644
3860000	38646
3860500	38651
3861000	38656
3861500	38659
3862000	38667
3862500	38670
3863000	38674
3863500	38682
3864000	38689
3864500	38694
3865000	38695
3865500	38700
3866000	38703
3866500	38713
3867000	38723
3867500	38726
3868000	38728
3868500	38733
3869000	38737
3869500	38739
3870000	38743
3870500	38748
3871000	38751
3871500	38756
3872000	38761
3872500	38766
3873000	38772
3873500	38777
3874000	38782
3874500	38787
3875000	38794
3875500	38795
3876000	38797
3876500	38805
3877000	38811
3877500	38819
3878000	38824
3878500	38834
3879000	38839
3879500	38845
3880000	38848
3880500	38850
3881000	38853
3881500	38857
3882000	38868
3882500	38873
3883000	38879
3883500	38882
3884000	38889
3884500	38892
3885000	38894
3885500	38897
3886000	38906
3886500	38911
3887000	38917
3887500	38927
3888000	38930
3888500	38938
3889000	38946
3889500	38951
3890000	38956
3890500	38961
3891000	38968
3891500	38974
3892000	38979
3892500	38986
3893000	38990
3893500	38995
3894000	39003
3894500	39006
3895000	39010
3895500	39018
3896000	39022
3896500	39030
3897000	39033
3897500	39037
3898000	39044
3898500	39049
3899000	39054
3899500	39057
3900000	39062
3900500	39071
3901000	39078
3901500	39078
3902000	39082
3902500	39090
3903000	39092
3903500	39096
3904000	39101
3904500	39102
3905000	39107
3905500	39113
3906000	39119
3906500	39126
3907000	39132
3907500	39136
3908000	39142
3908500	39144
3909000	39148
3909500	39156
3910000	39165
3910500	39171
3911000	39179
3911500	39182
3912000	39187
3912500	39189
3913000	39194
3913500	39197
3914000	39201
3914500	39203
3915000	39208
3915500	39211
3916000	39215
3916500	39222
3917000	39229
3917500	39236
3918000	39242
3918500	39247
3919000	39255
3919500	39260
3920000	39263
3920500	39267
3921000	39275
3921500	39283
3922000	39284
3922500	39289
3923000	39292
3923500	39297
3924000	39300
3924500	39303
3925000	39310
3925500	39313
3926000	39321
3926500	39323
3927000	39330
3927500	39333
3928000	39341
3928500	39345
3929000	39348
3929500	39350
3930000	39355
3930500	39360
3931000	39368
3931500	39373
3932000	39378
3932500	39383
3933000	39386
3933500	39390
3934000	39395
3934500	39403
3935000	39409
3935500	39416
3936000	39424
3936500	39429
3937000	39432
3937500	39437
3938000	39439
3938500	39443
3939000	39448
3939500	39451
3940000	39455
3940500	39458
3941000	39464
3941500	39470
3942000	39476
3942500	39481
3943000	39486
3943500	39490
3944000	39495
3944500	39498
3945000	39502
3945500	39507
3946000	39518
3946500	39525
3947000	39526
3947500	39534
3948000	39539
3948500	39544
3949000	39547
3949500	39550
3950000	39554
3950500	39561
3951000	39564
3951500	39569
3952000	39572
3952500	39579
3953000	39581
3953500	39582
3954000	39590
3954500	39594
3955000	39596
3955500	39603
3956000	39612
3956500	39614
3957000	39620
3957500	39626
3958000	39632
3958500	39635
3959000	39640
3959500	39645
3960000	39650
3960500	39654
3961000	39661
3961500	39666
3962000	39672
3962500	39678
3963000	39682
3963500	39688
3964000	39693
3964500	39701
3965000	39706
3965500	39707
3966000	39712
3966500	39718
3967000	39723
3967500	39727
3968000	39731
3968500	39736
3969000	39741
3969500	39747
3970000	39756
3970500	39764
3971000	39768
3971500	39774
3972000	39779
3972500	39784
3973000	39790
3973500	39795
3974000	39798
3974500	39802
3975000	39811
3975500	39815
3976000	39821
3976500	39826
3977000	39833
3977500	39843
3978000	39846
3978500	39849
3979000	39853
3979500	39857
3980000	39862
3980500	39865
3981000	39868
3981500	39877
3982000	39884
3982500	39890
3983000	39894
3983500	39902
3984000	39906
3984500	39907
3985000	39911
3985500	39917
3986000	39919
3986500	39929
3987000	39931
3987500	39933
3988000	39938
3988500	39940
3989000	39944
3989500	39951
3990000	39957
3990500	39963
3991000	39969
3991500	39977
3992000	39982
3992500	39984
3993000	39988
3993500	39995
3994000	39997
3994500	40000
3995000	40004
3995500	40009
3996000	40015
3996500	40020
3997000	40024
3997500	40025
3998000	40032
3998500	40033
3999000	40039
3999500	40045
4000000	40049
4000500	40051
4001000	40058
4001500	40065
4002000	40069
4002500	40072
4003000	40076
4003500	40080
4004000	40085
4004500	40090
4005000	40092
4005500	40095
4006000	40099
4006500	40103
4007000	40105
4007500	40110
4008000	40111
4008500	40116
4009000	40122
4009500	40129
4010000	40132
4010500	40136
4011000	40141
4011500	40145
4012000	40153
4012500	40157
4013000	40165
4013500	40169
4014000	40174
4014500	40178
4015000	40186
4015500	40192
4016000	40199
4016500	40205
4017000	40208
4017500	40211
4018000	40217
4018500	40220
4019000	40223
4019500	40229
4020000	40235
4020500	40238
4021000	40246
4021500	40249
4022000	40251
4022500	40255
4023000	40261
4023500	40267
4024000	40274
4024500	40278
4025000	40286
4025500	40292
4026000	40298
4026500	40301
4027000	40308
4027500	40313
4028000	40315
4028500	40324
4029000	40329
4029500	40334
4030000	40337
4030500	40341
4031000	40352
4031500	40353
4032000	40360
4032500	40366
4033000	40368
4033500	40374
4034000	40381
4034500	40389
4035000	40394
4035500	40397
4036000	40401
4036500	40408
4037000	40416
4037500	40419
4038000	40426
4038500	40429
4039000	40431
4039500	40431
4040000	40439
4040500	40444
4041000	40457
4041500	40458
4042000	40460
4042500	40464
4043000	40473
4043500	40484
4044000	40490
4044500	40494
4045000	40496
4045500	40503
4046000	40509
4046500	40511
4047000	40515
4047500	40523
4048000	40534
4048500	40538
4049000	40543
4049500	40545
4050000	40551
4050500	40555
4051000	40562
4051500	40570
4052000	40574
4052500	40580
4053000	40581
4053500	40587
4054000	40593
4054500	40597
4055000	40604
4055500	40606
4056000	40609
4056500	40614
4057000	40620
4057500	40627
4058000	40634
4058500	40638
4059000	40643
4059500	40648
4060000	40655
4060500	40658
4061000	40662
4061500	40671
4062000	40677
4062500	40682
4063000	40685
4063500	40688
4064000	40691
4064500	40697
4065000	40701
4065500	40706
4066000	40711
4066500	40716
4067000	40722
4067500	40724
4068000	40734
4068500	40739
4069000	40744
4069500	40751
4070000	40759
4070500	40763
4071000	40765
4071500	40775
4072000	40781
4072500	40784
4073000	40788
4073500	40789
4074000	40800
4074500	40804
4075000	40808
4075500	40814
4076000	40822
4076500	40827
4077000	40832
4077500	40839
4078000	40844
4078500	40848
4079000	40851
4079500	40857
4080000	40865
4080500	40868
4081000	40877
4081500	40880
4082000	40884
4082500	40886
4083000	40889
4083500	40893
4084000	40897
4084500	40900
4085000	40908
4085500	40917
4086000	40923
4086500	40927
4087000	40931
4087500	40935
4088000	40945
4088500	40957
4089000	40963
4089500	40969
4090000	40975
4090500	40977
4091000	40986
4091500	40992
4092000	40996
4092500	41002
4093000	41012
4093500	41017
4094000	41020
4094500	41024
4095000	41027
4095500	41032
4096000	41039
4096500	41044
4097000	41049
4097500	41054
4098000	41061
4098500	41067
4099000	41075
4099500	41076
4100000	41083
4100500	41088
4101000	41092
4101500	41094
4102000	41098
4102500	41100
4103000	41107
4103500	41111
4104000	41124
4104500	41128
4105000	41137
4105500	41145
4106000	41150
4106500	41154
4107000	41157
4107500	41162
4108000	41165
4108500	41175
4109000	41181
4109500	41187
4110000	41196
4110500	41198
4111000	41206
4111500	41208
4112000	41214
4112500	41216
4113000	41219
4113500	41228
4114000	41236
4114500	41244
4115000	41252
4115500	41261
4116000	41266
4116500	41273
4117000	41276
4117500	41278
4118000	41281
4118500	41287
4119000	41293
4119500	41297
4120000	41302
4120500	41307
4121000	41315
4121500	41321
4122000	41329
4122500	41334
4123000	41339
4123500	41343
4124000	41347
4124500	41349
4125000	41358
4125500	41362
4126000	41370
4126500	41374
4127000	41376
4127500	41384
4128000	41386
4128500	41389
4129000	41396
4129500	41403
4130000	41406
4130500	41409
4131000	41412
4131500	41418
4132000	41427
4132500	41430
4133000	41435
4133500	41441
4134000	41447
4134500	41450
4135000	41455
4135500	41459
4136000	41464
4136500	41466
4137000	41467
4137500	41471
4138000	41475
4138500	41484
4139000	41488
4139500	41495
4140000	41505
4140500	41506
4141000	41514
4141500	41521
4142000	41525
4142500	41530
4143000	41534
4143500	41537
4144000	41540
4144500	41546
4145000	41549
4145500	41553
4146000	41558
4146500	41561
4147000	41566
4147500	41569
4148000	41574
4148500	41578
4149000	41580
4149500	41582
4150000	41588
4150500	41592
4151000	41594
4151500	41601
4152000	41604
4152500	41608
4153000	41616
4153500	41618
4154000	41618
4154500	41620
4155000	41625
4155500	41631
4156000	41637
4156500	41645
4157000	41651
4157500	41655
4158000	41659
4158500	41669
4159000	41676
4159500	41684
4160000	41687
4160500	41690
4161000	41692
4161500	41697
4162000	41701
4162500	41704
4163000	41708
4163500	41713
4164000	41722
4164500	41728
4165000	41734
4165500	41744
4166000	41747
4166500	41754
4167000	41762
4167500	41764
4168000	41767
4168500	41770
4169000	41775
4169500	41778
4170000	41779
4170500	41789
4171000	41794
4171500	41795
4172000	41802
4172500	41809
4173000	41815
4173500	41816
4174000	41822
4174500	41827
4175000	41831
4175500	41837
4176000	41838
4176500	41845
4177000	41853
4177500	41859
4178000	41865
4178500	41871
4179000	41875
4179500	41882
4180000	41888
4180500	41891
4181000	41897
4181500	41901
4182000	41909
4182500	41913
4183000	41917
4183500	41922
4184000	41925
4184500	41930
4185000	41935
4185500	41939
4186000	41940
4186500	41944
4187000	41955
4187500	41959
4188000	41967
4188500	41972
4189000	41974
4189500	41982
4190000	41986
4190500	41990
4191000	41996
4191500	42003
4192000	42007
4192500	42010
4193000	42013
4193500	42015
4194000	42017
4194500	42026
4195000	42029
4195500	42032
4196000	42039
4196500	42042
4197000	42048
4197500	42052
4198000	42060
4198500	42062
4199000	42066
4199500	42071
4200000	42074
4200500	42076
4201000	42083
4201500	42087
4202000	42094
4202500	42100
4203000	42102
4203500	42104
4204000	42107
4204500	42114
4205000	42117
4205500	42122
4206000	42128
4206500	42135
4207000	42141
4207500	42147
4208000	42153
4208500	42157
4209000	42160
4209500	42166
4210000	42169
4210500	42176
4211000	42182
4211500	42189
4212000	42195
4212500	42202
4213000	42210
4213500	42216
4214000	42222
4214500	42233
4215000	42238
4215500	42243
4216000	42246
4216500	42252
4217000	42253
4217500	42257
4218000	42262
4218500	42266
4219000	42269
4219500	42273
4220000	42280
4220500	42284
4221000	42287
4221500	42289
4222000	42297
4222500	42301
4223000	42306
4223500	42312
4224000	42318
4224500	42323
4225000	42329
4225500	42336
4226000	42340
4226500	42344
4227000	42348
4227500	42354
4228000	42358
4228500	42362
4229000	42371
4229500	42375
4230000	42379
4230500	42382
4231000	42386
4231500	42388
4232000	42392
4232500	42398
4233000	42401
4233500	42406
4234000	42410
4234500	42412
4235000	42419
4235500	42421
4236000	42425
4236500	42433
4237000	42437
4237500	42441
4238000	42447
4238500	42451
4239000	42460
4239500	42463
4240000	42465
4240500	42468
4241000	42474
4241500	42475
4242000	42478
4242500	42482
4243000	42488
4243500	42491
4244000	42494
4244500	42498
4245000	42501
4245500	42504
4246000	42507
4246500	42511
4247000	42512
4247500	42516
4248000	42519
4248500	42524
4249000	42530
4249500	42541
4250000	42546
4250500	42547
4251000	42551
4251500	42559
4252000	42564
4252500	42571
4253000	42576
4253500	42583
4254000	42586
4254500	42592
4255000	42593
4255500	42602
4256000	42608
4256500	42614
4257000	42616
4257500	42622
4258000	42626
4258500	42633
4259000	42635
4259500	42642
4260000	42647
4260500	42654
4261000	42662
4261500	42667
4262000	42671
4262500	42674
4263000	42678
4263500	42680
4264000	42682
4264500	42692
4265000	42696
4265500	42698
4266000	42702
4266500	42707
4267000	42715
4267500	42719
4268000	42725
4268500	42731
4269000	42734
4269500	42738
4270000	42740
4270500	42743
4271000	42750
4271500	42757
4272000	42760
4272500	42769
4273000	42775
4273500	42782
4274000	42786
4274500	42788
4275000	42792
4275500	42798
4276000	42802
4276500	42805
4277000	42808
4277500	42812
4278000	42820
4278500	42823
4279000	42830
4279500	42833
4280000	42839
4280500	42844
4281000	42850
4281500	42859
4282000	42863
4282500	42865
4283000	42868
4283500	42876
4284000	42883
4284500	42886
4285000	42890
4285500	42891
4286000	42899
4286500	42904
4287000	42906
4287500	42908
4288000	42911
4288500	42917
4289000	42924
4289500	42927
4290000	42929
4290500	42936
4291000	42938
4291500	42947
4292000	42953
4292500	42964
4293000	42972
4293500	42979
4294000	42980
4294500	42983
4295000	42987
4295500	42996
4296000	42998
4296500	43000
4297000	43005
4297500	43011
4298000	43014
4298500	43017
4299000	43020
4299500	43023
4300000	43027
4300500	43033
4301000	43039
4301500	43043
4302000	43049
4302500	43049
4303000	43051
4303500	43055
4304000	43059
4304500	43066
4305000	43071
4305500	43074
4306000	43080
4306500	43088
4307000	43094
4307500	43098
4308000	43102
4308500	43108
4309000	43112
4309500	43116
4310000	43126
4310500	43129
4311000	43132
4311500	43136
4312000	43138
4312500	43145
4313000	43150
4313500	43159
4314000	43167
4314500	43171
4315000	43176
4315500	43185
4316000	43188
4316500	43191
4317000	43196
4317500	43200
4318000	43203
4318500	43208
4319000	43211
4319500	43215
4320000	43222
4320500	43225
4321000	43227
4321500	43231
4322000	43236
4322500	43241
4323000	43248
4323500	43256
4324000	43261
4324500	43265
4325000	43269
4325500	43275
4326000	43284
4326500	43288
4327000	43289
4327500	43294
4328000	43297
4328500	43301
4329000	43306
4329500	43308
4330000	43314
4330500	43321
4331000	43328
4331500	43332
4332000	43335
4332500	43339
4333000	43341
4333500	43343
4334000	43352
4334500	43356
4335000	43360
4335500	43364
4336000	43369
4336500	43373
4337000	43378
4337500	43382
4338000	43388
4338500	43392
4339000	43396
4339500	43402
4340000	43406
4340500	43411
4341000	43415
4341500	43419
4342000	43422
4342500	43426
4343000	43436
4343500	43441
4344000	43445
4344500	43448
4345000	43457
4345500	43460
4346000	43461
4346500	43463
4347000	43467
4347500	43470
4348000	43474
4348500	43480
4349000	43484
4349500	43492
4350000	43496
4350500	43497
4351000	43503
4351500	43506
4352000	43508
4352500	43512
4353000	43515
4353500	43522
4354000	43524
4354500	43532
4355000	43537
4355500	43541
4356000	43544
4356500	43551
4357000	43553
4357500	43559
4358000	43564
4358500	43569
4359000	43572
4359500	43576
4360000	43580
4360500	43584
4361000	43591
4361500	43597
4362000	43598
4362500	43609
4363000	43615
4363500	43618
4364000	43626
4364500	43632
4365000	43637
4365500	43641
4366000	43644
4366500	43650
4367000	43654
4367500	43655
4368000	43658
4368500	43661
4369000	43665
4369500	43671
4370000	43679
4370500	43682
4371000	43687
4371500	43694
4372000	43699
4372500	43709
4373000	43713
4373500	43719
4374000	43724
4374500	43731
4375000	43738
4375500	43743
4376000	43747
4376500	43751
4377000	43757
4377500	43763
4378000	43770
4378500	43778
4379000	43782
4379500	43786
4380000	43792
4380500	43796
4381000	43803
4381500	43806
4382000	43813
4382500	43821
4383000	43826
4383500	43829
4384000	43835
4384500	43841
4385000	43843
4385500	43847
4386000	43856
4386500	43862
4387000	43871
4387500	43874
4388000	43880
4388500	43888
4389000	43890
4389500	43897
4390000	43901
4390500	43907
4391000	43909
4391500	43913
4392000	43917
4392500	43924
4393000	43932
4393500	43943
4394000	43952
4394500	43955
4395000	43959
4395500	43966
4396000	43973
4396500	43975
4397000	43978
4397500	43983
4398000	43985
4398500	43992
4399000	43996
4399500	44004
4400000	44008
4400500	44013
4401000	44014
4401500	44022
4402000	44030
4402500	44035
4403000	44038
4403500	44045
4404000	44048
4404500	44050
4405000	44058
4405500	44062
4406000	44067
4406500	44072
4407000	44075
4407500	44076
4408000	44081
4408500	44085
4409000	44089
4409500	44096
4410000	44099
4410500	44104
4411000	44109
4411500	44115
4412000	44122
4412500	44128
4413000	44132
4413500	44136
4414000	44143
4414500	44147
4415000	44151
4415500	44157
4416000	44160
4416500	44164
4417000	44167
4417500	44171
4418000	44174
4418500	44180
4419000	44184
4419500	44191
4420000	44195
4420500	44200
4421000	44203
4421500	44211
4422000	44215
4422500	44218
4423000	44223
4423500	44227
4424000	44229
4424500	44232
4425000	44236
4425500	44241
4426000	44247
4426500	44252
4427000	44258
4427500	44263
4428000	44271
4428500	44279
4429000	44283
4429500	44287
4430000	44288
4430500	44295
4431000	44305
4431500	44313
4432000	44319
4432500	44327
4433000	44330
4433500	44335
4434000	44342
4434500	44349
4435000	44354
4435500	44357
4436000	44364
4436500	44365
4437000	44369
4437500	44376
4438000	44382
4438500	44386
4439000	44395
4439500	44397
4440000	44402
4440500	44404
4441000	44411
4441500	44413
4442000	44419
4442500	44423
4443000	44426
4443500	44429
4444000	44436
4444500	44442
4445000	44446
4445500	44452
4446000	44458
4446500	44467
4447000	44476
4447500	44483
4448000	44488
4448500	44499
4449000	44504
4449500	44507
4450000	44512
4450500	44514
4451000	44520
4451500	44523
4452000	44525
4452500	44529
4453000	44541
4453500	44545
4454000	44549
4454500	44552
4455000	44556
4455500	44562
4456000	44568
4456500	44573
4457000	44580
4457500	44585
4458000	44590
4458500	44595
4459000	44599
4459500	44603
4460000	44609
4460500	44616
4461000	44624
4461500	44629
4462000	44632
4462500	44635
4463000	44638
4463500	44641
4464000	44644
4464500	44645
4465000	44649
4465500	44654
4466000	44662
4466500	44665
4467000	44673
4467500	44677
4468000	44683
4468500	44692
4469000	44695
4469500	44699
4470000	44704
4470500	44713
4471000	44716
4471500	44721
4472000	44726
4472500	44730
4473000	44735
4473500	44740
4474000	44742
4474500	44746
4475000	44756
4475500	44761
4476000	44765
4476500	44768
4477000	44774
4477500	44777
4478000	44782
4478500	44785
4479000	44788
4479500	44791
4480000	44799
4480500	44803
4481000	44804
4481500	44806
4482000	44815
4482500	44821
4483000	44823
4483500	44828
4484000	44830
4484500	44836
4485000	44848
4485500	44850
4486000	44855
4486500	44860
4487000	44865
4487500	44871
4488000	44879
4488500	44884
4489000	44889
4489500	44901
4490000	44904
4490500	44908
4491000	44914
4491500	44917
4492000	44918
4492500	44925
4493000	44933
4493500	44935
4494000	44940
4494500	44945
4495000	44949
4495500	44954
4496000	44957
4496500	44966
4497000	44967
4497500	44970
4498000	44974
4498500	44979
4499000	44982
4499500	44986
4500000	44993
4500500	44996
4501000	45002
4501500	45007
4502000	45013
4502500	45017
4503000	45019
4503500	45022
4504000	45028
4504500	45031
4505000	45035
4505500	45036
4506000	45042
4506500	45042
4507000	45045
4507500	45049
4508000	45054
4508500	45058
4509000	45059
4509500	45060
4510000	45064
4510500	45066
4511000	45071
4511500	45078
4512000	45084
4512500	45093
4513000	45097
4513500	45103
4514000	45106
4514500	45112
4515000	45114
4515500	45119
4516000	45123
4516500	45130
4517000	45136
4517500	45139
4518000	45143
4518500	45149
4519000	45156
4519500	45159
4520000	45163
4520500	45174
4521000	45179
4521500	45188
4522000	45192
4522500	45196
4523000	45200
4523500	45207
4524000	45210
4524500	45216
4525000	45220
4525500	45228
4526000	45231
4526500	45235
4527000	45235
4527500	45240
4528000	45246
4528500	45253
4529000	45255
4529500	45260
4530000	45263
4530500	45268
4531000	45275
4531500	45280
4532000	45283
4532500	45289
4533000	45293
4533500	45296
4534000	45304
4534500	45309
4535000	45312
4535500	45316
4536000	45325
4536500	45330
4537000	45336
4537500	45342
4538000	45345
4538500	45356
4539000	45360
4539500	45365
4540000	45369
4540500	45371
4541000	45378
4541500	45386
4542000	45388
4542500	45390
4543000	45398
4543500	45400
4544000	45405
4544500	45407
4545000	45412
4545500	45416
4546000	45422
4546500	45426
4547000	45434
4547500	45438
4548000	45445
4548500	45451
4549000	45453
4549500	45460
4550000	45466
4550500	45472
4551000	45480
4551500	45486
4552000	45489
4552500	45493
4553000	45498
4553500	45502
4554000	45509
4554500	45518
4555000	45519
4555500	45523
4556000	45528
4556500	45537
4557000	45542
4557500	45545
4558000	45552
4558500	45556
4559000	45565
4559500	45573
4560000	45579
4560500	45584
4561000	45588
4561500	45589
4562000	45592
4562500	45601
4563000	45603
4563500	45605
4564000	45611
4564500	45620
4565000	45622
4565500	45623
4566000	45628
4566500	45632
4567000	45636
4567500	45641
4568000	45645
4568500	45651
4569000	45657
4569500	45661
4570000	45665
4570500	45670
4571000	45675
4571500	45679
4572000	45689
4572500	45690
4573000	45696
4573500	45703
4574000	45710
4574500	45714
4575000	45719
4575500	45720
4576000	45724
4576500	45727
4577000	45741
4577500	45749
4578000	45755
4578500	45759
4579000	45767
4579500	45773
4580000	45776
4580500	45782
4581000	45786
4581500	45788
4582000	45795
4582500	45802
4583000	45809
4583500	45811
4584000	45816
4584500	45824
4585000	45829
4585500	45832
4586000	45839
4586500	45843
4587000	45849
4587500	45856
4588000	45860
4588500	45864
4589000	45871
4589500	45877
4590000	45888
4590500	45893
4591000	45896
4591500	45900
4592000	45905
4592500	45911
4593000	45914
4593500	45916
4594000	45919
4594500	45921
4595000	45930
4595500	45932
4596000	45934
4596500	45940
4597000	45943
4597500	45952
4598000	45957
4598500	45959
4599000	45962
4599500	45969
4600000	45975
4600500	45979
4601000	45986
4601500	45991
4602000	45998
4602500	46003
4603000	46005
4603500	46014
4604000	46021
4604500	46025
4605000	46034
4605500	46038
4606000	46045
4606500	46049
4607000	46053
4607500	46059
4608000	46062
4608500	46068
4609000	46076
4609500	46084
4610000	46090
4610500	46096
4611000	46099
4611500	46108
4612000	46113
4612500	46113
4613000	46119
4613500	46125
4614000	46129
4614500	46132
4615000	46139
4615500	46144
4616000	46144
4616500	46145
4617000	46147
4617500	46152
4618000	46155
4618500	46161
4619000	46167
4619500	46172
4620000	46178
4620500	46185
4621000	46190
4621500	46194
4622000	46202
4622500	46206
4623000	46209
4623500	46214
4624000	46217
4624500	46222
4625000	46224
4625500	46231
4626000	46237
4626500	46239
4627000	46248
4627500	46252
4628000	46256
4628500	46263
4629000	46269
4629500	46271
4630000	46273
4630500	46277
4631000	46279
4631500	46287
4632000	46293
4632500	46294
4633000	46299
4633500	46300
4634000	46301
4634500	46306
4635000	46310
4635500	46315
4636000	46319
4636500	46325
4637000	46326
4637500	46331
4638000	46337
4638500	46342
4639000	46346
4639500	46349
4640000	46352
4640500	46356
4641000	46358
4641500	46361
4642000	46363
4642500	46368
4643000	46378
4643500	46383
4644000	46387
4644500	46389
4645000	46396
4645500	46403
4646000	46408
4646500	46409
4647000	46414
4647500	46422
4648000	46428
4648500	46435
4649000	46442
4649500	46447
4650000	46458
4650500	46460
4651000	46463
4651500	46467
4652000	46476
4652500	46481
4653000	46494
4653500	46502
4654000	46503
4654500	46509
4655000	46516
4655500	46520
4656000	46522
4656500	46526
4657000	46531
4657500	46534
4658000	46544
4658500	46553
4659000	46558
4659500	46566
4660000	46566
4660500	46572
4661000	46579
4661500	46582
4662000	46585
4662500	46594
4663000	46594
4663500	46599
4664000	46600
4664500	46605
4665000	46612
4665500	46615
4666000	46626
4666500	46634
4667000	46637
4667500	46641
4668000	46644
4668500	46650
4669000	46653
4669500	46660
4670000	46663
4670500	46667
4671000	46672
4671500	46676
4672000	46687
4672500	46690
4673000	46694
4673500	46700
4674000	46703
4674500	46705
4675000	46709
4675500	46715
4676000	46719
4676500	46726
4677000	46729
4677500	46736
4678000	46741
4678500	46747
4679000	46750
4679500	46756
4680000	46759
4680500	46761
4681000	46776
4681500	46784
4682000	46789
4682500	46794
4683000	46798
4683500	46809
4684000	46814
4684500	46819
4685000	46826
4685500	46833
4686000	46837
4686500	46843
4687000	46849
4687500	46852
4688000	46858
4688500	46863
4689000	46871
4689500	46878
4690000	46887
4690500	46890
4691000	46896
4691500	46903
4692000	46907
4692500	46912
4693000	46923
4693500	46932
4694000	46940
4694500	46943
4695000	46947
4695500	46953
4696000	46955
4696500	46963
4697000	46968
4697500	46971
4698000	46977
4698500	46987
4699000	46995
4699500	46996
4700000	47002
4700500	47005
4701000	47011
4701500	47013
4702000	47023
4702500	47031
4703000	47037
4703500	47044
4704000	47053
4704500	47063
4705000	47065
4705500	47072
4706000	47074
4706500	47077
4707000	47082
4707500	47084
4708000	47090
4708500	47095
4709000	47102
4709500	47107
4710000	47111
4710500	47113
4711000	47116
4711500	47119
4712000	47121
4712500	47125
4713000	47133
4713500	47137
4714000	47143
4714500	47147
4715000	47152
4715500	47156
4716000	47158
4716500	47161
4717000	47166
4717500	47173
4718000	47174
4718500	47180
4719000	47183
4719500	47184
4720000	47189
4720500	47196
4721000	47202
4721500	47204
4722000	47205
4722500	47209
4723000	47212
4723500	47216
4724000	47220
4724500	47229
4725000	47234
4725500	47239
4726000	47242
4726500	47245
4727000	47255
4727500	47259
4728000	47262
4728500	47271
4729000	47278
4729500	47282
4730000	47285
4730500	47288
4731000	47293
4731500	47298
4732000	47308
4732500	47316
4733000	47320
4733500	47323
4734000	47328
4734500	47334
4735000	47338
4735500	47345
4736000	47351
4736500	47353
4737000	47356
4737500	47362
4738000	47370
4738500	47380
4739000	47386
4739500	47390
4740000	47393
4740500	47396
4741000	47400
4741500	47406
4742000	47408
4742500	47413
4743000	47419
4743500	47428
4744000	47439
4744500	47447
4745000	47452
4745500	47458
4746000	47465
4746500	47470
4747000	47480
4747500	47486
4748000	47498
4748500	47502
4749000	47513
4749500	47515
4750000	47523
4750500	47526
4751000	47531
4751500	47539
4752000	47546
4752500	47557
4753000	47560
4753500	47564
4754000	47573
4754500	47576
4755000	47581
4755500	47583
4756000	47586
4756500	47588
4757000	47601
4757500	47606
4758000	47612
4758500	47615
4759000	47622
4759500	47627
4760000	47632
4760500	47639
4761000	47643
4761500	47650
4762000	47653
4762500	47661
4763000	47665
4763500	47668
4764000	47673
4764500	47681
4765000	47687
4765500	47690
4766000	47695
4766500	47699
4767000	47705
4767500	47709
4768000	47715
4768500	47719
4769000	47722
4769500	47727
4770000	47729
4770500	47736
4771000	47740
4771500	47749
4772000	47752
4772500	47760
4773000	47767
4773500	47774
4774000	47780
4774500	47782
4775000	47785
4775500	47787
4776000	47792
4776500	47797
4777000	47801
4777500	47804
4778000	47809
4778500	47817
4779000	47823
4779500	47834
4780000	47838
4780500	47842
4781000	47846
4781500	47849
4782000	47857
4782500	47864
4783000	47869
4783500	47875
4784000	47880
4784500	47884
4785000	47886
4785500	47889
4786000	47893
4786500	47897
4787000	47900
4787500	47907
4788000	47913
4788500	47917
4789000	47919
4789500	47922
4790000	47925
4790500	47930
4791000	47934
4791500	47939
4792000	47943
4792500	47947
4793000	47948
4793500	47953
4794000	47960
4794500	47962
4795000	47968
4795500	47970
4796000	47977
4796500	47981
4797000	47986
4797500	47992
4798000	48001
4798500	48011
4799000	48014
4799500	48016
4800000	48019
4800500	48024
4801000	48027
4801500	48035
4802000	48041
4802500	48046
4803000	48050
4803500	48059
4804000	48064
4804500	48071
4805000	48073
4805500	48080
4806000	48085
4806500	48091
4807000	48096
4807500	48100
4808000	48103
4808500	48109
4809000	48112
4809500	48117
4810000	48124
4810500	48126
4811000	48131
4811500	48132
4812000	48139
4812500	48150
4813000	48153
4813500	48162
4814000	48164
4814500	48166
4815000	48172
4815500	48179
4816000	48180
4816500	48187
4817000	48192
4817500	48195
4818000	48200
4818500	48203
4819000	48210
4819500	48216
4820000	48222
4820500	48224
4821000	48230
4821500	48232
4822000	48239
4822500	48243
4823000	48252
4823500	48258
4824000	48265
4824500	48271
4825000	48275
4825500	48280
4826000	48284
4826500	48288
4827000	48291
4827500	48297
4828000	48303
4828500	48307
4829000	48310
4829500	48315
4830000	48320
4830500	48326
4831000	48334
4831500	48339
4832000	48348
4832500	48350
4833000	48355
4833500	48355
4834000	48364
4834500	48371
4835000	48374
4835500	48379
4836000	48382
4836500	48387
4837000	48393
4837500	48397
4838000	48403
4838500	48406
4839000	48411
4839500	48419
4840000	48423
4840500	48427
4841000	48433
4841500	48439
4842000	48445
4842500	48449
4843000	48452
4843500	48455
4844000	48456
4844500	48461
4845000	48467
4845500	48477
4846000	48478
4846500	48481
4847000	48485
4847500	48490
4848000	48497
4848500	48500
4849000	48508
4849500	48514
4850000	48514
4850500	48516
4851000	48521
4851500	48524
4852000	48525
4852500	48526
4853000	48527
4853500	48532
4854000	48541
4854500	48545
4855000	48555
4855500	48563
4856000	48567
4856500	48570
4857000	48576
4857500	48584
4858000	48589
4858500	48594
4859000	48602
4859500	48609
4860000	48615
4860500	48618
4861000	48622
4861500	48631
4862000	48637
4862500	48640
4863000	48646
4863500	48650
4864000	48659
4864500	48660
4865000	48667
4865500	48675
4866000	48681
4866500	48686
4867000	48695
4867500	48704
4868000	48707
4868500	48708
4869000	48710
4869500	48711
4870000	48716
4870500	48723
4871000	48729
4871500	48737
4872000	48746
4872500	48757
4873000	48763
4873500	48767
4874000	48774
4874500	48780
4875000	48788
4875500	48791
4876000	48796
4876500	48800
4877000	48804
4877500	48809
4878000	48814
4878500	48817
4879000	48817
4879500	48818
4880000	48820
4880500	48827
4881000	48834
4881500	48840
4882000	48846
4882500	48852
4883000	48855
4883500	48862
4884000	48865
4884500	48868
4885000	48875
4885500	48882
4886000	48891
4886500	48898
4887000	48903
4887500	48905
4888000	48910
4888500	48914
4889000	48917
4889500	48923
4890000	48929
4890500	48932
4891000	48939
4891500	48944
4892000	48948
4892500	48952
4893000	48954
4893500	48960
4894000	48966
4894500	48971
4895000	48975
4895500	48981
4896000	48984
4896500	48988
4897000	48988
4897500	48993
4898000	49002
4898500	49013
4899000	49018
4899500	49021
4900000	49026
4900500	49035
4901000	49042
4901500	49044
4902000	49050
4902500	49057
4903000	49059
4903500	49065
4904000	49066
4904500	49074
4905000	49083
4905500	49084
4906000	49086
4906500	49088
4907000	49090
4907500	49093
4908000	49097
4908500	49101
4909000	49105
4909500	49110
4910000	49117
4910500	49121
4911000	49123
4911500	49130
4912000	49133
4912500	49135
4913000	49143
4913500	49146
4914000	49154
4914500	49158
4915000	49164
4915500	49173
4916000	49174
4916500	49180
4917000	49183
4917500	49185
4918000	49191
4918500	49195
4919000	49199
4919500	49207
4920000	49210
4920500	49223
4921000	49229
4921500	49234
4922000	49238
4922500	49241
4923000	49244
4923500	49253
4924000	49257
4924500	49262
4925000	49265
4925500	49268
4926000	49273
4926500	49280
4927000	49287
4927500	49293
4928000	49296
4928500	49300
4929000	49305
4929500	49307
4930000	49313
4930500	49317
4931000	49325
4931500	49337
4932000	49340
4932500	49348
4933000	49352
4933500	49355
4934000	49357
4934500	49361
4935000	49364
4935500	49367
4936000	49372
4936500	49376
4937000	49381
4937500	49386
4938000	49394
4938500	49399
4939000	49408
4939500	49413
4940000	49421
4940500	49423
4941000	49427
4941500	49430
4942000	49434
4942500	49439
4943000	49447
4943500	49457
4944000	49463
4944500	49467
4945000	49475
4945500	49477
4946000	49485
4946500	49490
4947000	49492
4947500	49499
4948000	49500
4948500	49505
4949000	49510
4949500	49516
4950000	49520
4950500	49525
4951000	49531
4951500	49539
4952000	49540
4952500	49548
4953000	49555
4953500	49564
4954000	49569
4954500	49574
4955000	49578
4955500	49584
4956000	49585
4956500	49591
4957000	49594
4957500	49598
4958000	49601
4958500	49604
4959000	49611
4959500	49619
4960000	49622
4960500	49629
4961000	49637
4961500	49641
4962000	49646
4962500	49649
4963000	49651
4963500	49654
4964000	49661
4964500	49666
4965000	49670
4965500	49673
4966000	49678
4966500	49681
4967000	49682
4967500	49687
4968000	49691
4968500	49696
4969000	49700
4969500	49703
4970000	49706
4970500	49710
4971000	49719
4971500	49722
4972000	49726
4972500	49731
4973000	49735
4973500	49740
4974000	49744
4974500	49748
4975000	49758
4975500	49761
4976000	49766
4976500	49771
4977000	49775
4977500	49784
4978000	49788
4978500	49793
4979000	49800
4979500	49806
4980000	49809
4980500	49815
4981000	49822
4981500	49829
4982000	49832
4982500	49838
4983000	49838
4983500	49839
4984000	49845
4984500	49849
4985000	49853
4985500	49860
4986000	49864
4986500	49870
4987000	49873
4987500	49879
4988000	49882
4988500	49885
4989000	49892
4989500	49893
4990000	49896
4990500	49899
4991000	49903
4991500	49907
4992000	49912
4992500	49914
4993000	49917
4993500	49920
4994000	49925
4994500	49933
4995000	49939
4995500	49941
4996000	49947
4996500	49954
4997000	49957
4997500	49961
4998000	49968
4998500	49975
4999000	49979
4999500	49988
5000000	49992
5000500	49998
5001000	50004
5001500	50009
5002000	50011
5002500	50017
5003000	50027
5003500	50031
5004000	50035
5004500	50042
5005000	50048
5005500	50055
5006000	50056
5006500	50060
5007000	50068
5007500	50073
5008000	50074
5008500	50077
5009000	50081
5009500	50084
5010000	50087
5010500	50090
5011000	50096
5011500	50100
5012000	50104
5012500	50111
5013000	50117
5013500	50122
5014000	50129
5014500	50135
5015000	50141
5015500	50147
5016000	50153
5016500	50161
5017000	50167
5017500	50176
5018000	50181
5018500	50185
5019000	50186
5019500	50194
5020000	50197
5020500	50205
5021000	50210
5021500	50211
5022000	50213
5022500	50219
5023000	50220
5023500	50222
5024000	50225
5024500	50232
5025000	50238
5025500	50246
5026000	50253
5026500	50255
5027000	50261
5027500	50265
5028000	50267
5028500	50272
5029000	50275
5029500	50278
5030000	50283
5030500	50287
5031000	50297
5031500	50305
5032000	50307
5032500	50310
5033000	50321
5033500	50327
5034000	50332
5034500	50336
5035000	50346
5035500	50356
5036000	50360
5036500	50367
5037000	50373
5037500	50376
5038000	50380
5038500	50390
5039000	50394
5039500	50398
5040000	50404
5040500	50412
5041000	50414
5041500	50416
5042000	50421
5042500	50426
5043000	50430
5043500	50442
5044000	50447
5044500	50453
5045000	50457
5045500	50463
5046000	50469
5046500	50470
5047000	50479
5047500	50484
5048000	50492
5048500	50495
5049000	50501
5049500	50506
5050000	50510
5050500	50513
5051000	50519
5051500	50525
5052000	50530
5052500	50538
5053000	50543
5053500	50548
5054000	50556
5054500	50559
5055000	50569
5055500	50572
5056000	50579
5056500	50582
5057000	50584
5057500	50586
5058000	50592
5058500	50595
5059000	50597
5059500	50599
5060000	50606
5060500	50613
5061000	50616
5061500	50620
5062000	50626
5062500	50631
5063000	50635
5063500	50639
5064000	50641
5064500	50643
5065000	50645
5065500	50649
5066000	50655
5066500	50662
5067000	50669
5067500	50671
5068000	50680
5068500	50684
5069000	50686
5069500	50693
5070000	50696
5070500	50704
5071000	50708
5071500	50713
5072000	50717
5072500	50723
5073000	50729
5073500	50734
5074000	50738
5074500	50742
5075000	50749
5075500	50753
5076000	50760
5076500	50760
5077000	50764
5077500	50770
5078000	50776
5078500	50780
5079000	50786
5079500	50789
5080000	50791
5080500	50798
5081000	50801
5081500	50806
5082000	50814
5082500	50821
5083000	50823
5083500	50826
5084000	50833
5084500	50839
5085000	50849
5085500	50851
5086000	50853
5086500	50858
5087000	50863
5087500	50870
5088000	50878
5088500	50881
5089000	50884
5089500	50891
5090000	50896
5090500	50899
5091000	50905
5091500	50908
5092000	50913
5092500	50916
5093000	50921
5093500	50927
5094000	50929
5094500	50931
5095000	50936
5095500	50939
5096000	50942
5096500	50950
5097000	50955
5097500	50961
5098000	50969
5098500	50976
5099000	50978
5099500	50983
5100000	50992
5100500	50996
5101000	51000
5101500	51007
5102000	51011
5102500	51015
5103000	51025
5103500	51028
5104000	51032
5104500	51039
5105000	51043
5105500	51051
5106000	51055
5106500	51062
5107000	51067
5107500	51073
5108000	51078
5108500	51083
5109000	51089
5109500	51098
5110000	51104
5110500	51109
5111000	51113
5111500	51119
5112000	51129
5112500	51134
5113000	51140
5113500	51145
5114000	51147
5114500	51147
5115000	51151
5115500	51152
5116000	51156
5116500	51163
5117000	51167
5117500	51174
5118000	51183
5118500	51185
5119000	51195
5119500	51200
5120000	51210
5120500	51213
5121000	51219
5121500	51223
5122000	51227
5122500	51229
5123000	51234
5123500	51243
5124000	51247
5124500	51247
5125000	51252
5125500	51259
5126000	51263
5126500	51268
5127000	51272
5127500	51274
5128000	51282
5128500	51289
5129000	51292
5129500	51297
5130000	51306
5130500	51313
5131000	51316
5131500	51323
5132000	51326
5132500	51333
5133000	51340
5133500	51349
5134000	51355
5134500	51358
5135000	51362
5135500	51367
5136000	51369
5136500	51371
5137000	51375
5137500	51385
5138000	51388
5138500	51394
5139000	51402
5139500	51406
5140000	51412
5140500	51414
5141000	51416
5141500	51422
5142000	51423
5142500	51428
5143000	51435
5143500	51442
5144000	51448
5144500	51451
5145000	51457
5145500	51464
5146000	51471
5146500	51476
5147000	51481
5147500	51486
5148000	51491
5148500	51493
5149000	51503
5149500	51514
5150000	51516
5150500	51521
5151000	51527
5151500	51532
5152000	51535
5152500	51539
5153000	51543
5153500	51548
5154000	51554
5154500	51557
5155000	51560
5155500	51561
5156000	51565
5156500	51568
5157000	51574
5157500	51578
5158000	51583
5158500	51587
5159000	51590
5159500	51592
5160000	51596
5160500	51605
5161000	51609
5161500	51611
5162000	51616
5162500	51622
5163000	51627
5163500	51633
5164000	51638
5164500	51645
5165000	51649
5165500	51652
5166000	51652
5166500	51656
5167000	51667
5167500	51673
5168000	51677
5168500	51680
5169000	51685
5169500	51690
5170000	51694
5170500	51700
5171000	51702
5171500	51705
5172000	51708
5172500	51711
5173000	51717
5173500	51723
5174000	51729
5174500	51734
5175000	51736
5175500	51739
5176000	51744
5176500	51748
5177000	51756
5177500	51762
5178000	51767
5178500	51769
5179000	51780
5179500	51787
5180000	51790
5180500	51795
5181000	51798
5181500	51801
5182000	51805
5182500	51814
5183000	51817
5183500	51827
5184000	51828
5184500	51834
5185000	51843
5185500	51847
5186000	51850
5186500	51853
5187000	51857
5187500	51865
5188000	51873
5188500	51879
5189000	51887
5189500	51896
5190000	51901
5190500	51904
5191000	51911
5191500	51913
5192000	51919
5192500	51922
5193000	51924
5193500	51928
5194000	51933
5194500	51938
5195000	51942
5195500	51948
5196000	51952
5196500	51956
5197000	51961
5197500	51963
5198000	51965
5198500	51971
5199000	51977
5199500	51982
5200000	51986
5200500	51990
5201000	51993
5201500	52001
5202000	52009
5202500	52012
5203000	52017
5203500	52021
5204000	52025
5204500	52036
5205000	52040
5205500	52045
5206000	52050
5206500	52062
5207000	52066
5207500	52071
5208000	52076
5208500	52084
5209000	52086
5209500	52088
5210000	52089
5210500	52094
5211000	52100
5211500	52108
5212000	52115
5212500	52119
5213000	52126
5213500	52131
5214000	52133
5214500	52136
5215000	52141
5215500	52150
5216000	52152
5216500	52159
5217000	52168
5217500	52177
5218000	52178
5218500	52181
5219000	52186
5219500	52194
5220000	52202
5220500	52206
5221000	52212
5221500	52219
5222000	52226
5222500	52232
5223000	52240
5223500	52244
5224000	52248
5224500	52258
5225000	52263
5225500	52268
5226000	52272
5226500	52275
5227000	52280
5227500	52284
5228000	52288
5228500	52293
5229000	52299
5229500	52302
5230000	52305
5230500	52309
5231000	52311
5231500	52322
5232000	52326
5232500	52333
5233000	52337
5233500	52346
5234000	52353
5234500	52355
5235000	52361
5235500	52371
5236000	52376
5236500	52382
5237000	52386
5237500	52390
5238000	52395
5238500	52404
5239000	52406
5239500	52411
5240000	52417
5240500	52426
5241000	52431
5241500	52435
5242000	52442
5242500	52450
5243000	52454
5243500	52460
5244000	52468
5244500	52473
5245000	52482
5245500	52488
5246000	52498
5246500	52504
5247000	52512
5247500	52516
5248000	52522
5248500	52524
5249000	52533
5249500	52538
5250000	52539
5250500	52545
5251000	52552
5251500	52558
5252000	52562
5252500	52566
5253000	52569
5253500	52575
5254000	52584
5254500	52587
5255000	52593
5255500	52600
5256000	52607
5256500	52611
5257000	52616
5257500	52621
5258000	52626
5258500	52630
5259000	52635
5259500	52638
5260000	52643
5260500	52649
5261000	52655
5261500	52657
5262000	52662
5262500	52665
5263000	52671
5263500	52676
5264000	52679
5264500	52691
5265000	52694
5265500	52701
5266000	52704
5266500	52708
5267000	52710
5267500	52713
5268000	52719
5268500	52726
5269000	52732
5269500	52738
5270000	52740
5270500	52747
5271000	52755
5271500	52763
5272000	52770
5272500	52775
5273000	52776
5273500	52783
5274000	52790
5274500	52792
5275000	52801
5275500	52806
5276000	52808
5276500	52812
5277000	52816
5277500	52819
5278000	52823
5278500	52828
5279000	52832
5279500	52838
5280000	52845
5280500	52849
5281000	52854
5281500	52859
5282000	52863
5282500	52871
5283000	52878
5283500	52884
5284000	52894
5284500	52901
5285000	52907
5285500	52912
5286000	52915
5286500	52918
5287000	52926
5287500	52933
5288000	52941
5288500	52947
5289000	52957
5289500	52965
5290000	52971
5290500	52975
5291000	52982
5291500	52987
5292000	52995
5292500	53001
5293000	53003
5293500	53009
5294000	53013
5294500	53019
5295000	53027
5295500	53029
5296000	53034
5296500	53038
5297000	53041
5297500	53048
5298000	53053
5298500	53056
5299000	53057
5299500	53060
5300000	53065
5300500	53072
5301000	53077
5301500	53082
5302000	53085
5302500	53088
5303000	53096
5303500	53099
5304000	53103
5304500	53108
5305000	53113
5305500	53114
5306000	53120
5306500	53125
5307000	53131
5307500	53137
5308000	53143
5308500	53146
5309000	53151
5309500	53156
5310000	53163
5310500	53170
5311000	53177
5311500	53181
5312000	53184
5312500	53191
5313000	53195
5313500	53205
5314000	53211
5314500	53217
5315000	53224
5315500	53226
5316000	53231
5316500	53237
5317000	53242
5317500	53247
5318000	53253
5318500	53257
5319000	53263
5319500	53271
5320000	53278
5320500	53282
5321000	53289
5321500	53292
5322000	53299
5322500	53308
5323000	53314
5323500	53321
5324000	53325
5324500	53330
5325000	53336
5325500	53338
5326000	53343
5326500	53352
5327000	53359
5327500	53362
5328000	53366
5328500	53371
5329000	53381
5329500	53385
5330000	53388
5330500	53397
5331000	53404
5331500	53408
5332000	53411
5332500	53416
5333000	53422
5333500	53428
5334000	53435
5334500	53437
5335000	53441
5335500	53447
5336000	53451
5336500	53454
5337000	53458
5337500	53466
5338000	53472
5338500	53481
5339000	53486
5339500	53491
5340000	53496
5340500	53504
5341000	53508
5341500	53517
5342000	53522
5342500	53530
5343000	53533
5343500	53539
5344000	53544
5344500	53550
5345000	53556
5345500	53558
5346000	53562
5346500	53564
5347000	53570
5347500	53579
5348000	53586
5348500	53590
5349000	53593
5349500	53597
5350000	53600
5350500	53605
5351000	53607
5351500	53610
5352000	53614
5352500	53619
5353000	53628
5353500	53629
5354000	53637
5354500	53642
5355000	53647
5355500	53655
5356000	53668
5356500	53670
5357000	53672
5357500	53679
5358000	53682
5358500	53686
5359000	53690
5359500	53694
5360000	53698
5360500	53699
5361000	53703
5361500	53707
5362000	53721
5362500	53730
5363000	53731
5363500	53737
5364000	53743
5364500	53746
5365000	53754
5365500	53759
5366000	53762
5366500	53767
5367000	53776
5367500	53783
5368000	53788
5368500	53792
5369000	53798
5369500	53803
5370000	53810
5370500	53812
5371000	53816
5371500	53819
5372000	53824
5372500	53828
5373000	53834
5373500	53835
5374000	53839
5374500	53846
5375000	53854
5375500	53860
5376000	53863
5376500	53869
5377000	53872
5377500	53874
5378000	53876
5378500	53880
5379000	53883
5379500	53889
5380000	53895
5380500	53898
5381000	53904
5381500	53908
5382000	53917
5382500	53921
5383000	53927
5383500	53930
5384000	53935
5384500	53940
5385000	53946
5385500	53950
5386000	53954
5386500	53960
5387000	53964
5387500	53969
5388000	53974
5388500	53977
5389000	53984
5389500	53984
5390000	53988
5390500	53993
5391000	53999
5391500	54003
5392000	54012
5392500	54019
5393000	54024
5393500	54028
5394000	54034
5394500	54038
5395000	54039
5395500	54043
5396000	54046
5396500	54050
5397000	54056
5397500	54060
5398000	54063
5398500	54068
5399000	54071
5399500	54082
5400000	54091
5400500	54098
5401000	54109
5401500	54115
5402000	54122
5402500	54126
5403000	54130
5403500	54137
5404000	54141
5404500	54149
5405000	54157
5405500	54164
5406000	54170
5406500	54174
5407000	54183
5407500	54192
5408000	54195
5408500	54203
5409000	54205
5409500	54209
5410000	54219
5410500	54224
5411000	54233
5411500	54242
5412000	54245
5412500	54252
5413000	54256
5413500	54261
5414000	54264
5414500	54267
5415000	54275
5415500	54278
5416000	54285
5416500	54288
5417000	54291
5417500	54296
5418000	54300
5418500	54303
5419000	54310
5419500	54314
5420000	54319
5420500	54325
5421000	54331
5421500	54335
5422000	54338
5422500	54343
5423000	54352
5423500	54354
5424000	54367
5424500	54369
5425000	54374
5425500	54379
5426000	54385
5426500	54389
5427000	54393
5427500	54396
5428000	54400
5428500	54403
5429000	54409
5429500	54415
5430000	54421
5430500	54425
5431000	54430
5431500	54436
5432000	54445
5432500	54447
5433000	54454
5433500	54457
5434000	54459
5434500	54467
5435000	54473
5435500	54478
5436000	54478
5436500	54484
5437000	54489
5437500	54495
5438000	54499
5438500	54504
5439000	54508
5439500	54510
5440000	54514
5440500	54516
5441000	54524
5441500	54532
5442000	54535
5442500	54540
5443000	54543
5443500	54546
5444000	54555
5444500	54560
5445000	54564
5445500	54566
5446000	54572
5446500	54575
5447000	54579
5447500	54588
5448000	54593
5448500	54596
5449000	54599
5449500	54602
5450000	54609
5450500	54614
5451000	54617
5451500	54622
5452000	54628
5452500	54634
5453000	54641
5453500	54646
5454000	54654
5454500	54658
5455000	54664
5455500	54666
5456000	54672
5456500	54678
5457000	54684
5457500	54687
5458000	54689
5458500	54692
5459000	54695
5459500	54698
5460000	54704
5460500	54711
5461000	54717
5461500	54725
5462000	54728
5462500	54731
5463000	54736
5463500	54738
5464000	54740
5464500	54742
5465000	54746
5465500	54752
5466000	54759
5466500	54764
5467000	54767
5467500	54769
5468000	54776
5468500	54779
5469000	54787
5469500	54792
5470000	54800
5470500	54807
5471000	54815
5471500	54820
5472000	54829
5472500	54832
5473000	54837
5473500	54841
5474000	54844
5474500	54850
5475000	54857
5475500	54864
5476000	54868
5476500	54872
5477000	54875
5477500	54880
5478000	54885
5478500	54892
5479000	54900
5479500	54902
5480000	54908
5480500	54913
5481000	54917
5481500	54922
5482000	54929
5482500	54933
5483000	54940
5483500	54944
5484000	54946
5484500	54950
5485000	54952
5485500	54960
5486000	54966
5486500	54973
5487000	54980
5487500	54985
5488000	54988
5488500	54994
5489000	54998
5489500	55003
5490000	55008
5490500	55015
5491000	55019
5491500	55026
5492000	55032
5492500	55039
5493000	55042
5493500	55046
5494000	55048
5494500	55049
5495000	55052
5495500	55056
5496000	55063
5496500	55069
5497000	55069
5497500	55071
5498000	55074
5498500	55078
5499000	55085
5499500	55089
5500000	55091
5500500	55095
5501000	55101
5501500	55110
5502000	55114
5502500	55121
5503000	55125
5503500	55131
5504000	55132
5504500	55137
5505000	55145
5505500	55152
5506000	55156
5506500	55158
5507000	55164
5507500	55167
5508000	55169
5508500	55172
5509000	55179
5509500	55187
5510000	55189
5510500	55193
5511000	55197
5511500	55204
5512000	55211
5512500	55219
5513000	55221
5513500	55232
5514000	55237
5514500	55241
5515000	55245
5515500	55246
5516000	55250
5516500	55252
5517000	55257
5517500	55259
5518000	55262
5518500	55265
5519000	55273
5519500	55279
5520000	55285
5520500	55289
5521000	55295
5521500	55302
5522000	55307
5522500	55313
5523000	55321
5523500	55327
5524000	55328
5524500	55332
5525000	55337
5525500	55341
5526000	55348
5526500	55354
5527000	55357
5527500	55361
5528000	55366
5528500	55371
5529000	55374
5529500	55378
5530000	55384
5530500	55388
5531000	55390
5531500	55396
5532000	55400
5532500	55405
5533000	55408
5533500	55413
5534000	55423
5534500	55431
5535000	55443
5535500	55448
5536000	55451
5536500	55460
5537000	55466
5537500	55469
5538000	55480
5538500	55484
5539000	55491
5539500	55495
5540000	55498
5540500	55500
5541000	55503
5541500	55506
5542000	55510
5542500	55521
5543000	55526
5543500	55531
5544000	55535
5544500	55538
5545000	55542
5545500	55549
5546000	55555
5546500	55561
5547000	55564
5547500	55568
5548000	55570
5548500	55575
5549000	55583
5549500	55594
5550000	55596
5550500	55600
5551000	55605
5551500	55613
5552000	55616
5552500	55622
5553000	55627
5553500	55631
5554000	55634
5554500	55640
5555000	55641
5555500	55643
5556000	55648
5556500	55653
5557000	55656
5557500	55661
5558000	55670
5558500	55676
5559000	55680
5559500	55684
5560000	55689
5560500	55691
5561000	55694
5561500	55698
5562000	55706
5562500	55710
5563000	55715
5563500	55722
5564000	55727
5564500	55730
5565000	55734
5565500	55739
5566000	55743
5566500	55748
5567000	55759
5567500	55763
5568000	55772
5568500	55775
5569000	55776
5569500	55779
5570000	55782
5570500	55788
5571000	55792
5571500	55799
5572000	55803
5572500	55811
5573000	55814
5573500	55819
5574000	55821
5574500	55827
5575000	55832
5575500	55843
5576000	55850
5576500	55853
5577000	55858
5577500	55866
5578000	55868
5578500	55872
5579000	55879
5579500	55885
5580000	55891
5580500	55894
5581000	55901
5581500	55903
5582000	55909
5582500	55913
5583000	55922
5583500	55926
5584000	55930
5584500	55938
5585000	55943
5585500	55951
5586000	55958
5586500	55960
5587000	55970
5587500	55977
5588000	55982
5588500	55987
5589000	55989
5589500	55994
5590000	55999
5590500	56002
5591000	56003
5591500	56010
5592000	56011
5592500	56018
5593000	56023
5593500	56026
5594000	56034
5594500	56037
5595000	56045
5595500	56048
5596000	56050
5596500	56056
5597000	56062
5597500	56069
5598000	56078
5598500	56083
5599000	56088
5599500	56090
5600000	56099
5600500	56110
5601000	56119
5601500	56122
5602000	56125
5602500	56128
5603000	56132
5603500	56135
5604000	56140
5604500	56148
5605000	56151
5605500	56163
5606000	56165
5606500	56169
5607000	56174
5607500	56180
5608000	56189
5608500	56192
5609000	56197
5609500	56204
5610000	56207
5610500	56209
5611000	56215
5611500	56217
5612000	56221
5612500	56227
5613000	56232
5613500	56237
5614000	56244
5614500	56250
5615000	56252
5615500	56256
5616000	56258
5616500	56261
5617000	56263
5617500	56267
5618000	56270
5618500	56275
5619000	56278
5619500	56286
5620000	56289
5620500	56298
5621000	56303
5621500	56307
5622000	56311
5622500	56318
5623000	56319
5623500	56322
5624000	56326
5624500	56329
5625000	56330
5625500	56334
5626000	56338
5626500	56342
5627000	56346
5627500	56348
5628000	56352
5628500	56353
5629000	56355
5629500	56359
5630000	56365
5630500	56370
5631000	56376
5631500	56381
5632000	56384
5632500	56390
5633000	56400
5633500	56407
5634000	56410
5634500	56413
5635000	56415
5635500	56417
5636000	56425
5636500	56429
5637000	56435
5637500	56437
5638000	56444
5638500	56447
5639000	56453
5639500	56456
5640000	56464
5640500	56467
5641000	56473
5641500	56478
5642000	56481
5642500	56486
5643000	56489
5643500	56495
5644000	56499
5644500	56502
5645000	56510
5645500	56512
5646000	56516
5646500	56521
5647000	56527
5647500	56534
5648000	56536
5648500	56542
5649000	56546
5649500	56549
5650000	56551
5650500	56557
5651000	56561
5651500	56563
5652000	56566
5652500	56570
5653000	56574
5653500	56583
5654000	56585
5654500	56588
5655000	56592
5655500	56599
5656000	56603
5656500	56608
5657000	56615
5657500	56618
5658000	56625
5658500	56628
5659000	56629
5659500	56633
5660000	56639
5660500	56645
5661000	56653
5661500	56655
5662000	56655
5662500	56659
5663000	56660
5663500	56667
5664000	56672
5664500	56678
5665000	56682
5665500	56688
5666000	56692
5666500	56696
5667000	56701
5667500	56704
5668000	56707
5668500	56713
5669000	56721
5669500	56729
5670000	56737
5670500	56746
5671000	56751
5671500	56753
5672000	56759
5672500	56759
5673000	56765
5673500	56772
5674000	56775
5674500	56778
5675000	56783
5675500	56787
5676000	56790
5676500	56793
5677000	56799
5677500	56801
5678000	56803
5678500	56812
5679000	56819
5679500	56824
5680000	56828
5680500	56833
5681000	56838
5681500	56842
5682000	56847
5682500	56848
5683000	56850
5683500	56854
5684000	56857
5684500	56866
5685000	56869
5685500	56873
5686000	56879
5686500	56882
5687000	56887
5687500	56893
5688000	56899
5688500	56902
5689000	56906
5689500	56909
5690000	56918
5690500	56921
5691000	56926
5691500	56931
5692000	56934
5692500	56941
5693000	56945
5693500	56949
5694000	56951
5694500	56955
5695000	56958
5695500	56964
5696000	56970
5696500	56976
5697000	56983
5697500	56990
5698000	56999
5698500	57003
5699000	57005
5699500	57008
5700000	57011
5700500	57019
5701000	57022
5701500	57030
5702000	57034
5702500	57038
5703000	57041
5703500	57044
5704000	57047
5704500	57056
5705000	57061
5705500	57066
5706000	57073
5706500	57079
5707000	57084
5707500	57089
5708000	57094
5708500	57096
5709000	57102
5709500	57105
5710000	57106
5710500	57115
5711000	57122
5711500	57124
5712000	57128
5712500	57134
5713000	57135
5713500	57140
5714000	57144
5714500	57148
5715000	57151
5715500	57157
5716000	57164
5716500	57167
5717000	57171
5717500	57175
5718000	57180
5718500	57184
5719000	57193
5719500	57196
5720000	57198
5720500	57202
5721000	57206
5721500	57210
5722000	57213
5722500	57216
5723000	57219
5723500	57223
5724000	57229
5724500	57234
5725000	57238
5725500	57242
5726000	57248
5726500	57249
5727000	57254
5727500	57260
5728000	57265
5728500	57270
5729000	57276
5729500	57281
5730000	57286
5730500	57294
5731000	57301
5731500	57306
5732000	57311
5732500	57315
5733000	57321
5733500	57331
5734000	57337
5734500	57341
5735000	57350
5735500	57357
5736000	57362
5736500	57366
5737000	57373
5737500	57378
5738000	57392
5738500	57394
5739000	57399
5739500	57409
5740000	57410
5740500	57419
5741000	57422
5741500	57429
5742000	57438
5742500	57442
5743000	57448
5743500	57452
5744000	57458
5744500	57464
5745000	57471
5745500	57476
5746000	57479
5746500	57484
5747000	57488
5747500	57490
5748000	57495
5748500	57498
5749000	57507
5749500	57515
5750000	57520
5750500	57523
5751000	57525
5751500	57529
5752000	57530
5752500	57533
5753000	57541
5753500	57546
5754000	57549
5754500	57556
5755000	57558
5755500	57561
5756000	57566
5756500	57573
5757000	57580
5757500	57585
5758000	57588
5758500	57595
5759000	57601
5759500	57607
5760000	57613
5760500	57620
5761000	57626
5761500	57631
5762000	57634
5762500	57637
5763000	57639
5763500	57644
5764000	57651
5764500	57655
5765000	57660
5765500	57665
5766000	57669
5766500	57670
5767000	57679
5767500	57685
5768000	57690
5768500	57692
5769000	57696
5769500	57700
5770000	57705
5770500	57707
5771000	57711
5771500	57711
5772000	57714
5772500	57716
5773000	57723
5773500	57727
5774000	57731
5774500	57736
5775000	57741
5775500	57745
5776000	57751
5776500	57756
5777000	57759
5777500	57766
5778000	57770
5778500	57774
5779000	57778
5779500	57785
5780000	57789
5780500	57792
5781000	57798
5781500	57805
5782000	57810
5782500	57815
5783000	57819
5783500	57825
5784000	57833
5784500	57838
5785000	57841
5785500	57845
5786000	57849
5786500	57851
5787000	57857
5787500	57862
5788000	57868
5788500	57875
5789000	57882
5789500	57886
5790000	57893
5790500	57900
5791000	57907
5791500	57916
5792000	57922
5792500	57925
5793000	57928
5793500	57931
5794000	57934
5794500	57936
5795000	57946
5795500	57951
5796000	57957
5796500	57959
5797000	57968
5797500	57974
5798000	57980
5798500	57989
5799000	57999
5799500	58002
5800000	58007
5800500	58010
5801000	58016
5801500	58022
5802000	58027
5802500	58036
5803000	58040
5803500	58047
5804000	58054
5804500	58056
5805000	58066
5805500	58076
5806000	58079
5806500	58082
5807000	58084
5807500	58086
5808000	58092
5808500	58097
5809000	58104
5809500	58105
5810000	58109
5810500	58116
5811000	58121
5811500	58130
5812000	58139
5812500	58144
5813000	58147
5813500	58153
5814000	58157
5814500	58162
5815000	58166
5815500	58175
5816000	58179
5816500	58181
5817000	58184
5817500	58188
5818000	58191
5818500	58194
5819000	58198
5819500	58205
5820000	58210
5820500	58215
5821000	58219
5821500	58225
5822000	58232
5822500	58233
5823000	58237
5823500	58241
5824000	58244
5824500	58255
5825000	58259
5825500	58263
5826000	58266
5826500	58267
5827000	58272
5827500	58278
5828000	58283
5828500	58286
5829000	58293
5829500	58296
5830000	58300
5830500	58308
5831000	58314
5831500	58320
5832000	58326
5832500	58333
5833000	58335
5833500	58340
5834000	58341
5834500	58343
5835000	58350
5835500	58356
5836000	58360
5836500	58364
5837000	58373
5837500	58375
5838000	58379
5838500	58389
5839000	58393
5839500	58396
5840000	58402
5840500	58406
5841000	58409
5841500	58415
5842000	58419
5842500	58425
5843000	58429
5843500	58438
5844000	58443
5844500	58449
5845000	58456
5845500	58462
5846000	58468
5846500	58472
5847000	58478
5847500	58487
5848000	58491
5848500	58497
5849000	58499
5849500	58504
5850000	58507
5850500	58511
5851000	58517
5851500	58522
5852000	58529
5852500	58534
5853000	58538
5853500	58541
5854000	58547
5854500	58551
5855000	58556
5855500	58559
5856000	58563
5856500	58573
5857000	58582
5857500	58586
5858000	58591
5858500	58595
5859000	58600
5859500	58606
5860000	58609
5860500	58615
5861000	58623
5861500	58628
5862000	58635
5862500	58639
5863000	58649
5863500	58654
5864000	58657
5864500	58661
5865000	58663
5865500	58669
5866000	58672
5866500	58678
5867000	58686
5867500	58692
5868000	58698
5868500	58703
5869000	58709
5869500	58712
5870000	58717
5870500	58720
5871000	58724

