Contact	Latencies
500	NaN
1000	NaN
1500	2984.0000
2000	3050.3333
2500	3476.0000
3000	4402.3750
3500	4504.1667
4000	4396.2353
4500	4706.1667
5000	6016.2083
5500	6641.0000
6000	6955.6207
6500	7564.7353
7000	7496.0263
7500	7451.3902
8000	7819.1136
8500	7863.0000
9000	8292.8519
9500	8288.0169
10000	8489.1094
10500	8825.5143
11000	8966.3919
11500	9024.5921
12000	9315.2892
12500	9506.8901
13000	9607.6105
13500	9636.0612
14000	9786.9223
14500	9644.3333
15000	9685.5221
15500	9824.5556
16000	9832.9328
16500	9928.7317
17000	9898.5000
17500	9949.0075
18000	9894.5714
18500	9914.4266
19000	10033.1447
19500	10058.6899
20000	9993.1227
20500	9996.1585
21000	9965.5602
21500	10009.3257
22000	10092.8956
22500	10172.0919
23000	10225.8168
23500	10163.3487
24000	10173.6599
24500	10166.4000
25000	10145.2271
25500	10214.6359
26000	10186.2624
26500	10216.1460
27000	10249.4518
27500	10272.0466
28000	10260.8107
28500	10293.4797
29000	10308.1111
29500	10361.3050
30000	10402.5321
30500	10394.4794
31000	10412.0478
31500	10473.2806
32000	10483.9788
32500	10534.2535
33000	10501.0137
33500	10474.9731
34000	10465.9735
34500	10508.4870
35000	10489.0158
35500	10489.2476
36000	10502.8824
36500	10527.9399
37000	10526.1964
37500	10515.1871
38000	10515.5977
38500	10484.7479
39000	10483.2306
39500	10433.7033
40000	10436.7541
40500	10404.2640
41000	10401.2322
41500	10443.6935
42000	10421.9005
42500	10408.2096
43000	10295.9064
43500	10333.5195
44000	10361.7205
44500	10433.6452
45000	10466.9719
45500	10492.9095
46000	10501.2073
46500	10521.6854
47000	10533.0774
47500	10511.5882
48000	10491.6876
48500	10511.1113
49000	10546.9497
49500	10553.5165
50000	10600.0368
50500	10611.6408
51000	10634.0907
51500	10650.1357
52000	10610.7822
52500	10638.8507
53000	10617.3152
53500	10636.7495
54000	10655.7826
54500	10666.4579
55000	10688.2584
55500	10698.9393
56000	10710.2147
56500	10690.1664
57000	10689.0877
57500	10698.7143
58000	10741.7252
58500	10752.7543
59000	10730.9113
59500	10730.8014
60000	10706.1810
60500	10700.9513
61000	10688.8881
61500	10699.6376
62000	10666.6238
62500	10673.6474
63000	10678.1701
63500	10680.3829
64000	10687.5267
64500	10680.4648
65000	10674.5124
65500	10685.9477
66000	10715.5282
66500	10724.8037
67000	10722.5507
67500	10740.7038
68000	10719.0386
68500	10723.2027
69000	10730.4426
69500	10736.3719
70000	10729.7191
70500	10748.2911
71000	10759.5229
71500	10747.5963
72000	10730.6088
72500	10724.5710
73000	10717.3827
73500	10723.5886
74000	10714.9669
74500	10721.2213
75000	10729.1818
75500	10741.7056
76000	10748.7156
76500	10741.3652
77000	10741.3652
77500	10755.8045
78000	10757.9685
78500	10755.2790
79000	10768.6918
79500	10756.8060
80000	10741.3761
80500	10716.1931
81000	10713.7702
81500	10729.8413
82000	10734.1915
82500	10735.9128
83000	10754.5445
83500	10740.2357
84000	10723.3756
84500	10738.0636
85000	10764.0572
85500	10759.7183
86000	10758.1014
86500	10759.1196
87000	10787.8405
87500	10796.6041
88000	10770.7923
88500	10777.2771
89000	10772.2740
89500	10772.8753
90000	10773.0637
90500	10791.6981
91000	10805.2148
91500	10803.2011
92000	10799.0478
92500	10803.3981
93000	10818.6874
93500	10818.0533
94000	10799.3831
94500	10812.6379
95000	10808.0409
95500	10814.1087
96000	10804.3975
96500	10811.8211
97000	10805.1849
97500	10803.9278
98000	10798.4934
98500	10802.3508
99000	10815.2217
99500	10822.5289
100000	10813.8431
100500	10822.0595
101000	10826.6077
101500	10821.2020
102000	10822.9413
102500	10831.3644
103000	10846.0539
103500	10835.1203
104000	10837.3837
104500	10827.6793
105000	10827.7098
105500	10821.8253
106000	10815.4201
106500	10825.3847
107000	10815.6599
107500	10817.9183
108000	10814.3120
108500	10837.4845
109000	10828.8557
109500	10816.7118
110000	10817.6439
110500	10808.5804
111000	10820.9424
111500	10838.0457
112000	10830.6617
112500	10823.7718
113000	10809.3436
113500	10799.0094
114000	10802.4663
114500	10814.2625
115000	10809.5580
115500	10795.6233
116000	10795.3566
116500	10792.6142
117000	10794.9950
117500	10803.3201
118000	10797.7345
118500	10780.6797
119000	10776.2445
119500	10774.2237
120000	10784.1189
120500	10785.5812
121000	10782.3860
121500	10782.6315
122000	10778.7292
122500	10790.6579
123000	10793.6002
123500	10795.6532
124000	10789.7341
124500	10787.8966
125000	10792.0125
125500	10784.3604
126000	10782.6184
126500	10778.5027
127000	10775.5166
127500	10775.5166
128000	10782.1606
128500	10776.1401
129000	10785.6423
129500	10782.9018
130000	10792.6062
130500	10794.9924
131000	10794.8051
131500	10803.8932
132000	10814.9775
132500	10825.0866
133000	10825.0866
133500	10817.4415
134000	10812.6593
134500	10819.8365
135000	10816.3652
135500	10809.0899
136000	10807.7912
136500	10820.2887
137000	10820.8049
137500	10833.7529
138000	10835.4100
138500	10842.6011
139000	10834.6535
139500	10836.0942
140000	10822.0245
140500	10844.1887
141000	10843.3821
141500	10846.7091
142000	10865.3026
142500	10853.9281
143000	10843.9407
143500	10841.5810
144000	10837.8979
144500	10838.5432
145000	10834.9293
145500	10839.9758
146000	10837.0676
146500	10842.1743
147000	10839.0831
147500	10847.6969
148000	10837.6664
148500	10829.3633
149000	10822.6784
149500	10823.6304
150000	10815.8826
150500	10809.0627
151000	10803.7465
151500	10802.2295
152000	10793.6777
152500	10803.3036
153000	10813.8578
153500	10818.6576
154000	10819.0208
154500	10824.8838
155000	10820.6291
155500	10824.2100
156000	10827.2066
156500	10824.7699
157000	10824.3933
157500	10816.0229
158000	10812.2651
158500	10819.1882
159000	10830.1820
159500	10830.7032
160000	10836.4217
160500	10844.1165
161000	10851.0229
161500	10847.1236
162000	10866.0651
162500	10869.2696
163000	10863.0225
163500	10861.9704
164000	10857.0774
164500	10858.9699
165000	10857.2291
165500	10856.2597
166000	10856.2482
166500	10857.8276
167000	10849.9453
167500	10840.1344
168000	10837.0208
168500	10836.3295
169000	10837.3742
169500	10845.3972
170000	10845.8017
170500	10851.3440
171000	10854.8949
171500	10840.8827
172000	10837.0627
172500	10834.2901
173000	10828.0898
173500	10828.0898
174000	10837.0465
174500	10831.1964
175000	10825.8321
175500	10824.3857
176000	10830.7609
176500	10826.9901
177000	10826.9967
177500	10823.3264
178000	10817.2555
178500	10817.0888
179000	10819.8568
179500	10825.1073
180000	10824.4954
180500	10827.9687
181000	10828.5785
181500	10826.5202
182000	10833.7824
182500	10832.9973
183000	10825.9169
183500	10832.6847
184000	10831.7287
184500	10834.2138
185000	10833.1298
185500	10827.4227
186000	10827.2328
186500	10819.8325
187000	10822.6048
187500	10813.0546
188000	10810.2608
188500	10804.3656
189000	10801.7297
189500	10799.8686
190000	10809.4589
190500	10810.3490
191000	10807.8916
191500	10798.3711
192000	10793.0010
192500	10793.1822
193000	10799.3923
193500	10799.3507
194000	10799.1280
194500	10806.4728
195000	10807.7789
195500	10812.3038
196000	10814.5080
196500	10812.0174
197000	10817.1019
197500	10815.8459
198000	10809.2078
198500	10811.6422
199000	10809.4291
199500	10798.0648
200000	10791.4606
200500	10789.4103
201000	10791.7923
201500	10785.2335
202000	10780.5541
202500	10778.7976
203000	10784.0150
203500	10784.0150
204000	10787.7554
204500	10780.2140
205000	10776.3952
205500	10781.8296
206000	10775.4379
206500	10785.6890
207000	10790.8123
207500	10791.9527
208000	10802.6541
208500	10802.5755
209000	10801.6726
209500	10803.3539
210000	10811.6980
210500	10818.2581
211000	10821.2683
211500	10822.3281
212000	10819.6056
212500	10819.6056
213000	10820.4703
213500	10824.4248
214000	10826.2908
214500	10823.0279
215000	10828.1976
215500	10833.9800
216000	10832.4748
216500	10825.6985
217000	10822.9118
217500	10823.6358
218000	10819.6743
218500	10821.7520
219000	10819.4751
219500	10818.8499
220000	10824.8727
220500	10821.4764
221000	10813.0583
221500	10813.5289
222000	10809.4973
222500	10811.4103
223000	10811.8889
223500	10804.9524
224000	10810.4569
224500	10806.9960
225000	10802.5474
225500	10808.3393
226000	10802.5595
226500	10806.5525
227000	10802.5776
227500	10803.9345
228000	10805.7006
228500	10807.1522
229000	10800.5958
229500	10797.6870
230000	10791.8959
230500	10791.1549
231000	10790.0981
231500	10790.8326
232000	10784.0538
232500	10786.8650
233000	10779.2303
233500	10774.7568
234000	10775.6686
234500	10777.9050
235000	10780.1532
235500	10780.3055
236000	10781.4971
236500	10779.5117
237000	10785.4626
237500	10783.0619
238000	10787.1998
238500	10781.1669
239000	10787.5953
239500	10785.4224
240000	10785.3817
240500	10782.2416
241000	10775.7073
241500	10777.3573
242000	10782.8253
242500	10777.2529
243000	10776.2632
243500	10776.6828
244000	10780.6466
244500	10782.8007
245000	10786.4342
245500	10785.8956
246000	10780.1359
246500	10773.7418
247000	10773.4475
247500	10771.7587
248000	10771.0107
248500	10768.7465
249000	10770.5029
249500	10770.6856
250000	10773.5025
250500	10777.9026
251000	10775.7845
251500	10772.7971
252000	10772.5017
252500	10766.3168
253000	10766.7033
253500	10768.7259
254000	10765.3948
254500	10765.7717
255000	10773.4024
255500	10775.3237
256000	10769.0050
256500	10771.2951
257000	10772.9279
257500	10768.2193
258000	10771.6808
258500	10773.4941
259000	10773.1729
259500	10778.4985
260000	10768.3252
260500	10762.2865
261000	10757.9654
261500	10755.3407
262000	10754.5416
262500	10749.8266
263000	10750.8039
263500	10752.9966
264000	10753.3368
264500	10755.3539
265000	10756.2180
265500	10756.8874
266000	10758.3117
266500	10752.6030
267000	10755.5942
267500	10753.7936
268000	10752.8464
268500	10752.8283
269000	10752.2250
269500	10747.1339
270000	10743.0798
270500	10740.5473
271000	10740.2656
271500	10737.9793
272000	10732.9268
272500	10727.8029
273000	10730.5507
273500	10727.5099
274000	10726.8994
274500	10731.5968
275000	10727.3448
275500	10729.3976
276000	10728.2109
276500	10733.5077
277000	10738.0773
277500	10740.8820
278000	10745.5695
278500	10742.7649
279000	10739.8975
279500	10737.4462
280000	10738.9517
280500	10734.7995
281000	10735.6260
281500	10740.3483
282000	10741.3066
282500	10733.8031
283000	10732.4556
283500	10729.9605
284000	10730.6578
284500	10727.0812
285000	10722.7182
285500	10729.0725
286000	10734.0348
286500	10733.2359
287000	10740.5682
287500	10740.5682
288000	10742.2948
288500	10740.9757
289000	10746.4060
289500	10737.2768
290000	10734.9680
290500	10737.4902
291000	10733.6021
291500	10735.3052
292000	10737.1423
292500	10735.0841
293000	10740.3020
293500	10735.6765
294000	10737.7118
294500	10742.3850
295000	10744.8393
295500	10745.7990
296000	10741.0257
296500	10736.2512
297000	10737.4304
297500	10737.9947
298000	10736.8102
298500	10740.4127
299000	10736.5796
299500	10737.2318
300000	10737.5422
300500	10741.0331
301000	10740.3470
301500	10740.5999
302000	10740.6237
302500	10742.3075
303000	10739.1518
303500	10741.7812
304000	10742.3746
304500	10743.8285
305000	10743.2034
305500	10743.1190
306000	10740.8696
306500	10738.3218
307000	10739.2804
307500	10741.7209
308000	10741.9390
308500	10739.9143
309000	10741.9676
309500	10740.0435
310000	10739.9010
310500	10739.5828
311000	10743.7895
311500	10741.8564
312000	10745.7145
312500	10744.1241
313000	10746.0854
313500	10749.2318
314000	10749.9426
314500	10748.8069
315000	10751.2994
315500	10753.1248
316000	10751.9514
316500	10757.0649
317000	10759.0406
317500	10760.0053
318000	10761.9131
318500	10759.3297
319000	10763.2679
319500	10765.7986
320000	10763.6532
320500	10767.4362
321000	10762.0781
321500	10759.2461
322000	10759.0415
322500	10756.8016
323000	10756.8854
323500	10754.3171
324000	10752.6744
324500	10760.0413
325000	10758.8373
325500	10756.2022
326000	10757.9085
326500	10754.8417
327000	10755.2747
327500	10761.3026
328000	10760.8135
328500	10757.9961
329000	10757.1088
329500	10753.8778
330000	10751.4984
330500	10755.9887
331000	10756.9626
331500	10752.1190
332000	10756.7751
332500	10753.8711
333000	10756.0548
333500	10754.4509
334000	10756.3069
334500	10753.7406
335000	10754.8391
335500	10754.1543
336000	10754.9573
336500	10751.5224
337000	10747.1475
337500	10747.8630
338000	10750.5771
338500	10753.6167
339000	10755.2513
339500	10752.8208
340000	10752.7886
340500	10753.7859
341000	10756.6530
341500	10755.7506
342000	10754.0818
342500	10757.2706
343000	10756.5850
343500	10758.5414
344000	10757.2047
344500	10756.7568
345000	10751.7832
345500	10752.7575
346000	10754.3347
346500	10752.3135
347000	10744.6059
347500	10744.1372
348000	10742.9459
348500	10740.5782
349000	10741.3306
349500	10742.7348
350000	10740.0420
350500	10742.1464
351000	10742.5541
351500	10742.1939
352000	10743.7572
352500	10739.1510
353000	10739.3594
353500	10738.5320
354000	10739.3091
354500	10735.3743
355000	10735.9953
355500	10731.6626
356000	10728.1089
356500	10727.1942
357000	10729.9032
357500	10734.1478
358000	10735.3425
358500	10731.4344
359000	10735.3715
359500	10736.6384
360000	10737.3057
360500	10737.5933
361000	10740.6513
361500	10742.4665
362000	10741.9776
362500	10743.1521
363000	10744.6133
363500	10748.9737
364000	10752.0698
364500	10748.8825
365000	10750.3796
365500	10748.4317
366000	10751.9851
366500	10753.8296
367000	10750.8034
367500	10750.1561
368000	10752.1984
368500	10749.2569
369000	10751.5255
369500	10749.7174
370000	10747.5934
370500	10748.7746
371000	10748.4911
371500	10747.3297
372000	10750.1789
372500	10748.7725
373000	10746.0691
373500	10744.2200
374000	10742.0460
374500	10743.8324
375000	10741.8835
375500	10744.2453
376000	10746.7772
376500	10747.9086
377000	10743.8096
377500	10743.5511
378000	10745.2252
378500	10743.9840
379000	10744.9036
379500	10741.5263
380000	10740.3378
380500	10738.8935
381000	10740.2686
381500	10743.4231
382000	10740.4888
382500	10740.1126
383000	10737.8584
383500	10740.5373
384000	10740.5983
384500	10739.0084
385000	10737.1179
385500	10737.8771
386000	10743.6480
386500	10742.4778
387000	10738.9405
387500	10734.9132
388000	10735.0802
388500	10734.3117
389000	10737.0203
389500	10734.6873
390000	10734.6563
390500	10733.0542
391000	10732.6747
391500	10729.5805
392000	10729.4328
392500	10733.0119
393000	10734.8168
393500	10736.2314
394000	10737.0047
394500	10740.3345
395000	10738.4121
395500	10740.3781
396000	10741.7573
396500	10734.8933
397000	10735.7697
397500	10738.9777
398000	10740.9941
398500	10743.3112
399000	10750.0303
399500	10752.8964
400000	10751.4243
400500	10752.2429
401000	10750.4214
401500	10750.9237
402000	10751.3655
402500	10752.0635
403000	10750.6052
403500	10749.2334
404000	10749.6212
404500	10750.4042
405000	10748.3222
405500	10750.8318
406000	10753.1316
406500	10752.3546
407000	10755.5656
407500	10755.9705
408000	10754.6096
408500	10750.1988
409000	10748.3631
409500	10748.3908
410000	10746.5027
410500	10746.3587
411000	10747.6982
411500	10749.9385
412000	10745.7152
412500	10746.2341
413000	10740.8505
413500	10740.6259
414000	10743.4939
414500	10746.9798
415000	10748.2654
415500	10750.0646
416000	10748.4342
416500	10749.0924
417000	10754.6815
417500	10753.9176
418000	10755.4114
418500	10753.8292
419000	10753.9946
419500	10756.1205
420000	10758.0729
420500	10755.6141
421000	10757.0388
421500	10755.6528
422000	10756.7528
422500	10756.7991
423000	10755.3043
423500	10751.2844
424000	10753.2705
424500	10753.9594
425000	10754.9594
425500	10757.5086
426000	10758.5990
426500	10757.6049
427000	10756.0848
427500	10755.3160
428000	10754.7475
428500	10754.9602
429000	10754.0110
429500	10754.7382
430000	10756.2657
430500	10752.8057
431000	10750.2995
431500	10751.7470
432000	10750.2180
432500	10748.2588
433000	10749.5391
433500	10747.7466
434000	10747.5796
434500	10749.2563
435000	10751.8696
435500	10753.7824
436000	10755.4241
436500	10753.0668
437000	10759.3320
437500	10761.2974
438000	10762.9825
438500	10761.5221
439000	10762.4555
439500	10765.1030
440000	10767.4254
440500	10764.3688
441000	10765.5403
441500	10762.6286
442000	10765.0264
442500	10763.8944
443000	10767.4127
443500	10769.7958
444000	10768.1406
444500	10769.6763
445000	10768.3884
445500	10767.4421
446000	10768.3211
446500	10770.4089
447000	10770.3849
447500	10770.6000
448000	10766.8224
448500	10764.1009
449000	10762.8862
449500	10761.8874
450000	10763.3264
450500	10761.7488
451000	10763.3192
451500	10764.9798
452000	10763.6677
452500	10763.7151
453000	10762.1353
453500	10762.1353
454000	10762.1095
454500	10758.3960
455000	10757.5021
455500	10757.5685
456000	10761.4114
456500	10758.8814
457000	10757.7116
457500	10759.5420
458000	10758.7523
458500	10759.3301
459000	10761.1348
459500	10764.0775
460000	10764.5018
460500	10764.7520
461000	10763.1743
461500	10764.0646
462000	10769.1509
462500	10767.4818
463000	10765.3377
463500	10768.0017
464000	10769.6147
464500	10767.7296
465000	10767.3793
465500	10769.8355
466000	10770.6372
466500	10765.9589
467000	10764.8189
467500	10766.1840
468000	10766.1678
468500	10766.7486
469000	10766.2808
469500	10767.7343
470000	10763.5798
470500	10762.2002
471000	10764.7913
471500	10763.6417
472000	10765.2529
472500	10766.5520
473000	10767.5499
473500	10762.9940
474000	10764.3889
474500	10766.9257
475000	10768.3557
475500	10768.5580
476000	10767.0837
476500	10767.3405
477000	10766.6998
477500	10767.0829
478000	10767.0262
478500	10768.1432
479000	10766.6392
479500	10766.7447
480000	10770.0810
480500	10771.1798
481000	10772.8078
481500	10776.0118
482000	10774.6680
482500	10772.8872
483000	10769.0006
483500	10769.0220
484000	10769.5353
484500	10769.2164
485000	10772.4709
485500	10773.7201
486000	10774.2190
486500	10774.5506
487000	10775.1418
487500	10775.8260
488000	10777.4070
488500	10774.4280
489000	10773.6807
489500	10778.1459
490000	10776.2443
490500	10774.6596
491000	10776.4599
491500	10777.4662
492000	10777.4184
492500	10777.4337
493000	10775.9764
493500	10777.8518
494000	10778.3418
494500	10779.3868
495000	10778.1773
495500	10778.1773
496000	10778.8912
496500	10779.8904
497000	10778.5986
497500	10780.5920
498000	10779.7927
498500	10779.0210
499000	10779.7269
499500	10779.3752
500000	10780.5243
500500	10784.0567
501000	10782.7293
501500	10782.7293
502000	10779.3448
502500	10778.7723
503000	10777.8845
503500	10773.9842
504000	10771.8438
504500	10772.0419
505000	10772.8960
505500	10778.2271
506000	10777.2881
506500	10778.4913
507000	10778.1242
507500	10777.9183
508000	10780.6926
508500	10783.0795
509000	10783.0357
509500	10779.9087
510000	10779.7611
510500	10782.7747
511000	10783.2722
511500	10782.2424
512000	10782.3073
512500	10779.6048
513000	10780.6973
513500	10782.5023
514000	10782.5023
514500	10786.4187
515000	10784.5720
515500	10783.4926
516000	10784.4798
516500	10785.2799
517000	10786.0889
517500	10788.7762
518000	10789.7850
518500	10789.8910
519000	10790.8070
519500	10790.3834
520000	10795.0849
520500	10793.0694
521000	10795.7897
521500	10797.4923
522000	10796.3499
522500	10797.6538
523000	10795.7923
523500	10798.7458
524000	10797.7514
524500	10794.9864
525000	10795.5841
525500	10793.9085
526000	10790.9493
526500	10790.5348
527000	10790.0017
527500	10790.1010
528000	10790.0572
528500	10791.2845
529000	10790.2409
529500	10791.0129
530000	10791.3317
530500	10793.8311
531000	10795.4486
531500	10795.6419
532000	10796.2355
532500	10797.0046
533000	10801.4991
533500	10801.1593
534000	10806.0057
534500	10807.0672
535000	10810.1567
535500	10810.2046
536000	10812.6021
536500	10812.0301
537000	10815.2341
537500	10817.1552
538000	10815.8200
538500	10813.7282
539000	10815.4453
539500	10816.3781
540000	10817.7203
540500	10814.3538
541000	10814.5010
541500	10815.0931
542000	10814.7486
542500	10815.6185
543000	10814.6518
543500	10816.1574
544000	10816.0878
544500	10813.3596
545000	10812.8656
545500	10811.0362
546000	10810.4310
546500	10811.7758
547000	10810.7088
547500	10813.2831
548000	10808.0202
548500	10809.9466
549000	10811.1206
549500	10811.6402
550000	10810.3720
550500	10810.6919
551000	10809.3708
551500	10809.2965
552000	10810.9950
552500	10814.5452
553000	10812.5982
553500	10812.0397
554000	10811.7354
554500	10811.6289
555000	10810.3777
555500	10810.4923
556000	10810.8237
556500	10809.1768
557000	10807.1127
557500	10805.6313
558000	10804.7573
558500	10802.5509
559000	10803.9875
559500	10804.5330
560000	10804.6218
560500	10805.4131
561000	10804.9700
561500	10806.5044
562000	10806.4929
562500	10808.3613
563000	10807.3965
563500	10807.0793
564000	10811.7377
564500	10809.1334
565000	10806.5786
565500	10804.2864
566000	10807.5274
566500	10809.8587
567000	10806.7413
567500	10805.2944
568000	10803.3397
568500	10803.9111
569000	10803.9413
569500	10805.1672
570000	10801.7576
570500	10802.5021
571000	10804.9718
571500	10805.1519
572000	10806.3688
572500	10804.5689
573000	10806.1146
573500	10806.9762
574000	10809.8699
574500	10812.5808
575000	10811.7134
575500	10809.8306
576000	10809.6290
576500	10810.2206
577000	10810.2087
577500	10809.2974
578000	10806.1287
578500	10806.5127
579000	10804.0663
579500	10805.1530
580000	10800.7784
580500	10796.8171
581000	10793.4231
581500	10794.0720
582000	10796.0003
582500	10796.4320
583000	10796.2523
583500	10796.9252
584000	10796.8672
584500	10794.0357
585000	10791.1125
585500	10792.3378
586000	10791.8805
586500	10791.4520
587000	10789.2452
587500	10790.7432
588000	10787.4285
588500	10787.7775
589000	10787.6316
589500	10786.8120
590000	10788.9960
590500	10787.3535
591000	10790.0918
591500	10787.0542
592000	10788.0228
592500	10786.9418
593000	10786.6180
593500	10783.2091
594000	10785.2401
594500	10786.2317
595000	10785.9272
595500	10786.5677
596000	10785.9396
596500	10788.1875
597000	10788.5450
597500	10789.0669
598000	10789.9018
598500	10788.9822
599000	10791.0269
599500	10793.0306
600000	10790.2070
600500	10787.6418
601000	10787.8887
601500	10789.4586
602000	10787.9173
602500	10784.5543
603000	10781.5145
603500	10780.9163
604000	10783.6031
604500	10783.5604
605000	10783.8885
605500	10783.0058
606000	10785.5589
606500	10784.9845
607000	10790.0536
607500	10791.1900
608000	10788.6190
608500	10789.4946
609000	10790.2075
609500	10788.2540
610000	10790.1828
610500	10790.9602
611000	10790.5433
611500	10790.6667
612000	10793.6604
612500	10795.5985
613000	10795.5367
613500	10795.8950
614000	10794.8185
614500	10793.6931
615000	10794.9371
615500	10798.0738
616000	10798.2120
616500	10798.0608
617000	10797.8359
617500	10798.3988
618000	10797.6986
618500	10799.2020
619000	10800.0586
619500	10802.1178
620000	10799.8968
620500	10800.1920
621000	10800.9595
621500	10796.7607
622000	10799.1027
622500	10797.5277
623000	10799.5489
623500	10800.2631
624000	10799.3980
624500	10800.4642
625000	10803.0481
625500	10802.0360
626000	10802.8256
626500	10803.0721
627000	10801.9161
627500	10802.3018
628000	10802.4243
628500	10803.8350
629000	10805.1427
629500	10805.8071
630000	10805.4099
630500	10805.1077
631000	10806.1645
631500	10807.4504
632000	10809.1905
632500	10808.1475
633000	10806.8296
633500	10808.2992
634000	10810.1696
634500	10807.4730
635000	10809.3440
635500	10809.3644
636000	10810.7544
636500	10808.9706
637000	10808.3680
637500	10808.8600
638000	10810.6385
638500	10810.3078
639000	10811.0986
639500	10812.0486
640000	10808.8213
640500	10806.5180
641000	10806.1215
641500	10807.5275
642000	10807.7216
642500	10807.5289
643000	10809.7226
643500	10810.3904
644000	10811.8697
644500	10812.1957
645000	10809.3077
645500	10805.6822
646000	10809.1004
646500	10810.0150
647000	10810.7397
647500	10810.9476
648000	10812.5760
648500	10815.3926
649000	10815.1757
649500	10814.4417
650000	10814.9591
650500	10812.6111
651000	10809.7403
651500	10808.5927
652000	10803.6215
652500	10800.9112
653000	10795.3609
653500	10793.9144
654000	10791.3205
654500	10788.5629
655000	10787.0841
655500	10787.6508
656000	10787.0173
656500	10786.6847
657000	10789.2155
657500	10790.5751
658000	10788.7260
658500	10790.3426
659000	10788.4418
659500	10786.5203
660000	10784.9210
660500	10784.8702
661000	10784.4933
661500	10785.4095
662000	10785.7266
662500	10785.4071
663000	10785.5004
663500	10785.7858
664000	10783.0536
664500	10780.9409
665000	10781.1280
665500	10779.1625
666000	10779.6070
666500	10780.4382
667000	10781.2496
667500	10780.8795
668000	10781.1931
668500	10781.2268
669000	10782.6077
669500	10782.7469
670000	10782.7766
670500	10782.6474
671000	10783.7412
671500	10785.7724
672000	10786.5930
672500	10787.3700
673000	10787.6868
673500	10790.6148
674000	10790.6984
674500	10791.7151
675000	10793.3409
675500	10794.3991
676000	10795.0668
676500	10794.9070
677000	10796.0829
677500	10800.8536
678000	10800.1730
678500	10797.6652
679000	10799.2920
679500	10796.7097
680000	10799.6115
680500	10800.6671
681000	10799.6982
681500	10802.3818
682000	10805.6022
682500	10805.6022
683000	10805.4426
683500	10805.3909
684000	10806.1486
684500	10807.6743
685000	10807.5935
685500	10808.1422
686000	10805.1348
686500	10808.0097
687000	10807.5659
687500	10804.2105
688000	10804.5934
688500	10806.7222
689000	10805.8386
689500	10805.7830
690000	10804.7794
690500	10804.6886
691000	10805.1298
691500	10803.0021
692000	10803.3874
692500	10804.1827
693000	10806.7597
693500	10807.7663
694000	10809.0102
694500	10808.9049
695000	10808.6864
695500	10806.7456
696000	10807.3218
696500	10806.3584
697000	10805.5422
697500	10807.2942
698000	10805.8906
698500	10803.9454
699000	10805.8573
699500	10803.7865
700000	10804.0862
700500	10802.7803
701000	10803.4029
701500	10804.3206
702000	10803.5677
702500	10803.1078
703000	10803.3208
703500	10803.0316
704000	10804.0163
704500	10805.5825
705000	10805.1159
705500	10807.7304
706000	10810.8961
706500	10811.4753
707000	10809.6174
707500	10807.5835
708000	10807.7982
708500	10807.6243
709000	10808.3398
709500	10807.2405
710000	10805.4245
710500	10805.4276
711000	10806.8547
711500	10808.3119
712000	10808.0259
712500	10807.8372
713000	10806.8845
713500	10808.0383
714000	10805.3345
714500	10804.8856
715000	10802.6742
715500	10803.6588
716000	10804.6223
716500	10802.8691
717000	10801.9136
717500	10804.0345
718000	10805.2339
718500	10804.7411
719000	10803.9130
719500	10805.3404
720000	10805.7951
720500	10804.0213
721000	10804.2729
721500	10803.8549
722000	10803.9731
722500	10803.9303
723000	10801.3214
723500	10802.5683
724000	10801.5713
724500	10801.0315
725000	10801.1906
725500	10799.8572
726000	10799.8572
726500	10799.3721
727000	10799.2965
727500	10796.2221
728000	10796.3465
728500	10794.6999
729000	10795.0764
729500	10796.5423
730000	10796.4364
730500	10797.2939
731000	10798.1740
731500	10796.0025
732000	10793.4526
732500	10793.6595
733000	10792.6885
733500	10791.9310
734000	10792.0632
734500	10791.1120
735000	10792.4359
735500	10791.8398
736000	10790.2818
736500	10791.6437
737000	10788.8585
737500	10788.9792
738000	10787.9696
738500	10786.6038
739000	10786.8162
739500	10788.6748
740000	10789.8788
740500	10789.6103
741000	10787.4320
741500	10788.2910
742000	10788.5872
742500	10788.6327
743000	10789.5871
743500	10791.0262
744000	10788.8791
744500	10789.5137
745000	10790.3985
745500	10787.3135
746000	10787.7666
746500	10788.4473
747000	10789.0676
747500	10790.8360
748000	10790.2144
748500	10790.0433
749000	10790.5611
749500	10789.1936
750000	10788.9165
750500	10789.0005
751000	10790.8323
751500	10791.6837
752000	10791.5111
752500	10791.1301
753000	10791.3504
753500	10790.2848
754000	10791.6324
754500	10790.5847
755000	10789.4459
755500	10788.7338
756000	10790.5854
756500	10791.1665
757000	10789.8201
757500	10787.5564
758000	10787.2132
758500	10786.7361
759000	10787.6001
759500	10787.7768
760000	10788.5996
760500	10788.5971
761000	10788.6776
761500	10788.8850
762000	10787.5471
762500	10788.0938
763000	10788.3235
763500	10788.4855
764000	10789.8105
764500	10789.4403
765000	10789.2175
765500	10788.5468
766000	10788.4568
766500	10786.7243
767000	10785.9358
767500	10785.0045
768000	10786.0539
768500	10787.6496
769000	10788.0273
769500	10788.8075
770000	10789.4724
770500	10790.1419
771000	10792.6934
771500	10793.4867
772000	10793.7544
772500	10794.4218
773000	10795.2728
773500	10795.8968
774000	10793.9503
774500	10792.9158
775000	10791.3567
775500	10792.7474
776000	10794.2388
776500	10794.9839
777000	10794.8065
777500	10795.2139
778000	10793.3202
778500	10792.1214
779000	10791.8398
779500	10792.9802
780000	10793.4278
780500	10793.9808
781000	10794.7148
781500	10796.2904
782000	10796.8883
782500	10795.5842
783000	10794.3154
783500	10794.5522
784000	10794.7098
784500	10795.5082
785000	10797.6063
785500	10797.6063
786000	10797.4239
786500	10796.7963
787000	10796.7720
787500	10796.6709
788000	10795.7708
788500	10795.0216
789000	10795.1349
789500	10794.6874
790000	10794.1289
790500	10796.3747
791000	10796.2113
791500	10795.7751
792000	10796.3814
792500	10798.0514
793000	10800.5118
793500	10799.7205
794000	10799.8110
794500	10800.8945
795000	10803.1242
795500	10804.6272
796000	10803.3199
796500	10803.1790
797000	10803.7385
797500	10803.7437
798000	10803.2708
798500	10804.3725
799000	10804.2676
799500	10804.2491
800000	10804.6035
800500	10804.2146
801000	10804.5208
801500	10806.1414
802000	10804.8509
802500	10804.6004
803000	10805.7549
803500	10806.6463
804000	10807.5108
804500	10806.6427
805000	10806.9632
805500	10806.4101
806000	10807.4914
806500	10807.5809
807000	10807.5809
807500	10807.4436
808000	10807.5035
808500	10807.6780
809000	10807.2670
809500	10807.5138
810000	10807.1864
810500	10808.4653
811000	10808.1705
811500	10807.6728
812000	10809.7673
812500	10810.3023
813000	10811.3385
813500	10811.4694
814000	10811.8793
814500	10812.5477
815000	10812.5583
815500	10812.9001
816000	10814.0981
816500	10815.3487
817000	10815.4319
817500	10816.5838
818000	10816.5737
818500	10816.7093
819000	10817.4869
819500	10817.8863
820000	10817.3057
820500	10817.9548
821000	10817.0943
821500	10817.2934
822000	10818.0504
822500	10817.5281
823000	10818.4258
823500	10816.7209
824000	10817.2786
824500	10815.9494
825000	10817.4848
825500	10817.5563
826000	10815.9030
826500	10817.4759
827000	10816.8196
827500	10814.1474
828000	10811.1031
828500	10810.7839
829000	10809.6172
829500	10807.1313
830000	10807.1941
830500	10807.0513
831000	10806.0076
831500	10805.7696
832000	10806.0735
832500	10805.8876
833000	10805.2011
833500	10804.3167
834000	10804.3342
834500	10806.4156
835000	10807.7363
835500	10807.5996
836000	10810.0609
836500	10810.7506
837000	10810.2201
837500	10809.7101
838000	10807.9425
838500	10808.3135
839000	10808.1885
839500	10807.5056
840000	10807.0148
840500	10806.6682
841000	10805.9281
841500	10804.1408
842000	10803.5969
842500	10804.7028
843000	10804.0779
843500	10803.9824
844000	10805.4896
844500	10808.6971
845000	10809.0376
845500	10809.4166
846000	10806.0319
846500	10804.3617
847000	10805.0179
847500	10806.2125
848000	10804.7862
848500	10807.1777
849000	10807.7672
849500	10809.6746
850000	10810.0567
850500	10807.7896
851000	10807.0971
851500	10806.1080
852000	10805.0604
852500	10803.5999
853000	10802.6648
853500	10801.1943
854000	10801.9418
854500	10802.7570
855000	10801.6393
855500	10801.6503
856000	10802.5795
856500	10800.8920
857000	10801.5029
857500	10800.8045
858000	10800.2483
858500	10800.7913
859000	10800.8213
859500	10800.7849
860000	10801.0147
860500	10801.4379
861000	10802.3629
861500	10801.2718
862000	10799.7029
862500	10799.4102
863000	10799.9948
863500	10800.8432
864000	10801.2530
864500	10801.8018
865000	10802.8882
865500	10802.8267
866000	10804.6023
866500	10804.9615
867000	10807.0860
867500	10808.0252
868000	10807.5753
868500	10806.2634
869000	10806.1000
869500	10805.8331
870000	10805.6169
870500	10804.4437
871000	10805.1557
871500	10803.6694
872000	10802.5423
872500	10800.7829
873000	10800.5635
873500	10800.8874
874000	10799.0995
874500	10799.1820
875000	10799.8928
875500	10797.7522
876000	10795.3875
876500	10795.2847
877000	10795.1152
877500	10795.0924
878000	10795.1573
878500	10797.3341
879000	10796.4749
879500	10797.7484
880000	10798.0794
880500	10798.3960
881000	10797.6763
881500	10794.7127
882000	10794.8313
882500	10794.5498
883000	10794.5498
883500	10793.7394
884000	10792.1900
884500	10792.8295
885000	10793.8222
885500	10791.2152
886000	10792.1418
886500	10792.4150
887000	10792.0553
887500	10792.0613
888000	10790.5051
888500	10790.2500
889000	10790.4463
889500	10787.2812
890000	10787.4923
890500	10786.4246
891000	10787.2166
891500	10787.1470
892000	10786.9973
892500	10787.3221
893000	10787.9594
893500	10789.7729
894000	10789.6686
894500	10789.7952
895000	10790.9518
895500	10789.9014
896000	10788.6948
896500	10788.4441
897000	10788.5143
897500	10787.7744
898000	10788.6398
898500	10789.4959
899000	10788.0918
899500	10787.6825
900000	10785.2509
900500	10782.8160
901000	10783.6396
901500	10784.3658
902000	10786.5264
902500	10787.6563
903000	10787.8853
903500	10786.3997
904000	10786.9319
904500	10787.0035
905000	10787.3525
905500	10788.2572
906000	10788.2504
906500	10788.9745
907000	10788.9346
907500	10787.6518
908000	10786.7385
908500	10788.6644
909000	10788.2390
909500	10789.2909
910000	10788.4412
910500	10789.0759
911000	10789.5283
911500	10789.9066
912000	10789.7021
912500	10789.3223
913000	10790.6973
913500	10789.9808
914000	10790.7938
914500	10790.8266
915000	10791.8123
915500	10793.7776
916000	10795.0056
916500	10795.0056
917000	10795.0583
917500	10795.1345
918000	10796.2540
918500	10796.1784
919000	10796.6178
919500	10796.9875
920000	10794.5035
920500	10795.8217
921000	10796.8044
921500	10798.9125
922000	10798.9262
922500	10798.1620
923000	10798.1620
923500	10798.1959
924000	10798.1127
924500	10797.4236
925000	10795.2022
925500	10795.4401
926000	10795.0132
926500	10792.5218
927000	10794.1251
927500	10795.0226
928000	10795.2145
928500	10793.5054
929000	10792.6148
929500	10792.8940
930000	10791.8769
930500	10790.3648
931000	10790.7481
931500	10791.2381
932000	10791.7356
932500	10792.2662
933000	10792.1588
933500	10794.1556
934000	10793.8588
934500	10794.2109
935000	10793.7700
935500	10793.1918
936000	10793.3559
936500	10792.3707
937000	10793.1078
937500	10790.9591
938000	10791.1729
938500	10792.7969
939000	10792.3144
939500	10792.9534
940000	10793.4011
940500	10794.8564
941000	10795.1098
941500	10795.4910
942000	10794.3746
942500	10796.4010
943000	10795.7454
943500	10795.9448
944000	10795.7353
944500	10794.8845
945000	10793.8216
945500	10794.6690
946000	10794.8153
946500	10795.9131
947000	10796.0790
947500	10796.1950
948000	10795.2822
948500	10794.9975
949000	10793.5235
949500	10795.2161
950000	10795.2777
950500	10795.7606
951000	10795.2062
951500	10795.7075
952000	10794.0088
952500	10794.9510
953000	10794.4103
953500	10794.7226
954000	10794.7226
954500	10795.0051
955000	10796.0088
955500	10794.9932
956000	10795.4151
956500	10796.0498
957000	10795.3816
957500	10794.6759
958000	10793.4486
958500	10791.9383
959000	10790.8358
959500	10789.7402
960000	10790.2323
960500	10791.0486
961000	10790.6201
961500	10791.2785
962000	10790.9116
962500	10791.6980
963000	10790.8900
963500	10789.1289
964000	10788.7390
964500	10789.1142
965000	10789.4262
965500	10789.2203
966000	10788.2782
966500	10789.8395
967000	10789.2091
967500	10790.2266
968000	10790.1100
968500	10789.3412
969000	10789.1606
969500	10789.6898
970000	10789.5387
970500	10789.3283
971000	10787.6721
971500	10789.4397
972000	10788.6317
972500	10788.7545
973000	10788.8298
973500	10788.1961
974000	10787.1878
974500	10787.0988
975000	10788.4253
975500	10788.2030
976000	10787.3635
976500	10788.5750
977000	10787.3494
977500	10789.0021
978000	10789.0536
978500	10789.6765
979000	10789.6327
979500	10788.1246
980000	10789.4739
980500	10787.4905
981000	10788.0668
981500	10787.3040
982000	10787.3040
982500	10785.3207
983000	10786.5237
983500	10786.4923
984000	10786.6432
984500	10785.7673
985000	10784.4312
985500	10784.6197
986000	10784.1971
986500	10785.5268
987000	10785.4603
987500	10783.8976
988000	10783.6603
988500	10783.4984
989000	10783.5027
989500	10782.6962
990000	10781.0769
990500	10781.7809
991000	10782.0195
991500	10781.5331
992000	10781.1240
992500	10780.7202
993000	10780.1635
993500	10780.5409
994000	10782.3774
994500	10783.5028
995000	10783.0762
995500	10783.8010
996000	10784.5775
996500	10785.0384
997000	10785.8980
997500	10786.1776
998000	10783.0400
998500	10783.3271
999000	10781.4668
999500	10782.9119
1000000	10783.7830
1000500	10783.6742
1001000	10784.0016
1001500	10783.3281
1002000	10786.4098
1002500	10786.2602
1003000	10786.2569
1003500	10786.5139
1004000	10786.0738
1004500	10785.1134
1005000	10785.3037
1005500	10784.4506
1006000	10785.3332
1006500	10785.0054
1007000	10784.2747
1007500	10783.7437
1008000	10783.2652
1008500	10783.9916
1009000	10784.3997
1009500	10783.2157
1010000	10783.8833
1010500	10785.1856
1011000	10784.5423
1011500	10785.3492
1012000	10784.3793
1012500	10785.1721
1013000	10784.6811
1013500	10785.9768
1014000	10786.1837
1014500	10786.3238
1015000	10786.5015
1015500	10785.8119
1016000	10785.5449
1016500	10786.3794
1017000	10786.7030
1017500	10785.2467
1018000	10785.9704
1018500	10788.9210
1019000	10788.2719
1019500	10789.1073
1020000	10789.6560
1020500	10789.6552
1021000	10789.5864
1021500	10789.0404
1022000	10788.5236
1022500	10788.2433
1023000	10788.6705
1023500	10789.0261
1024000	10788.5842
1024500	10789.6631
1025000	10789.9229
1025500	10790.3473
1026000	10791.1807
1026500	10790.8988
1027000	10790.1503
1027500	10789.3695
1028000	10790.2061
1028500	10788.9578
1029000	10788.8067
1029500	10789.1037
1030000	10788.2277
1030500	10786.7392
1031000	10787.0070
1031500	10786.1520
1032000	10787.5837
1032500	10788.7163
1033000	10786.6456
1033500	10785.2828
1034000	10785.2572
1034500	10784.1568
1035000	10783.4123
1035500	10785.3478
1036000	10786.1817
1036500	10784.5705
1037000	10783.8388
1037500	10784.5309
1038000	10784.9276
1038500	10785.1931
1039000	10784.9662
1039500	10785.2361
1040000	10786.0942
1040500	10785.5951
1041000	10786.8524
1041500	10786.6234
1042000	10787.1159
1042500	10788.0680
1043000	10789.0666
1043500	10789.1892
1044000	10787.5002
1044500	10785.5062
1045000	10785.9044
1045500	10786.7993
1046000	10786.9988
1046500	10787.3867
1047000	10787.8231
1047500	10789.4461
1048000	10788.3038
1048500	10787.5822
1049000	10787.5822
1049500	10788.2355
1050000	10788.2741
1050500	10787.8414
1051000	10788.4754
1051500	10789.6858
1052000	10789.9687
1052500	10791.2374
1053000	10791.6835
1053500	10791.8032
1054000	10791.5266
1054500	10792.2868
1055000	10791.9050
1055500	10791.0433
1056000	10792.0140
1056500	10791.5421
1057000	10791.9023
1057500	10791.2447
1058000	10790.8561
1058500	10791.0384
1059000	10790.3001
1059500	10791.1398
1060000	10791.7249
1060500	10791.9785
1061000	10790.9561
1061500	10789.3561
1062000	10787.7914
1062500	10788.8748
1063000	10788.6814
1063500	10787.5678
1064000	10787.6359
1064500	10788.2810
1065000	10788.8729
1065500	10791.1431
1066000	10791.7191
1066500	10791.6898
1067000	10790.7767
1067500	10790.3789
1068000	10789.4673
1068500	10788.5759
1069000	10787.1961
1069500	10786.6280
1070000	10789.0868
1070500	10788.1499
1071000	10787.0162
1071500	10787.7049
1072000	10788.1763
1072500	10787.1692
1073000	10785.7728
1073500	10786.7267
1074000	10787.4365
1074500	10786.6495
1075000	10786.3642
1075500	10785.9535
1076000	10785.1537
1076500	10786.2542
1077000	10787.8554
1077500	10786.9460
1078000	10785.0408
1078500	10785.3835
1079000	10787.9601
1079500	10788.2927
1080000	10788.5279
1080500	10790.6212
1081000	10790.4570
1081500	10789.4624
1082000	10789.7825
1082500	10791.3740
1083000	10791.0894
1083500	10789.6301
1084000	10788.9583
1084500	10788.9333
1085000	10788.4387
1085500	10788.4387
1086000	10789.3297
1086500	10790.4147
1087000	10790.6996
1087500	10788.3520
1088000	10788.0962
1088500	10789.7139
1089000	10790.9274
1089500	10792.3835
1090000	10792.5551
1090500	10791.3617
1091000	10793.5976
1091500	10794.8797
1092000	10795.5997
1092500	10796.6845
1093000	10798.7873
1093500	10798.0695
1094000	10798.4154
1094500	10798.2495
1095000	10797.4851
1095500	10794.8759
1096000	10795.2086
1096500	10796.0457
1097000	10796.7887
1097500	10795.4458
1098000	10795.3752
1098500	10795.6125
1099000	10795.0686
1099500	10794.5282
1100000	10794.7679
1100500	10794.4859
1101000	10794.9800
1101500	10795.6942
1102000	10795.8646
1102500	10795.0157
1103000	10794.4367
1103500	10793.6862
1104000	10791.3990
1104500	10789.4924
1105000	10789.5403
1105500	10791.3423
1106000	10792.8430
1106500	10791.9306
1107000	10791.1367
1107500	10791.9044
1108000	10791.8849
1108500	10792.4791
1109000	10792.9355
1109500	10791.0627
1110000	10792.3086
1110500	10792.1299
1111000	10790.3457
1111500	10791.9583
1112000	10791.6305
1112500	10791.4108
1113000	10791.6400
1113500	10791.4091
1114000	10792.7105
1114500	10792.5649
1115000	10791.2384
1115500	10789.8380
1116000	10789.3354
1116500	10788.8609
1117000	10790.0230
1117500	10789.7352
1118000	10790.6702
1118500	10791.6251
1119000	10792.1792
1119500	10792.4066
1120000	10792.8089
1120500	10792.6478
1121000	10792.0499
1121500	10792.4885
1122000	10792.3516
1122500	10792.4058
1123000	10792.0067
1123500	10791.5504
1124000	10789.1442
1124500	10786.6212
1125000	10787.3967
1125500	10787.4995
1126000	10788.8398
1126500	10788.9785
1127000	10789.2217
1127500	10788.6758
1128000	10788.0972
1128500	10786.9324
1129000	10786.2568
1129500	10785.9788
1130000	10784.9074
1130500	10785.4271
1131000	10786.1300
1131500	10785.1618
1132000	10786.7384
1132500	10784.1617
1133000	10784.5144
1133500	10784.1700
1134000	10785.3787
1134500	10784.8716
1135000	10784.8358
1135500	10783.9005
1136000	10784.2606
1136500	10784.3480
1137000	10783.8056
1137500	10785.0035
1138000	10783.6688
1138500	10782.0019
1139000	10781.3389
1139500	10780.7358
1140000	10780.6980
1140500	10781.1410
1141000	10781.3076
1141500	10781.4017
1142000	10781.5219
1142500	10781.9669
1143000	10781.0135
1143500	10782.9552
1144000	10783.7821
1144500	10784.5559
1145000	10784.9574
1145500	10785.1745
1146000	10785.4557
1146500	10785.7370
1147000	10787.3196
1147500	10786.5879
1148000	10786.9503
1148500	10786.7271
1149000	10788.1201
1149500	10788.3410
1150000	10788.8677
1150500	10790.0181
1151000	10790.8387
1151500	10790.7292
1152000	10790.2160
1152500	10790.2969
1153000	10791.4570
1153500	10792.1866
1154000	10791.5075
1154500	10791.5243
1155000	10790.4735
1155500	10791.5132
1156000	10791.3779
1156500	10792.6175
1157000	10793.1777
1157500	10793.6157
1158000	10793.6259
1158500	10793.1596
1159000	10793.3692
1159500	10793.9324
1160000	10794.6060
1160500	10792.1863
1161000	10793.0538
1161500	10793.1095
1162000	10794.3104
1162500	10794.1949
1163000	10793.4885
1163500	10793.7821
1164000	10793.3793
1164500	10792.6988
1165000	10792.5806
1165500	10793.0078
1166000	10793.3609
1166500	10791.8717
1167000	10793.3220
1167500	10793.2476
1168000	10792.7567
1168500	10793.6396
1169000	10793.9559
1169500	10792.4619
1170000	10791.6793
1170500	10792.1448
1171000	10792.9270
1171500	10793.3597
1172000	10793.6235
1172500	10794.2224
1173000	10794.4304
1173500	10794.2789
1174000	10793.5392
1174500	10791.3267
1175000	10790.5956
1175500	10789.2359
1176000	10789.1185
1176500	10789.7634
1177000	10789.9822
1177500	10789.5404
1178000	10789.0360
1178500	10789.8791
1179000	10790.1241
1179500	10789.4810
1180000	10790.1692
1180500	10789.5885
1181000	10788.7240
1181500	10788.4118
1182000	10788.9702
1182500	10785.9888
1183000	10785.7172
1183500	10785.5278
1184000	10784.7943
1184500	10783.8717
1185000	10784.7513
1185500	10784.9392
1186000	10785.5091
1186500	10785.8465
1187000	10785.5459
1187500	10787.0353
1188000	10788.0625
1188500	10788.0225
1189000	10786.2542
1189500	10787.1957
1190000	10787.4162
1190500	10787.1042
1191000	10786.1215
1191500	10786.7206
1192000	10786.4144
1192500	10785.0632
1193000	10787.0990
1193500	10787.5558
1194000	10788.0602
1194500	10789.0974
1195000	10789.4888
1195500	10789.9254
1196000	10790.7159
1196500	10791.7280
1197000	10792.2612
1197500	10791.7456
1198000	10789.5837
1198500	10790.6133
1199000	10791.4313
1199500	10791.4102
1200000	10792.9032
1200500	10793.4642
1201000	10794.5586
1201500	10795.4534
1202000	10795.9985
1202500	10795.8111
1203000	10795.3901
1203500	10796.0468
1204000	10795.5171
1204500	10795.0791
1205000	10795.2968
1205500	10797.3657
1206000	10797.5398
1206500	10797.2452
1207000	10797.0725
1207500	10796.7854
1208000	10797.0102
1208500	10798.2573
1209000	10798.3222
1209500	10799.7888
1210000	10801.0736
1210500	10800.7056
1211000	10800.9981
1211500	10800.2352
1212000	10801.3670
1212500	10801.6942
1213000	10801.8827
1213500	10802.6135
1214000	10802.4941
1214500	10802.6143
1215000	10803.5599
1215500	10803.5077
1216000	10803.8027
1216500	10803.1759
1217000	10802.9219
1217500	10803.9542
1218000	10803.4929
1218500	10803.3053
1219000	10801.8959
1219500	10801.3236
1220000	10802.2714
1220500	10801.9621
1221000	10803.4216
1221500	10803.6900
1222000	10803.1044
1222500	10803.5423
1223000	10802.5764
1223500	10802.9193
1224000	10802.7901
1224500	10803.4013
1225000	10803.1285
1225500	10803.4092
1226000	10804.4925
1226500	10805.2654
1227000	10805.0256
1227500	10805.1540
1228000	10804.9196
1228500	10805.2832
1229000	10806.0182
1229500	10806.3169
1230000	10806.7766
1230500	10807.2760
1231000	10806.7488
1231500	10807.3414
1232000	10808.2669
1232500	10807.1776
1233000	10808.3553
1233500	10806.0513
1234000	10805.9160
1234500	10805.2075
1235000	10805.0296
1235500	10804.3190
1236000	10804.4089
1236500	10803.6785
1237000	10803.2949
1237500	10803.2717
1238000	10805.1005
1238500	10800.9249
1239000	10800.4542
1239500	10800.9629
1240000	10800.9051
1240500	10801.4290
1241000	10800.8219
1241500	10802.4918
1242000	10802.7320
1242500	10803.6919
1243000	10802.9979
1243500	10801.8145
1244000	10802.1678
1244500	10803.2911
1245000	10801.3830
1245500	10801.9057
1246000	10802.1011
1246500	10801.6351
1247000	10801.2198
1247500	10801.3430
1248000	10801.8392
1248500	10802.2255
1249000	10803.2825
1249500	10803.4132
1250000	10803.3360
1250500	10803.8872
1251000	10804.2778
1251500	10805.0664
1252000	10803.9487
1252500	10803.7759
1253000	10803.7875
1253500	10803.7588
1254000	10803.5640
1254500	10802.3804
1255000	10802.8486
1255500	10802.8319
1256000	10802.4956
1256500	10802.7558
1257000	10802.5554
1257500	10801.7430
1258000	10801.7075
1258500	10803.3541
1259000	10803.9745
1259500	10804.8183
1260000	10803.7856
1260500	10805.0791
1261000	10805.0791
1261500	10805.8619
1262000	10806.2525
1262500	10805.6613
1263000	10805.8157
1263500	10805.7158
1264000	10805.4574
1264500	10804.4301
1265000	10802.7917
1265500	10799.8951
1266000	10800.8028
1266500	10800.5593
1267000	10799.8217
1267500	10799.3981
1268000	10799.3836
1268500	10799.1740
1269000	10797.7414
1269500	10796.6256
1270000	10795.9067
1270500	10796.6021
1271000	10795.5439
1271500	10795.2779
1272000	10795.8670
1272500	10796.3665
1273000	10796.6257
1273500	10796.6531
1274000	10797.2792
1274500	10797.8486
1275000	10797.4865
1275500	10797.6396
1276000	10798.2391
1276500	10797.5134
1277000	10796.2030
1277500	10795.5472
1278000	10796.2135
1278500	10796.3191
1279000	10796.6457
1279500	10795.8069
1280000	10795.2006
1280500	10794.9414
1281000	10794.6685
1281500	10795.2045
1282000	10795.0877
1282500	10795.5223
1283000	10795.7958
1283500	10796.3518
1284000	10795.9425
1284500	10796.1614
1285000	10796.2276
1285500	10796.5768
1286000	10795.1310
1286500	10794.9538
1287000	10795.1108
1287500	10795.4942
1288000	10795.6335
1288500	10794.8797
1289000	10795.2059
1289500	10795.2614
1290000	10795.1109
1290500	10795.3468
1291000	10794.2940
1291500	10794.4587
1292000	10794.8698
1292500	10795.1576
1293000	10795.7825
1293500	10795.7434
1294000	10795.9363
1294500	10794.7383
1295000	10794.8429
1295500	10794.8791
1296000	10794.3915
1296500	10793.9187
1297000	10793.7914
1297500	10793.4449
1298000	10792.0345
1298500	10791.6548
1299000	10791.5416
1299500	10791.9590
1300000	10791.4899
1300500	10791.5879
1301000	10791.4118
1301500	10792.5785
1302000	10792.5879
1302500	10792.7271
1303000	10792.0240
1303500	10792.6765
1304000	10794.4244
1304500	10793.1448
1305000	10793.1276
1305500	10792.0594
1306000	10792.0486
1306500	10790.8625
1307000	10790.5721
1307500	10790.8680
1308000	10791.2180
1308500	10792.2464
1309000	10792.2077
1309500	10791.1326
1310000	10791.4929
1310500	10792.1119
1311000	10791.9410
1311500	10792.5923
1312000	10791.7082
1312500	10791.3601
1313000	10792.4544
1313500	10792.3350
1314000	10792.1118
1314500	10792.1118
1315000	10792.2864
1315500	10791.4160
1316000	10791.2972
1316500	10791.3018
1317000	10792.4446
1317500	10792.8667
1318000	10793.3214
1318500	10792.7781
1319000	10793.2851
1319500	10793.0667
1320000	10793.3922
1320500	10790.7618
1321000	10791.1318
1321500	10792.0313
1322000	10793.1345
1322500	10791.9348
1323000	10791.7905
1323500	10790.7381
1324000	10791.9366
1324500	10792.9014
1325000	10793.2544
1325500	10792.9784
1326000	10793.5823
1326500	10795.6206
1327000	10797.5511
1327500	10797.9003
1328000	10797.7620
1328500	10797.3863
1329000	10796.9702
1329500	10796.9091
1330000	10797.0510
1330500	10796.9210
1331000	10797.4291
1331500	10798.1658
1332000	10797.0924
1332500	10797.3181
1333000	10798.0650
1333500	10797.5742
1334000	10798.1384
1334500	10798.1537
1335000	10798.7659
1335500	10798.4932
1336000	10798.3169
1336500	10799.4364
1337000	10799.5548
1337500	10799.9038
1338000	10800.0197
1338500	10799.5931
1339000	10799.5241
1339500	10798.9806
1340000	10798.6759
1340500	10799.5252
1341000	10800.7485
1341500	10800.1420
1342000	10801.2051
1342500	10801.0045
1343000	10802.2484
1343500	10801.6052
1344000	10802.0320
1344500	10801.9925
1345000	10802.5331
1345500	10801.7340
1346000	10803.0088
1346500	10803.8562
1347000	10803.6586
1347500	10802.9271
1348000	10804.1644
1348500	10803.8921
1349000	10804.6519
1349500	10804.1530
1350000	10803.7103
1350500	10804.1896
1351000	10804.5258
1351500	10804.8331
1352000	10805.2427
1352500	10805.3895
1353000	10805.0627
1353500	10805.3860
1354000	10804.2120
1354500	10804.2080
1355000	10803.1692
1355500	10803.2840
1356000	10804.6299
1356500	10804.7674
1357000	10804.0103
1357500	10804.2818
1358000	10804.8099
1358500	10803.5192
1359000	10803.4441
1359500	10803.0496
1360000	10802.6671
1360500	10801.2689
1361000	10801.0998
1361500	10800.4544
1362000	10801.3120
1362500	10799.8363
1363000	10800.5129
1363500	10799.7100
1364000	10799.9033
1364500	10798.6225
1365000	10798.9751
1365500	10799.1550
1366000	10800.5790
1366500	10800.5183
1367000	10799.4479
1367500	10799.6282
1368000	10797.9565
1368500	10797.6655
1369000	10797.6241
1369500	10798.5272
1370000	10796.9832
1370500	10795.9464
1371000	10795.7922
1371500	10793.5163
1372000	10793.7238
1372500	10793.3465
1373000	10792.6444
1373500	10792.2588
1374000	10792.1410
1374500	10791.9817
1375000	10792.1596
1375500	10792.7674
1376000	10791.4273
1376500	10791.7290
1377000	10792.7361
1377500	10792.5434
1378000	10791.8375
1378500	10792.1814
1379000	10792.2168
1379500	10792.3442
1380000	10792.5091
1380500	10792.7642
1381000	10793.2480
1381500	10794.2921
1382000	10794.9345
1382500	10796.5589
1383000	10796.3548
1383500	10796.5705
1384000	10797.2160
1384500	10795.9637
1385000	10795.4576
1385500	10796.7092
1386000	10797.5680
1386500	10797.1939
1387000	10797.0289
1387500	10797.4767
1388000	10797.2319
1388500	10797.4213
1389000	10797.4825
1389500	10796.3925
1390000	10796.4476
1390500	10796.5860
1391000	10796.6241
1391500	10797.2803
1392000	10798.0233
1392500	10798.0881
1393000	10796.7070
1393500	10796.9313
1394000	10796.8833
1394500	10796.1230
1395000	10797.2707
1395500	10798.0714
1396000	10798.3607
1396500	10798.4730
1397000	10799.4256
1397500	10798.3175
1398000	10798.5838
1398500	10800.1235
1399000	10799.2116
1399500	10798.5711
1400000	10797.8361
1400500	10797.8996
1401000	10799.4344
1401500	10799.4985
1402000	10799.6155
1402500	10798.7201
1403000	10798.5435
1403500	10798.4856
1404000	10799.3002
1404500	10800.5202
1405000	10800.8008
1405500	10800.3454
1406000	10800.4633
1406500	10800.5146
1407000	10800.7894
1407500	10800.0004
1408000	10800.4046
1408500	10800.7587
1409000	10801.4132
1409500	10799.8847
1410000	10799.5618
1410500	10799.4817
1411000	10799.9139
1411500	10800.0884
1412000	10799.3491
1412500	10799.3642
1413000	10799.6506
1413500	10799.6891
1414000	10799.9496
1414500	10798.8799
1415000	10799.8355
1415500	10799.6297
1416000	10799.6843
1416500	10800.2280
1417000	10799.3847
1417500	10799.2869
1418000	10797.8593
1418500	10797.8891
1419000	10798.4889
1419500	10797.6452
1420000	10796.8147
1420500	10797.2443
1421000	10796.8968
1421500	10796.9788
1422000	10797.1886
1422500	10798.3900
1423000	10799.3637
1423500	10799.3381
1424000	10799.8706
1424500	10799.2357
1425000	10800.4486
1425500	10800.2736
1426000	10799.6529
1426500	10799.4052
1427000	10799.8819
1427500	10799.6943
1428000	10800.2721
1428500	10800.3626
1429000	10798.8402
1429500	10798.3399
1430000	10799.0491
1430500	10799.5137
1431000	10798.5282
1431500	10798.4051
1432000	10795.8748
1432500	10796.1123
1433000	10796.1799
1433500	10794.9789
1434000	10794.5932
1434500	10793.9791
1435000	10793.8240
1435500	10793.8240
1436000	10793.5886
1436500	10792.3863
1437000	10792.7181
1437500	10792.8683
1438000	10792.2366
1438500	10791.2705
1439000	10791.4013
1439500	10791.3023
1440000	10792.2690
1440500	10792.2173
1441000	10791.8363
1441500	10792.8618
1442000	10793.2920
1442500	10793.3249
1443000	10794.2090
1443500	10793.9045
1444000	10793.3275
1444500	10793.4757
1445000	10793.4804
1445500	10793.4199
1446000	10793.4341
1446500	10792.9978
1447000	10793.2488
1447500	10794.0320
1448000	10794.1673
1448500	10794.1653
1449000	10794.9972
1449500	10794.8902
1450000	10793.2527
1450500	10793.1172
1451000	10793.7302
1451500	10795.3153
1452000	10795.0378
1452500	10795.1483
1453000	10795.5820
1453500	10795.5366
1454000	10796.2428
1454500	10795.9432
1455000	10796.5834
1455500	10797.8553
1456000	10797.1654
1456500	10797.4833
1457000	10797.2786
1457500	10797.3825
1458000	10797.9078
1458500	10797.1938
1459000	10797.8892
1459500	10797.3691
1460000	10795.3127
1460500	10795.6031
1461000	10795.4693
1461500	10795.5449
1462000	10795.4615
1462500	10795.3902
1463000	10796.6381
1463500	10796.5361
1464000	10797.5436
1464500	10796.8658
1465000	10796.7570
1465500	10795.8069
1466000	10795.9404
1466500	10796.3402
1467000	10796.8989
1467500	10796.9682
1468000	10796.1782
1468500	10795.7138
1469000	10796.2043
1469500	10795.0728
1470000	10794.2471
1470500	10793.9186
1471000	10794.6023
1471500	10795.0074
1472000	10794.5891
1472500	10795.2294
1473000	10795.6890
1473500	10794.4323
1474000	10794.7053
1474500	10795.0100
1475000	10795.6346
1475500	10794.8972
1476000	10794.0092
1476500	10793.6107
1477000	10794.1433
1477500	10794.0164
1478000	10793.9518
1478500	10793.0158
1479000	10793.5714
1479500	10794.1373
1480000	10793.8092
1480500	10794.2183
1481000	10794.3863
1481500	10793.1081
1482000	10793.3232
1482500	10792.8098
1483000	10793.9501
1483500	10793.4534
1484000	10793.9120
1484500	10793.7757
1485000	10794.2744
1485500	10793.1878
1486000	10794.1509
1486500	10792.7360
1487000	10793.8218
1487500	10793.3926
1488000	10790.8890
1488500	10790.9240
1489000	10790.3368
1489500	10790.4266
1490000	10791.3154
1490500	10791.5225
1491000	10791.4397
1491500	10790.9989
1492000	10791.7899
1492500	10791.6816
1493000	10791.4190
1493500	10791.7892
1494000	10792.2041
1494500	10791.8051
1495000	10791.8886
1495500	10793.1415
1496000	10792.8003
1496500	10792.8448
1497000	10793.2174
1497500	10793.6981
1498000	10792.8235
1498500	10793.7703
1499000	10795.3983
1499500	10794.7007
1500000	10795.1562
1500500	10794.9555
1501000	10794.4423
1501500	10794.7808
1502000	10794.6267
1502500	10794.9632
1503000	10794.4047
1503500	10794.1526
1504000	10795.0016
1504500	10795.2158
1505000	10794.8768
1505500	10795.7698
1506000	10796.3842
1506500	10796.7804
1507000	10796.3517
1507500	10797.2942
1508000	10797.7884
1508500	10797.0865
1509000	10797.2248
1509500	10796.4507
1510000	10796.4839
1510500	10796.6593
1511000	10796.5386
1511500	10797.1210
1512000	10797.8769
1512500	10797.7585
1513000	10797.5963
1513500	10795.5814
1514000	10795.3432
1514500	10795.3386
1515000	10795.7056
1515500	10795.9617
1516000	10795.6547
1516500	10795.5220
1517000	10794.9380
1517500	10794.9611
1518000	10794.2989
1518500	10794.8779
1519000	10795.4484
1519500	10796.3019
1520000	10796.6241
1520500	10796.9222
1521000	10797.5699
1521500	10798.1840
1522000	10796.4163
1522500	10795.5694
1523000	10796.0866
1523500	10796.6453
1524000	10796.9178
1524500	10796.0219
1525000	10795.5207
1525500	10795.4280
1526000	10796.3138
1526500	10797.1603
1527000	10797.0503
1527500	10797.2938
1528000	10797.5016
1528500	10797.6531
1529000	10798.1536
1529500	10797.5174
1530000	10797.1347
1530500	10796.7499
1531000	10796.5005
1531500	10796.7310
1532000	10795.9785
1532500	10796.3426
1533000	10796.4408
1533500	10796.4666
1534000	10797.3320
1534500	10797.7767
1535000	10798.0502
1535500	10797.6901
1536000	10796.6895
1536500	10796.3888
1537000	10796.5415
1537500	10795.0076
1538000	10795.6060
1538500	10795.3212
1539000	10795.7395
1539500	10795.6561
1540000	10795.3108
1540500	10794.7572
1541000	10794.7743
1541500	10793.9286
1542000	10795.2178
1542500	10795.0836
1543000	10796.0232
1543500	10796.0266
1544000	10795.6126
1544500	10795.5139
1545000	10795.3443
1545500	10795.2499
1546000	10794.9281
1546500	10795.6449
1547000	10794.0731
1547500	10794.7421
1548000	10795.0220
1548500	10793.7969
1549000	10793.3381
1549500	10792.6233
1550000	10792.3283
1550500	10791.8105
1551000	10791.6885
1551500	10792.0735
1552000	10792.7002
1552500	10792.9414
1553000	10794.3208
1553500	10795.3450
1554000	10794.5059
1554500	10794.8836
1555000	10794.3350
1555500	10794.4645
1556000	10795.6083
1556500	10795.1683
1557000	10795.5817
1557500	10795.3735
1558000	10795.6922
1558500	10795.7150
1559000	10796.5241
1559500	10796.8721
1560000	10796.9837
1560500	10797.2370
1561000	10797.2874
1561500	10797.7917
1562000	10797.9044
1562500	10797.5656
1563000	10797.9722
1563500	10796.8265
1564000	10797.1017
1564500	10797.0197
1565000	10796.9377
1565500	10797.3021
1566000	10797.6120
1566500	10797.6274
1567000	10797.1303
1567500	10796.7502
1568000	10796.3634
1568500	10797.3858
1569000	10797.6249
1569500	10797.4422
1570000	10796.6280
1570500	10796.4365
1571000	10796.1978
1571500	10796.8437
1572000	10797.6407
1572500	10797.7453
1573000	10798.5940
1573500	10798.8273
1574000	10798.7801
1574500	10798.4233
1575000	10798.1479
1575500	10797.7239
1576000	10797.8117
1576500	10796.7911
1577000	10797.1491
1577500	10798.2884
1578000	10799.1727
1578500	10800.4193
1579000	10799.8310
1579500	10799.8179
1580000	10799.6681
1580500	10799.9332
1581000	10799.4144
1581500	10798.7461
1582000	10798.8963
1582500	10797.7513
1583000	10797.7541
1583500	10796.6804
1584000	10796.6964
1584500	10797.0650
1585000	10796.9968
1585500	10797.1679
1586000	10796.9800
1586500	10796.4555
1587000	10795.2488
1587500	10794.1890
1588000	10793.4065
1588500	10793.5884
1589000	10793.0643
1589500	10792.8414
1590000	10792.8572
1590500	10792.0990
1591000	10790.2143
1591500	10790.5715
1592000	10790.8472
1592500	10790.1735
1593000	10791.1943
1593500	10791.1838
1594000	10790.5770
1594500	10790.2827
1595000	10790.7030
1595500	10790.7645
1596000	10791.4863
1596500	10792.1102
1597000	10792.8445
1597500	10792.7836
1598000	10792.6739
1598500	10792.8914
1599000	10792.6919
1599500	10792.5984
1600000	10792.6967
1600500	10792.4840
1601000	10792.0122
1601500	10791.3418
1602000	10790.4953
1602500	10790.1022
1603000	10788.5662
1603500	10788.4509
1604000	10788.6878
1604500	10788.7047
1605000	10788.1031
1605500	10786.7199
1606000	10785.7310
1606500	10785.7640
1607000	10784.7556
1607500	10785.0632
1608000	10785.5417
1608500	10786.2251
1609000	10786.2422
1609500	10785.7060
1610000	10785.7173
1610500	10784.4489
1611000	10783.6474
1611500	10783.3383
1612000	10783.9230
1612500	10783.7717
1613000	10784.1342
1613500	10784.0748
1614000	10783.7784
1614500	10783.7704
1615000	10783.1119
1615500	10783.1119
1616000	10783.6197
1616500	10784.1693
1617000	10783.5686
1617500	10783.4449
1618000	10784.0344
1618500	10784.4984
1619000	10785.2305
1619500	10785.7040
1620000	10785.3489
1620500	10785.2915
1621000	10784.7591
1621500	10785.0938
1622000	10784.6491
1622500	10784.9029
1623000	10784.9780
1623500	10785.2214
1624000	10784.5436
1624500	10783.0496
1625000	10783.0768
1625500	10782.3843
1626000	10782.5664
1626500	10782.8435
1627000	10782.6906
1627500	10782.7318
1628000	10782.6769
1628500	10781.9355
1629000	10781.6605
1629500	10781.6605
1630000	10781.4844
1630500	10781.2923
1631000	10780.8763
1631500	10782.2709
1632000	10782.4654
1632500	10781.7485
1633000	10782.4928
1633500	10782.2259
1634000	10782.5527
1634500	10783.4278
1635000	10782.1270
1635500	10782.3266
1636000	10781.3867
1636500	10780.2316
1637000	10779.6397
1637500	10780.0530
1638000	10779.6973
1638500	10779.9554
1639000	10779.8168
1639500	10779.7100
1640000	10779.2860
1640500	10779.3645
1641000	10778.5707
1641500	10778.8078
1642000	10778.8938
1642500	10779.0201
1643000	10778.5918
1643500	10779.3056
1644000	10780.0651
1644500	10780.2409
1645000	10780.6249
1645500	10781.6807
1646000	10781.5905
1646500	10781.1751
1647000	10781.0619
1647500	10781.4999
1648000	10781.5867
1648500	10781.9287
1649000	10782.2195
1649500	10781.3428
1650000	10780.9087
1650500	10782.3886
1651000	10782.1510
1651500	10782.2322
1652000	10781.7489
1652500	10782.0320
1653000	10782.0890
1653500	10781.8457
1654000	10781.8238
1654500	10780.9724
1655000	10780.8544
1655500	10780.7865
1656000	10781.1928
1656500	10781.6043
1657000	10781.9036
1657500	10781.1696
1658000	10780.8792
1658500	10780.7157
1659000	10780.0650
1659500	10779.8172
1660000	10779.4533
1660500	10779.5745
1661000	10779.0555
1661500	10780.0843
1662000	10779.7788
1662500	10779.1956
1663000	10776.7458
1663500	10776.6587
1664000	10776.3232
1664500	10775.4039
1665000	10775.0742
1665500	10774.2976
1666000	10773.5925
1666500	10773.4585
1667000	10773.6635
1667500	10774.1342
1668000	10773.6250
1668500	10774.1935
1669000	10774.7248
1669500	10775.3585
1670000	10775.3981
1670500	10775.2780
1671000	10775.8759
1671500	10776.7166
1672000	10775.1184
1672500	10775.5087
1673000	10775.5320
1673500	10774.8696
1674000	10774.7480
1674500	10774.5051
1675000	10774.9641
1675500	10775.5388
1676000	10775.7828
1676500	10776.1157
1677000	10776.8382
1677500	10777.0704
1678000	10777.7187
1678500	10778.3635
1679000	10778.0697
1679500	10778.2542
1680000	10779.0894
1680500	10779.0670
1681000	10778.6708
1681500	10778.9203
1682000	10779.3082
1682500	10779.5244
1683000	10779.5244
1683500	10779.1538
1684000	10779.6143
1684500	10778.6188
1685000	10779.4144
1685500	10779.5534
1686000	10780.6532
1686500	10780.5638
1687000	10780.6487
1687500	10780.7095
1688000	10780.8538
1688500	10781.3336
1689000	10780.8349
1689500	10781.2577
1690000	10781.2329
1690500	10781.2643
1691000	10781.4060
1691500	10781.1499
1692000	10780.8868
1692500	10781.3395
1693000	10781.7509
1693500	10783.8100
1694000	10783.5555
1694500	10783.3538
1695000	10783.5420
1695500	10784.1730
1696000	10784.6179
1696500	10784.2598
1697000	10783.5147
1697500	10784.0263
1698000	10784.4710
1698500	10785.7711
1699000	10786.0302
1699500	10784.5625
1700000	10784.8199
1700500	10784.6337
1701000	10784.9066
1701500	10784.4867
1702000	10783.9491
1702500	10783.6470
1703000	10783.9299
1703500	10784.7514
1704000	10784.3747
1704500	10784.8195
1705000	10785.4125
1705500	10785.5587
1706000	10786.1115
1706500	10786.2412
1707000	10785.1110
1707500	10786.1227
1708000	10785.7258
1708500	10786.0726
1709000	10785.3868
1709500	10786.1133
1710000	10785.9356
1710500	10786.2555
1711000	10787.1230
1711500	10787.3416
1712000	10788.0232
1712500	10788.5891
1713000	10788.9318
1713500	10789.8860
1714000	10790.2040
1714500	10789.8597
1715000	10788.7368
1715500	10788.8712
1716000	10789.4568
1716500	10788.5486
1717000	10789.1686
1717500	10789.1981
1718000	10789.1287
1718500	10789.1287
1719000	10787.8091
1719500	10786.8215
1720000	10786.5373
1720500	10786.1221
1721000	10785.6700
1721500	10785.6337
1722000	10785.6887
1722500	10785.4088
1723000	10786.3065
1723500	10786.4642
1724000	10786.5584
1724500	10785.5784
1725000	10785.8267
1725500	10786.4090
1726000	10786.2952
1726500	10786.0859
1727000	10785.0156
1727500	10784.7833
1728000	10785.3453
1728500	10784.8020
1729000	10785.3244
1729500	10784.9248
1730000	10784.7718
1730500	10784.7718
1731000	10785.1252
1731500	10785.8913
1732000	10785.2801
1732500	10785.6234
1733000	10785.4760
1733500	10785.1541
1734000	10785.5685
1734500	10786.1328
1735000	10785.7931
1735500	10785.3104
1736000	10785.2003
1736500	10784.9313
1737000	10784.9500
1737500	10785.1064
1738000	10784.5100
1738500	10785.1577
1739000	10784.9476
1739500	10785.6769
1740000	10785.4697
1740500	10785.4047
1741000	10785.2493
1741500	10784.9983
1742000	10784.0378
1742500	10784.5949
1743000	10784.5674
1743500	10784.3515
1744000	10784.8223
1744500	10784.7928
1745000	10785.3641
1745500	10785.5953
1746000	10785.9326
1746500	10785.9326
1747000	10785.6276
1747500	10785.7473
1748000	10786.4948
1748500	10786.1970
1749000	10787.4021
1749500	10787.8635
1750000	10787.7510
1750500	10787.8062
1751000	10787.0780
1751500	10788.8759
1752000	10789.0058
1752500	10788.5553
1753000	10787.8902
1753500	10788.4200
1754000	10789.3354
1754500	10788.8116
1755000	10789.1403
1755500	10789.2372
1756000	10789.0674
1756500	10789.6230
1757000	10790.1279
1757500	10789.7814
1758000	10790.5110
1758500	10790.6617
1759000	10789.4748
1759500	10789.9423
1760000	10790.1489
1760500	10789.9175
1761000	10791.2502
1761500	10791.6138
1762000	10790.9438
1762500	10790.8248
1763000	10790.4550
1763500	10790.4172
1764000	10790.7248
1764500	10791.3278
1765000	10790.7783
1765500	10790.3072
1766000	10790.4068
1766500	10790.3519
1767000	10790.1455
1767500	10790.7114
1768000	10790.7278
1768500	10790.4504
1769000	10789.9631
1769500	10790.4598
1770000	10790.9227
1770500	10790.2258
1771000	10789.7062
1771500	10789.0552
1772000	10789.0792
1772500	10788.5666
1773000	10789.1878
1773500	10788.9845
1774000	10788.5371
1774500	10788.2236
1775000	10788.1291
1775500	10788.5976
1776000	10788.2201
1776500	10788.7601
1777000	10789.4368
1777500	10789.5950
1778000	10789.3112
1778500	10789.7650
1779000	10790.2240
1779500	10790.2357
1780000	10789.7155
1780500	10790.1515
1781000	10789.6640
1781500	10789.9358
1782000	10789.8109
1782500	10790.9572
1783000	10790.1712
1783500	10790.7805
1784000	10791.3098
1784500	10791.8228
1785000	10791.4293
1785500	10792.1356
1786000	10792.5149
1786500	10792.2565
1787000	10791.7615
1787500	10792.5109
1788000	10792.6320
1788500	10792.8237
1789000	10793.6291
1789500	10793.4061
1790000	10794.0977
1790500	10794.5476
1791000	10794.3625
1791500	10794.7141
1792000	10795.8234
1792500	10795.5814
1793000	10795.8466
1793500	10795.7101
1794000	10796.8096
1794500	10796.6041
1795000	10797.2973
1795500	10797.5506
1796000	10797.3503
1796500	10797.7454
1797000	10799.0778
1797500	10798.8345
1798000	10798.4799
1798500	10798.8549
1799000	10799.2622
1799500	10799.7794
1800000	10800.0415
1800500	10799.5482
1801000	10799.8117
1801500	10800.2181
1802000	10799.7120
1802500	10800.1674
1803000	10799.9676
1803500	10798.7782
1804000	10799.3000
1804500	10799.3394
1805000	10799.7233
1805500	10800.2013
1806000	10800.0442
1806500	10800.3360
1807000	10800.0772
1807500	10799.4916
1808000	10799.8034
1808500	10799.8302
1809000	10800.0639
1809500	10799.9525
1810000	10799.7493
1810500	10800.6165
1811000	10800.7947
1811500	10799.4931
1812000	10799.9869
1812500	10799.5837
1813000	10799.2549
1813500	10799.4703
1814000	10798.2344
1814500	10797.4590
1815000	10797.0077
1815500	10796.8589
1816000	10797.4419
1816500	10797.4878
1817000	10797.7217
1817500	10798.0697
1818000	10798.0697
1818500	10798.9435
1819000	10799.1242
1819500	10799.3445
1820000	10799.7945
1820500	10800.2458
1821000	10800.7926
1821500	10800.7755
1822000	10800.6340
1822500	10800.3809
1823000	10800.1608
1823500	10799.7596
1824000	10799.7055
1824500	10799.4129
1825000	10799.0228
1825500	10798.5269
1826000	10798.4380
1826500	10797.9431
1827000	10796.9462
1827500	10797.8942
1828000	10797.2299
1828500	10797.6353
1829000	10797.3852
1829500	10797.8307
1830000	10797.0114
1830500	10797.2889
1831000	10796.9588
1831500	10796.7111
1832000	10797.2261
1832500	10796.6936
1833000	10797.5329
1833500	10797.0413
1834000	10796.9116
1834500	10796.4800
1835000	10797.0899
1835500	10797.0047
1836000	10797.6784
1836500	10798.1291
1837000	10798.5563
1837500	10798.0779
1838000	10798.8047
1838500	10798.8495
1839000	10799.1626
1839500	10798.6101
1840000	10798.2193
1840500	10798.5742
1841000	10798.7564
1841500	10798.9175
1842000	10799.3496
1842500	10798.7478
1843000	10799.1753
1843500	10799.4872
1844000	10800.0187
1844500	10799.9855
1845000	10799.7475
1845500	10799.1630
1846000	10799.1642
1846500	10799.2990
1847000	10797.9369
1847500	10798.5408
1848000	10797.5302
1848500	10797.6970
1849000	10797.8500
1849500	10797.7737
1850000	10798.1867
1850500	10798.5285
1851000	10798.4730
1851500	10797.9150
1852000	10797.9150
1852500	10798.5702
1853000	10797.6251
1853500	10797.2923
1854000	10797.2952
1854500	10796.5562
1855000	10796.2235
1855500	10796.1376
1856000	10797.4404
1856500	10797.4000
1857000	10797.2329
1857500	10796.8079
1858000	10796.5928
1858500	10797.2245
1859000	10797.0000
1859500	10796.9804
1860000	10796.8156
1860500	10797.3077
1861000	10797.0899
1861500	10796.1939
1862000	10796.4135
1862500	10796.8285
1863000	10795.6789
1863500	10795.4605
1864000	10795.3941
1864500	10794.8415
1865000	10795.1239
1865500	10795.2873
1866000	10794.6642
1866500	10795.3388
1867000	10796.0061
1867500	10795.8995
1868000	10796.5169
1868500	10797.1528
1869000	10797.1123
1869500	10796.6051
1870000	10796.9730
1870500	10796.4706
1871000	10797.6303
1871500	10796.7145
1872000	10796.2143
1872500	10796.6922
1873000	10795.2865
1873500	10794.0256
1874000	10793.7182
1874500	10793.8750
1875000	10794.0873
1875500	10793.1263
1876000	10793.6803
1876500	10793.5816
1877000	10793.7295
1877500	10794.3481
1878000	10794.2973
1878500	10794.6804
1879000	10794.4884
1879500	10793.6894
1880000	10793.5235
1880500	10793.2984
1881000	10793.0032
1881500	10794.1127
1882000	10794.0385
1882500	10794.1283
1883000	10794.1622
1883500	10794.0656
1884000	10793.4640
1884500	10794.0027
1885000	10792.9567
1885500	10792.7655
1886000	10791.7392
1886500	10790.8534
1887000	10791.0496
1887500	10791.1100
1888000	10790.9471
1888500	10791.4079
1889000	10791.5757
1889500	10791.8284
1890000	10791.8083
1890500	10792.0002
1891000	10792.2004
1891500	10793.5153
1892000	10794.4788
1892500	10794.3980
1893000	10795.1728
1893500	10794.5542
1894000	10794.4320
1894500	10795.0423
1895000	10794.9072
1895500	10795.0212
1896000	10794.8026
1896500	10794.9220
1897000	10795.2343
1897500	10794.2282
1898000	10794.6900
1898500	10794.7023
1899000	10795.1141
1899500	10795.2733
1900000	10794.8931
1900500	10794.5832
1901000	10794.4058
1901500	10794.3921
1902000	10795.1432
1902500	10794.8790
1903000	10795.2093
1903500	10795.1049
1904000	10795.1888
1904500	10793.7229
1905000	10793.8039
1905500	10793.8039
1906000	10793.5421
1906500	10793.9082
1907000	10793.2179
1907500	10792.7380
1908000	10793.1454
1908500	10792.5969
1909000	10792.3255
1909500	10792.3897
1910000	10792.7337
1910500	10792.1733
1911000	10792.9603
1911500	10793.4131
1912000	10793.4488
1912500	10793.2193
1913000	10792.9989
1913500	10793.4200
1914000	10793.0717
1914500	10793.1717
1915000	10793.5751
1915500	10792.9172
1916000	10793.4716
1916500	10793.3599
1917000	10793.7292
1917500	10794.7350
1918000	10795.0580
1918500	10794.0864
1919000	10794.2657
1919500	10794.3108
1920000	10794.1467
1920500	10793.6149
1921000	10793.4217
1921500	10793.9927
1922000	10792.9173
1922500	10792.0640
1923000	10792.0245
1923500	10792.4509
1924000	10793.4510
1924500	10792.7494
1925000	10793.9148
1925500	10793.9148
1926000	10793.5929
1926500	10794.6224
1927000	10794.8887
1927500	10794.3509
1928000	10795.3982
1928500	10795.0726
1929000	10795.6220
1929500	10794.6934
1930000	10794.3630
1930500	10794.5348
1931000	10794.2494
1931500	10795.2053
1932000	10795.7189
1932500	10794.5329
1933000	10794.3230
1933500	10794.5125
1934000	10793.3490
1934500	10793.3593
1935000	10793.1611
1935500	10793.4741
1936000	10794.4238
1936500	10794.6662
1937000	10794.7893
1937500	10794.4739
1938000	10794.0565
1938500	10794.9427
1939000	10795.5500
1939500	10795.5115
1940000	10795.6286
1940500	10795.7930
1941000	10795.5669
1941500	10795.9882
1942000	10795.0367
1942500	10795.4479
1943000	10795.3216
1943500	10795.0557
1944000	10794.7733
1944500	10795.2401
1945000	10795.3344
1945500	10794.8834
1946000	10793.5801
1946500	10793.0082
1947000	10793.5045
1947500	10793.5365
1948000	10793.8583
1948500	10793.3881
1949000	10793.5219
1949500	10793.5008
1950000	10794.7876
1950500	10794.9536
1951000	10795.1644
1951500	10795.3194
1952000	10794.9988
1952500	10794.7384
1953000	10794.9321
1953500	10795.5974
1954000	10796.3335
1954500	10796.7342
1955000	10796.4453
1955500	10796.7447
1956000	10796.1516
1956500	10796.6385
1957000	10797.0475
1957500	10796.4098
1958000	10796.8323
1958500	10796.7664
1959000	10796.9940
1959500	10797.6420
1960000	10797.4312
1960500	10797.3630
1961000	10797.7699
1961500	10797.1190
1962000	10797.1190
1962500	10797.1235
1963000	10797.3824
1963500	10797.2336
1964000	10796.9287
1964500	10797.1361
1965000	10797.2562
1965500	10797.0809
1966000	10798.0323
1966500	10797.7428
1967000	10797.5413
1967500	10797.3816
1968000	10797.1035
1968500	10797.4233
1969000	10796.9024
1969500	10797.1281
1970000	10798.1225
1970500	10798.7267
1971000	10798.6671
1971500	10798.2542
1972000	10798.4839
1972500	10797.7275
1973000	10797.4713
1973500	10796.8266
1974000	10796.0204
1974500	10795.9195
1975000	10796.3626
1975500	10796.2976
1976000	10795.5050
1976500	10795.3140
1977000	10795.6358
1977500	10795.8406
1978000	10794.5402
1978500	10795.3216
1979000	10795.4711
1979500	10795.2998
1980000	10795.9206
1980500	10795.5500
1981000	10794.6715
1981500	10794.2279
1982000	10794.3008
1982500	10794.6116
1983000	10794.6624
1983500	10795.0673
1984000	10795.2422
1984500	10794.5847
1985000	10794.3846
1985500	10793.9742
1986000	10794.0934
1986500	10794.4439
1987000	10795.0454
1987500	10795.3586
1988000	10795.7115
1988500	10796.6904
1989000	10796.3193
1989500	10795.9505
1990000	10795.2232
1990500	10795.3857
1991000	10795.1968
1991500	10794.7459
1992000	10794.5924
1992500	10794.2832
1993000	10794.1618
1993500	10794.2718
1994000	10795.0463
1994500	10794.5671
1995000	10794.6505
1995500	10793.4385
1996000	10793.0798
1996500	10793.4094
1997000	10793.6170
1997500	10794.1035
1998000	10794.1439
1998500	10794.4249
1999000	10794.7052
1999500	10794.3124
2000000	10793.3648
2000500	10792.8097
2001000	10792.8321
2001500	10793.4676
2002000	10792.5379
2002500	10793.0878
2003000	10792.2942
2003500	10792.4100
2004000	10792.2992
2004500	10792.8619
2005000	10792.3946
2005500	10792.0896
2006000	10792.3329
2006500	10792.7614
2007000	10793.3938
2007500	10792.9696
2008000	10792.5255
2008500	10792.0150
2009000	10791.8201
2009500	10791.3235
2010000	10791.9257
2010500	10791.5948
2011000	10791.1580
2011500	10790.8895
2012000	10791.2493
2012500	10791.9784
2013000	10791.6087
2013500	10791.6822
2014000	10792.3364
2014500	10792.0864
2015000	10792.2794
2015500	10791.9902
2016000	10792.4497
2016500	10793.1984
2017000	10794.4288
2017500	10794.2196
2018000	10793.8419
2018500	10793.9736
2019000	10793.9450
2019500	10793.8556
2020000	10794.3644
2020500	10794.5012
2021000	10793.9597
2021500	10794.7257
2022000	10794.4939
2022500	10795.0733
2023000	10794.7361
2023500	10794.6513
2024000	10794.3963
2024500	10795.2362
2025000	10794.1613
2025500	10793.8541
2026000	10792.4490
2026500	10791.8019
2027000	10792.4870
2027500	10792.3868
2028000	10791.3573
2028500	10791.5569
2029000	10791.3819
2029500	10791.1835
2030000	10790.1879
2030500	10789.9438
2031000	10791.1960
2031500	10791.3270
2032000	10791.3195
2032500	10792.1715
2033000	10792.6033
2033500	10792.9332
2034000	10792.9332
2034500	10792.4884
2035000	10791.9393
2035500	10792.7715
2036000	10793.7292
2036500	10794.0363
2037000	10794.4012
2037500	10794.2505
2038000	10794.1258
2038500	10794.6045
2039000	10794.7927
2039500	10794.1889
2040000	10794.0868
2040500	10794.3696
2041000	10794.4139
2041500	10793.8947
2042000	10794.1361
2042500	10794.2906
2043000	10794.3162
2043500	10794.1114
2044000	10794.0629
2044500	10794.9059
2045000	10795.6698
2045500	10796.0916
2046000	10796.0570
2046500	10795.3315
2047000	10795.4293
2047500	10795.0570
2048000	10795.5434
2048500	10793.8936
2049000	10794.1167
2049500	10794.5557
2050000	10794.8384
2050500	10794.5249
2051000	10793.4252
2051500	10794.3329
2052000	10794.3557
2052500	10794.3924
2053000	10793.8122
2053500	10793.0069
2054000	10792.5097
2054500	10791.7876
2055000	10791.8041
2055500	10791.9156
2056000	10792.1668
2056500	10792.1381
2057000	10792.0708
2057500	10793.0587
2058000	10792.8501
2058500	10792.4697
2059000	10792.9140
2059500	10793.7447
2060000	10793.9396
2060500	10793.8512
2061000	10793.7736
2061500	10792.7511
2062000	10792.5330
2062500	10792.5946
2063000	10792.1584
2063500	10793.1040
2064000	10793.0913
2064500	10792.4543
2065000	10792.5783
2065500	10793.2790
2066000	10794.1504
2066500	10794.9545
2067000	10795.7443
2067500	10795.7725
2068000	10795.6628
2068500	10796.1832
2069000	10796.5912
2069500	10796.1588
2070000	10796.0960
2070500	10796.7378
2071000	10796.4775
2071500	10795.5877
2072000	10795.7116
2072500	10795.3573
2073000	10795.6460
2073500	10795.9165
2074000	10795.4798
2074500	10795.4798
2075000	10795.4460
2075500	10794.8493
2076000	10795.0693
2076500	10794.7101
2077000	10795.1638
2077500	10795.5824
2078000	10796.0467
2078500	10795.7512
2079000	10796.5746
2079500	10796.2005
2080000	10796.0079
2080500	10795.9258
2081000	10795.7667
2081500	10795.4393
2082000	10795.4903
2082500	10795.6019
2083000	10795.4087
2083500	10795.5312
2084000	10795.2000
2084500	10795.6599
2085000	10796.2148
2085500	10796.4242
2086000	10796.3386
2086500	10796.1713
2087000	10796.0920
2087500	10796.1433
2088000	10796.1839
2088500	10795.9470
2089000	10796.6854
2089500	10796.5637
2090000	10797.0913
2090500	10797.0479
2091000	10797.3768
2091500	10796.8714
2092000	10796.1084
2092500	10795.4643
2093000	10793.9888
2093500	10794.0080
2094000	10795.0040
2094500	10795.2257
2095000	10795.4497
2095500	10795.5383
2096000	10795.7035
2096500	10795.4641
2097000	10795.6047
2097500	10795.5395
2098000	10795.0389
2098500	10795.0790
2099000	10795.4673
2099500	10795.0271
2100000	10794.3180
2100500	10794.8626
2101000	10795.6057
2101500	10795.6342
2102000	10795.9318
2102500	10795.4752
2103000	10795.7913
2103500	10796.3502
2104000	10795.7769
2104500	10796.4379
2105000	10795.7518
2105500	10796.2317
2106000	10796.5681
2106500	10795.9728
2107000	10795.4227
2107500	10795.2575
2108000	10796.1762
2108500	10795.7203
2109000	10795.8421
2109500	10795.1295
2110000	10794.8028
2110500	10794.4451
2111000	10793.9210
2111500	10794.2381
2112000	10794.8714
2112500	10794.6740
2113000	10794.8092
2113500	10794.3093
2114000	10793.7076
2114500	10793.5269
2115000	10793.0300
2115500	10793.7345
2116000	10793.5419
2116500	10793.3466
2117000	10792.8792
2117500	10792.6300
2118000	10792.5878
2118500	10792.6897
2119000	10792.7692
2119500	10792.9319
2120000	10793.2239
2120500	10793.0471
2121000	10793.1568
2121500	10793.1238
2122000	10792.5451
2122500	10793.2450
2123000	10793.5016
2123500	10793.9913
2124000	10793.7637
2124500	10794.1439
2125000	10793.9149
2125500	10793.6390
2126000	10793.5445
2126500	10793.5509
2127000	10794.0858
2127500	10793.7594
2128000	10793.3254
2128500	10792.9037
2129000	10792.9037
2129500	10793.0509
2130000	10792.5757
2130500	10793.7967
2131000	10793.5848
2131500	10792.7660
2132000	10792.6068
2132500	10792.6167
2133000	10792.6749
2133500	10792.5972
2134000	10792.5619
2134500	10792.1358
2135000	10792.2973
2135500	10792.5597
2136000	10792.0164
2136500	10792.0629
2137000	10791.8822
2137500	10792.0398
2138000	10791.9809
2138500	10792.2598
2139000	10792.7342
2139500	10792.6371
2140000	10793.0932
2140500	10792.3757
2141000	10792.0046
2141500	10792.4681
2142000	10792.8698
2142500	10793.2081
2143000	10793.6728
2143500	10793.7735
2144000	10793.9206
2144500	10793.1897
2145000	10793.7260
2145500	10794.6065
2146000	10795.0337
2146500	10793.9954
2147000	10793.6646
2147500	10794.2632
2148000	10794.7533
2148500	10795.2326
2149000	10794.8858
2149500	10794.6884
2150000	10794.4439
2150500	10794.5504
2151000	10794.0639
2151500	10794.0639
2152000	10793.8648
2152500	10793.5935
2153000	10793.2959
2153500	10793.7481
2154000	10794.0800
2154500	10793.9633
2155000	10794.0034
2155500	10793.7343
2156000	10793.9426
2156500	10794.2712
2157000	10793.6663
2157500	10793.7999
2158000	10793.7855
2158500	10793.8005
2159000	10793.9274
2159500	10794.0142
2160000	10793.4012
2160500	10793.6309
2161000	10793.2642
2161500	10792.8254
2162000	10792.7332
2162500	10792.3643
2163000	10793.1236
2163500	10793.4477
2164000	10793.3572
2164500	10794.2651
2165000	10793.8775
2165500	10794.5594
2166000	10794.7101
2166500	10795.5212
2167000	10795.9683
2167500	10795.5884
2168000	10795.3158
2168500	10794.5078
2169000	10793.6993
2169500	10794.1094
2170000	10794.1311
2170500	10794.3279
2171000	10794.7220
2171500	10794.8179
2172000	10794.6166
2172500	10794.1074
2173000	10794.2076
2173500	10793.7485
2174000	10794.3265
2174500	10794.4511
2175000	10794.3727
2175500	10794.4730
2176000	10794.2576
2176500	10795.4479
2177000	10794.7337
2177500	10794.2160
2178000	10794.3307
2178500	10795.2173
2179000	10794.7880
2179500	10795.1299
2180000	10795.2078
2180500	10795.3042
2181000	10794.5952
2181500	10795.0569
2182000	10795.7034
2182500	10795.8587
2183000	10795.7092
2183500	10795.8076
2184000	10795.7052
2184500	10795.6098
2185000	10795.9592
2185500	10795.4022
2186000	10795.3499
2186500	10795.6584
2187000	10796.0858
2187500	10796.0012
2188000	10796.4381
2188500	10796.0036
2189000	10795.6434
2189500	10794.8775
2190000	10794.5454
2190500	10794.6538
2191000	10794.3861
2191500	10794.3438
2192000	10794.6583
2192500	10794.8572
2193000	10794.5544
2193500	10794.9456
2194000	10794.7231
2194500	10794.5160
2195000	10794.0048
2195500	10794.0357
2196000	10793.5033
2196500	10794.0608
2197000	10793.3402
2197500	10793.5597
2198000	10793.0373
2198500	10792.6296
2199000	10793.6706
2199500	10793.5490
2200000	10793.2068
2200500	10793.1654
2201000	10792.5718
2201500	10792.8452
2202000	10792.7011
2202500	10792.8907
2203000	10792.3416
2203500	10792.4932
2204000	10793.1369
2204500	10793.0778
2205000	10793.1660
2205500	10793.3686
2206000	10793.6280
2206500	10793.3062
2207000	10793.0340
2207500	10792.8011
2208000	10792.6043
2208500	10792.7638
2209000	10792.6345
2209500	10792.5919
2210000	10792.5122
2210500	10792.6675
2211000	10792.8621
2211500	10792.6517
2212000	10792.8578
2212500	10793.3176
2213000	10793.4020
2213500	10792.9700
2214000	10793.0585
2214500	10793.0732
2215000	10792.4838
2215500	10791.8119
2216000	10791.6586
2216500	10791.1906
2217000	10790.9520
2217500	10791.0120
2218000	10791.3029
2218500	10790.9959
2219000	10791.7295
2219500	10792.3472
2220000	10792.5033
2220500	10792.2745
2221000	10792.2040
2221500	10791.5401
2222000	10791.4824
2222500	10791.6465
2223000	10791.5644
2223500	10792.0949
2224000	10792.0201
2224500	10792.7033
2225000	10793.1847
2225500	10794.2249
2226000	10793.7719
2226500	10793.2898
2227000	10792.8544
2227500	10793.4227
2228000	10792.8620
2228500	10792.9468
2229000	10793.1569
2229500	10792.5867
2230000	10792.3419
2230500	10792.3845
2231000	10792.8145
2231500	10792.7128
2232000	10792.7732
2232500	10792.8924
2233000	10792.7626
2233500	10792.9778
2234000	10792.7333
2234500	10792.2170
2235000	10792.1157
2235500	10792.3716
2236000	10792.6739
2236500	10793.0887
2237000	10794.2046
2237500	10793.9254
2238000	10793.5817
2238500	10793.2468
2239000	10792.5441
2239500	10792.1718
2240000	10791.2749
2240500	10791.4954
2241000	10791.5046
2241500	10791.7101
2242000	10791.4155
2242500	10791.2256
2243000	10790.9274
2243500	10790.8621
2244000	10791.0643
2244500	10791.3347
2245000	10791.1658
2245500	10791.0244
2246000	10790.2612
2246500	10789.9504
2247000	10789.0118
2247500	10789.0545
2248000	10789.8795
2248500	10790.4353
2249000	10790.7149
2249500	10790.3608
2250000	10791.0007
2250500	10790.5844
2251000	10790.6734
2251500	10790.5031
2252000	10789.9131
2252500	10790.2634
2253000	10790.5637
2253500	10790.4202
2254000	10790.4000
2254500	10791.6010
2255000	10791.1081
2255500	10791.1091
2256000	10791.0786
2256500	10791.2199
2257000	10791.7398
2257500	10791.1705
2258000	10791.5867
2258500	10791.9353
2259000	10792.6547
2259500	10792.9849
2260000	10793.9050
2260500	10793.7157
2261000	10793.9525
2261500	10793.4911
2262000	10793.5476
2262500	10793.1920
2263000	10793.2568
2263500	10794.1651
2264000	10793.5853
2264500	10792.9534
2265000	10793.2883
2265500	10792.6683
2266000	10792.9853
2266500	10793.5931
2267000	10793.6768
2267500	10793.1900
2268000	10793.4982
2268500	10793.9520
2269000	10793.0237
2269500	10792.4888
2270000	10792.8720
2270500	10792.4683
2271000	10791.7252
2271500	10792.2230
2272000	10792.0673
2272500	10791.9638
2273000	10791.9480
2273500	10791.8405
2274000	10791.8248
2274500	10791.5939
2275000	10791.6433
2275500	10791.5181
2276000	10792.2659
2276500	10792.9977
2277000	10792.6433
2277500	10791.7836
2278000	10792.5613
2278500	10792.6954
2279000	10793.4719
2279500	10793.3780
2280000	10792.7631
2280500	10792.8502
2281000	10793.4371
2281500	10793.5397
2282000	10793.6163
2282500	10793.8345
2283000	10794.1511
2283500	10794.0990
2284000	10794.1333
2284500	10793.8535
2285000	10794.1305
2285500	10794.2772
2286000	10794.5332
2286500	10794.5581
2287000	10794.5071
2287500	10794.4880
2288000	10795.5298
2288500	10795.0824
2289000	10794.7507
2289500	10794.7143
2290000	10795.0806
2290500	10795.1878
2291000	10794.9931
2291500	10795.2321
2292000	10795.6464
2292500	10796.5467
2293000	10797.0735
2293500	10796.5627
2294000	10797.1522
2294500	10797.4240
2295000	10797.5835
2295500	10797.6217
2296000	10797.8236
2296500	10798.6215
2297000	10798.4063
2297500	10798.1391
2298000	10798.6078
2298500	10798.3990
2299000	10798.4479
2299500	10798.8421
2300000	10798.7246
2300500	10798.8990
2301000	10798.4789
2301500	10798.8281
2302000	10798.5019
2302500	10798.4535
2303000	10798.6065
2303500	10798.9059
2304000	10798.1019
2304500	10798.2530
2305000	10799.1439
2305500	10799.4592
2306000	10799.2089
2306500	10799.2357
2307000	10799.1991
2307500	10799.4108
2308000	10799.6590
2308500	10800.1761
2309000	10800.2604
2309500	10800.2641
2310000	10800.4893
2310500	10800.5820
2311000	10801.1729
2311500	10801.2839
2312000	10801.1987
2312500	10801.2646
2313000	10801.3686
2313500	10800.7458
2314000	10800.5197
2314500	10800.6778
2315000	10800.4143
2315500	10799.6721
2316000	10799.4282
2316500	10799.2975
2317000	10799.5325
2317500	10799.4158
2318000	10799.6079
2318500	10799.5944
2319000	10799.5603
2319500	10799.4102
2320000	10799.5575
2320500	10799.7480
2321000	10799.7480
2321500	10799.7124
2322000	10800.2757
2322500	10800.4796
2323000	10800.8732
2323500	10800.7925
2324000	10800.9865
2324500	10800.5288
2325000	10799.9855
2325500	10800.0882
2326000	10800.1350
2326500	10800.5638
2327000	10800.0905
2327500	10799.5581
2328000	10799.8561
2328500	10800.5536
2329000	10800.7590
2329500	10801.2808
2330000	10801.7842
2330500	10801.7926
2331000	10801.9881
2331500	10802.5266
2332000	10802.3970
2332500	10802.2891
2333000	10802.4378
2333500	10802.9803
2334000	10803.1021
2334500	10802.4639
2335000	10802.7136
2335500	10803.4128
2336000	10803.7231
2336500	10803.6357
2337000	10803.1635
2337500	10803.7933
2338000	10803.7763
2338500	10804.2224
2339000	10804.4438
2339500	10804.6818
2340000	10805.0117
2340500	10804.5775
2341000	10803.8669
2341500	10803.7178
2342000	10802.6800
2342500	10802.9958
2343000	10803.8372
2343500	10802.8027
2344000	10802.3132
2344500	10802.2206
2345000	10802.0627
2345500	10802.9283
2346000	10803.4286
2346500	10803.2106
2347000	10802.4212
2347500	10802.4156
2348000	10802.4935
2348500	10802.4880
2349000	10801.8784
2349500	10802.3582
2350000	10802.7991
2350500	10802.8652
2351000	10803.2103
2351500	10802.1707
2352000	10802.0676
2352500	10802.3566
2353000	10802.2636
2353500	10802.0686
2354000	10801.9168
2354500	10801.7236
2355000	10801.9792
2355500	10802.0237
2356000	10802.0880
2356500	10801.9392
2357000	10801.8981
2357500	10802.0249
2358000	10802.1671
2358500	10802.0807
2359000	10802.5467
2359500	10802.4070
2360000	10802.9190
2360500	10802.9798
2361000	10803.2501
2361500	10803.0993
2362000	10802.7587
2362500	10802.6154
2363000	10802.3093
2363500	10802.2081
2364000	10801.4471
2364500	10801.1582
2365000	10800.4940
2365500	10800.4315
2366000	10800.3795
2366500	10801.2120
2367000	10801.6720
2367500	10801.2831
2368000	10801.0232
2368500	10801.5024
2369000	10801.3649
2369500	10801.5817
2370000	10801.4553
2370500	10801.8129
2371000	10802.1320
2371500	10802.5903
2372000	10802.5272
2372500	10802.7801
2373000	10803.3226
2373500	10803.3449
2374000	10803.1282
2374500	10803.5124
2375000	10803.4625
2375500	10802.8076
2376000	10802.9834
2376500	10803.2272
2377000	10803.3453
2377500	10802.9932
2378000	10803.1852
2378500	10802.5580
2379000	10802.2426
2379500	10802.8422
2380000	10803.2943
2380500	10803.1970
2381000	10803.1570
2381500	10803.3393
2382000	10802.3933
2382500	10802.9060
2383000	10803.4052
2383500	10803.3882
2384000	10803.6670
2384500	10804.0560
2385000	10804.3579
2385500	10804.5731
2386000	10804.3403
2386500	10803.5857
2387000	10803.8528
2387500	10803.1427
2388000	10803.4725
2388500	10802.0438
2389000	10801.5642
2389500	10802.1543
2390000	10802.2694
2390500	10801.9452
2391000	10802.4600
2391500	10801.9663
2392000	10802.0532
2392500	10802.1802
2393000	10802.2986
2393500	10801.9280
2394000	10802.1462
2394500	10801.8436
2395000	10802.0481
2395500	10801.2616
2396000	10802.1834
2396500	10801.6966
2397000	10802.0614
2397500	10802.6282
2398000	10802.7188
2398500	10802.5431
2399000	10802.3402
2399500	10802.3402
2400000	10802.1344
2400500	10801.7637
2401000	10801.2470
2401500	10801.2378
2402000	10801.2165
2402500	10801.5245
2403000	10801.1989
2403500	10801.1989
2404000	10801.4752
2404500	10801.1727
2405000	10801.3188
2405500	10801.0438
2406000	10800.5452
2406500	10799.9849
2407000	10799.7042
2407500	10799.8147
2408000	10798.6882
2408500	10798.9341
2409000	10800.0722
2409500	10799.6122
2410000	10799.4467
2410500	10798.3788
2411000	10798.8875
2411500	10798.9940
2412000	10798.8738
2412500	10798.6899
2413000	10798.3031
2413500	10798.2732
2414000	10798.5576
2414500	10798.9493
2415000	10799.5293
2415500	10799.7121
2416000	10800.6710
2416500	10800.5153
2417000	10799.8639
2417500	10799.0059
2418000	10799.2020
2418500	10799.4579
2419000	10799.6945
2419500	10800.0364
2420000	10799.0164
2420500	10798.8074
2421000	10798.4180
2421500	10798.1358
2422000	10798.2634
2422500	10797.2960
2423000	10797.3371
2423500	10797.1971
2424000	10796.5560
2424500	10796.7856
2425000	10797.0947
2425500	10797.0544
2426000	10797.0205
2426500	10796.8004
2427000	10795.9812
2427500	10795.6487
2428000	10795.9965
2428500	10795.8171
2429000	10795.7480
2429500	10796.1218
2430000	10796.5936
2430500	10795.7194
2431000	10795.7753
2431500	10796.9064
2432000	10797.1942
2432500	10796.7722
2433000	10796.5514
2433500	10796.5738
2434000	10797.0363
2434500	10796.7911
2435000	10796.7462
2435500	10796.9888
2436000	10796.7295
2436500	10797.3695
2437000	10797.4146
2437500	10797.8949
2438000	10798.4957
2438500	10798.5899
2439000	10799.0239
2439500	10798.6427
2440000	10798.2198
2440500	10798.4988
2441000	10798.8065
2441500	10798.9277
2442000	10798.8543
2442500	10798.7102
2443000	10798.8574
2443500	10798.3858
2444000	10797.9464
2444500	10798.3325
2445000	10797.9307
2445500	10798.5730
2446000	10798.4874
2446500	10798.3032
2447000	10798.4259
2447500	10798.4903
2448000	10798.8505
2448500	10798.8334
2449000	10799.0352
2449500	10799.0475
2450000	10798.8413
2450500	10799.2780
2451000	10799.2321
2451500	10799.8813
2452000	10799.4374
2452500	10800.1799
2453000	10800.1379
2453500	10799.7862
2454000	10799.8519
2454500	10799.2125
2455000	10798.7008
2455500	10798.3839
2456000	10798.2575
2456500	10798.4186
2457000	10798.6316
2457500	10798.0579
2458000	10798.2677
2458500	10798.4854
2459000	10798.2158
2459500	10798.0558
2460000	10798.2506
2460500	10797.7565
2461000	10797.9017
2461500	10798.0330
2462000	10798.2260
2462500	10798.6801
2463000	10797.7745
2463500	10798.3863
2464000	10798.4389
2464500	10798.4325
2465000	10798.9539
2465500	10798.6133
2466000	10798.7466
2466500	10798.7886
2467000	10798.8132
2467500	10798.9444
2468000	10799.5563
2468500	10799.6207
2469000	10799.7348
2469500	10799.9116
2470000	10799.7391
2470500	10800.0031
2471000	10799.8627
2471500	10800.3876
2472000	10800.2242
2472500	10800.3737
2473000	10800.5691
2473500	10800.1344
2474000	10800.1420
2474500	10800.0542
2475000	10800.0621
2475500	10800.0917
2476000	10800.0678
2476500	10800.1395
2477000	10799.8497
2477500	10799.9431
2478000	10800.3565
2478500	10800.3543
2479000	10800.3688
2479500	10800.4031
2480000	10800.3370
2480500	10800.3487
2481000	10800.2558
2481500	10799.7426
2482000	10799.8473
2482500	10800.0731
2483000	10800.5391
2483500	10800.1036
2484000	10800.9432
2484500	10800.9432
2485000	10801.1155
2485500	10800.8462
2486000	10801.2619
2486500	10801.8083
2487000	10802.2322
2487500	10801.5257
2488000	10801.7670
2488500	10801.2342
2489000	10800.8593
2489500	10800.6745
2490000	10800.7591
2490500	10801.5426
2491000	10801.1506
2491500	10802.0104
2492000	10801.7262
2492500	10801.7271
2493000	10801.2221
2493500	10800.8362
2494000	10800.8337
2494500	10801.4706
2495000	10801.8604
2495500	10802.5140
2496000	10802.7957
2496500	10802.3326
2497000	10802.4580
2497500	10801.9113
2498000	10802.0371
2498500	10802.0541
2499000	10802.1026
2499500	10801.8569
2500000	10801.8565
2500500	10801.6065
2501000	10801.7846
2501500	10801.0731
2502000	10801.3235
2502500	10800.9292
2503000	10800.8735
2503500	10800.5086
2504000	10800.7275
2504500	10800.5355
2505000	10800.8199
2505500	10800.6854
2506000	10800.4230
2506500	10800.4740
2507000	10801.0456
2507500	10801.3550
2508000	10801.8784
2508500	10801.8475
2509000	10801.5704
2509500	10801.6652
2510000	10801.7857
2510500	10801.9861
2511000	10802.9042
2511500	10802.6412
2512000	10802.3245
2512500	10801.9789
2513000	10802.2932
2513500	10801.2306
2514000	10801.1285
2514500	10801.2702
2515000	10800.9726
2515500	10801.1170
2516000	10801.1170
2516500	10801.0809
2517000	10802.1367
2517500	10802.0811
2518000	10802.2538
2518500	10802.5206
2519000	10803.0786
2519500	10802.6885
2520000	10802.4829
2520500	10802.5581
2521000	10801.8027
2521500	10801.4222
2522000	10802.1273
2522500	10802.2532
2523000	10802.2371
2523500	10802.1347
2524000	10802.0998
2524500	10802.5127
2525000	10802.1263
2525500	10802.5337
2526000	10801.9402
2526500	10801.5747
2527000	10801.3612
2527500	10801.1985
2528000	10801.6211
2528500	10801.8323
2529000	10801.8318
2529500	10801.5951
2530000	10801.3228
2530500	10800.9750
2531000	10800.4850
2531500	10800.7375
2532000	10800.1644
2532500	10800.9595
2533000	10800.9802
2533500	10800.7017
2534000	10800.5563
2534500	10800.1991
2535000	10799.9983
2535500	10800.0456
2536000	10799.8918
2536500	10799.8623
2537000	10799.2361
2537500	10799.3122
2538000	10799.3298
2538500	10798.9654
2539000	10798.9521
2539500	10798.3050
2540000	10797.7002
2540500	10797.5788
2541000	10797.2564
2541500	10797.2922
2542000	10796.4003
2542500	10796.3015
2543000	10796.4175
2543500	10796.5730
2544000	10796.3864
2544500	10795.8935
2545000	10795.9644
2545500	10795.9125
2546000	10795.5632
2546500	10795.1538
2547000	10795.3159
2547500	10795.1840
2548000	10795.2842
2548500	10794.6878
2549000	10794.5183
2549500	10794.4609
2550000	10794.1945
2550500	10793.9803
2551000	10793.9429
2551500	10794.1108
2552000	10793.9133
2552500	10793.3972
2553000	10793.5300
2553500	10793.4943
2554000	10793.5725
2554500	10793.5894
2555000	10793.5518
2555500	10793.4509
2556000	10793.5041
2556500	10793.7972
2557000	10794.5995
2557500	10794.9855
2558000	10794.8615
2558500	10794.8566
2559000	10794.6650
2559500	10795.1909
2560000	10795.9208
2560500	10796.0485
2561000	10796.5528
2561500	10795.8212
2562000	10795.3166
2562500	10795.4688
2563000	10795.2559
2563500	10794.8890
2564000	10794.4977
2564500	10794.6499
2565000	10794.4803
2565500	10794.6973
2566000	10794.9236
2566500	10794.9236
2567000	10794.7675
2567500	10795.2181
2568000	10794.2332
2568500	10794.4124
2569000	10794.0919
2569500	10793.8391
2570000	10794.0705
2570500	10793.8500
2571000	10794.2002
2571500	10794.2538
2572000	10793.8889
2572500	10794.3663
2573000	10794.3310
2573500	10794.5906
2574000	10793.7589
2574500	10793.6282
2575000	10794.2011
2575500	10793.7424
2576000	10792.9576
2576500	10792.5702
2577000	10792.3701
2577500	10792.5572
2578000	10791.9871
2578500	10792.4623
2579000	10792.1795
2579500	10791.9699
2580000	10792.4765
2580500	10792.3620
2581000	10792.0562
2581500	10792.1420
2582000	10792.4471
2582500	10791.8309
2583000	10792.6550
2583500	10792.2875
2584000	10792.1771
2584500	10791.6240
2585000	10791.3868
2585500	10791.6056
2586000	10791.1570
2586500	10791.3373
2587000	10791.4119
2587500	10790.6662
2588000	10790.0840
2588500	10789.7237
2589000	10789.7237
2589500	10789.6636
2590000	10789.7988
2590500	10789.8312
2591000	10789.2592
2591500	10789.0564
2592000	10789.5992
2592500	10789.7274
2593000	10789.7188
2593500	10789.7038
2594000	10789.2092
2594500	10788.4773
2595000	10788.3554
2595500	10788.3655
2596000	10787.8501
2596500	10788.2040
2597000	10788.5392
2597500	10788.6261
2598000	10788.0368
2598500	10788.1164
2599000	10788.8390
2599500	10788.8514
2600000	10789.2059
2600500	10789.0126
2601000	10789.1830
2601500	10789.1576
2602000	10789.0573
2602500	10788.5772
2603000	10789.1570
2603500	10788.8748
2604000	10788.5938
2604500	10789.1019
2605000	10788.5085
2605500	10788.2240
2606000	10788.3372
2606500	10788.8650
2607000	10788.6871
2607500	10789.3016
2608000	10789.6919
2608500	10788.9968
2609000	10789.1058
2609500	10788.9716
2610000	10788.7357
2610500	10788.7049
2611000	10787.8531
2611500	10788.4265
2612000	10788.7324
2612500	10788.4666
2613000	10787.7091
2613500	10787.4401
2614000	10787.1493
2614500	10787.7941
2615000	10787.6699
2615500	10788.5296
2616000	10788.1405
2616500	10788.7437
2617000	10789.0342
2617500	10789.0970
2618000	10789.0767
2618500	10789.0579
2619000	10788.5840
2619500	10788.9217
2620000	10789.4378
2620500	10789.2091
2621000	10788.9781
2621500	10788.7460
2622000	10788.7146
2622500	10788.9048
2623000	10789.2426
2623500	10789.0727
2624000	10788.4227
2624500	10788.6221
2625000	10788.8328
2625500	10789.2841
2626000	10788.9484
2626500	10788.3674
2627000	10788.6395
2627500	10788.9041
2628000	10789.0908
2628500	10788.8267
2629000	10789.3883
2629500	10790.0217
2630000	10789.3055
2630500	10789.7550
2631000	10789.6231
2631500	10789.2536
2632000	10788.8681
2632500	10788.8411
2633000	10788.8054
2633500	10788.5111
2634000	10788.4201
2634500	10788.8211
2635000	10788.6412
2635500	10789.1931
2636000	10789.3149
2636500	10789.0000
2637000	10789.3936
2637500	10790.3169
2638000	10789.8454
2638500	10789.4236
2639000	10789.4671
2639500	10789.4224
2640000	10790.1354
2640500	10789.7748
2641000	10790.3663
2641500	10789.8379
2642000	10789.7293
2642500	10790.1048
2643000	10790.2775
2643500	10790.4979
2644000	10790.6855
2644500	10790.6460
2645000	10790.7223
2645500	10790.5980
2646000	10790.6404
2646500	10791.0280
2647000	10791.2326
2647500	10791.2656
2648000	10791.1725
2648500	10791.2530
2649000	10790.8386
2649500	10790.9977
2650000	10791.2355
2650500	10791.2039
2651000	10791.6853
2651500	10791.4267
2652000	10790.8788
2652500	10790.4009
2653000	10789.7746
2653500	10790.2042
2654000	10790.7762
2654500	10790.1638
2655000	10790.4228
2655500	10790.6051
2656000	10789.7677
2656500	10789.4534
2657000	10788.7009
2657500	10788.0688
2658000	10789.1153
2658500	10789.1153
2659000	10788.7064
2659500	10789.2409
2660000	10789.5535
2660500	10789.1594
2661000	10789.1968
2661500	10788.3702
2662000	10787.8733
2662500	10787.7791
2663000	10787.4675
2663500	10787.4656
2664000	10787.4205
2664500	10787.4586
2665000	10787.2495
2665500	10786.8535
2666000	10787.2220
2666500	10787.1660
2667000	10787.5107
2667500	10787.5107
2668000	10787.2879
2668500	10786.7773
2669000	10786.6501
2669500	10786.9236
2670000	10787.5814
2670500	10787.6256
2671000	10787.1352
2671500	10787.3158
2672000	10787.6265
2672500	10788.0093
2673000	10787.5423
2673500	10787.3137
2674000	10787.2061
2674500	10787.6236
2675000	10787.2896
2675500	10787.1743
2676000	10787.6001
2676500	10787.1784
2677000	10786.9858
2677500	10786.8344
2678000	10786.4814
2678500	10785.6499
2679000	10786.1713
2679500	10786.1511
2680000	10786.1595
2680500	10786.6481
2681000	10786.6534
2681500	10785.9296
2682000	10785.8448
2682500	10785.0920
2683000	10785.2111
2683500	10785.5827
2684000	10785.6241
2684500	10785.6340
2685000	10785.5871
2685500	10785.7495
2686000	10785.8351
2686500	10785.2696
2687000	10784.7798
2687500	10785.1988
2688000	10785.3251
2688500	10784.7666
2689000	10784.7295
2689500	10784.8160
2690000	10784.8425
2690500	10784.9059
2691000	10785.8326
2691500	10785.4703
2692000	10785.6890
2692500	10786.0296
2693000	10786.0296
2693500	10786.8694
2694000	10786.8663
2694500	10787.1726
2695000	10787.2055
2695500	10787.5178
2696000	10787.8609
2696500	10787.4956
2697000	10787.7456
2697500	10787.9332
2698000	10788.0478
2698500	10788.5021
2699000	10788.5866
2699500	10788.6863
2700000	10787.9278
2700500	10788.3459
2701000	10788.4355
2701500	10789.1526
2702000	10788.9935
2702500	10789.0099
2703000	10789.3192
2703500	10789.6448
2704000	10789.7042
2704500	10789.3087
2705000	10789.3943
2705500	10789.7434
2706000	10789.6569
2706500	10789.5056
2707000	10789.1080
2707500	10788.6351
2708000	10788.5595
2708500	10788.6030
2709000	10788.6333
2709500	10788.6906
2710000	10788.4120
2710500	10789.3980
2711000	10789.7104
2711500	10789.3494
2712000	10789.3494
2712500	10789.4224
2713000	10789.5827
2713500	10789.6240
2714000	10789.5463
2714500	10788.6291
2715000	10788.4780
2715500	10788.4028
2716000	10788.5015
2716500	10788.7485
2717000	10789.2360
2717500	10789.6274
2718000	10789.6566
2718500	10789.4092
2719000	10789.0006
2719500	10788.9457
2720000	10788.8210
2720500	10788.8468
2721000	10788.8238
2721500	10789.0554
2722000	10789.0554
2722500	10788.2894
2723000	10788.4342
2723500	10788.1389
2724000	10788.0684
2724500	10789.1640
2725000	10789.3659
2725500	10788.2591
2726000	10788.5075
2726500	10788.5531
2727000	10788.2615
2727500	10788.2213
2728000	10788.3679
2728500	10788.9532
2729000	10788.6525
2729500	10788.6302
2730000	10788.1385
2730500	10788.1042
2731000	10788.2295
2731500	10788.1309
2732000	10788.2409
2732500	10788.3472
2733000	10788.7936
2733500	10788.7951
2734000	10788.0042
2734500	10788.2823
2735000	10787.3356
2735500	10787.4355
2736000	10787.5537
2736500	10788.2346
2737000	10788.7436
2737500	10788.4217
2738000	10788.2280
2738500	10788.4731
2739000	10788.7828
2739500	10789.2185
2740000	10788.5051
2740500	10788.4180
2741000	10788.5511
2741500	10788.5997
2742000	10788.3515
2742500	10787.7422
2743000	10787.5455
2743500	10787.5377
2744000	10787.7609
2744500	10787.9519
2745000	10787.2361
2745500	10787.6640
2746000	10787.6388
2746500	10787.1522
2747000	10787.0357
2747500	10787.0282
2748000	10786.7124
2748500	10787.3424
2749000	10787.4068
2749500	10787.1752
2750000	10787.5481
2750500	10787.6949
2751000	10787.1710
2751500	10786.4404
2752000	10786.5054
2752500	10786.1335
2753000	10786.0075
2753500	10786.1291
2754000	10786.1088
2754500	10785.7012
2755000	10785.5352
2755500	10785.2458
2756000	10785.6322
2756500	10785.9693
2757000	10785.8516
2757500	10786.1684
2758000	10786.4821
2758500	10786.4452
2759000	10786.4141
2759500	10786.1895
2760000	10785.6034
2760500	10784.8490
2761000	10784.5610
2761500	10785.0001
2762000	10785.3172
2762500	10785.5912
2763000	10785.1986
2763500	10785.4441
2764000	10785.5732
2764500	10785.4323
2765000	10786.0442
2765500	10786.6803
2766000	10786.7996
2766500	10786.7882
2767000	10786.7026
2767500	10786.9560
2768000	10787.5239
2768500	10787.5626
2769000	10787.9973
2769500	10788.1852
2770000	10787.8983
2770500	10787.6289
2771000	10787.8658
2771500	10787.2991
2772000	10786.5723
2772500	10785.9856
2773000	10786.2253
2773500	10786.6075
2774000	10786.6311
2774500	10786.4261
2775000	10786.6047
2775500	10786.1027
2776000	10786.7526
2776500	10786.8695
2777000	10786.7895
2777500	10786.7895
2778000	10786.8026
2778500	10787.1210
2779000	10787.1210
2779500	10787.2798
2780000	10787.6310
2780500	10787.6987
2781000	10787.4381
2781500	10787.9163
2782000	10787.9938
2782500	10788.0286
2783000	10788.3638
2783500	10788.1028
2784000	10788.4189
2784500	10788.4963
2785000	10788.9120
2785500	10789.1192
2786000	10788.8957
2786500	10789.4555
2787000	10789.5553
2787500	10789.8482
2788000	10790.0761
2788500	10790.2205
2789000	10790.9605
2789500	10790.9244
2790000	10791.0040
2790500	10791.3939
2791000	10791.2987
2791500	10791.5209
2792000	10791.5421
2792500	10791.5316
2793000	10791.3372
2793500	10791.1201
2794000	10790.7679
2794500	10790.7999
2795000	10790.6279
2795500	10790.7522
2796000	10790.7522
2796500	10790.0274
2797000	10790.1505
2797500	10790.5017
2798000	10790.1970
2798500	10790.1901
2799000	10789.9135
2799500	10790.0236
2800000	10790.2820
2800500	10791.1523
2801000	10791.0124
2801500	10791.2423
2802000	10790.9229
2802500	10790.8401
2803000	10790.6151
2803500	10790.6687
2804000	10790.9375
2804500	10790.6263
2805000	10790.0458
2805500	10790.6191
2806000	10790.4660
2806500	10789.7720
2807000	10789.3174
2807500	10788.9668
2808000	10788.9870
2808500	10788.8498
2809000	10788.7040
2809500	10788.8425
2810000	10788.3356
2810500	10788.4796
2811000	10788.0088
2811500	10787.3318
2812000	10786.8108
2812500	10786.3253
2813000	10786.5247
2813500	10786.4195
2814000	10786.5122
2814500	10786.5085
2815000	10786.3615
2815500	10786.4357
2816000	10786.4001
2816500	10786.7420
2817000	10786.9087
2817500	10786.6538
2818000	10786.8894
2818500	10786.3244
2819000	10786.2052
2819500	10786.2064
2820000	10786.5525
2820500	10785.8687
2821000	10785.6518
2821500	10785.5555
2822000	10786.2165
2822500	10786.7250
2823000	10786.7250
2823500	10786.5570
2824000	10786.8093
2824500	10787.0759
2825000	10786.9447
2825500	10786.5867
2826000	10786.6863
2826500	10786.9336
2827000	10787.7671
2827500	10788.1903
2828000	10788.0168
2828500	10788.0633
2829000	10788.3394
2829500	10788.2576
2830000	10788.7713
2830500	10788.1205
2831000	10788.7468
2831500	10788.8110
2832000	10788.8378
2832500	10788.5782
2833000	10788.4435
2833500	10788.2090
2834000	10788.6008
2834500	10788.5601
2835000	10788.6599
2835500	10788.8096
2836000	10789.2056
2836500	10789.6564
2837000	10789.3160
2837500	10789.5666
2838000	10789.6526
2838500	10789.4283
2839000	10789.5526
2839500	10790.5993
2840000	10790.6134
2840500	10790.6804
2841000	10790.4311
2841500	10790.5112
2842000	10791.1267
2842500	10790.5441
2843000	10790.3551
2843500	10790.2903
2844000	10790.7297
2844500	10790.9680
2845000	10790.8356
2845500	10790.9887
2846000	10791.3162
2846500	10791.1926
2847000	10790.9961
2847500	10790.9142
2848000	10791.5763
2848500	10791.5763
2849000	10791.5976
2849500	10791.4341
2850000	10791.7682
2850500	10791.8903
2851000	10791.7659
2851500	10792.0252
2852000	10792.2392
2852500	10792.1997
2853000	10792.3354
2853500	10791.7708
2854000	10791.6733
2854500	10791.4169
2855000	10791.5718
2855500	10791.0802
2856000	10790.8410
2856500	10791.0812
2857000	10790.8316
2857500	10790.9497
2858000	10790.9626
2858500	10790.7943
2859000	10790.6758
2859500	10790.7664
2860000	10790.7574
2860500	10791.1107
2861000	10790.6065
2861500	10790.6048
2862000	10790.8283
2862500	10789.9514
2863000	10789.9222
2863500	10790.0735
2864000	10790.4528
2864500	10790.9646
2865000	10790.4541
2865500	10790.6081
2866000	10790.7141
2866500	10790.9973
2867000	10791.1033
2867500	10791.1607
2868000	10791.3622
2868500	10791.6845
2869000	10791.2588
2869500	10790.7710
2870000	10790.9716
2870500	10790.7167
2871000	10790.2570
2871500	10790.0132
2872000	10789.8357
2872500	10790.2120
2873000	10789.9797
2873500	10789.7017
2874000	10789.2684
2874500	10789.6010
2875000	10789.6401
2875500	10789.8484
2876000	10789.6794
2876500	10790.2361
2877000	10790.0155
2877500	10789.0456
2878000	10789.6544
2878500	10789.1065
2879000	10788.7567
2879500	10788.8256
2880000	10788.9194
2880500	10788.8798
2881000	10789.4313
2881500	10789.8465
2882000	10790.0537
2882500	10790.1705
2883000	10790.3744
2883500	10790.3596
2884000	10789.9840
2884500	10789.8260
2885000	10789.6188
2885500	10789.4331
2886000	10789.7260
2886500	10789.2383
2887000	10789.5171
2887500	10789.6623
2888000	10790.0505
2888500	10790.7716
2889000	10790.7155
2889500	10790.7384
2890000	10789.9574
2890500	10790.6006
2891000	10790.4179
2891500	10790.2972
2892000	10790.7154
2892500	10790.8191
2893000	10790.8801
2893500	10790.3370
2894000	10789.9352
2894500	10789.7769
2895000	10789.9734
2895500	10789.5318
2896000	10790.1524
2896500	10790.1568
2897000	10790.3285
2897500	10790.1516
2898000	10789.6003
2898500	10788.6314
2899000	10788.5213
2899500	10789.2058
2900000	10789.6410
2900500	10790.1308
2901000	10789.9001
2901500	10790.0294
2902000	10790.2314
2902500	10790.0733
2903000	10790.0947
2903500	10789.8487
2904000	10790.0566
2904500	10790.2414
2905000	10791.1137
2905500	10791.0106
2906000	10791.2062
2906500	10790.9699
2907000	10790.9748
2907500	10791.1387
2908000	10791.3675
2908500	10791.4015
2909000	10791.9852
2909500	10792.0345
2910000	10791.6444
2910500	10791.0788
2911000	10791.0829
2911500	10791.0698
2912000	10791.2186
2912500	10791.3575
2913000	10790.3926
2913500	10790.6931
2914000	10790.3803
2914500	10790.1803
2915000	10790.1613
2915500	10789.8756
2916000	10789.7786
2916500	10789.5786
2917000	10789.3136
2917500	10789.8065
2918000	10789.3734
2918500	10789.2219
2919000	10789.6817
2919500	10789.4424
2920000	10788.8655
2920500	10788.9704
2921000	10789.3365
2921500	10789.4819
2922000	10789.4819
2922500	10789.9163
2923000	10790.4589
2923500	10790.5465
2924000	10790.1870
2924500	10790.3995
2925000	10790.2644
2925500	10790.6218
2926000	10791.1074
2926500	10790.9912
2927000	10791.3978
2927500	10791.2567
2928000	10791.0990
2928500	10791.4637
2929000	10791.5196
2929500	10791.6120
2930000	10791.0462
2930500	10790.8314
2931000	10791.2716
2931500	10790.8209
2932000	10790.6596
2932500	10790.6825
2933000	10790.4151
2933500	10790.2072
2934000	10790.4971
2934500	10791.1559
2935000	10791.5413
2935500	10791.5233
2936000	10791.6296
2936500	10791.6123
2937000	10791.5449
2937500	10792.2100
2938000	10792.2548
2938500	10792.1378
2939000	10792.0940
2939500	10791.9027
2940000	10791.6851
2940500	10792.1891
2941000	10791.9289
2941500	10791.3953
2942000	10791.3994
2942500	10791.3390
2943000	10791.6686
2943500	10791.0799
2944000	10790.9099
2944500	10790.8084
2945000	10791.0893
2945500	10790.8770
2946000	10790.8346
2946500	10789.7478
2947000	10789.6787
2947500	10789.8749
2948000	10790.1673
2948500	10789.8123
2949000	10790.0130
2949500	10789.7814
2950000	10789.3520
2950500	10789.1335
2951000	10789.1169
2951500	10789.4450
2952000	10789.6293
2952500	10790.2089
2953000	10790.8771
2953500	10790.8961
2954000	10790.8907
2954500	10790.7777
2955000	10790.8963
2955500	10790.7645
2956000	10790.2853
2956500	10790.5668
2957000	10790.5980
2957500	10790.2395
2958000	10790.5750
2958500	10790.6364
2959000	10790.2307
2959500	10789.6863
2960000	10789.8250
2960500	10789.7962
2961000	10790.3297
2961500	10790.1356
2962000	10790.2532
2962500	10789.7444
2963000	10789.7735
2963500	10789.9275
2964000	10789.8174
2964500	10789.8555
2965000	10789.4183
2965500	10789.4536
2966000	10789.0508
2966500	10788.9318
2967000	10788.7422
2967500	10789.0729
2968000	10789.0983
2968500	10789.1252
2969000	10788.5866
2969500	10788.4843
2970000	10788.4956
2970500	10788.5261
2971000	10788.9512
2971500	10789.0849
2972000	10788.7676
2972500	10788.5869
2973000	10788.1801
2973500	10787.8871
2974000	10788.1112
2974500	10788.3369
2975000	10788.7192
2975500	10788.4532
2976000	10788.4783
2976500	10788.3818
2977000	10788.2735
2977500	10788.4870
2978000	10788.2092
2978500	10788.5832
2979000	10789.0022
2979500	10789.1171
2980000	10789.0684
2980500	10789.2260
2981000	10788.7272
2981500	10788.7980
2982000	10788.7572
2982500	10789.0384
2983000	10789.2830
2983500	10789.3656
2984000	10789.4939
2984500	10789.4526
2985000	10789.9158
2985500	10790.1848
2986000	10789.9642
2986500	10790.0459
2987000	10791.0497
2987500	10791.1034
2988000	10791.4311
2988500	10791.5223
2989000	10791.4384
2989500	10791.2057
2990000	10791.2984
2990500	10791.0398
2991000	10791.3746
2991500	10791.1124
2992000	10791.1654
2992500	10791.2310
2993000	10791.1195
2993500	10791.2475
2994000	10791.4504
2994500	10791.5588
2995000	10791.5351
2995500	10791.7053
2996000	10792.1478
2996500	10792.1478
2997000	10792.3433
2997500	10792.1081
2998000	10792.0995
2998500	10792.8595
2999000	10792.6877
2999500	10792.6046
3000000	10792.4432
3000500	10792.4063
3001000	10792.3180
3001500	10792.0353
3002000	10792.1967
3002500	10792.3877
3003000	10792.5933
3003500	10792.3069
3004000	10792.2169
3004500	10792.2169
3005000	10792.1187
3005500	10792.4829
3006000	10793.4605
3006500	10793.9278
3007000	10793.2590
3007500	10793.2592
3008000	10793.5923
3008500	10793.4056
3009000	10793.2954
3009500	10792.4673
3010000	10792.9488
3010500	10792.9488
3011000	10794.0814
3011500	10794.1670
3012000	10794.2075
3012500	10794.1888
3013000	10794.0094
3013500	10794.1398
3014000	10794.2984
3014500	10794.8355
3015000	10794.9287
3015500	10795.0705
3016000	10794.9271
3016500	10795.0882
3017000	10794.9456
3017500	10794.9806
3018000	10794.6491
3018500	10794.6132
3019000	10794.9523
3019500	10794.8377
3020000	10794.5046
3020500	10795.4156
3021000	10795.4922
3021500	10794.8324
3022000	10794.4962
3022500	10794.4781
3023000	10794.3588
3023500	10794.0384
3024000	10793.9411
3024500	10794.2321
3025000	10794.4956
3025500	10794.4886
3026000	10794.4886
3026500	10794.0282
3027000	10793.8308
3027500	10794.1289
3028000	10794.4594
3028500	10795.1971
3029000	10795.1613
3029500	10795.4895
3030000	10795.2548
3030500	10795.1126
3031000	10795.6548
3031500	10795.3369
3032000	10795.1406
3032500	10795.4072
3033000	10795.3225
3033500	10795.3731
3034000	10796.0874
3034500	10795.4624
3035000	10795.6022
3035500	10795.6212
3036000	10795.9092
3036500	10795.9244
3037000	10795.9766
3037500	10796.4790
3038000	10797.2862
3038500	10797.4338
3039000	10797.7117
3039500	10797.5693
3040000	10797.7614
3040500	10797.4779
3041000	10797.4779
3041500	10798.2164
3042000	10798.0917
3042500	10798.6038
3043000	10798.6209
3043500	10798.6700
3044000	10798.7514
3044500	10798.2972
3045000	10798.1070
3045500	10798.6170
3046000	10798.0848
3046500	10798.5205
3047000	10798.1964
3047500	10798.5758
3048000	10798.3458
3048500	10798.4264
3049000	10798.5415
3049500	10798.2072
3050000	10798.1927
3050500	10798.2848
3051000	10798.3595
3051500	10797.9702
3052000	10798.1302
3052500	10798.0597
3053000	10798.0871
3053500	10798.2532
3054000	10798.0163
3054500	10798.4936
3055000	10798.3271
3055500	10797.9316
3056000	10798.0294
3056500	10798.1207
3057000	10797.7091
3057500	10797.8119
3058000	10797.8668
3058500	10797.6751
3059000	10797.7528
3059500	10797.7054
3060000	10797.1741
3060500	10797.8568
3061000	10798.1843
3061500	10796.9450
3062000	10796.6778
3062500	10796.2082
3063000	10796.3696
3063500	10796.2505
3064000	10796.4141
3064500	10796.4437
3065000	10796.7425
3065500	10797.0567
3066000	10797.3771
3066500	10797.0730
3067000	10797.2696
3067500	10797.3652
3068000	10797.3459
3068500	10797.9102
3069000	10797.9537
3069500	10797.8750
3070000	10797.6156
3070500	10797.5273
3071000	10796.9911
3071500	10796.9668
3072000	10796.8984
3072500	10796.5718
3073000	10796.5925
3073500	10795.4960
3074000	10795.3264
3074500	10795.4733
3075000	10795.8290
3075500	10795.7606
3076000	10795.8287
3076500	10796.3371
3077000	10796.1895
3077500	10796.3149
3078000	10796.8762
3078500	10797.3804
3079000	10797.8832
3079500	10798.4450
3080000	10798.6477
3080500	10798.3207
3081000	10798.4589
3081500	10798.8055
3082000	10798.5998
3082500	10798.9825
3083000	10799.7865
3083500	10799.6077
3084000	10799.4163
3084500	10799.2622
3085000	10799.2135
3085500	10799.3344
3086000	10799.7392
3086500	10799.2803
3087000	10799.4191
3087500	10799.2263
3088000	10799.4014
3088500	10799.0627
3089000	10798.9699
3089500	10798.8800
3090000	10798.7639
3090500	10798.8725
3091000	10799.0256
3091500	10798.8989
3092000	10798.7986
3092500	10798.8107
3093000	10798.4125
3093500	10798.4368
3094000	10798.4392
3094500	10797.9806
3095000	10798.0499
3095500	10798.3131
3096000	10798.0099
3096500	10798.3661
3097000	10798.2778
3097500	10798.6509
3098000	10798.8154
3098500	10799.0526
3099000	10799.0405
3099500	10798.4195
3100000	10798.3684
3100500	10797.9423
3101000	10797.8369
3101500	10798.3602
3102000	10798.1475
3102500	10798.4090
3103000	10798.4199
3103500	10798.1585
3104000	10798.2770
3104500	10798.1282
3105000	10797.9521
3105500	10797.9630
3106000	10797.8565
3106500	10798.1553
3107000	10798.3286
3107500	10798.1676
3108000	10798.1232
3108500	10798.3077
3109000	10799.3716
3109500	10799.5148
3110000	10799.5168
3110500	10799.4946
3111000	10799.8919
3111500	10799.9716
3112000	10800.4837
3112500	10800.6143
3113000	10800.2865
3113500	10800.4196
3114000	10800.3746
3114500	10800.5911
3115000	10800.3264
3115500	10799.9156
3116000	10800.1576
3116500	10799.5729
3117000	10799.6988
3117500	10799.8677
3118000	10799.4994
3118500	10799.3913
3119000	10799.8214
3119500	10799.5778
3120000	10799.4724
3120500	10799.5004
3121000	10799.7088
3121500	10799.7406
3122000	10799.7957
3122500	10799.3984
3123000	10799.8031
3123500	10799.6736
3124000	10799.7849
3124500	10800.4229
3125000	10799.3545
3125500	10798.8529
3126000	10798.7859
3126500	10798.8074
3127000	10799.1441
3127500	10799.0313
3128000	10798.5504
3128500	10798.7427
3129000	10798.3730
3129500	10798.1653
3130000	10798.1218
3130500	10797.9563
3131000	10798.1459
3131500	10798.0933
3132000	10798.1200
3132500	10797.2935
3133000	10796.9023
3133500	10797.2167
3134000	10796.9555
3134500	10797.3264
3135000	10797.2308
3135500	10797.1113
3136000	10797.5521
3136500	10797.7870
3137000	10797.8036
3137500	10797.1083
3138000	10797.3649
3138500	10797.9325
3139000	10798.2261
3139500	10798.6309
3140000	10798.7740
3140500	10798.7327
3141000	10798.8619
3141500	10798.6225
3142000	10798.8348
3142500	10798.8480
3143000	10799.3679
3143500	10799.6345
3144000	10799.5166
3144500	10799.8217
3145000	10800.1871
3145500	10800.4082
3146000	10800.2284
3146500	10800.6860
3147000	10801.1420
3147500	10801.3010
3148000	10801.0067
3148500	10801.2260
3149000	10801.4806
3149500	10801.8236
3150000	10801.7360
3150500	10801.3887
3151000	10801.0152
3151500	10800.4990
3152000	10800.4706
3152500	10801.0239
3153000	10800.7197
3153500	10800.4273
3154000	10800.3451
3154500	10799.9508
3155000	10800.1451
3155500	10799.8421
3156000	10800.0195
3156500	10799.9325
3157000	10799.5929
3157500	10799.6310
3158000	10798.8491
3158500	10798.8621
3159000	10798.6345
3159500	10798.2538
3160000	10798.5780
3160500	10798.6727
3161000	10798.3092
3161500	10798.1196
3162000	10798.0653
3162500	10798.2149
3163000	10798.6060
3163500	10798.3263
3164000	10798.0847
3164500	10797.9774
3165000	10798.0176
3165500	10798.4845
3166000	10798.0384
3166500	10798.1010
3167000	10798.0578
3167500	10798.2300
3168000	10797.7438
3168500	10797.6816
3169000	10797.8145
3169500	10797.2260
3170000	10797.2561
3170500	10797.3147
3171000	10797.1337
3171500	10796.6925
3172000	10796.6023
3172500	10796.4430
3173000	10797.2086
3173500	10797.6047
3174000	10798.1063
3174500	10797.9751
3175000	10798.4455
3175500	10798.6120
3176000	10798.3913
3176500	10798.2890
3177000	10798.0624
3177500	10797.6596
3178000	10797.3541
3178500	10797.0665
3179000	10797.3615
3179500	10797.5854
3180000	10796.9855
3180500	10796.9025
3181000	10796.2899
3181500	10796.3756
3182000	10796.2145
3182500	10796.2106
3183000	10796.1139
3183500	10795.6592
3184000	10796.0045
3184500	10795.9479
3185000	10796.0067
3185500	10796.0772
3186000	10796.0227
3186500	10795.7660
3187000	10795.9287
3187500	10796.0186
3188000	10796.5358
3188500	10796.8988
3189000	10797.0476
3189500	10797.3084
3190000	10797.5643
3190500	10797.7143
3191000	10797.7567
3191500	10797.0065
3192000	10797.1569
3192500	10796.8734
3193000	10796.8700
3193500	10796.8490
3194000	10796.4554
3194500	10796.7930
3195000	10796.6205
3195500	10796.8832
3196000	10797.7450
3196500	10797.9012
3197000	10798.1032
3197500	10798.5183
3198000	10798.0974
3198500	10798.3182
3199000	10798.8500
3199500	10798.8854
3200000	10798.8796
3200500	10799.1082
3201000	10799.2601
3201500	10799.2673
3202000	10799.3907
3202500	10799.8395
3203000	10800.2119
3203500	10800.0011
3204000	10800.3596
3204500	10800.3688
3205000	10800.3018
3205500	10799.7573
3206000	10799.1490
3206500	10798.7605
3207000	10798.9736
3207500	10799.4215
3208000	10798.9739
3208500	10798.9357
3209000	10799.0645
3209500	10798.9210
3210000	10799.0520
3210500	10798.7095
3211000	10798.7702
3211500	10798.8927
3212000	10798.9626
3212500	10799.4105
3213000	10799.9219
3213500	10799.8360
3214000	10799.8457
3214500	10800.0538
3215000	10799.7941
3215500	10800.0155
3216000	10800.2158
3216500	10800.2873
3217000	10799.6757
3217500	10799.4426
3218000	10798.8747
3218500	10798.3567
3219000	10798.4916
3219500	10798.8233
3220000	10798.5851
3220500	10798.9304
3221000	10798.9791
3221500	10799.4124
3222000	10799.6469
3222500	10799.8784
3223000	10800.1633
3223500	10799.9805
3224000	10800.1488
3224500	10800.4951
3225000	10800.9562
3225500	10800.8746
3226000	10800.5143
3226500	10799.8962
3227000	10799.8746
3227500	10799.7430
3228000	10800.1753
3228500	10799.8617
3229000	10800.0161
3229500	10800.0126
3230000	10799.4256
3230500	10799.3692
3231000	10799.4973
3231500	10799.6369
3232000	10799.6243
3232500	10799.7983
3233000	10799.3958
3233500	10799.6085
3234000	10799.9546
3234500	10800.1186
3235000	10800.1509
3235500	10800.1313
3236000	10800.1895
3236500	10799.9476
3237000	10800.1913
3237500	10800.2075
3238000	10799.9058
3238500	10800.2639
3239000	10799.9616
3239500	10799.9475
3240000	10800.1976
3240500	10799.9388
3241000	10800.0508
3241500	10800.0302
3242000	10799.9739
3242500	10799.5974
3243000	10799.7253
3243500	10799.7565
3244000	10799.9399
3244500	10800.0980
3245000	10800.5293
3245500	10799.4480
3246000	10798.9870
3246500	10799.1081
3247000	10799.1412
3247500	10799.9663
3248000	10800.5318
3248500	10800.8929
3249000	10801.1538
3249500	10801.0466
3250000	10800.7522
3250500	10800.8384
3251000	10801.1740
3251500	10801.1237
3252000	10801.2060
3252500	10801.6294
3253000	10801.8025
3253500	10801.6045
3254000	10801.5377
3254500	10801.8520
3255000	10802.1567
3255500	10801.7733
3256000	10801.8648
3256500	10801.7199
3257000	10801.4986
3257500	10801.8915
3258000	10802.0676
3258500	10802.1706
3259000	10801.6404
3259500	10801.8759
3260000	10801.8968
3260500	10801.6618
3261000	10801.7290
3261500	10801.6540
3262000	10801.6634
3262500	10801.8236
3263000	10802.0456
3263500	10801.8932
3264000	10801.9833
3264500	10802.3435
3265000	10802.1215
3265500	10801.8741
3266000	10801.4565
3266500	10801.7985
3267000	10801.5495
3267500	10801.6845
3268000	10801.5177
3268500	10801.7101
3269000	10801.3227
3269500	10801.0166
3270000	10801.3104
3270500	10801.3896
3271000	10801.8288
3271500	10801.6239
3272000	10802.3906
3272500	10801.6145
3273000	10801.2993
3273500	10801.2772
3274000	10801.1571
3274500	10801.6942
3275000	10801.6942
3275500	10801.4837
3276000	10801.5252
3276500	10801.0676
3277000	10801.3803
3277500	10801.1329
3278000	10800.9533
3278500	10800.9569
3279000	10800.6209
3279500	10801.1247
3280000	10801.0268
3280500	10800.7169
3281000	10800.8847
3281500	10801.2758
3282000	10801.1226
3282500	10801.3896
3283000	10801.1120
3283500	10801.0125
3284000	10800.8877
3284500	10801.3240
3285000	10801.9766
3285500	10801.6634
3286000	10800.9412
3286500	10801.5704
3287000	10801.6655
3287500	10801.9111
3288000	10802.2153
3288500	10802.3473
3289000	10802.1970
3289500	10801.9400
3290000	10802.0616
3290500	10802.0620
3291000	10801.6328
3291500	10801.7994
3292000	10801.7035
3292500	10801.7194
3293000	10801.4710
3293500	10801.9095
3294000	10801.6666
3294500	10801.7337
3295000	10801.2412
3295500	10801.2689
3296000	10801.2251
3296500	10801.2946
3297000	10801.0492
3297500	10801.3601
3298000	10801.1081
3298500	10801.1760
3299000	10801.1418
3299500	10801.5759
3300000	10801.3391
3300500	10801.4907
3301000	10801.5032
3301500	10800.9341
3302000	10800.7566
3302500	10801.1786
3303000	10801.7176
3303500	10801.7204
3304000	10801.2869
3304500	10800.6217
3305000	10800.9927
3305500	10800.7033
3306000	10800.9967
3306500	10801.5565
3307000	10801.2838
3307500	10801.6112
3308000	10801.3012
3308500	10801.4008
3309000	10801.6236
3309500	10801.8827
3310000	10801.8827
3310500	10801.7260
3311000	10801.5813
3311500	10801.6060
3312000	10801.7734
3312500	10802.0118
3313000	10802.6963
3313500	10802.9709
3314000	10803.1626
3314500	10803.4814
3315000	10803.4092
3315500	10803.7878
3316000	10803.4046
3316500	10802.9546
3317000	10803.0848
3317500	10802.9216
3318000	10802.8153
3318500	10802.8213
3319000	10802.4144
3319500	10802.6580
3320000	10802.0700
3320500	10802.2798
3321000	10801.6129
3321500	10801.4549
3322000	10801.8595
3322500	10801.9826
3323000	10802.3143
3323500	10802.4668
3324000	10802.1390
3324500	10802.1390
3325000	10801.9167
3325500	10802.0584
3326000	10802.4057
3326500	10802.4777
3327000	10802.3240
3327500	10802.3266
3328000	10802.0763
3328500	10801.9848
3329000	10801.4357
3329500	10801.4462
3330000	10801.7875
3330500	10801.6859
3331000	10801.0810
3331500	10801.4066
3332000	10801.1991
3332500	10801.3903
3333000	10801.4234
3333500	10801.8210
3334000	10801.3204
3334500	10801.3705
3335000	10801.8182
3335500	10802.3628
3336000	10802.2459
3336500	10802.4321
3337000	10803.0492
3337500	10803.4820
3338000	10803.3958
3338500	10803.4629
3339000	10803.2127
3339500	10803.7080
3340000	10804.0176
3340500	10804.6000
3341000	10804.2842
3341500	10804.2819
3342000	10804.4166
3342500	10804.2499
3343000	10804.3297
3343500	10804.6503
3344000	10804.7727
3344500	10805.0818
3345000	10805.2884
3345500	10805.6518
3346000	10805.8269
3346500	10805.6800
3347000	10805.2854
3347500	10805.4341
3348000	10805.4612
3348500	10805.1705
3349000	10805.7762
3349500	10805.9178
3350000	10806.9220
3350500	10807.5599
3351000	10806.8713
3351500	10806.9386
3352000	10806.6779
3352500	10806.8817
3353000	10806.7900
3353500	10806.7458
3354000	10806.5061
3354500	10806.5061
3355000	10806.3431
3355500	10806.1722
3356000	10806.1705
3356500	10805.5114
3357000	10805.3018
3357500	10805.3552
3358000	10805.0414
3358500	10805.1859
3359000	10804.9086
3359500	10805.1219
3360000	10805.8390
3360500	10805.9072
3361000	10805.6898
3361500	10805.6303
3362000	10805.3232
3362500	10805.6618
3363000	10805.2139
3363500	10805.3506
3364000	10805.1070
3364500	10805.0261
3365000	10804.7154
3365500	10805.0392
3366000	10804.6783
3366500	10805.0720
3367000	10804.9319
3367500	10805.1134
3368000	10805.3282
3368500	10805.2440
3369000	10805.4012
3369500	10805.2111
3370000	10805.3699
3370500	10805.9343
3371000	10805.5990
3371500	10805.9759
3372000	10805.8586
3372500	10805.8912
3373000	10806.1549
3373500	10805.9404
3374000	10806.3293
3374500	10806.7931
3375000	10806.3982
3375500	10806.4063
3376000	10806.6436
3376500	10806.7415
3377000	10806.5224
3377500	10806.4185
3378000	10806.3773
3378500	10806.7569
3379000	10807.2891
3379500	10806.7800
3380000	10806.6191
3380500	10806.7436
3381000	10806.7899
3381500	10807.0835
3382000	10807.4622
3382500	10807.0429
3383000	10806.4768
3383500	10806.6553
3384000	10806.8101
3384500	10807.0515
3385000	10807.0869
3385500	10807.0730
3386000	10806.4550
3386500	10806.6434
3387000	10807.0009
3387500	10806.4925
3388000	10807.1672
3388500	10807.0575
3389000	10807.2237
3389500	10807.3901
3390000	10806.8051
3390500	10806.5170
3391000	10806.7820
3391500	10806.7820
3392000	10806.0359
3392500	10806.2859
3393000	10805.9556
3393500	10806.1391
3394000	10806.4162
3394500	10806.7148
3395000	10806.7102
3395500	10806.8046
3396000	10806.7350
3396500	10806.5246
3397000	10806.6100
3397500	10806.5890
3398000	10806.8832
3398500	10806.8847
3399000	10806.8857
3399500	10807.0338
3400000	10806.7835
3400500	10807.0305
3401000	10806.5441
3401500	10807.0742
3402000	10806.4850
3402500	10805.7478
3403000	10805.9174
3403500	10805.5394
3404000	10805.8220
3404500	10805.6578
3405000	10805.7785
3405500	10805.5714
3406000	10806.0444
3406500	10805.1888
3407000	10805.2682
3407500	10805.3691
3408000	10805.1025
3408500	10804.8872
3409000	10805.1815
3409500	10804.8166
3410000	10804.5065
3410500	10804.2121
3411000	10804.6341
3411500	10804.8895
3412000	10804.6485
3412500	10804.6900
3413000	10804.6638
3413500	10804.6497
3414000	10804.1416
3414500	10804.0237
3415000	10804.0624
3415500	10804.3842
3416000	10804.1812
3416500	10803.2713
3417000	10803.1296
3417500	10802.6610
3418000	10803.0640
3418500	10802.8838
3419000	10803.1718
3419500	10803.2653
3420000	10803.4950
3420500	10802.9364
3421000	10803.4146
3421500	10803.0452
3422000	10803.0508
3422500	10803.0075
3423000	10803.2427
3423500	10802.8656
3424000	10802.5679
3424500	10802.4661
3425000	10801.7703
3425500	10802.1810
3426000	10802.2843
3426500	10802.4112
3427000	10802.5157
3427500	10802.6865
3428000	10802.6658
3428500	10802.6645
3429000	10802.4760
3429500	10802.3901
3430000	10802.1293
3430500	10802.2881
3431000	10801.5374
3431500	10802.1443
3432000	10802.3447
3432500	10802.4774
3433000	10801.9478
3433500	10801.8113
3434000	10801.8273
3434500	10802.0099
3435000	10802.0493
3435500	10802.1261
3436000	10802.4239
3436500	10802.6212
3437000	10801.8457
3437500	10801.8409
3438000	10801.3200
3438500	10801.1804
3439000	10800.6523
3439500	10800.6741
3440000	10800.2722
3440500	10800.8562
3441000	10801.0332
3441500	10801.1322
3442000	10800.7110
3442500	10800.2340
3443000	10800.1423
3443500	10800.1808
3444000	10799.6356
3444500	10799.6624
3445000	10799.4646
3445500	10799.6077
3446000	10799.2270
3446500	10799.2713
3447000	10799.2376
3447500	10799.1470
3448000	10799.1545
3448500	10798.9367
3449000	10798.7324
3449500	10797.9721
3450000	10798.7871
3450500	10798.6896
3451000	10798.8651
3451500	10798.5245
3452000	10798.3277
3452500	10798.0312
3453000	10798.1903
3453500	10798.4103
3454000	10798.2589
3454500	10798.4054
3455000	10798.4892
3455500	10798.2521
3456000	10798.8025
3456500	10798.9710
3457000	10798.8900
3457500	10799.2997
3458000	10799.3742
3458500	10799.4374
3459000	10799.2396
3459500	10799.2885
3460000	10799.4118
3460500	10799.5481
3461000	10800.0639
3461500	10800.1751
3462000	10799.9291
3462500	10800.3181
3463000	10800.2571
3463500	10799.9782
3464000	10799.8548
3464500	10800.5145
3465000	10800.3951
3465500	10800.7263
3466000	10800.6453
3466500	10800.5991
3467000	10800.6898
3467500	10801.0050
3468000	10801.2407
3468500	10801.4489
3469000	10801.5716
3469500	10801.7640
3470000	10801.4175
3470500	10801.6233
3471000	10801.3986
3471500	10801.4564
3472000	10801.7618
3472500	10801.8192
3473000	10801.5620
3473500	10801.6065
3474000	10801.1723
3474500	10800.7806
3475000	10801.2162
3475500	10801.0923
3476000	10801.3199
3476500	10801.6176
3477000	10801.7026
3477500	10800.9555
3478000	10800.5324
3478500	10800.9639
3479000	10800.9617
3479500	10801.0792
3480000	10800.7931
3480500	10800.2779
3481000	10800.5104
3481500	10800.3488
3482000	10800.3863
3482500	10800.0385
3483000	10799.8010
3483500	10799.7488
3484000	10799.6616
3484500	10800.2464
3485000	10799.7417
3485500	10799.9160
3486000	10800.0706
3486500	10799.9300
3487000	10799.7837
3487500	10800.0334
3488000	10799.9418
3488500	10800.0372
3489000	10799.8781
3489500	10799.4860
3490000	10799.9497
3490500	10800.1088
3491000	10800.2134
3491500	10800.5414
3492000	10800.1888
3492500	10800.3645
3493000	10800.5082
3493500	10800.6800
3494000	10800.6471
3494500	10800.4079
3495000	10800.7497
3495500	10801.1970
3496000	10801.0596
3496500	10800.9240
3497000	10801.2216
3497500	10801.2148
3498000	10800.7672
3498500	10800.6075
3499000	10800.4745
3499500	10800.3101
3500000	10800.2109
3500500	10800.3809
3501000	10800.5917
3501500	10800.8704
3502000	10800.7185
3502500	10800.6105
3503000	10800.6415
3503500	10800.3489
3504000	10800.4828
3504500	10800.7311
3505000	10801.5266
3505500	10801.0356
3506000	10801.3281
3506500	10801.0061
3507000	10801.0720
3507500	10800.9516
3508000	10801.5926
3508500	10801.9241
3509000	10802.2156
3509500	10802.1313
3510000	10801.9241
3510500	10802.0777
3511000	10802.2305
3511500	10802.0096
3512000	10802.1330
3512500	10802.1466
3513000	10802.0508
3513500	10802.0582
3514000	10802.1057
3514500	10802.3014
3515000	10802.4446
3515500	10802.6052
3516000	10802.7353
3516500	10802.9628
3517000	10802.8098
3517500	10802.9637
3518000	10803.0114
3518500	10802.5627
3519000	10802.6195
3519500	10802.6657
3520000	10802.3734
3520500	10802.4234
3521000	10802.6009
3521500	10802.5099
3522000	10802.4255
3522500	10802.2464
3523000	10802.0280
3523500	10801.8947
3524000	10801.3146
3524500	10801.2924
3525000	10801.3205
3525500	10801.7380
3526000	10801.7083
3526500	10801.3620
3527000	10801.4711
3527500	10801.5116
3528000	10801.5980
3528500	10801.4780
3529000	10801.3718
3529500	10801.6113
3530000	10801.5705
3530500	10801.5631
3531000	10801.0590
3531500	10801.4199
3532000	10801.5123
3532500	10801.4111
3533000	10801.2947
3533500	10801.1049
3534000	10801.1047
3534500	10801.1342
3535000	10801.0527
3535500	10801.1401
3536000	10801.0329
3536500	10801.2761
3537000	10801.2686
3537500	10801.1660
3538000	10801.3145
3538500	10801.0877
3539000	10800.9680
3539500	10801.2441
3540000	10801.4027
3540500	10801.5589
3541000	10801.1519
3541500	10800.7501
3542000	10801.3856
3542500	10801.8249
3543000	10802.1205
3543500	10802.2853
3544000	10802.4524
3544500	10801.9618
3545000	10802.1015
3545500	10802.2121
3546000	10802.3175
3546500	10802.1257
3547000	10802.4388
3547500	10802.5292
3548000	10802.4549
3548500	10802.6989
3549000	10803.2451
3549500	10803.4178
3550000	10803.4358
3550500	10803.8142
3551000	10804.2271
3551500	10803.8308
3552000	10803.9440
3552500	10803.7437
3553000	10804.1081
3553500	10804.2426
3554000	10804.6724
3554500	10804.2737
3555000	10803.8104
3555500	10803.8569
3556000	10804.0729
3556500	10804.0729
3557000	10803.6737
3557500	10803.3365
3558000	10803.4448
3558500	10803.3375
3559000	10803.4693
3559500	10803.3954
3560000	10803.7557
3560500	10803.7805
3561000	10803.5511
3561500	10802.9043
3562000	10802.5521
3562500	10802.6014
3563000	10802.5663
3563500	10801.7319
3564000	10801.3319
3564500	10801.8411
3565000	10801.8724
3565500	10801.6896
3566000	10801.2240
3566500	10801.2240
3567000	10800.7678
3567500	10800.7083
3568000	10801.0396
3568500	10800.6803
3569000	10800.5428
3569500	10800.9859
3570000	10800.6524
3570500	10800.5573
3571000	10800.9907
3571500	10801.1285
3572000	10800.9953
3572500	10800.7908
3573000	10800.4803
3573500	10800.2420
3574000	10800.1928
3574500	10799.9777
3575000	10800.2200
3575500	10799.9941
3576000	10799.5033
3576500	10799.5729
3577000	10799.4708
3577500	10799.5745
3578000	10799.1849
3578500	10798.7840
3579000	10798.6456
3579500	10798.0789
3580000	10798.0214
3580500	10798.0626
3581000	10798.1126
3581500	10798.6160
3582000	10799.0082
3582500	10798.7092
3583000	10798.7932
3583500	10798.6852
3584000	10798.6881
3584500	10799.1789
3585000	10799.2613
3585500	10798.9468
3586000	10798.4846
3586500	10798.3400
3587000	10798.5732
3587500	10798.6649
3588000	10799.0897
3588500	10799.3483
3589000	10799.2038
3589500	10799.0387
3590000	10799.0387
3590500	10799.1473
3591000	10799.1473
3591500	10799.0306
3592000	10798.9765
3592500	10798.8354
3593000	10798.6345
3593500	10798.5877
3594000	10798.6367
3594500	10798.3585
3595000	10798.2425
3595500	10798.0312
3596000	10798.7342
3596500	10798.7091
3597000	10798.7481
3597500	10798.9174
3598000	10798.4723
3598500	10798.6131
3599000	10798.7189
3599500	10798.9887
3600000	10798.6801
3600500	10798.6465
3601000	10798.9325
3601500	10798.8490
3602000	10798.5993
3602500	10798.7415
3603000	10798.8739
3603500	10798.7904
3604000	10798.6215
3604500	10797.8909
3605000	10797.8683
3605500	10798.1310
3606000	10798.0005
3606500	10797.6952
3607000	10797.5869
3607500	10797.6089
3608000	10797.5463
3608500	10797.4901
3609000	10796.8833
3609500	10797.0935
3610000	10796.9961
3610500	10797.2435
3611000	10797.2864
3611500	10797.2433
3612000	10796.6495
3612500	10796.7177
3613000	10796.4307
3613500	10796.7387
3614000	10796.5926
3614500	10797.1770
3615000	10796.8628
3615500	10796.3295
3616000	10796.5328
3616500	10796.5056
3617000	10796.5168
3617500	10796.0257
3618000	10795.9596
3618500	10795.8414
3619000	10795.6822
3619500	10795.1127
3620000	10795.3262
3620500	10795.2611
3621000	10794.9799
3621500	10795.2294
3622000	10795.0987
3622500	10795.5330
3623000	10795.5561
3623500	10795.4990
3624000	10795.0532
3624500	10795.4467
3625000	10794.8881
3625500	10794.4410
3626000	10794.7484
3626500	10794.6595
3627000	10794.9335
3627500	10794.5933
3628000	10794.5782
3628500	10794.8899
3629000	10794.8571
3629500	10794.8795
3630000	10794.7682
3630500	10795.1670
3631000	10795.3927
3631500	10795.5867
3632000	10795.6762
3632500	10795.6071
3633000	10795.5494
3633500	10795.7726
3634000	10795.6684
3634500	10794.9099
3635000	10794.5686
3635500	10794.2212
3636000	10793.9662
3636500	10794.5436
3637000	10793.9948
3637500	10793.5540
3638000	10793.8669
3638500	10793.9475
3639000	10794.2629
3639500	10794.3236
3640000	10794.7013
3640500	10794.6658
3641000	10794.7225
3641500	10794.8089
3642000	10794.8140
3642500	10794.3205
3643000	10793.7357
3643500	10794.2313
3644000	10794.2944
3644500	10794.5213
3645000	10794.7652
3645500	10794.9750
3646000	10794.8016
3646500	10795.0280
3647000	10795.4930
3647500	10795.5563
3648000	10796.0443
3648500	10795.9297
3649000	10795.8837
3649500	10795.6230
3650000	10795.4643
3650500	10794.9098
3651000	10795.2717
3651500	10795.3854
3652000	10795.3450
3652500	10794.6481
3653000	10795.0232
3653500	10795.3334
3654000	10795.3588
3654500	10795.1233
3655000	10795.4403
3655500	10796.0329
3656000	10796.0911
3656500	10795.9296
3657000	10795.9903
3657500	10796.1250
3658000	10796.2239
3658500	10796.2541
3659000	10795.8393
3659500	10795.6257
3660000	10795.8238
3660500	10796.2135
3661000	10795.7375
3661500	10795.6231
3662000	10795.7942
3662500	10796.3309
3663000	10795.8832
3663500	10796.0553
3664000	10795.9617
3664500	10795.5082
3665000	10795.2212
3665500	10794.7681
3666000	10794.7113
3666500	10794.3616
3667000	10794.2213
3667500	10794.2988
3668000	10794.6248
3668500	10794.7870
3669000	10795.3025
3669500	10795.3200
3670000	10795.4504
3670500	10795.6705
3671000	10795.6865
3671500	10795.8822
3672000	10796.1156
3672500	10796.1479
3673000	10796.4530
3673500	10796.5596
3674000	10796.6570
3674500	10796.3697
3675000	10796.3444
3675500	10795.8733
3676000	10795.6504
3676500	10795.6504
3677000	10795.7129
3677500	10795.2602
3678000	10795.2565
3678500	10795.4216
3679000	10795.2632
3679500	10795.3518
3680000	10795.6467
3680500	10795.4418
3681000	10795.3173
3681500	10795.4155
3682000	10795.4309
3682500	10795.7836
3683000	10795.7683
3683500	10795.8513
3684000	10795.7908
3684500	10796.1181
3685000	10796.1428
3685500	10795.8814
3686000	10795.5355
3686500	10795.5726
3687000	10795.2230
3687500	10795.5014
3688000	10795.6172
3688500	10795.6947
3689000	10796.0736
3689500	10796.2594
3690000	10796.3219
3690500	10796.1385
3691000	10796.4071
3691500	10796.6684
3692000	10796.3456
3692500	10795.9260
3693000	10796.0605
3693500	10795.7133
3694000	10795.5305
3694500	10796.0094
3695000	10796.0693
3695500	10795.9928
3696000	10796.0404
3696500	10795.8459
3697000	10795.6949
3697500	10795.8294
3698000	10795.8393
3698500	10795.7275
3699000	10795.7808
3699500	10795.9007
3700000	10795.8145
3700500	10795.9167
3701000	10795.7951
3701500	10795.8638
3702000	10796.1764
3702500	10796.1613
3703000	10796.1820
3703500	10795.7836
3704000	10795.7910
3704500	10796.5845
3705000	10796.7246
3705500	10796.9243
3706000	10796.7180
3706500	10797.0575
3707000	10796.8512
3707500	10797.1213
3708000	10797.1054
3708500	10797.2948
3709000	10797.3134
3709500	10797.5329
3710000	10797.5517
3710500	10797.0073
3711000	10797.3603
3711500	10797.2204
3712000	10797.2075
3712500	10797.3802
3713000	10797.4062
3713500	10797.3065
3714000	10797.1686
3714500	10797.3255
3715000	10797.0699
3715500	10796.7270
3716000	10796.7842
3716500	10796.8811
3717000	10796.7755
3717500	10796.8797
3718000	10796.6587
3718500	10797.0453
3719000	10796.9794
3719500	10796.9794
3720000	10797.1432
3720500	10797.1535
3721000	10797.4214
3721500	10797.5848
3722000	10797.0376
3722500	10797.2033
3723000	10797.3730
3723500	10797.4106
3724000	10796.9221
3724500	10796.8615
3725000	10797.1087
3725500	10797.2387
3726000	10797.0630
3726500	10797.0117
3727000	10797.0086
3727500	10796.9668
3728000	10796.7307
3728500	10796.6006
3729000	10796.6493
3729500	10796.8622
3730000	10796.7613
3730500	10796.7583
3731000	10797.0253
3731500	10796.7011
3732000	10796.7176
3732500	10796.7176
3733000	10796.6440
3733500	10796.3798
3734000	10796.2205
3734500	10795.8173
3735000	10795.6127
3735500	10795.2866
3736000	10795.1073
3736500	10795.4357
3737000	10795.9732
3737500	10795.9931
3738000	10796.1414
3738500	10796.0476
3739000	10795.7223
3739500	10796.1349
3740000	10796.1893
3740500	10796.6950
3741000	10796.7621
3741500	10796.1925
3742000	10796.3571
3742500	10796.4972
3743000	10796.7343
3743500	10796.6162
3744000	10796.8929
3744500	10796.7971
3745000	10796.6893
3745500	10796.7499
3746000	10796.4659
3746500	10796.2830
3747000	10796.1418
3747500	10795.9181
3748000	10796.2103
3748500	10796.1781
3749000	10795.4565
3749500	10795.4565
3750000	10795.4998
3750500	10795.5155
3751000	10795.4650
3751500	10795.0510
3752000	10795.3219
3752500	10794.9571
3753000	10794.9969
3753500	10794.5847
3754000	10794.4111
3754500	10794.7903
3755000	10794.8873
3755500	10794.3063
3756000	10794.2804
3756500	10794.3889
3757000	10794.2416
3757500	10794.0593
3758000	10793.9073
3758500	10792.8675
3759000	10793.3584
3759500	10793.6362
3760000	10793.5462
3760500	10793.7318
3761000	10793.7268
3761500	10793.8632
3762000	10793.7515
3762500	10794.2872
3763000	10794.5119
3763500	10794.2236
3764000	10794.3330
3764500	10794.2071
3765000	10794.0636
3765500	10794.1586
3766000	10793.9252
3766500	10794.1657
3767000	10794.0883
3767500	10794.2271
3768000	10793.9537
3768500	10794.2007
3769000	10793.7404
3769500	10793.5027
3770000	10793.0832
3770500	10793.0417
3771000	10792.9643
3771500	10792.9592
3772000	10793.4285
3772500	10793.3412
3773000	10793.0869
3773500	10793.0415
3774000	10793.1009
3774500	10793.3348
3775000	10793.3987
3775500	10793.5646
3776000	10793.6304
3776500	10793.5343
3777000	10793.8064
3777500	10793.9466
3778000	10793.4040
3778500	10793.5991
3779000	10793.8148
3779500	10793.4864
3780000	10793.1693
3780500	10793.2725
3781000	10793.3264
3781500	10793.3098
3782000	10793.3232
3782500	10793.6169
3783000	10793.8612
3783500	10794.2189
3784000	10793.8716
3784500	10793.6340
3785000	10793.6277
3785500	10793.6353
3786000	10793.4240
3786500	10793.4310
3787000	10793.5716
3787500	10793.3811
3788000	10792.9850
3788500	10793.2677
3789000	10793.3108
3789500	10793.3297
3790000	10793.3149
3790500	10793.1008
3791000	10792.9621
3791500	10793.0053
3792000	10793.4484
3792500	10793.2376
3793000	10793.3116
3793500	10792.8227
3794000	10792.8636
3794500	10792.9039
3795000	10792.9475
3795500	10792.7687
3796000	10792.7798
3796500	10792.5085
3797000	10792.3706
3797500	10792.4246
3798000	10792.8618
3798500	10792.1173
3799000	10791.8160
3799500	10792.0847
3800000	10792.3660
3800500	10792.0048
3801000	10791.5738
3801500	10791.9875
3802000	10792.3598
3802500	10792.3246
3803000	10792.3315
3803500	10791.9178
3804000	10792.2973
3804500	10792.5125
3805000	10792.6944
3805500	10792.4609
3806000	10792.4039
3806500	10792.3838
3807000	10792.4468
3807500	10792.4507
3808000	10792.0782
3808500	10792.1160
3809000	10791.8535
3809500	10791.8984
3810000	10791.7523
3810500	10791.8668
3811000	10791.9621
3811500	10791.7699
3812000	10791.5354
3812500	10791.7491
3813000	10791.5237
3813500	10790.5934
3814000	10790.6280
3814500	10791.1768
3815000	10791.3144
3815500	10791.3056
3816000	10790.7995
3816500	10790.8370
3817000	10790.8749
3817500	10791.0922
3818000	10790.8351
3818500	10790.9508
3819000	10791.0261
3819500	10791.6723
3820000	10791.3029
3820500	10791.5085
3821000	10790.8494
3821500	10790.6103
3822000	10791.1512
3822500	10791.0112
3823000	10790.9837
3823500	10790.5886
3824000	10790.0818
3824500	10789.9647
3825000	10790.1381
3825500	10790.1188
3826000	10790.0335
3826500	10790.3309
3827000	10790.2246
3827500	10790.4081
3828000	10790.0966
3828500	10789.7601
3829000	10790.0211
3829500	10790.0303
3830000	10789.8588
3830500	10789.9995
3831000	10790.3195
3831500	10790.0917
3832000	10789.7275
3832500	10789.3556
3833000	10789.4692
3833500	10788.9815
3834000	10788.6156
3834500	10788.3462
3835000	10788.3670
3835500	10788.9323
3836000	10788.9810
3836500	10788.7918
3837000	10789.1166
3837500	10788.9302
3838000	10788.4388
3838500	10788.8368
3839000	10788.3186
3839500	10788.5220
3840000	10788.8477
3840500	10788.6570
3841000	10788.9283
3841500	10789.1113
3842000	10789.0511
3842500	10789.0171
3843000	10788.8196
3843500	10789.1925
3844000	10789.1722
3844500	10788.9019
3845000	10789.5774
3845500	10789.4583
3846000	10789.4399
3846500	10789.2002
3847000	10788.9928
3847500	10789.2305
3848000	10789.5290
3848500	10789.6371
3849000	10789.5156
3849500	10789.4096
3850000	10789.6825
3850500	10789.5176
3851000	10789.2364
3851500	10788.8959
3852000	10789.2261
3852500	10789.0821
3853000	10789.0078
3853500	10789.1396
3854000	10789.0690
3854500	10789.1518
3855000	10789.4631
3855500	10789.2249
3856000	10789.1678
3856500	10789.2296
3857000	10789.1437
3857500	10789.0621
3858000	10789.0394
3858500	10789.1857
3859000	10789.4321
3859500	10789.5364
3860000	10789.6471
3860500	10789.5309
3861000	10789.1950
3861500	10788.8273
3862000	10789.0291
3862500	10788.8447
3863000	10788.9661
3863500	10788.9462
3864000	10789.2236
3864500	10788.8617
3865000	10789.0091
3865500	10788.9400
3866000	10789.1756
3866500	10789.3013
3867000	10789.0484
3867500	10789.1687
3868000	10789.1880
3868500	10789.2709
3869000	10789.3364
3869500	10788.9204
3870000	10789.1617
3870500	10789.4258
3871000	10789.3190
3871500	10789.1162
3872000	10789.2343
3872500	10789.1567
3873000	10789.3557
3873500	10789.5088
3874000	10789.3490
3874500	10789.5732
3875000	10789.3466
3875500	10789.4032
3876000	10789.6108
3876500	10789.0280
3877000	10789.0935
3877500	10788.7808
3878000	10788.7836
3878500	10789.4952
3879000	10789.5207
3879500	10789.2201
3880000	10788.9817
3880500	10788.8616
3881000	10788.9004
3881500	10788.5942
3882000	10788.3687
3882500	10788.5048
3883000	10788.3656
3883500	10788.4215
3884000	10788.8159
3884500	10788.3551
3885000	10788.4000
3885500	10788.5226
3886000	10788.6659
3886500	10788.7860
3887000	10788.6270
3887500	10788.2369
3888000	10788.5452
3888500	10788.5972
3889000	10788.5889
3889500	10788.4253
3890000	10788.4012
3890500	10788.4058
3891000	10788.9043
3891500	10788.8705
3892000	10789.0780
3892500	10788.9249
3893000	10789.0600
3893500	10788.8403
3894000	10788.5568
3894500	10788.5649
3895000	10788.5293
3895500	10788.9547
3896000	10789.0993
3896500	10789.1810
3897000	10789.2547
3897500	10789.3262
3898000	10788.8950
3898500	10789.0472
3899000	10789.2911
3899500	10789.4368
3900000	10789.6377
3900500	10789.7811
3901000	10790.1125
3901500	10790.1125
3902000	10790.4372
3902500	10790.9314
3903000	10791.0525
3903500	10791.3782
3904000	10791.4715
3904500	10791.4619
3905000	10791.5914
3905500	10791.2729
3906000	10791.3225
3906500	10791.4435
3907000	10791.3788
3907500	10791.2786
3908000	10791.4897
3908500	10791.6550
3909000	10791.6158
3909500	10791.8172
3910000	10791.6737
3910500	10791.1703
3911000	10790.4184
3911500	10790.4257
3912000	10790.4426
3912500	10790.4762
3913000	10790.3514
3913500	10790.0962
3914000	10790.4304
3914500	10790.1887
3915000	10790.0424
3915500	10790.5268
3916000	10790.4098
3916500	10790.2581
3917000	10790.4007
3917500	10790.3109
3918000	10790.0471
3918500	10790.0347
3919000	10789.5531
3919500	10789.8007
3920000	10790.0680
3920500	10789.9409
3921000	10790.2816
3921500	10789.8644
3922000	10789.8895
3922500	10789.8621
3923000	10789.8733
3923500	10790.1284
3924000	10789.6622
3924500	10789.8521
3925000	10789.6450
3925500	10789.9411
3926000	10789.4534
3926500	10789.4356
3927000	10789.2278
3927500	10789.0206
3928000	10788.5347
3928500	10788.5403
3929000	10788.8368
3929500	10788.5096
3930000	10788.1937
3930500	10788.4525
3931000	10788.7697
3931500	10789.1148
3932000	10789.1905
3932500	10788.4390
3933000	10788.6469
3933500	10788.5793
3934000	10788.4574
3934500	10788.1794
3935000	10788.0257
3935500	10788.2487
3936000	10788.6800
3936500	10788.3509
3937000	10788.4781
3937500	10788.2240
3938000	10787.9826
3938500	10788.0356
3939000	10788.4352
3939500	10788.2274
3940000	10788.0605
3940500	10788.0334
3941000	10788.6605
3941500	10788.2087
3942000	10788.2646
3942500	10787.9371
3943000	10787.8405
3943500	10787.9804
3944000	10788.2033
3944500	10788.1014
3945000	10788.0142
3945500	10787.9188
3946000	10788.1377
3946500	10787.7249
3947000	10787.7705
3947500	10786.8910
3948000	10786.8726
3948500	10787.0677
3949000	10786.9605
3949500	10787.0677
3950000	10786.9775
3950500	10787.2915
3951000	10787.3707
3951500	10787.4196
3952000	10787.4857
3952500	10787.6034
3953000	10787.6524
3953500	10787.6894
3954000	10787.8550
3954500	10787.7126
3955000	10787.9531
3955500	10788.2059
3956000	10788.6637
3956500	10788.7799
3957000	10788.9220
3957500	10789.3047
3958000	10789.5294
3958500	10789.7871
3959000	10790.2836
3959500	10790.4350
3960000	10790.1673
3960500	10790.2051
3961000	10790.2622
3961500	10790.2821
3962000	10789.8316
3962500	10790.0352
3963000	10790.1098
3963500	10789.9119
3964000	10789.7872
3964500	10790.4531
3965000	10790.3565
3965500	10790.4376
3966000	10790.7850
3966500	10790.7841
3967000	10790.7725
3967500	10790.9391
3968000	10790.8473
3968500	10790.9077
3969000	10790.6209
3969500	10790.4121
3970000	10789.7496
3970500	10789.5258
3971000	10789.4106
3971500	10788.9412
3972000	10788.7260
3972500	10789.1140
3973000	10788.9352
3973500	10788.5957
3974000	10788.2761
3974500	10788.5673
3975000	10788.6733
3975500	10788.6029
3976000	10788.7419
3976500	10788.8458
3977000	10788.0238
3977500	10787.7526
3978000	10787.3327
3978500	10787.2308
3979000	10787.0451
3979500	10786.7846
3980000	10786.5098
3980500	10786.4274
3981000	10786.1229
3981500	10785.1312
3982000	10784.9586
3982500	10784.6482
3983000	10785.0921
3983500	10785.2440
3984000	10785.2929
3984500	10785.1854
3985000	10785.2721
3985500	10785.0950
3986000	10784.8123
3986500	10784.2802
3987000	10784.4731
3987500	10784.3346
3988000	10784.4137
3988500	10784.4107
3989000	10784.3471
3989500	10784.5435
3990000	10784.6782
3990500	10784.7693
3991000	10784.8533
3991500	10784.6395
3992000	10784.5236
3992500	10784.3561
3993000	10784.5628
3993500	10784.6135
3994000	10784.8079
3994500	10784.8416
3995000	10784.5913
3995500	10784.5702
3996000	10784.6258
3996500	10784.3029
3997000	10784.3510
3997500	10784.4608
3998000	10784.6210
3998500	10784.5895
3999000	10784.9725
3999500	10784.5742
4000000	10784.3358
4000500	10784.3903
4001000	10784.0766
4001500	10783.9624
4002000	10784.2411
4002500	10784.3534
4003000	10783.8327
4003500	10783.6225
4004000	10783.6818
4004500	10783.7829
4005000	10783.8941
4005500	10783.9794
4006000	10784.0098
4006500	10784.0664
4007000	10783.8460
4007500	10783.7056
4008000	10783.7764
4008500	10784.1358
4009000	10784.2949
4009500	10783.7211
4010000	10783.8553
4010500	10783.8590
4011000	10784.1323
4011500	10784.2801
4012000	10784.5062
4012500	10784.7479
4013000	10784.9388
4013500	10784.6282
4014000	10784.8482
4014500	10784.8532
4015000	10784.3891
4015500	10784.5212
4016000	10784.7557
4016500	10784.9364
4017000	10785.1400
4017500	10785.2619
4018000	10785.4865
4018500	10785.2863
4019000	10785.2055
4019500	10785.1743
4020000	10784.4139
4020500	10784.7647
4021000	10784.1529
4021500	10784.1806
4022000	10784.2949
4022500	10784.4976
4023000	10784.7357
4023500	10784.7080
4024000	10785.0228
4024500	10785.3008
4025000	10785.3168
4025500	10785.2507
4026000	10785.3953
4026500	10785.5203
4027000	10785.5443
4027500	10785.4830
4028000	10785.3929
4028500	10785.2907
4029000	10785.4428
4029500	10785.8317
4030000	10785.9509
4030500	10786.4213
4031000	10785.7541
4031500	10785.7771
4032000	10785.5977
4032500	10785.5231
4033000	10785.6110
4033500	10785.7050
4034000	10785.8496
4034500	10785.6449
4035000	10785.7738
4035500	10785.6420
4036000	10785.5574
4036500	10785.7809
4037000	10786.0567
4037500	10786.1009
4038000	10785.5109
4038500	10785.5012
4039000	10785.2853
4039500	10785.2853
4040000	10785.0742
4040500	10784.8502
4041000	10785.2512
4041500	10785.3581
4042000	10785.5189
4042500	10785.4014
4043000	10785.3345
4043500	10785.5065
4044000	10785.6091
4044500	10785.3700
4045000	10785.4513
4045500	10785.5034
4046000	10785.5931
4046500	10785.3873
4047000	10785.4680
4047500	10785.3442
4048000	10784.8562
4048500	10784.4744
4049000	10784.6054
4049500	10784.7969
4050000	10784.7916
4050500	10784.8934
4051000	10784.8909
4051500	10784.7040
4052000	10784.8555
4052500	10784.3298
4053000	10784.3845
4053500	10783.8826
4054000	10783.1962
4054500	10783.4016
4055000	10783.8387
4055500	10783.8472
4056000	10783.9701
4056500	10783.9087
4057000	10783.5996
4057500	10783.7332
4058000	10783.6057
4058500	10783.7998
4059000	10784.2336
4059500	10784.0911
4060000	10783.5793
4060500	10783.6202
4061000	10783.5889
4061500	10783.5245
4062000	10783.6076
4062500	10783.7082
4063000	10783.5131
4063500	10783.6997
4064000	10783.5880
4064500	10783.4311
4065000	10783.5470
4065500	10783.2973
4066000	10783.3289
4066500	10782.7698
4067000	10782.5379
4067500	10782.4028
4068000	10782.2920
4068500	10782.4288
4069000	10782.7481
4069500	10782.6956
4070000	10783.3275
4070500	10782.9379
4071000	10783.0391
4071500	10783.5285
4072000	10783.2762
4072500	10783.1627
4073000	10782.9911
4073500	10782.7990
4074000	10783.0764
4074500	10783.1565
4075000	10783.4584
4075500	10783.3159
4076000	10782.9924
4076500	10783.2974
4077000	10783.4786
4077500	10782.7418
4078000	10782.5303
4078500	10782.2836
4079000	10782.3478
4079500	10782.6350
4080000	10782.6550
4080500	10782.4872
4081000	10782.1230
4081500	10782.2718
4082000	10782.0488
4082500	10782.1828
4083000	10781.9512
4083500	10781.9549
4084000	10781.9364
4084500	10782.0249
4085000	10781.8663
4085500	10781.9906
4086000	10782.0657
4086500	10782.2582
4087000	10782.4881
4087500	10782.5260
4088000	10783.2933
4088500	10783.2726
4089000	10783.1944
4089500	10783.4345
4090000	10783.6435
4090500	10783.5597
4091000	10783.6584
4091500	10784.1772
4092000	10784.2194
4092500	10784.0472
4093000	10784.3207
4093500	10784.5745
4094000	10784.8631
4094500	10784.9404
4095000	10785.2495
4095500	10785.1448
4096000	10785.1383
4096500	10785.0375
4097000	10785.1149
4097500	10785.1014
4098000	10785.3519
4098500	10785.4727
4099000	10785.7064
4099500	10785.8253
4100000	10785.3720
4100500	10785.7999
4101000	10785.9183
4101500	10785.7690
4102000	10785.3934
4102500	10785.4639
4103000	10785.1817
4103500	10785.2579
4104000	10785.5467
4104500	10785.2508
4105000	10785.2804
4105500	10785.2406
4106000	10785.0996
4106500	10785.0477
4107000	10785.1409
4107500	10784.8898
4108000	10785.2865
4108500	10785.5283
4109000	10785.5527
4109500	10786.0134
4110000	10785.6684
4110500	10785.4464
4111000	10785.8179
4111500	10785.3984
4112000	10785.4502
4112500	10785.2961
4113000	10785.3989
4113500	10785.8943
4114000	10786.0112
4114500	10785.9367
4115000	10785.9436
4115500	10786.0171
4116000	10785.7545
4116500	10785.4828
4117000	10785.6036
4117500	10785.6936
4118000	10785.8628
4118500	10786.2594
4119000	10786.0389
4119500	10786.0587
4120000	10785.7248
4120500	10785.8266
4121000	10785.7538
4121500	10785.9758
4122000	10786.0593
4122500	10785.6768
4123000	10785.9483
4123500	10785.8961
4124000	10785.8764
4124500	10785.6733
4125000	10785.5886
4125500	10785.6275
4126000	10785.8934
4126500	10785.6503
4127000	10785.7341
4127500	10786.0675
4128000	10786.0083
4128500	10786.2570
4129000	10785.8551
4129500	10786.2669
4130000	10786.2852
4130500	10786.4538
4131000	10786.5011
4131500	10786.8749
4132000	10787.0302
4132500	10786.8672
4133000	10786.8039
4133500	10786.7079
4134000	10786.9503
4134500	10787.2928
4135000	10787.3674
4135500	10787.3884
4136000	10787.3274
4136500	10787.4054
4137000	10787.4803
4137500	10787.6491
4138000	10788.1454
4138500	10788.2408
4139000	10788.2305
4139500	10787.7723
4140000	10787.3008
4140500	10787.2583
4141000	10787.3693
4141500	10787.2312
4142000	10787.1935
4142500	10787.1525
4143000	10787.1772
4143500	10787.2207
4144000	10787.1766
4144500	10787.1960
4145000	10787.4080
4145500	10787.6497
4146000	10787.6276
4146500	10787.5988
4147000	10787.5307
4147500	10787.6247
4148000	10787.2655
4148500	10787.3030
4149000	10787.5485
4149500	10787.7338
4150000	10788.2445
4150500	10788.2797
4151000	10788.0684
4151500	10788.0735
4152000	10787.8818
4152500	10788.1467
4153000	10788.3266
4153500	10788.1626
4154000	10788.1626
4154500	10788.3700
4155000	10788.4037
4155500	10788.3235
4156000	10788.3470
4156500	10788.5652
4157000	10788.4633
4157500	10788.7011
4158000	10788.9167
4158500	10788.9929
4159000	10788.9107
4159500	10788.7815
4160000	10788.8619
4160500	10789.0702
4161000	10789.2003
4161500	10789.1168
4162000	10788.8274
4162500	10789.1308
4163000	10789.5294
4163500	10789.7017
4164000	10789.6956
4164500	10789.5305
4165000	10789.2220
4165500	10788.0441
4166000	10787.8667
4166500	10787.8934
4167000	10787.8728
4167500	10787.9243
4168000	10788.0704
4168500	10788.3454
4169000	10788.6969
4169500	10788.6189
4170000	10788.6219
4170500	10788.9101
4171000	10789.0547
4171500	10788.8897
4172000	10788.8422
4172500	10788.8288
4173000	10788.5681
4173500	10788.6366
4174000	10788.8788
4174500	10788.5174
4175000	10788.6941
4175500	10788.7912
4176000	10788.9232
4176500	10789.2077
4177000	10788.9427
4177500	10789.0222
4178000	10789.1166
4178500	10789.1511
4179000	10789.3380
4179500	10789.3711
4180000	10789.0652
4180500	10788.6320
4181000	10788.3741
4181500	10788.2234
4182000	10787.7558
4182500	10787.4050
4183000	10787.1656
4183500	10787.3273
4184000	10787.3619
4184500	10787.5110
4185000	10787.2184
4185500	10787.0624
4186000	10787.1918
4186500	10787.4604
4187000	10787.4036
4187500	10787.3003
4188000	10787.2340
4188500	10787.1094
4189000	10787.0472
4189500	10786.8596
4190000	10786.8048
4190500	10786.6484
4191000	10786.6029
4191500	10786.6674
4192000	10786.4575
4192500	10785.9857
4193000	10785.8589
4193500	10785.8433
4194000	10786.0755
4194500	10785.7126
4195000	10785.5626
4195500	10785.5308
4196000	10785.6870
4196500	10785.8333
4197000	10785.8460
4197500	10786.1765
4198000	10786.6445
4198500	10786.6223
4199000	10786.7571
4199500	10786.4112
4200000	10786.1998
4200500	10786.3119
4201000	10785.9209
4201500	10785.5659
4202000	10785.4285
4202500	10785.4165
4203000	10785.2817
4203500	10785.1362
4204000	10785.5050
4204500	10785.5852
4205000	10785.4111
4205500	10784.9978
4206000	10785.1515
4206500	10784.8660
4207000	10785.2349
4207500	10784.8529
4208000	10785.0527
4208500	10784.9312
4209000	10784.8949
4209500	10785.0820
4210000	10785.2752
4210500	10785.5434
4211000	10785.5660
4211500	10786.0747
4212000	10786.1085
4212500	10786.0863
4213000	10786.4024
4213500	10786.1693
4214000	10786.3005
4214500	10785.5960
4215000	10785.2974
4215500	10785.5208
4216000	10785.6028
4216500	10786.2480
4217000	10786.3413
4217500	10786.3701
4218000	10786.7141
4218500	10787.0442
4219000	10786.8762
4219500	10787.2672
4220000	10786.9668
4220500	10786.6604
4221000	10786.4697
4221500	10786.4816
4222000	10786.6860
4222500	10786.4125
4223000	10786.4361
4223500	10786.2102
4224000	10786.1928
4224500	10786.1570
4225000	10786.1174
4225500	10786.4872
4226000	10786.0302
4226500	10786.1577
4227000	10786.2095
4227500	10786.1876
4228000	10786.3458
4228500	10786.7456
4229000	10786.6959
4229500	10786.9126
4230000	10787.2233
4230500	10787.2467
4231000	10787.3921
4231500	10787.2397
4232000	10787.2167
4232500	10787.4373
4233000	10787.3414
4233500	10787.0882
4234000	10786.9842
4234500	10787.0176
4235000	10786.7298
4235500	10786.5884
4236000	10786.6063
4236500	10786.1969
4237000	10785.7861
4237500	10786.1721
4238000	10786.2183
4238500	10786.3695
4239000	10786.4024
4239500	10786.4718
4240000	10786.3741
4240500	10786.1717
4241000	10786.6307
4241500	10786.5624
4242000	10786.4028
4242500	10786.7156
4243000	10786.5200
4243500	10786.2151
4244000	10786.1390
4244500	10785.7526
4245000	10785.6003
4245500	10785.4334
4246000	10785.4413
4246500	10785.3969
4247000	10785.3704
4247500	10785.6993
4248000	10785.5236
4248500	10785.5354
4249000	10785.5310
4249500	10785.9646
4250000	10785.9863
4250500	10785.8723
4251000	10785.8936
4251500	10785.8058
4252000	10785.9347
4252500	10786.1940
4253000	10786.3181
4253500	10786.2290
4254000	10786.3275
4254500	10785.8860
4255000	10786.0094
4255500	10786.3418
4256000	10786.2181
4256500	10786.4066
4257000	10786.5869
4257500	10786.7097
4258000	10786.6576
4258500	10786.5961
4259000	10786.4048
4259500	10786.3388
4260000	10786.1820
4260500	10785.9783
4261000	10786.1165
4261500	10786.3588
4262000	10786.5185
4262500	10786.2666
4263000	10786.0627
4263500	10786.0020
4264000	10786.1124
4264500	10786.3657
4265000	10786.4863
4265500	10786.4286
4266000	10786.4987
4266500	10786.5126
4267000	10786.3838
4267500	10786.2699
4268000	10785.9220
4268500	10786.2220
4269000	10786.3137
4269500	10786.4153
4270000	10786.2510
4270500	10786.4434
4271000	10786.5867
4271500	10786.6085
4272000	10786.6007
4272500	10786.8643
4273000	10786.8957
4273500	10786.8083
4274000	10786.6726
4274500	10786.5735
4275000	10786.8534
4275500	10786.5564
4276000	10786.5421
4276500	10786.8910
4277000	10787.1062
4277500	10787.4115
4278000	10786.9910
4278500	10786.8687
4279000	10786.8363
4279500	10786.8033
4280000	10786.8035
4280500	10787.2125
4281000	10787.1911
4281500	10787.6690
4282000	10787.6218
4282500	10787.5660
4283000	10787.3789
4283500	10786.9559
4284000	10786.9997
4284500	10786.9912
4285000	10787.1441
4285500	10787.2646
4286000	10787.0353
4286500	10786.8023
4287000	10786.5944
4287500	10786.7632
4288000	10786.4150
4288500	10786.6000
4289000	10786.6685
4289500	10786.6929
4290000	10786.8959
4290500	10786.7495
4291000	10787.0178
4291500	10787.1833
4292000	10786.8123
4292500	10786.9575
4293000	10786.8642
4293500	10787.0370
4294000	10786.9749
4294500	10787.1861
4295000	10787.4363
4295500	10787.4901
4296000	10787.2742
4296500	10787.1722
4297000	10786.8578
4297500	10787.1266
4298000	10787.0791
4298500	10787.0175
4299000	10787.4492
4299500	10787.6243
4300000	10787.0611
4300500	10787.2255
4301000	10787.3605
4301500	10787.8032
4302000	10787.2412
4302500	10787.2412
4303000	10787.2492
4303500	10787.3862
4304000	10787.0787
4304500	10787.3083
4305000	10787.5125
4305500	10787.5677
4306000	10787.6351
4306500	10787.6579
4307000	10787.7183
4307500	10787.9653
4308000	10787.7690
4308500	10787.6326
4309000	10787.5843
4309500	10787.5422
4310000	10787.3633
4310500	10787.4899
4311000	10787.4397
4311500	10787.1913
4312000	10787.4080
4312500	10786.6440
4313000	10786.5265
4313500	10786.5219
4314000	10786.5484
4314500	10786.3556
4315000	10786.2388
4315500	10786.5840
4316000	10786.6055
4316500	10786.2419
4317000	10786.0327
4317500	10786.0570
4318000	10785.8243
4318500	10785.9184
4319000	10786.0130
4319500	10785.8834
4320000	10786.3569
4320500	10786.4645
4321000	10786.5435
4321500	10786.1275
4322000	10785.7791
4322500	10785.7285
4323000	10786.0270
4323500	10786.0204
4324000	10785.8819
4324500	10786.1055
4325000	10786.1859
4325500	10785.9186
4326000	10785.6519
4326500	10785.5192
4327000	10785.6463
4327500	10785.6618
4328000	10785.8968
4328500	10785.9015
4329000	10785.9879
4329500	10785.6941
4330000	10785.4435
4330500	10785.4136
4331000	10785.3881
4331500	10785.3834
4332000	10785.5341
4332500	10785.0788
4333000	10785.2693
4333500	10785.5344
4334000	10785.5159
4334500	10785.3120
4335000	10785.3247
4335500	10785.6519
4336000	10785.7865
4336500	10785.6629
4337000	10785.9311
4337500	10785.9089
4338000	10785.7939
4338500	10785.8907
4339000	10785.6665
4339500	10785.6200
4340000	10785.5833
4340500	10785.4960
4341000	10785.4379
4341500	10785.4967
4342000	10785.5072
4342500	10785.4027
4343000	10785.0952
4343500	10784.9913
4344000	10784.6704
4344500	10784.2266
4345000	10784.5407
4345500	10784.5390
4346000	10784.4869
4346500	10784.2551
4347000	10783.9528
4347500	10783.6063
4348000	10783.6189
4348500	10783.4632
4349000	10783.4622
4349500	10783.5451
4350000	10783.5856
4350500	10783.6922
4351000	10783.5362
4351500	10783.5503
4352000	10783.4046
4352500	10783.7858
4353000	10783.9823
4353500	10784.4635
4354000	10784.4847
4354500	10784.4735
4355000	10784.7034
4355500	10784.9794
4356000	10785.1368
4356500	10784.9198
4357000	10785.0558
4357500	10785.5339
4358000	10785.8041
4358500	10785.8085
4359000	10785.8027
4359500	10786.0219
4360000	10785.9503
4360500	10785.9235
4361000	10786.2258
4361500	10785.8543
4362000	10785.9745
4362500	10785.9304
4363000	10786.1056
4363500	10786.1887
4364000	10786.2028
4364500	10786.1169
4365000	10786.1013
4365500	10785.9324
4366000	10785.9073
4366500	10786.1403
4367000	10786.0453
4367500	10786.1684
4368000	10786.1827
4368500	10785.8311
4369000	10786.2660
4369500	10786.6342
4370000	10786.4201
4370500	10786.3612
4371000	10786.3842
4371500	10786.5896
4372000	10786.7697
4372500	10787.0541
4373000	10786.9170
4373500	10786.9490
4374000	10787.0016
4374500	10786.6228
4375000	10786.8161
4375500	10786.5054
4376000	10786.4709
4376500	10786.4343
4377000	10786.0641
4377500	10786.2119
4378000	10786.4838
4378500	10786.5969
4379000	10787.0829
4379500	10787.1182
4380000	10787.0464
4380500	10787.1361
4381000	10786.6847
4381500	10786.7102
4382000	10786.6369
4382500	10786.0143
4383000	10785.9825
4383500	10786.0220
4384000	10785.9607
4384500	10785.9730
4385000	10785.9364
4385500	10785.9809
4386000	10786.0888
4386500	10786.0049
4387000	10786.1486
4387500	10785.7120
4388000	10785.6944
4388500	10785.6283
4389000	10785.8241
4389500	10785.8449
4390000	10785.5909
4390500	10785.9994
4391000	10785.7609
4391500	10785.6599
4392000	10785.5401
4392500	10785.1941
4393000	10785.2769
4393500	10785.1346
4394000	10785.4371
4394500	10785.2831
4395000	10785.4428
4395500	10785.2004
4396000	10785.3369
4396500	10785.4806
4397000	10785.4958
4397500	10785.5333
4398000	10785.5441
4398500	10785.6052
4399000	10785.5995
4399500	10785.4097
4400000	10785.2924
4400500	10785.0120
4401000	10785.1562
4401500	10784.8779
4402000	10784.5883
4402500	10784.4711
4403000	10784.8254
4403500	10784.8498
4404000	10784.8414
4404500	10784.8975
4405000	10785.3214
4405500	10785.3917
4406000	10785.2861
4406500	10784.7716
4407000	10784.8926
4407500	10785.0185
4408000	10784.6348
4408500	10784.5842
4409000	10784.5906
4409500	10784.8306
4410000	10784.9578
4410500	10785.0807
4411000	10785.0236
4411500	10784.8591
4412000	10784.9559
4412500	10784.7231
4413000	10784.7137
4413500	10784.2525
4414000	10784.1443
4414500	10783.8650
4415000	10784.1857
4415500	10784.4600
4416000	10784.3338
4416500	10784.4508
4417000	10784.5828
4417500	10784.3715
4418000	10784.1108
4418500	10784.5039
4419000	10784.5026
4419500	10785.0895
4420000	10785.0419
4420500	10785.5823
4421000	10785.5984
4421500	10785.7095
4422000	10785.1978
4422500	10785.2775
4423000	10785.1801
4423500	10784.8992
4424000	10784.9718
4424500	10784.9891
4425000	10785.4717
4425500	10785.4500
4426000	10785.4236
4426500	10785.1722
4427000	10784.8848
4427500	10784.9693
4428000	10784.8027
4428500	10784.7911
4429000	10784.5921
4429500	10784.5068
4430000	10784.6117
4430500	10784.8015
4431000	10785.0764
4431500	10784.8429
4432000	10784.6800
4432500	10784.7305
4433000	10784.4586
4433500	10784.5325
4434000	10784.6884
4434500	10784.4871
4435000	10784.9345
4435500	10785.0610
4436000	10785.6383
4436500	10785.6888
4437000	10785.5378
4437500	10785.5641
4438000	10785.9075
4438500	10785.9697
4439000	10786.3227
4439500	10786.2750
4440000	10786.5063
4440500	10786.6605
4441000	10786.3917
4441500	10786.3823
4442000	10786.5590
4442500	10786.4631
4443000	10786.4693
4443500	10786.4412
4444000	10786.9146
4444500	10786.5618
4445000	10786.8051
4445500	10786.5606
4446000	10786.3669
4446500	10786.2735
4447000	10786.1415
4447500	10786.3913
4448000	10786.3454
4448500	10786.5971
4449000	10786.3466
4449500	10786.1757
4450000	10786.0180
4450500	10785.6853
4451000	10785.7018
4451500	10785.6474
4452000	10785.3729
4452500	10785.7699
4453000	10785.6897
4453500	10785.7550
4454000	10785.8804
4454500	10786.0252
4455000	10785.8003
4455500	10785.9073
4456000	10786.1416
4456500	10786.1883
4457000	10786.4069
4457500	10786.6142
4458000	10786.8807
4458500	10786.9915
4459000	10786.8671
4459500	10787.0671
4460000	10787.1356
4460500	10787.7865
4461000	10787.8140
4461500	10787.8572
4462000	10787.7205
4462500	10787.8537
4463000	10787.9991
4463500	10788.0842
4464000	10788.1754
4464500	10788.2900
4465000	10788.3600
4465500	10788.5379
4466000	10788.7805
4466500	10788.7582
4467000	10788.6654
4467500	10788.9015
4468000	10789.1327
4468500	10789.3857
4469000	10789.1413
4469500	10789.0349
4470000	10789.0942
4470500	10789.5530
4471000	10789.4948
4471500	10789.6950
4472000	10789.4107
4472500	10789.0648
4473000	10789.0730
4473500	10789.2871
4474000	10789.1422
4474500	10789.1221
4475000	10789.0728
4475500	10789.4885
4476000	10789.2376
4476500	10789.3899
4477000	10789.6513
4477500	10789.6801
4478000	10789.8509
4478500	10789.5830
4479000	10789.4554
4479500	10789.4925
4480000	10789.7448
4480500	10789.6350
4481000	10789.5081
4481500	10789.6496
4482000	10789.7702
4482500	10789.8289
4483000	10789.7462
4483500	10790.0978
4484000	10789.8927
4484500	10789.6067
4485000	10789.4873
4485500	10789.2488
4486000	10789.0748
4486500	10788.9519
4487000	10789.1531
4487500	10789.2620
4488000	10789.0382
4488500	10788.4696
4489000	10788.3193
4489500	10788.1961
4490000	10788.0493
4490500	10788.2800
4491000	10788.2168
4491500	10787.9894
4492000	10788.1290
4492500	10788.1655
4493000	10788.5220
4493500	10788.3241
4494000	10788.2658
4494500	10788.3942
4495000	10788.0857
4495500	10788.4574
4496000	10788.7074
4496500	10789.2581
4497000	10789.3328
4497500	10789.4067
4498000	10789.5334
4498500	10789.5336
4499000	10789.5939
4499500	10789.2814
4500000	10788.9842
4500500	10788.8408
4501000	10788.2930
4501500	10788.1220
4502000	10788.4009
4502500	10788.7349
4503000	10788.4031
4503500	10788.4125
4504000	10788.6806
4504500	10788.8341
4505000	10788.7791
4505500	10788.8914
4506000	10788.7035
4506500	10788.7035
4507000	10788.8624
4507500	10789.1408
4508000	10789.0762
4508500	10788.9816
4509000	10788.9379
4509500	10789.0314
4510000	10789.2924
4510500	10789.4833
4511000	10788.9814
4511500	10788.7152
4512000	10788.9185
4512500	10788.7407
4513000	10788.9237
4513500	10788.8003
4514000	10788.9410
4514500	10788.9302
4515000	10789.0434
4515500	10788.8227
4516000	10788.7200
4516500	10788.6269
4517000	10788.3934
4517500	10787.9430
4518000	10788.1229
4518500	10788.5356
4519000	10788.5355
4519500	10788.4997
4520000	10788.5872
4520500	10788.5494
4521000	10788.4466
4521500	10788.1192
4522000	10788.2861
4522500	10788.3214
4523000	10788.3220
4523500	10788.0397
4524000	10788.2027
4524500	10788.5694
4525000	10788.4772
4525500	10788.1566
4526000	10788.3476
4526500	10788.2763
4527000	10788.2763
4527500	10788.3858
4528000	10788.5307
4528500	10788.5448
4529000	10788.4956
4529500	10788.5568
4530000	10788.5925
4530500	10789.0474
4531000	10788.9552
4531500	10788.8621
4532000	10788.6193
4532500	10788.6890
4533000	10788.9400
4533500	10789.1873
4534000	10788.8836
4534500	10788.7318
4535000	10788.9678
4535500	10789.0564
4536000	10788.5471
4536500	10788.9923
4537000	10788.8268
4537500	10788.8628
4538000	10788.5301
4538500	10788.6905
4539000	10788.8879
4539500	10788.8141
4540000	10788.7829
4540500	10788.5785
4541000	10788.5947
4541500	10788.7794
4542000	10788.8722
4542500	10788.7086
4543000	10789.0191
4543500	10788.9489
4544000	10789.2270
4544500	10789.1434
4545000	10789.0817
4545500	10789.1444
4546000	10789.0701
4546500	10789.1741
4547000	10789.2436
4547500	10789.1182
4548000	10789.3736
4548500	10789.0710
4549000	10788.9479
4549500	10789.1011
4550000	10789.1630
4550500	10789.2944
4551000	10789.6153
4551500	10789.8185
4552000	10789.8129
4552500	10789.7646
4553000	10790.0142
4553500	10790.1573
4554000	10790.3567
4554500	10790.3571
4555000	10790.2837
4555500	10789.9298
4556000	10789.7057
4556500	10789.5992
4557000	10789.2790
4557500	10789.2915
4558000	10789.7852
4558500	10789.5005
4559000	10788.9616
4559500	10788.9560
4560000	10789.3396
4560500	10789.0451
4561000	10789.2230
4561500	10789.2441
4562000	10789.3703
4562500	10789.0475
4563000	10789.1470
4563500	10789.1056
4564000	10789.4735
4564500	10789.6202
4565000	10789.7889
4565500	10789.7595
4566000	10789.8727
4566500	10789.9194
4567000	10789.9466
4567500	10790.1416
4568000	10789.8192
4568500	10789.6137
4569000	10789.7717
4569500	10790.1079
4570000	10790.1059
4570500	10789.8289
4571000	10789.8649
4571500	10789.9976
4572000	10789.7792
4572500	10789.7761
4573000	10789.6416
4573500	10789.6882
4574000	10789.3632
4574500	10788.9590
4575000	10788.8023
4575500	10788.8437
4576000	10788.3557
4576500	10788.5773
4577000	10788.5602
4577500	10788.9322
4578000	10788.8277
4578500	10788.7322
4579000	10788.3741
4579500	10788.0890
4580000	10788.0547
4580500	10788.4273
4581000	10788.4074
4581500	10788.3540
4582000	10788.0280
4582500	10787.9887
4583000	10788.4516
4583500	10788.3043
4584000	10788.1248
4584500	10788.4791
4585000	10788.4903
4585500	10788.3789
4586000	10788.3620
4586500	10788.5937
4587000	10788.3445
4587500	10788.4011
4588000	10788.2084
4588500	10788.0609
4589000	10787.8575
4589500	10788.0723
4590000	10787.7918
4590500	10787.6030
4591000	10787.7401
4591500	10787.6003
4592000	10787.3633
4592500	10787.5837
4593000	10787.6643
4593500	10787.6831
4594000	10787.6885
4594500	10787.6545
4595000	10787.4641
4595500	10787.5878
4596000	10787.6620
4596500	10787.8686
4597000	10788.0525
4597500	10787.7797
4598000	10787.9739
4598500	10787.8487
4599000	10788.1348
4599500	10788.4884
4600000	10788.6701
4600500	10788.7399
4601000	10788.5254
4601500	10788.6504
4602000	10788.7417
4602500	10789.0671
4603000	10788.9069
4603500	10789.2729
4604000	10789.3040
4604500	10789.1142
4605000	10789.2291
4605500	10789.6029
4606000	10789.5601
4606500	10789.7341
4607000	10789.5636
4607500	10789.8925
4608000	10789.8997
4608500	10790.2508
4609000	10790.4668
4609500	10790.5297
4610000	10790.7433
4610500	10791.0396
4611000	10791.1076
4611500	10790.5598
4612000	10790.7737
4612500	10790.7737
4613000	10791.0576
4613500	10791.0473
4614000	10790.6563
4614500	10790.8579
4615000	10790.6328
4615500	10790.8801
4616000	10790.8801
4616500	10790.9907
4617000	10790.7259
4617500	10790.8922
4618000	10791.2319
4618500	10791.0989
4619000	10791.3251
4619500	10791.4673
4620000	10791.5640
4620500	10791.5101
4621000	10791.2017
4621500	10791.2673
4622000	10791.4550
4622500	10791.4884
4623000	10791.6908
4623500	10791.9794
4624000	10791.8974
4624500	10791.9705
4625000	10792.0631
4625500	10792.3968
4626000	10792.3044
4626500	10792.3143
4627000	10792.3148
4627500	10792.1099
4628000	10792.1614
4628500	10792.2189
4629000	10792.6535
4629500	10792.7074
4630000	10792.6108
4630500	10792.7579
4631000	10792.9442
4631500	10793.2413
4632000	10793.5257
4632500	10793.4629
4633000	10793.6502
4633500	10793.5145
4634000	10793.4511
4634500	10793.1917
4635000	10793.2837
4635500	10793.4412
4636000	10793.3656
4636500	10793.5986
4637000	10793.6562
4637500	10793.7394
4638000	10793.9263
4638500	10793.8623
4639000	10793.7933
4639500	10793.9348
4640000	10793.7382
4640500	10793.8521
4641000	10794.0093
4641500	10794.1347
4642000	10794.0684
4642500	10794.1008
4643000	10794.0539
4643500	10794.1010
4644000	10793.9094
4644500	10793.7461
4645000	10793.6731
4645500	10793.1938
4646000	10793.1206
4646500	10792.9519
4647000	10792.7733
4647500	10793.1945
4648000	10793.4084
4648500	10793.6057
4649000	10793.5109
4649500	10793.5493
4650000	10792.9023
4650500	10792.9388
4651000	10793.3368
4651500	10793.3331
4652000	10793.1822
4652500	10793.2074
4653000	10793.0544
4653500	10793.1530
4654000	10793.1119
4654500	10793.1136
4655000	10793.1032
4655500	10793.0076
4656000	10793.0498
4656500	10793.4104
4657000	10793.5321
4657500	10793.5171
4658000	10793.3113
4658500	10793.1449
4659000	10792.9542
4659500	10793.0555
4660000	10793.0555
4660500	10792.6537
4661000	10792.5940
4661500	10792.7596
4662000	10792.9298
4662500	10792.6200
4663000	10792.6200
4663500	10793.0547
4664000	10793.1621
4664500	10793.0023
4665000	10792.5679
4665500	10792.3772
4666000	10792.4487
4666500	10792.6545
4667000	10792.9443
4667500	10793.1943
4668000	10793.0315
4668500	10793.1709
4669000	10793.2836
4669500	10793.4473
4670000	10793.5023
4670500	10793.6495
4671000	10793.6628
4671500	10793.1424
4672000	10793.0589
4672500	10793.1712
4673000	10793.1152
4673500	10793.2547
4674000	10793.5077
4674500	10793.4198
4675000	10793.6875
4675500	10793.8324
4676000	10793.4356
4676500	10793.4376
4677000	10793.5813
4677500	10793.3096
4678000	10793.1374
4678500	10793.1000
4679000	10793.3028
4679500	10793.2418
4680000	10793.0751
4680500	10793.1800
4681000	10793.2373
4681500	10793.4206
4682000	10793.4865
4682500	10793.5481
4683000	10793.5568
4683500	10794.0788
4684000	10793.8154
4684500	10793.8891
4685000	10794.0454
4685500	10793.8420
4686000	10793.9880
4686500	10794.3256
4687000	10794.9475
4687500	10795.1567
4688000	10794.9553
4688500	10794.9039
4689000	10794.9552
4689500	10794.7531
4690000	10794.9103
4690500	10795.1461
4691000	10795.2201
4691500	10794.9304
4692000	10795.2069
4692500	10795.0502
4693000	10795.4398
4693500	10795.3725
4694000	10795.5507
4694500	10795.2825
4695000	10795.3771
4695500	10795.5784
4696000	10795.4582
4696500	10795.7026
4697000	10795.8588
4697500	10795.7942
4698000	10795.3810
4698500	10795.6491
4699000	10795.9131
4699500	10795.9816
4700000	10795.8536
4700500	10795.6436
4701000	10795.2481
4701500	10795.2097
4702000	10795.3142
4702500	10796.0878
4703000	10796.5181
4703500	10796.5341
4704000	10796.5932
4704500	10796.3646
4705000	10796.0851
4705500	10796.0167
4706000	10796.0492
4706500	10796.1448
4707000	10796.0587
4707500	10795.9795
4708000	10796.4185
4708500	10796.3188
4709000	10796.5084
4709500	10796.1838
4710000	10796.6304
4710500	10796.5139
4711000	10796.6326
4711500	10796.3709
4712000	10796.4979
4712500	10796.9119
4713000	10797.1142
4713500	10797.2198
4714000	10797.1061
4714500	10797.1874
4715000	10796.9965
4715500	10796.8934
4716000	10796.7246
4716500	10796.9857
4717000	10797.1755
4717500	10797.2319
4718000	10797.3543
4718500	10797.4111
4719000	10797.5457
4719500	10797.6223
4720000	10797.5065
4720500	10797.0670
4721000	10797.3236
4721500	10797.2312
4722000	10797.2414
4722500	10797.2448
4723000	10797.2939
4723500	10797.4243
4724000	10797.6335
4724500	10798.2733
4725000	10798.4632
4725500	10798.4961
4726000	10798.2830
4726500	10798.0489
4727000	10797.9236
4727500	10797.8580
4728000	10797.7554
4728500	10797.9857
4729000	10797.9019
4729500	10797.6331
4730000	10797.8496
4730500	10798.0442
4731000	10797.7585
4731500	10797.5041
4732000	10798.0908
4732500	10798.5060
4733000	10798.2519
4733500	10798.1738
4734000	10798.3098
4734500	10798.6386
4735000	10798.8084
4735500	10798.5553
4736000	10798.7211
4736500	10798.7016
4737000	10798.6859
4737500	10798.3413
4738000	10798.1865
4738500	10798.8639
4739000	10798.6572
4739500	10798.7496
4740000	10799.0171
4740500	10799.0354
4741000	10798.8410
4741500	10798.4824
4742000	10798.5646
4742500	10798.2161
4743000	10797.6643
4743500	10797.4165
4744000	10797.6585
4744500	10797.4956
4745000	10797.4785
4745500	10797.8080
4746000	10797.2292
4746500	10797.3972
4747000	10797.0115
4747500	10796.7923
4748000	10796.7937
4748500	10797.0212
4749000	10796.9797
4749500	10796.8169
4750000	10796.6229
4750500	10796.5613
4751000	10796.3256
4751500	10796.2621
4752000	10796.5210
4752500	10796.2928
4753000	10796.1058
4753500	10796.0794
4754000	10795.5901
4754500	10795.5366
4755000	10795.6580
4755500	10795.5408
4756000	10795.6204
4756500	10795.8070
4757000	10795.5561
4757500	10795.7088
4758000	10795.6299
4758500	10795.8352
4759000	10795.4358
4759500	10795.7084
4760000	10795.8038
4760500	10795.6870
4761000	10795.7538
4761500	10795.3576
4762000	10795.6628
4762500	10795.9482
4763000	10795.5463
4763500	10795.4957
4764000	10795.7339
4764500	10795.6351
4765000	10795.6479
4765500	10795.6745
4766000	10795.2187
4766500	10795.3072
4767000	10795.5676
4767500	10795.8457
4768000	10796.2416
4768500	10795.8533
4769000	10796.0525
4769500	10795.7780
4770000	10795.5131
4770500	10795.2213
4771000	10795.0551
4771500	10795.1898
4772000	10795.1703
4772500	10795.1035
4773000	10795.3050
4773500	10795.3462
4774000	10795.0411
4774500	10794.9723
4775000	10794.8144
4775500	10794.8916
4776000	10795.0865
4776500	10794.9604
4777000	10794.5882
4777500	10794.7890
4778000	10794.7756
4778500	10795.0168
4779000	10795.1431
4779500	10794.9234
4780000	10794.9753
4780500	10795.1033
4781000	10795.1715
4781500	10794.9696
4782000	10794.6434
4782500	10794.7946
4783000	10795.0221
4783500	10795.1269
4784000	10795.4226
4784500	10795.2590
4785000	10795.3102
4785500	10795.2936
4786000	10795.0175
4786500	10794.8287
4787000	10795.0489
4787500	10794.7413
4788000	10794.8232
4788500	10794.6576
4789000	10794.8591
4789500	10795.1114
4790000	10795.2051
4790500	10795.1863
4791000	10795.0316
4791500	10795.1729
4792000	10795.0501
4792500	10795.3046
4793000	10795.3418
4793500	10795.3212
4794000	10795.3831
4794500	10795.1640
4795000	10795.1682
4795500	10795.3380
4796000	10795.3949
4796500	10795.7329
4797000	10795.6770
4797500	10795.7785
4798000	10795.8224
4798500	10796.0343
4799000	10795.7825
4799500	10795.7983
4800000	10795.8202
4800500	10795.5220
4801000	10795.4376
4801500	10794.7541
4802000	10795.1695
4802500	10794.8743
4803000	10794.9443
4803500	10794.9345
4804000	10795.1375
4804500	10795.0782
4805000	10795.1533
4805500	10795.0249
4806000	10795.0459
4806500	10794.3918
4807000	10794.4726
4807500	10794.4262
4808000	10794.5191
4808500	10794.3882
4809000	10794.5055
4809500	10794.5622
4810000	10794.1827
4810500	10794.2387
4811000	10794.3129
4811500	10794.3202
4812000	10794.4861
4812500	10794.4507
4813000	10794.3412
4813500	10794.2958
4814000	10794.2962
4814500	10794.2558
4815000	10794.2141
4815500	10794.0204
4816000	10793.8352
4816500	10793.2924
4817000	10793.7030
4817500	10793.6709
4818000	10793.7828
4818500	10793.6114
4819000	10793.7905
4819500	10793.9666
4820000	10793.6252
4820500	10793.6730
4821000	10793.7653
4821500	10793.5289
4822000	10793.4840
4822500	10793.3480
4823000	10793.3907
4823500	10793.5488
4824000	10793.6286
4824500	10793.9218
4825000	10793.9424
4825500	10793.6795
4826000	10793.9884
4826500	10793.9075
4827000	10793.9335
4827500	10794.1696
4828000	10794.2055
4828500	10794.2738
4829000	10794.2976
4829500	10794.4561
4830000	10794.3565
4830500	10794.1186
4831000	10793.9453
4831500	10793.9168
4832000	10793.4568
4832500	10793.4229
4833000	10793.5607
4833500	10793.5607
4834000	10793.0720
4834500	10793.0962
4835000	10793.1870
4835500	10793.3193
4836000	10793.1181
4836500	10793.4457
4837000	10793.3211
4837500	10793.4454
4838000	10793.2913
4838500	10793.2221
4839000	10792.9196
4839500	10792.9749
4840000	10792.9281
4840500	10792.7813
4841000	10792.5313
4841500	10792.7510
4842000	10792.5776
4842500	10792.8740
4843000	10792.5657
4843500	10792.4108
4844000	10792.2960
4844500	10792.5633
4845000	10792.9516
4845500	10792.9678
4846000	10792.8862
4846500	10793.1015
4847000	10793.1783
4847500	10793.0211
4848000	10793.3650
4848500	10793.6294
4849000	10793.4525
4849500	10793.7749
4850000	10793.7749
4850500	10793.7488
4851000	10793.5849
4851500	10793.3422
4852000	10793.3473
4852500	10793.1943
4853000	10793.2072
4853500	10793.0220
4854000	10793.0288
4854500	10793.0525
4855000	10792.7313
4855500	10792.9389
4856000	10793.1207
4856500	10793.0450
4857000	10793.0402
4857500	10793.0993
4858000	10793.0961
4858500	10793.0845
4859000	10792.9836
4859500	10792.7700
4860000	10792.4383
4860500	10792.7258
4861000	10792.3689
4861500	10792.3426
4862000	10792.6216
4862500	10792.4003
4863000	10792.5209
4863500	10792.6596
4864000	10792.3380
4864500	10792.4170
4865000	10792.1000
4865500	10792.4362
4866000	10792.3395
4866500	10792.6422
4867000	10792.7486
4867500	10792.9281
4868000	10792.9405
4868500	10792.9857
4869000	10793.1601
4869500	10793.1601
4870000	10793.5307
4870500	10793.1518
4871000	10793.1910
4871500	10793.4113
4872000	10793.3363
4872500	10793.3055
4873000	10792.6863
4873500	10792.5593
4874000	10792.5010
4874500	10792.4409
4875000	10792.1075
4875500	10792.2940
4876000	10792.1989
4876500	10792.4487
4877000	10792.4669
4877500	10792.5503
4878000	10792.7565
4878500	10792.7622
4879000	10792.7622
4879500	10792.7469
4880000	10792.3839
4880500	10792.3725
4881000	10792.4183
4881500	10792.5719
4882000	10792.2599
4882500	10791.7593
4883000	10791.8785
4883500	10791.7139
4884000	10791.5286
4884500	10791.8101
4885000	10791.5882
4885500	10791.8120
4886000	10791.2503
4886500	10791.2376
4887000	10791.1917
4887500	10791.3404
4888000	10791.4055
4888500	10791.4853
4889000	10791.4064
4889500	10791.6423
4890000	10791.1224
4890500	10791.5251
4891000	10791.3300
4891500	10791.4450
4892000	10791.3719
4892500	10791.1434
4893000	10791.0432
4893500	10791.1133
4894000	10791.3037
4894500	10791.6194
4895000	10791.7635
4895500	10791.7776
4896000	10791.7476
4896500	10792.0635
4897000	10792.0635
4897500	10792.3146
4898000	10792.3765
4898500	10792.1879
4899000	10791.8785
4899500	10791.8128
4900000	10792.0162
4900500	10792.2083
4901000	10792.2372
4901500	10792.0972
4902000	10792.0463
4902500	10791.8994
4903000	10792.0993
4903500	10792.1629
4904000	10792.2396
4904500	10792.1788
4905000	10792.3863
4905500	10792.3350
4906000	10792.3912
4906500	10792.2736
4907000	10792.2400
4907500	10792.4234
4908000	10792.4801
4908500	10792.0730
4909000	10792.0828
4909500	10792.0815
4910000	10791.9090
4910500	10791.8413
4911000	10791.8703
4911500	10792.0822
4912000	10791.9401
4912500	10792.0909
4913000	10791.7790
4913500	10792.0487
4914000	10791.8119
4914500	10791.8239
4915000	10791.8479
4915500	10791.7434
4916000	10791.8303
4916500	10791.9592
4917000	10791.9418
4917500	10791.8878
4918000	10791.6949
4918500	10791.6110
4919000	10791.6826
4919500	10791.4585
4920000	10791.3007
4920500	10791.3030
4921000	10791.6725
4921500	10791.8341
4922000	10792.0011
4922500	10791.9011
4923000	10791.7868
4923500	10791.7327
4924000	10791.6296
4924500	10791.8080
4925000	10791.8717
4925500	10791.8198
4926000	10791.8784
4926500	10792.3787
4927000	10792.1830
4927500	10792.4377
4928000	10792.7028
4928500	10792.8682
4929000	10792.9855
4929500	10792.7905
4930000	10792.3150
4930500	10792.0524
4931000	10792.3286
4931500	10792.5113
4932000	10792.5673
4932500	10792.7255
4933000	10793.0509
4933500	10793.3368
4934000	10793.2267
4934500	10793.1795
4935000	10793.2784
4935500	10793.6129
4936000	10793.5092
4936500	10793.5096
4937000	10793.5280
4937500	10793.4361
4938000	10793.3945
4938500	10793.4361
4939000	10793.0978
4939500	10793.3195
4940000	10792.9523
4940500	10792.8837
4941000	10792.9200
4941500	10793.1346
4942000	10793.0469
4942500	10792.8572
4943000	10792.8931
4943500	10793.0142
4944000	10792.8451
4944500	10792.7820
4945000	10792.3187
4945500	10792.2914
4946000	10792.1795
4946500	10792.4214
4947000	10792.1540
4947500	10792.2183
4948000	10792.1583
4948500	10791.8114
4949000	10791.7562
4949500	10791.8236
4950000	10791.7464
4950500	10791.6382
4951000	10791.2825
4951500	10791.3038
4952000	10791.3348
4952500	10791.4636
4953000	10791.4155
4953500	10791.5854
4954000	10791.6857
4954500	10791.5765
4955000	10791.5953
4955500	10791.7309
4956000	10791.7184
4956500	10791.3928
4957000	10791.4435
4957500	10791.4611
4958000	10791.7072
4958500	10791.6490
4959000	10791.4734
4959500	10791.6167
4960000	10791.8597
4960500	10791.7449
4961000	10791.9250
4961500	10791.8600
4962000	10792.1410
4962500	10791.9551
4963000	10792.1634
4963500	10792.1818
4964000	10792.1055
4964500	10792.0795
4965000	10791.9284
4965500	10791.9012
4966000	10792.0002
4966500	10792.0757
4967000	10792.0560
4967500	10792.0866
4968000	10792.3084
4968500	10791.9768
4969000	10791.8485
4969500	10791.8040
4970000	10791.8990
4970500	10791.8871
4971000	10791.9196
4971500	10792.1397
4972000	10792.2307
4972500	10792.3161
4973000	10792.4921
4973500	10792.7328
4974000	10792.8264
4974500	10792.4080
4975000	10792.2701
4975500	10792.2121
4976000	10792.1337
4976500	10791.8818
4977000	10792.2770
4977500	10792.2630
4978000	10792.2281
4978500	10792.4188
4979000	10792.1094
4979500	10792.1926
4980000	10792.4235
4980500	10792.2172
4981000	10792.0831
4981500	10792.1471
4982000	10792.2472
4982500	10792.4983
4983000	10792.4983
4983500	10792.5074
4984000	10792.0965
4984500	10792.3948
4985000	10792.5691
4985500	10792.8285
4986000	10792.9462
4986500	10793.1260
4987000	10793.3543
4987500	10793.4134
4988000	10793.2536
4988500	10793.3972
4989000	10793.3168
4989500	10793.1823
4990000	10792.8266
4990500	10792.5888
4991000	10792.0508
4991500	10792.2277
4992000	10792.1795
4992500	10792.1748
4993000	10792.1756
4993500	10791.8708
4994000	10792.1430
4994500	10792.1983
4995000	10792.5408
4995500	10792.6252
4996000	10792.7881
4996500	10792.7599
4997000	10793.0130
4997500	10793.1877
4998000	10793.2365
4998500	10793.0544
4999000	10792.9007
4999500	10793.0873
5000000	10793.0643
5000500	10792.8398
5001000	10792.4604
5001500	10792.6232
5002000	10792.4674
5002500	10792.4965
5003000	10793.0161
5003500	10793.0737
5004000	10793.1877
5004500	10793.0899
5005000	10793.2874
5005500	10793.0473
5006000	10793.0395
5006500	10793.2505
5007000	10793.1287
5007500	10793.4522
5008000	10793.3294
5008500	10793.2190
5009000	10793.1875
5009500	10793.2163
5010000	10793.0622
5010500	10792.8368
5011000	10793.0501
5011500	10792.9162
5012000	10793.1462
5012500	10793.6718
5013000	10793.5816
5013500	10793.5170
5014000	10793.4918
5014500	10793.5220
5015000	10793.6631
5015500	10793.7643
5016000	10793.7151
5016500	10793.5287
5017000	10793.4593
5017500	10793.5459
5018000	10793.8415
5018500	10794.0773
5019000	10794.1492
5019500	10793.9420
5020000	10794.1823
5020500	10793.9508
5021000	10794.1838
5021500	10794.1837
5022000	10793.9080
5022500	10793.4484
5023000	10793.4520
5023500	10793.5731
5024000	10793.4183
5024500	10793.3473
5025000	10793.5120
5025500	10793.4109
5026000	10793.6506
5026500	10793.7554
5027000	10794.0299
5027500	10794.1156
5028000	10794.0420
5028500	10794.1615
5029000	10794.3222
5029500	10794.5513
5030000	10794.6238
5030500	10794.3606
5031000	10794.6418
5031500	10794.9610
5032000	10795.1244
5032500	10794.8364
5033000	10795.1060
5033500	10795.4570
5034000	10795.3795
5034500	10795.4121
5035000	10795.7100
5035500	10795.3754
5036000	10795.1142
5036500	10795.4322
5037000	10795.6179
5037500	10795.8157
5038000	10795.7031
5038500	10796.0011
5039000	10795.8585
5039500	10795.6224
5040000	10795.6124
5040500	10795.7517
5041000	10795.6002
5041500	10795.5618
5042000	10795.4335
5042500	10795.1920
5043000	10795.0700
5043500	10795.5137
5044000	10795.4987
5044500	10795.3683
5045000	10795.5218
5045500	10795.2175
5046000	10795.3589
5046500	10795.2243
5047000	10795.2963
5047500	10795.5244
5048000	10795.6720
5048500	10795.7605
5049000	10795.4833
5049500	10795.5350
5050000	10795.3778
5050500	10795.1011
5051000	10795.1671
5051500	10795.6463
5052000	10795.4630
5052500	10795.4766
5053000	10795.5581
5053500	10795.5634
5054000	10795.4202
5054500	10795.3701
5055000	10795.0985
5055500	10795.1650
5056000	10794.8480
5056500	10794.9707
5057000	10794.8366
5057500	10794.9748
5058000	10794.9896
5058500	10794.9202
5059000	10794.9268
5059500	10795.0582
5060000	10795.1625
5060500	10795.4116
5061000	10795.5441
5061500	10795.3981
5062000	10795.4008
5062500	10795.5684
5063000	10795.3972
5063500	10795.1059
5064000	10795.0793
5064500	10795.1253
5065000	10795.0234
5065500	10794.8090
5066000	10795.2368
5066500	10795.0466
5067000	10795.2005
5067500	10795.2630
5068000	10794.4897
5068500	10794.3353
5069000	10794.4767
5069500	10794.1465
5070000	10794.0136
5070500	10794.4497
5071000	10794.2352
5071500	10794.1596
5072000	10794.2804
5072500	10794.5755
5073000	10794.8549
5073500	10794.9792
5074000	10794.8885
5074500	10795.1445
5075000	10795.2916
5075500	10795.2168
5076000	10794.9198
5076500	10794.9198
5077000	10794.9661
5077500	10795.0918
5078000	10795.2913
5078500	10795.1874
5079000	10795.4422
5079500	10795.1607
5080000	10795.3264
5080500	10795.3047
5081000	10795.2203
5081500	10795.2846
5082000	10795.4497
5082500	10795.5511
5083000	10795.7525
5083500	10795.8484
5084000	10795.5347
5084500	10795.3711
5085000	10795.1096
5085500	10795.1146
5086000	10795.3191
5086500	10795.4125
5087000	10795.5796
5087500	10795.3723
5088000	10795.3131
5088500	10795.4905
5089000	10795.6295
5089500	10795.5190
5090000	10795.6868
5090500	10795.6292
5091000	10795.1965
5091500	10795.3371
5092000	10795.3957
5092500	10795.4841
5093000	10795.4293
5093500	10795.5251
5094000	10795.4979
5094500	10795.4813
5095000	10795.2397
5095500	10795.1684
5096000	10794.9775
5096500	10795.2083
5097000	10795.3207
5097500	10795.7260
5098000	10795.8697
5098500	10795.5589
5099000	10795.2626
5099500	10795.2587
5100000	10795.6280
5100500	10795.5919
5101000	10795.6137
5101500	10795.7679
5102000	10796.0577
5102500	10796.1417
5103000	10795.9085
5103500	10795.8366
5104000	10795.8323
5104500	10795.5538
5105000	10795.5369
5105500	10795.5862
5106000	10795.9829
5106500	10795.5259
5107000	10795.5131
5107500	10795.6435
5108000	10795.6871
5108500	10795.8360
5109000	10795.7939
5109500	10795.6803
5110000	10795.6407
5110500	10795.2109
5111000	10795.3336
5111500	10795.2400
5112000	10795.5566
5112500	10795.1552
5113000	10795.3094
5113500	10795.5815
5114000	10795.3645
5114500	10795.3645
5115000	10795.3915
5115500	10795.3681
5116000	10795.3614
5116500	10795.6235
5117000	10795.5031
5117500	10795.0785
5118000	10795.2574
5118500	10795.4684
5119000	10795.4258
5119500	10795.3425
5120000	10795.5064
5120500	10795.5449
5121000	10795.2482
5121500	10795.4604
5122000	10795.4067
5122500	10795.3413
5123000	10795.0894
5123500	10795.3173
5124000	10795.1527
5124500	10795.1527
5125000	10795.1941
5125500	10795.1395
5126000	10794.8436
5126500	10794.5168
5127000	10794.3165
5127500	10794.3201
5128000	10794.2470
5128500	10794.5284
5129000	10794.6413
5129500	10794.5667
5130000	10794.4437
5130500	10794.4520
5131000	10794.7562
5131500	10794.8908
5132000	10794.7440
5132500	10794.6732
5133000	10794.5479
5133500	10794.1227
5134000	10794.3058
5134500	10794.1773
5135000	10793.8341
5135500	10793.5015
5136000	10793.3508
5136500	10793.1841
5137000	10793.0395
5137500	10793.1403
5138000	10792.6995
5138500	10792.7883
5139000	10792.5693
5139500	10792.5104
5140000	10792.3991
5140500	10792.2756
5141000	10792.2616
5141500	10792.5043
5142000	10792.6266
5142500	10792.5534
5143000	10792.4034
5143500	10792.8762
5144000	10792.7283
5144500	10792.6456
5145000	10792.4993
5145500	10792.2480
5146000	10792.0100
5146500	10792.2738
5147000	10791.5836
5147500	10791.7429
5148000	10791.7587
5148500	10791.6874
5149000	10791.5856
5149500	10791.9737
5150000	10791.9798
5150500	10791.8357
5151000	10791.9181
5151500	10792.1791
5152000	10792.1100
5152500	10792.2816
5153000	10792.0429
5153500	10792.2555
5154000	10791.9465
5154500	10791.9163
5155000	10792.1262
5155500	10792.2600
5156000	10792.2010
5156500	10792.2159
5157000	10792.0801
5157500	10791.9817
5158000	10791.9963
5158500	10792.0180
5159000	10792.0346
5159500	10791.9132
5160000	10792.0140
5160500	10792.2179
5161000	10792.2015
5161500	10792.1118
5162000	10792.3269
5162500	10792.4461
5163000	10792.4924
5163500	10792.7045
5164000	10792.5683
5164500	10792.4430
5165000	10792.4801
5165500	10792.5447
5166000	10792.5447
5166500	10792.6644
5167000	10792.9949
5167500	10792.8185
5168000	10793.0329
5168500	10793.0923
5169000	10793.2826
5169500	10793.5204
5170000	10793.7657
5170500	10793.7068
5171000	10793.7360
5171500	10793.7343
5172000	10793.7055
5172500	10793.7405
5173000	10793.7015
5173500	10793.5018
5174000	10793.0269
5174500	10793.1638
5175000	10793.3469
5175500	10793.2471
5176000	10793.0556
5176500	10792.9186
5177000	10793.1398
5177500	10793.0029
5178000	10793.0679
5178500	10793.2463
5179000	10793.3686
5179500	10793.3055
5180000	10792.8770
5180500	10792.8187
5181000	10792.7050
5181500	10792.9018
5182000	10793.1404
5182500	10793.3185
5183000	10793.5105
5183500	10793.6514
5184000	10793.5140
5184500	10793.9440
5185000	10794.3363
5185500	10794.2016
5186000	10794.2306
5186500	10794.0499
5187000	10793.8744
5187500	10793.7586
5188000	10794.0595
5188500	10793.8689
5189000	10793.8555
5189500	10793.7783
5190000	10793.5900
5190500	10793.6725
5191000	10793.3459
5191500	10793.1100
5192000	10792.8549
5192500	10793.1367
5193000	10793.1520
5193500	10793.1436
5194000	10793.4190
5194500	10793.4051
5195000	10793.4044
5195500	10793.6329
5196000	10793.6939
5196500	10793.7329
5197000	10793.5930
5197500	10793.5660
5198000	10793.3968
5198500	10793.5184
5199000	10793.6060
5199500	10793.8464
5200000	10793.9138
5200500	10793.9100
5201000	10793.8042
5201500	10794.2653
5202000	10794.4653
5202500	10794.3429
5203000	10794.4235
5203500	10794.2789
5204000	10794.3543
5204500	10794.3261
5205000	10794.1553
5205500	10794.1971
5206000	10794.2188
5206500	10793.8439
5207000	10793.8162
5207500	10793.7944
5208000	10793.8860
5208500	10793.8203
5209000	10793.9580
5209500	10794.0926
5210000	10794.0234
5210500	10794.0399
5211000	10794.0779
5211500	10794.3970
5212000	10794.4056
5212500	10794.5232
5213000	10794.4456
5213500	10794.6605
5214000	10794.6130
5214500	10794.6997
5215000	10794.5914
5215500	10794.5378
5216000	10794.5572
5216500	10794.2220
5217000	10794.3507
5217500	10794.7724
5218000	10794.7674
5218500	10794.8641
5219000	10795.2135
5219500	10794.8397
5220000	10794.9067
5220500	10794.8306
5221000	10795.1222
5221500	10795.1418
5222000	10794.7410
5222500	10794.7390
5223000	10794.7714
5223500	10794.7084
5224000	10794.5596
5224500	10794.0754
5225000	10794.2284
5225500	10794.1440
5226000	10793.8778
5226500	10793.9300
5227000	10793.8520
5227500	10793.9866
5228000	10794.0557
5228500	10793.8503
5229000	10794.0776
5229500	10793.8800
5230000	10793.9900
5230500	10794.2068
5231000	10794.3046
5231500	10794.3270
5232000	10794.2749
5232500	10794.6782
5233000	10794.4336
5233500	10794.2146
5234000	10794.0187
5234500	10794.0207
5235000	10794.1337
5235500	10794.3204
5236000	10794.5006
5236500	10794.5942
5237000	10794.2677
5237500	10794.3808
5238000	10794.3013
5238500	10794.4820
5239000	10794.3888
5239500	10794.3247
5240000	10794.5396
5240500	10794.6296
5241000	10794.4887
5241500	10794.3757
5242000	10794.1718
5242500	10794.2990
5243000	10794.0621
5243500	10794.1620
5244000	10794.1471
5244500	10794.1788
5245000	10793.8496
5245500	10793.8932
5246000	10794.0496
5246500	10794.4426
5247000	10794.6881
5247500	10794.8578
5248000	10794.9097
5248500	10794.5822
5249000	10794.5512
5249500	10794.4311
5250000	10794.2351
5250500	10794.6433
5251000	10795.0162
5251500	10795.3898
5252000	10795.4936
5252500	10795.5986
5253000	10795.5764
5253500	10795.7179
5254000	10795.5659
5254500	10795.6249
5255000	10795.8052
5255500	10796.2850
5256000	10796.1298
5256500	10796.0848
5257000	10795.9507
5257500	10795.8757
5258000	10795.8749
5258500	10796.1287
5259000	10796.0317
5259500	10795.8455
5260000	10795.9304
5260500	10796.0123
5261000	10795.7690
5261500	10795.8246
5262000	10795.8122
5262500	10795.6565
5263000	10795.7784
5263500	10795.7605
5264000	10795.7831
5264500	10795.9753
5265000	10795.8810
5265500	10796.0425
5266000	10795.9505
5266500	10795.9363
5267000	10795.7391
5267500	10795.5326
5268000	10795.6169
5268500	10795.3695
5269000	10795.5069
5269500	10795.5739
5270000	10795.5033
5270500	10795.4805
5271000	10795.4608
5271500	10795.9562
5272000	10795.8925
5272500	10796.1090
5273000	10796.2026
5273500	10795.6811
5274000	10795.5266
5274500	10795.6335
5275000	10795.6727
5275500	10795.5993
5276000	10795.7158
5276500	10795.6238
5277000	10795.7089
5277500	10795.7039
5278000	10795.9542
5278500	10796.0147
5279000	10796.1981
5279500	10795.9685
5280000	10796.1247
5280500	10796.1860
5281000	10796.3984
5281500	10796.5845
5282000	10796.5650
5282500	10796.5079
5283000	10796.2250
5283500	10796.3191
5284000	10796.1985
5284500	10796.1460
5285000	10795.9304
5285500	10795.5973
5286000	10795.6751
5286500	10795.6237
5287000	10795.8205
5287500	10795.9318
5288000	10795.8219
5288500	10796.0799
5289000	10795.8456
5289500	10795.7277
5290000	10795.6130
5290500	10795.6650
5291000	10795.5557
5291500	10795.5087
5292000	10795.7418
5292500	10795.9700
5293000	10795.9096
5293500	10795.8745
5294000	10795.7974
5294500	10795.9458
5295000	10796.1771
5295500	10796.1925
5296000	10796.1086
5296500	10796.3843
5297000	10796.3031
5297500	10796.5093
5298000	10796.5640
5298500	10796.4620
5299000	10796.3471
5299500	10796.5451
5300000	10796.7182
5300500	10796.7299
5301000	10796.8581
5301500	10797.0426
5302000	10796.9843
5302500	10797.0501
5303000	10797.3269
5303500	10797.5983
5304000	10797.5623
5304500	10797.5819
5305000	10797.3928
5305500	10797.3487
5306000	10797.3622
5306500	10797.4313
5307000	10797.6043
5307500	10797.8255
5308000	10797.9443
5308500	10798.1205
5309000	10798.4239
5309500	10798.5437
5310000	10798.5166
5310500	10798.5337
5311000	10798.9194
5311500	10798.5847
5312000	10798.6936
5312500	10798.6899
5313000	10798.8727
5313500	10798.9196
5314000	10798.6708
5314500	10798.8783
5315000	10798.7662
5315500	10798.6356
5316000	10798.8008
5316500	10798.7066
5317000	10798.5584
5317500	10798.6365
5318000	10798.9971
5318500	10798.8483
5319000	10799.1561
5319500	10798.7625
5320000	10799.1271
5320500	10799.0844
5321000	10799.0458
5321500	10799.0356
5322000	10798.8269
5322500	10798.9894
5323000	10799.0279
5323500	10799.3805
5324000	10799.3614
5324500	10799.4932
5325000	10799.1548
5325500	10799.1246
5326000	10798.9826
5326500	10799.1690
5327000	10798.9844
5327500	10798.9511
5328000	10798.9493
5328500	10799.0983
5329000	10799.2237
5329500	10799.1917
5330000	10799.3018
5330500	10799.2880
5331000	10799.2295
5331500	10799.3115
5332000	10799.1506
5332500	10799.2308
5333000	10799.2231
5333500	10798.9992
5334000	10798.7545
5334500	10798.9101
5335000	10799.0010
5335500	10799.2537
5336000	10799.4301
5336500	10799.6056
5337000	10799.8073
5337500	10799.8935
5338000	10799.9344
5338500	10799.7076
5339000	10799.8588
5339500	10799.8615
5340000	10799.5168
5340500	10799.7276
5341000	10799.5089
5341500	10799.1482
5342000	10798.9980
5342500	10798.4607
5343000	10798.3284
5343500	10798.3484
5344000	10798.4065
5344500	10798.3205
5345000	10797.9973
5345500	10797.9046
5346000	10797.9070
5346500	10797.9151
5347000	10798.0523
5347500	10798.1735
5348000	10798.3853
5348500	10798.1106
5349000	10798.1513
5349500	10798.5056
5350000	10798.6425
5350500	10798.4850
5351000	10798.5203
5351500	10798.3122
5352000	10798.0558
5352500	10797.8905
5353000	10797.9012
5353500	10797.9878
5354000	10797.6677
5354500	10798.0907
5355000	10798.4350
5355500	10798.1389
5356000	10798.1078
5356500	10798.0687
5357000	10798.1111
5357500	10797.9683
5358000	10798.1168
5358500	10798.0476
5359000	10798.1896
5359500	10798.2839
5360000	10798.4684
5360500	10798.5214
5361000	10798.5510
5361500	10798.6476
5362000	10798.5460
5362500	10798.7578
5363000	10798.8396
5363500	10798.7486
5364000	10799.0055
5364500	10798.7626
5365000	10798.7814
5365500	10798.7664
5366000	10798.8706
5366500	10798.6059
5367000	10798.4256
5367500	10798.5512
5368000	10798.3700
5368500	10798.6442
5369000	10798.4289
5369500	10798.4437
5370000	10798.3893
5370500	10798.5022
5371000	10798.5127
5371500	10798.2920
5372000	10798.4283
5372500	10798.4788
5373000	10798.1703
5373500	10798.1129
5374000	10798.0636
5374500	10797.6275
5375000	10797.6130
5375500	10797.8833
5376000	10797.7289
5376500	10797.5365
5377000	10797.3258
5377500	10797.4669
5378000	10797.4290
5378500	10797.4159
5379000	10797.5483
5379500	10797.1214
5380000	10797.2403
5380500	10797.3693
5381000	10797.4229
5381500	10797.5278
5382000	10797.2461
5382500	10797.2606
5383000	10797.2216
5383500	10797.4289
5384000	10797.0636
5384500	10796.9170
5385000	10797.0151
5385500	10796.9329
5386000	10796.9454
5386500	10797.2654
5387000	10797.3953
5387500	10797.3120
5388000	10797.2505
5388500	10797.0538
5389000	10796.8047
5389500	10796.8047
5390000	10797.0857
5390500	10797.1879
5391000	10797.3307
5391500	10797.3313
5392000	10797.7713
5392500	10797.8119
5393000	10797.7782
5393500	10797.3343
5394000	10797.3038
5394500	10797.1257
5395000	10796.9523
5395500	10796.8233
5396000	10796.8677
5396500	10797.2926
5397000	10797.3841
5397500	10797.3757
5398000	10797.3922
5398500	10797.1405
5399000	10797.0084
5399500	10797.0452
5400000	10796.8579
5400500	10796.9616
5401000	10796.6919
5401500	10796.5715
5402000	10796.9118
5402500	10796.6451
5403000	10796.7887
5403500	10796.3264
5404000	10796.5563
5404500	10796.4511
5405000	10796.6139
5405500	10796.8630
5406000	10796.5775
5406500	10796.6589
5407000	10796.5118
5407500	10796.3270
5408000	10796.3837
5408500	10796.6775
5409000	10796.8631
5409500	10796.7983
5410000	10796.9165
5410500	10797.1602
5411000	10796.7794
5411500	10797.0620
5412000	10797.0522
5412500	10796.9102
5413000	10796.7704
5413500	10797.1185
5414000	10797.2662
5414500	10797.5232
5415000	10797.3546
5415500	10797.2757
5416000	10797.1181
5416500	10796.8972
5417000	10796.8865
5417500	10796.7483
5418000	10796.9732
5418500	10796.9171
5419000	10797.0485
5419500	10797.1751
5420000	10797.2714
5420500	10797.5398
5421000	10797.7997
5421500	10797.9110
5422000	10797.9513
5422500	10797.8614
5423000	10797.9027
5423500	10797.8358
5424000	10797.7838
5424500	10797.9611
5425000	10797.8175
5425500	10797.7993
5426000	10797.6695
5426500	10797.8325
5427000	10797.8661
5427500	10797.8587
5428000	10797.6439
5428500	10797.7007
5429000	10797.6514
5429500	10797.3326
5430000	10797.7245
5430500	10797.6902
5431000	10797.6226
5431500	10797.5889
5432000	10798.0555
5432500	10797.9364
5433000	10797.6051
5433500	10797.6815
5434000	10797.8244
5434500	10798.0230
5435000	10797.7045
5435500	10797.8945
5436000	10797.8945
5436500	10797.7423
5437000	10797.7085
5437500	10798.0356
5438000	10798.1468
5438500	10797.8962
5439000	10797.9785
5439500	10797.9452
5440000	10797.9587
5440500	10797.9522
5441000	10798.0925
5441500	10798.1206
5442000	10798.1931
5442500	10798.1672
5443000	10798.0512
5443500	10798.1372
5444000	10797.8339
5444500	10797.7143
5445000	10797.7307
5445500	10797.9292
5446000	10797.9061
5446500	10797.8906
5447000	10797.8901
5447500	10797.2792
5448000	10797.4271
5448500	10797.3225
5449000	10797.5407
5449500	10797.4054
5450000	10797.3612
5450500	10797.6313
5451000	10797.5151
5451500	10797.3374
5452000	10797.4613
5452500	10797.6300
5453000	10797.8168
5453500	10797.7715
5454000	10797.7614
5454500	10797.7650
5455000	10797.9696
5455500	10797.9041
5456000	10797.9849
5456500	10798.1902
5457000	10798.3688
5457500	10798.3869
5458000	10798.2753
5458500	10798.4380
5459000	10798.2887
5459500	10798.2996
5460000	10798.4169
5460500	10798.2806
5461000	10798.5226
5461500	10798.2496
5462000	10798.1662
5462500	10797.9862
5463000	10798.0341
5463500	10797.9262
5464000	10797.7854
5464500	10797.8313
5465000	10797.7188
5465500	10797.8407
5466000	10797.5080
5466500	10797.5687
5467000	10797.7562
5467500	10797.8179
5468000	10797.7979
5468500	10797.8549
5469000	10798.0801
5469500	10798.0905
5470000	10798.1366
5470500	10798.0988
5471000	10797.7857
5471500	10798.0082
5472000	10798.5494
5472500	10798.5529
5473000	10798.4107
5473500	10798.5100
5474000	10798.4708
5474500	10798.3928
5475000	10798.0318
5475500	10797.8750
5476000	10798.1505
5476500	10798.2976
5477000	10798.3867
5477500	10798.6685
5478000	10798.8686
5478500	10798.6999
5479000	10798.7191
5479500	10798.8502
5480000	10798.7835
5480500	10798.5346
5481000	10798.4394
5481500	10798.2189
5482000	10798.5317
5482500	10798.6576
5483000	10798.6873
5483500	10798.3498
5484000	10798.5163
5484500	10798.7169
5485000	10798.6860
5485500	10798.5580
5486000	10798.6531
5486500	10798.4154
5487000	10798.2015
5487500	10797.9315
5488000	10797.9911
5488500	10797.8898
5489000	10797.6434
5489500	10797.4812
5490000	10797.4334
5490500	10797.1688
5491000	10797.0167
5491500	10797.0273
5492000	10797.1670
5492500	10797.0809
5493000	10797.0466
5493500	10796.9793
5494000	10796.8640
5494500	10796.8177
5495000	10796.9586
5495500	10796.9222
5496000	10796.6954
5496500	10796.8810
5497000	10796.8810
5497500	10797.0879
5498000	10797.2362
5498500	10797.0933
5499000	10797.2757
5499500	10797.4250
5500000	10797.4263
5500500	10797.4580
5501000	10797.3957
5501500	10797.5337
5502000	10797.4302
5502500	10797.2969
5503000	10797.2553
5503500	10797.4855
5504000	10797.4921
5504500	10797.3517
5505000	10797.5254
5505500	10797.7896
5506000	10797.7891
5506500	10797.5781
5507000	10797.6753
5507500	10797.6795
5508000	10797.5027
5508500	10797.4541
5509000	10797.2736
5509500	10797.1462
5510000	10797.1457
5510500	10797.2290
5511000	10797.4528
5511500	10797.4815
5512000	10797.4977
5512500	10797.7453
5513000	10797.7735
5513500	10797.5410
5514000	10797.6000
5514500	10797.3502
5515000	10797.4491
5515500	10797.4533
5516000	10797.5514
5516500	10797.5943
5517000	10797.3399
5517500	10797.0469
5518000	10797.1542
5518500	10797.2983
5519000	10797.1257
5519500	10797.3862
5520000	10797.3152
5520500	10797.3791
5521000	10797.0890
5521500	10796.9062
5522000	10796.9743
5522500	10797.2524
5523000	10797.3426
5523500	10797.3393
5524000	10797.2514
5524500	10797.2300
5525000	10797.6376
5525500	10797.7496
5526000	10797.5042
5526500	10797.7181
5527000	10797.6901
5527500	10797.7582
5528000	10797.5083
5528500	10797.7496
5529000	10798.0275
5529500	10798.0544
5530000	10798.0157
5530500	10798.0182
5531000	10798.1307
5531500	10797.9738
5532000	10797.8424
5532500	10798.1400
5533000	10798.3143
5533500	10798.4663
5534000	10798.6216
5534500	10798.4980
5535000	10798.4363
5535500	10798.2373
5536000	10798.2389
5536500	10797.9984
5537000	10798.0764
5537500	10798.1151
5538000	10798.3130
5538500	10798.4176
5539000	10798.4042
5539500	10798.7808
5540000	10798.8315
5540500	10798.7905
5541000	10798.8860
5541500	10798.6321
5542000	10798.5454
5542500	10798.9740
5543000	10799.2352
5543500	10798.5901
5544000	10798.6060
5544500	10798.5901
5545000	10798.4777
5545500	10798.5202
5546000	10797.9574
5546500	10798.2080
5547000	10798.3655
5547500	10798.1933
5548000	10798.2076
5548500	10798.4852
5549000	10798.2940
5549500	10798.4884
5550000	10798.5534
5550500	10798.5136
5551000	10798.1885
5551500	10798.3063
5552000	10798.2073
5552500	10798.4232
5553000	10798.4702
5553500	10798.6028
5554000	10798.6388
5554500	10798.7469
5555000	10798.6170
5555500	10798.6017
5556000	10798.6541
5556500	10798.6261
5557000	10798.6130
5557500	10798.3581
5558000	10798.2313
5558500	10798.1410
5559000	10798.1616
5559500	10798.2661
5560000	10798.2870
5560500	10798.3791
5561000	10798.1566
5561500	10798.0743
5562000	10798.1940
5562500	10798.2160
5563000	10798.3973
5563500	10798.2641
5564000	10798.6374
5564500	10798.6861
5565000	10798.9347
5565500	10798.8896
5566000	10798.7865
5566500	10799.0272
5567000	10798.9486
5567500	10798.8200
5568000	10799.0672
5568500	10798.9397
5569000	10798.9983
5569500	10799.2943
5570000	10798.9739
5570500	10798.8980
5571000	10798.8336
5571500	10798.9053
5572000	10799.0718
5572500	10798.9066
5573000	10798.9184
5573500	10799.0393
5574000	10799.0659
5574500	10799.2558
5575000	10799.3855
5575500	10799.1290
5576000	10799.5541
5576500	10799.4350
5577000	10799.3697
5577500	10799.5635
5578000	10799.6443
5578500	10799.8760
5579000	10799.6513
5579500	10799.6409
5580000	10799.8474
5580500	10800.0134
5581000	10800.3082
5581500	10800.4973
5582000	10800.4739
5582500	10800.3121
5583000	10800.0070
5583500	10799.9159
5584000	10800.0623
5584500	10800.1358
5585000	10800.3960
5585500	10800.6588
5586000	10800.8010
5586500	10800.6473
5587000	10800.1006
5587500	10799.8209
5588000	10799.8159
5588500	10799.7870
5589000	10799.7470
5589500	10799.5598
5590000	10799.7866
5590500	10799.9119
5591000	10799.9590
5591500	10800.1468
5592000	10800.1428
5592500	10800.5628
5593000	10800.8530
5593500	10800.8731
5594000	10801.0266
5594500	10801.1814
5595000	10801.4660
5595500	10801.7457
5596000	10801.4532
5596500	10801.8395
5597000	10802.0236
5597500	10801.7559
5598000	10801.4483
5598500	10801.2273
5599000	10801.1082
5599500	10801.2242
5600000	10801.2477
5600500	10801.5100
5601000	10801.8233
5601500	10801.9485
5602000	10801.7601
5602500	10801.7524
5603000	10801.7949
5603500	10801.9405
5604000	10801.8949
5604500	10802.1954
5605000	10802.4467
5605500	10802.4943
5606000	10802.3852
5606500	10802.6172
5607000	10802.7530
5607500	10802.7452
5608000	10802.5034
5608500	10802.6725
5609000	10802.9318
5609500	10803.0255
5610000	10802.7360
5610500	10802.6391
5611000	10802.4148
5611500	10802.3289
5612000	10802.5509
5612500	10802.4831
5613000	10802.8253
5613500	10803.0101
5614000	10802.9884
5614500	10802.7890
5615000	10802.8436
5615500	10802.6720
5616000	10802.8068
5616500	10803.0239
5617000	10803.1419
5617500	10803.3334
5618000	10803.3640
5618500	10803.4225
5619000	10803.5173
5619500	10803.3442
5620000	10803.2803
5620500	10803.9143
5621000	10803.6779
5621500	10803.5459
5622000	10803.8805
5622500	10804.0387
5623000	10804.1383
5623500	10804.2399
5624000	10804.3987
5624500	10804.1262
5625000	10804.0127
5625500	10804.0605
5626000	10804.0437
5626500	10804.0257
5627000	10803.9644
5627500	10804.0088
5628000	10803.9244
5628500	10803.8725
5629000	10804.0264
5629500	10804.4018
5630000	10804.6110
5630500	10804.5926
5631000	10804.2517
5631500	10804.3849
5632000	10804.5637
5632500	10804.5922
5633000	10804.5511
5633500	10804.6147
5634000	10804.6979
5634500	10804.7184
5635000	10804.6212
5635500	10804.6241
5636000	10804.5736
5636500	10804.5813
5637000	10804.2868
5637500	10804.3827
5638000	10804.4923
5638500	10804.7094
5639000	10804.6552
5639500	10804.8786
5640000	10804.9087
5640500	10804.8727
5641000	10805.1019
5641500	10805.2028
5642000	10805.2145
5642500	10805.4033
5643000	10805.3786
5643500	10805.5781
5644000	10805.3635
5644500	10805.3083
5645000	10805.1682
5645500	10805.1122
5646000	10805.1376
5646500	10805.2165
5647000	10805.3536
5647500	10805.0187
5648000	10804.7209
5648500	10804.5257
5649000	10804.4828
5649500	10804.6230
5650000	10804.5269
5650500	10804.3878
5651000	10804.2992
5651500	10804.3722
5652000	10804.4335
5652500	10804.5053
5653000	10804.6296
5653500	10804.5218
5654000	10804.3755
5654500	10804.4478
5655000	10804.5253
5655500	10804.8276
5656000	10804.8361
5656500	10804.8123
5657000	10804.7049
5657500	10804.7190
5658000	10804.8813
5658500	10804.8035
5659000	10804.6836
5659500	10804.7690
5660000	10804.9465
5660500	10804.9212
5661000	10805.3156
5661500	10805.4113
5662000	10805.4113
5662500	10805.4057
5663000	10805.3742
5663500	10805.6044
5664000	10805.4583
5664500	10805.4330
5665000	10805.2759
5665500	10805.2990
5666000	10805.0068
5666500	10804.8635
5667000	10805.1802
5667500	10804.8690
5668000	10804.6714
5668500	10805.0826
5669000	10805.2097
5669500	10805.3482
5670000	10805.2612
5670500	10804.9219
5671000	10804.9000
5671500	10805.0321
5672000	10805.0508
5672500	10805.0508
5673000	10805.1419
5673500	10805.0699
5674000	10805.0530
5674500	10805.1154
5675000	10805.3523
5675500	10805.5323
5676000	10805.4540
5676500	10805.5206
5677000	10805.5813
5677500	10805.5868
5678000	10805.3558
5678500	10805.4318
5679000	10805.1373
5679500	10805.1467
5680000	10805.0258
5680500	10804.8217
5681000	10804.7576
5681500	10804.7955
5682000	10804.4812
5682500	10804.5369
5683000	10804.5326
5683500	10804.4855
5684000	10804.4415
5684500	10804.3727
5685000	10804.6344
5685500	10804.4690
5686000	10804.2637
5686500	10804.2633
5687000	10804.2844
5687500	10804.5171
5688000	10804.5249
5688500	10804.4075
5689000	10804.3135
5689500	10804.4361
5690000	10804.6493
5690500	10804.6401
5691000	10804.7069
5691500	10804.9708
5692000	10804.9421
5692500	10805.0181
5693000	10805.1155
5693500	10804.8275
5694000	10804.6848
5694500	10804.7915
5695000	10804.8675
5695500	10804.6420
5696000	10804.4374
5696500	10804.3945
5697000	10804.6248
5697500	10804.3496
5698000	10804.3207
5698500	10804.4236
5699000	10804.5650
5699500	10804.6754
5700000	10804.8268
5700500	10804.7968
5701000	10804.7923
5701500	10804.6602
5702000	10804.7303
5702500	10805.0083
5703000	10805.2089
5703500	10805.3405
5704000	10805.4726
5704500	10805.6540
5705000	10805.5798
5705500	10805.6062
5706000	10805.2930
5706500	10805.2453
5707000	10805.2010
5707500	10804.9472
5708000	10805.0238
5708500	10805.1127
5709000	10804.8728
5709500	10804.8994
5710000	10804.8239
5710500	10804.6877
5711000	10805.1087
5711500	10805.1873
5712000	10805.2431
5712500	10805.0467
5713000	10804.9698
5713500	10804.8887
5714000	10804.7849
5714500	10804.8299
5715000	10804.7469
5715500	10804.9825
5716000	10805.2692
5716500	10805.0398
5717000	10805.0532
5717500	10805.1962
5718000	10805.4235
5718500	10805.3279
5719000	10805.4552
5719500	10805.4243
5720000	10805.3066
5720500	10805.5213
5721000	10805.4716
5721500	10805.4771
5722000	10805.3908
5722500	10805.3717
5723000	10805.5324
5723500	10805.7008
5724000	10805.7961
5724500	10805.9776
5725000	10806.1054
5725500	10806.1220
5726000	10805.8744
5726500	10805.8606
5727000	10805.7651
5727500	10806.1459
5728000	10806.1824
5728500	10806.1261
5729000	10805.9802
5729500	10805.7945
5730000	10805.7496
5730500	10805.5231
5731000	10805.6007
5731500	10805.6296
5732000	10805.4338
5732500	10805.2729
5733000	10805.5212
5733500	10805.6146
5734000	10805.7812
5734500	10805.9570
5735000	10806.0649
5735500	10806.1166
5736000	10806.0331
5736500	10805.9173
5737000	10806.1790
5737500	10806.1366
5738000	10806.2414
5738500	10806.3781
5739000	10806.3188
5739500	10806.6311
5740000	10806.7462
5740500	10806.5530
5741000	10806.5406
5741500	10806.5107
5742000	10806.7036
5742500	10806.9058
5743000	10806.8742
5743500	10806.8361
5744000	10806.9555
5744500	10807.1518
5745000	10807.2867
5745500	10807.5954
5746000	10807.3554
5746500	10807.3409
5747000	10807.4885
5747500	10807.5832
5748000	10807.2049
5748500	10807.2085
5749000	10806.9257
5749500	10806.9913
5750000	10807.0609
5750500	10807.1775
5751000	10807.1359
5751500	10807.0666
5752000	10807.1338
5752500	10807.2404
5753000	10807.1150
5753500	10807.0610
5754000	10806.9692
5754500	10807.0123
5755000	10807.2071
5755500	10807.2861
5756000	10807.6536
5756500	10807.3361
5757000	10807.6319
5757500	10807.5336
5758000	10807.8607
5758500	10807.9852
5759000	10807.9634
5759500	10807.8251
5760000	10807.8078
5760500	10807.8568
5761000	10807.4288
5761500	10807.2980
5762000	10807.4465
5762500	10807.2270
5763000	10807.1988
5763500	10807.2935
5764000	10807.2327
5764500	10807.1734
5765000	10806.8868
5765500	10806.8618
5766000	10807.0846
5766500	10806.9648
5767000	10807.4386
5767500	10807.4319
5768000	10807.4396
5768500	10807.5907
5769000	10807.7905
5769500	10807.6030
5770000	10807.7047
5770500	10807.8311
5771000	10807.9571
5771500	10807.9571
5772000	10808.0346
5772500	10808.1363
5773000	10808.1276
5773500	10808.0666
5774000	10808.0858
5774500	10808.2678
5775000	10808.5319
5775500	10808.3270
5776000	10808.3327
5776500	10808.1992
5777000	10808.2786
5777500	10808.6122
5778000	10808.5822
5778500	10808.3734
5779000	10808.4627
5779500	10808.6264
5780000	10808.4913
5780500	10808.6500
5781000	10808.8843
5781500	10808.9692
5782000	10809.3004
5782500	10809.5479
5783000	10809.5417
5783500	10809.4333
5784000	10809.6238
5784500	10809.7114
5785000	10809.5371
5785500	10809.6588
5786000	10809.7033
5786500	10809.8222
5787000	10809.8217
5787500	10809.8196
5788000	10809.7971
5788500	10809.9408
5789000	10809.7586
5789500	10809.7941
5790000	10809.8555
5790500	10810.0501
5791000	10809.9811
5791500	10810.0048
5792000	10810.0608
5792500	10809.9702
5793000	10809.8723
5793500	10809.9268
5794000	10810.0305
5794500	10810.1544
5795000	10809.9637
5795500	10809.6316
5796000	10809.3595
5796500	10809.1434
5797000	10809.1260
5797500	10808.7815
5798000	10808.5687
5798500	10808.3188
5799000	10808.0340
5799500	10808.0565
5800000	10808.3869
5800500	10808.3280
5801000	10808.2777
5801500	10808.3075
5802000	10808.2874
5802500	10808.3054
5803000	10807.9197
5803500	10807.8910
5804000	10807.8927
5804500	10807.8897
5805000	10807.9411
5805500	10807.9992
5806000	10807.9098
5806500	10807.8705
5807000	10807.7799
5807500	10808.0129
5808000	10807.9234
5808500	10807.6720
5809000	10807.8888
5809500	10808.0097
5810000	10808.0306
5810500	10808.0502
5811000	10807.9873
5811500	10808.1338
5812000	10807.6819
5812500	10807.9778
5813000	10807.9254
5813500	10807.9558
5814000	10807.7961
5814500	10808.1227
5815000	10808.0537
5815500	10807.8693
5816000	10807.7109
5816500	10807.8259
5817000	10807.9276
5817500	10807.9391
5818000	10807.8935
5818500	10807.9861
5819000	10807.9794
5819500	10808.0944
5820000	10807.9309
5820500	10807.8719
5821000	10807.8304
5821500	10807.6769
5822000	10807.7872
5822500	10807.7546
5823000	10807.9294
5823500	10807.7880
5824000	10807.5469
5824500	10807.3683
5825000	10807.6216
5825500	10807.7087
5826000	10807.7202
5826500	10807.7198
5827000	10807.5833
5827500	10807.8408
5828000	10807.8723
5828500	10807.6759
5829000	10808.0294
5829500	10807.9656
5830000	10807.6388
5830500	10807.7743
5831000	10807.8879
5831500	10807.9209
5832000	10808.1405
5832500	10808.1103
5833000	10808.0843
5833500	10808.1248
5834000	10808.2432
5834500	10808.2356
5835000	10808.2856
5835500	10808.3796
5836000	10808.3984
5836500	10808.4375
5837000	10808.5741
5837500	10808.7682
5838000	10808.8214
5838500	10808.3807
5839000	10808.3789
5839500	10808.4931
5840000	10808.5697
5840500	10808.4056
5841000	10808.3629
5841500	10808.4993
5842000	10808.0896
5842500	10808.3213
5843000	10808.3281
5843500	10808.3078
5844000	10808.7032
5844500	10808.3659
5845000	10808.2578
5845500	10807.8063
5846000	10807.9176
5846500	10807.9619
5847000	10807.9118
5847500	10808.1243
5848000	10808.2926
5848500	10808.2292
5849000	10808.2129
5849500	10808.5474
5850000	10808.6973
5850500	10808.5094
5851000	10808.6294
5851500	10808.6367
5852000	10808.6740
5852500	10808.5372
5853000	10808.7040
5853500	10808.7560
5854000	10809.1324
5854500	10809.4594
5855000	10809.6271
5855500	10809.5670
5856000	10809.4132
5856500	10809.2822
5857000	10809.3252
5857500	10809.5012
5858000	10809.4830
5858500	10809.4948
5859000	10809.5764
5859500	10809.8816
5860000	10810.0884
5860500	10810.2032
5861000	10809.9866
5861500	10810.3213
5862000	10810.4491
5862500	10810.5162
5863000	10810.6241
5863500	10810.5630
5864000	10810.6275
5864500	10810.9137
5865000	10810.9691
5865500	10810.9700
5866000	10811.0279
5866500	10810.3976
5867000	10810.3980
5867500	10810.6415
5868000	10810.7733
5868500	10810.6180
5869000	10810.7152
5869500	10810.6748
5870000	10810.8326
5870500	10810.9713
5871000	10810.9217

